solid OpenSCAD_Model
  facet normal -0 0 -1
    outer loop
      vertex 46.0668 52 0
      vertex 15.7301 51.545 0
      vertex 26.1 62.9 0
    endloop
  endfacet
  facet normal -0 0 -1
    outer loop
      vertex 26.1 62.9 0
      vertex 15.7301 51.545 0
      vertex 17.9 62.9 0
    endloop
  endfacet
  facet normal 0 0 -1
    outer loop
      vertex 15.0083 52 0
      vertex 17.9 62.9 0
      vertex 15.7301 51.545 0
    endloop
  endfacet
  facet normal 0 0 -1
    outer loop
      vertex 15.0083 52 0
      vertex 15.7301 51.545 0
      vertex 15.0611 51.9549 0
    endloop
  endfacet
  facet normal 0 0 -1
    outer loop
      vertex 6 52 0
      vertex 17.9 62.9 0
      vertex 15.0083 52 0
    endloop
  endfacet
  facet normal -0 0 -1
    outer loop
      vertex 17.9 62.9 0
      vertex 6 52 0
      vertex 6 67 0
    endloop
  endfacet
  facet normal 0 0 -1
    outer loop
      vertex 17.9 62.9 0
      vertex 6 67 0
      vertex 17.9 67 0
    endloop
  endfacet
  facet normal 0 0 -1
    outer loop
      vertex 46.0668 52 0
      vertex 56.1 62.9 0
      vertex 79.8226 52 0
    endloop
  endfacet
  facet normal -0 0 -1
    outer loop
      vertex 56.1 62.9 0
      vertex 46.0668 52 0
      vertex 47.9 62.9 0
    endloop
  endfacet
  facet normal 0 0 -1
    outer loop
      vertex 26.1 62.9 0
      vertex 47.9 62.9 0
      vertex 46.0668 52 0
    endloop
  endfacet
  facet normal 0 0 -1
    outer loop
      vertex 15.7301 51.545 0
      vertex 46.0668 52 0
      vertex 46.0179 37.594 0
    endloop
  endfacet
  facet normal 0 0 -1
    outer loop
      vertex 47.9 62.9 0
      vertex 26.1 62.9 0
      vertex 47.9 67 0
    endloop
  endfacet
  facet normal -0 0 -1
    outer loop
      vertex 47.9 67 0
      vertex 26.1 62.9 0
      vertex 26.1 67 0
    endloop
  endfacet
  facet normal 0 0 -1
    outer loop
      vertex 75.5549 23.9888 0
      vertex 58.9138 32.905 0
      vertex 59 34 0
    endloop
  endfacet
  facet normal 0 0 -1
    outer loop
      vertex 75.5549 23.9888 0
      vertex 58.6574 31.8369 0
      vertex 58.9138 32.905 0
    endloop
  endfacet
  facet normal 0 -0 -1
    outer loop
      vertex 58.6574 31.8369 0
      vertex 75.5549 23.9888 0
      vertex 58.6349 31.7824 0
    endloop
  endfacet
  facet normal -0 0 -1
    outer loop
      vertex 77.8052 7.58289 0
      vertex 73.4303 6.16141 0
      vertex 77.7722 7.72021 0
    endloop
  endfacet
  facet normal 0 0 -1
    outer loop
      vertex 73.2288 7.00063 0
      vertex 77.7722 7.72021 0
      vertex 73.4303 6.16141 0
    endloop
  endfacet
  facet normal -0 0 -1
    outer loop
      vertex 77.7722 7.72021 0
      vertex 73.2288 7.00063 0
      vertex 77.7611 7.86101 0
    endloop
  endfacet
  facet normal 0 0 -1
    outer loop
      vertex 73.1611 7.86101 0
      vertex 77.7611 7.86101 0
      vertex 73.2288 7.00063 0
    endloop
  endfacet
  facet normal 0 0 -1
    outer loop
      vertex 77.7611 7.86101 0
      vertex 73.1611 7.86101 0
      vertex 77.7722 8.0018 0
    endloop
  endfacet
  facet normal 0 -0 -1
    outer loop
      vertex 73.2288 8.72139 0
      vertex 77.7722 8.0018 0
      vertex 73.1611 7.86101 0
    endloop
  endfacet
  facet normal 0 0 -1
    outer loop
      vertex 77.8052 8.13913 0
      vertex 73.2288 8.72139 0
      vertex 75.5549 23.9888 0
    endloop
  endfacet
  facet normal 0 0 -1
    outer loop
      vertex 77.7722 8.0018 0
      vertex 73.2288 8.72139 0
      vertex 77.8052 8.13913 0
    endloop
  endfacet
  facet normal 0 0 -1
    outer loop
      vertex 75.5549 23.9888 0
      vertex 88.7629 27.572 0
      vertex 79.0697 8.66292 0
    endloop
  endfacet
  facet normal 0 0 -1
    outer loop
      vertex 81.1581 2.96046 0
      vertex 79.55 7.72021 0
      vertex 79.5611 7.86101 0
    endloop
  endfacet
  facet normal 0 0 -1
    outer loop
      vertex 78.9392 7.00505 0
      vertex 80.3607 2.6302 0
      vertex 79.5215 2.42873 0
    endloop
  endfacet
  facet normal 0 0 -1
    outer loop
      vertex 81.1581 2.96046 0
      vertex 79.5171 7.58289 0
      vertex 79.55 7.72021 0
    endloop
  endfacet
  facet normal 0 0 -1
    outer loop
      vertex 81.1581 2.96046 0
      vertex 79.463 7.45242 0
      vertex 79.5171 7.58289 0
    endloop
  endfacet
  facet normal 0 0 -1
    outer loop
      vertex 81.1581 2.96046 0
      vertex 79.3892 7.332 0
      vertex 79.463 7.45242 0
    endloop
  endfacet
  facet normal 0 0 -1
    outer loop
      vertex 81.1581 2.96046 0
      vertex 79.2975 7.22461 0
      vertex 79.3892 7.332 0
    endloop
  endfacet
  facet normal 0 0 -1
    outer loop
      vertex 81.1581 2.96046 0
      vertex 79.1901 7.13289 0
      vertex 79.2975 7.22461 0
    endloop
  endfacet
  facet normal 0 0 -1
    outer loop
      vertex 81.1581 2.96046 0
      vertex 79.0697 7.0591 0
      vertex 79.1901 7.13289 0
    endloop
  endfacet
  facet normal 0 0 -1
    outer loop
      vertex 80.3607 2.6302 0
      vertex 78.9392 7.00505 0
      vertex 79.0697 7.0591 0
    endloop
  endfacet
  facet normal 0 0 -1
    outer loop
      vertex 79.5215 2.42873 0
      vertex 78.8019 6.97209 0
      vertex 78.9392 7.00505 0
    endloop
  endfacet
  facet normal 0 0 -1
    outer loop
      vertex 78.6611 2.36101 0
      vertex 78.8019 6.97209 0
      vertex 79.5215 2.42873 0
    endloop
  endfacet
  facet normal 0 0 -1
    outer loop
      vertex 78.6611 2.36101 0
      vertex 78.6611 6.96101 0
      vertex 78.8019 6.97209 0
    endloop
  endfacet
  facet normal 0 0 -1
    outer loop
      vertex 78.6611 2.36101 0
      vertex 78.5203 6.97209 0
      vertex 78.6611 6.96101 0
    endloop
  endfacet
  facet normal 0 0 -1
    outer loop
      vertex 77.8007 2.42873 0
      vertex 78.5203 6.97209 0
      vertex 78.6611 2.36101 0
    endloop
  endfacet
  facet normal -0 0 -1
    outer loop
      vertex 78.5203 6.97209 0
      vertex 77.8007 2.42873 0
      vertex 78.383 7.00505 0
    endloop
  endfacet
  facet normal 0 0 -1
    outer loop
      vertex 76.9615 2.6302 0
      vertex 78.383 7.00505 0
      vertex 77.8007 2.42873 0
    endloop
  endfacet
  facet normal -0 0 -1
    outer loop
      vertex 78.383 7.00505 0
      vertex 76.9615 2.6302 0
      vertex 78.2525 7.0591 0
    endloop
  endfacet
  facet normal 0 0 -1
    outer loop
      vertex 76.1642 2.96046 0
      vertex 78.2525 7.0591 0
      vertex 76.9615 2.6302 0
    endloop
  endfacet
  facet normal -0 0 -1
    outer loop
      vertex 78.2525 7.0591 0
      vertex 76.1642 2.96046 0
      vertex 78.1321 7.13289 0
    endloop
  endfacet
  facet normal 0 0 -1
    outer loop
      vertex 75.4283 3.41141 0
      vertex 78.1321 7.13289 0
      vertex 76.1642 2.96046 0
    endloop
  endfacet
  facet normal -0 0 -1
    outer loop
      vertex 78.1321 7.13289 0
      vertex 75.4283 3.41141 0
      vertex 78.0247 7.22461 0
    endloop
  endfacet
  facet normal 0 0 -1
    outer loop
      vertex 74.772 3.97192 0
      vertex 78.0247 7.22461 0
      vertex 75.4283 3.41141 0
    endloop
  endfacet
  facet normal -0 0 -1
    outer loop
      vertex 78.0247 7.22461 0
      vertex 74.772 3.97192 0
      vertex 77.933 7.332 0
    endloop
  endfacet
  facet normal 0 0 -1
    outer loop
      vertex 74.2115 4.62819 0
      vertex 77.933 7.332 0
      vertex 74.772 3.97192 0
    endloop
  endfacet
  facet normal -0 0 -1
    outer loop
      vertex 88.7629 27.572 0
      vertex 75.5549 23.9888 0
      vertex 88.3983 27.7954 0
    endloop
  endfacet
  facet normal -0 0 -1
    outer loop
      vertex 88.3983 27.7954 0
      vertex 75.5549 23.9888 0
      vertex 88.0731 28.0731 0
    endloop
  endfacet
  facet normal -0 0 -1
    outer loop
      vertex 87.7954 28.3983 0
      vertex 75.5549 23.9888 0
      vertex 87.572 28.7629 0
    endloop
  endfacet
  facet normal -0 0 -1
    outer loop
      vertex 87.572 28.7629 0
      vertex 75.5549 23.9888 0
      vertex 87.4084 29.1579 0
    endloop
  endfacet
  facet normal -0 0 -1
    outer loop
      vertex 87.4084 29.1579 0
      vertex 75.5549 23.9888 0
      vertex 87.3086 29.5737 0
    endloop
  endfacet
  facet normal -0 0 -1
    outer loop
      vertex 87.3086 29.5737 0
      vertex 75.5549 23.9888 0
      vertex 87.275 30 0
    endloop
  endfacet
  facet normal -0 0 -1
    outer loop
      vertex 88.0731 28.0731 0
      vertex 75.5549 23.9888 0
      vertex 87.7954 28.3983 0
    endloop
  endfacet
  facet normal 0 0 -1
    outer loop
      vertex 75.5549 23.9888 0
      vertex 79.0697 8.66292 0
      vertex 78.9392 8.71696 0
    endloop
  endfacet
  facet normal 0 0 -1
    outer loop
      vertex 75.5549 23.9888 0
      vertex 78.9392 8.71696 0
      vertex 78.8019 8.74992 0
    endloop
  endfacet
  facet normal 0 0 -1
    outer loop
      vertex 75.5549 23.9888 0
      vertex 78.8019 8.74992 0
      vertex 78.6611 8.761 0
    endloop
  endfacet
  facet normal 0 0 -1
    outer loop
      vertex 75.5549 23.9888 0
      vertex 78.6611 8.761 0
      vertex 78.5203 8.74992 0
    endloop
  endfacet
  facet normal 0 0 -1
    outer loop
      vertex 75.5549 23.9888 0
      vertex 78.5203 8.74992 0
      vertex 78.383 8.71696 0
    endloop
  endfacet
  facet normal 0 0 -1
    outer loop
      vertex 75.5549 23.9888 0
      vertex 78.383 8.71696 0
      vertex 78.2525 8.66292 0
    endloop
  endfacet
  facet normal 0 0 -1
    outer loop
      vertex 87.275 30 0
      vertex 78.2062 41.3902 0
      vertex 79.8226 52 0
    endloop
  endfacet
  facet normal 0 0 -1
    outer loop
      vertex 75.5549 23.9888 0
      vertex 78.2525 8.66292 0
      vertex 78.1321 8.58913 0
    endloop
  endfacet
  facet normal 0 0 -1
    outer loop
      vertex 75.5549 23.9888 0
      vertex 78.1321 8.58913 0
      vertex 78.0247 8.49741 0
    endloop
  endfacet
  facet normal 0 0 -1
    outer loop
      vertex 75.5549 23.9888 0
      vertex 78.0247 8.49741 0
      vertex 77.933 8.39001 0
    endloop
  endfacet
  facet normal 0 0 -1
    outer loop
      vertex 75.5549 23.9888 0
      vertex 77.933 8.39001 0
      vertex 77.8592 8.26959 0
    endloop
  endfacet
  facet normal 0 0 -1
    outer loop
      vertex 75.5549 23.9888 0
      vertex 77.8592 8.26959 0
      vertex 77.8052 8.13913 0
    endloop
  endfacet
  facet normal 0 0 -1
    outer loop
      vertex 73.4303 6.16141 0
      vertex 77.8052 7.58289 0
      vertex 73.7606 5.36406 0
    endloop
  endfacet
  facet normal 0 0 -1
    outer loop
      vertex 73.7606 5.36406 0
      vertex 77.8592 7.45242 0
      vertex 74.2115 4.62819 0
    endloop
  endfacet
  facet normal -0 0 -1
    outer loop
      vertex 77.933 7.332 0
      vertex 74.2115 4.62819 0
      vertex 77.8592 7.45242 0
    endloop
  endfacet
  facet normal -0 0 -1
    outer loop
      vertex 77.8592 7.45242 0
      vertex 73.7606 5.36406 0
      vertex 77.8052 7.58289 0
    endloop
  endfacet
  facet normal -0 0 -1
    outer loop
      vertex 87.275 30 0
      vertex 75.5549 23.9888 0
      vertex 78.2062 41.3902 0
    endloop
  endfacet
  facet normal 0 0 -1
    outer loop
      vertex 59 34 0
      vertex 78.2062 41.3902 0
      vertex 75.5549 23.9888 0
    endloop
  endfacet
  facet normal 0 0 -1
    outer loop
      vertex 58.9138 35.095 0
      vertex 78.2062 41.3902 0
      vertex 59 34 0
    endloop
  endfacet
  facet normal 0 0 -1
    outer loop
      vertex 58.6574 36.1631 0
      vertex 78.2062 41.3902 0
      vertex 58.9138 35.095 0
    endloop
  endfacet
  facet normal 0 0 -1
    outer loop
      vertex 58.2371 37.1779 0
      vertex 78.2062 41.3902 0
      vertex 58.6574 36.1631 0
    endloop
  endfacet
  facet normal 0 0 -1
    outer loop
      vertex 57.6631 38.1145 0
      vertex 78.2062 41.3902 0
      vertex 58.2371 37.1779 0
    endloop
  endfacet
  facet normal 0 0 -1
    outer loop
      vertex 56.9498 38.9497 0
      vertex 78.2062 41.3902 0
      vertex 57.6631 38.1145 0
    endloop
  endfacet
  facet normal 0 0 -1
    outer loop
      vertex 56.1145 39.6631 0
      vertex 78.2062 41.3902 0
      vertex 56.9498 38.9497 0
    endloop
  endfacet
  facet normal 0 0 -1
    outer loop
      vertex 55.1779 40.237 0
      vertex 78.2062 41.3902 0
      vertex 56.1145 39.6631 0
    endloop
  endfacet
  facet normal 0 0 -1
    outer loop
      vertex 46.0668 52 0
      vertex 55.1779 40.237 0
      vertex 54.1631 40.6574 0
    endloop
  endfacet
  facet normal 0 0 -1
    outer loop
      vertex 46.0668 52 0
      vertex 54.1631 40.6574 0
      vertex 53.095 40.9138 0
    endloop
  endfacet
  facet normal 0 0 -1
    outer loop
      vertex 46.0668 52 0
      vertex 53.095 40.9138 0
      vertex 52 41 0
    endloop
  endfacet
  facet normal 0 0 -1
    outer loop
      vertex 55.1779 40.237 0
      vertex 46.0668 52 0
      vertex 78.2062 41.3902 0
    endloop
  endfacet
  facet normal 0 0 -1
    outer loop
      vertex 50.905 40.9138 0
      vertex 46.0668 52 0
      vertex 52 41 0
    endloop
  endfacet
  facet normal 0 0 -1
    outer loop
      vertex 49.8369 40.6574 0
      vertex 46.0668 52 0
      vertex 50.905 40.9138 0
    endloop
  endfacet
  facet normal 0 0 -1
    outer loop
      vertex 48.8221 40.237 0
      vertex 46.0668 52 0
      vertex 49.8369 40.6574 0
    endloop
  endfacet
  facet normal 0 0 -1
    outer loop
      vertex 47.8855 39.6631 0
      vertex 46.0668 52 0
      vertex 48.8221 40.237 0
    endloop
  endfacet
  facet normal 0 0 -1
    outer loop
      vertex 47.0503 38.9497 0
      vertex 46.0668 52 0
      vertex 47.8855 39.6631 0
    endloop
  endfacet
  facet normal 0 0 -1
    outer loop
      vertex 46.3369 38.1145 0
      vertex 46.0668 52 0
      vertex 47.0503 38.9497 0
    endloop
  endfacet
  facet normal 0 -0 -1
    outer loop
      vertex 46.0668 52 0
      vertex 46.3369 38.1145 0
      vertex 46.0179 37.594 0
    endloop
  endfacet
  facet normal 0 0 -1
    outer loop
      vertex 117.837 58.6574 0
      vertex 118.1 62.9 0
      vertex 118.905 58.9138 0
    endloop
  endfacet
  facet normal 0 0 -1
    outer loop
      vertex 116.822 58.237 0
      vertex 118.1 62.9 0
      vertex 117.837 58.6574 0
    endloop
  endfacet
  facet normal 0 0 -1
    outer loop
      vertex 115.886 57.6631 0
      vertex 118.1 62.9 0
      vertex 116.822 58.237 0
    endloop
  endfacet
  facet normal 0 0 -1
    outer loop
      vertex 109.9 62.9 0
      vertex 115.886 57.6631 0
      vertex 115.05 56.9497 0
    endloop
  endfacet
  facet normal 0 0 -1
    outer loop
      vertex 109.9 62.9 0
      vertex 115.05 56.9497 0
      vertex 114.337 56.1145 0
    endloop
  endfacet
  facet normal 0 0 -1
    outer loop
      vertex 109.9 62.9 0
      vertex 114.337 56.1145 0
      vertex 113.763 55.1779 0
    endloop
  endfacet
  facet normal 0 0 -1
    outer loop
      vertex 115.886 57.6631 0
      vertex 109.9 62.9 0
      vertex 118.1 62.9 0
    endloop
  endfacet
  facet normal 0 0 -1
    outer loop
      vertex 113.343 54.1631 0
      vertex 109.9 62.9 0
      vertex 113.763 55.1779 0
    endloop
  endfacet
  facet normal 0 0 -1
    outer loop
      vertex 113.086 53.095 0
      vertex 109.9 62.9 0
      vertex 113.343 54.1631 0
    endloop
  endfacet
  facet normal 0 0 -1
    outer loop
      vertex 93.5279 52 0
      vertex 113.086 53.095 0
      vertex 113 52 0
    endloop
  endfacet
  facet normal -0 0 -1
    outer loop
      vertex 113.086 53.095 0
      vertex 93.5279 52 0
      vertex 109.9 62.9 0
    endloop
  endfacet
  facet normal 0 0 -1
    outer loop
      vertex 86.7749 56.8662 0
      vertex 109.9 62.9 0
      vertex 93.5279 52 0
    endloop
  endfacet
  facet normal 0 0 -1
    outer loop
      vertex 92.5916 30.8421 0
      vertex 98.7466 38 0
      vertex 92.6915 30.4263 0
    endloop
  endfacet
  facet normal 0 0 -1
    outer loop
      vertex 92.428 31.2371 0
      vertex 98.7466 38 0
      vertex 92.5916 30.8421 0
    endloop
  endfacet
  facet normal 0 0 -1
    outer loop
      vertex 92.2046 31.6017 0
      vertex 98.7466 38 0
      vertex 92.428 31.2371 0
    endloop
  endfacet
  facet normal 0 0 -1
    outer loop
      vertex 91.9269 31.9269 0
      vertex 98.7466 38 0
      vertex 92.2046 31.6017 0
    endloop
  endfacet
  facet normal 0 0 -1
    outer loop
      vertex 91.6017 32.2046 0
      vertex 98.7466 38 0
      vertex 91.9269 31.9269 0
    endloop
  endfacet
  facet normal 0 0 -1
    outer loop
      vertex 91.2371 32.428 0
      vertex 98.7466 38 0
      vertex 91.6017 32.2046 0
    endloop
  endfacet
  facet normal 0 0 -1
    outer loop
      vertex 90.8421 32.5916 0
      vertex 98.7466 38 0
      vertex 91.2371 32.428 0
    endloop
  endfacet
  facet normal 0 0 -1
    outer loop
      vertex 90.4263 32.6914 0
      vertex 98.7466 38 0
      vertex 90.8421 32.5916 0
    endloop
  endfacet
  facet normal 0 0 -1
    outer loop
      vertex 90 32.725 0
      vertex 98.7466 38 0
      vertex 90.4263 32.6914 0
    endloop
  endfacet
  facet normal -0 0 -1
    outer loop
      vertex 98.7466 38 0
      vertex 90 32.725 0
      vertex 93.5279 52 0
    endloop
  endfacet
  facet normal 0 0 -1
    outer loop
      vertex 89.5737 32.6914 0
      vertex 93.5279 52 0
      vertex 90 32.725 0
    endloop
  endfacet
  facet normal 0 0 -1
    outer loop
      vertex 89.1579 32.5916 0
      vertex 93.5279 52 0
      vertex 89.5737 32.6914 0
    endloop
  endfacet
  facet normal 0 0 -1
    outer loop
      vertex 88.7629 32.428 0
      vertex 93.5279 52 0
      vertex 89.1579 32.5916 0
    endloop
  endfacet
  facet normal 0 0 -1
    outer loop
      vertex 86.9357 56.1964 0
      vertex 88.7629 32.428 0
      vertex 88.3983 32.2046 0
    endloop
  endfacet
  facet normal 0 0 -1
    outer loop
      vertex 86.9357 56.1964 0
      vertex 88.3983 32.2046 0
      vertex 88.0731 31.9269 0
    endloop
  endfacet
  facet normal 0 0 -1
    outer loop
      vertex 86.9357 56.1964 0
      vertex 88.0731 31.9269 0
      vertex 87.7954 31.6017 0
    endloop
  endfacet
  facet normal 0 0 -1
    outer loop
      vertex 86.9357 56.1964 0
      vertex 87.7954 31.6017 0
      vertex 87.572 31.2371 0
    endloop
  endfacet
  facet normal 0 0 -1
    outer loop
      vertex 86.9357 56.1964 0
      vertex 87.572 31.2371 0
      vertex 87.4084 30.8421 0
    endloop
  endfacet
  facet normal 0 0 -1
    outer loop
      vertex 79.8226 52 0
      vertex 87.3086 30.4263 0
      vertex 87.275 30 0
    endloop
  endfacet
  facet normal 0 0 -1
    outer loop
      vertex 86.9357 56.1964 0
      vertex 87.4084 30.8421 0
      vertex 87.3086 30.4263 0
    endloop
  endfacet
  facet normal 0 0 -1
    outer loop
      vertex 88.7629 32.428 0
      vertex 86.9357 56.1964 0
      vertex 93.5279 52 0
    endloop
  endfacet
  facet normal 0 0 -1
    outer loop
      vertex 86.9357 56.478 0
      vertex 93.5279 52 0
      vertex 86.9468 56.3372 0
    endloop
  endfacet
  facet normal 0 0 -1
    outer loop
      vertex 86.9028 56.6153 0
      vertex 93.5279 52 0
      vertex 86.9357 56.478 0
    endloop
  endfacet
  facet normal 0 0 -1
    outer loop
      vertex 86.8487 56.7458 0
      vertex 93.5279 52 0
      vertex 86.9028 56.6153 0
    endloop
  endfacet
  facet normal 0 0 -1
    outer loop
      vertex 86.7749 56.8662 0
      vertex 93.5279 52 0
      vertex 86.8487 56.7458 0
    endloop
  endfacet
  facet normal -0 0 -1
    outer loop
      vertex 109.9 62.9 0
      vertex 86.7749 56.8662 0
      vertex 109.9 67 0
    endloop
  endfacet
  facet normal 0 0 -1
    outer loop
      vertex 86.6832 56.9736 0
      vertex 109.9 67 0
      vertex 86.7749 56.8662 0
    endloop
  endfacet
  facet normal 0 0 -1
    outer loop
      vertex 86.5758 57.0653 0
      vertex 109.9 67 0
      vertex 86.6832 56.9736 0
    endloop
  endfacet
  facet normal 0 0 -1
    outer loop
      vertex 86.4554 57.1391 0
      vertex 109.9 67 0
      vertex 86.5758 57.0653 0
    endloop
  endfacet
  facet normal 0 0 -1
    outer loop
      vertex 86.3249 57.1931 0
      vertex 109.9 67 0
      vertex 86.4554 57.1391 0
    endloop
  endfacet
  facet normal 0 0 -1
    outer loop
      vertex 86.1876 57.2261 0
      vertex 109.9 67 0
      vertex 86.3249 57.1931 0
    endloop
  endfacet
  facet normal 0 0 -1
    outer loop
      vertex 86.0468 57.2372 0
      vertex 109.9 67 0
      vertex 86.1876 57.2261 0
    endloop
  endfacet
  facet normal 0 0 -1
    outer loop
      vertex 85.906 57.2261 0
      vertex 109.9 67 0
      vertex 86.0468 57.2372 0
    endloop
  endfacet
  facet normal 0 0 -1
    outer loop
      vertex 56.1 67 0
      vertex 85.906 57.2261 0
      vertex 85.7687 57.1931 0
    endloop
  endfacet
  facet normal -0 0 -1
    outer loop
      vertex 85.1909 56.0591 0
      vertex 79.8226 52 0
      vertex 85.1579 56.1964 0
    endloop
  endfacet
  facet normal 0 0 -1
    outer loop
      vertex 81.1581 2.96046 0
      vertex 79.5611 7.86101 0
      vertex 81.8939 3.41141 0
    endloop
  endfacet
  facet normal 0 0 -1
    outer loop
      vertex 79.0697 7.0591 0
      vertex 81.1581 2.96046 0
      vertex 80.3607 2.6302 0
    endloop
  endfacet
  facet normal 0 0 -1
    outer loop
      vertex 81.8939 3.41141 0
      vertex 79.5611 7.86101 0
      vertex 82.5502 3.97192 0
    endloop
  endfacet
  facet normal -0 0 -1
    outer loop
      vertex 85.1579 56.1964 0
      vertex 79.8226 52 0
      vertex 85.1468 56.3372 0
    endloop
  endfacet
  facet normal -0 0 -1
    outer loop
      vertex 85.1468 56.3372 0
      vertex 79.8226 52 0
      vertex 85.1579 56.478 0
    endloop
  endfacet
  facet normal 0 0 -1
    outer loop
      vertex 79.8226 52 0
      vertex 85.1909 56.6153 0
      vertex 85.1579 56.478 0
    endloop
  endfacet
  facet normal 0 0 -1
    outer loop
      vertex 79.8226 52 0
      vertex 85.2449 56.7458 0
      vertex 85.1909 56.6153 0
    endloop
  endfacet
  facet normal 0 0 -1
    outer loop
      vertex 79.8226 52 0
      vertex 85.3187 56.8662 0
      vertex 85.2449 56.7458 0
    endloop
  endfacet
  facet normal 0 0 -1
    outer loop
      vertex 56.1 67 0
      vertex 85.3187 56.8662 0
      vertex 79.8226 52 0
    endloop
  endfacet
  facet normal 0 0 -1
    outer loop
      vertex 56.1 67 0
      vertex 79.8226 52 0
      vertex 56.1 62.9 0
    endloop
  endfacet
  facet normal 0 0 -1
    outer loop
      vertex 85.3187 56.8662 0
      vertex 56.1 67 0
      vertex 85.4104 56.9736 0
    endloop
  endfacet
  facet normal 0 0 -1
    outer loop
      vertex 85.4104 56.9736 0
      vertex 56.1 67 0
      vertex 85.5178 57.0653 0
    endloop
  endfacet
  facet normal 0 0 -1
    outer loop
      vertex 85.5178 57.0653 0
      vertex 56.1 67 0
      vertex 85.6382 57.1391 0
    endloop
  endfacet
  facet normal 0 0 -1
    outer loop
      vertex 85.6382 57.1391 0
      vertex 56.1 67 0
      vertex 85.7687 57.1931 0
    endloop
  endfacet
  facet normal 0 0 -1
    outer loop
      vertex 85.906 57.2261 0
      vertex 56.1 67 0
      vertex 109.9 67 0
    endloop
  endfacet
  facet normal 0 0 -1
    outer loop
      vertex 135.252 22 0
      vertex 120.889 29.8592 0
      vertex 120.9 30 0
    endloop
  endfacet
  facet normal 0 0 -1
    outer loop
      vertex 135.252 22 0
      vertex 120.856 29.7219 0
      vertex 120.889 29.8592 0
    endloop
  endfacet
  facet normal 0 0 -1
    outer loop
      vertex 135.252 22 0
      vertex 120.802 29.5914 0
      vertex 120.856 29.7219 0
    endloop
  endfacet
  facet normal 0 0 -1
    outer loop
      vertex 135.252 22 0
      vertex 120.728 29.471 0
      vertex 120.802 29.5914 0
    endloop
  endfacet
  facet normal 0 0 -1
    outer loop
      vertex 135.252 22 0
      vertex 120.636 29.3636 0
      vertex 120.728 29.471 0
    endloop
  endfacet
  facet normal 0 0 -1
    outer loop
      vertex 135.252 22 0
      vertex 120.529 29.2719 0
      vertex 120.636 29.3636 0
    endloop
  endfacet
  facet normal 0 0 -1
    outer loop
      vertex 135.252 22 0
      vertex 120.409 29.1981 0
      vertex 120.529 29.2719 0
    endloop
  endfacet
  facet normal 0 0 -1
    outer loop
      vertex 135.252 22 0
      vertex 120.278 29.1441 0
      vertex 120.409 29.1981 0
    endloop
  endfacet
  facet normal 0 0 -1
    outer loop
      vertex 135.252 22 0
      vertex 120.141 29.1111 0
      vertex 120.278 29.1441 0
    endloop
  endfacet
  facet normal 0 0 -1
    outer loop
      vertex 135.252 22 0
      vertex 120 29.1 0
      vertex 120.141 29.1111 0
    endloop
  endfacet
  facet normal 0 0 -1
    outer loop
      vertex 135.252 22 0
      vertex 119.859 29.1111 0
      vertex 120 29.1 0
    endloop
  endfacet
  facet normal 0 0 -1
    outer loop
      vertex 97.6179 22 0
      vertex 119.859 29.1111 0
      vertex 135.252 22 0
    endloop
  endfacet
  facet normal -0 0 -1
    outer loop
      vertex 119.859 29.1111 0
      vertex 97.6179 22 0
      vertex 119.722 29.1441 0
    endloop
  endfacet
  facet normal 0 0 -1
    outer loop
      vertex 97.6179 22 0
      vertex 119.1 30 0
      vertex 119.111 29.8592 0
    endloop
  endfacet
  facet normal 0 0 -1
    outer loop
      vertex 97.6179 22 0
      vertex 119.111 29.8592 0
      vertex 119.144 29.7219 0
    endloop
  endfacet
  facet normal 0 0 -1
    outer loop
      vertex 97.6179 22 0
      vertex 119.144 29.7219 0
      vertex 119.198 29.5914 0
    endloop
  endfacet
  facet normal 0 0 -1
    outer loop
      vertex 97.6179 22 0
      vertex 119.198 29.5914 0
      vertex 119.272 29.471 0
    endloop
  endfacet
  facet normal 0 0 -1
    outer loop
      vertex 97.6179 22 0
      vertex 119.272 29.471 0
      vertex 119.364 29.3636 0
    endloop
  endfacet
  facet normal 0 0 -1
    outer loop
      vertex 97.6179 22 0
      vertex 119.364 29.3636 0
      vertex 119.471 29.2719 0
    endloop
  endfacet
  facet normal 0 0 -1
    outer loop
      vertex 97.6179 22 0
      vertex 119.471 29.2719 0
      vertex 119.591 29.1981 0
    endloop
  endfacet
  facet normal -0 0 -1
    outer loop
      vertex 119.722 29.1441 0
      vertex 97.6179 22 0
      vertex 119.591 29.1981 0
    endloop
  endfacet
  facet normal -0 0 -1
    outer loop
      vertex 119.1 30 0
      vertex 97.6179 22 0
      vertex 98.7466 38 0
    endloop
  endfacet
  facet normal 0 0 -1
    outer loop
      vertex 92.725 30 0
      vertex 98.7466 38 0
      vertex 97.6179 22 0
    endloop
  endfacet
  facet normal 0 0 -1
    outer loop
      vertex 92.6915 30.4263 0
      vertex 98.7466 38 0
      vertex 92.725 30 0
    endloop
  endfacet
  facet normal 0 0 -1
    outer loop
      vertex 97.6179 22 0
      vertex 92.6915 29.5737 0
      vertex 92.725 30 0
    endloop
  endfacet
  facet normal 0 0 -1
    outer loop
      vertex 97.6179 22 0
      vertex 92.5916 29.1579 0
      vertex 92.6915 29.5737 0
    endloop
  endfacet
  facet normal 0 0 -1
    outer loop
      vertex 97.6179 22 0
      vertex 92.428 28.7629 0
      vertex 92.5916 29.1579 0
    endloop
  endfacet
  facet normal 0 0 -1
    outer loop
      vertex 97.6179 22 0
      vertex 92.2046 28.3983 0
      vertex 92.428 28.7629 0
    endloop
  endfacet
  facet normal 0 0 -1
    outer loop
      vertex 97.6179 22 0
      vertex 91.9269 28.0731 0
      vertex 92.2046 28.3983 0
    endloop
  endfacet
  facet normal 0 0 -1
    outer loop
      vertex 97.6179 22 0
      vertex 91.6017 27.7954 0
      vertex 91.9269 28.0731 0
    endloop
  endfacet
  facet normal 0 0 -1
    outer loop
      vertex 97.6179 22 0
      vertex 91.2371 27.572 0
      vertex 91.6017 27.7954 0
    endloop
  endfacet
  facet normal 0 0 -1
    outer loop
      vertex 97.6179 22 0
      vertex 90.8421 27.4084 0
      vertex 91.2371 27.572 0
    endloop
  endfacet
  facet normal 0 0 -1
    outer loop
      vertex 97.6179 22 0
      vertex 90.4263 27.3086 0
      vertex 90.8421 27.4084 0
    endloop
  endfacet
  facet normal 0 0 -1
    outer loop
      vertex 97.6179 22 0
      vertex 90 27.275 0
      vertex 90.4263 27.3086 0
    endloop
  endfacet
  facet normal 0 0 -1
    outer loop
      vertex 97.6179 22 0
      vertex 89.5737 27.3086 0
      vertex 90 27.275 0
    endloop
  endfacet
  facet normal 0 0 -1
    outer loop
      vertex 79.55 8.0018 0
      vertex 83.1107 4.62819 0
      vertex 79.5611 7.86101 0
    endloop
  endfacet
  facet normal 0 0 -1
    outer loop
      vertex 79.5171 8.13913 0
      vertex 83.1107 4.62819 0
      vertex 79.55 8.0018 0
    endloop
  endfacet
  facet normal 0 0 -1
    outer loop
      vertex 79.463 8.26959 0
      vertex 83.1107 4.62819 0
      vertex 79.5171 8.13913 0
    endloop
  endfacet
  facet normal 0 0 -1
    outer loop
      vertex 93.5279 52 0
      vertex 86.9357 56.1964 0
      vertex 86.9468 56.3372 0
    endloop
  endfacet
  facet normal 0 0 -1
    outer loop
      vertex 87.3086 30.4263 0
      vertex 86.9028 56.0591 0
      vertex 86.9357 56.1964 0
    endloop
  endfacet
  facet normal 0 0 -1
    outer loop
      vertex 87.3086 30.4263 0
      vertex 86.8487 55.9286 0
      vertex 86.9028 56.0591 0
    endloop
  endfacet
  facet normal 0 0 -1
    outer loop
      vertex 87.3086 30.4263 0
      vertex 86.7749 55.8082 0
      vertex 86.8487 55.9286 0
    endloop
  endfacet
  facet normal 0 0 -1
    outer loop
      vertex 87.3086 30.4263 0
      vertex 86.6832 55.7008 0
      vertex 86.7749 55.8082 0
    endloop
  endfacet
  facet normal 0 0 -1
    outer loop
      vertex 87.3086 30.4263 0
      vertex 86.5758 55.6091 0
      vertex 86.6832 55.7008 0
    endloop
  endfacet
  facet normal 0 0 -1
    outer loop
      vertex 87.3086 30.4263 0
      vertex 86.4554 55.5353 0
      vertex 86.5758 55.6091 0
    endloop
  endfacet
  facet normal 0 0 -1
    outer loop
      vertex 87.3086 30.4263 0
      vertex 86.3249 55.4812 0
      vertex 86.4554 55.5353 0
    endloop
  endfacet
  facet normal 0 0 -1
    outer loop
      vertex 87.3086 30.4263 0
      vertex 86.1876 55.4483 0
      vertex 86.3249 55.4812 0
    endloop
  endfacet
  facet normal 0 0 -1
    outer loop
      vertex 87.3086 30.4263 0
      vertex 79.8226 52 0
      vertex 86.1876 55.4483 0
    endloop
  endfacet
  facet normal 0 0 -1
    outer loop
      vertex 86.1876 55.4483 0
      vertex 79.8226 52 0
      vertex 86.0468 55.4372 0
    endloop
  endfacet
  facet normal -0 0 -1
    outer loop
      vertex 86.0468 55.4372 0
      vertex 79.8226 52 0
      vertex 85.906 55.4483 0
    endloop
  endfacet
  facet normal -0 0 -1
    outer loop
      vertex 85.906 55.4483 0
      vertex 79.8226 52 0
      vertex 85.7687 55.4812 0
    endloop
  endfacet
  facet normal -0 0 -1
    outer loop
      vertex 85.7687 55.4812 0
      vertex 79.8226 52 0
      vertex 85.6382 55.5353 0
    endloop
  endfacet
  facet normal -0 0 -1
    outer loop
      vertex 85.6382 55.5353 0
      vertex 79.8226 52 0
      vertex 85.5178 55.6091 0
    endloop
  endfacet
  facet normal -0 0 -1
    outer loop
      vertex 85.5178 55.6091 0
      vertex 79.8226 52 0
      vertex 85.4104 55.7008 0
    endloop
  endfacet
  facet normal -0 0 -1
    outer loop
      vertex 85.4104 55.7008 0
      vertex 79.8226 52 0
      vertex 85.3187 55.8082 0
    endloop
  endfacet
  facet normal -0 0 -1
    outer loop
      vertex 85.3187 55.8082 0
      vertex 79.8226 52 0
      vertex 85.2449 55.9286 0
    endloop
  endfacet
  facet normal 0 0 -1
    outer loop
      vertex 79.1901 8.58913 0
      vertex 89.1579 27.4084 0
      vertex 79.2975 8.49741 0
    endloop
  endfacet
  facet normal -0 0 -1
    outer loop
      vertex 85.2449 55.9286 0
      vertex 79.8226 52 0
      vertex 85.1909 56.0591 0
    endloop
  endfacet
  facet normal 0 0 -1
    outer loop
      vertex 79.0697 8.66292 0
      vertex 88.7629 27.572 0
      vertex 79.1901 8.58913 0
    endloop
  endfacet
  facet normal -0 0 -1
    outer loop
      vertex 89.1579 27.4084 0
      vertex 79.1901 8.58913 0
      vertex 88.7629 27.572 0
    endloop
  endfacet
  facet normal 0 0 -1
    outer loop
      vertex 79.5611 7.86101 0
      vertex 83.1107 4.62819 0
      vertex 82.5502 3.97192 0
    endloop
  endfacet
  facet normal -0 0 -1
    outer loop
      vertex 89.5737 27.3086 0
      vertex 79.2975 8.49741 0
      vertex 89.1579 27.4084 0
    endloop
  endfacet
  facet normal -0 0 -1
    outer loop
      vertex 97.6179 22 0
      vertex 79.2975 8.49741 0
      vertex 89.5737 27.3086 0
    endloop
  endfacet
  facet normal 0 0 -1
    outer loop
      vertex 79.2975 8.49741 0
      vertex 97.6179 22 0
      vertex 79.3892 8.39001 0
    endloop
  endfacet
  facet normal 0 0 -1
    outer loop
      vertex 79.3892 8.39001 0
      vertex 97.6179 22 0
      vertex 79.463 8.26959 0
    endloop
  endfacet
  facet normal 0 0 -1
    outer loop
      vertex 83.1107 4.62819 0
      vertex 79.463 8.26959 0
      vertex 97.6179 22 0
    endloop
  endfacet
  facet normal -0 0 -1
    outer loop
      vertex 137.805 7.58289 0
      vertex 133.43 6.16141 0
      vertex 137.772 7.72021 0
    endloop
  endfacet
  facet normal 0 0 -1
    outer loop
      vertex 133.229 7.00063 0
      vertex 137.772 7.72021 0
      vertex 133.43 6.16141 0
    endloop
  endfacet
  facet normal -0 0 -1
    outer loop
      vertex 137.772 7.72021 0
      vertex 133.229 7.00063 0
      vertex 137.761 7.86101 0
    endloop
  endfacet
  facet normal 0 0 -1
    outer loop
      vertex 133.161 7.86101 0
      vertex 137.761 7.86101 0
      vertex 133.229 7.00063 0
    endloop
  endfacet
  facet normal 0 0 -1
    outer loop
      vertex 137.761 7.86101 0
      vertex 133.161 7.86101 0
      vertex 137.772 8.0018 0
    endloop
  endfacet
  facet normal 0 0 -1
    outer loop
      vertex 137.772 8.0018 0
      vertex 133.229 8.72139 0
      vertex 135.252 22 0
    endloop
  endfacet
  facet normal -0 0 -1
    outer loop
      vertex 137.772 8.0018 0
      vertex 133.161 7.86101 0
      vertex 133.229 8.72139 0
    endloop
  endfacet
  facet normal -0 0 -1
    outer loop
      vertex 148.763 27.572 0
      vertex 139.07 8.66292 0
      vertex 148.398 27.7954 0
    endloop
  endfacet
  facet normal 0 0 -1
    outer loop
      vertex 141.158 2.96046 0
      vertex 139.55 7.72021 0
      vertex 139.561 7.86101 0
    endloop
  endfacet
  facet normal 0 0 -1
    outer loop
      vertex 138.939 7.00505 0
      vertex 140.361 2.6302 0
      vertex 139.521 2.42873 0
    endloop
  endfacet
  facet normal 0 0 -1
    outer loop
      vertex 141.158 2.96046 0
      vertex 139.517 7.58289 0
      vertex 139.55 7.72021 0
    endloop
  endfacet
  facet normal 0 0 -1
    outer loop
      vertex 141.158 2.96046 0
      vertex 139.463 7.45242 0
      vertex 139.517 7.58289 0
    endloop
  endfacet
  facet normal 0 0 -1
    outer loop
      vertex 141.158 2.96046 0
      vertex 139.389 7.332 0
      vertex 139.463 7.45242 0
    endloop
  endfacet
  facet normal 0 0 -1
    outer loop
      vertex 141.158 2.96046 0
      vertex 139.298 7.22461 0
      vertex 139.389 7.332 0
    endloop
  endfacet
  facet normal 0 0 -1
    outer loop
      vertex 141.158 2.96046 0
      vertex 139.19 7.13289 0
      vertex 139.298 7.22461 0
    endloop
  endfacet
  facet normal 0 0 -1
    outer loop
      vertex 141.158 2.96046 0
      vertex 139.07 7.0591 0
      vertex 139.19 7.13289 0
    endloop
  endfacet
  facet normal 0 0 -1
    outer loop
      vertex 140.361 2.6302 0
      vertex 138.939 7.00505 0
      vertex 139.07 7.0591 0
    endloop
  endfacet
  facet normal 0 0 -1
    outer loop
      vertex 139.521 2.42873 0
      vertex 138.802 6.97209 0
      vertex 138.939 7.00505 0
    endloop
  endfacet
  facet normal 0 0 -1
    outer loop
      vertex 138.661 2.36101 0
      vertex 138.802 6.97209 0
      vertex 139.521 2.42873 0
    endloop
  endfacet
  facet normal 0 0 -1
    outer loop
      vertex 138.661 2.36101 0
      vertex 138.661 6.96101 0
      vertex 138.802 6.97209 0
    endloop
  endfacet
  facet normal 0 0 -1
    outer loop
      vertex 138.661 2.36101 0
      vertex 138.52 6.97209 0
      vertex 138.661 6.96101 0
    endloop
  endfacet
  facet normal 0 0 -1
    outer loop
      vertex 137.801 2.42873 0
      vertex 138.52 6.97209 0
      vertex 138.661 2.36101 0
    endloop
  endfacet
  facet normal -0 0 -1
    outer loop
      vertex 138.52 6.97209 0
      vertex 137.801 2.42873 0
      vertex 138.383 7.00505 0
    endloop
  endfacet
  facet normal 0 0 -1
    outer loop
      vertex 136.962 2.6302 0
      vertex 138.383 7.00505 0
      vertex 137.801 2.42873 0
    endloop
  endfacet
  facet normal -0 0 -1
    outer loop
      vertex 138.383 7.00505 0
      vertex 136.962 2.6302 0
      vertex 138.253 7.0591 0
    endloop
  endfacet
  facet normal 0 0 -1
    outer loop
      vertex 136.164 2.96046 0
      vertex 138.253 7.0591 0
      vertex 136.962 2.6302 0
    endloop
  endfacet
  facet normal -0 0 -1
    outer loop
      vertex 138.253 7.0591 0
      vertex 136.164 2.96046 0
      vertex 138.132 7.13289 0
    endloop
  endfacet
  facet normal 0 0 -1
    outer loop
      vertex 135.428 3.41141 0
      vertex 138.132 7.13289 0
      vertex 136.164 2.96046 0
    endloop
  endfacet
  facet normal -0 0 -1
    outer loop
      vertex 138.132 7.13289 0
      vertex 135.428 3.41141 0
      vertex 138.025 7.22461 0
    endloop
  endfacet
  facet normal 0 0 -1
    outer loop
      vertex 134.772 3.97192 0
      vertex 138.025 7.22461 0
      vertex 135.428 3.41141 0
    endloop
  endfacet
  facet normal -0 0 -1
    outer loop
      vertex 138.025 7.22461 0
      vertex 134.772 3.97192 0
      vertex 137.933 7.332 0
    endloop
  endfacet
  facet normal 0 0 -1
    outer loop
      vertex 134.212 4.62819 0
      vertex 137.933 7.332 0
      vertex 134.772 3.97192 0
    endloop
  endfacet
  facet normal 0 0 -1
    outer loop
      vertex 133.761 5.36406 0
      vertex 137.859 7.45242 0
      vertex 134.212 4.62819 0
    endloop
  endfacet
  facet normal -0 0 -1
    outer loop
      vertex 137.859 7.45242 0
      vertex 133.761 5.36406 0
      vertex 137.805 7.58289 0
    endloop
  endfacet
  facet normal 0 0 -1
    outer loop
      vertex 133.43 6.16141 0
      vertex 137.805 7.58289 0
      vertex 133.761 5.36406 0
    endloop
  endfacet
  facet normal 0 0 -1
    outer loop
      vertex 137.772 8.0018 0
      vertex 135.252 22 0
      vertex 137.69 38 0
    endloop
  endfacet
  facet normal 0 0 -1
    outer loop
      vertex 120.9 30 0
      vertex 137.69 38 0
      vertex 135.252 22 0
    endloop
  endfacet
  facet normal 0 0 -1
    outer loop
      vertex 120.889 30.1408 0
      vertex 137.69 38 0
      vertex 120.9 30 0
    endloop
  endfacet
  facet normal 0 0 -1
    outer loop
      vertex 120.856 30.2781 0
      vertex 137.69 38 0
      vertex 120.889 30.1408 0
    endloop
  endfacet
  facet normal 0 0 -1
    outer loop
      vertex 120.802 30.4086 0
      vertex 137.69 38 0
      vertex 120.856 30.2781 0
    endloop
  endfacet
  facet normal 0 0 -1
    outer loop
      vertex 120.728 30.529 0
      vertex 137.69 38 0
      vertex 120.802 30.4086 0
    endloop
  endfacet
  facet normal 0 0 -1
    outer loop
      vertex 120.636 30.6364 0
      vertex 137.69 38 0
      vertex 120.728 30.529 0
    endloop
  endfacet
  facet normal 0 0 -1
    outer loop
      vertex 120.529 30.7281 0
      vertex 137.69 38 0
      vertex 120.636 30.6364 0
    endloop
  endfacet
  facet normal 0 0 -1
    outer loop
      vertex 120.409 30.8019 0
      vertex 137.69 38 0
      vertex 120.529 30.7281 0
    endloop
  endfacet
  facet normal 0 0 -1
    outer loop
      vertex 120.278 30.8559 0
      vertex 137.69 38 0
      vertex 120.409 30.8019 0
    endloop
  endfacet
  facet normal 0 0 -1
    outer loop
      vertex 120.141 30.8889 0
      vertex 137.69 38 0
      vertex 120.278 30.8559 0
    endloop
  endfacet
  facet normal 0 0 -1
    outer loop
      vertex 120 30.9 0
      vertex 137.69 38 0
      vertex 120.141 30.8889 0
    endloop
  endfacet
  facet normal 0 0 -1
    outer loop
      vertex 98.7466 38 0
      vertex 120 30.9 0
      vertex 119.859 30.8889 0
    endloop
  endfacet
  facet normal 0 0 -1
    outer loop
      vertex 98.7466 38 0
      vertex 119.859 30.8889 0
      vertex 119.722 30.8559 0
    endloop
  endfacet
  facet normal 0 0 -1
    outer loop
      vertex 120 30.9 0
      vertex 98.7466 38 0
      vertex 137.69 38 0
    endloop
  endfacet
  facet normal 0 0 -1
    outer loop
      vertex 119.591 30.8019 0
      vertex 98.7466 38 0
      vertex 119.722 30.8559 0
    endloop
  endfacet
  facet normal 0 0 -1
    outer loop
      vertex 119.471 30.7281 0
      vertex 98.7466 38 0
      vertex 119.591 30.8019 0
    endloop
  endfacet
  facet normal 0 0 -1
    outer loop
      vertex 119.364 30.6364 0
      vertex 98.7466 38 0
      vertex 119.471 30.7281 0
    endloop
  endfacet
  facet normal 0 0 -1
    outer loop
      vertex 119.272 30.529 0
      vertex 98.7466 38 0
      vertex 119.364 30.6364 0
    endloop
  endfacet
  facet normal 0 0 -1
    outer loop
      vertex 119.198 30.4086 0
      vertex 98.7466 38 0
      vertex 119.272 30.529 0
    endloop
  endfacet
  facet normal 0 0 -1
    outer loop
      vertex 119.144 30.2781 0
      vertex 98.7466 38 0
      vertex 119.198 30.4086 0
    endloop
  endfacet
  facet normal 0 0 -1
    outer loop
      vertex 119.111 30.1408 0
      vertex 98.7466 38 0
      vertex 119.144 30.2781 0
    endloop
  endfacet
  facet normal 0 0 -1
    outer loop
      vertex 98.7466 38 0
      vertex 119.111 30.1408 0
      vertex 119.1 30 0
    endloop
  endfacet
  facet normal 0 0 -1
    outer loop
      vertex 138.939 8.71696 0
      vertex 148.398 27.7954 0
      vertex 139.07 8.66292 0
    endloop
  endfacet
  facet normal 0 0 -1
    outer loop
      vertex 138.802 8.74992 0
      vertex 148.398 27.7954 0
      vertex 138.939 8.71696 0
    endloop
  endfacet
  facet normal -0 0 -1
    outer loop
      vertex 148.398 27.7954 0
      vertex 138.802 8.74992 0
      vertex 148.073 28.0731 0
    endloop
  endfacet
  facet normal 0 0 -1
    outer loop
      vertex 138.661 8.761 0
      vertex 148.073 28.0731 0
      vertex 138.802 8.74992 0
    endloop
  endfacet
  facet normal -0 0 -1
    outer loop
      vertex 148.073 28.0731 0
      vertex 138.661 8.761 0
      vertex 147.795 28.3983 0
    endloop
  endfacet
  facet normal 0 0 -1
    outer loop
      vertex 138.52 8.74992 0
      vertex 147.795 28.3983 0
      vertex 138.661 8.761 0
    endloop
  endfacet
  facet normal -0 0 -1
    outer loop
      vertex 147.795 28.3983 0
      vertex 138.52 8.74992 0
      vertex 147.572 28.7629 0
    endloop
  endfacet
  facet normal 0 0 -1
    outer loop
      vertex 138.383 8.71696 0
      vertex 147.572 28.7629 0
      vertex 138.52 8.74992 0
    endloop
  endfacet
  facet normal -0 0 -1
    outer loop
      vertex 147.572 28.7629 0
      vertex 138.383 8.71696 0
      vertex 147.408 29.1579 0
    endloop
  endfacet
  facet normal 0 0 -1
    outer loop
      vertex 137.69 38 0
      vertex 147.408 29.1579 0
      vertex 138.383 8.71696 0
    endloop
  endfacet
  facet normal 0 0 -1
    outer loop
      vertex 147.408 29.1579 0
      vertex 137.69 38 0
      vertex 147.309 29.5737 0
    endloop
  endfacet
  facet normal 0 0 -1
    outer loop
      vertex 147.309 29.5737 0
      vertex 137.69 38 0
      vertex 147.275 30 0
    endloop
  endfacet
  facet normal 0 0 -1
    outer loop
      vertex 137.69 38 0
      vertex 138.383 8.71696 0
      vertex 138.253 8.66292 0
    endloop
  endfacet
  facet normal 0 0 -1
    outer loop
      vertex 137.69 38 0
      vertex 138.253 8.66292 0
      vertex 138.132 8.58913 0
    endloop
  endfacet
  facet normal 0 0 -1
    outer loop
      vertex 137.69 38 0
      vertex 138.132 8.58913 0
      vertex 138.025 8.49741 0
    endloop
  endfacet
  facet normal 0 0 -1
    outer loop
      vertex 137.69 38 0
      vertex 138.025 8.49741 0
      vertex 137.933 8.39001 0
    endloop
  endfacet
  facet normal 0 0 -1
    outer loop
      vertex 137.69 38 0
      vertex 137.933 8.39001 0
      vertex 137.859 8.26959 0
    endloop
  endfacet
  facet normal 0 0 -1
    outer loop
      vertex 137.69 38 0
      vertex 137.859 8.26959 0
      vertex 137.805 8.13913 0
    endloop
  endfacet
  facet normal 0 0 -1
    outer loop
      vertex 137.69 38 0
      vertex 137.805 8.13913 0
      vertex 137.772 8.0018 0
    endloop
  endfacet
  facet normal -0 0 -1
    outer loop
      vertex 137.933 7.332 0
      vertex 134.212 4.62819 0
      vertex 137.859 7.45242 0
    endloop
  endfacet
  facet normal 0 0 -1
    outer loop
      vertex 147.275 30 0
      vertex 137.69 38 0
      vertex 139.823 52 0
    endloop
  endfacet
  facet normal 0 0 -1
    outer loop
      vertex 177.837 58.6574 0
      vertex 178.1 62.9 0
      vertex 178.905 58.9138 0
    endloop
  endfacet
  facet normal 0 0 -1
    outer loop
      vertex 176.822 58.237 0
      vertex 178.1 62.9 0
      vertex 177.837 58.6574 0
    endloop
  endfacet
  facet normal 0 0 -1
    outer loop
      vertex 175.885 57.6631 0
      vertex 178.1 62.9 0
      vertex 176.822 58.237 0
    endloop
  endfacet
  facet normal 0 0 -1
    outer loop
      vertex 169.9 62.9 0
      vertex 175.885 57.6631 0
      vertex 175.05 56.9497 0
    endloop
  endfacet
  facet normal 0 0 -1
    outer loop
      vertex 169.9 62.9 0
      vertex 175.05 56.9497 0
      vertex 174.337 56.1145 0
    endloop
  endfacet
  facet normal 0 0 -1
    outer loop
      vertex 169.9 62.9 0
      vertex 174.337 56.1145 0
      vertex 173.763 55.1779 0
    endloop
  endfacet
  facet normal 0 0 -1
    outer loop
      vertex 175.885 57.6631 0
      vertex 169.9 62.9 0
      vertex 178.1 62.9 0
    endloop
  endfacet
  facet normal 0 0 -1
    outer loop
      vertex 173.343 54.1631 0
      vertex 169.9 62.9 0
      vertex 173.763 55.1779 0
    endloop
  endfacet
  facet normal 0 0 -1
    outer loop
      vertex 173.086 53.095 0
      vertex 169.9 62.9 0
      vertex 173.343 54.1631 0
    endloop
  endfacet
  facet normal 0 0 -1
    outer loop
      vertex 153.018 52 0
      vertex 173.086 53.095 0
      vertex 173 52 0
    endloop
  endfacet
  facet normal -0 0 -1
    outer loop
      vertex 173.086 53.095 0
      vertex 153.018 52 0
      vertex 169.9 62.9 0
    endloop
  endfacet
  facet normal 0 0 -1
    outer loop
      vertex 146.775 56.8662 0
      vertex 169.9 62.9 0
      vertex 153.018 52 0
    endloop
  endfacet
  facet normal 0 0 -1
    outer loop
      vertex 152.592 30.8421 0
      vertex 157.055 38 0
      vertex 152.691 30.4263 0
    endloop
  endfacet
  facet normal 0 0 -1
    outer loop
      vertex 152.428 31.2371 0
      vertex 157.055 38 0
      vertex 152.592 30.8421 0
    endloop
  endfacet
  facet normal 0 0 -1
    outer loop
      vertex 152.205 31.6017 0
      vertex 157.055 38 0
      vertex 152.428 31.2371 0
    endloop
  endfacet
  facet normal 0 0 -1
    outer loop
      vertex 151.927 31.9269 0
      vertex 157.055 38 0
      vertex 152.205 31.6017 0
    endloop
  endfacet
  facet normal 0 0 -1
    outer loop
      vertex 151.602 32.2046 0
      vertex 157.055 38 0
      vertex 151.927 31.9269 0
    endloop
  endfacet
  facet normal 0 0 -1
    outer loop
      vertex 151.237 32.428 0
      vertex 157.055 38 0
      vertex 151.602 32.2046 0
    endloop
  endfacet
  facet normal 0 0 -1
    outer loop
      vertex 150.842 32.5916 0
      vertex 157.055 38 0
      vertex 151.237 32.428 0
    endloop
  endfacet
  facet normal 0 0 -1
    outer loop
      vertex 150.426 32.6914 0
      vertex 157.055 38 0
      vertex 150.842 32.5916 0
    endloop
  endfacet
  facet normal 0 0 -1
    outer loop
      vertex 150 32.725 0
      vertex 157.055 38 0
      vertex 150.426 32.6914 0
    endloop
  endfacet
  facet normal 0 0 -1
    outer loop
      vertex 149.574 32.6914 0
      vertex 157.055 38 0
      vertex 150 32.725 0
    endloop
  endfacet
  facet normal -0 0 -1
    outer loop
      vertex 157.055 38 0
      vertex 149.574 32.6914 0
      vertex 153.018 52 0
    endloop
  endfacet
  facet normal 0 0 -1
    outer loop
      vertex 149.158 32.5916 0
      vertex 153.018 52 0
      vertex 149.574 32.6914 0
    endloop
  endfacet
  facet normal 0 0 -1
    outer loop
      vertex 148.763 32.428 0
      vertex 153.018 52 0
      vertex 149.158 32.5916 0
    endloop
  endfacet
  facet normal 0 0 -1
    outer loop
      vertex 146.936 56.1964 0
      vertex 148.763 32.428 0
      vertex 148.398 32.2046 0
    endloop
  endfacet
  facet normal 0 0 -1
    outer loop
      vertex 146.936 56.1964 0
      vertex 148.398 32.2046 0
      vertex 148.073 31.9269 0
    endloop
  endfacet
  facet normal 0 0 -1
    outer loop
      vertex 146.936 56.1964 0
      vertex 148.073 31.9269 0
      vertex 147.795 31.6017 0
    endloop
  endfacet
  facet normal 0 0 -1
    outer loop
      vertex 146.936 56.1964 0
      vertex 147.795 31.6017 0
      vertex 147.572 31.2371 0
    endloop
  endfacet
  facet normal 0 0 -1
    outer loop
      vertex 146.936 56.1964 0
      vertex 147.572 31.2371 0
      vertex 147.408 30.8421 0
    endloop
  endfacet
  facet normal 0 0 -1
    outer loop
      vertex 139.823 52 0
      vertex 147.309 30.4263 0
      vertex 147.275 30 0
    endloop
  endfacet
  facet normal 0 0 -1
    outer loop
      vertex 146.936 56.1964 0
      vertex 147.408 30.8421 0
      vertex 147.309 30.4263 0
    endloop
  endfacet
  facet normal 0 0 -1
    outer loop
      vertex 148.763 32.428 0
      vertex 146.936 56.1964 0
      vertex 153.018 52 0
    endloop
  endfacet
  facet normal 0 0 -1
    outer loop
      vertex 146.936 56.478 0
      vertex 153.018 52 0
      vertex 146.947 56.3372 0
    endloop
  endfacet
  facet normal 0 0 -1
    outer loop
      vertex 146.903 56.6153 0
      vertex 153.018 52 0
      vertex 146.936 56.478 0
    endloop
  endfacet
  facet normal 0 0 -1
    outer loop
      vertex 146.849 56.7458 0
      vertex 153.018 52 0
      vertex 146.903 56.6153 0
    endloop
  endfacet
  facet normal 0 0 -1
    outer loop
      vertex 146.775 56.8662 0
      vertex 153.018 52 0
      vertex 146.849 56.7458 0
    endloop
  endfacet
  facet normal -0 0 -1
    outer loop
      vertex 169.9 62.9 0
      vertex 146.775 56.8662 0
      vertex 169.9 67 0
    endloop
  endfacet
  facet normal 0 0 -1
    outer loop
      vertex 146.683 56.9736 0
      vertex 169.9 67 0
      vertex 146.775 56.8662 0
    endloop
  endfacet
  facet normal 0 0 -1
    outer loop
      vertex 146.576 57.0653 0
      vertex 169.9 67 0
      vertex 146.683 56.9736 0
    endloop
  endfacet
  facet normal 0 0 -1
    outer loop
      vertex 146.455 57.1391 0
      vertex 169.9 67 0
      vertex 146.576 57.0653 0
    endloop
  endfacet
  facet normal 0 0 -1
    outer loop
      vertex 146.325 57.1931 0
      vertex 169.9 67 0
      vertex 146.455 57.1391 0
    endloop
  endfacet
  facet normal 0 0 -1
    outer loop
      vertex 146.188 57.2261 0
      vertex 169.9 67 0
      vertex 146.325 57.1931 0
    endloop
  endfacet
  facet normal 0 0 -1
    outer loop
      vertex 146.047 57.2372 0
      vertex 169.9 67 0
      vertex 146.188 57.2261 0
    endloop
  endfacet
  facet normal 0 0 -1
    outer loop
      vertex 118.1 67 0
      vertex 146.047 57.2372 0
      vertex 145.906 57.2261 0
    endloop
  endfacet
  facet normal 0 0 -1
    outer loop
      vertex 118.1 67 0
      vertex 145.906 57.2261 0
      vertex 145.769 57.1931 0
    endloop
  endfacet
  facet normal -0 0 -1
    outer loop
      vertex 145.191 56.0591 0
      vertex 139.823 52 0
      vertex 145.158 56.1964 0
    endloop
  endfacet
  facet normal 0 0 -1
    outer loop
      vertex 141.158 2.96046 0
      vertex 139.561 7.86101 0
      vertex 141.894 3.41141 0
    endloop
  endfacet
  facet normal 0 0 -1
    outer loop
      vertex 139.07 7.0591 0
      vertex 141.158 2.96046 0
      vertex 140.361 2.6302 0
    endloop
  endfacet
  facet normal 0 0 -1
    outer loop
      vertex 141.894 3.41141 0
      vertex 139.561 7.86101 0
      vertex 142.55 3.97192 0
    endloop
  endfacet
  facet normal -0 0 -1
    outer loop
      vertex 145.158 56.1964 0
      vertex 139.823 52 0
      vertex 145.147 56.3372 0
    endloop
  endfacet
  facet normal -0 0 -1
    outer loop
      vertex 145.147 56.3372 0
      vertex 139.823 52 0
      vertex 145.158 56.478 0
    endloop
  endfacet
  facet normal 0 0 -1
    outer loop
      vertex 139.823 52 0
      vertex 145.191 56.6153 0
      vertex 145.158 56.478 0
    endloop
  endfacet
  facet normal 0 0 -1
    outer loop
      vertex 139.823 52 0
      vertex 145.245 56.7458 0
      vertex 145.191 56.6153 0
    endloop
  endfacet
  facet normal 0 0 -1
    outer loop
      vertex 125.663 56.1145 0
      vertex 145.245 56.7458 0
      vertex 139.823 52 0
    endloop
  endfacet
  facet normal -0 0 -1
    outer loop
      vertex 145.245 56.7458 0
      vertex 125.663 56.1145 0
      vertex 145.319 56.8662 0
    endloop
  endfacet
  facet normal 0 0 -1
    outer loop
      vertex 126.914 53.095 0
      vertex 139.823 52 0
      vertex 127 52 0
    endloop
  endfacet
  facet normal 0 0 -1
    outer loop
      vertex 126.657 54.1631 0
      vertex 139.823 52 0
      vertex 126.914 53.095 0
    endloop
  endfacet
  facet normal 0 0 -1
    outer loop
      vertex 126.237 55.1779 0
      vertex 139.823 52 0
      vertex 126.657 54.1631 0
    endloop
  endfacet
  facet normal 0 0 -1
    outer loop
      vertex 125.663 56.1145 0
      vertex 139.823 52 0
      vertex 126.237 55.1779 0
    endloop
  endfacet
  facet normal 0 0 -1
    outer loop
      vertex 124.95 56.9497 0
      vertex 145.319 56.8662 0
      vertex 125.663 56.1145 0
    endloop
  endfacet
  facet normal 0 0 -1
    outer loop
      vertex 145.319 56.8662 0
      vertex 124.95 56.9497 0
      vertex 145.41 56.9736 0
    endloop
  endfacet
  facet normal -0 0 -1
    outer loop
      vertex 145.41 56.9736 0
      vertex 124.95 56.9497 0
      vertex 145.518 57.0653 0
    endloop
  endfacet
  facet normal 0 0 -1
    outer loop
      vertex 124.115 57.6631 0
      vertex 145.518 57.0653 0
      vertex 124.95 56.9497 0
    endloop
  endfacet
  facet normal 0 0 -1
    outer loop
      vertex 118.1 67 0
      vertex 145.518 57.0653 0
      vertex 124.115 57.6631 0
    endloop
  endfacet
  facet normal 0 0 -1
    outer loop
      vertex 145.518 57.0653 0
      vertex 118.1 67 0
      vertex 145.638 57.1391 0
    endloop
  endfacet
  facet normal 0 0 -1
    outer loop
      vertex 145.638 57.1391 0
      vertex 118.1 67 0
      vertex 145.769 57.1931 0
    endloop
  endfacet
  facet normal 0 0 -1
    outer loop
      vertex 118.1 67 0
      vertex 124.115 57.6631 0
      vertex 123.178 58.237 0
    endloop
  endfacet
  facet normal 0 0 -1
    outer loop
      vertex 118.1 67 0
      vertex 123.178 58.237 0
      vertex 122.163 58.6574 0
    endloop
  endfacet
  facet normal 0 0 -1
    outer loop
      vertex 118.1 62.9 0
      vertex 122.163 58.6574 0
      vertex 121.095 58.9138 0
    endloop
  endfacet
  facet normal 0 0 -1
    outer loop
      vertex 118.1 62.9 0
      vertex 121.095 58.9138 0
      vertex 120 59 0
    endloop
  endfacet
  facet normal 0 0 -1
    outer loop
      vertex 118.1 62.9 0
      vertex 120 59 0
      vertex 118.905 58.9138 0
    endloop
  endfacet
  facet normal 0 0 -1
    outer loop
      vertex 122.163 58.6574 0
      vertex 118.1 62.9 0
      vertex 118.1 67 0
    endloop
  endfacet
  facet normal 0 0 -1
    outer loop
      vertex 146.047 57.2372 0
      vertex 118.1 67 0
      vertex 169.9 67 0
    endloop
  endfacet
  facet normal 0 0 -1
    outer loop
      vertex 195.252 22 0
      vertex 180.889 29.8592 0
      vertex 180.9 30 0
    endloop
  endfacet
  facet normal 0 0 -1
    outer loop
      vertex 195.252 22 0
      vertex 180.856 29.7219 0
      vertex 180.889 29.8592 0
    endloop
  endfacet
  facet normal 0 0 -1
    outer loop
      vertex 195.252 22 0
      vertex 180.802 29.5914 0
      vertex 180.856 29.7219 0
    endloop
  endfacet
  facet normal 0 0 -1
    outer loop
      vertex 195.252 22 0
      vertex 180.728 29.471 0
      vertex 180.802 29.5914 0
    endloop
  endfacet
  facet normal 0 0 -1
    outer loop
      vertex 195.252 22 0
      vertex 180.636 29.3636 0
      vertex 180.728 29.471 0
    endloop
  endfacet
  facet normal 0 0 -1
    outer loop
      vertex 195.252 22 0
      vertex 180.529 29.2719 0
      vertex 180.636 29.3636 0
    endloop
  endfacet
  facet normal 0 0 -1
    outer loop
      vertex 195.252 22 0
      vertex 180.409 29.1981 0
      vertex 180.529 29.2719 0
    endloop
  endfacet
  facet normal 0 0 -1
    outer loop
      vertex 195.252 22 0
      vertex 180.278 29.1441 0
      vertex 180.409 29.1981 0
    endloop
  endfacet
  facet normal 0 0 -1
    outer loop
      vertex 195.252 22 0
      vertex 180.141 29.1111 0
      vertex 180.278 29.1441 0
    endloop
  endfacet
  facet normal 0 0 -1
    outer loop
      vertex 195.252 22 0
      vertex 180 29.1 0
      vertex 180.141 29.1111 0
    endloop
  endfacet
  facet normal 0 0 -1
    outer loop
      vertex 195.252 22 0
      vertex 179.859 29.1111 0
      vertex 180 29.1 0
    endloop
  endfacet
  facet normal 0 0 -1
    outer loop
      vertex 155.369 22 0
      vertex 179.859 29.1111 0
      vertex 195.252 22 0
    endloop
  endfacet
  facet normal -0 0 -1
    outer loop
      vertex 179.859 29.1111 0
      vertex 155.369 22 0
      vertex 179.722 29.1441 0
    endloop
  endfacet
  facet normal 0 0 -1
    outer loop
      vertex 179.111 29.8592 0
      vertex 157.055 38 0
      vertex 179.1 30 0
    endloop
  endfacet
  facet normal 0 0 -1
    outer loop
      vertex 155.369 22 0
      vertex 179.111 29.8592 0
      vertex 179.144 29.7219 0
    endloop
  endfacet
  facet normal 0 0 -1
    outer loop
      vertex 155.369 22 0
      vertex 179.144 29.7219 0
      vertex 179.198 29.5914 0
    endloop
  endfacet
  facet normal 0 0 -1
    outer loop
      vertex 155.369 22 0
      vertex 179.198 29.5914 0
      vertex 179.272 29.471 0
    endloop
  endfacet
  facet normal 0 0 -1
    outer loop
      vertex 155.369 22 0
      vertex 179.272 29.471 0
      vertex 179.364 29.3636 0
    endloop
  endfacet
  facet normal 0 0 -1
    outer loop
      vertex 155.369 22 0
      vertex 179.364 29.3636 0
      vertex 179.471 29.2719 0
    endloop
  endfacet
  facet normal 0 0 -1
    outer loop
      vertex 155.369 22 0
      vertex 179.471 29.2719 0
      vertex 179.591 29.1981 0
    endloop
  endfacet
  facet normal -0 0 -1
    outer loop
      vertex 179.722 29.1441 0
      vertex 155.369 22 0
      vertex 179.591 29.1981 0
    endloop
  endfacet
  facet normal -0 0 -1
    outer loop
      vertex 179.111 29.8592 0
      vertex 155.369 22 0
      vertex 157.055 38 0
    endloop
  endfacet
  facet normal 0 0 -1
    outer loop
      vertex 152.725 30 0
      vertex 157.055 38 0
      vertex 155.369 22 0
    endloop
  endfacet
  facet normal 0 0 -1
    outer loop
      vertex 152.691 30.4263 0
      vertex 157.055 38 0
      vertex 152.725 30 0
    endloop
  endfacet
  facet normal 0 0 -1
    outer loop
      vertex 155.369 22 0
      vertex 152.691 29.5737 0
      vertex 152.725 30 0
    endloop
  endfacet
  facet normal 0 0 -1
    outer loop
      vertex 155.369 22 0
      vertex 152.592 29.1579 0
      vertex 152.691 29.5737 0
    endloop
  endfacet
  facet normal 0 0 -1
    outer loop
      vertex 155.369 22 0
      vertex 152.428 28.7629 0
      vertex 152.592 29.1579 0
    endloop
  endfacet
  facet normal 0 0 -1
    outer loop
      vertex 155.369 22 0
      vertex 152.205 28.3983 0
      vertex 152.428 28.7629 0
    endloop
  endfacet
  facet normal 0 0 -1
    outer loop
      vertex 155.369 22 0
      vertex 151.927 28.0731 0
      vertex 152.205 28.3983 0
    endloop
  endfacet
  facet normal 0 0 -1
    outer loop
      vertex 155.369 22 0
      vertex 151.602 27.7954 0
      vertex 151.927 28.0731 0
    endloop
  endfacet
  facet normal 0 0 -1
    outer loop
      vertex 155.369 22 0
      vertex 151.237 27.572 0
      vertex 151.602 27.7954 0
    endloop
  endfacet
  facet normal 0 0 -1
    outer loop
      vertex 155.369 22 0
      vertex 150.842 27.4084 0
      vertex 151.237 27.572 0
    endloop
  endfacet
  facet normal 0 0 -1
    outer loop
      vertex 155.369 22 0
      vertex 150.426 27.3086 0
      vertex 150.842 27.4084 0
    endloop
  endfacet
  facet normal 0 0 -1
    outer loop
      vertex 155.369 22 0
      vertex 150 27.275 0
      vertex 150.426 27.3086 0
    endloop
  endfacet
  facet normal 0 0 -1
    outer loop
      vertex 155.369 22 0
      vertex 149.574 27.3086 0
      vertex 150 27.275 0
    endloop
  endfacet
  facet normal 0 0 -1
    outer loop
      vertex 155.369 22 0
      vertex 149.158 27.4084 0
      vertex 149.574 27.3086 0
    endloop
  endfacet
  facet normal 0 0 -1
    outer loop
      vertex 139.55 8.0018 0
      vertex 143.111 4.62819 0
      vertex 139.561 7.86101 0
    endloop
  endfacet
  facet normal 0 0 -1
    outer loop
      vertex 139.517 8.13913 0
      vertex 143.111 4.62819 0
      vertex 139.55 8.0018 0
    endloop
  endfacet
  facet normal 0 0 -1
    outer loop
      vertex 153.018 52 0
      vertex 146.936 56.1964 0
      vertex 146.947 56.3372 0
    endloop
  endfacet
  facet normal 0 0 -1
    outer loop
      vertex 147.309 30.4263 0
      vertex 146.903 56.0591 0
      vertex 146.936 56.1964 0
    endloop
  endfacet
  facet normal 0 0 -1
    outer loop
      vertex 147.309 30.4263 0
      vertex 146.849 55.9286 0
      vertex 146.903 56.0591 0
    endloop
  endfacet
  facet normal 0 0 -1
    outer loop
      vertex 147.309 30.4263 0
      vertex 146.775 55.8082 0
      vertex 146.849 55.9286 0
    endloop
  endfacet
  facet normal 0 0 -1
    outer loop
      vertex 147.309 30.4263 0
      vertex 146.683 55.7008 0
      vertex 146.775 55.8082 0
    endloop
  endfacet
  facet normal 0 0 -1
    outer loop
      vertex 147.309 30.4263 0
      vertex 146.576 55.6091 0
      vertex 146.683 55.7008 0
    endloop
  endfacet
  facet normal 0 0 -1
    outer loop
      vertex 147.309 30.4263 0
      vertex 146.455 55.5353 0
      vertex 146.576 55.6091 0
    endloop
  endfacet
  facet normal 0 0 -1
    outer loop
      vertex 147.309 30.4263 0
      vertex 146.325 55.4812 0
      vertex 146.455 55.5353 0
    endloop
  endfacet
  facet normal 0 0 -1
    outer loop
      vertex 147.309 30.4263 0
      vertex 146.188 55.4483 0
      vertex 146.325 55.4812 0
    endloop
  endfacet
  facet normal 0 0 -1
    outer loop
      vertex 147.309 30.4263 0
      vertex 139.823 52 0
      vertex 146.188 55.4483 0
    endloop
  endfacet
  facet normal 0 0 -1
    outer loop
      vertex 146.188 55.4483 0
      vertex 139.823 52 0
      vertex 146.047 55.4372 0
    endloop
  endfacet
  facet normal -0 0 -1
    outer loop
      vertex 146.047 55.4372 0
      vertex 139.823 52 0
      vertex 145.906 55.4483 0
    endloop
  endfacet
  facet normal -0 0 -1
    outer loop
      vertex 145.906 55.4483 0
      vertex 139.823 52 0
      vertex 145.769 55.4812 0
    endloop
  endfacet
  facet normal -0 0 -1
    outer loop
      vertex 145.769 55.4812 0
      vertex 139.823 52 0
      vertex 145.638 55.5353 0
    endloop
  endfacet
  facet normal -0 0 -1
    outer loop
      vertex 145.638 55.5353 0
      vertex 139.823 52 0
      vertex 145.518 55.6091 0
    endloop
  endfacet
  facet normal -0 0 -1
    outer loop
      vertex 145.518 55.6091 0
      vertex 139.823 52 0
      vertex 145.41 55.7008 0
    endloop
  endfacet
  facet normal -0 0 -1
    outer loop
      vertex 145.41 55.7008 0
      vertex 139.823 52 0
      vertex 145.319 55.8082 0
    endloop
  endfacet
  facet normal -0 0 -1
    outer loop
      vertex 145.319 55.8082 0
      vertex 139.823 52 0
      vertex 145.245 55.9286 0
    endloop
  endfacet
  facet normal -0 0 -1
    outer loop
      vertex 155.369 22 0
      vertex 139.19 8.58913 0
      vertex 149.158 27.4084 0
    endloop
  endfacet
  facet normal -0 0 -1
    outer loop
      vertex 145.245 55.9286 0
      vertex 139.823 52 0
      vertex 145.191 56.0591 0
    endloop
  endfacet
  facet normal 0 0 -1
    outer loop
      vertex 139.07 8.66292 0
      vertex 148.763 27.572 0
      vertex 139.19 8.58913 0
    endloop
  endfacet
  facet normal -0 0 -1
    outer loop
      vertex 149.158 27.4084 0
      vertex 139.19 8.58913 0
      vertex 148.763 27.572 0
    endloop
  endfacet
  facet normal 0 0 -1
    outer loop
      vertex 139.561 7.86101 0
      vertex 143.111 4.62819 0
      vertex 142.55 3.97192 0
    endloop
  endfacet
  facet normal 0 0 -1
    outer loop
      vertex 139.19 8.58913 0
      vertex 155.369 22 0
      vertex 139.298 8.49741 0
    endloop
  endfacet
  facet normal 0 0 -1
    outer loop
      vertex 139.298 8.49741 0
      vertex 155.369 22 0
      vertex 139.389 8.39001 0
    endloop
  endfacet
  facet normal 0 0 -1
    outer loop
      vertex 139.389 8.39001 0
      vertex 155.369 22 0
      vertex 139.463 8.26959 0
    endloop
  endfacet
  facet normal 0 0 -1
    outer loop
      vertex 143.111 4.62819 0
      vertex 139.463 8.26959 0
      vertex 155.369 22 0
    endloop
  endfacet
  facet normal 0 0 -1
    outer loop
      vertex 139.463 8.26959 0
      vertex 143.111 4.62819 0
      vertex 139.517 8.13913 0
    endloop
  endfacet
  facet normal -0 0 -1
    outer loop
      vertex 197.805 7.58289 0
      vertex 193.43 6.16141 0
      vertex 197.772 7.72021 0
    endloop
  endfacet
  facet normal 0 0 -1
    outer loop
      vertex 193.229 7.00063 0
      vertex 197.772 7.72021 0
      vertex 193.43 6.16141 0
    endloop
  endfacet
  facet normal -0 0 -1
    outer loop
      vertex 197.772 7.72021 0
      vertex 193.229 7.00063 0
      vertex 197.761 7.86101 0
    endloop
  endfacet
  facet normal 0 0 -1
    outer loop
      vertex 193.161 7.86101 0
      vertex 197.761 7.86101 0
      vertex 193.229 7.00063 0
    endloop
  endfacet
  facet normal 0 0 -1
    outer loop
      vertex 197.761 7.86101 0
      vertex 193.161 7.86101 0
      vertex 197.772 8.0018 0
    endloop
  endfacet
  facet normal 0 0 -1
    outer loop
      vertex 197.772 8.0018 0
      vertex 193.229 8.72139 0
      vertex 195.252 22 0
    endloop
  endfacet
  facet normal -0 0 -1
    outer loop
      vertex 197.772 8.0018 0
      vertex 193.161 7.86101 0
      vertex 193.229 8.72139 0
    endloop
  endfacet
  facet normal -0 0 -1
    outer loop
      vertex 208.763 27.572 0
      vertex 199.07 8.66292 0
      vertex 208.398 27.7954 0
    endloop
  endfacet
  facet normal 0 0 -1
    outer loop
      vertex 201.158 2.96046 0
      vertex 199.55 7.72021 0
      vertex 199.561 7.86101 0
    endloop
  endfacet
  facet normal 0 0 -1
    outer loop
      vertex 198.939 7.00505 0
      vertex 200.361 2.6302 0
      vertex 199.521 2.42873 0
    endloop
  endfacet
  facet normal 0 0 -1
    outer loop
      vertex 201.158 2.96046 0
      vertex 199.517 7.58289 0
      vertex 199.55 7.72021 0
    endloop
  endfacet
  facet normal 0 0 -1
    outer loop
      vertex 201.158 2.96046 0
      vertex 199.463 7.45242 0
      vertex 199.517 7.58289 0
    endloop
  endfacet
  facet normal 0 0 -1
    outer loop
      vertex 201.158 2.96046 0
      vertex 199.389 7.332 0
      vertex 199.463 7.45242 0
    endloop
  endfacet
  facet normal 0 0 -1
    outer loop
      vertex 201.158 2.96046 0
      vertex 199.297 7.22461 0
      vertex 199.389 7.332 0
    endloop
  endfacet
  facet normal 0 0 -1
    outer loop
      vertex 201.158 2.96046 0
      vertex 199.19 7.13289 0
      vertex 199.297 7.22461 0
    endloop
  endfacet
  facet normal 0 0 -1
    outer loop
      vertex 201.158 2.96046 0
      vertex 199.07 7.0591 0
      vertex 199.19 7.13289 0
    endloop
  endfacet
  facet normal 0 0 -1
    outer loop
      vertex 200.361 2.6302 0
      vertex 198.939 7.00505 0
      vertex 199.07 7.0591 0
    endloop
  endfacet
  facet normal 0 0 -1
    outer loop
      vertex 199.521 2.42873 0
      vertex 198.802 6.97209 0
      vertex 198.939 7.00505 0
    endloop
  endfacet
  facet normal 0 0 -1
    outer loop
      vertex 198.661 2.36101 0
      vertex 198.802 6.97209 0
      vertex 199.521 2.42873 0
    endloop
  endfacet
  facet normal 0 0 -1
    outer loop
      vertex 198.661 2.36101 0
      vertex 198.661 6.96101 0
      vertex 198.802 6.97209 0
    endloop
  endfacet
  facet normal 0 0 -1
    outer loop
      vertex 198.661 2.36101 0
      vertex 198.52 6.97209 0
      vertex 198.661 6.96101 0
    endloop
  endfacet
  facet normal 0 0 -1
    outer loop
      vertex 197.801 2.42873 0
      vertex 198.52 6.97209 0
      vertex 198.661 2.36101 0
    endloop
  endfacet
  facet normal -0 0 -1
    outer loop
      vertex 198.52 6.97209 0
      vertex 197.801 2.42873 0
      vertex 198.383 7.00505 0
    endloop
  endfacet
  facet normal 0 0 -1
    outer loop
      vertex 196.962 2.6302 0
      vertex 198.383 7.00505 0
      vertex 197.801 2.42873 0
    endloop
  endfacet
  facet normal -0 0 -1
    outer loop
      vertex 198.383 7.00505 0
      vertex 196.962 2.6302 0
      vertex 198.253 7.0591 0
    endloop
  endfacet
  facet normal 0 0 -1
    outer loop
      vertex 196.164 2.96046 0
      vertex 198.253 7.0591 0
      vertex 196.962 2.6302 0
    endloop
  endfacet
  facet normal -0 0 -1
    outer loop
      vertex 198.253 7.0591 0
      vertex 196.164 2.96046 0
      vertex 198.132 7.13289 0
    endloop
  endfacet
  facet normal 0 0 -1
    outer loop
      vertex 195.428 3.41141 0
      vertex 198.132 7.13289 0
      vertex 196.164 2.96046 0
    endloop
  endfacet
  facet normal -0 0 -1
    outer loop
      vertex 198.132 7.13289 0
      vertex 195.428 3.41141 0
      vertex 198.025 7.22461 0
    endloop
  endfacet
  facet normal 0 0 -1
    outer loop
      vertex 194.772 3.97192 0
      vertex 198.025 7.22461 0
      vertex 195.428 3.41141 0
    endloop
  endfacet
  facet normal -0 0 -1
    outer loop
      vertex 198.025 7.22461 0
      vertex 194.772 3.97192 0
      vertex 197.933 7.332 0
    endloop
  endfacet
  facet normal 0 0 -1
    outer loop
      vertex 194.212 4.62819 0
      vertex 197.933 7.332 0
      vertex 194.772 3.97192 0
    endloop
  endfacet
  facet normal 0 0 -1
    outer loop
      vertex 193.761 5.36406 0
      vertex 197.859 7.45242 0
      vertex 194.212 4.62819 0
    endloop
  endfacet
  facet normal -0 0 -1
    outer loop
      vertex 197.859 7.45242 0
      vertex 193.761 5.36406 0
      vertex 197.805 7.58289 0
    endloop
  endfacet
  facet normal 0 0 -1
    outer loop
      vertex 193.43 6.16141 0
      vertex 197.805 7.58289 0
      vertex 193.761 5.36406 0
    endloop
  endfacet
  facet normal 0 0 -1
    outer loop
      vertex 197.772 8.0018 0
      vertex 195.252 22 0
      vertex 197.69 38 0
    endloop
  endfacet
  facet normal 0 0 -1
    outer loop
      vertex 180.9 30 0
      vertex 197.69 38 0
      vertex 195.252 22 0
    endloop
  endfacet
  facet normal 0 0 -1
    outer loop
      vertex 180.889 30.1408 0
      vertex 197.69 38 0
      vertex 180.9 30 0
    endloop
  endfacet
  facet normal 0 0 -1
    outer loop
      vertex 180.856 30.2781 0
      vertex 197.69 38 0
      vertex 180.889 30.1408 0
    endloop
  endfacet
  facet normal 0 0 -1
    outer loop
      vertex 180.802 30.4086 0
      vertex 197.69 38 0
      vertex 180.856 30.2781 0
    endloop
  endfacet
  facet normal 0 0 -1
    outer loop
      vertex 180.728 30.529 0
      vertex 197.69 38 0
      vertex 180.802 30.4086 0
    endloop
  endfacet
  facet normal 0 0 -1
    outer loop
      vertex 180.636 30.6364 0
      vertex 197.69 38 0
      vertex 180.728 30.529 0
    endloop
  endfacet
  facet normal 0 0 -1
    outer loop
      vertex 180.529 30.7281 0
      vertex 197.69 38 0
      vertex 180.636 30.6364 0
    endloop
  endfacet
  facet normal 0 0 -1
    outer loop
      vertex 180.409 30.8019 0
      vertex 197.69 38 0
      vertex 180.529 30.7281 0
    endloop
  endfacet
  facet normal 0 0 -1
    outer loop
      vertex 180.278 30.8559 0
      vertex 197.69 38 0
      vertex 180.409 30.8019 0
    endloop
  endfacet
  facet normal 0 0 -1
    outer loop
      vertex 180.141 30.8889 0
      vertex 197.69 38 0
      vertex 180.278 30.8559 0
    endloop
  endfacet
  facet normal 0 0 -1
    outer loop
      vertex 180 30.9 0
      vertex 197.69 38 0
      vertex 180.141 30.8889 0
    endloop
  endfacet
  facet normal 0 0 -1
    outer loop
      vertex 179.859 30.8889 0
      vertex 197.69 38 0
      vertex 180 30.9 0
    endloop
  endfacet
  facet normal 0 0 -1
    outer loop
      vertex 157.055 38 0
      vertex 179.859 30.8889 0
      vertex 179.722 30.8559 0
    endloop
  endfacet
  facet normal 0 0 -1
    outer loop
      vertex 179.859 30.8889 0
      vertex 157.055 38 0
      vertex 197.69 38 0
    endloop
  endfacet
  facet normal 0 0 -1
    outer loop
      vertex 179.591 30.8019 0
      vertex 157.055 38 0
      vertex 179.722 30.8559 0
    endloop
  endfacet
  facet normal 0 0 -1
    outer loop
      vertex 179.471 30.7281 0
      vertex 157.055 38 0
      vertex 179.591 30.8019 0
    endloop
  endfacet
  facet normal 0 0 -1
    outer loop
      vertex 179.364 30.6364 0
      vertex 157.055 38 0
      vertex 179.471 30.7281 0
    endloop
  endfacet
  facet normal 0 0 -1
    outer loop
      vertex 179.272 30.529 0
      vertex 157.055 38 0
      vertex 179.364 30.6364 0
    endloop
  endfacet
  facet normal 0 0 -1
    outer loop
      vertex 179.198 30.4086 0
      vertex 157.055 38 0
      vertex 179.272 30.529 0
    endloop
  endfacet
  facet normal 0 0 -1
    outer loop
      vertex 179.144 30.2781 0
      vertex 157.055 38 0
      vertex 179.198 30.4086 0
    endloop
  endfacet
  facet normal 0 0 -1
    outer loop
      vertex 179.111 30.1408 0
      vertex 157.055 38 0
      vertex 179.144 30.2781 0
    endloop
  endfacet
  facet normal 0 0 -1
    outer loop
      vertex 157.055 38 0
      vertex 179.111 30.1408 0
      vertex 179.1 30 0
    endloop
  endfacet
  facet normal 0 0 -1
    outer loop
      vertex 211.237 32.428 0
      vertex 220.462 33.3992 0
      vertex 211.602 32.2046 0
    endloop
  endfacet
  facet normal -0 0 -1
    outer loop
      vertex 220.462 33.3992 0
      vertex 211.237 32.428 0
      vertex 213.528 52 0
    endloop
  endfacet
  facet normal 0 0 -1
    outer loop
      vertex 210.842 32.5916 0
      vertex 213.528 52 0
      vertex 211.237 32.428 0
    endloop
  endfacet
  facet normal 0 0 -1
    outer loop
      vertex 210.426 32.6914 0
      vertex 213.528 52 0
      vertex 210.842 32.5916 0
    endloop
  endfacet
  facet normal 0 0 -1
    outer loop
      vertex 210 32.725 0
      vertex 213.528 52 0
      vertex 210.426 32.6914 0
    endloop
  endfacet
  facet normal 0 0 -1
    outer loop
      vertex 209.574 32.6914 0
      vertex 213.528 52 0
      vertex 210 32.725 0
    endloop
  endfacet
  facet normal 0 0 -1
    outer loop
      vertex 209.158 32.5916 0
      vertex 213.528 52 0
      vertex 209.574 32.6914 0
    endloop
  endfacet
  facet normal -0 0 -1
    outer loop
      vertex 213.528 52 0
      vertex 209.158 32.5916 0
      vertex 199.823 52 0
    endloop
  endfacet
  facet normal 0 0 -1
    outer loop
      vertex 199.823 52 0
      vertex 209.158 32.5916 0
      vertex 208.763 32.428 0
    endloop
  endfacet
  facet normal 0 0 -1
    outer loop
      vertex 199.823 52 0
      vertex 208.763 32.428 0
      vertex 208.398 32.2046 0
    endloop
  endfacet
  facet normal 0 0 -1
    outer loop
      vertex 199.823 52 0
      vertex 208.398 32.2046 0
      vertex 208.073 31.9269 0
    endloop
  endfacet
  facet normal 0 0 -1
    outer loop
      vertex 199.823 52 0
      vertex 208.073 31.9269 0
      vertex 207.795 31.6017 0
    endloop
  endfacet
  facet normal 0 0 -1
    outer loop
      vertex 199.823 52 0
      vertex 207.795 31.6017 0
      vertex 207.572 31.2371 0
    endloop
  endfacet
  facet normal 0 0 -1
    outer loop
      vertex 199.823 52 0
      vertex 207.572 31.2371 0
      vertex 207.408 30.8421 0
    endloop
  endfacet
  facet normal 0 0 -1
    outer loop
      vertex 199.823 52 0
      vertex 207.408 30.8421 0
      vertex 207.309 30.4263 0
    endloop
  endfacet
  facet normal 0 0 -1
    outer loop
      vertex 199.823 52 0
      vertex 207.309 30.4263 0
      vertex 207.275 30 0
    endloop
  endfacet
  facet normal 0 -0 -1
    outer loop
      vertex 206.947 56.3372 0
      vertex 213.528 52 0
      vertex 206.936 56.1964 0
    endloop
  endfacet
  facet normal 0 0 -1
    outer loop
      vertex 213.528 52 0
      vertex 206.936 56.478 0
      vertex 212.1 62.9 0
    endloop
  endfacet
  facet normal 0 0 -1
    outer loop
      vertex 206.903 56.6153 0
      vertex 212.1 62.9 0
      vertex 206.936 56.478 0
    endloop
  endfacet
  facet normal 0 0 -1
    outer loop
      vertex 206.849 56.7458 0
      vertex 212.1 62.9 0
      vertex 206.903 56.6153 0
    endloop
  endfacet
  facet normal 0 0 -1
    outer loop
      vertex 206.775 56.8662 0
      vertex 212.1 62.9 0
      vertex 206.849 56.7458 0
    endloop
  endfacet
  facet normal 0 0 -1
    outer loop
      vertex 206.683 56.9736 0
      vertex 212.1 62.9 0
      vertex 206.775 56.8662 0
    endloop
  endfacet
  facet normal 0 0 -1
    outer loop
      vertex 206.576 57.0653 0
      vertex 212.1 62.9 0
      vertex 206.683 56.9736 0
    endloop
  endfacet
  facet normal 0 0 -1
    outer loop
      vertex 206.455 57.1391 0
      vertex 212.1 62.9 0
      vertex 206.576 57.0653 0
    endloop
  endfacet
  facet normal 0 0 -1
    outer loop
      vertex 206.325 57.1931 0
      vertex 212.1 62.9 0
      vertex 206.455 57.1391 0
    endloop
  endfacet
  facet normal 0 0 -1
    outer loop
      vertex 203.9 62.9 0
      vertex 206.325 57.1931 0
      vertex 206.188 57.2261 0
    endloop
  endfacet
  facet normal 0 0 -1
    outer loop
      vertex 203.9 62.9 0
      vertex 206.188 57.2261 0
      vertex 206.047 57.2372 0
    endloop
  endfacet
  facet normal 0 0 -1
    outer loop
      vertex 203.9 62.9 0
      vertex 206.047 57.2372 0
      vertex 205.906 57.2261 0
    endloop
  endfacet
  facet normal 0 0 -1
    outer loop
      vertex 203.9 62.9 0
      vertex 205.906 57.2261 0
      vertex 205.769 57.1931 0
    endloop
  endfacet
  facet normal 0 0 -1
    outer loop
      vertex 203.9 62.9 0
      vertex 205.769 57.1931 0
      vertex 205.638 57.1391 0
    endloop
  endfacet
  facet normal 0 0 -1
    outer loop
      vertex 203.9 62.9 0
      vertex 205.638 57.1391 0
      vertex 205.518 57.0653 0
    endloop
  endfacet
  facet normal 0 0 -1
    outer loop
      vertex 203.9 62.9 0
      vertex 205.518 57.0653 0
      vertex 205.41 56.9736 0
    endloop
  endfacet
  facet normal 0 0 -1
    outer loop
      vertex 206.325 57.1931 0
      vertex 203.9 62.9 0
      vertex 212.1 62.9 0
    endloop
  endfacet
  facet normal 0 0 -1
    outer loop
      vertex 205.319 56.8662 0
      vertex 203.9 62.9 0
      vertex 205.41 56.9736 0
    endloop
  endfacet
  facet normal 0 0 -1
    outer loop
      vertex 205.245 56.7458 0
      vertex 203.9 62.9 0
      vertex 205.319 56.8662 0
    endloop
  endfacet
  facet normal 0 0 -1
    outer loop
      vertex 205.191 56.6153 0
      vertex 203.9 62.9 0
      vertex 205.245 56.7458 0
    endloop
  endfacet
  facet normal 0 0 -1
    outer loop
      vertex 199.823 52 0
      vertex 205.191 56.6153 0
      vertex 205.158 56.478 0
    endloop
  endfacet
  facet normal 0 0 -1
    outer loop
      vertex 199.823 52 0
      vertex 205.158 56.478 0
      vertex 205.147 56.3372 0
    endloop
  endfacet
  facet normal 0 0 -1
    outer loop
      vertex 212.725 30 0
      vertex 221 30 0
      vertex 220.865 28.2792 0
    endloop
  endfacet
  facet normal 0 0 -1
    outer loop
      vertex 212.691 29.5737 0
      vertex 220.865 28.2792 0
      vertex 220.462 26.6008 0
    endloop
  endfacet
  facet normal 0 0 -1
    outer loop
      vertex 221 30 0
      vertex 212.725 30 0
      vertex 220.865 31.7208 0
    endloop
  endfacet
  facet normal 0 0 -1
    outer loop
      vertex 212.592 29.1579 0
      vertex 220.462 26.6008 0
      vertex 219.801 25.0061 0
    endloop
  endfacet
  facet normal 0 0 -1
    outer loop
      vertex 212.428 28.7629 0
      vertex 219.801 25.0061 0
      vertex 218.899 23.5344 0
    endloop
  endfacet
  facet normal 0 0 -1
    outer loop
      vertex 220.865 28.2792 0
      vertex 212.691 29.5737 0
      vertex 212.725 30 0
    endloop
  endfacet
  facet normal -0 0 -1
    outer loop
      vertex 220.865 31.7208 0
      vertex 212.691 30.4263 0
      vertex 220.462 33.3992 0
    endloop
  endfacet
  facet normal 0 0 -1
    outer loop
      vertex 212.691 30.4263 0
      vertex 220.865 31.7208 0
      vertex 212.725 30 0
    endloop
  endfacet
  facet normal 0 0 -1
    outer loop
      vertex 220.462 26.6008 0
      vertex 212.592 29.1579 0
      vertex 212.691 29.5737 0
    endloop
  endfacet
  facet normal 0 0 -1
    outer loop
      vertex 219.801 25.0061 0
      vertex 212.428 28.7629 0
      vertex 212.592 29.1579 0
    endloop
  endfacet
  facet normal 0 0 -1
    outer loop
      vertex 218.899 23.5344 0
      vertex 212.205 28.3983 0
      vertex 212.428 28.7629 0
    endloop
  endfacet
  facet normal 0 0 -1
    outer loop
      vertex 218.899 23.5344 0
      vertex 211.927 28.0731 0
      vertex 212.205 28.3983 0
    endloop
  endfacet
  facet normal 0 0 -1
    outer loop
      vertex 218.899 23.5344 0
      vertex 211.602 27.7954 0
      vertex 211.927 28.0731 0
    endloop
  endfacet
  facet normal 0 0 -1
    outer loop
      vertex 218.899 23.5344 0
      vertex 211.237 27.572 0
      vertex 211.602 27.7954 0
    endloop
  endfacet
  facet normal 0 0 -1
    outer loop
      vertex 218.899 23.5344 0
      vertex 210.842 27.4084 0
      vertex 211.237 27.572 0
    endloop
  endfacet
  facet normal 0 0 -1
    outer loop
      vertex 218.899 23.5344 0
      vertex 210.426 27.3086 0
      vertex 210.842 27.4084 0
    endloop
  endfacet
  facet normal 0 0 -1
    outer loop
      vertex 218.899 23.5344 0
      vertex 210 27.275 0
      vertex 210.426 27.3086 0
    endloop
  endfacet
  facet normal 0 0 -1
    outer loop
      vertex 203.111 4.62819 0
      vertex 210 27.275 0
      vertex 218.899 23.5344 0
    endloop
  endfacet
  facet normal 0 0 -1
    outer loop
      vertex 199.55 8.0018 0
      vertex 203.111 4.62819 0
      vertex 199.561 7.86101 0
    endloop
  endfacet
  facet normal 0 0 -1
    outer loop
      vertex 206.936 56.478 0
      vertex 213.528 52 0
      vertex 206.947 56.3372 0
    endloop
  endfacet
  facet normal 0 0 -1
    outer loop
      vertex 213.528 52 0
      vertex 206.903 56.0591 0
      vertex 206.936 56.1964 0
    endloop
  endfacet
  facet normal 0 0 -1
    outer loop
      vertex 213.528 52 0
      vertex 206.849 55.9286 0
      vertex 206.903 56.0591 0
    endloop
  endfacet
  facet normal 0 0 -1
    outer loop
      vertex 213.528 52 0
      vertex 206.775 55.8082 0
      vertex 206.849 55.9286 0
    endloop
  endfacet
  facet normal 0 0 -1
    outer loop
      vertex 213.528 52 0
      vertex 206.683 55.7008 0
      vertex 206.775 55.8082 0
    endloop
  endfacet
  facet normal 0 0 -1
    outer loop
      vertex 213.528 52 0
      vertex 206.576 55.6091 0
      vertex 206.683 55.7008 0
    endloop
  endfacet
  facet normal 0 0 -1
    outer loop
      vertex 213.528 52 0
      vertex 206.455 55.5353 0
      vertex 206.576 55.6091 0
    endloop
  endfacet
  facet normal 0 0 -1
    outer loop
      vertex 213.528 52 0
      vertex 206.325 55.4812 0
      vertex 206.455 55.5353 0
    endloop
  endfacet
  facet normal 0 0 -1
    outer loop
      vertex 213.528 52 0
      vertex 206.188 55.4483 0
      vertex 206.325 55.4812 0
    endloop
  endfacet
  facet normal 0 -0 -1
    outer loop
      vertex 206.047 55.4372 0
      vertex 213.528 52 0
      vertex 199.823 52 0
    endloop
  endfacet
  facet normal 0 0 -1
    outer loop
      vertex 213.528 52 0
      vertex 206.047 55.4372 0
      vertex 206.188 55.4483 0
    endloop
  endfacet
  facet normal -0 0 -1
    outer loop
      vertex 206.047 55.4372 0
      vertex 199.823 52 0
      vertex 205.906 55.4483 0
    endloop
  endfacet
  facet normal -0 0 -1
    outer loop
      vertex 205.906 55.4483 0
      vertex 199.823 52 0
      vertex 205.769 55.4812 0
    endloop
  endfacet
  facet normal -0 0 -1
    outer loop
      vertex 205.769 55.4812 0
      vertex 199.823 52 0
      vertex 205.638 55.5353 0
    endloop
  endfacet
  facet normal -0 0 -1
    outer loop
      vertex 205.638 55.5353 0
      vertex 199.823 52 0
      vertex 205.518 55.6091 0
    endloop
  endfacet
  facet normal -0 0 -1
    outer loop
      vertex 205.518 55.6091 0
      vertex 199.823 52 0
      vertex 205.41 55.7008 0
    endloop
  endfacet
  facet normal -0 0 -1
    outer loop
      vertex 205.41 55.7008 0
      vertex 199.823 52 0
      vertex 205.319 55.8082 0
    endloop
  endfacet
  facet normal -0 0 -1
    outer loop
      vertex 205.319 55.8082 0
      vertex 199.823 52 0
      vertex 205.245 55.9286 0
    endloop
  endfacet
  facet normal -0 0 -1
    outer loop
      vertex 209.158 27.4084 0
      vertex 199.19 8.58913 0
      vertex 208.763 27.572 0
    endloop
  endfacet
  facet normal -0 0 -1
    outer loop
      vertex 205.245 55.9286 0
      vertex 199.823 52 0
      vertex 205.191 56.0591 0
    endloop
  endfacet
  facet normal 0 0 -1
    outer loop
      vertex 199.823 52 0
      vertex 205.147 56.3372 0
      vertex 205.158 56.1964 0
    endloop
  endfacet
  facet normal -0 0 -1
    outer loop
      vertex 205.191 56.0591 0
      vertex 199.823 52 0
      vertex 205.158 56.1964 0
    endloop
  endfacet
  facet normal 0 0 -1
    outer loop
      vertex 199.517 8.13913 0
      vertex 203.111 4.62819 0
      vertex 199.55 8.0018 0
    endloop
  endfacet
  facet normal 0 0 -1
    outer loop
      vertex 199.463 8.26959 0
      vertex 203.111 4.62819 0
      vertex 199.517 8.13913 0
    endloop
  endfacet
  facet normal 0 0 -1
    outer loop
      vertex 199.389 8.39001 0
      vertex 203.111 4.62819 0
      vertex 199.463 8.26959 0
    endloop
  endfacet
  facet normal 0 0 -1
    outer loop
      vertex 203.111 4.62819 0
      vertex 199.389 8.39001 0
      vertex 210 27.275 0
    endloop
  endfacet
  facet normal -0 0 -1
    outer loop
      vertex 210 27.275 0
      vertex 199.389 8.39001 0
      vertex 209.574 27.3086 0
    endloop
  endfacet
  facet normal 0 0 -1
    outer loop
      vertex 199.297 8.49741 0
      vertex 209.574 27.3086 0
      vertex 199.389 8.39001 0
    endloop
  endfacet
  facet normal 0 0 -1
    outer loop
      vertex 202.55 3.97192 0
      vertex 199.561 7.86101 0
      vertex 203.111 4.62819 0
    endloop
  endfacet
  facet normal -0 0 -1
    outer loop
      vertex 209.574 27.3086 0
      vertex 199.297 8.49741 0
      vertex 209.158 27.4084 0
    endloop
  endfacet
  facet normal 0 0 -1
    outer loop
      vertex 199.19 8.58913 0
      vertex 209.158 27.4084 0
      vertex 199.297 8.49741 0
    endloop
  endfacet
  facet normal -0 0 -1
    outer loop
      vertex 205.191 56.6153 0
      vertex 199.823 52 0
      vertex 203.9 62.9 0
    endloop
  endfacet
  facet normal 0 0 -1
    outer loop
      vertex 201.894 3.41141 0
      vertex 199.561 7.86101 0
      vertex 202.55 3.97192 0
    endloop
  endfacet
  facet normal 0 0 -1
    outer loop
      vertex 201.158 2.96046 0
      vertex 199.561 7.86101 0
      vertex 201.894 3.41141 0
    endloop
  endfacet
  facet normal 0 0 -1
    outer loop
      vertex 199.07 7.0591 0
      vertex 201.158 2.96046 0
      vertex 200.361 2.6302 0
    endloop
  endfacet
  facet normal 0 0 -1
    outer loop
      vertex 199.07 8.66292 0
      vertex 208.763 27.572 0
      vertex 199.19 8.58913 0
    endloop
  endfacet
  facet normal 0 0 -1
    outer loop
      vertex 186.237 55.1779 0
      vertex 203.9 62.9 0
      vertex 199.823 52 0
    endloop
  endfacet
  facet normal 0 0 -1
    outer loop
      vertex 186.914 53.095 0
      vertex 199.823 52 0
      vertex 187 52 0
    endloop
  endfacet
  facet normal 0 0 -1
    outer loop
      vertex 186.657 54.1631 0
      vertex 199.823 52 0
      vertex 186.914 53.095 0
    endloop
  endfacet
  facet normal 0 0 -1
    outer loop
      vertex 186.237 55.1779 0
      vertex 199.823 52 0
      vertex 186.657 54.1631 0
    endloop
  endfacet
  facet normal 0 0 -1
    outer loop
      vertex 203.9 62.9 0
      vertex 186.237 55.1779 0
      vertex 185.663 56.1145 0
    endloop
  endfacet
  facet normal 0 0 -1
    outer loop
      vertex 184.95 56.9497 0
      vertex 203.9 62.9 0
      vertex 185.663 56.1145 0
    endloop
  endfacet
  facet normal -0 0 -1
    outer loop
      vertex 203.9 62.9 0
      vertex 184.95 56.9497 0
      vertex 203.9 67 0
    endloop
  endfacet
  facet normal 0 0 -1
    outer loop
      vertex 184.114 57.6631 0
      vertex 203.9 67 0
      vertex 184.95 56.9497 0
    endloop
  endfacet
  facet normal 0 0 -1
    outer loop
      vertex 178.1 67 0
      vertex 184.114 57.6631 0
      vertex 183.178 58.237 0
    endloop
  endfacet
  facet normal 0 0 -1
    outer loop
      vertex 178.1 67 0
      vertex 183.178 58.237 0
      vertex 182.163 58.6574 0
    endloop
  endfacet
  facet normal 0 0 -1
    outer loop
      vertex 178.1 62.9 0
      vertex 182.163 58.6574 0
      vertex 181.095 58.9138 0
    endloop
  endfacet
  facet normal 0 0 -1
    outer loop
      vertex 178.1 62.9 0
      vertex 181.095 58.9138 0
      vertex 180 59 0
    endloop
  endfacet
  facet normal 0 0 -1
    outer loop
      vertex 178.1 62.9 0
      vertex 180 59 0
      vertex 178.905 58.9138 0
    endloop
  endfacet
  facet normal 0 0 -1
    outer loop
      vertex 182.163 58.6574 0
      vertex 178.1 62.9 0
      vertex 178.1 67 0
    endloop
  endfacet
  facet normal 0 0 -1
    outer loop
      vertex 184.114 57.6631 0
      vertex 178.1 67 0
      vertex 203.9 67 0
    endloop
  endfacet
  facet normal 0 0 -1
    outer loop
      vertex 212.1 62.9 0
      vertex 224 52 0
      vertex 213.528 52 0
    endloop
  endfacet
  facet normal 0 0 -1
    outer loop
      vertex 220.462 33.3992 0
      vertex 212.691 30.4263 0
      vertex 212.592 30.8421 0
    endloop
  endfacet
  facet normal 0 0 -1
    outer loop
      vertex 220.462 33.3992 0
      vertex 212.592 30.8421 0
      vertex 212.428 31.2371 0
    endloop
  endfacet
  facet normal 0 0 -1
    outer loop
      vertex 212.205 31.6017 0
      vertex 220.462 33.3992 0
      vertex 212.428 31.2371 0
    endloop
  endfacet
  facet normal 0 0 -1
    outer loop
      vertex 211.927 31.9269 0
      vertex 220.462 33.3992 0
      vertex 212.205 31.6017 0
    endloop
  endfacet
  facet normal 0 0 -1
    outer loop
      vertex 211.602 32.2046 0
      vertex 220.462 33.3992 0
      vertex 211.927 31.9269 0
    endloop
  endfacet
  facet normal 0 0 -1
    outer loop
      vertex 224 52 0
      vertex 212.1 62.9 0
      vertex 224 67 0
    endloop
  endfacet
  facet normal -0 0 -1
    outer loop
      vertex 224 67 0
      vertex 212.1 62.9 0
      vertex 212.1 67 0
    endloop
  endfacet
  facet normal 0 0 -1
    outer loop
      vertex 198.939 8.71696 0
      vertex 208.398 27.7954 0
      vertex 199.07 8.66292 0
    endloop
  endfacet
  facet normal 0 0 -1
    outer loop
      vertex 198.802 8.74992 0
      vertex 208.398 27.7954 0
      vertex 198.939 8.71696 0
    endloop
  endfacet
  facet normal -0 0 -1
    outer loop
      vertex 208.398 27.7954 0
      vertex 198.802 8.74992 0
      vertex 208.073 28.0731 0
    endloop
  endfacet
  facet normal 0 0 -1
    outer loop
      vertex 198.661 8.761 0
      vertex 208.073 28.0731 0
      vertex 198.802 8.74992 0
    endloop
  endfacet
  facet normal -0 0 -1
    outer loop
      vertex 208.073 28.0731 0
      vertex 198.661 8.761 0
      vertex 207.795 28.3983 0
    endloop
  endfacet
  facet normal 0 0 -1
    outer loop
      vertex 198.52 8.74992 0
      vertex 207.795 28.3983 0
      vertex 198.661 8.761 0
    endloop
  endfacet
  facet normal -0 0 -1
    outer loop
      vertex 207.795 28.3983 0
      vertex 198.52 8.74992 0
      vertex 207.572 28.7629 0
    endloop
  endfacet
  facet normal 0 0 -1
    outer loop
      vertex 198.383 8.71696 0
      vertex 207.572 28.7629 0
      vertex 198.52 8.74992 0
    endloop
  endfacet
  facet normal -0 0 -1
    outer loop
      vertex 207.572 28.7629 0
      vertex 198.383 8.71696 0
      vertex 207.408 29.1579 0
    endloop
  endfacet
  facet normal 0 0 -1
    outer loop
      vertex 197.69 38 0
      vertex 207.408 29.1579 0
      vertex 198.383 8.71696 0
    endloop
  endfacet
  facet normal 0 0 -1
    outer loop
      vertex 207.408 29.1579 0
      vertex 197.69 38 0
      vertex 207.309 29.5737 0
    endloop
  endfacet
  facet normal 0 0 -1
    outer loop
      vertex 207.309 29.5737 0
      vertex 197.69 38 0
      vertex 207.275 30 0
    endloop
  endfacet
  facet normal 0 0 -1
    outer loop
      vertex 197.69 38 0
      vertex 198.383 8.71696 0
      vertex 198.253 8.66292 0
    endloop
  endfacet
  facet normal 0 0 -1
    outer loop
      vertex 197.69 38 0
      vertex 198.253 8.66292 0
      vertex 198.132 8.58913 0
    endloop
  endfacet
  facet normal 0 0 -1
    outer loop
      vertex 197.69 38 0
      vertex 198.132 8.58913 0
      vertex 198.025 8.49741 0
    endloop
  endfacet
  facet normal 0 0 -1
    outer loop
      vertex 197.69 38 0
      vertex 198.025 8.49741 0
      vertex 197.933 8.39001 0
    endloop
  endfacet
  facet normal 0 0 -1
    outer loop
      vertex 197.69 38 0
      vertex 197.933 8.39001 0
      vertex 197.859 8.26959 0
    endloop
  endfacet
  facet normal 0 0 -1
    outer loop
      vertex 197.69 38 0
      vertex 197.859 8.26959 0
      vertex 197.805 8.13913 0
    endloop
  endfacet
  facet normal 0 0 -1
    outer loop
      vertex 197.69 38 0
      vertex 197.805 8.13913 0
      vertex 197.772 8.0018 0
    endloop
  endfacet
  facet normal -0 0 -1
    outer loop
      vertex 197.933 7.332 0
      vertex 194.212 4.62819 0
      vertex 197.859 7.45242 0
    endloop
  endfacet
  facet normal 0 0 -1
    outer loop
      vertex 207.275 30 0
      vertex 197.69 38 0
      vertex 199.823 52 0
    endloop
  endfacet
  facet normal -0 0 1
    outer loop
      vertex 6 67 4
      vertex 17.9 62.9 4
      vertex 17.9 67 4
    endloop
  endfacet
  facet normal 0 0 1
    outer loop
      vertex 17.9 62.9 4
      vertex 15.0083 52 4
      vertex 15.7301 51.545 4
    endloop
  endfacet
  facet normal 0 0 1
    outer loop
      vertex 15.7301 51.545 4
      vertex 15.0083 52 4
      vertex 15.0611 51.9549 4
    endloop
  endfacet
  facet normal 0 0 1
    outer loop
      vertex 6 52 4
      vertex 17.9 62.9 4
      vertex 6 67 4
    endloop
  endfacet
  facet normal 0 0 1
    outer loop
      vertex 17.9 62.9 4
      vertex 6 52 4
      vertex 15.0083 52 4
    endloop
  endfacet
  facet normal 0 0 1
    outer loop
      vertex 26.1 62.9 4
      vertex 47.9 62.9 4
      vertex 47.9 67 4
    endloop
  endfacet
  facet normal 0 0 1
    outer loop
      vertex 26.1 62.9 4
      vertex 47.9 67 4
      vertex 26.1 67 4
    endloop
  endfacet
  facet normal 0 0 1
    outer loop
      vertex 47.9 62.9 4
      vertex 26.1 62.9 4
      vertex 46.0668 52 4
    endloop
  endfacet
  facet normal 0 0 1
    outer loop
      vertex 15.7301 51.545 4
      vertex 46.0668 52 4
      vertex 26.1 62.9 4
    endloop
  endfacet
  facet normal 0 0 1
    outer loop
      vertex 15.7301 51.545 4
      vertex 26.1 62.9 4
      vertex 17.9 62.9 4
    endloop
  endfacet
  facet normal 0 0 1
    outer loop
      vertex 46.0668 52 4
      vertex 15.7301 51.545 4
      vertex 46.0179 37.594 4
    endloop
  endfacet
  facet normal -0 0 1
    outer loop
      vertex 79.55 7.72021 4
      vertex 83.1107 4.62819 4
      vertex 79.5611 7.86101 4
    endloop
  endfacet
  facet normal 0 -0 1
    outer loop
      vertex 79.5171 8.13913 4
      vertex 85.1579 56.1964 4
      vertex 78.2062 41.3902 4
    endloop
  endfacet
  facet normal 0 0 1
    outer loop
      vertex 85.1579 56.1964 4
      vertex 79.5171 8.13913 4
      vertex 79.55 8.0018 4
    endloop
  endfacet
  facet normal 0 0 1
    outer loop
      vertex 79.5171 8.13913 4
      vertex 78.2062 41.3902 4
      vertex 79.463 8.26959 4
    endloop
  endfacet
  facet normal -0 0 1
    outer loop
      vertex 75.5549 23.9888 4
      vertex 79.463 8.26959 4
      vertex 78.2062 41.3902 4
    endloop
  endfacet
  facet normal 0 0 1
    outer loop
      vertex 79.463 8.26959 4
      vertex 75.5549 23.9888 4
      vertex 79.3892 8.39001 4
    endloop
  endfacet
  facet normal 0 0 1
    outer loop
      vertex 79.3892 8.39001 4
      vertex 75.5549 23.9888 4
      vertex 79.2975 8.49741 4
    endloop
  endfacet
  facet normal 0 0 1
    outer loop
      vertex 79.2975 8.49741 4
      vertex 75.5549 23.9888 4
      vertex 79.1901 8.58913 4
    endloop
  endfacet
  facet normal 0 0 1
    outer loop
      vertex 79.1901 8.58913 4
      vertex 75.5549 23.9888 4
      vertex 79.0697 8.66292 4
    endloop
  endfacet
  facet normal 0 0 1
    outer loop
      vertex 79.0697 8.66292 4
      vertex 75.5549 23.9888 4
      vertex 78.9392 8.71696 4
    endloop
  endfacet
  facet normal 0 0 1
    outer loop
      vertex 78.9392 8.71696 4
      vertex 75.5549 23.9888 4
      vertex 78.8019 8.74992 4
    endloop
  endfacet
  facet normal 0 0 1
    outer loop
      vertex 78.8019 8.74992 4
      vertex 75.5549 23.9888 4
      vertex 78.6611 8.761 4
    endloop
  endfacet
  facet normal 0 0 1
    outer loop
      vertex 78.6611 8.761 4
      vertex 75.5549 23.9888 4
      vertex 78.5203 8.74992 4
    endloop
  endfacet
  facet normal 0 0 1
    outer loop
      vertex 78.5203 8.74992 4
      vertex 75.5549 23.9888 4
      vertex 78.383 8.71696 4
    endloop
  endfacet
  facet normal -0 0 1
    outer loop
      vertex 73.2288 8.72139 4
      vertex 78.383 8.71696 4
      vertex 75.5549 23.9888 4
    endloop
  endfacet
  facet normal 0 0 1
    outer loop
      vertex 78.383 8.71696 4
      vertex 73.2288 8.72139 4
      vertex 78.2525 8.66292 4
    endloop
  endfacet
  facet normal 0 0 1
    outer loop
      vertex 78.2525 8.66292 4
      vertex 73.2288 8.72139 4
      vertex 78.1321 8.58913 4
    endloop
  endfacet
  facet normal 0 0 1
    outer loop
      vertex 78.1321 8.58913 4
      vertex 73.2288 8.72139 4
      vertex 78.0247 8.49741 4
    endloop
  endfacet
  facet normal 0 0 1
    outer loop
      vertex 78.0247 8.49741 4
      vertex 73.2288 8.72139 4
      vertex 77.933 8.39001 4
    endloop
  endfacet
  facet normal 0 0 1
    outer loop
      vertex 77.933 8.39001 4
      vertex 73.2288 8.72139 4
      vertex 77.8592 8.26959 4
    endloop
  endfacet
  facet normal 0 0 1
    outer loop
      vertex 77.8592 8.26959 4
      vertex 73.2288 8.72139 4
      vertex 77.8052 8.13913 4
    endloop
  endfacet
  facet normal 0 0 1
    outer loop
      vertex 77.8052 8.13913 4
      vertex 73.2288 8.72139 4
      vertex 77.7722 8.0018 4
    endloop
  endfacet
  facet normal 0 0 1
    outer loop
      vertex 77.7722 8.0018 4
      vertex 73.2288 8.72139 4
      vertex 77.7611 7.86101 4
    endloop
  endfacet
  facet normal 0 0 1
    outer loop
      vertex 73.1611 7.86101 4
      vertex 77.7611 7.86101 4
      vertex 73.2288 8.72139 4
    endloop
  endfacet
  facet normal 0 0 1
    outer loop
      vertex 78.2062 41.3902 4
      vertex 59 34 4
      vertex 75.5549 23.9888 4
    endloop
  endfacet
  facet normal 0 0 1
    outer loop
      vertex 78.2062 41.3902 4
      vertex 58.9138 35.095 4
      vertex 59 34 4
    endloop
  endfacet
  facet normal 0 0 1
    outer loop
      vertex 78.2062 41.3902 4
      vertex 58.6574 36.1631 4
      vertex 58.9138 35.095 4
    endloop
  endfacet
  facet normal 0 0 1
    outer loop
      vertex 78.2062 41.3902 4
      vertex 58.2371 37.1779 4
      vertex 58.6574 36.1631 4
    endloop
  endfacet
  facet normal 0 0 1
    outer loop
      vertex 78.2062 41.3902 4
      vertex 57.6631 38.1145 4
      vertex 58.2371 37.1779 4
    endloop
  endfacet
  facet normal 0 0 1
    outer loop
      vertex 78.2062 41.3902 4
      vertex 56.9498 38.9497 4
      vertex 57.6631 38.1145 4
    endloop
  endfacet
  facet normal 0 0 1
    outer loop
      vertex 78.2062 41.3902 4
      vertex 56.1145 39.6631 4
      vertex 56.9498 38.9497 4
    endloop
  endfacet
  facet normal 0 0 1
    outer loop
      vertex 78.2062 41.3902 4
      vertex 55.1779 40.237 4
      vertex 56.1145 39.6631 4
    endloop
  endfacet
  facet normal 0 0 1
    outer loop
      vertex 46.0668 52 4
      vertex 55.1779 40.237 4
      vertex 78.2062 41.3902 4
    endloop
  endfacet
  facet normal 0 0 1
    outer loop
      vertex 55.1779 40.237 4
      vertex 46.0668 52 4
      vertex 54.1631 40.6574 4
    endloop
  endfacet
  facet normal 0 0 1
    outer loop
      vertex 54.1631 40.6574 4
      vertex 46.0668 52 4
      vertex 53.095 40.9138 4
    endloop
  endfacet
  facet normal 0 0 1
    outer loop
      vertex 53.095 40.9138 4
      vertex 46.0668 52 4
      vertex 52 41 4
    endloop
  endfacet
  facet normal 0 0 1
    outer loop
      vertex 46.0668 52 4
      vertex 50.905 40.9138 4
      vertex 52 41 4
    endloop
  endfacet
  facet normal 0 0 1
    outer loop
      vertex 46.0668 52 4
      vertex 49.8369 40.6574 4
      vertex 50.905 40.9138 4
    endloop
  endfacet
  facet normal 0 0 1
    outer loop
      vertex 46.0668 52 4
      vertex 48.8221 40.237 4
      vertex 49.8369 40.6574 4
    endloop
  endfacet
  facet normal 0 0 1
    outer loop
      vertex 46.0668 52 4
      vertex 47.8855 39.6631 4
      vertex 48.8221 40.237 4
    endloop
  endfacet
  facet normal 0 0 1
    outer loop
      vertex 46.0668 52 4
      vertex 47.0503 38.9497 4
      vertex 47.8855 39.6631 4
    endloop
  endfacet
  facet normal 0 0 1
    outer loop
      vertex 46.0668 52 4
      vertex 46.3369 38.1145 4
      vertex 47.0503 38.9497 4
    endloop
  endfacet
  facet normal 0 0 1
    outer loop
      vertex 46.3369 38.1145 4
      vertex 46.0668 52 4
      vertex 46.0179 37.594 4
    endloop
  endfacet
  facet normal 0 0 1
    outer loop
      vertex 86.7749 56.8662 4
      vertex 109.9 62.9 4
      vertex 109.9 67 4
    endloop
  endfacet
  facet normal 0 0 1
    outer loop
      vertex 98.7466 38 4
      vertex 92.6915 30.4263 4
      vertex 92.725 30 4
    endloop
  endfacet
  facet normal 0 0 1
    outer loop
      vertex 98.7466 38 4
      vertex 92.5916 30.8421 4
      vertex 92.6915 30.4263 4
    endloop
  endfacet
  facet normal 0 0 1
    outer loop
      vertex 98.7466 38 4
      vertex 92.428 31.2371 4
      vertex 92.5916 30.8421 4
    endloop
  endfacet
  facet normal 0 0 1
    outer loop
      vertex 98.7466 38 4
      vertex 92.2046 31.6017 4
      vertex 92.428 31.2371 4
    endloop
  endfacet
  facet normal 0 0 1
    outer loop
      vertex 98.7466 38 4
      vertex 91.9269 31.9269 4
      vertex 92.2046 31.6017 4
    endloop
  endfacet
  facet normal 0 0 1
    outer loop
      vertex 98.7466 38 4
      vertex 91.6017 32.2046 4
      vertex 91.9269 31.9269 4
    endloop
  endfacet
  facet normal 0 0 1
    outer loop
      vertex 98.7466 38 4
      vertex 91.2371 32.428 4
      vertex 91.6017 32.2046 4
    endloop
  endfacet
  facet normal 0 0 1
    outer loop
      vertex 98.7466 38 4
      vertex 90.8421 32.5916 4
      vertex 91.2371 32.428 4
    endloop
  endfacet
  facet normal 0 0 1
    outer loop
      vertex 98.7466 38 4
      vertex 90.4263 32.6914 4
      vertex 90.8421 32.5916 4
    endloop
  endfacet
  facet normal 0 0 1
    outer loop
      vertex 98.7466 38 4
      vertex 90 32.725 4
      vertex 90.4263 32.6914 4
    endloop
  endfacet
  facet normal 0 0 1
    outer loop
      vertex 93.5279 52 4
      vertex 89.5737 32.6914 4
      vertex 90 32.725 4
    endloop
  endfacet
  facet normal 0 0 1
    outer loop
      vertex 93.5279 52 4
      vertex 89.1579 32.5916 4
      vertex 89.5737 32.6914 4
    endloop
  endfacet
  facet normal 0 0 1
    outer loop
      vertex 86.0468 55.4372 4
      vertex 89.1579 32.5916 4
      vertex 93.5279 52 4
    endloop
  endfacet
  facet normal 0 0 1
    outer loop
      vertex 85.906 55.4483 4
      vertex 89.1579 32.5916 4
      vertex 86.0468 55.4372 4
    endloop
  endfacet
  facet normal 0 0 1
    outer loop
      vertex 89.1579 32.5916 4
      vertex 85.906 55.4483 4
      vertex 88.7629 32.428 4
    endloop
  endfacet
  facet normal 0 0 1
    outer loop
      vertex 85.7687 55.4812 4
      vertex 88.7629 32.428 4
      vertex 85.906 55.4483 4
    endloop
  endfacet
  facet normal 0 0 1
    outer loop
      vertex 88.7629 32.428 4
      vertex 85.7687 55.4812 4
      vertex 88.3983 32.2046 4
    endloop
  endfacet
  facet normal 0 0 1
    outer loop
      vertex 85.6382 55.5353 4
      vertex 88.3983 32.2046 4
      vertex 85.7687 55.4812 4
    endloop
  endfacet
  facet normal -0 0 1
    outer loop
      vertex 86.8487 55.9286 4
      vertex 93.5279 52 4
      vertex 86.9028 56.0591 4
    endloop
  endfacet
  facet normal -0 0 1
    outer loop
      vertex 86.9028 56.0591 4
      vertex 93.5279 52 4
      vertex 86.9357 56.1964 4
    endloop
  endfacet
  facet normal -0 0 1
    outer loop
      vertex 86.9357 56.1964 4
      vertex 93.5279 52 4
      vertex 86.9468 56.3372 4
    endloop
  endfacet
  facet normal 0 0 1
    outer loop
      vertex 109.9 62.9 4
      vertex 86.7749 56.8662 4
      vertex 93.5279 52 4
    endloop
  endfacet
  facet normal 0 0 1
    outer loop
      vertex 93.5279 52 4
      vertex 86.9357 56.478 4
      vertex 86.9468 56.3372 4
    endloop
  endfacet
  facet normal 0 0 1
    outer loop
      vertex 93.5279 52 4
      vertex 86.9028 56.6153 4
      vertex 86.9357 56.478 4
    endloop
  endfacet
  facet normal 0 0 1
    outer loop
      vertex 93.5279 52 4
      vertex 86.8487 56.7458 4
      vertex 86.9028 56.6153 4
    endloop
  endfacet
  facet normal 0 0 1
    outer loop
      vertex 93.5279 52 4
      vertex 86.7749 56.8662 4
      vertex 86.8487 56.7458 4
    endloop
  endfacet
  facet normal 0 0 1
    outer loop
      vertex 109.9 67 4
      vertex 86.6832 56.9736 4
      vertex 86.7749 56.8662 4
    endloop
  endfacet
  facet normal 0 0 1
    outer loop
      vertex 109.9 67 4
      vertex 86.5758 57.0653 4
      vertex 86.6832 56.9736 4
    endloop
  endfacet
  facet normal 0 0 1
    outer loop
      vertex 109.9 67 4
      vertex 86.4554 57.1391 4
      vertex 86.5758 57.0653 4
    endloop
  endfacet
  facet normal 0 0 1
    outer loop
      vertex 109.9 67 4
      vertex 86.3249 57.1931 4
      vertex 86.4554 57.1391 4
    endloop
  endfacet
  facet normal 0 0 1
    outer loop
      vertex 109.9 67 4
      vertex 86.1876 57.2261 4
      vertex 86.3249 57.1931 4
    endloop
  endfacet
  facet normal 0 0 1
    outer loop
      vertex 109.9 67 4
      vertex 86.0468 57.2372 4
      vertex 86.1876 57.2261 4
    endloop
  endfacet
  facet normal 0 0 1
    outer loop
      vertex 109.9 67 4
      vertex 85.906 57.2261 4
      vertex 86.0468 57.2372 4
    endloop
  endfacet
  facet normal -0 0 1
    outer loop
      vertex 56.1 67 4
      vertex 85.906 57.2261 4
      vertex 109.9 67 4
    endloop
  endfacet
  facet normal 0 0 1
    outer loop
      vertex 97.6179 22 4
      vertex 79.55 8.0018 4
      vertex 83.1107 4.62819 4
    endloop
  endfacet
  facet normal -0 -0 1
    outer loop
      vertex 79.5611 7.86101 4
      vertex 83.1107 4.62819 4
      vertex 79.55 8.0018 4
    endloop
  endfacet
  facet normal -0 0 1
    outer loop
      vertex 79.5171 7.58289 4
      vertex 83.1107 4.62819 4
      vertex 79.55 7.72021 4
    endloop
  endfacet
  facet normal -0 0 1
    outer loop
      vertex 79.463 7.45242 4
      vertex 83.1107 4.62819 4
      vertex 79.5171 7.58289 4
    endloop
  endfacet
  facet normal 0 0 1
    outer loop
      vertex 79.8226 52 4
      vertex 85.1468 56.3372 4
      vertex 85.1579 56.478 4
    endloop
  endfacet
  facet normal 0 0 1
    outer loop
      vertex 78.2062 41.3902 4
      vertex 85.1579 56.1964 4
      vertex 79.8226 52 4
    endloop
  endfacet
  facet normal 0 0 1
    outer loop
      vertex 85.1909 56.6153 4
      vertex 79.8226 52 4
      vertex 85.1579 56.478 4
    endloop
  endfacet
  facet normal 0 0 1
    outer loop
      vertex 85.2449 56.7458 4
      vertex 79.8226 52 4
      vertex 85.1909 56.6153 4
    endloop
  endfacet
  facet normal 0 0 1
    outer loop
      vertex 85.3187 56.8662 4
      vertex 79.8226 52 4
      vertex 85.2449 56.7458 4
    endloop
  endfacet
  facet normal 0 0 1
    outer loop
      vertex 56.1 67 4
      vertex 85.3187 56.8662 4
      vertex 85.4104 56.9736 4
    endloop
  endfacet
  facet normal 0 0 1
    outer loop
      vertex 85.906 57.2261 4
      vertex 56.1 67 4
      vertex 85.7687 57.1931 4
    endloop
  endfacet
  facet normal 0 0 1
    outer loop
      vertex 56.1 67 4
      vertex 85.6382 57.1391 4
      vertex 85.7687 57.1931 4
    endloop
  endfacet
  facet normal 0 0 1
    outer loop
      vertex 56.1 67 4
      vertex 85.5178 57.0653 4
      vertex 85.6382 57.1391 4
    endloop
  endfacet
  facet normal 0 0 1
    outer loop
      vertex 56.1 67 4
      vertex 85.4104 56.9736 4
      vertex 85.5178 57.0653 4
    endloop
  endfacet
  facet normal 0 0 1
    outer loop
      vertex 85.3187 56.8662 4
      vertex 56.1 67 4
      vertex 79.8226 52 4
    endloop
  endfacet
  facet normal -0 0 1
    outer loop
      vertex 56.1 62.9 4
      vertex 79.8226 52 4
      vertex 56.1 67 4
    endloop
  endfacet
  facet normal 0 0 1
    outer loop
      vertex 46.0668 52 4
      vertex 56.1 62.9 4
      vertex 47.9 62.9 4
    endloop
  endfacet
  facet normal 0 0 1
    outer loop
      vertex 56.1 62.9 4
      vertex 46.0668 52 4
      vertex 79.8226 52 4
    endloop
  endfacet
  facet normal -0 0 1
    outer loop
      vertex 79.3892 7.332 4
      vertex 83.1107 4.62819 4
      vertex 79.463 7.45242 4
    endloop
  endfacet
  facet normal 0 0 1
    outer loop
      vertex 83.1107 4.62819 4
      vertex 79.3892 7.332 4
      vertex 82.5502 3.97192 4
    endloop
  endfacet
  facet normal -0 0 1
    outer loop
      vertex 79.2975 7.22461 4
      vertex 82.5502 3.97192 4
      vertex 79.3892 7.332 4
    endloop
  endfacet
  facet normal 0 0 1
    outer loop
      vertex 82.5502 3.97192 4
      vertex 79.2975 7.22461 4
      vertex 81.8939 3.41141 4
    endloop
  endfacet
  facet normal -0 0 1
    outer loop
      vertex 79.1901 7.13289 4
      vertex 81.8939 3.41141 4
      vertex 79.2975 7.22461 4
    endloop
  endfacet
  facet normal 0 0 1
    outer loop
      vertex 81.8939 3.41141 4
      vertex 79.1901 7.13289 4
      vertex 81.1581 2.96046 4
    endloop
  endfacet
  facet normal -0 0 1
    outer loop
      vertex 79.0697 7.0591 4
      vertex 81.1581 2.96046 4
      vertex 79.1901 7.13289 4
    endloop
  endfacet
  facet normal 0 0 1
    outer loop
      vertex 81.1581 2.96046 4
      vertex 79.0697 7.0591 4
      vertex 80.3607 2.6302 4
    endloop
  endfacet
  facet normal -0 0 1
    outer loop
      vertex 78.9392 7.00505 4
      vertex 80.3607 2.6302 4
      vertex 79.0697 7.0591 4
    endloop
  endfacet
  facet normal 0 0 1
    outer loop
      vertex 80.3607 2.6302 4
      vertex 78.9392 7.00505 4
      vertex 79.5215 2.42873 4
    endloop
  endfacet
  facet normal -0 0 1
    outer loop
      vertex 78.8019 6.97209 4
      vertex 79.5215 2.42873 4
      vertex 78.9392 7.00505 4
    endloop
  endfacet
  facet normal -0 0 1
    outer loop
      vertex 78.6611 6.96101 4
      vertex 79.5215 2.42873 4
      vertex 78.8019 6.97209 4
    endloop
  endfacet
  facet normal 0 0 1
    outer loop
      vertex 78.6611 6.96101 4
      vertex 78.6611 2.36101 4
      vertex 79.5215 2.42873 4
    endloop
  endfacet
  facet normal 0 0 1
    outer loop
      vertex 78.5203 6.97209 4
      vertex 78.6611 2.36101 4
      vertex 78.6611 6.96101 4
    endloop
  endfacet
  facet normal 0 0 1
    outer loop
      vertex 77.8007 2.42873 4
      vertex 78.5203 6.97209 4
      vertex 78.383 7.00505 4
    endloop
  endfacet
  facet normal 0 0 1
    outer loop
      vertex 76.9615 2.6302 4
      vertex 78.383 7.00505 4
      vertex 78.2525 7.0591 4
    endloop
  endfacet
  facet normal 0 0 1
    outer loop
      vertex 76.9615 2.6302 4
      vertex 78.2525 7.0591 4
      vertex 78.1321 7.13289 4
    endloop
  endfacet
  facet normal 0 0 1
    outer loop
      vertex 76.9615 2.6302 4
      vertex 78.1321 7.13289 4
      vertex 78.0247 7.22461 4
    endloop
  endfacet
  facet normal 0 0 1
    outer loop
      vertex 76.9615 2.6302 4
      vertex 78.0247 7.22461 4
      vertex 77.933 7.332 4
    endloop
  endfacet
  facet normal 0 0 1
    outer loop
      vertex 76.9615 2.6302 4
      vertex 77.933 7.332 4
      vertex 77.8592 7.45242 4
    endloop
  endfacet
  facet normal 0 0 1
    outer loop
      vertex 76.9615 2.6302 4
      vertex 77.8592 7.45242 4
      vertex 77.8052 7.58289 4
    endloop
  endfacet
  facet normal 0 0 1
    outer loop
      vertex 78.5203 6.97209 4
      vertex 77.8007 2.42873 4
      vertex 78.6611 2.36101 4
    endloop
  endfacet
  facet normal 0 0 1
    outer loop
      vertex 76.9615 2.6302 4
      vertex 77.8052 7.58289 4
      vertex 77.7722 7.72021 4
    endloop
  endfacet
  facet normal 0 0 1
    outer loop
      vertex 76.9615 2.6302 4
      vertex 77.7722 7.72021 4
      vertex 77.7611 7.86101 4
    endloop
  endfacet
  facet normal 0 0 1
    outer loop
      vertex 78.383 7.00505 4
      vertex 76.9615 2.6302 4
      vertex 77.8007 2.42873 4
    endloop
  endfacet
  facet normal 0 0 1
    outer loop
      vertex 77.7611 7.86101 4
      vertex 76.1642 2.96046 4
      vertex 76.9615 2.6302 4
    endloop
  endfacet
  facet normal 0 0 1
    outer loop
      vertex 77.7611 7.86101 4
      vertex 75.4283 3.41141 4
      vertex 76.1642 2.96046 4
    endloop
  endfacet
  facet normal 0 0 1
    outer loop
      vertex 77.7611 7.86101 4
      vertex 74.772 3.97192 4
      vertex 75.4283 3.41141 4
    endloop
  endfacet
  facet normal 0 0 1
    outer loop
      vertex 77.7611 7.86101 4
      vertex 74.2115 4.62819 4
      vertex 74.772 3.97192 4
    endloop
  endfacet
  facet normal 0 0 1
    outer loop
      vertex 77.7611 7.86101 4
      vertex 73.7606 5.36406 4
      vertex 74.2115 4.62819 4
    endloop
  endfacet
  facet normal 0 0 1
    outer loop
      vertex 77.7611 7.86101 4
      vertex 73.4303 6.16141 4
      vertex 73.7606 5.36406 4
    endloop
  endfacet
  facet normal 0 0 1
    outer loop
      vertex 77.7611 7.86101 4
      vertex 73.2288 7.00063 4
      vertex 73.4303 6.16141 4
    endloop
  endfacet
  facet normal 0 0 1
    outer loop
      vertex 77.7611 7.86101 4
      vertex 73.1611 7.86101 4
      vertex 73.2288 7.00063 4
    endloop
  endfacet
  facet normal -0 0 1
    outer loop
      vertex 58.9138 32.905 4
      vertex 75.5549 23.9888 4
      vertex 59 34 4
    endloop
  endfacet
  facet normal -0 0 1
    outer loop
      vertex 58.6574 31.8369 4
      vertex 75.5549 23.9888 4
      vertex 58.9138 32.905 4
    endloop
  endfacet
  facet normal 0 0 1
    outer loop
      vertex 75.5549 23.9888 4
      vertex 58.6574 31.8369 4
      vertex 58.6349 31.7824 4
    endloop
  endfacet
  facet normal 0 0 1
    outer loop
      vertex 138.025 7.22461 4
      vertex 134.772 3.97192 4
      vertex 135.428 3.41141 4
    endloop
  endfacet
  facet normal 0 0 1
    outer loop
      vertex 133.161 7.86101 4
      vertex 137.859 8.26959 4
      vertex 133.229 8.72139 4
    endloop
  endfacet
  facet normal 0 0 1
    outer loop
      vertex 137.859 8.26959 4
      vertex 134.212 4.62819 4
      vertex 134.772 3.97192 4
    endloop
  endfacet
  facet normal 0 0 1
    outer loop
      vertex 137.859 8.26959 4
      vertex 133.761 5.36406 4
      vertex 134.212 4.62819 4
    endloop
  endfacet
  facet normal 0 0 1
    outer loop
      vertex 137.859 8.26959 4
      vertex 133.43 6.16141 4
      vertex 133.761 5.36406 4
    endloop
  endfacet
  facet normal 0 0 1
    outer loop
      vertex 137.859 8.26959 4
      vertex 133.229 7.00063 4
      vertex 133.43 6.16141 4
    endloop
  endfacet
  facet normal 0 0 1
    outer loop
      vertex 137.859 8.26959 4
      vertex 133.161 7.86101 4
      vertex 133.229 7.00063 4
    endloop
  endfacet
  facet normal -0 0 1
    outer loop
      vertex 120.889 29.8592 4
      vertex 135.252 22 4
      vertex 120.9 30 4
    endloop
  endfacet
  facet normal -0 0 1
    outer loop
      vertex 120.856 29.7219 4
      vertex 135.252 22 4
      vertex 120.889 29.8592 4
    endloop
  endfacet
  facet normal -0 0 1
    outer loop
      vertex 120.802 29.5914 4
      vertex 135.252 22 4
      vertex 120.856 29.7219 4
    endloop
  endfacet
  facet normal -0 0 1
    outer loop
      vertex 120.728 29.471 4
      vertex 135.252 22 4
      vertex 120.802 29.5914 4
    endloop
  endfacet
  facet normal -0 0 1
    outer loop
      vertex 120.636 29.3636 4
      vertex 135.252 22 4
      vertex 120.728 29.471 4
    endloop
  endfacet
  facet normal -0 0 1
    outer loop
      vertex 120.529 29.2719 4
      vertex 135.252 22 4
      vertex 120.636 29.3636 4
    endloop
  endfacet
  facet normal -0 0 1
    outer loop
      vertex 120.409 29.1981 4
      vertex 135.252 22 4
      vertex 120.529 29.2719 4
    endloop
  endfacet
  facet normal -0 0 1
    outer loop
      vertex 120.278 29.1441 4
      vertex 135.252 22 4
      vertex 120.409 29.1981 4
    endloop
  endfacet
  facet normal -0 0 1
    outer loop
      vertex 120.141 29.1111 4
      vertex 135.252 22 4
      vertex 120.278 29.1441 4
    endloop
  endfacet
  facet normal -0 0 1
    outer loop
      vertex 120 29.1 4
      vertex 135.252 22 4
      vertex 120.141 29.1111 4
    endloop
  endfacet
  facet normal 0 0 1
    outer loop
      vertex 119.859 29.1111 4
      vertex 135.252 22 4
      vertex 120 29.1 4
    endloop
  endfacet
  facet normal 0 0 1
    outer loop
      vertex 97.6179 22 4
      vertex 119.859 29.1111 4
      vertex 119.722 29.1441 4
    endloop
  endfacet
  facet normal 0 0 1
    outer loop
      vertex 97.6179 22 4
      vertex 119.722 29.1441 4
      vertex 119.591 29.1981 4
    endloop
  endfacet
  facet normal 0 0 1
    outer loop
      vertex 97.6179 22 4
      vertex 119.1 30 4
      vertex 98.7466 38 4
    endloop
  endfacet
  facet normal 0 0 1
    outer loop
      vertex 119.1 30 4
      vertex 97.6179 22 4
      vertex 119.111 29.8592 4
    endloop
  endfacet
  facet normal 0 0 1
    outer loop
      vertex 119.111 29.8592 4
      vertex 97.6179 22 4
      vertex 119.144 29.7219 4
    endloop
  endfacet
  facet normal 0 0 1
    outer loop
      vertex 119.144 29.7219 4
      vertex 97.6179 22 4
      vertex 119.198 29.5914 4
    endloop
  endfacet
  facet normal 0 0 1
    outer loop
      vertex 119.198 29.5914 4
      vertex 97.6179 22 4
      vertex 119.272 29.471 4
    endloop
  endfacet
  facet normal 0 0 1
    outer loop
      vertex 119.272 29.471 4
      vertex 97.6179 22 4
      vertex 119.364 29.3636 4
    endloop
  endfacet
  facet normal 0 0 1
    outer loop
      vertex 119.364 29.3636 4
      vertex 97.6179 22 4
      vertex 119.471 29.2719 4
    endloop
  endfacet
  facet normal 0 0 1
    outer loop
      vertex 119.471 29.2719 4
      vertex 97.6179 22 4
      vertex 119.591 29.1981 4
    endloop
  endfacet
  facet normal 0 0 1
    outer loop
      vertex 119.859 29.1111 4
      vertex 97.6179 22 4
      vertex 135.252 22 4
    endloop
  endfacet
  facet normal 0 0 1
    outer loop
      vertex 90 32.725 4
      vertex 98.7466 38 4
      vertex 93.5279 52 4
    endloop
  endfacet
  facet normal 0 0 1
    outer loop
      vertex 98.7466 38 4
      vertex 92.725 30 4
      vertex 97.6179 22 4
    endloop
  endfacet
  facet normal -0 0 1
    outer loop
      vertex 92.6915 29.5737 4
      vertex 97.6179 22 4
      vertex 92.725 30 4
    endloop
  endfacet
  facet normal -0 0 1
    outer loop
      vertex 92.5916 29.1579 4
      vertex 97.6179 22 4
      vertex 92.6915 29.5737 4
    endloop
  endfacet
  facet normal -0 0 1
    outer loop
      vertex 92.428 28.7629 4
      vertex 97.6179 22 4
      vertex 92.5916 29.1579 4
    endloop
  endfacet
  facet normal -0 0 1
    outer loop
      vertex 92.2046 28.3983 4
      vertex 97.6179 22 4
      vertex 92.428 28.7629 4
    endloop
  endfacet
  facet normal -0 0 1
    outer loop
      vertex 91.9269 28.0731 4
      vertex 97.6179 22 4
      vertex 92.2046 28.3983 4
    endloop
  endfacet
  facet normal -0 0 1
    outer loop
      vertex 91.6017 27.7954 4
      vertex 97.6179 22 4
      vertex 91.9269 28.0731 4
    endloop
  endfacet
  facet normal -0 0 1
    outer loop
      vertex 91.2371 27.572 4
      vertex 97.6179 22 4
      vertex 91.6017 27.7954 4
    endloop
  endfacet
  facet normal -0 0 1
    outer loop
      vertex 90.8421 27.4084 4
      vertex 97.6179 22 4
      vertex 91.2371 27.572 4
    endloop
  endfacet
  facet normal -0 0 1
    outer loop
      vertex 90.4263 27.3086 4
      vertex 97.6179 22 4
      vertex 90.8421 27.4084 4
    endloop
  endfacet
  facet normal -0 0 1
    outer loop
      vertex 90 27.275 4
      vertex 97.6179 22 4
      vertex 90.4263 27.3086 4
    endloop
  endfacet
  facet normal 0 0 1
    outer loop
      vertex 89.5737 27.3086 4
      vertex 97.6179 22 4
      vertex 90 27.275 4
    endloop
  endfacet
  facet normal 0 0 1
    outer loop
      vertex 79.55 8.0018 4
      vertex 89.5737 27.3086 4
      vertex 89.1579 27.4084 4
    endloop
  endfacet
  facet normal 0 0 1
    outer loop
      vertex 79.55 8.0018 4
      vertex 89.1579 27.4084 4
      vertex 88.7629 27.572 4
    endloop
  endfacet
  facet normal 0 0 1
    outer loop
      vertex 79.55 8.0018 4
      vertex 88.7629 27.572 4
      vertex 88.3983 27.7954 4
    endloop
  endfacet
  facet normal -0 0 1
    outer loop
      vertex 86.7749 55.8082 4
      vertex 93.5279 52 4
      vertex 86.8487 55.9286 4
    endloop
  endfacet
  facet normal -0 0 1
    outer loop
      vertex 86.6832 55.7008 4
      vertex 93.5279 52 4
      vertex 86.7749 55.8082 4
    endloop
  endfacet
  facet normal -0 0 1
    outer loop
      vertex 86.5758 55.6091 4
      vertex 93.5279 52 4
      vertex 86.6832 55.7008 4
    endloop
  endfacet
  facet normal -0 0 1
    outer loop
      vertex 86.4554 55.5353 4
      vertex 93.5279 52 4
      vertex 86.5758 55.6091 4
    endloop
  endfacet
  facet normal -0 0 1
    outer loop
      vertex 86.3249 55.4812 4
      vertex 93.5279 52 4
      vertex 86.4554 55.5353 4
    endloop
  endfacet
  facet normal -0 0 1
    outer loop
      vertex 86.1876 55.4483 4
      vertex 93.5279 52 4
      vertex 86.3249 55.4812 4
    endloop
  endfacet
  facet normal -0 0 1
    outer loop
      vertex 86.0468 55.4372 4
      vertex 93.5279 52 4
      vertex 86.1876 55.4483 4
    endloop
  endfacet
  facet normal 0 0 1
    outer loop
      vertex 88.3983 32.2046 4
      vertex 85.6382 55.5353 4
      vertex 88.0731 31.9269 4
    endloop
  endfacet
  facet normal 0 0 1
    outer loop
      vertex 85.5178 55.6091 4
      vertex 88.0731 31.9269 4
      vertex 85.6382 55.5353 4
    endloop
  endfacet
  facet normal 0 0 1
    outer loop
      vertex 88.0731 31.9269 4
      vertex 85.5178 55.6091 4
      vertex 87.7954 31.6017 4
    endloop
  endfacet
  facet normal 0 0 1
    outer loop
      vertex 85.4104 55.7008 4
      vertex 87.7954 31.6017 4
      vertex 85.5178 55.6091 4
    endloop
  endfacet
  facet normal 0 0 1
    outer loop
      vertex 87.7954 31.6017 4
      vertex 85.4104 55.7008 4
      vertex 87.572 31.2371 4
    endloop
  endfacet
  facet normal 0 0 1
    outer loop
      vertex 85.3187 55.8082 4
      vertex 87.572 31.2371 4
      vertex 85.4104 55.7008 4
    endloop
  endfacet
  facet normal 0 0 1
    outer loop
      vertex 87.572 31.2371 4
      vertex 85.3187 55.8082 4
      vertex 87.4084 30.8421 4
    endloop
  endfacet
  facet normal 0 0 1
    outer loop
      vertex 85.2449 55.9286 4
      vertex 87.4084 30.8421 4
      vertex 85.3187 55.8082 4
    endloop
  endfacet
  facet normal 0 0 1
    outer loop
      vertex 87.4084 30.8421 4
      vertex 85.2449 55.9286 4
      vertex 87.3086 30.4263 4
    endloop
  endfacet
  facet normal 0 0 1
    outer loop
      vertex 85.1909 56.0591 4
      vertex 87.3086 30.4263 4
      vertex 85.2449 55.9286 4
    endloop
  endfacet
  facet normal 0 0 1
    outer loop
      vertex 79.55 8.0018 4
      vertex 87.3086 30.4263 4
      vertex 85.1909 56.0591 4
    endloop
  endfacet
  facet normal 0 0 1
    outer loop
      vertex 79.55 8.0018 4
      vertex 85.1909 56.0591 4
      vertex 85.1579 56.1964 4
    endloop
  endfacet
  facet normal 0 0 1
    outer loop
      vertex 87.3086 30.4263 4
      vertex 79.55 8.0018 4
      vertex 87.275 30 4
    endloop
  endfacet
  facet normal 0 0 1
    outer loop
      vertex 79.55 8.0018 4
      vertex 97.6179 22 4
      vertex 89.5737 27.3086 4
    endloop
  endfacet
  facet normal 0 0 1
    outer loop
      vertex 79.55 8.0018 4
      vertex 88.3983 27.7954 4
      vertex 88.0731 28.0731 4
    endloop
  endfacet
  facet normal 0 0 1
    outer loop
      vertex 79.55 8.0018 4
      vertex 88.0731 28.0731 4
      vertex 87.7954 28.3983 4
    endloop
  endfacet
  facet normal 0 0 1
    outer loop
      vertex 79.55 8.0018 4
      vertex 87.7954 28.3983 4
      vertex 87.572 28.7629 4
    endloop
  endfacet
  facet normal 0 0 1
    outer loop
      vertex 79.55 8.0018 4
      vertex 87.572 28.7629 4
      vertex 87.4084 29.1579 4
    endloop
  endfacet
  facet normal 0 0 1
    outer loop
      vertex 79.55 8.0018 4
      vertex 87.4084 29.1579 4
      vertex 87.3086 29.5737 4
    endloop
  endfacet
  facet normal 0 0 1
    outer loop
      vertex 79.55 8.0018 4
      vertex 87.3086 29.5737 4
      vertex 87.275 30 4
    endloop
  endfacet
  facet normal 0 0 1
    outer loop
      vertex 79.8226 52 4
      vertex 85.1579 56.1964 4
      vertex 85.1468 56.3372 4
    endloop
  endfacet
  facet normal -0 0 1
    outer loop
      vertex 139.55 7.72021 4
      vertex 143.111 4.62819 4
      vertex 139.561 7.86101 4
    endloop
  endfacet
  facet normal 0 -0 1
    outer loop
      vertex 139.517 8.13913 4
      vertex 145.158 56.1964 4
      vertex 137.69 38 4
    endloop
  endfacet
  facet normal 0 0 1
    outer loop
      vertex 145.158 56.1964 4
      vertex 139.517 8.13913 4
      vertex 139.55 8.0018 4
    endloop
  endfacet
  facet normal 0 0 1
    outer loop
      vertex 139.517 8.13913 4
      vertex 137.69 38 4
      vertex 139.463 8.26959 4
    endloop
  endfacet
  facet normal -0 0 1
    outer loop
      vertex 135.252 22 4
      vertex 139.463 8.26959 4
      vertex 137.69 38 4
    endloop
  endfacet
  facet normal 0 0 1
    outer loop
      vertex 139.463 8.26959 4
      vertex 135.252 22 4
      vertex 139.389 8.39001 4
    endloop
  endfacet
  facet normal 0 0 1
    outer loop
      vertex 139.389 8.39001 4
      vertex 135.252 22 4
      vertex 139.298 8.49741 4
    endloop
  endfacet
  facet normal 0 0 1
    outer loop
      vertex 139.298 8.49741 4
      vertex 135.252 22 4
      vertex 139.19 8.58913 4
    endloop
  endfacet
  facet normal 0 0 1
    outer loop
      vertex 139.19 8.58913 4
      vertex 135.252 22 4
      vertex 139.07 8.66292 4
    endloop
  endfacet
  facet normal 0 0 1
    outer loop
      vertex 139.07 8.66292 4
      vertex 135.252 22 4
      vertex 138.939 8.71696 4
    endloop
  endfacet
  facet normal 0 0 1
    outer loop
      vertex 138.939 8.71696 4
      vertex 135.252 22 4
      vertex 138.802 8.74992 4
    endloop
  endfacet
  facet normal 0 0 1
    outer loop
      vertex 138.802 8.74992 4
      vertex 135.252 22 4
      vertex 138.661 8.761 4
    endloop
  endfacet
  facet normal 0 0 1
    outer loop
      vertex 138.661 8.761 4
      vertex 135.252 22 4
      vertex 138.52 8.74992 4
    endloop
  endfacet
  facet normal 0 0 1
    outer loop
      vertex 138.52 8.74992 4
      vertex 135.252 22 4
      vertex 138.383 8.71696 4
    endloop
  endfacet
  facet normal -0 0 1
    outer loop
      vertex 133.229 8.72139 4
      vertex 138.383 8.71696 4
      vertex 135.252 22 4
    endloop
  endfacet
  facet normal 0 0 1
    outer loop
      vertex 138.383 8.71696 4
      vertex 133.229 8.72139 4
      vertex 138.253 8.66292 4
    endloop
  endfacet
  facet normal 0 0 1
    outer loop
      vertex 138.253 8.66292 4
      vertex 133.229 8.72139 4
      vertex 138.132 8.58913 4
    endloop
  endfacet
  facet normal 0 0 1
    outer loop
      vertex 138.132 8.58913 4
      vertex 133.229 8.72139 4
      vertex 138.025 8.49741 4
    endloop
  endfacet
  facet normal 0 0 1
    outer loop
      vertex 138.025 8.49741 4
      vertex 133.229 8.72139 4
      vertex 137.933 8.39001 4
    endloop
  endfacet
  facet normal 0 0 1
    outer loop
      vertex 137.933 8.39001 4
      vertex 133.229 8.72139 4
      vertex 137.859 8.26959 4
    endloop
  endfacet
  facet normal 0 0 1
    outer loop
      vertex 137.859 8.26959 4
      vertex 134.772 3.97192 4
      vertex 137.805 8.13913 4
    endloop
  endfacet
  facet normal 0 0 1
    outer loop
      vertex 146.775 56.8662 4
      vertex 169.9 62.9 4
      vertex 169.9 67 4
    endloop
  endfacet
  facet normal 0 0 1
    outer loop
      vertex 157.055 38 4
      vertex 152.691 30.4263 4
      vertex 152.725 30 4
    endloop
  endfacet
  facet normal 0 0 1
    outer loop
      vertex 157.055 38 4
      vertex 152.592 30.8421 4
      vertex 152.691 30.4263 4
    endloop
  endfacet
  facet normal 0 0 1
    outer loop
      vertex 157.055 38 4
      vertex 152.428 31.2371 4
      vertex 152.592 30.8421 4
    endloop
  endfacet
  facet normal 0 0 1
    outer loop
      vertex 157.055 38 4
      vertex 152.205 31.6017 4
      vertex 152.428 31.2371 4
    endloop
  endfacet
  facet normal 0 0 1
    outer loop
      vertex 157.055 38 4
      vertex 151.927 31.9269 4
      vertex 152.205 31.6017 4
    endloop
  endfacet
  facet normal 0 0 1
    outer loop
      vertex 157.055 38 4
      vertex 151.602 32.2046 4
      vertex 151.927 31.9269 4
    endloop
  endfacet
  facet normal 0 0 1
    outer loop
      vertex 157.055 38 4
      vertex 151.237 32.428 4
      vertex 151.602 32.2046 4
    endloop
  endfacet
  facet normal 0 0 1
    outer loop
      vertex 157.055 38 4
      vertex 150.842 32.5916 4
      vertex 151.237 32.428 4
    endloop
  endfacet
  facet normal 0 0 1
    outer loop
      vertex 157.055 38 4
      vertex 150.426 32.6914 4
      vertex 150.842 32.5916 4
    endloop
  endfacet
  facet normal 0 0 1
    outer loop
      vertex 157.055 38 4
      vertex 150 32.725 4
      vertex 150.426 32.6914 4
    endloop
  endfacet
  facet normal 0 0 1
    outer loop
      vertex 157.055 38 4
      vertex 149.574 32.6914 4
      vertex 150 32.725 4
    endloop
  endfacet
  facet normal 0 0 1
    outer loop
      vertex 153.018 52 4
      vertex 149.158 32.5916 4
      vertex 149.574 32.6914 4
    endloop
  endfacet
  facet normal 0 0 1
    outer loop
      vertex 145.906 55.4483 4
      vertex 149.158 32.5916 4
      vertex 153.018 52 4
    endloop
  endfacet
  facet normal 0 0 1
    outer loop
      vertex 149.158 32.5916 4
      vertex 145.906 55.4483 4
      vertex 148.763 32.428 4
    endloop
  endfacet
  facet normal 0 0 1
    outer loop
      vertex 145.769 55.4812 4
      vertex 148.763 32.428 4
      vertex 145.906 55.4483 4
    endloop
  endfacet
  facet normal 0 0 1
    outer loop
      vertex 148.763 32.428 4
      vertex 145.769 55.4812 4
      vertex 148.398 32.2046 4
    endloop
  endfacet
  facet normal 0 0 1
    outer loop
      vertex 145.638 55.5353 4
      vertex 148.398 32.2046 4
      vertex 145.769 55.4812 4
    endloop
  endfacet
  facet normal 0 0 1
    outer loop
      vertex 148.398 32.2046 4
      vertex 145.638 55.5353 4
      vertex 148.073 31.9269 4
    endloop
  endfacet
  facet normal -0 0 1
    outer loop
      vertex 146.849 55.9286 4
      vertex 153.018 52 4
      vertex 146.903 56.0591 4
    endloop
  endfacet
  facet normal -0 0 1
    outer loop
      vertex 146.903 56.0591 4
      vertex 153.018 52 4
      vertex 146.936 56.1964 4
    endloop
  endfacet
  facet normal -0 0 1
    outer loop
      vertex 146.936 56.1964 4
      vertex 153.018 52 4
      vertex 146.947 56.3372 4
    endloop
  endfacet
  facet normal 0 0 1
    outer loop
      vertex 169.9 62.9 4
      vertex 146.775 56.8662 4
      vertex 153.018 52 4
    endloop
  endfacet
  facet normal 0 0 1
    outer loop
      vertex 153.018 52 4
      vertex 146.936 56.478 4
      vertex 146.947 56.3372 4
    endloop
  endfacet
  facet normal 0 0 1
    outer loop
      vertex 153.018 52 4
      vertex 146.903 56.6153 4
      vertex 146.936 56.478 4
    endloop
  endfacet
  facet normal 0 0 1
    outer loop
      vertex 153.018 52 4
      vertex 146.849 56.7458 4
      vertex 146.903 56.6153 4
    endloop
  endfacet
  facet normal 0 0 1
    outer loop
      vertex 153.018 52 4
      vertex 146.775 56.8662 4
      vertex 146.849 56.7458 4
    endloop
  endfacet
  facet normal 0 0 1
    outer loop
      vertex 169.9 67 4
      vertex 146.683 56.9736 4
      vertex 146.775 56.8662 4
    endloop
  endfacet
  facet normal 0 0 1
    outer loop
      vertex 169.9 67 4
      vertex 146.576 57.0653 4
      vertex 146.683 56.9736 4
    endloop
  endfacet
  facet normal 0 0 1
    outer loop
      vertex 169.9 67 4
      vertex 146.455 57.1391 4
      vertex 146.576 57.0653 4
    endloop
  endfacet
  facet normal 0 0 1
    outer loop
      vertex 169.9 67 4
      vertex 146.325 57.1931 4
      vertex 146.455 57.1391 4
    endloop
  endfacet
  facet normal 0 0 1
    outer loop
      vertex 169.9 67 4
      vertex 146.188 57.2261 4
      vertex 146.325 57.1931 4
    endloop
  endfacet
  facet normal 0 0 1
    outer loop
      vertex 169.9 67 4
      vertex 146.047 57.2372 4
      vertex 146.188 57.2261 4
    endloop
  endfacet
  facet normal -0 0 1
    outer loop
      vertex 118.1 67 4
      vertex 146.047 57.2372 4
      vertex 169.9 67 4
    endloop
  endfacet
  facet normal 0 0 1
    outer loop
      vertex 146.047 57.2372 4
      vertex 118.1 67 4
      vertex 145.906 57.2261 4
    endloop
  endfacet
  facet normal 0 0 1
    outer loop
      vertex 155.369 22 4
      vertex 139.55 8.0018 4
      vertex 143.111 4.62819 4
    endloop
  endfacet
  facet normal -0 -0 1
    outer loop
      vertex 139.561 7.86101 4
      vertex 143.111 4.62819 4
      vertex 139.55 8.0018 4
    endloop
  endfacet
  facet normal -0 0 1
    outer loop
      vertex 139.517 7.58289 4
      vertex 143.111 4.62819 4
      vertex 139.55 7.72021 4
    endloop
  endfacet
  facet normal -0 0 1
    outer loop
      vertex 139.463 7.45242 4
      vertex 143.111 4.62819 4
      vertex 139.517 7.58289 4
    endloop
  endfacet
  facet normal 0 0 1
    outer loop
      vertex 139.823 52 4
      vertex 145.147 56.3372 4
      vertex 145.158 56.478 4
    endloop
  endfacet
  facet normal 0 0 1
    outer loop
      vertex 137.69 38 4
      vertex 145.158 56.1964 4
      vertex 139.823 52 4
    endloop
  endfacet
  facet normal 0 0 1
    outer loop
      vertex 145.191 56.6153 4
      vertex 139.823 52 4
      vertex 145.158 56.478 4
    endloop
  endfacet
  facet normal 0 0 1
    outer loop
      vertex 145.245 56.7458 4
      vertex 139.823 52 4
      vertex 145.191 56.6153 4
    endloop
  endfacet
  facet normal 0 0 1
    outer loop
      vertex 125.663 56.1145 4
      vertex 145.245 56.7458 4
      vertex 145.319 56.8662 4
    endloop
  endfacet
  facet normal -0 0 1
    outer loop
      vertex 124.95 56.9497 4
      vertex 145.319 56.8662 4
      vertex 145.41 56.9736 4
    endloop
  endfacet
  facet normal 0 0 1
    outer loop
      vertex 145.245 56.7458 4
      vertex 125.663 56.1145 4
      vertex 139.823 52 4
    endloop
  endfacet
  facet normal 0 0 1
    outer loop
      vertex 124.95 56.9497 4
      vertex 145.41 56.9736 4
      vertex 145.518 57.0653 4
    endloop
  endfacet
  facet normal 0 0 1
    outer loop
      vertex 118.1 67 4
      vertex 145.518 57.0653 4
      vertex 145.638 57.1391 4
    endloop
  endfacet
  facet normal 0 0 1
    outer loop
      vertex 118.1 67 4
      vertex 145.638 57.1391 4
      vertex 145.769 57.1931 4
    endloop
  endfacet
  facet normal 0 0 1
    outer loop
      vertex 145.906 57.2261 4
      vertex 118.1 67 4
      vertex 145.769 57.1931 4
    endloop
  endfacet
  facet normal 0 0 1
    outer loop
      vertex 139.823 52 4
      vertex 126.914 53.095 4
      vertex 127 52 4
    endloop
  endfacet
  facet normal 0 0 1
    outer loop
      vertex 139.823 52 4
      vertex 126.657 54.1631 4
      vertex 126.914 53.095 4
    endloop
  endfacet
  facet normal 0 0 1
    outer loop
      vertex 139.823 52 4
      vertex 126.237 55.1779 4
      vertex 126.657 54.1631 4
    endloop
  endfacet
  facet normal 0 0 1
    outer loop
      vertex 139.823 52 4
      vertex 125.663 56.1145 4
      vertex 126.237 55.1779 4
    endloop
  endfacet
  facet normal 0 0 1
    outer loop
      vertex 145.319 56.8662 4
      vertex 124.95 56.9497 4
      vertex 125.663 56.1145 4
    endloop
  endfacet
  facet normal 0 0 1
    outer loop
      vertex 145.518 57.0653 4
      vertex 118.1 67 4
      vertex 124.115 57.6631 4
    endloop
  endfacet
  facet normal 0 0 1
    outer loop
      vertex 145.518 57.0653 4
      vertex 124.115 57.6631 4
      vertex 124.95 56.9497 4
    endloop
  endfacet
  facet normal 0 0 1
    outer loop
      vertex 124.115 57.6631 4
      vertex 118.1 67 4
      vertex 123.178 58.237 4
    endloop
  endfacet
  facet normal 0 0 1
    outer loop
      vertex 123.178 58.237 4
      vertex 118.1 67 4
      vertex 122.163 58.6574 4
    endloop
  endfacet
  facet normal -0 0 1
    outer loop
      vertex 118.1 62.9 4
      vertex 122.163 58.6574 4
      vertex 118.1 67 4
    endloop
  endfacet
  facet normal 0 0 1
    outer loop
      vertex 122.163 58.6574 4
      vertex 118.1 62.9 4
      vertex 121.095 58.9138 4
    endloop
  endfacet
  facet normal 0 0 1
    outer loop
      vertex 121.095 58.9138 4
      vertex 118.1 62.9 4
      vertex 120 59 4
    endloop
  endfacet
  facet normal 0 0 1
    outer loop
      vertex 120 59 4
      vertex 118.1 62.9 4
      vertex 118.905 58.9138 4
    endloop
  endfacet
  facet normal 0 0 1
    outer loop
      vertex 118.1 62.9 4
      vertex 117.837 58.6574 4
      vertex 118.905 58.9138 4
    endloop
  endfacet
  facet normal 0 0 1
    outer loop
      vertex 118.1 62.9 4
      vertex 116.822 58.237 4
      vertex 117.837 58.6574 4
    endloop
  endfacet
  facet normal 0 0 1
    outer loop
      vertex 118.1 62.9 4
      vertex 115.886 57.6631 4
      vertex 116.822 58.237 4
    endloop
  endfacet
  facet normal -0 0 1
    outer loop
      vertex 109.9 62.9 4
      vertex 115.886 57.6631 4
      vertex 118.1 62.9 4
    endloop
  endfacet
  facet normal 0 0 1
    outer loop
      vertex 115.886 57.6631 4
      vertex 109.9 62.9 4
      vertex 115.05 56.9497 4
    endloop
  endfacet
  facet normal 0 0 1
    outer loop
      vertex 115.05 56.9497 4
      vertex 109.9 62.9 4
      vertex 114.337 56.1145 4
    endloop
  endfacet
  facet normal 0 0 1
    outer loop
      vertex 114.337 56.1145 4
      vertex 109.9 62.9 4
      vertex 113.763 55.1779 4
    endloop
  endfacet
  facet normal 0 0 1
    outer loop
      vertex 109.9 62.9 4
      vertex 113.343 54.1631 4
      vertex 113.763 55.1779 4
    endloop
  endfacet
  facet normal 0 0 1
    outer loop
      vertex 109.9 62.9 4
      vertex 113.086 53.095 4
      vertex 113.343 54.1631 4
    endloop
  endfacet
  facet normal 0 0 1
    outer loop
      vertex 93.5279 52 4
      vertex 113.086 53.095 4
      vertex 109.9 62.9 4
    endloop
  endfacet
  facet normal 0 0 1
    outer loop
      vertex 113.086 53.095 4
      vertex 93.5279 52 4
      vertex 113 52 4
    endloop
  endfacet
  facet normal -0 0 1
    outer loop
      vertex 139.389 7.332 4
      vertex 143.111 4.62819 4
      vertex 139.463 7.45242 4
    endloop
  endfacet
  facet normal 0 0 1
    outer loop
      vertex 143.111 4.62819 4
      vertex 139.389 7.332 4
      vertex 142.55 3.97192 4
    endloop
  endfacet
  facet normal -0 0 1
    outer loop
      vertex 139.298 7.22461 4
      vertex 142.55 3.97192 4
      vertex 139.389 7.332 4
    endloop
  endfacet
  facet normal 0 0 1
    outer loop
      vertex 142.55 3.97192 4
      vertex 139.298 7.22461 4
      vertex 141.894 3.41141 4
    endloop
  endfacet
  facet normal -0 0 1
    outer loop
      vertex 139.19 7.13289 4
      vertex 141.894 3.41141 4
      vertex 139.298 7.22461 4
    endloop
  endfacet
  facet normal 0 0 1
    outer loop
      vertex 141.894 3.41141 4
      vertex 139.19 7.13289 4
      vertex 141.158 2.96046 4
    endloop
  endfacet
  facet normal -0 0 1
    outer loop
      vertex 139.07 7.0591 4
      vertex 141.158 2.96046 4
      vertex 139.19 7.13289 4
    endloop
  endfacet
  facet normal 0 0 1
    outer loop
      vertex 141.158 2.96046 4
      vertex 139.07 7.0591 4
      vertex 140.361 2.6302 4
    endloop
  endfacet
  facet normal -0 0 1
    outer loop
      vertex 138.939 7.00505 4
      vertex 140.361 2.6302 4
      vertex 139.07 7.0591 4
    endloop
  endfacet
  facet normal 0 0 1
    outer loop
      vertex 140.361 2.6302 4
      vertex 138.939 7.00505 4
      vertex 139.521 2.42873 4
    endloop
  endfacet
  facet normal -0 0 1
    outer loop
      vertex 138.802 6.97209 4
      vertex 139.521 2.42873 4
      vertex 138.939 7.00505 4
    endloop
  endfacet
  facet normal -0 0 1
    outer loop
      vertex 138.661 6.96101 4
      vertex 139.521 2.42873 4
      vertex 138.802 6.97209 4
    endloop
  endfacet
  facet normal 0 0 1
    outer loop
      vertex 138.661 6.96101 4
      vertex 138.661 2.36101 4
      vertex 139.521 2.42873 4
    endloop
  endfacet
  facet normal 0 0 1
    outer loop
      vertex 138.52 6.97209 4
      vertex 138.661 2.36101 4
      vertex 138.661 6.96101 4
    endloop
  endfacet
  facet normal 0 0 1
    outer loop
      vertex 137.801 2.42873 4
      vertex 138.52 6.97209 4
      vertex 138.383 7.00505 4
    endloop
  endfacet
  facet normal 0 0 1
    outer loop
      vertex 136.962 2.6302 4
      vertex 138.383 7.00505 4
      vertex 138.253 7.0591 4
    endloop
  endfacet
  facet normal 0 0 1
    outer loop
      vertex 136.164 2.96046 4
      vertex 138.253 7.0591 4
      vertex 138.132 7.13289 4
    endloop
  endfacet
  facet normal 0 0 1
    outer loop
      vertex 135.428 3.41141 4
      vertex 138.132 7.13289 4
      vertex 138.025 7.22461 4
    endloop
  endfacet
  facet normal 0 0 1
    outer loop
      vertex 134.772 3.97192 4
      vertex 138.025 7.22461 4
      vertex 137.933 7.332 4
    endloop
  endfacet
  facet normal 0 0 1
    outer loop
      vertex 134.772 3.97192 4
      vertex 137.933 7.332 4
      vertex 137.859 7.45242 4
    endloop
  endfacet
  facet normal 0 0 1
    outer loop
      vertex 134.772 3.97192 4
      vertex 137.859 7.45242 4
      vertex 137.805 7.58289 4
    endloop
  endfacet
  facet normal 0 0 1
    outer loop
      vertex 138.52 6.97209 4
      vertex 137.801 2.42873 4
      vertex 138.661 2.36101 4
    endloop
  endfacet
  facet normal 0 0 1
    outer loop
      vertex 134.772 3.97192 4
      vertex 137.805 7.58289 4
      vertex 137.772 7.72021 4
    endloop
  endfacet
  facet normal 0 0 1
    outer loop
      vertex 134.772 3.97192 4
      vertex 137.772 7.72021 4
      vertex 137.761 7.86101 4
    endloop
  endfacet
  facet normal 0 0 1
    outer loop
      vertex 138.383 7.00505 4
      vertex 136.962 2.6302 4
      vertex 137.801 2.42873 4
    endloop
  endfacet
  facet normal 0 0 1
    outer loop
      vertex 134.772 3.97192 4
      vertex 137.772 8.0018 4
      vertex 137.805 8.13913 4
    endloop
  endfacet
  facet normal 0 0 1
    outer loop
      vertex 134.772 3.97192 4
      vertex 137.761 7.86101 4
      vertex 137.772 8.0018 4
    endloop
  endfacet
  facet normal 0 0 1
    outer loop
      vertex 138.132 7.13289 4
      vertex 135.428 3.41141 4
      vertex 136.164 2.96046 4
    endloop
  endfacet
  facet normal 0 0 1
    outer loop
      vertex 138.253 7.0591 4
      vertex 136.164 2.96046 4
      vertex 136.962 2.6302 4
    endloop
  endfacet
  facet normal 0 0 1
    outer loop
      vertex 137.69 38 4
      vertex 120.9 30 4
      vertex 135.252 22 4
    endloop
  endfacet
  facet normal 0 0 1
    outer loop
      vertex 137.69 38 4
      vertex 120.889 30.1408 4
      vertex 120.9 30 4
    endloop
  endfacet
  facet normal 0 0 1
    outer loop
      vertex 137.69 38 4
      vertex 120.856 30.2781 4
      vertex 120.889 30.1408 4
    endloop
  endfacet
  facet normal 0 0 1
    outer loop
      vertex 137.69 38 4
      vertex 120.802 30.4086 4
      vertex 120.856 30.2781 4
    endloop
  endfacet
  facet normal 0 0 1
    outer loop
      vertex 137.69 38 4
      vertex 120.728 30.529 4
      vertex 120.802 30.4086 4
    endloop
  endfacet
  facet normal 0 0 1
    outer loop
      vertex 137.69 38 4
      vertex 120.636 30.6364 4
      vertex 120.728 30.529 4
    endloop
  endfacet
  facet normal 0 0 1
    outer loop
      vertex 137.69 38 4
      vertex 120.529 30.7281 4
      vertex 120.636 30.6364 4
    endloop
  endfacet
  facet normal 0 0 1
    outer loop
      vertex 137.69 38 4
      vertex 120.409 30.8019 4
      vertex 120.529 30.7281 4
    endloop
  endfacet
  facet normal 0 0 1
    outer loop
      vertex 137.69 38 4
      vertex 120.278 30.8559 4
      vertex 120.409 30.8019 4
    endloop
  endfacet
  facet normal 0 0 1
    outer loop
      vertex 137.69 38 4
      vertex 120.141 30.8889 4
      vertex 120.278 30.8559 4
    endloop
  endfacet
  facet normal 0 0 1
    outer loop
      vertex 137.69 38 4
      vertex 120 30.9 4
      vertex 120.141 30.8889 4
    endloop
  endfacet
  facet normal -0 0 1
    outer loop
      vertex 98.7466 38 4
      vertex 120 30.9 4
      vertex 137.69 38 4
    endloop
  endfacet
  facet normal 0 0 1
    outer loop
      vertex 120 30.9 4
      vertex 98.7466 38 4
      vertex 119.859 30.8889 4
    endloop
  endfacet
  facet normal 0 0 1
    outer loop
      vertex 119.111 30.1408 4
      vertex 98.7466 38 4
      vertex 119.1 30 4
    endloop
  endfacet
  facet normal 0 0 1
    outer loop
      vertex 119.144 30.2781 4
      vertex 98.7466 38 4
      vertex 119.111 30.1408 4
    endloop
  endfacet
  facet normal 0 0 1
    outer loop
      vertex 119.198 30.4086 4
      vertex 98.7466 38 4
      vertex 119.144 30.2781 4
    endloop
  endfacet
  facet normal 0 0 1
    outer loop
      vertex 119.272 30.529 4
      vertex 98.7466 38 4
      vertex 119.198 30.4086 4
    endloop
  endfacet
  facet normal 0 0 1
    outer loop
      vertex 119.364 30.6364 4
      vertex 98.7466 38 4
      vertex 119.272 30.529 4
    endloop
  endfacet
  facet normal 0 0 1
    outer loop
      vertex 119.471 30.7281 4
      vertex 98.7466 38 4
      vertex 119.364 30.6364 4
    endloop
  endfacet
  facet normal 0 0 1
    outer loop
      vertex 119.591 30.8019 4
      vertex 98.7466 38 4
      vertex 119.471 30.7281 4
    endloop
  endfacet
  facet normal 0 0 1
    outer loop
      vertex 119.722 30.8559 4
      vertex 98.7466 38 4
      vertex 119.591 30.8019 4
    endloop
  endfacet
  facet normal 0 0 1
    outer loop
      vertex 119.859 30.8889 4
      vertex 98.7466 38 4
      vertex 119.722 30.8559 4
    endloop
  endfacet
  facet normal 0 0 1
    outer loop
      vertex 198.025 7.22461 4
      vertex 194.772 3.97192 4
      vertex 195.428 3.41141 4
    endloop
  endfacet
  facet normal 0 0 1
    outer loop
      vertex 193.161 7.86101 4
      vertex 197.859 8.26959 4
      vertex 193.229 8.72139 4
    endloop
  endfacet
  facet normal 0 0 1
    outer loop
      vertex 197.859 8.26959 4
      vertex 194.212 4.62819 4
      vertex 194.772 3.97192 4
    endloop
  endfacet
  facet normal 0 0 1
    outer loop
      vertex 197.859 8.26959 4
      vertex 193.761 5.36406 4
      vertex 194.212 4.62819 4
    endloop
  endfacet
  facet normal 0 0 1
    outer loop
      vertex 197.859 8.26959 4
      vertex 193.43 6.16141 4
      vertex 193.761 5.36406 4
    endloop
  endfacet
  facet normal 0 0 1
    outer loop
      vertex 197.859 8.26959 4
      vertex 193.229 7.00063 4
      vertex 193.43 6.16141 4
    endloop
  endfacet
  facet normal 0 0 1
    outer loop
      vertex 197.859 8.26959 4
      vertex 193.161 7.86101 4
      vertex 193.229 7.00063 4
    endloop
  endfacet
  facet normal -0 0 1
    outer loop
      vertex 180.889 29.8592 4
      vertex 195.252 22 4
      vertex 180.9 30 4
    endloop
  endfacet
  facet normal -0 0 1
    outer loop
      vertex 180.856 29.7219 4
      vertex 195.252 22 4
      vertex 180.889 29.8592 4
    endloop
  endfacet
  facet normal -0 0 1
    outer loop
      vertex 180.802 29.5914 4
      vertex 195.252 22 4
      vertex 180.856 29.7219 4
    endloop
  endfacet
  facet normal -0 0 1
    outer loop
      vertex 180.728 29.471 4
      vertex 195.252 22 4
      vertex 180.802 29.5914 4
    endloop
  endfacet
  facet normal -0 0 1
    outer loop
      vertex 180.636 29.3636 4
      vertex 195.252 22 4
      vertex 180.728 29.471 4
    endloop
  endfacet
  facet normal -0 0 1
    outer loop
      vertex 180.529 29.2719 4
      vertex 195.252 22 4
      vertex 180.636 29.3636 4
    endloop
  endfacet
  facet normal -0 0 1
    outer loop
      vertex 180.409 29.1981 4
      vertex 195.252 22 4
      vertex 180.529 29.2719 4
    endloop
  endfacet
  facet normal -0 0 1
    outer loop
      vertex 180.278 29.1441 4
      vertex 195.252 22 4
      vertex 180.409 29.1981 4
    endloop
  endfacet
  facet normal -0 0 1
    outer loop
      vertex 180.141 29.1111 4
      vertex 195.252 22 4
      vertex 180.278 29.1441 4
    endloop
  endfacet
  facet normal -0 0 1
    outer loop
      vertex 180 29.1 4
      vertex 195.252 22 4
      vertex 180.141 29.1111 4
    endloop
  endfacet
  facet normal 0 0 1
    outer loop
      vertex 179.859 29.1111 4
      vertex 195.252 22 4
      vertex 180 29.1 4
    endloop
  endfacet
  facet normal 0 0 1
    outer loop
      vertex 155.369 22 4
      vertex 179.859 29.1111 4
      vertex 179.722 29.1441 4
    endloop
  endfacet
  facet normal 0 0 1
    outer loop
      vertex 155.369 22 4
      vertex 179.722 29.1441 4
      vertex 179.591 29.1981 4
    endloop
  endfacet
  facet normal 0 0 1
    outer loop
      vertex 157.055 38 4
      vertex 179.111 29.8592 4
      vertex 179.1 30 4
    endloop
  endfacet
  facet normal 0 0 1
    outer loop
      vertex 155.369 22 4
      vertex 179.111 29.8592 4
      vertex 157.055 38 4
    endloop
  endfacet
  facet normal 0 0 1
    outer loop
      vertex 179.111 29.8592 4
      vertex 155.369 22 4
      vertex 179.144 29.7219 4
    endloop
  endfacet
  facet normal 0 0 1
    outer loop
      vertex 179.144 29.7219 4
      vertex 155.369 22 4
      vertex 179.198 29.5914 4
    endloop
  endfacet
  facet normal 0 0 1
    outer loop
      vertex 179.198 29.5914 4
      vertex 155.369 22 4
      vertex 179.272 29.471 4
    endloop
  endfacet
  facet normal 0 0 1
    outer loop
      vertex 179.272 29.471 4
      vertex 155.369 22 4
      vertex 179.364 29.3636 4
    endloop
  endfacet
  facet normal 0 0 1
    outer loop
      vertex 179.364 29.3636 4
      vertex 155.369 22 4
      vertex 179.471 29.2719 4
    endloop
  endfacet
  facet normal 0 0 1
    outer loop
      vertex 179.471 29.2719 4
      vertex 155.369 22 4
      vertex 179.591 29.1981 4
    endloop
  endfacet
  facet normal 0 0 1
    outer loop
      vertex 179.859 29.1111 4
      vertex 155.369 22 4
      vertex 195.252 22 4
    endloop
  endfacet
  facet normal 0 0 1
    outer loop
      vertex 149.574 32.6914 4
      vertex 157.055 38 4
      vertex 153.018 52 4
    endloop
  endfacet
  facet normal 0 0 1
    outer loop
      vertex 157.055 38 4
      vertex 152.725 30 4
      vertex 155.369 22 4
    endloop
  endfacet
  facet normal -0 0 1
    outer loop
      vertex 152.691 29.5737 4
      vertex 155.369 22 4
      vertex 152.725 30 4
    endloop
  endfacet
  facet normal -0 0 1
    outer loop
      vertex 152.592 29.1579 4
      vertex 155.369 22 4
      vertex 152.691 29.5737 4
    endloop
  endfacet
  facet normal -0 0 1
    outer loop
      vertex 152.428 28.7629 4
      vertex 155.369 22 4
      vertex 152.592 29.1579 4
    endloop
  endfacet
  facet normal -0 0 1
    outer loop
      vertex 152.205 28.3983 4
      vertex 155.369 22 4
      vertex 152.428 28.7629 4
    endloop
  endfacet
  facet normal -0 0 1
    outer loop
      vertex 151.927 28.0731 4
      vertex 155.369 22 4
      vertex 152.205 28.3983 4
    endloop
  endfacet
  facet normal -0 0 1
    outer loop
      vertex 151.602 27.7954 4
      vertex 155.369 22 4
      vertex 151.927 28.0731 4
    endloop
  endfacet
  facet normal -0 0 1
    outer loop
      vertex 151.237 27.572 4
      vertex 155.369 22 4
      vertex 151.602 27.7954 4
    endloop
  endfacet
  facet normal -0 0 1
    outer loop
      vertex 150.842 27.4084 4
      vertex 155.369 22 4
      vertex 151.237 27.572 4
    endloop
  endfacet
  facet normal -0 0 1
    outer loop
      vertex 150.426 27.3086 4
      vertex 155.369 22 4
      vertex 150.842 27.4084 4
    endloop
  endfacet
  facet normal -0 0 1
    outer loop
      vertex 150 27.275 4
      vertex 155.369 22 4
      vertex 150.426 27.3086 4
    endloop
  endfacet
  facet normal 0 0 1
    outer loop
      vertex 149.574 27.3086 4
      vertex 155.369 22 4
      vertex 150 27.275 4
    endloop
  endfacet
  facet normal 0 0 1
    outer loop
      vertex 149.158 27.4084 4
      vertex 155.369 22 4
      vertex 149.574 27.3086 4
    endloop
  endfacet
  facet normal 0 0 1
    outer loop
      vertex 139.55 8.0018 4
      vertex 149.158 27.4084 4
      vertex 148.763 27.572 4
    endloop
  endfacet
  facet normal 0 0 1
    outer loop
      vertex 139.55 8.0018 4
      vertex 148.763 27.572 4
      vertex 148.398 27.7954 4
    endloop
  endfacet
  facet normal -0 0 1
    outer loop
      vertex 146.775 55.8082 4
      vertex 153.018 52 4
      vertex 146.849 55.9286 4
    endloop
  endfacet
  facet normal -0 0 1
    outer loop
      vertex 146.683 55.7008 4
      vertex 153.018 52 4
      vertex 146.775 55.8082 4
    endloop
  endfacet
  facet normal -0 0 1
    outer loop
      vertex 146.576 55.6091 4
      vertex 153.018 52 4
      vertex 146.683 55.7008 4
    endloop
  endfacet
  facet normal -0 0 1
    outer loop
      vertex 146.455 55.5353 4
      vertex 153.018 52 4
      vertex 146.576 55.6091 4
    endloop
  endfacet
  facet normal -0 0 1
    outer loop
      vertex 146.325 55.4812 4
      vertex 153.018 52 4
      vertex 146.455 55.5353 4
    endloop
  endfacet
  facet normal -0 0 1
    outer loop
      vertex 146.188 55.4483 4
      vertex 153.018 52 4
      vertex 146.325 55.4812 4
    endloop
  endfacet
  facet normal -0 0 1
    outer loop
      vertex 146.047 55.4372 4
      vertex 153.018 52 4
      vertex 146.188 55.4483 4
    endloop
  endfacet
  facet normal 0 0 1
    outer loop
      vertex 145.906 55.4483 4
      vertex 153.018 52 4
      vertex 146.047 55.4372 4
    endloop
  endfacet
  facet normal 0 0 1
    outer loop
      vertex 145.518 55.6091 4
      vertex 148.073 31.9269 4
      vertex 145.638 55.5353 4
    endloop
  endfacet
  facet normal 0 0 1
    outer loop
      vertex 148.073 31.9269 4
      vertex 145.518 55.6091 4
      vertex 147.795 31.6017 4
    endloop
  endfacet
  facet normal 0 0 1
    outer loop
      vertex 145.41 55.7008 4
      vertex 147.795 31.6017 4
      vertex 145.518 55.6091 4
    endloop
  endfacet
  facet normal 0 0 1
    outer loop
      vertex 147.795 31.6017 4
      vertex 145.41 55.7008 4
      vertex 147.572 31.2371 4
    endloop
  endfacet
  facet normal 0 0 1
    outer loop
      vertex 145.319 55.8082 4
      vertex 147.572 31.2371 4
      vertex 145.41 55.7008 4
    endloop
  endfacet
  facet normal 0 0 1
    outer loop
      vertex 147.572 31.2371 4
      vertex 145.319 55.8082 4
      vertex 147.408 30.8421 4
    endloop
  endfacet
  facet normal 0 0 1
    outer loop
      vertex 145.245 55.9286 4
      vertex 147.408 30.8421 4
      vertex 145.319 55.8082 4
    endloop
  endfacet
  facet normal 0 0 1
    outer loop
      vertex 147.408 30.8421 4
      vertex 145.245 55.9286 4
      vertex 147.309 30.4263 4
    endloop
  endfacet
  facet normal 0 0 1
    outer loop
      vertex 145.191 56.0591 4
      vertex 147.309 30.4263 4
      vertex 145.245 55.9286 4
    endloop
  endfacet
  facet normal 0 0 1
    outer loop
      vertex 139.55 8.0018 4
      vertex 147.309 30.4263 4
      vertex 145.191 56.0591 4
    endloop
  endfacet
  facet normal 0 0 1
    outer loop
      vertex 139.55 8.0018 4
      vertex 145.191 56.0591 4
      vertex 145.158 56.1964 4
    endloop
  endfacet
  facet normal 0 0 1
    outer loop
      vertex 147.309 30.4263 4
      vertex 139.55 8.0018 4
      vertex 147.275 30 4
    endloop
  endfacet
  facet normal 0 0 1
    outer loop
      vertex 139.55 8.0018 4
      vertex 155.369 22 4
      vertex 149.158 27.4084 4
    endloop
  endfacet
  facet normal 0 0 1
    outer loop
      vertex 139.55 8.0018 4
      vertex 148.398 27.7954 4
      vertex 148.073 28.0731 4
    endloop
  endfacet
  facet normal 0 0 1
    outer loop
      vertex 139.55 8.0018 4
      vertex 148.073 28.0731 4
      vertex 147.795 28.3983 4
    endloop
  endfacet
  facet normal 0 0 1
    outer loop
      vertex 139.55 8.0018 4
      vertex 147.795 28.3983 4
      vertex 147.572 28.7629 4
    endloop
  endfacet
  facet normal 0 0 1
    outer loop
      vertex 139.55 8.0018 4
      vertex 147.572 28.7629 4
      vertex 147.408 29.1579 4
    endloop
  endfacet
  facet normal 0 0 1
    outer loop
      vertex 139.55 8.0018 4
      vertex 147.408 29.1579 4
      vertex 147.309 29.5737 4
    endloop
  endfacet
  facet normal 0 0 1
    outer loop
      vertex 139.55 8.0018 4
      vertex 147.309 29.5737 4
      vertex 147.275 30 4
    endloop
  endfacet
  facet normal 0 0 1
    outer loop
      vertex 139.823 52 4
      vertex 145.158 56.1964 4
      vertex 145.147 56.3372 4
    endloop
  endfacet
  facet normal 0 0 1
    outer loop
      vertex 203.111 4.62819 4
      vertex 199.55 8.0018 4
      vertex 199.561 7.86101 4
    endloop
  endfacet
  facet normal 0 -0 1
    outer loop
      vertex 199.19 8.58913 4
      vertex 207.572 28.7629 4
      vertex 195.252 22 4
    endloop
  endfacet
  facet normal 0 0 1
    outer loop
      vertex 203.111 4.62819 4
      vertex 199.517 8.13913 4
      vertex 199.55 8.0018 4
    endloop
  endfacet
  facet normal 0 0 1
    outer loop
      vertex 203.111 4.62819 4
      vertex 199.463 8.26959 4
      vertex 199.517 8.13913 4
    endloop
  endfacet
  facet normal 0 0 1
    outer loop
      vertex 207.572 28.7629 4
      vertex 199.389 8.39001 4
      vertex 203.111 4.62819 4
    endloop
  endfacet
  facet normal 0 0 1
    outer loop
      vertex 203.111 4.62819 4
      vertex 199.389 8.39001 4
      vertex 199.463 8.26959 4
    endloop
  endfacet
  facet normal 0 0 1
    outer loop
      vertex 207.572 28.7629 4
      vertex 199.297 8.49741 4
      vertex 199.389 8.39001 4
    endloop
  endfacet
  facet normal 0 0 1
    outer loop
      vertex 207.572 28.7629 4
      vertex 199.19 8.58913 4
      vertex 199.297 8.49741 4
    endloop
  endfacet
  facet normal 0 0 1
    outer loop
      vertex 199.19 8.58913 4
      vertex 195.252 22 4
      vertex 199.07 8.66292 4
    endloop
  endfacet
  facet normal 0 0 1
    outer loop
      vertex 199.07 8.66292 4
      vertex 195.252 22 4
      vertex 198.939 8.71696 4
    endloop
  endfacet
  facet normal 0 0 1
    outer loop
      vertex 198.939 8.71696 4
      vertex 195.252 22 4
      vertex 198.802 8.74992 4
    endloop
  endfacet
  facet normal 0 0 1
    outer loop
      vertex 198.802 8.74992 4
      vertex 195.252 22 4
      vertex 198.661 8.761 4
    endloop
  endfacet
  facet normal 0 0 1
    outer loop
      vertex 198.661 8.761 4
      vertex 195.252 22 4
      vertex 198.52 8.74992 4
    endloop
  endfacet
  facet normal 0 0 1
    outer loop
      vertex 198.52 8.74992 4
      vertex 195.252 22 4
      vertex 198.383 8.71696 4
    endloop
  endfacet
  facet normal -0 0 1
    outer loop
      vertex 193.229 8.72139 4
      vertex 198.383 8.71696 4
      vertex 195.252 22 4
    endloop
  endfacet
  facet normal 0 0 1
    outer loop
      vertex 198.383 8.71696 4
      vertex 193.229 8.72139 4
      vertex 198.253 8.66292 4
    endloop
  endfacet
  facet normal 0 0 1
    outer loop
      vertex 198.253 8.66292 4
      vertex 193.229 8.72139 4
      vertex 198.132 8.58913 4
    endloop
  endfacet
  facet normal 0 0 1
    outer loop
      vertex 198.132 8.58913 4
      vertex 193.229 8.72139 4
      vertex 198.025 8.49741 4
    endloop
  endfacet
  facet normal 0 0 1
    outer loop
      vertex 198.025 8.49741 4
      vertex 193.229 8.72139 4
      vertex 197.933 8.39001 4
    endloop
  endfacet
  facet normal 0 0 1
    outer loop
      vertex 197.933 8.39001 4
      vertex 193.229 8.72139 4
      vertex 197.859 8.26959 4
    endloop
  endfacet
  facet normal 0 0 1
    outer loop
      vertex 197.859 8.26959 4
      vertex 194.772 3.97192 4
      vertex 197.805 8.13913 4
    endloop
  endfacet
  facet normal 0 0 1
    outer loop
      vertex 184.95 56.9497 4
      vertex 203.9 62.9 4
      vertex 203.9 67 4
    endloop
  endfacet
  facet normal 0 0 1
    outer loop
      vertex 197.69 38 4
      vertex 203.9 62.9 4
      vertex 199.823 52 4
    endloop
  endfacet
  facet normal 0 0 1
    outer loop
      vertex 207.408 29.1579 4
      vertex 195.252 22 4
      vertex 207.572 28.7629 4
    endloop
  endfacet
  facet normal -0 0 1
    outer loop
      vertex 199.55 7.72021 4
      vertex 203.111 4.62819 4
      vertex 199.561 7.86101 4
    endloop
  endfacet
  facet normal -0 0 1
    outer loop
      vertex 199.517 7.58289 4
      vertex 203.111 4.62819 4
      vertex 199.55 7.72021 4
    endloop
  endfacet
  facet normal -0 0 1
    outer loop
      vertex 199.463 7.45242 4
      vertex 203.111 4.62819 4
      vertex 199.517 7.58289 4
    endloop
  endfacet
  facet normal 0 -0 1
    outer loop
      vertex 186.237 55.1779 4
      vertex 203.9 62.9 4
      vertex 185.663 56.1145 4
    endloop
  endfacet
  facet normal 0 0 1
    outer loop
      vertex 199.823 52 4
      vertex 186.914 53.095 4
      vertex 187 52 4
    endloop
  endfacet
  facet normal 0 0 1
    outer loop
      vertex 199.823 52 4
      vertex 186.657 54.1631 4
      vertex 186.914 53.095 4
    endloop
  endfacet
  facet normal 0 0 1
    outer loop
      vertex 199.823 52 4
      vertex 186.237 55.1779 4
      vertex 186.657 54.1631 4
    endloop
  endfacet
  facet normal 0 0 1
    outer loop
      vertex 203.9 62.9 4
      vertex 186.237 55.1779 4
      vertex 199.823 52 4
    endloop
  endfacet
  facet normal 0 0 1
    outer loop
      vertex 203.9 62.9 4
      vertex 184.95 56.9497 4
      vertex 185.663 56.1145 4
    endloop
  endfacet
  facet normal 0 0 1
    outer loop
      vertex 203.9 67 4
      vertex 184.114 57.6631 4
      vertex 184.95 56.9497 4
    endloop
  endfacet
  facet normal -0 0 1
    outer loop
      vertex 178.1 67 4
      vertex 184.114 57.6631 4
      vertex 203.9 67 4
    endloop
  endfacet
  facet normal 0 0 1
    outer loop
      vertex 184.114 57.6631 4
      vertex 178.1 67 4
      vertex 183.178 58.237 4
    endloop
  endfacet
  facet normal 0 0 1
    outer loop
      vertex 183.178 58.237 4
      vertex 178.1 67 4
      vertex 182.163 58.6574 4
    endloop
  endfacet
  facet normal -0 0 1
    outer loop
      vertex 178.1 62.9 4
      vertex 182.163 58.6574 4
      vertex 178.1 67 4
    endloop
  endfacet
  facet normal 0 0 1
    outer loop
      vertex 182.163 58.6574 4
      vertex 178.1 62.9 4
      vertex 181.095 58.9138 4
    endloop
  endfacet
  facet normal 0 0 1
    outer loop
      vertex 181.095 58.9138 4
      vertex 178.1 62.9 4
      vertex 180 59 4
    endloop
  endfacet
  facet normal 0 0 1
    outer loop
      vertex 180 59 4
      vertex 178.1 62.9 4
      vertex 178.905 58.9138 4
    endloop
  endfacet
  facet normal 0 0 1
    outer loop
      vertex 178.1 62.9 4
      vertex 177.837 58.6574 4
      vertex 178.905 58.9138 4
    endloop
  endfacet
  facet normal 0 0 1
    outer loop
      vertex 178.1 62.9 4
      vertex 176.822 58.237 4
      vertex 177.837 58.6574 4
    endloop
  endfacet
  facet normal 0 0 1
    outer loop
      vertex 178.1 62.9 4
      vertex 175.885 57.6631 4
      vertex 176.822 58.237 4
    endloop
  endfacet
  facet normal -0 0 1
    outer loop
      vertex 169.9 62.9 4
      vertex 175.885 57.6631 4
      vertex 178.1 62.9 4
    endloop
  endfacet
  facet normal 0 0 1
    outer loop
      vertex 175.885 57.6631 4
      vertex 169.9 62.9 4
      vertex 175.05 56.9497 4
    endloop
  endfacet
  facet normal 0 0 1
    outer loop
      vertex 175.05 56.9497 4
      vertex 169.9 62.9 4
      vertex 174.337 56.1145 4
    endloop
  endfacet
  facet normal 0 0 1
    outer loop
      vertex 174.337 56.1145 4
      vertex 169.9 62.9 4
      vertex 173.763 55.1779 4
    endloop
  endfacet
  facet normal 0 0 1
    outer loop
      vertex 169.9 62.9 4
      vertex 173.343 54.1631 4
      vertex 173.763 55.1779 4
    endloop
  endfacet
  facet normal 0 0 1
    outer loop
      vertex 169.9 62.9 4
      vertex 173.086 53.095 4
      vertex 173.343 54.1631 4
    endloop
  endfacet
  facet normal 0 0 1
    outer loop
      vertex 153.018 52 4
      vertex 173.086 53.095 4
      vertex 169.9 62.9 4
    endloop
  endfacet
  facet normal 0 0 1
    outer loop
      vertex 173.086 53.095 4
      vertex 153.018 52 4
      vertex 173 52 4
    endloop
  endfacet
  facet normal -0 0 1
    outer loop
      vertex 199.389 7.332 4
      vertex 203.111 4.62819 4
      vertex 199.463 7.45242 4
    endloop
  endfacet
  facet normal 0 0 1
    outer loop
      vertex 203.111 4.62819 4
      vertex 199.389 7.332 4
      vertex 202.55 3.97192 4
    endloop
  endfacet
  facet normal -0 0 1
    outer loop
      vertex 199.297 7.22461 4
      vertex 202.55 3.97192 4
      vertex 199.389 7.332 4
    endloop
  endfacet
  facet normal 0 0 1
    outer loop
      vertex 202.55 3.97192 4
      vertex 199.297 7.22461 4
      vertex 201.894 3.41141 4
    endloop
  endfacet
  facet normal -0 0 1
    outer loop
      vertex 199.19 7.13289 4
      vertex 201.894 3.41141 4
      vertex 199.297 7.22461 4
    endloop
  endfacet
  facet normal 0 0 1
    outer loop
      vertex 201.894 3.41141 4
      vertex 199.19 7.13289 4
      vertex 201.158 2.96046 4
    endloop
  endfacet
  facet normal -0 0 1
    outer loop
      vertex 199.07 7.0591 4
      vertex 201.158 2.96046 4
      vertex 199.19 7.13289 4
    endloop
  endfacet
  facet normal 0 0 1
    outer loop
      vertex 201.158 2.96046 4
      vertex 199.07 7.0591 4
      vertex 200.361 2.6302 4
    endloop
  endfacet
  facet normal -0 0 1
    outer loop
      vertex 198.939 7.00505 4
      vertex 200.361 2.6302 4
      vertex 199.07 7.0591 4
    endloop
  endfacet
  facet normal 0 0 1
    outer loop
      vertex 200.361 2.6302 4
      vertex 198.939 7.00505 4
      vertex 199.521 2.42873 4
    endloop
  endfacet
  facet normal -0 0 1
    outer loop
      vertex 198.802 6.97209 4
      vertex 199.521 2.42873 4
      vertex 198.939 7.00505 4
    endloop
  endfacet
  facet normal -0 0 1
    outer loop
      vertex 198.661 6.96101 4
      vertex 199.521 2.42873 4
      vertex 198.802 6.97209 4
    endloop
  endfacet
  facet normal 0 0 1
    outer loop
      vertex 198.661 6.96101 4
      vertex 198.661 2.36101 4
      vertex 199.521 2.42873 4
    endloop
  endfacet
  facet normal 0 0 1
    outer loop
      vertex 198.52 6.97209 4
      vertex 198.661 2.36101 4
      vertex 198.661 6.96101 4
    endloop
  endfacet
  facet normal 0 0 1
    outer loop
      vertex 197.801 2.42873 4
      vertex 198.52 6.97209 4
      vertex 198.383 7.00505 4
    endloop
  endfacet
  facet normal 0 0 1
    outer loop
      vertex 196.962 2.6302 4
      vertex 198.383 7.00505 4
      vertex 198.253 7.0591 4
    endloop
  endfacet
  facet normal 0 0 1
    outer loop
      vertex 196.164 2.96046 4
      vertex 198.253 7.0591 4
      vertex 198.132 7.13289 4
    endloop
  endfacet
  facet normal 0 0 1
    outer loop
      vertex 195.428 3.41141 4
      vertex 198.132 7.13289 4
      vertex 198.025 7.22461 4
    endloop
  endfacet
  facet normal 0 0 1
    outer loop
      vertex 194.772 3.97192 4
      vertex 198.025 7.22461 4
      vertex 197.933 7.332 4
    endloop
  endfacet
  facet normal 0 0 1
    outer loop
      vertex 194.772 3.97192 4
      vertex 197.933 7.332 4
      vertex 197.859 7.45242 4
    endloop
  endfacet
  facet normal 0 0 1
    outer loop
      vertex 194.772 3.97192 4
      vertex 197.859 7.45242 4
      vertex 197.805 7.58289 4
    endloop
  endfacet
  facet normal 0 0 1
    outer loop
      vertex 198.52 6.97209 4
      vertex 197.801 2.42873 4
      vertex 198.661 2.36101 4
    endloop
  endfacet
  facet normal 0 0 1
    outer loop
      vertex 194.772 3.97192 4
      vertex 197.805 7.58289 4
      vertex 197.772 7.72021 4
    endloop
  endfacet
  facet normal 0 0 1
    outer loop
      vertex 194.772 3.97192 4
      vertex 197.772 7.72021 4
      vertex 197.761 7.86101 4
    endloop
  endfacet
  facet normal 0 0 1
    outer loop
      vertex 198.383 7.00505 4
      vertex 196.962 2.6302 4
      vertex 197.801 2.42873 4
    endloop
  endfacet
  facet normal 0 0 1
    outer loop
      vertex 194.772 3.97192 4
      vertex 197.772 8.0018 4
      vertex 197.805 8.13913 4
    endloop
  endfacet
  facet normal 0 0 1
    outer loop
      vertex 194.772 3.97192 4
      vertex 197.761 7.86101 4
      vertex 197.772 8.0018 4
    endloop
  endfacet
  facet normal 0 0 1
    outer loop
      vertex 198.132 7.13289 4
      vertex 195.428 3.41141 4
      vertex 196.164 2.96046 4
    endloop
  endfacet
  facet normal 0 0 1
    outer loop
      vertex 198.253 7.0591 4
      vertex 196.164 2.96046 4
      vertex 196.962 2.6302 4
    endloop
  endfacet
  facet normal 0 0 1
    outer loop
      vertex 197.69 38 4
      vertex 180.9 30 4
      vertex 195.252 22 4
    endloop
  endfacet
  facet normal 0 0 1
    outer loop
      vertex 197.69 38 4
      vertex 180.889 30.1408 4
      vertex 180.9 30 4
    endloop
  endfacet
  facet normal 0 0 1
    outer loop
      vertex 197.69 38 4
      vertex 180.856 30.2781 4
      vertex 180.889 30.1408 4
    endloop
  endfacet
  facet normal 0 0 1
    outer loop
      vertex 197.69 38 4
      vertex 180.802 30.4086 4
      vertex 180.856 30.2781 4
    endloop
  endfacet
  facet normal 0 0 1
    outer loop
      vertex 197.69 38 4
      vertex 180.728 30.529 4
      vertex 180.802 30.4086 4
    endloop
  endfacet
  facet normal 0 0 1
    outer loop
      vertex 197.69 38 4
      vertex 180.636 30.6364 4
      vertex 180.728 30.529 4
    endloop
  endfacet
  facet normal 0 0 1
    outer loop
      vertex 197.69 38 4
      vertex 180.529 30.7281 4
      vertex 180.636 30.6364 4
    endloop
  endfacet
  facet normal 0 0 1
    outer loop
      vertex 197.69 38 4
      vertex 180.409 30.8019 4
      vertex 180.529 30.7281 4
    endloop
  endfacet
  facet normal 0 0 1
    outer loop
      vertex 197.69 38 4
      vertex 180.278 30.8559 4
      vertex 180.409 30.8019 4
    endloop
  endfacet
  facet normal 0 0 1
    outer loop
      vertex 197.69 38 4
      vertex 180.141 30.8889 4
      vertex 180.278 30.8559 4
    endloop
  endfacet
  facet normal 0 0 1
    outer loop
      vertex 197.69 38 4
      vertex 180 30.9 4
      vertex 180.141 30.8889 4
    endloop
  endfacet
  facet normal 0 0 1
    outer loop
      vertex 197.69 38 4
      vertex 179.859 30.8889 4
      vertex 180 30.9 4
    endloop
  endfacet
  facet normal -0 0 1
    outer loop
      vertex 157.055 38 4
      vertex 179.859 30.8889 4
      vertex 197.69 38 4
    endloop
  endfacet
  facet normal 0 0 1
    outer loop
      vertex 179.111 30.1408 4
      vertex 157.055 38 4
      vertex 179.1 30 4
    endloop
  endfacet
  facet normal 0 0 1
    outer loop
      vertex 179.144 30.2781 4
      vertex 157.055 38 4
      vertex 179.111 30.1408 4
    endloop
  endfacet
  facet normal 0 0 1
    outer loop
      vertex 179.198 30.4086 4
      vertex 157.055 38 4
      vertex 179.144 30.2781 4
    endloop
  endfacet
  facet normal 0 0 1
    outer loop
      vertex 179.272 30.529 4
      vertex 157.055 38 4
      vertex 179.198 30.4086 4
    endloop
  endfacet
  facet normal 0 0 1
    outer loop
      vertex 179.364 30.6364 4
      vertex 157.055 38 4
      vertex 179.272 30.529 4
    endloop
  endfacet
  facet normal 0 0 1
    outer loop
      vertex 179.471 30.7281 4
      vertex 157.055 38 4
      vertex 179.364 30.6364 4
    endloop
  endfacet
  facet normal 0 0 1
    outer loop
      vertex 179.591 30.8019 4
      vertex 157.055 38 4
      vertex 179.471 30.7281 4
    endloop
  endfacet
  facet normal 0 0 1
    outer loop
      vertex 179.722 30.8559 4
      vertex 157.055 38 4
      vertex 179.591 30.8019 4
    endloop
  endfacet
  facet normal 0 0 1
    outer loop
      vertex 179.859 30.8889 4
      vertex 157.055 38 4
      vertex 179.722 30.8559 4
    endloop
  endfacet
  facet normal -0 0 1
    outer loop
      vertex 212.1 62.9 4
      vertex 224 52 4
      vertex 224 67 4
    endloop
  endfacet
  facet normal 0 0 1
    outer loop
      vertex 220.865 31.7208 4
      vertex 212.691 30.4263 4
      vertex 212.725 30 4
    endloop
  endfacet
  facet normal 0 0 1
    outer loop
      vertex 220.462 33.3992 4
      vertex 212.592 30.8421 4
      vertex 212.691 30.4263 4
    endloop
  endfacet
  facet normal 0 0 1
    outer loop
      vertex 220.462 33.3992 4
      vertex 212.428 31.2371 4
      vertex 212.592 30.8421 4
    endloop
  endfacet
  facet normal 0 0 1
    outer loop
      vertex 220.462 33.3992 4
      vertex 212.205 31.6017 4
      vertex 212.428 31.2371 4
    endloop
  endfacet
  facet normal 0 0 1
    outer loop
      vertex 212.1 62.9 4
      vertex 224 67 4
      vertex 212.1 67 4
    endloop
  endfacet
  facet normal 0 0 1
    outer loop
      vertex 224 52 4
      vertex 212.1 62.9 4
      vertex 213.528 52 4
    endloop
  endfacet
  facet normal -0 0 1
    outer loop
      vertex 206.936 56.478 4
      vertex 213.528 52 4
      vertex 212.1 62.9 4
    endloop
  endfacet
  facet normal 0 0 1
    outer loop
      vertex 220.462 33.3992 4
      vertex 211.927 31.9269 4
      vertex 212.205 31.6017 4
    endloop
  endfacet
  facet normal -0 0 1
    outer loop
      vertex 206.775 55.8082 4
      vertex 213.528 52 4
      vertex 206.849 55.9286 4
    endloop
  endfacet
  facet normal 0 0 1
    outer loop
      vertex 220.462 33.3992 4
      vertex 211.602 32.2046 4
      vertex 211.927 31.9269 4
    endloop
  endfacet
  facet normal -0 0 1
    outer loop
      vertex 206.683 55.7008 4
      vertex 213.528 52 4
      vertex 206.775 55.8082 4
    endloop
  endfacet
  facet normal 0 0 1
    outer loop
      vertex 220.462 33.3992 4
      vertex 211.237 32.428 4
      vertex 211.602 32.2046 4
    endloop
  endfacet
  facet normal -0 0 1
    outer loop
      vertex 206.576 55.6091 4
      vertex 213.528 52 4
      vertex 206.683 55.7008 4
    endloop
  endfacet
  facet normal 0 0 1
    outer loop
      vertex 213.528 52 4
      vertex 210.842 32.5916 4
      vertex 211.237 32.428 4
    endloop
  endfacet
  facet normal -0 0 1
    outer loop
      vertex 206.455 55.5353 4
      vertex 213.528 52 4
      vertex 206.576 55.6091 4
    endloop
  endfacet
  facet normal 0 0 1
    outer loop
      vertex 213.528 52 4
      vertex 210.426 32.6914 4
      vertex 210.842 32.5916 4
    endloop
  endfacet
  facet normal -0 0 1
    outer loop
      vertex 206.325 55.4812 4
      vertex 213.528 52 4
      vertex 206.455 55.5353 4
    endloop
  endfacet
  facet normal 0 0 1
    outer loop
      vertex 213.528 52 4
      vertex 210 32.725 4
      vertex 210.426 32.6914 4
    endloop
  endfacet
  facet normal -0 0 1
    outer loop
      vertex 206.188 55.4483 4
      vertex 213.528 52 4
      vertex 206.325 55.4812 4
    endloop
  endfacet
  facet normal 0 0 1
    outer loop
      vertex 213.528 52 4
      vertex 209.574 32.6914 4
      vertex 210 32.725 4
    endloop
  endfacet
  facet normal -0 0 1
    outer loop
      vertex 206.047 55.4372 4
      vertex 213.528 52 4
      vertex 206.188 55.4483 4
    endloop
  endfacet
  facet normal 0 0 1
    outer loop
      vertex 197.69 38 4
      vertex 213.528 52 4
      vertex 206.047 55.4372 4
    endloop
  endfacet
  facet normal 0 0 1
    outer loop
      vertex 213.528 52 4
      vertex 206.936 56.1964 4
      vertex 206.903 56.0591 4
    endloop
  endfacet
  facet normal 0 0 1
    outer loop
      vertex 213.528 52 4
      vertex 206.947 56.3372 4
      vertex 206.936 56.1964 4
    endloop
  endfacet
  facet normal 0 0 1
    outer loop
      vertex 213.528 52 4
      vertex 206.936 56.478 4
      vertex 206.947 56.3372 4
    endloop
  endfacet
  facet normal 0 0 1
    outer loop
      vertex 212.1 62.9 4
      vertex 206.903 56.6153 4
      vertex 206.936 56.478 4
    endloop
  endfacet
  facet normal 0 0 1
    outer loop
      vertex 212.1 62.9 4
      vertex 206.849 56.7458 4
      vertex 206.903 56.6153 4
    endloop
  endfacet
  facet normal 0 0 1
    outer loop
      vertex 212.1 62.9 4
      vertex 206.775 56.8662 4
      vertex 206.849 56.7458 4
    endloop
  endfacet
  facet normal 0 0 1
    outer loop
      vertex 212.1 62.9 4
      vertex 206.683 56.9736 4
      vertex 206.775 56.8662 4
    endloop
  endfacet
  facet normal 0 0 1
    outer loop
      vertex 212.1 62.9 4
      vertex 206.576 57.0653 4
      vertex 206.683 56.9736 4
    endloop
  endfacet
  facet normal 0 0 1
    outer loop
      vertex 212.1 62.9 4
      vertex 206.455 57.1391 4
      vertex 206.576 57.0653 4
    endloop
  endfacet
  facet normal 0 0 1
    outer loop
      vertex 212.1 62.9 4
      vertex 206.325 57.1931 4
      vertex 206.455 57.1391 4
    endloop
  endfacet
  facet normal -0 0 1
    outer loop
      vertex 203.9 62.9 4
      vertex 206.325 57.1931 4
      vertex 212.1 62.9 4
    endloop
  endfacet
  facet normal 0 0 1
    outer loop
      vertex 206.325 57.1931 4
      vertex 203.9 62.9 4
      vertex 206.188 57.2261 4
    endloop
  endfacet
  facet normal 0 0 1
    outer loop
      vertex 206.188 57.2261 4
      vertex 203.9 62.9 4
      vertex 206.047 57.2372 4
    endloop
  endfacet
  facet normal 0 0 1
    outer loop
      vertex 206.047 57.2372 4
      vertex 203.9 62.9 4
      vertex 205.906 57.2261 4
    endloop
  endfacet
  facet normal 0 0 1
    outer loop
      vertex 205.906 57.2261 4
      vertex 203.9 62.9 4
      vertex 205.769 57.1931 4
    endloop
  endfacet
  facet normal 0 0 1
    outer loop
      vertex 205.769 57.1931 4
      vertex 203.9 62.9 4
      vertex 205.638 57.1391 4
    endloop
  endfacet
  facet normal 0 0 1
    outer loop
      vertex 205.638 57.1391 4
      vertex 203.9 62.9 4
      vertex 205.518 57.0653 4
    endloop
  endfacet
  facet normal 0 0 1
    outer loop
      vertex 205.158 56.478 4
      vertex 203.9 62.9 4
      vertex 205.147 56.3372 4
    endloop
  endfacet
  facet normal 0 0 1
    outer loop
      vertex 205.191 56.6153 4
      vertex 203.9 62.9 4
      vertex 205.158 56.478 4
    endloop
  endfacet
  facet normal 0 0 1
    outer loop
      vertex 205.245 56.7458 4
      vertex 203.9 62.9 4
      vertex 205.191 56.6153 4
    endloop
  endfacet
  facet normal 0 0 1
    outer loop
      vertex 205.319 56.8662 4
      vertex 203.9 62.9 4
      vertex 205.245 56.7458 4
    endloop
  endfacet
  facet normal 0 0 1
    outer loop
      vertex 205.41 56.9736 4
      vertex 203.9 62.9 4
      vertex 205.319 56.8662 4
    endloop
  endfacet
  facet normal 0 0 1
    outer loop
      vertex 205.518 57.0653 4
      vertex 203.9 62.9 4
      vertex 205.41 56.9736 4
    endloop
  endfacet
  facet normal 0 0 1
    outer loop
      vertex 212.725 30 4
      vertex 221 30 4
      vertex 220.865 31.7208 4
    endloop
  endfacet
  facet normal 0 0 1
    outer loop
      vertex 212.691 30.4263 4
      vertex 220.865 31.7208 4
      vertex 220.462 33.3992 4
    endloop
  endfacet
  facet normal 0 0 1
    outer loop
      vertex 221 30 4
      vertex 212.725 30 4
      vertex 220.865 28.2792 4
    endloop
  endfacet
  facet normal -0 0 1
    outer loop
      vertex 212.691 29.5737 4
      vertex 220.865 28.2792 4
      vertex 212.725 30 4
    endloop
  endfacet
  facet normal -0 0 1
    outer loop
      vertex 212.592 29.1579 4
      vertex 220.462 26.6008 4
      vertex 212.691 29.5737 4
    endloop
  endfacet
  facet normal 0 0 1
    outer loop
      vertex 211.237 32.428 4
      vertex 220.462 33.3992 4
      vertex 213.528 52 4
    endloop
  endfacet
  facet normal 0 0 1
    outer loop
      vertex 220.865 28.2792 4
      vertex 212.691 29.5737 4
      vertex 220.462 26.6008 4
    endloop
  endfacet
  facet normal 0 0 1
    outer loop
      vertex 220.462 26.6008 4
      vertex 212.592 29.1579 4
      vertex 219.801 25.0061 4
    endloop
  endfacet
  facet normal -0 0 1
    outer loop
      vertex 212.428 28.7629 4
      vertex 219.801 25.0061 4
      vertex 212.592 29.1579 4
    endloop
  endfacet
  facet normal 0 0 1
    outer loop
      vertex 219.801 25.0061 4
      vertex 212.428 28.7629 4
      vertex 218.899 23.5344 4
    endloop
  endfacet
  facet normal -0 0 1
    outer loop
      vertex 212.205 28.3983 4
      vertex 218.899 23.5344 4
      vertex 212.428 28.7629 4
    endloop
  endfacet
  facet normal -0 0 1
    outer loop
      vertex 211.927 28.0731 4
      vertex 218.899 23.5344 4
      vertex 212.205 28.3983 4
    endloop
  endfacet
  facet normal -0 0 1
    outer loop
      vertex 211.602 27.7954 4
      vertex 218.899 23.5344 4
      vertex 211.927 28.0731 4
    endloop
  endfacet
  facet normal -0 0 1
    outer loop
      vertex 211.237 27.572 4
      vertex 218.899 23.5344 4
      vertex 211.602 27.7954 4
    endloop
  endfacet
  facet normal -0 0 1
    outer loop
      vertex 210.842 27.4084 4
      vertex 218.899 23.5344 4
      vertex 211.237 27.572 4
    endloop
  endfacet
  facet normal -0 0 1
    outer loop
      vertex 210.426 27.3086 4
      vertex 218.899 23.5344 4
      vertex 210.842 27.4084 4
    endloop
  endfacet
  facet normal -0 0 1
    outer loop
      vertex 210 27.275 4
      vertex 218.899 23.5344 4
      vertex 210.426 27.3086 4
    endloop
  endfacet
  facet normal 0 0 1
    outer loop
      vertex 203.111 4.62819 4
      vertex 210 27.275 4
      vertex 209.574 27.3086 4
    endloop
  endfacet
  facet normal 0 0 1
    outer loop
      vertex 203.111 4.62819 4
      vertex 209.574 27.3086 4
      vertex 209.158 27.4084 4
    endloop
  endfacet
  facet normal 0 0 1
    outer loop
      vertex 213.528 52 4
      vertex 206.903 56.0591 4
      vertex 206.849 55.9286 4
    endloop
  endfacet
  facet normal -0 0 1
    outer loop
      vertex 197.69 38 4
      vertex 209.574 32.6914 4
      vertex 213.528 52 4
    endloop
  endfacet
  facet normal 0 0 1
    outer loop
      vertex 197.69 38 4
      vertex 206.047 55.4372 4
      vertex 205.906 55.4483 4
    endloop
  endfacet
  facet normal 0 0 1
    outer loop
      vertex 209.574 32.6914 4
      vertex 197.69 38 4
      vertex 209.158 32.5916 4
    endloop
  endfacet
  facet normal 0 0 1
    outer loop
      vertex 197.69 38 4
      vertex 205.906 55.4483 4
      vertex 205.769 55.4812 4
    endloop
  endfacet
  facet normal 0 0 1
    outer loop
      vertex 209.158 32.5916 4
      vertex 197.69 38 4
      vertex 208.763 32.428 4
    endloop
  endfacet
  facet normal 0 0 1
    outer loop
      vertex 197.69 38 4
      vertex 205.769 55.4812 4
      vertex 205.638 55.5353 4
    endloop
  endfacet
  facet normal 0 0 1
    outer loop
      vertex 208.763 32.428 4
      vertex 197.69 38 4
      vertex 208.398 32.2046 4
    endloop
  endfacet
  facet normal 0 0 1
    outer loop
      vertex 197.69 38 4
      vertex 205.638 55.5353 4
      vertex 205.518 55.6091 4
    endloop
  endfacet
  facet normal 0 0 1
    outer loop
      vertex 208.398 32.2046 4
      vertex 197.69 38 4
      vertex 208.073 31.9269 4
    endloop
  endfacet
  facet normal 0 0 1
    outer loop
      vertex 197.69 38 4
      vertex 205.518 55.6091 4
      vertex 205.41 55.7008 4
    endloop
  endfacet
  facet normal 0 0 1
    outer loop
      vertex 208.073 31.9269 4
      vertex 197.69 38 4
      vertex 207.795 31.6017 4
    endloop
  endfacet
  facet normal 0 0 1
    outer loop
      vertex 197.69 38 4
      vertex 205.41 55.7008 4
      vertex 205.319 55.8082 4
    endloop
  endfacet
  facet normal 0 0 1
    outer loop
      vertex 207.795 31.6017 4
      vertex 197.69 38 4
      vertex 207.572 31.2371 4
    endloop
  endfacet
  facet normal 0 0 1
    outer loop
      vertex 197.69 38 4
      vertex 205.319 55.8082 4
      vertex 205.245 55.9286 4
    endloop
  endfacet
  facet normal 0 0 1
    outer loop
      vertex 207.572 31.2371 4
      vertex 197.69 38 4
      vertex 207.408 30.8421 4
    endloop
  endfacet
  facet normal 0 0 1
    outer loop
      vertex 197.69 38 4
      vertex 205.245 55.9286 4
      vertex 205.191 56.0591 4
    endloop
  endfacet
  facet normal 0 0 1
    outer loop
      vertex 207.408 30.8421 4
      vertex 197.69 38 4
      vertex 207.309 30.4263 4
    endloop
  endfacet
  facet normal 0 0 1
    outer loop
      vertex 197.69 38 4
      vertex 205.191 56.0591 4
      vertex 205.158 56.1964 4
    endloop
  endfacet
  facet normal 0 0 1
    outer loop
      vertex 207.309 30.4263 4
      vertex 197.69 38 4
      vertex 207.275 30 4
    endloop
  endfacet
  facet normal 0 0 1
    outer loop
      vertex 197.69 38 4
      vertex 205.147 56.3372 4
      vertex 203.9 62.9 4
    endloop
  endfacet
  facet normal 0 0 1
    outer loop
      vertex 205.147 56.3372 4
      vertex 197.69 38 4
      vertex 205.158 56.1964 4
    endloop
  endfacet
  facet normal 0 0 1
    outer loop
      vertex 210 27.275 4
      vertex 203.111 4.62819 4
      vertex 218.899 23.5344 4
    endloop
  endfacet
  facet normal 0 0 1
    outer loop
      vertex 208.763 27.572 4
      vertex 203.111 4.62819 4
      vertex 209.158 27.4084 4
    endloop
  endfacet
  facet normal 0 0 1
    outer loop
      vertex 208.398 27.7954 4
      vertex 203.111 4.62819 4
      vertex 208.763 27.572 4
    endloop
  endfacet
  facet normal 0 0 1
    outer loop
      vertex 208.073 28.0731 4
      vertex 203.111 4.62819 4
      vertex 208.398 27.7954 4
    endloop
  endfacet
  facet normal 0 0 1
    outer loop
      vertex 207.795 28.3983 4
      vertex 203.111 4.62819 4
      vertex 208.073 28.0731 4
    endloop
  endfacet
  facet normal 0 0 1
    outer loop
      vertex 207.572 28.7629 4
      vertex 203.111 4.62819 4
      vertex 207.795 28.3983 4
    endloop
  endfacet
  facet normal 0 0 1
    outer loop
      vertex 207.309 29.5737 4
      vertex 195.252 22 4
      vertex 207.408 29.1579 4
    endloop
  endfacet
  facet normal 0 0 1
    outer loop
      vertex 207.275 30 4
      vertex 195.252 22 4
      vertex 207.309 29.5737 4
    endloop
  endfacet
  facet normal 0 0 1
    outer loop
      vertex 195.252 22 4
      vertex 207.275 30 4
      vertex 197.69 38 4
    endloop
  endfacet
  facet normal 0.233231 -0.972421 0
    outer loop
      vertex 199.521 2.42873 0
      vertex 200.361 2.6302 4
      vertex 199.521 2.42873 4
    endloop
  endfacet
  facet normal 0.233231 -0.972421 0
    outer loop
      vertex 200.361 2.6302 4
      vertex 199.521 2.42873 0
      vertex 200.361 2.6302 0
    endloop
  endfacet
  facet normal 0.382814 -0.923826 0
    outer loop
      vertex 200.361 2.6302 0
      vertex 201.158 2.96046 4
      vertex 200.361 2.6302 4
    endloop
  endfacet
  facet normal 0.382814 -0.923826 0
    outer loop
      vertex 201.158 2.96046 4
      vertex 200.361 2.6302 0
      vertex 201.158 2.96046 0
    endloop
  endfacet
  facet normal 0.522438 -0.852677 0
    outer loop
      vertex 201.158 2.96046 0
      vertex 201.894 3.41141 4
      vertex 201.158 2.96046 4
    endloop
  endfacet
  facet normal 0.522438 -0.852677 0
    outer loop
      vertex 201.894 3.41141 4
      vertex 201.158 2.96046 0
      vertex 201.894 3.41141 0
    endloop
  endfacet
  facet normal 0.649604 -0.760273 0
    outer loop
      vertex 201.894 3.41141 0
      vertex 202.55 3.97192 4
      vertex 201.894 3.41141 4
    endloop
  endfacet
  facet normal 0.649604 -0.760273 0
    outer loop
      vertex 202.55 3.97192 4
      vertex 201.894 3.41141 0
      vertex 202.55 3.97192 0
    endloop
  endfacet
  facet normal 0.760124 -0.649778 0
    outer loop
      vertex 202.55 3.97192 4
      vertex 203.111 4.62819 0
      vertex 203.111 4.62819 4
    endloop
  endfacet
  facet normal 0.760124 -0.649778 0
    outer loop
      vertex 203.111 4.62819 0
      vertex 202.55 3.97192 4
      vertex 202.55 3.97192 0
    endloop
  endfacet
  facet normal 0.767565 -0.640971 0
    outer loop
      vertex 203.111 4.62819 4
      vertex 218.899 23.5344 0
      vertex 218.899 23.5344 4
    endloop
  endfacet
  facet normal 0.767565 -0.640971 0
    outer loop
      vertex 218.899 23.5344 0
      vertex 203.111 4.62819 4
      vertex 203.111 4.62819 0
    endloop
  endfacet
  facet normal 0.852604 -0.522558 0
    outer loop
      vertex 218.899 23.5344 4
      vertex 219.801 25.0061 0
      vertex 219.801 25.0061 4
    endloop
  endfacet
  facet normal 0.852604 -0.522558 0
    outer loop
      vertex 219.801 25.0061 0
      vertex 218.899 23.5344 4
      vertex 218.899 23.5344 0
    endloop
  endfacet
  facet normal 0.923787 -0.382908 0
    outer loop
      vertex 219.801 25.0061 4
      vertex 220.462 26.6008 0
      vertex 220.462 26.6008 4
    endloop
  endfacet
  facet normal 0.923787 -0.382908 0
    outer loop
      vertex 220.462 26.6008 0
      vertex 219.801 25.0061 4
      vertex 219.801 25.0061 0
    endloop
  endfacet
  facet normal 0.972363 -0.233474 0
    outer loop
      vertex 220.462 26.6008 4
      vertex 220.865 28.2792 0
      vertex 220.865 28.2792 4
    endloop
  endfacet
  facet normal 0.972363 -0.233474 0
    outer loop
      vertex 220.865 28.2792 0
      vertex 220.462 26.6008 4
      vertex 220.462 26.6008 0
    endloop
  endfacet
  facet normal 0.996937 -0.0782116 0
    outer loop
      vertex 220.865 28.2792 4
      vertex 221 30 0
      vertex 221 30 4
    endloop
  endfacet
  facet normal 0.996937 -0.0782116 0
    outer loop
      vertex 221 30 0
      vertex 220.865 28.2792 4
      vertex 220.865 28.2792 0
    endloop
  endfacet
  facet normal 0.996937 0.0782116 0
    outer loop
      vertex 221 30 4
      vertex 220.865 31.7208 0
      vertex 220.865 31.7208 4
    endloop
  endfacet
  facet normal 0.996937 0.0782116 0
    outer loop
      vertex 220.865 31.7208 0
      vertex 221 30 4
      vertex 221 30 0
    endloop
  endfacet
  facet normal 0.972363 0.233474 0
    outer loop
      vertex 220.865 31.7208 4
      vertex 220.462 33.3992 0
      vertex 220.462 33.3992 4
    endloop
  endfacet
  facet normal 0.972363 0.233474 0
    outer loop
      vertex 220.462 33.3992 0
      vertex 220.865 31.7208 4
      vertex 220.865 31.7208 0
    endloop
  endfacet
  facet normal 0.937011 0.349299 0
    outer loop
      vertex 220.462 33.3992 4
      vertex 213.528 52 0
      vertex 213.528 52 4
    endloop
  endfacet
  facet normal 0.937011 0.349299 0
    outer loop
      vertex 213.528 52 0
      vertex 220.462 33.3992 4
      vertex 220.462 33.3992 0
    endloop
  endfacet
  facet normal 0 -1 0
    outer loop
      vertex 213.528 52 0
      vertex 224 52 4
      vertex 213.528 52 4
    endloop
  endfacet
  facet normal 0 -1 -0
    outer loop
      vertex 224 52 4
      vertex 213.528 52 0
      vertex 224 52 0
    endloop
  endfacet
  facet normal 1 -0 0
    outer loop
      vertex 224 52 4
      vertex 224 67 0
      vertex 224 67 4
    endloop
  endfacet
  facet normal 1 0 0
    outer loop
      vertex 224 67 0
      vertex 224 52 4
      vertex 224 52 0
    endloop
  endfacet
  facet normal 0 1 -0
    outer loop
      vertex 224 67 0
      vertex 212.1 67 4
      vertex 224 67 4
    endloop
  endfacet
  facet normal 0 1 0
    outer loop
      vertex 212.1 67 4
      vertex 224 67 0
      vertex 212.1 67 0
    endloop
  endfacet
  facet normal -1 0 0
    outer loop
      vertex 212.1 62.9 0
      vertex 212.1 67 4
      vertex 212.1 67 0
    endloop
  endfacet
  facet normal -1 -0 0
    outer loop
      vertex 212.1 67 4
      vertex 212.1 62.9 0
      vertex 212.1 62.9 4
    endloop
  endfacet
  facet normal 0 1 -0
    outer loop
      vertex 212.1 62.9 0
      vertex 203.9 62.9 4
      vertex 212.1 62.9 4
    endloop
  endfacet
  facet normal 0 1 0
    outer loop
      vertex 203.9 62.9 4
      vertex 212.1 62.9 0
      vertex 203.9 62.9 0
    endloop
  endfacet
  facet normal 1 -0 0
    outer loop
      vertex 203.9 62.9 4
      vertex 203.9 67 0
      vertex 203.9 67 4
    endloop
  endfacet
  facet normal 1 0 0
    outer loop
      vertex 203.9 67 0
      vertex 203.9 62.9 4
      vertex 203.9 62.9 0
    endloop
  endfacet
  facet normal 0 1 -0
    outer loop
      vertex 203.9 67 0
      vertex 178.1 67 4
      vertex 203.9 67 4
    endloop
  endfacet
  facet normal 0 1 0
    outer loop
      vertex 178.1 67 4
      vertex 203.9 67 0
      vertex 178.1 67 0
    endloop
  endfacet
  facet normal -1 0 0
    outer loop
      vertex 178.1 62.9 0
      vertex 178.1 67 4
      vertex 178.1 67 0
    endloop
  endfacet
  facet normal -1 -0 0
    outer loop
      vertex 178.1 67 4
      vertex 178.1 62.9 0
      vertex 178.1 62.9 4
    endloop
  endfacet
  facet normal 0 1 -0
    outer loop
      vertex 178.1 62.9 0
      vertex 169.9 62.9 4
      vertex 178.1 62.9 4
    endloop
  endfacet
  facet normal 0 1 0
    outer loop
      vertex 169.9 62.9 4
      vertex 178.1 62.9 0
      vertex 169.9 62.9 0
    endloop
  endfacet
  facet normal 1 -0 0
    outer loop
      vertex 169.9 62.9 4
      vertex 169.9 67 0
      vertex 169.9 67 4
    endloop
  endfacet
  facet normal 1 0 0
    outer loop
      vertex 169.9 67 0
      vertex 169.9 62.9 4
      vertex 169.9 62.9 0
    endloop
  endfacet
  facet normal 0 1 -0
    outer loop
      vertex 169.9 67 0
      vertex 118.1 67 4
      vertex 169.9 67 4
    endloop
  endfacet
  facet normal 0 1 0
    outer loop
      vertex 118.1 67 4
      vertex 169.9 67 0
      vertex 118.1 67 0
    endloop
  endfacet
  facet normal -1 0 0
    outer loop
      vertex 118.1 62.9 0
      vertex 118.1 67 4
      vertex 118.1 67 0
    endloop
  endfacet
  facet normal -1 -0 0
    outer loop
      vertex 118.1 67 4
      vertex 118.1 62.9 0
      vertex 118.1 62.9 4
    endloop
  endfacet
  facet normal 0 1 -0
    outer loop
      vertex 118.1 62.9 0
      vertex 109.9 62.9 4
      vertex 118.1 62.9 4
    endloop
  endfacet
  facet normal 0 1 0
    outer loop
      vertex 109.9 62.9 4
      vertex 118.1 62.9 0
      vertex 109.9 62.9 0
    endloop
  endfacet
  facet normal 1 -0 0
    outer loop
      vertex 109.9 62.9 4
      vertex 109.9 67 0
      vertex 109.9 67 4
    endloop
  endfacet
  facet normal 1 0 0
    outer loop
      vertex 109.9 67 0
      vertex 109.9 62.9 4
      vertex 109.9 62.9 0
    endloop
  endfacet
  facet normal 0 1 -0
    outer loop
      vertex 109.9 67 0
      vertex 56.1 67 4
      vertex 109.9 67 4
    endloop
  endfacet
  facet normal 0 1 0
    outer loop
      vertex 56.1 67 4
      vertex 109.9 67 0
      vertex 56.1 67 0
    endloop
  endfacet
  facet normal -1 0 0
    outer loop
      vertex 56.1 62.9 0
      vertex 56.1 67 4
      vertex 56.1 67 0
    endloop
  endfacet
  facet normal -1 -0 0
    outer loop
      vertex 56.1 67 4
      vertex 56.1 62.9 0
      vertex 56.1 62.9 4
    endloop
  endfacet
  facet normal 0 1 -0
    outer loop
      vertex 56.1 62.9 0
      vertex 47.9 62.9 4
      vertex 56.1 62.9 4
    endloop
  endfacet
  facet normal 0 1 0
    outer loop
      vertex 47.9 62.9 4
      vertex 56.1 62.9 0
      vertex 47.9 62.9 0
    endloop
  endfacet
  facet normal 1 -0 0
    outer loop
      vertex 47.9 62.9 4
      vertex 47.9 67 0
      vertex 47.9 67 4
    endloop
  endfacet
  facet normal 1 0 0
    outer loop
      vertex 47.9 67 0
      vertex 47.9 62.9 4
      vertex 47.9 62.9 0
    endloop
  endfacet
  facet normal 0 1 -0
    outer loop
      vertex 47.9 67 0
      vertex 26.1 67 4
      vertex 47.9 67 4
    endloop
  endfacet
  facet normal 0 1 0
    outer loop
      vertex 26.1 67 4
      vertex 47.9 67 0
      vertex 26.1 67 0
    endloop
  endfacet
  facet normal -1 0 0
    outer loop
      vertex 26.1 62.9 0
      vertex 26.1 67 4
      vertex 26.1 67 0
    endloop
  endfacet
  facet normal -1 -0 0
    outer loop
      vertex 26.1 67 4
      vertex 26.1 62.9 0
      vertex 26.1 62.9 4
    endloop
  endfacet
  facet normal 0 1 -0
    outer loop
      vertex 26.1 62.9 0
      vertex 17.9 62.9 4
      vertex 26.1 62.9 4
    endloop
  endfacet
  facet normal 0 1 0
    outer loop
      vertex 17.9 62.9 4
      vertex 26.1 62.9 0
      vertex 17.9 62.9 0
    endloop
  endfacet
  facet normal 1 -0 0
    outer loop
      vertex 17.9 62.9 4
      vertex 17.9 67 0
      vertex 17.9 67 4
    endloop
  endfacet
  facet normal 1 0 0
    outer loop
      vertex 17.9 67 0
      vertex 17.9 62.9 4
      vertex 17.9 62.9 0
    endloop
  endfacet
  facet normal 0 1 -0
    outer loop
      vertex 17.9 67 0
      vertex 6 67 4
      vertex 17.9 67 4
    endloop
  endfacet
  facet normal 0 1 0
    outer loop
      vertex 6 67 4
      vertex 17.9 67 0
      vertex 6 67 0
    endloop
  endfacet
  facet normal -1 0 0
    outer loop
      vertex 6 52 0
      vertex 6 67 4
      vertex 6 67 0
    endloop
  endfacet
  facet normal -1 -0 0
    outer loop
      vertex 6 67 4
      vertex 6 52 0
      vertex 6 52 4
    endloop
  endfacet
  facet normal 0 -1 0
    outer loop
      vertex 6 52 0
      vertex 15.0083 52 4
      vertex 6 52 4
    endloop
  endfacet
  facet normal 0 -1 -0
    outer loop
      vertex 15.0083 52 4
      vertex 6 52 0
      vertex 15.0083 52 0
    endloop
  endfacet
  facet normal -0.649486 -0.760374 0
    outer loop
      vertex 15.0083 52 0
      vertex 15.0611 51.9549 4
      vertex 15.0083 52 4
    endloop
  endfacet
  facet normal -0.649486 -0.760374 -0
    outer loop
      vertex 15.0611 51.9549 4
      vertex 15.0083 52 0
      vertex 15.0611 51.9549 0
    endloop
  endfacet
  facet normal -0.52244 -0.852676 0
    outer loop
      vertex 15.0611 51.9549 0
      vertex 15.7301 51.545 4
      vertex 15.0611 51.9549 4
    endloop
  endfacet
  facet normal -0.52244 -0.852676 -0
    outer loop
      vertex 15.7301 51.545 4
      vertex 15.0611 51.9549 0
      vertex 15.7301 51.545 0
    endloop
  endfacet
  facet normal -0.418366 -0.908278 0
    outer loop
      vertex 15.7301 51.545 0
      vertex 46.0179 37.594 4
      vertex 15.7301 51.545 4
    endloop
  endfacet
  facet normal -0.418366 -0.908278 -0
    outer loop
      vertex 46.0179 37.594 4
      vertex 15.7301 51.545 0
      vertex 46.0179 37.594 0
    endloop
  endfacet
  facet normal 0.852613 -0.522543 0
    outer loop
      vertex 46.0179 37.594 4
      vertex 46.3369 38.1145 0
      vertex 46.3369 38.1145 4
    endloop
  endfacet
  facet normal 0.852613 -0.522543 0
    outer loop
      vertex 46.3369 38.1145 0
      vertex 46.0179 37.594 4
      vertex 46.0179 37.594 0
    endloop
  endfacet
  facet normal 0.760374 -0.649486 0
    outer loop
      vertex 46.3369 38.1145 4
      vertex 47.0503 38.9497 0
      vertex 47.0503 38.9497 4
    endloop
  endfacet
  facet normal 0.760374 -0.649486 0
    outer loop
      vertex 47.0503 38.9497 0
      vertex 46.3369 38.1145 4
      vertex 46.3369 38.1145 0
    endloop
  endfacet
  facet normal 0.649486 -0.760374 0
    outer loop
      vertex 47.0503 38.9497 0
      vertex 47.8855 39.6631 4
      vertex 47.0503 38.9497 4
    endloop
  endfacet
  facet normal 0.649486 -0.760374 0
    outer loop
      vertex 47.8855 39.6631 4
      vertex 47.0503 38.9497 0
      vertex 47.8855 39.6631 0
    endloop
  endfacet
  facet normal 0.522466 -0.85266 0
    outer loop
      vertex 47.8855 39.6631 0
      vertex 48.8221 40.237 4
      vertex 47.8855 39.6631 4
    endloop
  endfacet
  facet normal 0.522466 -0.85266 0
    outer loop
      vertex 48.8221 40.237 4
      vertex 47.8855 39.6631 0
      vertex 48.8221 40.237 0
    endloop
  endfacet
  facet normal 0.382727 -0.923861 0
    outer loop
      vertex 48.8221 40.237 0
      vertex 49.8369 40.6574 4
      vertex 48.8221 40.237 4
    endloop
  endfacet
  facet normal 0.382727 -0.923861 0
    outer loop
      vertex 49.8369 40.6574 4
      vertex 48.8221 40.237 0
      vertex 49.8369 40.6574 0
    endloop
  endfacet
  facet normal 0.233421 -0.972376 0
    outer loop
      vertex 49.8369 40.6574 0
      vertex 50.905 40.9138 4
      vertex 49.8369 40.6574 4
    endloop
  endfacet
  facet normal 0.233421 -0.972376 0
    outer loop
      vertex 50.905 40.9138 4
      vertex 49.8369 40.6574 0
      vertex 50.905 40.9138 0
    endloop
  endfacet
  facet normal 0.0784787 -0.996916 0
    outer loop
      vertex 50.905 40.9138 0
      vertex 52 41 4
      vertex 50.905 40.9138 4
    endloop
  endfacet
  facet normal 0.0784787 -0.996916 0
    outer loop
      vertex 52 41 4
      vertex 50.905 40.9138 0
      vertex 52 41 0
    endloop
  endfacet
  facet normal -0.0784787 -0.996916 0
    outer loop
      vertex 52 41 0
      vertex 53.095 40.9138 4
      vertex 52 41 4
    endloop
  endfacet
  facet normal -0.0784787 -0.996916 -0
    outer loop
      vertex 53.095 40.9138 4
      vertex 52 41 0
      vertex 53.095 40.9138 0
    endloop
  endfacet
  facet normal -0.233421 -0.972376 0
    outer loop
      vertex 53.095 40.9138 0
      vertex 54.1631 40.6574 4
      vertex 53.095 40.9138 4
    endloop
  endfacet
  facet normal -0.233421 -0.972376 -0
    outer loop
      vertex 54.1631 40.6574 4
      vertex 53.095 40.9138 0
      vertex 54.1631 40.6574 0
    endloop
  endfacet
  facet normal -0.382727 -0.923861 0
    outer loop
      vertex 54.1631 40.6574 0
      vertex 55.1779 40.237 4
      vertex 54.1631 40.6574 4
    endloop
  endfacet
  facet normal -0.382727 -0.923861 -0
    outer loop
      vertex 55.1779 40.237 4
      vertex 54.1631 40.6574 0
      vertex 55.1779 40.237 0
    endloop
  endfacet
  facet normal -0.522466 -0.85266 0
    outer loop
      vertex 55.1779 40.237 0
      vertex 56.1145 39.6631 4
      vertex 55.1779 40.237 4
    endloop
  endfacet
  facet normal -0.522466 -0.85266 -0
    outer loop
      vertex 56.1145 39.6631 4
      vertex 55.1779 40.237 0
      vertex 56.1145 39.6631 0
    endloop
  endfacet
  facet normal -0.649441 -0.760412 0
    outer loop
      vertex 56.1145 39.6631 0
      vertex 56.9498 38.9497 4
      vertex 56.1145 39.6631 4
    endloop
  endfacet
  facet normal -0.649441 -0.760412 -0
    outer loop
      vertex 56.9498 38.9497 4
      vertex 56.1145 39.6631 0
      vertex 56.9498 38.9497 0
    endloop
  endfacet
  facet normal -0.760419 -0.649433 0
    outer loop
      vertex 57.6631 38.1145 0
      vertex 56.9498 38.9497 4
      vertex 56.9498 38.9497 0
    endloop
  endfacet
  facet normal -0.760419 -0.649433 0
    outer loop
      vertex 56.9498 38.9497 4
      vertex 57.6631 38.1145 0
      vertex 57.6631 38.1145 4
    endloop
  endfacet
  facet normal -0.85262 -0.522532 0
    outer loop
      vertex 58.2371 37.1779 0
      vertex 57.6631 38.1145 4
      vertex 57.6631 38.1145 0
    endloop
  endfacet
  facet normal -0.85262 -0.522532 0
    outer loop
      vertex 57.6631 38.1145 4
      vertex 58.2371 37.1779 0
      vertex 58.2371 37.1779 4
    endloop
  endfacet
  facet normal -0.923894 -0.382649 0
    outer loop
      vertex 58.6574 36.1631 0
      vertex 58.2371 37.1779 4
      vertex 58.2371 37.1779 0
    endloop
  endfacet
  facet normal -0.923894 -0.382649 0
    outer loop
      vertex 58.2371 37.1779 4
      vertex 58.6574 36.1631 0
      vertex 58.6574 36.1631 4
    endloop
  endfacet
  facet normal -0.972376 -0.233421 0
    outer loop
      vertex 58.9138 35.095 0
      vertex 58.6574 36.1631 4
      vertex 58.6574 36.1631 0
    endloop
  endfacet
  facet normal -0.972376 -0.233421 0
    outer loop
      vertex 58.6574 36.1631 4
      vertex 58.9138 35.095 0
      vertex 58.9138 35.095 4
    endloop
  endfacet
  facet normal -0.996916 -0.0784787 0
    outer loop
      vertex 59 34 0
      vertex 58.9138 35.095 4
      vertex 58.9138 35.095 0
    endloop
  endfacet
  facet normal -0.996916 -0.0784787 0
    outer loop
      vertex 58.9138 35.095 4
      vertex 59 34 0
      vertex 59 34 4
    endloop
  endfacet
  facet normal -0.996916 0.0784787 0
    outer loop
      vertex 58.9138 32.905 0
      vertex 59 34 4
      vertex 59 34 0
    endloop
  endfacet
  facet normal -0.996916 0.0784787 0
    outer loop
      vertex 59 34 4
      vertex 58.9138 32.905 0
      vertex 58.9138 32.905 4
    endloop
  endfacet
  facet normal -0.972376 0.233421 0
    outer loop
      vertex 58.6574 31.8369 0
      vertex 58.9138 32.905 4
      vertex 58.9138 32.905 0
    endloop
  endfacet
  facet normal -0.972376 0.233421 0
    outer loop
      vertex 58.9138 32.905 4
      vertex 58.6574 31.8369 0
      vertex 58.6574 31.8369 4
    endloop
  endfacet
  facet normal -0.924326 0.381603 0
    outer loop
      vertex 58.6349 31.7824 0
      vertex 58.6574 31.8369 4
      vertex 58.6574 31.8369 0
    endloop
  endfacet
  facet normal -0.924326 0.381603 0
    outer loop
      vertex 58.6574 31.8369 4
      vertex 58.6349 31.7824 0
      vertex 58.6349 31.7824 4
    endloop
  endfacet
  facet normal -0.418366 -0.908278 0
    outer loop
      vertex 58.6349 31.7824 0
      vertex 75.5549 23.9888 4
      vertex 58.6349 31.7824 4
    endloop
  endfacet
  facet normal -0.418366 -0.908278 -0
    outer loop
      vertex 75.5549 23.9888 4
      vertex 58.6349 31.7824 0
      vertex 75.5549 23.9888 0
    endloop
  endfacet
  facet normal -0.988592 0.150619 0
    outer loop
      vertex 73.2288 8.72139 0
      vertex 75.5549 23.9888 4
      vertex 75.5549 23.9888 0
    endloop
  endfacet
  facet normal -0.988592 0.150619 0
    outer loop
      vertex 75.5549 23.9888 4
      vertex 73.2288 8.72139 0
      vertex 73.2288 8.72139 4
    endloop
  endfacet
  facet normal -0.996919 0.0784437 0
    outer loop
      vertex 73.1611 7.86101 0
      vertex 73.2288 8.72139 4
      vertex 73.2288 8.72139 0
    endloop
  endfacet
  facet normal -0.996919 0.0784437 0
    outer loop
      vertex 73.2288 8.72139 4
      vertex 73.1611 7.86101 0
      vertex 73.1611 7.86101 4
    endloop
  endfacet
  facet normal -0.996919 -0.0784437 0
    outer loop
      vertex 73.2288 7.00063 0
      vertex 73.1611 7.86101 4
      vertex 73.1611 7.86101 0
    endloop
  endfacet
  facet normal -0.996919 -0.0784437 0
    outer loop
      vertex 73.1611 7.86101 4
      vertex 73.2288 7.00063 0
      vertex 73.2288 7.00063 4
    endloop
  endfacet
  facet normal -0.972364 -0.233468 0
    outer loop
      vertex 73.4303 6.16141 0
      vertex 73.2288 7.00063 4
      vertex 73.2288 7.00063 0
    endloop
  endfacet
  facet normal -0.972364 -0.233468 0
    outer loop
      vertex 73.2288 7.00063 4
      vertex 73.4303 6.16141 0
      vertex 73.4303 6.16141 4
    endloop
  endfacet
  facet normal -0.923869 -0.38271 0
    outer loop
      vertex 73.7606 5.36406 0
      vertex 73.4303 6.16141 4
      vertex 73.4303 6.16141 0
    endloop
  endfacet
  facet normal -0.923869 -0.38271 0
    outer loop
      vertex 73.4303 6.16141 4
      vertex 73.7606 5.36406 0
      vertex 73.7606 5.36406 4
    endloop
  endfacet
  facet normal -0.852662 -0.522463 0
    outer loop
      vertex 74.2115 4.62819 0
      vertex 73.7606 5.36406 4
      vertex 73.7606 5.36406 0
    endloop
  endfacet
  facet normal -0.852662 -0.522463 0
    outer loop
      vertex 73.7606 5.36406 4
      vertex 74.2115 4.62819 0
      vertex 74.2115 4.62819 4
    endloop
  endfacet
  facet normal -0.76041 -0.649443 0
    outer loop
      vertex 74.772 3.97192 0
      vertex 74.2115 4.62819 4
      vertex 74.2115 4.62819 0
    endloop
  endfacet
  facet normal -0.76041 -0.649443 0
    outer loop
      vertex 74.2115 4.62819 4
      vertex 74.772 3.97192 0
      vertex 74.772 3.97192 4
    endloop
  endfacet
  facet normal -0.649433 -0.760419 0
    outer loop
      vertex 74.772 3.97192 0
      vertex 75.4283 3.41141 4
      vertex 74.772 3.97192 4
    endloop
  endfacet
  facet normal -0.649433 -0.760419 -0
    outer loop
      vertex 75.4283 3.41141 4
      vertex 74.772 3.97192 0
      vertex 75.4283 3.41141 0
    endloop
  endfacet
  facet normal -0.52249 -0.852645 0
    outer loop
      vertex 75.4283 3.41141 0
      vertex 76.1642 2.96046 4
      vertex 75.4283 3.41141 4
    endloop
  endfacet
  facet normal -0.52249 -0.852645 -0
    outer loop
      vertex 76.1642 2.96046 4
      vertex 75.4283 3.41141 0
      vertex 76.1642 2.96046 0
    endloop
  endfacet
  facet normal -0.382691 -0.923876 0
    outer loop
      vertex 76.1642 2.96046 0
      vertex 76.9615 2.6302 4
      vertex 76.1642 2.96046 4
    endloop
  endfacet
  facet normal -0.382691 -0.923876 -0
    outer loop
      vertex 76.9615 2.6302 4
      vertex 76.1642 2.96046 0
      vertex 76.9615 2.6302 0
    endloop
  endfacet
  facet normal -0.233441 -0.972371 0
    outer loop
      vertex 76.9615 2.6302 0
      vertex 77.8007 2.42873 4
      vertex 76.9615 2.6302 4
    endloop
  endfacet
  facet normal -0.233441 -0.972371 -0
    outer loop
      vertex 77.8007 2.42873 4
      vertex 76.9615 2.6302 0
      vertex 77.8007 2.42873 0
    endloop
  endfacet
  facet normal -0.0784649 -0.996917 0
    outer loop
      vertex 77.8007 2.42873 0
      vertex 78.6611 2.36101 4
      vertex 77.8007 2.42873 4
    endloop
  endfacet
  facet normal -0.0784649 -0.996917 -0
    outer loop
      vertex 78.6611 2.36101 4
      vertex 77.8007 2.42873 0
      vertex 78.6611 2.36101 0
    endloop
  endfacet
  facet normal 0.0784649 -0.996917 0
    outer loop
      vertex 78.6611 2.36101 0
      vertex 79.5215 2.42873 4
      vertex 78.6611 2.36101 4
    endloop
  endfacet
  facet normal 0.0784649 -0.996917 0
    outer loop
      vertex 79.5215 2.42873 4
      vertex 78.6611 2.36101 0
      vertex 79.5215 2.42873 0
    endloop
  endfacet
  facet normal 0.233441 -0.972371 0
    outer loop
      vertex 79.5215 2.42873 0
      vertex 80.3607 2.6302 4
      vertex 79.5215 2.42873 4
    endloop
  endfacet
  facet normal 0.233441 -0.972371 0
    outer loop
      vertex 80.3607 2.6302 4
      vertex 79.5215 2.42873 0
      vertex 80.3607 2.6302 0
    endloop
  endfacet
  facet normal 0.38265 -0.923893 0
    outer loop
      vertex 80.3607 2.6302 0
      vertex 81.1581 2.96046 4
      vertex 80.3607 2.6302 4
    endloop
  endfacet
  facet normal 0.38265 -0.923893 0
    outer loop
      vertex 81.1581 2.96046 4
      vertex 80.3607 2.6302 0
      vertex 81.1581 2.96046 0
    endloop
  endfacet
  facet normal 0.522542 -0.852614 0
    outer loop
      vertex 81.1581 2.96046 0
      vertex 81.8939 3.41141 4
      vertex 81.1581 2.96046 4
    endloop
  endfacet
  facet normal 0.522542 -0.852614 0
    outer loop
      vertex 81.8939 3.41141 4
      vertex 81.1581 2.96046 0
      vertex 81.8939 3.41141 0
    endloop
  endfacet
  facet normal 0.649433 -0.760419 0
    outer loop
      vertex 81.8939 3.41141 0
      vertex 82.5502 3.97192 4
      vertex 81.8939 3.41141 4
    endloop
  endfacet
  facet normal 0.649433 -0.760419 0
    outer loop
      vertex 82.5502 3.97192 4
      vertex 81.8939 3.41141 0
      vertex 82.5502 3.97192 0
    endloop
  endfacet
  facet normal 0.76041 -0.649443 0
    outer loop
      vertex 82.5502 3.97192 4
      vertex 83.1107 4.62819 0
      vertex 83.1107 4.62819 4
    endloop
  endfacet
  facet normal 0.76041 -0.649443 0
    outer loop
      vertex 83.1107 4.62819 0
      vertex 82.5502 3.97192 4
      vertex 82.5502 3.97192 0
    endloop
  endfacet
  facet normal 0.767554 -0.640984 0
    outer loop
      vertex 83.1107 4.62819 4
      vertex 97.6179 22 0
      vertex 97.6179 22 4
    endloop
  endfacet
  facet normal 0.767554 -0.640984 0
    outer loop
      vertex 97.6179 22 0
      vertex 83.1107 4.62819 4
      vertex 83.1107 4.62819 0
    endloop
  endfacet
  facet normal 0 -1 0
    outer loop
      vertex 97.6179 22 0
      vertex 135.252 22 4
      vertex 97.6179 22 4
    endloop
  endfacet
  facet normal 0 -1 -0
    outer loop
      vertex 135.252 22 4
      vertex 97.6179 22 0
      vertex 135.252 22 0
    endloop
  endfacet
  facet normal -0.988593 0.150612 0
    outer loop
      vertex 133.229 8.72139 0
      vertex 135.252 22 4
      vertex 135.252 22 0
    endloop
  endfacet
  facet normal -0.988593 0.150612 0
    outer loop
      vertex 135.252 22 4
      vertex 133.229 8.72139 0
      vertex 133.229 8.72139 4
    endloop
  endfacet
  facet normal -0.996891 0.0787891 0
    outer loop
      vertex 133.161 7.86101 0
      vertex 133.229 8.72139 4
      vertex 133.229 8.72139 0
    endloop
  endfacet
  facet normal -0.996891 0.0787891 0
    outer loop
      vertex 133.229 8.72139 4
      vertex 133.161 7.86101 0
      vertex 133.161 7.86101 4
    endloop
  endfacet
  facet normal -0.996891 -0.0787891 0
    outer loop
      vertex 133.229 7.00063 0
      vertex 133.161 7.86101 4
      vertex 133.161 7.86101 0
    endloop
  endfacet
  facet normal -0.996891 -0.0787891 0
    outer loop
      vertex 133.161 7.86101 4
      vertex 133.229 7.00063 0
      vertex 133.229 7.00063 4
    endloop
  endfacet
  facet normal -0.972496 -0.232921 0
    outer loop
      vertex 133.43 6.16141 0
      vertex 133.229 7.00063 4
      vertex 133.229 7.00063 0
    endloop
  endfacet
  facet normal -0.972496 -0.232921 0
    outer loop
      vertex 133.229 7.00063 4
      vertex 133.43 6.16141 0
      vertex 133.43 6.16141 4
    endloop
  endfacet
  facet normal -0.923582 -0.383402 0
    outer loop
      vertex 133.761 5.36406 0
      vertex 133.43 6.16141 4
      vertex 133.43 6.16141 0
    endloop
  endfacet
  facet normal -0.923582 -0.383402 0
    outer loop
      vertex 133.43 6.16141 4
      vertex 133.761 5.36406 0
      vertex 133.761 5.36406 4
    endloop
  endfacet
  facet normal -0.85261 -0.522548 0
    outer loop
      vertex 134.212 4.62819 0
      vertex 133.761 5.36406 4
      vertex 133.761 5.36406 0
    endloop
  endfacet
  facet normal -0.85261 -0.522548 0
    outer loop
      vertex 133.761 5.36406 4
      vertex 134.212 4.62819 0
      vertex 134.212 4.62819 4
    endloop
  endfacet
  facet normal -0.760696 -0.649108 0
    outer loop
      vertex 134.772 3.97192 0
      vertex 134.212 4.62819 4
      vertex 134.212 4.62819 0
    endloop
  endfacet
  facet normal -0.760696 -0.649108 0
    outer loop
      vertex 134.212 4.62819 4
      vertex 134.772 3.97192 0
      vertex 134.772 3.97192 4
    endloop
  endfacet
  facet normal -0.649604 -0.760273 0
    outer loop
      vertex 134.772 3.97192 0
      vertex 135.428 3.41141 4
      vertex 134.772 3.97192 4
    endloop
  endfacet
  facet normal -0.649604 -0.760273 -0
    outer loop
      vertex 135.428 3.41141 4
      vertex 134.772 3.97192 0
      vertex 135.428 3.41141 0
    endloop
  endfacet
  facet normal -0.522438 -0.852677 0
    outer loop
      vertex 135.428 3.41141 0
      vertex 136.164 2.96046 4
      vertex 135.428 3.41141 4
    endloop
  endfacet
  facet normal -0.522438 -0.852677 -0
    outer loop
      vertex 136.164 2.96046 4
      vertex 135.428 3.41141 0
      vertex 136.164 2.96046 0
    endloop
  endfacet
  facet normal -0.382404 -0.923995 0
    outer loop
      vertex 136.164 2.96046 0
      vertex 136.962 2.6302 4
      vertex 136.164 2.96046 4
    endloop
  endfacet
  facet normal -0.382404 -0.923995 -0
    outer loop
      vertex 136.962 2.6302 4
      vertex 136.164 2.96046 0
      vertex 136.962 2.6302 0
    endloop
  endfacet
  facet normal -0.233493 -0.972358 0
    outer loop
      vertex 136.962 2.6302 0
      vertex 137.801 2.42873 4
      vertex 136.962 2.6302 4
    endloop
  endfacet
  facet normal -0.233493 -0.972358 -0
    outer loop
      vertex 137.801 2.42873 4
      vertex 136.962 2.6302 0
      vertex 137.801 2.42873 0
    endloop
  endfacet
  facet normal -0.0785012 -0.996914 0
    outer loop
      vertex 137.801 2.42873 0
      vertex 138.661 2.36101 4
      vertex 137.801 2.42873 4
    endloop
  endfacet
  facet normal -0.0785012 -0.996914 -0
    outer loop
      vertex 138.661 2.36101 4
      vertex 137.801 2.42873 0
      vertex 138.661 2.36101 0
    endloop
  endfacet
  facet normal 0.0785012 -0.996914 0
    outer loop
      vertex 138.661 2.36101 0
      vertex 139.521 2.42873 4
      vertex 138.661 2.36101 4
    endloop
  endfacet
  facet normal 0.0785012 -0.996914 0
    outer loop
      vertex 139.521 2.42873 4
      vertex 138.661 2.36101 0
      vertex 139.521 2.42873 0
    endloop
  endfacet
  facet normal 0.233231 -0.972421 0
    outer loop
      vertex 139.521 2.42873 0
      vertex 140.361 2.6302 4
      vertex 139.521 2.42873 4
    endloop
  endfacet
  facet normal 0.233231 -0.972421 0
    outer loop
      vertex 140.361 2.6302 4
      vertex 139.521 2.42873 0
      vertex 140.361 2.6302 0
    endloop
  endfacet
  facet normal 0.382814 -0.923826 0
    outer loop
      vertex 140.361 2.6302 0
      vertex 141.158 2.96046 4
      vertex 140.361 2.6302 4
    endloop
  endfacet
  facet normal 0.382814 -0.923826 0
    outer loop
      vertex 141.158 2.96046 4
      vertex 140.361 2.6302 0
      vertex 141.158 2.96046 0
    endloop
  endfacet
  facet normal 0.522438 -0.852677 0
    outer loop
      vertex 141.158 2.96046 0
      vertex 141.894 3.41141 4
      vertex 141.158 2.96046 4
    endloop
  endfacet
  facet normal 0.522438 -0.852677 0
    outer loop
      vertex 141.894 3.41141 4
      vertex 141.158 2.96046 0
      vertex 141.894 3.41141 0
    endloop
  endfacet
  facet normal 0.649604 -0.760273 0
    outer loop
      vertex 141.894 3.41141 0
      vertex 142.55 3.97192 4
      vertex 141.894 3.41141 4
    endloop
  endfacet
  facet normal 0.649604 -0.760273 0
    outer loop
      vertex 142.55 3.97192 4
      vertex 141.894 3.41141 0
      vertex 142.55 3.97192 0
    endloop
  endfacet
  facet normal 0.760124 -0.649778 0
    outer loop
      vertex 142.55 3.97192 4
      vertex 143.111 4.62819 0
      vertex 143.111 4.62819 4
    endloop
  endfacet
  facet normal 0.760124 -0.649778 0
    outer loop
      vertex 143.111 4.62819 0
      vertex 142.55 3.97192 4
      vertex 142.55 3.97192 0
    endloop
  endfacet
  facet normal 0.817067 -0.576543 0
    outer loop
      vertex 143.111 4.62819 4
      vertex 155.369 22 0
      vertex 155.369 22 4
    endloop
  endfacet
  facet normal 0.817067 -0.576543 0
    outer loop
      vertex 155.369 22 0
      vertex 143.111 4.62819 4
      vertex 143.111 4.62819 0
    endloop
  endfacet
  facet normal 0 -1 0
    outer loop
      vertex 155.369 22 0
      vertex 195.252 22 4
      vertex 155.369 22 4
    endloop
  endfacet
  facet normal 0 -1 -0
    outer loop
      vertex 195.252 22 4
      vertex 155.369 22 0
      vertex 195.252 22 0
    endloop
  endfacet
  facet normal -0.988593 0.150612 0
    outer loop
      vertex 193.229 8.72139 0
      vertex 195.252 22 4
      vertex 195.252 22 0
    endloop
  endfacet
  facet normal -0.988593 0.150612 0
    outer loop
      vertex 195.252 22 4
      vertex 193.229 8.72139 0
      vertex 193.229 8.72139 4
    endloop
  endfacet
  facet normal -0.996891 0.0787891 0
    outer loop
      vertex 193.161 7.86101 0
      vertex 193.229 8.72139 4
      vertex 193.229 8.72139 0
    endloop
  endfacet
  facet normal -0.996891 0.0787891 0
    outer loop
      vertex 193.229 8.72139 4
      vertex 193.161 7.86101 0
      vertex 193.161 7.86101 4
    endloop
  endfacet
  facet normal -0.996891 -0.0787891 0
    outer loop
      vertex 193.229 7.00063 0
      vertex 193.161 7.86101 4
      vertex 193.161 7.86101 0
    endloop
  endfacet
  facet normal -0.996891 -0.0787891 0
    outer loop
      vertex 193.161 7.86101 4
      vertex 193.229 7.00063 0
      vertex 193.229 7.00063 4
    endloop
  endfacet
  facet normal -0.972496 -0.232921 0
    outer loop
      vertex 193.43 6.16141 0
      vertex 193.229 7.00063 4
      vertex 193.229 7.00063 0
    endloop
  endfacet
  facet normal -0.972496 -0.232921 0
    outer loop
      vertex 193.229 7.00063 4
      vertex 193.43 6.16141 0
      vertex 193.43 6.16141 4
    endloop
  endfacet
  facet normal -0.923582 -0.383402 0
    outer loop
      vertex 193.761 5.36406 0
      vertex 193.43 6.16141 4
      vertex 193.43 6.16141 0
    endloop
  endfacet
  facet normal -0.923582 -0.383402 0
    outer loop
      vertex 193.43 6.16141 4
      vertex 193.761 5.36406 0
      vertex 193.761 5.36406 4
    endloop
  endfacet
  facet normal -0.85261 -0.522548 0
    outer loop
      vertex 194.212 4.62819 0
      vertex 193.761 5.36406 4
      vertex 193.761 5.36406 0
    endloop
  endfacet
  facet normal -0.85261 -0.522548 0
    outer loop
      vertex 193.761 5.36406 4
      vertex 194.212 4.62819 0
      vertex 194.212 4.62819 4
    endloop
  endfacet
  facet normal -0.760696 -0.649108 0
    outer loop
      vertex 194.772 3.97192 0
      vertex 194.212 4.62819 4
      vertex 194.212 4.62819 0
    endloop
  endfacet
  facet normal -0.760696 -0.649108 0
    outer loop
      vertex 194.212 4.62819 4
      vertex 194.772 3.97192 0
      vertex 194.772 3.97192 4
    endloop
  endfacet
  facet normal -0.649604 -0.760273 0
    outer loop
      vertex 194.772 3.97192 0
      vertex 195.428 3.41141 4
      vertex 194.772 3.97192 4
    endloop
  endfacet
  facet normal -0.649604 -0.760273 -0
    outer loop
      vertex 195.428 3.41141 4
      vertex 194.772 3.97192 0
      vertex 195.428 3.41141 0
    endloop
  endfacet
  facet normal -0.522438 -0.852677 0
    outer loop
      vertex 195.428 3.41141 0
      vertex 196.164 2.96046 4
      vertex 195.428 3.41141 4
    endloop
  endfacet
  facet normal -0.522438 -0.852677 -0
    outer loop
      vertex 196.164 2.96046 4
      vertex 195.428 3.41141 0
      vertex 196.164 2.96046 0
    endloop
  endfacet
  facet normal -0.382404 -0.923995 0
    outer loop
      vertex 196.164 2.96046 0
      vertex 196.962 2.6302 4
      vertex 196.164 2.96046 4
    endloop
  endfacet
  facet normal -0.382404 -0.923995 -0
    outer loop
      vertex 196.962 2.6302 4
      vertex 196.164 2.96046 0
      vertex 196.962 2.6302 0
    endloop
  endfacet
  facet normal -0.233493 -0.972358 0
    outer loop
      vertex 196.962 2.6302 0
      vertex 197.801 2.42873 4
      vertex 196.962 2.6302 4
    endloop
  endfacet
  facet normal -0.233493 -0.972358 -0
    outer loop
      vertex 197.801 2.42873 4
      vertex 196.962 2.6302 0
      vertex 197.801 2.42873 0
    endloop
  endfacet
  facet normal -0.0785012 -0.996914 0
    outer loop
      vertex 197.801 2.42873 0
      vertex 198.661 2.36101 4
      vertex 197.801 2.42873 4
    endloop
  endfacet
  facet normal -0.0785012 -0.996914 -0
    outer loop
      vertex 198.661 2.36101 4
      vertex 197.801 2.42873 0
      vertex 198.661 2.36101 0
    endloop
  endfacet
  facet normal 0.0785012 -0.996914 0
    outer loop
      vertex 198.661 2.36101 0
      vertex 199.521 2.42873 4
      vertex 198.661 2.36101 4
    endloop
  endfacet
  facet normal 0.0785012 -0.996914 0
    outer loop
      vertex 199.521 2.42873 4
      vertex 198.661 2.36101 0
      vertex 199.521 2.42873 0
    endloop
  endfacet
  facet normal 0.92399 -0.382416 0
    outer loop
      vertex 113.343 54.1631 4
      vertex 113.763 55.1779 0
      vertex 113.763 55.1779 4
    endloop
  endfacet
  facet normal 0.92399 -0.382416 0
    outer loop
      vertex 113.763 55.1779 0
      vertex 113.343 54.1631 4
      vertex 113.343 54.1631 0
    endloop
  endfacet
  facet normal 0.85262 -0.522532 0
    outer loop
      vertex 113.763 55.1779 4
      vertex 114.337 56.1145 0
      vertex 114.337 56.1145 4
    endloop
  endfacet
  facet normal 0.85262 -0.522532 0
    outer loop
      vertex 114.337 56.1145 0
      vertex 113.763 55.1779 4
      vertex 113.763 55.1779 0
    endloop
  endfacet
  facet normal 0.760554 -0.649275 0
    outer loop
      vertex 114.337 56.1145 4
      vertex 115.05 56.9497 0
      vertex 115.05 56.9497 4
    endloop
  endfacet
  facet normal 0.760554 -0.649275 0
    outer loop
      vertex 115.05 56.9497 0
      vertex 114.337 56.1145 4
      vertex 114.337 56.1145 0
    endloop
  endfacet
  facet normal 0.649126 -0.760681 0
    outer loop
      vertex 115.05 56.9497 0
      vertex 115.886 57.6631 4
      vertex 115.05 56.9497 4
    endloop
  endfacet
  facet normal 0.649126 -0.760681 0
    outer loop
      vertex 115.886 57.6631 4
      vertex 115.05 56.9497 0
      vertex 115.886 57.6631 0
    endloop
  endfacet
  facet normal 0.522709 -0.852511 0
    outer loop
      vertex 115.886 57.6631 0
      vertex 116.822 58.237 4
      vertex 115.886 57.6631 4
    endloop
  endfacet
  facet normal 0.522709 -0.852511 0
    outer loop
      vertex 116.822 58.237 4
      vertex 115.886 57.6631 0
      vertex 116.822 58.237 0
    endloop
  endfacet
  facet normal 0.382663 -0.923888 0
    outer loop
      vertex 116.822 58.237 0
      vertex 117.837 58.6574 4
      vertex 116.822 58.237 4
    endloop
  endfacet
  facet normal 0.382663 -0.923888 0
    outer loop
      vertex 117.837 58.6574 4
      vertex 116.822 58.237 0
      vertex 117.837 58.6574 0
    endloop
  endfacet
  facet normal 0.233442 -0.972371 0
    outer loop
      vertex 117.837 58.6574 0
      vertex 118.905 58.9138 4
      vertex 117.837 58.6574 4
    endloop
  endfacet
  facet normal 0.233442 -0.972371 0
    outer loop
      vertex 118.905 58.9138 4
      vertex 117.837 58.6574 0
      vertex 118.905 58.9138 0
    endloop
  endfacet
  facet normal 0.0784787 -0.996916 0
    outer loop
      vertex 118.905 58.9138 0
      vertex 120 59 4
      vertex 118.905 58.9138 4
    endloop
  endfacet
  facet normal 0.0784787 -0.996916 0
    outer loop
      vertex 120 59 4
      vertex 118.905 58.9138 0
      vertex 120 59 0
    endloop
  endfacet
  facet normal -0.0784787 -0.996916 0
    outer loop
      vertex 120 59 0
      vertex 121.095 58.9138 4
      vertex 120 59 4
    endloop
  endfacet
  facet normal -0.0784787 -0.996916 -0
    outer loop
      vertex 121.095 58.9138 4
      vertex 120 59 0
      vertex 121.095 58.9138 0
    endloop
  endfacet
  facet normal -0.233442 -0.972371 0
    outer loop
      vertex 121.095 58.9138 0
      vertex 122.163 58.6574 4
      vertex 121.095 58.9138 4
    endloop
  endfacet
  facet normal -0.233442 -0.972371 -0
    outer loop
      vertex 122.163 58.6574 4
      vertex 121.095 58.9138 0
      vertex 122.163 58.6574 0
    endloop
  endfacet
  facet normal -0.382663 -0.923888 0
    outer loop
      vertex 122.163 58.6574 0
      vertex 123.178 58.237 4
      vertex 122.163 58.6574 4
    endloop
  endfacet
  facet normal -0.382663 -0.923888 -0
    outer loop
      vertex 123.178 58.237 4
      vertex 122.163 58.6574 0
      vertex 123.178 58.237 0
    endloop
  endfacet
  facet normal -0.522304 -0.852759 0
    outer loop
      vertex 123.178 58.237 0
      vertex 124.115 57.6631 4
      vertex 123.178 58.237 4
    endloop
  endfacet
  facet normal -0.522304 -0.852759 -0
    outer loop
      vertex 124.115 57.6631 4
      vertex 123.178 58.237 0
      vertex 124.115 57.6631 0
    endloop
  endfacet
  facet normal -0.649576 -0.760297 0
    outer loop
      vertex 124.115 57.6631 0
      vertex 124.95 56.9497 4
      vertex 124.115 57.6631 4
    endloop
  endfacet
  facet normal -0.649576 -0.760297 -0
    outer loop
      vertex 124.95 56.9497 4
      vertex 124.115 57.6631 0
      vertex 124.95 56.9497 0
    endloop
  endfacet
  facet normal -0.760554 -0.649275 0
    outer loop
      vertex 125.663 56.1145 0
      vertex 124.95 56.9497 4
      vertex 124.95 56.9497 0
    endloop
  endfacet
  facet normal -0.760554 -0.649275 0
    outer loop
      vertex 124.95 56.9497 4
      vertex 125.663 56.1145 0
      vertex 125.663 56.1145 4
    endloop
  endfacet
  facet normal -0.85262 -0.522532 0
    outer loop
      vertex 126.237 55.1779 0
      vertex 125.663 56.1145 4
      vertex 125.663 56.1145 0
    endloop
  endfacet
  facet normal -0.85262 -0.522532 0
    outer loop
      vertex 125.663 56.1145 4
      vertex 126.237 55.1779 0
      vertex 126.237 55.1779 4
    endloop
  endfacet
  facet normal -0.92399 -0.382416 0
    outer loop
      vertex 126.657 54.1631 0
      vertex 126.237 55.1779 4
      vertex 126.237 55.1779 0
    endloop
  endfacet
  facet normal -0.92399 -0.382416 0
    outer loop
      vertex 126.237 55.1779 4
      vertex 126.657 54.1631 0
      vertex 126.657 54.1631 4
    endloop
  endfacet
  facet normal -0.972252 -0.233938 0
    outer loop
      vertex 126.914 53.095 0
      vertex 126.657 54.1631 4
      vertex 126.657 54.1631 0
    endloop
  endfacet
  facet normal -0.972252 -0.233938 0
    outer loop
      vertex 126.657 54.1631 4
      vertex 126.914 53.095 0
      vertex 126.914 53.095 4
    endloop
  endfacet
  facet normal -0.99693 -0.0782977 0
    outer loop
      vertex 127 52 0
      vertex 126.914 53.095 4
      vertex 126.914 53.095 0
    endloop
  endfacet
  facet normal -0.99693 -0.0782977 0
    outer loop
      vertex 126.914 53.095 4
      vertex 127 52 0
      vertex 127 52 4
    endloop
  endfacet
  facet normal 0 -1 0
    outer loop
      vertex 127 52 0
      vertex 139.823 52 4
      vertex 127 52 4
    endloop
  endfacet
  facet normal 0 -1 -0
    outer loop
      vertex 139.823 52 4
      vertex 127 52 0
      vertex 139.823 52 0
    endloop
  endfacet
  facet normal -0.988592 0.150619 0
    outer loop
      vertex 137.69 38 0
      vertex 139.823 52 4
      vertex 139.823 52 0
    endloop
  endfacet
  facet normal -0.988592 0.150619 0
    outer loop
      vertex 139.823 52 4
      vertex 137.69 38 0
      vertex 137.69 38 4
    endloop
  endfacet
  facet normal 0 1 -0
    outer loop
      vertex 137.69 38 0
      vertex 98.7466 38 4
      vertex 137.69 38 4
    endloop
  endfacet
  facet normal 0 1 0
    outer loop
      vertex 98.7466 38 4
      vertex 137.69 38 0
      vertex 98.7466 38 0
    endloop
  endfacet
  facet normal 0.937016 0.349286 0
    outer loop
      vertex 98.7466 38 4
      vertex 93.5279 52 0
      vertex 93.5279 52 4
    endloop
  endfacet
  facet normal 0.937016 0.349286 0
    outer loop
      vertex 93.5279 52 0
      vertex 98.7466 38 4
      vertex 98.7466 38 0
    endloop
  endfacet
  facet normal 0 -1 0
    outer loop
      vertex 93.5279 52 0
      vertex 113 52 4
      vertex 93.5279 52 4
    endloop
  endfacet
  facet normal 0 -1 -0
    outer loop
      vertex 113 52 4
      vertex 93.5279 52 0
      vertex 113 52 0
    endloop
  endfacet
  facet normal 0.99693 -0.0782977 0
    outer loop
      vertex 113 52 4
      vertex 113.086 53.095 0
      vertex 113.086 53.095 4
    endloop
  endfacet
  facet normal 0.99693 -0.0782977 0
    outer loop
      vertex 113.086 53.095 0
      vertex 113 52 4
      vertex 113 52 0
    endloop
  endfacet
  facet normal 0.972252 -0.233938 0
    outer loop
      vertex 113.086 53.095 4
      vertex 113.343 54.1631 0
      vertex 113.343 54.1631 4
    endloop
  endfacet
  facet normal 0.972252 -0.233938 0
    outer loop
      vertex 113.343 54.1631 0
      vertex 113.086 53.095 4
      vertex 113.086 53.095 0
    endloop
  endfacet
  facet normal 0.92399 -0.382416 0
    outer loop
      vertex 173.343 54.1631 4
      vertex 173.763 55.1779 0
      vertex 173.763 55.1779 4
    endloop
  endfacet
  facet normal 0.92399 -0.382416 0
    outer loop
      vertex 173.763 55.1779 0
      vertex 173.343 54.1631 4
      vertex 173.343 54.1631 0
    endloop
  endfacet
  facet normal 0.85262 -0.522532 0
    outer loop
      vertex 173.763 55.1779 4
      vertex 174.337 56.1145 0
      vertex 174.337 56.1145 4
    endloop
  endfacet
  facet normal 0.85262 -0.522532 0
    outer loop
      vertex 174.337 56.1145 0
      vertex 173.763 55.1779 4
      vertex 173.763 55.1779 0
    endloop
  endfacet
  facet normal 0.760554 -0.649275 0
    outer loop
      vertex 174.337 56.1145 4
      vertex 175.05 56.9497 0
      vertex 175.05 56.9497 4
    endloop
  endfacet
  facet normal 0.760554 -0.649275 0
    outer loop
      vertex 175.05 56.9497 0
      vertex 174.337 56.1145 4
      vertex 174.337 56.1145 0
    endloop
  endfacet
  facet normal 0.649576 -0.760297 0
    outer loop
      vertex 175.05 56.9497 0
      vertex 175.885 57.6631 4
      vertex 175.05 56.9497 4
    endloop
  endfacet
  facet normal 0.649576 -0.760297 0
    outer loop
      vertex 175.885 57.6631 4
      vertex 175.05 56.9497 0
      vertex 175.885 57.6631 0
    endloop
  endfacet
  facet normal 0.522304 -0.852759 0
    outer loop
      vertex 175.885 57.6631 0
      vertex 176.822 58.237 4
      vertex 175.885 57.6631 4
    endloop
  endfacet
  facet normal 0.522304 -0.852759 0
    outer loop
      vertex 176.822 58.237 4
      vertex 175.885 57.6631 0
      vertex 176.822 58.237 0
    endloop
  endfacet
  facet normal 0.382663 -0.923888 0
    outer loop
      vertex 176.822 58.237 0
      vertex 177.837 58.6574 4
      vertex 176.822 58.237 4
    endloop
  endfacet
  facet normal 0.382663 -0.923888 0
    outer loop
      vertex 177.837 58.6574 4
      vertex 176.822 58.237 0
      vertex 177.837 58.6574 0
    endloop
  endfacet
  facet normal 0.233442 -0.972371 0
    outer loop
      vertex 177.837 58.6574 0
      vertex 178.905 58.9138 4
      vertex 177.837 58.6574 4
    endloop
  endfacet
  facet normal 0.233442 -0.972371 0
    outer loop
      vertex 178.905 58.9138 4
      vertex 177.837 58.6574 0
      vertex 178.905 58.9138 0
    endloop
  endfacet
  facet normal 0.0784787 -0.996916 0
    outer loop
      vertex 178.905 58.9138 0
      vertex 180 59 4
      vertex 178.905 58.9138 4
    endloop
  endfacet
  facet normal 0.0784787 -0.996916 0
    outer loop
      vertex 180 59 4
      vertex 178.905 58.9138 0
      vertex 180 59 0
    endloop
  endfacet
  facet normal -0.0784787 -0.996916 0
    outer loop
      vertex 180 59 0
      vertex 181.095 58.9138 4
      vertex 180 59 4
    endloop
  endfacet
  facet normal -0.0784787 -0.996916 -0
    outer loop
      vertex 181.095 58.9138 4
      vertex 180 59 0
      vertex 181.095 58.9138 0
    endloop
  endfacet
  facet normal -0.233442 -0.972371 0
    outer loop
      vertex 181.095 58.9138 0
      vertex 182.163 58.6574 4
      vertex 181.095 58.9138 4
    endloop
  endfacet
  facet normal -0.233442 -0.972371 -0
    outer loop
      vertex 182.163 58.6574 4
      vertex 181.095 58.9138 0
      vertex 182.163 58.6574 0
    endloop
  endfacet
  facet normal -0.382663 -0.923888 0
    outer loop
      vertex 182.163 58.6574 0
      vertex 183.178 58.237 4
      vertex 182.163 58.6574 4
    endloop
  endfacet
  facet normal -0.382663 -0.923888 -0
    outer loop
      vertex 183.178 58.237 4
      vertex 182.163 58.6574 0
      vertex 183.178 58.237 0
    endloop
  endfacet
  facet normal -0.522709 -0.852511 0
    outer loop
      vertex 183.178 58.237 0
      vertex 184.114 57.6631 4
      vertex 183.178 58.237 4
    endloop
  endfacet
  facet normal -0.522709 -0.852511 -0
    outer loop
      vertex 184.114 57.6631 4
      vertex 183.178 58.237 0
      vertex 184.114 57.6631 0
    endloop
  endfacet
  facet normal -0.649126 -0.760681 0
    outer loop
      vertex 184.114 57.6631 0
      vertex 184.95 56.9497 4
      vertex 184.114 57.6631 4
    endloop
  endfacet
  facet normal -0.649126 -0.760681 -0
    outer loop
      vertex 184.95 56.9497 4
      vertex 184.114 57.6631 0
      vertex 184.95 56.9497 0
    endloop
  endfacet
  facet normal -0.760554 -0.649275 0
    outer loop
      vertex 185.663 56.1145 0
      vertex 184.95 56.9497 4
      vertex 184.95 56.9497 0
    endloop
  endfacet
  facet normal -0.760554 -0.649275 0
    outer loop
      vertex 184.95 56.9497 4
      vertex 185.663 56.1145 0
      vertex 185.663 56.1145 4
    endloop
  endfacet
  facet normal -0.85262 -0.522532 0
    outer loop
      vertex 186.237 55.1779 0
      vertex 185.663 56.1145 4
      vertex 185.663 56.1145 0
    endloop
  endfacet
  facet normal -0.85262 -0.522532 0
    outer loop
      vertex 185.663 56.1145 4
      vertex 186.237 55.1779 0
      vertex 186.237 55.1779 4
    endloop
  endfacet
  facet normal -0.92399 -0.382416 0
    outer loop
      vertex 186.657 54.1631 0
      vertex 186.237 55.1779 4
      vertex 186.237 55.1779 0
    endloop
  endfacet
  facet normal -0.92399 -0.382416 0
    outer loop
      vertex 186.237 55.1779 4
      vertex 186.657 54.1631 0
      vertex 186.657 54.1631 4
    endloop
  endfacet
  facet normal -0.972252 -0.233938 0
    outer loop
      vertex 186.914 53.095 0
      vertex 186.657 54.1631 4
      vertex 186.657 54.1631 0
    endloop
  endfacet
  facet normal -0.972252 -0.233938 0
    outer loop
      vertex 186.657 54.1631 4
      vertex 186.914 53.095 0
      vertex 186.914 53.095 4
    endloop
  endfacet
  facet normal -0.99693 -0.0782977 0
    outer loop
      vertex 187 52 0
      vertex 186.914 53.095 4
      vertex 186.914 53.095 0
    endloop
  endfacet
  facet normal -0.99693 -0.0782977 0
    outer loop
      vertex 186.914 53.095 4
      vertex 187 52 0
      vertex 187 52 4
    endloop
  endfacet
  facet normal 0 -1 0
    outer loop
      vertex 187 52 0
      vertex 199.823 52 4
      vertex 187 52 4
    endloop
  endfacet
  facet normal 0 -1 -0
    outer loop
      vertex 199.823 52 4
      vertex 187 52 0
      vertex 199.823 52 0
    endloop
  endfacet
  facet normal -0.988592 0.150619 0
    outer loop
      vertex 197.69 38 0
      vertex 199.823 52 4
      vertex 199.823 52 0
    endloop
  endfacet
  facet normal -0.988592 0.150619 0
    outer loop
      vertex 199.823 52 4
      vertex 197.69 38 0
      vertex 197.69 38 4
    endloop
  endfacet
  facet normal 0 1 -0
    outer loop
      vertex 197.69 38 0
      vertex 157.055 38 4
      vertex 197.69 38 4
    endloop
  endfacet
  facet normal 0 1 0
    outer loop
      vertex 157.055 38 4
      vertex 197.69 38 0
      vertex 157.055 38 0
    endloop
  endfacet
  facet normal 0.96085 0.277068 0
    outer loop
      vertex 157.055 38 4
      vertex 153.018 52 0
      vertex 153.018 52 4
    endloop
  endfacet
  facet normal 0.96085 0.277068 0
    outer loop
      vertex 153.018 52 0
      vertex 157.055 38 4
      vertex 157.055 38 0
    endloop
  endfacet
  facet normal 0 -1 0
    outer loop
      vertex 153.018 52 0
      vertex 173 52 4
      vertex 153.018 52 4
    endloop
  endfacet
  facet normal 0 -1 -0
    outer loop
      vertex 173 52 4
      vertex 153.018 52 0
      vertex 173 52 0
    endloop
  endfacet
  facet normal 0.99693 -0.0782977 0
    outer loop
      vertex 173 52 4
      vertex 173.086 53.095 0
      vertex 173.086 53.095 4
    endloop
  endfacet
  facet normal 0.99693 -0.0782977 0
    outer loop
      vertex 173.086 53.095 0
      vertex 173 52 4
      vertex 173 52 0
    endloop
  endfacet
  facet normal 0.972252 -0.233938 0
    outer loop
      vertex 173.086 53.095 4
      vertex 173.343 54.1631 0
      vertex 173.343 54.1631 4
    endloop
  endfacet
  facet normal 0.972252 -0.233938 0
    outer loop
      vertex 173.343 54.1631 0
      vertex 173.086 53.095 4
      vertex 173.086 53.095 0
    endloop
  endfacet
  facet normal 0.233507 0.972355 -0
    outer loop
      vertex 205.906 55.4483 0
      vertex 205.769 55.4812 4
      vertex 205.906 55.4483 4
    endloop
  endfacet
  facet normal 0.233507 0.972355 0
    outer loop
      vertex 205.769 55.4812 4
      vertex 205.906 55.4483 0
      vertex 205.769 55.4812 0
    endloop
  endfacet
  facet normal 0.381708 0.924283 -0
    outer loop
      vertex 205.769 55.4812 0
      vertex 205.638 55.5353 4
      vertex 205.769 55.4812 4
    endloop
  endfacet
  facet normal 0.381708 0.924283 0
    outer loop
      vertex 205.638 55.5353 4
      vertex 205.769 55.4812 0
      vertex 205.638 55.5353 0
    endloop
  endfacet
  facet normal 0.52386 0.851805 -0
    outer loop
      vertex 205.638 55.5353 0
      vertex 205.518 55.6091 4
      vertex 205.638 55.5353 4
    endloop
  endfacet
  facet normal 0.52386 0.851805 0
    outer loop
      vertex 205.518 55.6091 4
      vertex 205.638 55.5353 0
      vertex 205.518 55.6091 0
    endloop
  endfacet
  facet normal 0.647239 0.762288 -0
    outer loop
      vertex 205.518 55.6091 0
      vertex 205.41 55.7008 4
      vertex 205.518 55.6091 4
    endloop
  endfacet
  facet normal 0.647239 0.762288 0
    outer loop
      vertex 205.41 55.7008 4
      vertex 205.518 55.6091 0
      vertex 205.41 55.7008 0
    endloop
  endfacet
  facet normal 0.762955 0.646452 0
    outer loop
      vertex 205.41 55.7008 4
      vertex 205.319 55.8082 0
      vertex 205.319 55.8082 4
    endloop
  endfacet
  facet normal 0.762955 0.646452 0
    outer loop
      vertex 205.319 55.8082 0
      vertex 205.41 55.7008 4
      vertex 205.41 55.7008 0
    endloop
  endfacet
  facet normal 0.85195 0.523624 0
    outer loop
      vertex 205.319 55.8082 4
      vertex 205.245 55.9286 0
      vertex 205.245 55.9286 4
    endloop
  endfacet
  facet normal 0.85195 0.523624 0
    outer loop
      vertex 205.245 55.9286 0
      vertex 205.319 55.8082 4
      vertex 205.319 55.8082 0
    endloop
  endfacet
  facet normal 0.924017 0.382352 0
    outer loop
      vertex 205.245 55.9286 4
      vertex 205.191 56.0591 0
      vertex 205.191 56.0591 4
    endloop
  endfacet
  facet normal 0.924017 0.382352 0
    outer loop
      vertex 205.191 56.0591 0
      vertex 205.245 55.9286 4
      vertex 205.245 55.9286 0
    endloop
  endfacet
  facet normal 0.97231 0.233694 0
    outer loop
      vertex 205.191 56.0591 4
      vertex 205.158 56.1964 0
      vertex 205.158 56.1964 4
    endloop
  endfacet
  facet normal 0.97231 0.233694 0
    outer loop
      vertex 205.158 56.1964 0
      vertex 205.191 56.0591 4
      vertex 205.191 56.0591 0
    endloop
  endfacet
  facet normal 0.996962 0.0778877 0
    outer loop
      vertex 205.158 56.1964 4
      vertex 205.147 56.3372 0
      vertex 205.147 56.3372 4
    endloop
  endfacet
  facet normal 0.996962 0.0778877 0
    outer loop
      vertex 205.147 56.3372 0
      vertex 205.158 56.1964 4
      vertex 205.158 56.1964 0
    endloop
  endfacet
  facet normal 0.996962 -0.0778877 0
    outer loop
      vertex 205.147 56.3372 4
      vertex 205.158 56.478 0
      vertex 205.158 56.478 4
    endloop
  endfacet
  facet normal 0.996962 -0.0778877 0
    outer loop
      vertex 205.158 56.478 0
      vertex 205.147 56.3372 4
      vertex 205.147 56.3372 0
    endloop
  endfacet
  facet normal 0.97231 -0.233694 0
    outer loop
      vertex 205.158 56.478 4
      vertex 205.191 56.6153 0
      vertex 205.191 56.6153 4
    endloop
  endfacet
  facet normal 0.97231 -0.233694 0
    outer loop
      vertex 205.191 56.6153 0
      vertex 205.158 56.478 4
      vertex 205.158 56.478 0
    endloop
  endfacet
  facet normal 0.924017 -0.382352 0
    outer loop
      vertex 205.191 56.6153 4
      vertex 205.245 56.7458 0
      vertex 205.245 56.7458 4
    endloop
  endfacet
  facet normal 0.924017 -0.382352 0
    outer loop
      vertex 205.245 56.7458 0
      vertex 205.191 56.6153 4
      vertex 205.191 56.6153 0
    endloop
  endfacet
  facet normal 0.85195 -0.523624 0
    outer loop
      vertex 205.245 56.7458 4
      vertex 205.319 56.8662 0
      vertex 205.319 56.8662 4
    endloop
  endfacet
  facet normal 0.85195 -0.523624 0
    outer loop
      vertex 205.319 56.8662 0
      vertex 205.245 56.7458 4
      vertex 205.245 56.7458 0
    endloop
  endfacet
  facet normal 0.762955 -0.646452 0
    outer loop
      vertex 205.319 56.8662 4
      vertex 205.41 56.9736 0
      vertex 205.41 56.9736 4
    endloop
  endfacet
  facet normal 0.762955 -0.646452 0
    outer loop
      vertex 205.41 56.9736 0
      vertex 205.319 56.8662 4
      vertex 205.319 56.8662 0
    endloop
  endfacet
  facet normal 0.647239 -0.762288 0
    outer loop
      vertex 205.41 56.9736 0
      vertex 205.518 57.0653 4
      vertex 205.41 56.9736 4
    endloop
  endfacet
  facet normal 0.647239 -0.762288 0
    outer loop
      vertex 205.518 57.0653 4
      vertex 205.41 56.9736 0
      vertex 205.518 57.0653 0
    endloop
  endfacet
  facet normal 0.52386 -0.851805 0
    outer loop
      vertex 205.518 57.0653 0
      vertex 205.638 57.1391 4
      vertex 205.518 57.0653 4
    endloop
  endfacet
  facet normal 0.52386 -0.851805 0
    outer loop
      vertex 205.638 57.1391 4
      vertex 205.518 57.0653 0
      vertex 205.638 57.1391 0
    endloop
  endfacet
  facet normal 0.381105 -0.924532 0
    outer loop
      vertex 205.638 57.1391 0
      vertex 205.769 57.1931 4
      vertex 205.638 57.1391 4
    endloop
  endfacet
  facet normal 0.381105 -0.924532 0
    outer loop
      vertex 205.769 57.1931 4
      vertex 205.638 57.1391 0
      vertex 205.769 57.1931 0
    endloop
  endfacet
  facet normal 0.234178 -0.972194 0
    outer loop
      vertex 205.769 57.1931 0
      vertex 205.906 57.2261 4
      vertex 205.769 57.1931 4
    endloop
  endfacet
  facet normal 0.234178 -0.972194 0
    outer loop
      vertex 205.906 57.2261 4
      vertex 205.769 57.1931 0
      vertex 205.906 57.2261 0
    endloop
  endfacet
  facet normal 0.0784806 -0.996916 0
    outer loop
      vertex 205.906 57.2261 0
      vertex 206.047 57.2372 4
      vertex 205.906 57.2261 4
    endloop
  endfacet
  facet normal 0.0784806 -0.996916 0
    outer loop
      vertex 206.047 57.2372 4
      vertex 205.906 57.2261 0
      vertex 206.047 57.2372 0
    endloop
  endfacet
  facet normal -0.0784806 -0.996916 0
    outer loop
      vertex 206.047 57.2372 0
      vertex 206.188 57.2261 4
      vertex 206.047 57.2372 4
    endloop
  endfacet
  facet normal -0.0784806 -0.996916 -0
    outer loop
      vertex 206.188 57.2261 4
      vertex 206.047 57.2372 0
      vertex 206.188 57.2261 0
    endloop
  endfacet
  facet normal -0.234178 -0.972194 0
    outer loop
      vertex 206.188 57.2261 0
      vertex 206.325 57.1931 4
      vertex 206.188 57.2261 4
    endloop
  endfacet
  facet normal -0.234178 -0.972194 -0
    outer loop
      vertex 206.325 57.1931 4
      vertex 206.188 57.2261 0
      vertex 206.325 57.1931 0
    endloop
  endfacet
  facet normal -0.383606 -0.923497 0
    outer loop
      vertex 206.325 57.1931 0
      vertex 206.455 57.1391 4
      vertex 206.325 57.1931 4
    endloop
  endfacet
  facet normal -0.383606 -0.923497 -0
    outer loop
      vertex 206.455 57.1391 4
      vertex 206.325 57.1931 0
      vertex 206.455 57.1391 0
    endloop
  endfacet
  facet normal -0.520708 -0.853735 0
    outer loop
      vertex 206.455 57.1391 0
      vertex 206.576 57.0653 4
      vertex 206.455 57.1391 4
    endloop
  endfacet
  facet normal -0.520708 -0.853735 -0
    outer loop
      vertex 206.576 57.0653 4
      vertex 206.455 57.1391 0
      vertex 206.576 57.0653 0
    endloop
  endfacet
  facet normal -0.650733 -0.759307 0
    outer loop
      vertex 206.576 57.0653 0
      vertex 206.683 56.9736 4
      vertex 206.576 57.0653 4
    endloop
  endfacet
  facet normal -0.650733 -0.759307 -0
    outer loop
      vertex 206.683 56.9736 4
      vertex 206.576 57.0653 0
      vertex 206.683 56.9736 0
    endloop
  endfacet
  facet normal -0.759456 -0.650558 0
    outer loop
      vertex 206.775 56.8662 0
      vertex 206.683 56.9736 4
      vertex 206.683 56.9736 0
    endloop
  endfacet
  facet normal -0.759456 -0.650558 0
    outer loop
      vertex 206.683 56.9736 4
      vertex 206.775 56.8662 0
      vertex 206.775 56.8662 4
    endloop
  endfacet
  facet normal -0.85195 -0.523624 0
    outer loop
      vertex 206.849 56.7458 0
      vertex 206.775 56.8662 4
      vertex 206.775 56.8662 0
    endloop
  endfacet
  facet normal -0.85195 -0.523624 0
    outer loop
      vertex 206.775 56.8662 4
      vertex 206.849 56.7458 0
      vertex 206.849 56.7458 4
    endloop
  endfacet
  facet normal -0.924017 -0.382352 0
    outer loop
      vertex 206.903 56.6153 0
      vertex 206.849 56.7458 4
      vertex 206.849 56.7458 0
    endloop
  endfacet
  facet normal -0.924017 -0.382352 0
    outer loop
      vertex 206.849 56.7458 4
      vertex 206.903 56.6153 0
      vertex 206.903 56.6153 4
    endloop
  endfacet
  facet normal -0.97231 -0.233694 0
    outer loop
      vertex 206.936 56.478 0
      vertex 206.903 56.6153 4
      vertex 206.903 56.6153 0
    endloop
  endfacet
  facet normal -0.97231 -0.233694 0
    outer loop
      vertex 206.903 56.6153 4
      vertex 206.936 56.478 0
      vertex 206.936 56.478 4
    endloop
  endfacet
  facet normal -0.996962 -0.0778877 0
    outer loop
      vertex 206.947 56.3372 0
      vertex 206.936 56.478 4
      vertex 206.936 56.478 0
    endloop
  endfacet
  facet normal -0.996962 -0.0778877 0
    outer loop
      vertex 206.936 56.478 4
      vertex 206.947 56.3372 0
      vertex 206.947 56.3372 4
    endloop
  endfacet
  facet normal -0.996962 0.0778877 0
    outer loop
      vertex 206.936 56.1964 0
      vertex 206.947 56.3372 4
      vertex 206.947 56.3372 0
    endloop
  endfacet
  facet normal -0.996962 0.0778877 0
    outer loop
      vertex 206.947 56.3372 4
      vertex 206.936 56.1964 0
      vertex 206.936 56.1964 4
    endloop
  endfacet
  facet normal -0.97231 0.233694 0
    outer loop
      vertex 206.903 56.0591 0
      vertex 206.936 56.1964 4
      vertex 206.936 56.1964 0
    endloop
  endfacet
  facet normal -0.97231 0.233694 0
    outer loop
      vertex 206.936 56.1964 4
      vertex 206.903 56.0591 0
      vertex 206.903 56.0591 4
    endloop
  endfacet
  facet normal -0.924017 0.382352 0
    outer loop
      vertex 206.849 55.9286 0
      vertex 206.903 56.0591 4
      vertex 206.903 56.0591 0
    endloop
  endfacet
  facet normal -0.924017 0.382352 0
    outer loop
      vertex 206.903 56.0591 4
      vertex 206.849 55.9286 0
      vertex 206.849 55.9286 4
    endloop
  endfacet
  facet normal -0.85195 0.523624 0
    outer loop
      vertex 206.775 55.8082 0
      vertex 206.849 55.9286 4
      vertex 206.849 55.9286 0
    endloop
  endfacet
  facet normal -0.85195 0.523624 0
    outer loop
      vertex 206.849 55.9286 4
      vertex 206.775 55.8082 0
      vertex 206.775 55.8082 4
    endloop
  endfacet
  facet normal -0.759456 0.650558 0
    outer loop
      vertex 206.683 55.7008 0
      vertex 206.775 55.8082 4
      vertex 206.775 55.8082 0
    endloop
  endfacet
  facet normal -0.759456 0.650558 0
    outer loop
      vertex 206.775 55.8082 4
      vertex 206.683 55.7008 0
      vertex 206.683 55.7008 4
    endloop
  endfacet
  facet normal -0.650733 0.759307 0
    outer loop
      vertex 206.683 55.7008 0
      vertex 206.576 55.6091 4
      vertex 206.683 55.7008 4
    endloop
  endfacet
  facet normal -0.650733 0.759307 0
    outer loop
      vertex 206.576 55.6091 4
      vertex 206.683 55.7008 0
      vertex 206.576 55.6091 0
    endloop
  endfacet
  facet normal -0.520708 0.853735 0
    outer loop
      vertex 206.576 55.6091 0
      vertex 206.455 55.5353 4
      vertex 206.576 55.6091 4
    endloop
  endfacet
  facet normal -0.520708 0.853735 0
    outer loop
      vertex 206.455 55.5353 4
      vertex 206.576 55.6091 0
      vertex 206.455 55.5353 0
    endloop
  endfacet
  facet normal -0.384212 0.923245 0
    outer loop
      vertex 206.455 55.5353 0
      vertex 206.325 55.4812 4
      vertex 206.455 55.5353 4
    endloop
  endfacet
  facet normal -0.384212 0.923245 0
    outer loop
      vertex 206.325 55.4812 4
      vertex 206.455 55.5353 0
      vertex 206.325 55.4812 0
    endloop
  endfacet
  facet normal -0.233507 0.972355 0
    outer loop
      vertex 206.325 55.4812 0
      vertex 206.188 55.4483 4
      vertex 206.325 55.4812 4
    endloop
  endfacet
  facet normal -0.233507 0.972355 0
    outer loop
      vertex 206.188 55.4483 4
      vertex 206.325 55.4812 0
      vertex 206.188 55.4483 0
    endloop
  endfacet
  facet normal -0.0784806 0.996916 0
    outer loop
      vertex 206.188 55.4483 0
      vertex 206.047 55.4372 4
      vertex 206.188 55.4483 4
    endloop
  endfacet
  facet normal -0.0784806 0.996916 0
    outer loop
      vertex 206.047 55.4372 4
      vertex 206.188 55.4483 0
      vertex 206.047 55.4372 0
    endloop
  endfacet
  facet normal 0.0784806 0.996916 -0
    outer loop
      vertex 206.047 55.4372 0
      vertex 205.906 55.4483 4
      vertex 206.047 55.4372 4
    endloop
  endfacet
  facet normal 0.0784806 0.996916 0
    outer loop
      vertex 205.906 55.4483 4
      vertex 206.047 55.4372 0
      vertex 205.906 55.4483 0
    endloop
  endfacet
  facet normal 0.233507 0.972355 -0
    outer loop
      vertex 145.906 55.4483 0
      vertex 145.769 55.4812 4
      vertex 145.906 55.4483 4
    endloop
  endfacet
  facet normal 0.233507 0.972355 0
    outer loop
      vertex 145.769 55.4812 4
      vertex 145.906 55.4483 0
      vertex 145.769 55.4812 0
    endloop
  endfacet
  facet normal 0.381708 0.924283 -0
    outer loop
      vertex 145.769 55.4812 0
      vertex 145.638 55.5353 4
      vertex 145.769 55.4812 4
    endloop
  endfacet
  facet normal 0.381708 0.924283 0
    outer loop
      vertex 145.638 55.5353 4
      vertex 145.769 55.4812 0
      vertex 145.638 55.5353 0
    endloop
  endfacet
  facet normal 0.52386 0.851805 -0
    outer loop
      vertex 145.638 55.5353 0
      vertex 145.518 55.6091 4
      vertex 145.638 55.5353 4
    endloop
  endfacet
  facet normal 0.52386 0.851805 0
    outer loop
      vertex 145.518 55.6091 4
      vertex 145.638 55.5353 0
      vertex 145.518 55.6091 0
    endloop
  endfacet
  facet normal 0.647239 0.762288 -0
    outer loop
      vertex 145.518 55.6091 0
      vertex 145.41 55.7008 4
      vertex 145.518 55.6091 4
    endloop
  endfacet
  facet normal 0.647239 0.762288 0
    outer loop
      vertex 145.41 55.7008 4
      vertex 145.518 55.6091 0
      vertex 145.41 55.7008 0
    endloop
  endfacet
  facet normal 0.762955 0.646452 0
    outer loop
      vertex 145.41 55.7008 4
      vertex 145.319 55.8082 0
      vertex 145.319 55.8082 4
    endloop
  endfacet
  facet normal 0.762955 0.646452 0
    outer loop
      vertex 145.319 55.8082 0
      vertex 145.41 55.7008 4
      vertex 145.41 55.7008 0
    endloop
  endfacet
  facet normal 0.85195 0.523624 0
    outer loop
      vertex 145.319 55.8082 4
      vertex 145.245 55.9286 0
      vertex 145.245 55.9286 4
    endloop
  endfacet
  facet normal 0.85195 0.523624 0
    outer loop
      vertex 145.245 55.9286 0
      vertex 145.319 55.8082 4
      vertex 145.319 55.8082 0
    endloop
  endfacet
  facet normal 0.924017 0.382352 0
    outer loop
      vertex 145.245 55.9286 4
      vertex 145.191 56.0591 0
      vertex 145.191 56.0591 4
    endloop
  endfacet
  facet normal 0.924017 0.382352 0
    outer loop
      vertex 145.191 56.0591 0
      vertex 145.245 55.9286 4
      vertex 145.245 55.9286 0
    endloop
  endfacet
  facet normal 0.97231 0.233694 0
    outer loop
      vertex 145.191 56.0591 4
      vertex 145.158 56.1964 0
      vertex 145.158 56.1964 4
    endloop
  endfacet
  facet normal 0.97231 0.233694 0
    outer loop
      vertex 145.158 56.1964 0
      vertex 145.191 56.0591 4
      vertex 145.191 56.0591 0
    endloop
  endfacet
  facet normal 0.996962 0.0778877 0
    outer loop
      vertex 145.158 56.1964 4
      vertex 145.147 56.3372 0
      vertex 145.147 56.3372 4
    endloop
  endfacet
  facet normal 0.996962 0.0778877 0
    outer loop
      vertex 145.147 56.3372 0
      vertex 145.158 56.1964 4
      vertex 145.158 56.1964 0
    endloop
  endfacet
  facet normal 0.996962 -0.0778877 0
    outer loop
      vertex 145.147 56.3372 4
      vertex 145.158 56.478 0
      vertex 145.158 56.478 4
    endloop
  endfacet
  facet normal 0.996962 -0.0778877 0
    outer loop
      vertex 145.158 56.478 0
      vertex 145.147 56.3372 4
      vertex 145.147 56.3372 0
    endloop
  endfacet
  facet normal 0.97231 -0.233694 0
    outer loop
      vertex 145.158 56.478 4
      vertex 145.191 56.6153 0
      vertex 145.191 56.6153 4
    endloop
  endfacet
  facet normal 0.97231 -0.233694 0
    outer loop
      vertex 145.191 56.6153 0
      vertex 145.158 56.478 4
      vertex 145.158 56.478 0
    endloop
  endfacet
  facet normal 0.924017 -0.382352 0
    outer loop
      vertex 145.191 56.6153 4
      vertex 145.245 56.7458 0
      vertex 145.245 56.7458 4
    endloop
  endfacet
  facet normal 0.924017 -0.382352 0
    outer loop
      vertex 145.245 56.7458 0
      vertex 145.191 56.6153 4
      vertex 145.191 56.6153 0
    endloop
  endfacet
  facet normal 0.85195 -0.523624 0
    outer loop
      vertex 145.245 56.7458 4
      vertex 145.319 56.8662 0
      vertex 145.319 56.8662 4
    endloop
  endfacet
  facet normal 0.85195 -0.523624 0
    outer loop
      vertex 145.319 56.8662 0
      vertex 145.245 56.7458 4
      vertex 145.245 56.7458 0
    endloop
  endfacet
  facet normal 0.762955 -0.646452 0
    outer loop
      vertex 145.319 56.8662 4
      vertex 145.41 56.9736 0
      vertex 145.41 56.9736 4
    endloop
  endfacet
  facet normal 0.762955 -0.646452 0
    outer loop
      vertex 145.41 56.9736 0
      vertex 145.319 56.8662 4
      vertex 145.319 56.8662 0
    endloop
  endfacet
  facet normal 0.647239 -0.762288 0
    outer loop
      vertex 145.41 56.9736 0
      vertex 145.518 57.0653 4
      vertex 145.41 56.9736 4
    endloop
  endfacet
  facet normal 0.647239 -0.762288 0
    outer loop
      vertex 145.518 57.0653 4
      vertex 145.41 56.9736 0
      vertex 145.518 57.0653 0
    endloop
  endfacet
  facet normal 0.52386 -0.851805 0
    outer loop
      vertex 145.518 57.0653 0
      vertex 145.638 57.1391 4
      vertex 145.518 57.0653 4
    endloop
  endfacet
  facet normal 0.52386 -0.851805 0
    outer loop
      vertex 145.638 57.1391 4
      vertex 145.518 57.0653 0
      vertex 145.638 57.1391 0
    endloop
  endfacet
  facet normal 0.381105 -0.924532 0
    outer loop
      vertex 145.638 57.1391 0
      vertex 145.769 57.1931 4
      vertex 145.638 57.1391 4
    endloop
  endfacet
  facet normal 0.381105 -0.924532 0
    outer loop
      vertex 145.769 57.1931 4
      vertex 145.638 57.1391 0
      vertex 145.769 57.1931 0
    endloop
  endfacet
  facet normal 0.234178 -0.972194 0
    outer loop
      vertex 145.769 57.1931 0
      vertex 145.906 57.2261 4
      vertex 145.769 57.1931 4
    endloop
  endfacet
  facet normal 0.234178 -0.972194 0
    outer loop
      vertex 145.906 57.2261 4
      vertex 145.769 57.1931 0
      vertex 145.906 57.2261 0
    endloop
  endfacet
  facet normal 0.0784806 -0.996916 0
    outer loop
      vertex 145.906 57.2261 0
      vertex 146.047 57.2372 4
      vertex 145.906 57.2261 4
    endloop
  endfacet
  facet normal 0.0784806 -0.996916 0
    outer loop
      vertex 146.047 57.2372 4
      vertex 145.906 57.2261 0
      vertex 146.047 57.2372 0
    endloop
  endfacet
  facet normal -0.0784806 -0.996916 0
    outer loop
      vertex 146.047 57.2372 0
      vertex 146.188 57.2261 4
      vertex 146.047 57.2372 4
    endloop
  endfacet
  facet normal -0.0784806 -0.996916 -0
    outer loop
      vertex 146.188 57.2261 4
      vertex 146.047 57.2372 0
      vertex 146.188 57.2261 0
    endloop
  endfacet
  facet normal -0.234178 -0.972194 0
    outer loop
      vertex 146.188 57.2261 0
      vertex 146.325 57.1931 4
      vertex 146.188 57.2261 4
    endloop
  endfacet
  facet normal -0.234178 -0.972194 -0
    outer loop
      vertex 146.325 57.1931 4
      vertex 146.188 57.2261 0
      vertex 146.325 57.1931 0
    endloop
  endfacet
  facet normal -0.383606 -0.923497 0
    outer loop
      vertex 146.325 57.1931 0
      vertex 146.455 57.1391 4
      vertex 146.325 57.1931 4
    endloop
  endfacet
  facet normal -0.383606 -0.923497 -0
    outer loop
      vertex 146.455 57.1391 4
      vertex 146.325 57.1931 0
      vertex 146.455 57.1391 0
    endloop
  endfacet
  facet normal -0.520708 -0.853735 0
    outer loop
      vertex 146.455 57.1391 0
      vertex 146.576 57.0653 4
      vertex 146.455 57.1391 4
    endloop
  endfacet
  facet normal -0.520708 -0.853735 -0
    outer loop
      vertex 146.576 57.0653 4
      vertex 146.455 57.1391 0
      vertex 146.576 57.0653 0
    endloop
  endfacet
  facet normal -0.650733 -0.759307 0
    outer loop
      vertex 146.576 57.0653 0
      vertex 146.683 56.9736 4
      vertex 146.576 57.0653 4
    endloop
  endfacet
  facet normal -0.650733 -0.759307 -0
    outer loop
      vertex 146.683 56.9736 4
      vertex 146.576 57.0653 0
      vertex 146.683 56.9736 0
    endloop
  endfacet
  facet normal -0.759456 -0.650558 0
    outer loop
      vertex 146.775 56.8662 0
      vertex 146.683 56.9736 4
      vertex 146.683 56.9736 0
    endloop
  endfacet
  facet normal -0.759456 -0.650558 0
    outer loop
      vertex 146.683 56.9736 4
      vertex 146.775 56.8662 0
      vertex 146.775 56.8662 4
    endloop
  endfacet
  facet normal -0.85195 -0.523624 0
    outer loop
      vertex 146.849 56.7458 0
      vertex 146.775 56.8662 4
      vertex 146.775 56.8662 0
    endloop
  endfacet
  facet normal -0.85195 -0.523624 0
    outer loop
      vertex 146.775 56.8662 4
      vertex 146.849 56.7458 0
      vertex 146.849 56.7458 4
    endloop
  endfacet
  facet normal -0.924017 -0.382352 0
    outer loop
      vertex 146.903 56.6153 0
      vertex 146.849 56.7458 4
      vertex 146.849 56.7458 0
    endloop
  endfacet
  facet normal -0.924017 -0.382352 0
    outer loop
      vertex 146.849 56.7458 4
      vertex 146.903 56.6153 0
      vertex 146.903 56.6153 4
    endloop
  endfacet
  facet normal -0.97231 -0.233694 0
    outer loop
      vertex 146.936 56.478 0
      vertex 146.903 56.6153 4
      vertex 146.903 56.6153 0
    endloop
  endfacet
  facet normal -0.97231 -0.233694 0
    outer loop
      vertex 146.903 56.6153 4
      vertex 146.936 56.478 0
      vertex 146.936 56.478 4
    endloop
  endfacet
  facet normal -0.996962 -0.0778877 0
    outer loop
      vertex 146.947 56.3372 0
      vertex 146.936 56.478 4
      vertex 146.936 56.478 0
    endloop
  endfacet
  facet normal -0.996962 -0.0778877 0
    outer loop
      vertex 146.936 56.478 4
      vertex 146.947 56.3372 0
      vertex 146.947 56.3372 4
    endloop
  endfacet
  facet normal -0.996962 0.0778877 0
    outer loop
      vertex 146.936 56.1964 0
      vertex 146.947 56.3372 4
      vertex 146.947 56.3372 0
    endloop
  endfacet
  facet normal -0.996962 0.0778877 0
    outer loop
      vertex 146.947 56.3372 4
      vertex 146.936 56.1964 0
      vertex 146.936 56.1964 4
    endloop
  endfacet
  facet normal -0.97231 0.233694 0
    outer loop
      vertex 146.903 56.0591 0
      vertex 146.936 56.1964 4
      vertex 146.936 56.1964 0
    endloop
  endfacet
  facet normal -0.97231 0.233694 0
    outer loop
      vertex 146.936 56.1964 4
      vertex 146.903 56.0591 0
      vertex 146.903 56.0591 4
    endloop
  endfacet
  facet normal -0.924017 0.382352 0
    outer loop
      vertex 146.849 55.9286 0
      vertex 146.903 56.0591 4
      vertex 146.903 56.0591 0
    endloop
  endfacet
  facet normal -0.924017 0.382352 0
    outer loop
      vertex 146.903 56.0591 4
      vertex 146.849 55.9286 0
      vertex 146.849 55.9286 4
    endloop
  endfacet
  facet normal -0.85195 0.523624 0
    outer loop
      vertex 146.775 55.8082 0
      vertex 146.849 55.9286 4
      vertex 146.849 55.9286 0
    endloop
  endfacet
  facet normal -0.85195 0.523624 0
    outer loop
      vertex 146.849 55.9286 4
      vertex 146.775 55.8082 0
      vertex 146.775 55.8082 4
    endloop
  endfacet
  facet normal -0.759456 0.650558 0
    outer loop
      vertex 146.683 55.7008 0
      vertex 146.775 55.8082 4
      vertex 146.775 55.8082 0
    endloop
  endfacet
  facet normal -0.759456 0.650558 0
    outer loop
      vertex 146.775 55.8082 4
      vertex 146.683 55.7008 0
      vertex 146.683 55.7008 4
    endloop
  endfacet
  facet normal -0.650733 0.759307 0
    outer loop
      vertex 146.683 55.7008 0
      vertex 146.576 55.6091 4
      vertex 146.683 55.7008 4
    endloop
  endfacet
  facet normal -0.650733 0.759307 0
    outer loop
      vertex 146.576 55.6091 4
      vertex 146.683 55.7008 0
      vertex 146.576 55.6091 0
    endloop
  endfacet
  facet normal -0.520708 0.853735 0
    outer loop
      vertex 146.576 55.6091 0
      vertex 146.455 55.5353 4
      vertex 146.576 55.6091 4
    endloop
  endfacet
  facet normal -0.520708 0.853735 0
    outer loop
      vertex 146.455 55.5353 4
      vertex 146.576 55.6091 0
      vertex 146.455 55.5353 0
    endloop
  endfacet
  facet normal -0.384212 0.923245 0
    outer loop
      vertex 146.455 55.5353 0
      vertex 146.325 55.4812 4
      vertex 146.455 55.5353 4
    endloop
  endfacet
  facet normal -0.384212 0.923245 0
    outer loop
      vertex 146.325 55.4812 4
      vertex 146.455 55.5353 0
      vertex 146.325 55.4812 0
    endloop
  endfacet
  facet normal -0.233507 0.972355 0
    outer loop
      vertex 146.325 55.4812 0
      vertex 146.188 55.4483 4
      vertex 146.325 55.4812 4
    endloop
  endfacet
  facet normal -0.233507 0.972355 0
    outer loop
      vertex 146.188 55.4483 4
      vertex 146.325 55.4812 0
      vertex 146.188 55.4483 0
    endloop
  endfacet
  facet normal -0.0784806 0.996916 0
    outer loop
      vertex 146.188 55.4483 0
      vertex 146.047 55.4372 4
      vertex 146.188 55.4483 4
    endloop
  endfacet
  facet normal -0.0784806 0.996916 0
    outer loop
      vertex 146.047 55.4372 4
      vertex 146.188 55.4483 0
      vertex 146.047 55.4372 0
    endloop
  endfacet
  facet normal 0.0784806 0.996916 -0
    outer loop
      vertex 146.047 55.4372 0
      vertex 145.906 55.4483 4
      vertex 146.047 55.4372 4
    endloop
  endfacet
  facet normal 0.0784806 0.996916 0
    outer loop
      vertex 145.906 55.4483 4
      vertex 146.047 55.4372 0
      vertex 145.906 55.4483 0
    endloop
  endfacet
  facet normal 0.233025 0.972471 -0
    outer loop
      vertex 85.906 55.4483 0
      vertex 85.7687 55.4812 4
      vertex 85.906 55.4483 4
    endloop
  endfacet
  facet normal 0.233025 0.972471 0
    outer loop
      vertex 85.7687 55.4812 4
      vertex 85.906 55.4483 0
      vertex 85.7687 55.4812 0
    endloop
  endfacet
  facet normal 0.382956 0.923767 -0
    outer loop
      vertex 85.7687 55.4812 0
      vertex 85.6382 55.5353 4
      vertex 85.7687 55.4812 4
    endloop
  endfacet
  facet normal 0.382956 0.923767 0
    outer loop
      vertex 85.6382 55.5353 4
      vertex 85.7687 55.4812 0
      vertex 85.6382 55.5353 0
    endloop
  endfacet
  facet normal 0.522595 0.852581 -0
    outer loop
      vertex 85.6382 55.5353 0
      vertex 85.5178 55.6091 4
      vertex 85.6382 55.5353 4
    endloop
  endfacet
  facet normal 0.522595 0.852581 0
    outer loop
      vertex 85.5178 55.6091 4
      vertex 85.6382 55.5353 0
      vertex 85.5178 55.6091 0
    endloop
  endfacet
  facet normal 0.649332 0.760505 -0
    outer loop
      vertex 85.5178 55.6091 0
      vertex 85.4104 55.7008 4
      vertex 85.5178 55.6091 4
    endloop
  endfacet
  facet normal 0.649332 0.760505 0
    outer loop
      vertex 85.4104 55.7008 4
      vertex 85.5178 55.6091 0
      vertex 85.4104 55.7008 0
    endloop
  endfacet
  facet normal 0.760505 0.649332 0
    outer loop
      vertex 85.4104 55.7008 4
      vertex 85.3187 55.8082 0
      vertex 85.3187 55.8082 4
    endloop
  endfacet
  facet normal 0.760505 0.649332 0
    outer loop
      vertex 85.3187 55.8082 0
      vertex 85.4104 55.7008 4
      vertex 85.4104 55.7008 0
    endloop
  endfacet
  facet normal 0.852581 0.522595 0
    outer loop
      vertex 85.3187 55.8082 4
      vertex 85.2449 55.9286 0
      vertex 85.2449 55.9286 4
    endloop
  endfacet
  facet normal 0.852581 0.522595 0
    outer loop
      vertex 85.2449 55.9286 0
      vertex 85.3187 55.8082 4
      vertex 85.3187 55.8082 0
    endloop
  endfacet
  facet normal 0.924017 0.382352 0
    outer loop
      vertex 85.2449 55.9286 4
      vertex 85.1909 56.0591 0
      vertex 85.1909 56.0591 4
    endloop
  endfacet
  facet normal 0.924017 0.382352 0
    outer loop
      vertex 85.1909 56.0591 0
      vertex 85.2449 55.9286 4
      vertex 85.2449 55.9286 0
    endloop
  endfacet
  facet normal 0.97231 0.233694 0
    outer loop
      vertex 85.1909 56.0591 4
      vertex 85.1579 56.1964 0
      vertex 85.1579 56.1964 4
    endloop
  endfacet
  facet normal 0.97231 0.233694 0
    outer loop
      vertex 85.1579 56.1964 0
      vertex 85.1909 56.0591 4
      vertex 85.1909 56.0591 0
    endloop
  endfacet
  facet normal 0.996907 0.0785914 0
    outer loop
      vertex 85.1579 56.1964 4
      vertex 85.1468 56.3372 0
      vertex 85.1468 56.3372 4
    endloop
  endfacet
  facet normal 0.996907 0.0785914 0
    outer loop
      vertex 85.1468 56.3372 0
      vertex 85.1579 56.1964 4
      vertex 85.1579 56.1964 0
    endloop
  endfacet
  facet normal 0.996907 -0.0785914 0
    outer loop
      vertex 85.1468 56.3372 4
      vertex 85.1579 56.478 0
      vertex 85.1579 56.478 4
    endloop
  endfacet
  facet normal 0.996907 -0.0785914 0
    outer loop
      vertex 85.1579 56.478 0
      vertex 85.1468 56.3372 4
      vertex 85.1468 56.3372 0
    endloop
  endfacet
  facet normal 0.97231 -0.233694 0
    outer loop
      vertex 85.1579 56.478 4
      vertex 85.1909 56.6153 0
      vertex 85.1909 56.6153 4
    endloop
  endfacet
  facet normal 0.97231 -0.233694 0
    outer loop
      vertex 85.1909 56.6153 0
      vertex 85.1579 56.478 4
      vertex 85.1579 56.478 0
    endloop
  endfacet
  facet normal 0.924017 -0.382352 0
    outer loop
      vertex 85.1909 56.6153 4
      vertex 85.2449 56.7458 0
      vertex 85.2449 56.7458 4
    endloop
  endfacet
  facet normal 0.924017 -0.382352 0
    outer loop
      vertex 85.2449 56.7458 0
      vertex 85.1909 56.6153 4
      vertex 85.1909 56.6153 0
    endloop
  endfacet
  facet normal 0.852581 -0.522595 0
    outer loop
      vertex 85.2449 56.7458 4
      vertex 85.3187 56.8662 0
      vertex 85.3187 56.8662 4
    endloop
  endfacet
  facet normal 0.852581 -0.522595 0
    outer loop
      vertex 85.3187 56.8662 0
      vertex 85.2449 56.7458 4
      vertex 85.2449 56.7458 0
    endloop
  endfacet
  facet normal 0.760505 -0.649332 0
    outer loop
      vertex 85.3187 56.8662 4
      vertex 85.4104 56.9736 0
      vertex 85.4104 56.9736 4
    endloop
  endfacet
  facet normal 0.760505 -0.649332 0
    outer loop
      vertex 85.4104 56.9736 0
      vertex 85.3187 56.8662 4
      vertex 85.3187 56.8662 0
    endloop
  endfacet
  facet normal 0.649332 -0.760505 0
    outer loop
      vertex 85.4104 56.9736 0
      vertex 85.5178 57.0653 4
      vertex 85.4104 56.9736 4
    endloop
  endfacet
  facet normal 0.649332 -0.760505 0
    outer loop
      vertex 85.5178 57.0653 4
      vertex 85.4104 56.9736 0
      vertex 85.5178 57.0653 0
    endloop
  endfacet
  facet normal 0.522595 -0.852581 0
    outer loop
      vertex 85.5178 57.0653 0
      vertex 85.6382 57.1391 4
      vertex 85.5178 57.0653 4
    endloop
  endfacet
  facet normal 0.522595 -0.852581 0
    outer loop
      vertex 85.6382 57.1391 4
      vertex 85.5178 57.0653 0
      vertex 85.6382 57.1391 0
    endloop
  endfacet
  facet normal 0.382352 -0.924017 0
    outer loop
      vertex 85.6382 57.1391 0
      vertex 85.7687 57.1931 4
      vertex 85.6382 57.1391 4
    endloop
  endfacet
  facet normal 0.382352 -0.924017 0
    outer loop
      vertex 85.7687 57.1931 4
      vertex 85.6382 57.1391 0
      vertex 85.7687 57.1931 0
    endloop
  endfacet
  facet normal 0.233694 -0.97231 0
    outer loop
      vertex 85.7687 57.1931 0
      vertex 85.906 57.2261 4
      vertex 85.7687 57.1931 4
    endloop
  endfacet
  facet normal 0.233694 -0.97231 0
    outer loop
      vertex 85.906 57.2261 4
      vertex 85.7687 57.1931 0
      vertex 85.906 57.2261 0
    endloop
  endfacet
  facet normal 0.0785914 -0.996907 0
    outer loop
      vertex 85.906 57.2261 0
      vertex 86.0468 57.2372 4
      vertex 85.906 57.2261 4
    endloop
  endfacet
  facet normal 0.0785914 -0.996907 0
    outer loop
      vertex 86.0468 57.2372 4
      vertex 85.906 57.2261 0
      vertex 86.0468 57.2372 0
    endloop
  endfacet
  facet normal -0.0785914 -0.996907 0
    outer loop
      vertex 86.0468 57.2372 0
      vertex 86.1876 57.2261 4
      vertex 86.0468 57.2372 4
    endloop
  endfacet
  facet normal -0.0785914 -0.996907 -0
    outer loop
      vertex 86.1876 57.2261 4
      vertex 86.0468 57.2372 0
      vertex 86.1876 57.2261 0
    endloop
  endfacet
  facet normal -0.233694 -0.97231 0
    outer loop
      vertex 86.1876 57.2261 0
      vertex 86.3249 57.1931 4
      vertex 86.1876 57.2261 4
    endloop
  endfacet
  facet normal -0.233694 -0.97231 -0
    outer loop
      vertex 86.3249 57.1931 4
      vertex 86.1876 57.2261 0
      vertex 86.3249 57.1931 0
    endloop
  endfacet
  facet normal -0.382352 -0.924017 0
    outer loop
      vertex 86.3249 57.1931 0
      vertex 86.4554 57.1391 4
      vertex 86.3249 57.1931 4
    endloop
  endfacet
  facet normal -0.382352 -0.924017 -0
    outer loop
      vertex 86.4554 57.1391 4
      vertex 86.3249 57.1931 0
      vertex 86.4554 57.1391 0
    endloop
  endfacet
  facet normal -0.522595 -0.852581 0
    outer loop
      vertex 86.4554 57.1391 0
      vertex 86.5758 57.0653 4
      vertex 86.4554 57.1391 4
    endloop
  endfacet
  facet normal -0.522595 -0.852581 -0
    outer loop
      vertex 86.5758 57.0653 4
      vertex 86.4554 57.1391 0
      vertex 86.5758 57.0653 0
    endloop
  endfacet
  facet normal -0.649332 -0.760505 0
    outer loop
      vertex 86.5758 57.0653 0
      vertex 86.6832 56.9736 4
      vertex 86.5758 57.0653 4
    endloop
  endfacet
  facet normal -0.649332 -0.760505 -0
    outer loop
      vertex 86.6832 56.9736 4
      vertex 86.5758 57.0653 0
      vertex 86.6832 56.9736 0
    endloop
  endfacet
  facet normal -0.760505 -0.649332 0
    outer loop
      vertex 86.7749 56.8662 0
      vertex 86.6832 56.9736 4
      vertex 86.6832 56.9736 0
    endloop
  endfacet
  facet normal -0.760505 -0.649332 0
    outer loop
      vertex 86.6832 56.9736 4
      vertex 86.7749 56.8662 0
      vertex 86.7749 56.8662 4
    endloop
  endfacet
  facet normal -0.852581 -0.522595 0
    outer loop
      vertex 86.8487 56.7458 0
      vertex 86.7749 56.8662 4
      vertex 86.7749 56.8662 0
    endloop
  endfacet
  facet normal -0.852581 -0.522595 0
    outer loop
      vertex 86.7749 56.8662 4
      vertex 86.8487 56.7458 0
      vertex 86.8487 56.7458 4
    endloop
  endfacet
  facet normal -0.923767 -0.382956 0
    outer loop
      vertex 86.9028 56.6153 0
      vertex 86.8487 56.7458 4
      vertex 86.8487 56.7458 0
    endloop
  endfacet
  facet normal -0.923767 -0.382956 0
    outer loop
      vertex 86.8487 56.7458 4
      vertex 86.9028 56.6153 0
      vertex 86.9028 56.6153 4
    endloop
  endfacet
  facet normal -0.972471 -0.233025 0
    outer loop
      vertex 86.9357 56.478 0
      vertex 86.9028 56.6153 4
      vertex 86.9028 56.6153 0
    endloop
  endfacet
  facet normal -0.972471 -0.233025 0
    outer loop
      vertex 86.9028 56.6153 4
      vertex 86.9357 56.478 0
      vertex 86.9357 56.478 4
    endloop
  endfacet
  facet normal -0.996907 -0.0785914 0
    outer loop
      vertex 86.9468 56.3372 0
      vertex 86.9357 56.478 4
      vertex 86.9357 56.478 0
    endloop
  endfacet
  facet normal -0.996907 -0.0785914 0
    outer loop
      vertex 86.9357 56.478 4
      vertex 86.9468 56.3372 0
      vertex 86.9468 56.3372 4
    endloop
  endfacet
  facet normal -0.996907 0.0785914 0
    outer loop
      vertex 86.9357 56.1964 0
      vertex 86.9468 56.3372 4
      vertex 86.9468 56.3372 0
    endloop
  endfacet
  facet normal -0.996907 0.0785914 0
    outer loop
      vertex 86.9468 56.3372 4
      vertex 86.9357 56.1964 0
      vertex 86.9357 56.1964 4
    endloop
  endfacet
  facet normal -0.972471 0.233025 0
    outer loop
      vertex 86.9028 56.0591 0
      vertex 86.9357 56.1964 4
      vertex 86.9357 56.1964 0
    endloop
  endfacet
  facet normal -0.972471 0.233025 0
    outer loop
      vertex 86.9357 56.1964 4
      vertex 86.9028 56.0591 0
      vertex 86.9028 56.0591 4
    endloop
  endfacet
  facet normal -0.923767 0.382956 0
    outer loop
      vertex 86.8487 55.9286 0
      vertex 86.9028 56.0591 4
      vertex 86.9028 56.0591 0
    endloop
  endfacet
  facet normal -0.923767 0.382956 0
    outer loop
      vertex 86.9028 56.0591 4
      vertex 86.8487 55.9286 0
      vertex 86.8487 55.9286 4
    endloop
  endfacet
  facet normal -0.852581 0.522595 0
    outer loop
      vertex 86.7749 55.8082 0
      vertex 86.8487 55.9286 4
      vertex 86.8487 55.9286 0
    endloop
  endfacet
  facet normal -0.852581 0.522595 0
    outer loop
      vertex 86.8487 55.9286 4
      vertex 86.7749 55.8082 0
      vertex 86.7749 55.8082 4
    endloop
  endfacet
  facet normal -0.760505 0.649332 0
    outer loop
      vertex 86.6832 55.7008 0
      vertex 86.7749 55.8082 4
      vertex 86.7749 55.8082 0
    endloop
  endfacet
  facet normal -0.760505 0.649332 0
    outer loop
      vertex 86.7749 55.8082 4
      vertex 86.6832 55.7008 0
      vertex 86.6832 55.7008 4
    endloop
  endfacet
  facet normal -0.649332 0.760505 0
    outer loop
      vertex 86.6832 55.7008 0
      vertex 86.5758 55.6091 4
      vertex 86.6832 55.7008 4
    endloop
  endfacet
  facet normal -0.649332 0.760505 0
    outer loop
      vertex 86.5758 55.6091 4
      vertex 86.6832 55.7008 0
      vertex 86.5758 55.6091 0
    endloop
  endfacet
  facet normal -0.522595 0.852581 0
    outer loop
      vertex 86.5758 55.6091 0
      vertex 86.4554 55.5353 4
      vertex 86.5758 55.6091 4
    endloop
  endfacet
  facet normal -0.522595 0.852581 0
    outer loop
      vertex 86.4554 55.5353 4
      vertex 86.5758 55.6091 0
      vertex 86.4554 55.5353 0
    endloop
  endfacet
  facet normal -0.382956 0.923767 0
    outer loop
      vertex 86.4554 55.5353 0
      vertex 86.3249 55.4812 4
      vertex 86.4554 55.5353 4
    endloop
  endfacet
  facet normal -0.382956 0.923767 0
    outer loop
      vertex 86.3249 55.4812 4
      vertex 86.4554 55.5353 0
      vertex 86.3249 55.4812 0
    endloop
  endfacet
  facet normal -0.233025 0.972471 0
    outer loop
      vertex 86.3249 55.4812 0
      vertex 86.1876 55.4483 4
      vertex 86.3249 55.4812 4
    endloop
  endfacet
  facet normal -0.233025 0.972471 0
    outer loop
      vertex 86.1876 55.4483 4
      vertex 86.3249 55.4812 0
      vertex 86.1876 55.4483 0
    endloop
  endfacet
  facet normal -0.0785914 0.996907 0
    outer loop
      vertex 86.1876 55.4483 0
      vertex 86.0468 55.4372 4
      vertex 86.1876 55.4483 4
    endloop
  endfacet
  facet normal -0.0785914 0.996907 0
    outer loop
      vertex 86.0468 55.4372 4
      vertex 86.1876 55.4483 0
      vertex 86.0468 55.4372 0
    endloop
  endfacet
  facet normal 0.0785914 0.996907 -0
    outer loop
      vertex 86.0468 55.4372 0
      vertex 85.906 55.4483 4
      vertex 86.0468 55.4372 4
    endloop
  endfacet
  facet normal 0.0785914 0.996907 0
    outer loop
      vertex 85.906 55.4483 4
      vertex 86.0468 55.4372 0
      vertex 85.906 55.4483 0
    endloop
  endfacet
  facet normal 0 -1 0
    outer loop
      vertex 46.0668 52 0
      vertex 79.8226 52 4
      vertex 46.0668 52 4
    endloop
  endfacet
  facet normal 0 -1 -0
    outer loop
      vertex 79.8226 52 4
      vertex 46.0668 52 0
      vertex 79.8226 52 0
    endloop
  endfacet
  facet normal -0.988593 0.150612 0
    outer loop
      vertex 78.2062 41.3902 0
      vertex 79.8226 52 4
      vertex 79.8226 52 0
    endloop
  endfacet
  facet normal -0.988593 0.150612 0
    outer loop
      vertex 79.8226 52 4
      vertex 78.2062 41.3902 0
      vertex 78.2062 41.3902 4
    endloop
  endfacet
  facet normal 0.313479 0.949595 -0
    outer loop
      vertex 78.2062 41.3902 0
      vertex 46.0668 52 4
      vertex 78.2062 41.3902 4
    endloop
  endfacet
  facet normal 0.313479 0.949595 0
    outer loop
      vertex 46.0668 52 4
      vertex 78.2062 41.3902 0
      vertex 46.0668 52 0
    endloop
  endfacet
  facet normal 0.233391 0.972383 -0
    outer loop
      vertex 89.5737 27.3086 0
      vertex 89.1579 27.4084 4
      vertex 89.5737 27.3086 4
    endloop
  endfacet
  facet normal 0.233391 0.972383 0
    outer loop
      vertex 89.1579 27.4084 4
      vertex 89.5737 27.3086 0
      vertex 89.1579 27.4084 0
    endloop
  endfacet
  facet normal 0.382655 0.923891 -0
    outer loop
      vertex 89.1579 27.4084 0
      vertex 88.7629 27.572 4
      vertex 89.1579 27.4084 4
    endloop
  endfacet
  facet normal 0.382655 0.923891 0
    outer loop
      vertex 88.7629 27.572 4
      vertex 89.1579 27.4084 0
      vertex 88.7629 27.572 0
    endloop
  endfacet
  facet normal 0.522452 0.852668 -0
    outer loop
      vertex 88.7629 27.572 0
      vertex 88.3983 27.7954 4
      vertex 88.7629 27.572 4
    endloop
  endfacet
  facet normal 0.522452 0.852668 0
    outer loop
      vertex 88.3983 27.7954 4
      vertex 88.7629 27.572 0
      vertex 88.3983 27.7954 0
    endloop
  endfacet
  facet normal 0.649384 0.76046 -0
    outer loop
      vertex 88.3983 27.7954 0
      vertex 88.0731 28.0731 4
      vertex 88.3983 27.7954 4
    endloop
  endfacet
  facet normal 0.649384 0.76046 0
    outer loop
      vertex 88.0731 28.0731 4
      vertex 88.3983 27.7954 0
      vertex 88.0731 28.0731 0
    endloop
  endfacet
  facet normal 0.76046 0.649384 0
    outer loop
      vertex 88.0731 28.0731 4
      vertex 87.7954 28.3983 0
      vertex 87.7954 28.3983 4
    endloop
  endfacet
  facet normal 0.76046 0.649384 0
    outer loop
      vertex 87.7954 28.3983 0
      vertex 88.0731 28.0731 4
      vertex 88.0731 28.0731 0
    endloop
  endfacet
  facet normal 0.852668 0.522452 0
    outer loop
      vertex 87.7954 28.3983 4
      vertex 87.572 28.7629 0
      vertex 87.572 28.7629 4
    endloop
  endfacet
  facet normal 0.852668 0.522452 0
    outer loop
      vertex 87.572 28.7629 0
      vertex 87.7954 28.3983 4
      vertex 87.7954 28.3983 0
    endloop
  endfacet
  facet normal 0.923891 0.382655 0
    outer loop
      vertex 87.572 28.7629 4
      vertex 87.4084 29.1579 0
      vertex 87.4084 29.1579 4
    endloop
  endfacet
  facet normal 0.923891 0.382655 0
    outer loop
      vertex 87.4084 29.1579 0
      vertex 87.572 28.7629 4
      vertex 87.572 28.7629 0
    endloop
  endfacet
  facet normal 0.972383 0.233391 0
    outer loop
      vertex 87.4084 29.1579 4
      vertex 87.3086 29.5737 0
      vertex 87.3086 29.5737 4
    endloop
  endfacet
  facet normal 0.972383 0.233391 0
    outer loop
      vertex 87.3086 29.5737 0
      vertex 87.4084 29.1579 4
      vertex 87.4084 29.1579 0
    endloop
  endfacet
  facet normal 0.996908 0.0785741 0
    outer loop
      vertex 87.3086 29.5737 4
      vertex 87.275 30 0
      vertex 87.275 30 4
    endloop
  endfacet
  facet normal 0.996908 0.0785741 0
    outer loop
      vertex 87.275 30 0
      vertex 87.3086 29.5737 4
      vertex 87.3086 29.5737 0
    endloop
  endfacet
  facet normal 0.996908 -0.0785741 0
    outer loop
      vertex 87.275 30 4
      vertex 87.3086 30.4263 0
      vertex 87.3086 30.4263 4
    endloop
  endfacet
  facet normal 0.996908 -0.0785741 0
    outer loop
      vertex 87.3086 30.4263 0
      vertex 87.275 30 4
      vertex 87.275 30 0
    endloop
  endfacet
  facet normal 0.972383 -0.233391 0
    outer loop
      vertex 87.3086 30.4263 4
      vertex 87.4084 30.8421 0
      vertex 87.4084 30.8421 4
    endloop
  endfacet
  facet normal 0.972383 -0.233391 0
    outer loop
      vertex 87.4084 30.8421 0
      vertex 87.3086 30.4263 4
      vertex 87.3086 30.4263 0
    endloop
  endfacet
  facet normal 0.923891 -0.382655 0
    outer loop
      vertex 87.4084 30.8421 4
      vertex 87.572 31.2371 0
      vertex 87.572 31.2371 4
    endloop
  endfacet
  facet normal 0.923891 -0.382655 0
    outer loop
      vertex 87.572 31.2371 0
      vertex 87.4084 30.8421 4
      vertex 87.4084 30.8421 0
    endloop
  endfacet
  facet normal 0.852668 -0.522452 0
    outer loop
      vertex 87.572 31.2371 4
      vertex 87.7954 31.6017 0
      vertex 87.7954 31.6017 4
    endloop
  endfacet
  facet normal 0.852668 -0.522452 0
    outer loop
      vertex 87.7954 31.6017 0
      vertex 87.572 31.2371 4
      vertex 87.572 31.2371 0
    endloop
  endfacet
  facet normal 0.76046 -0.649384 0
    outer loop
      vertex 87.7954 31.6017 4
      vertex 88.0731 31.9269 0
      vertex 88.0731 31.9269 4
    endloop
  endfacet
  facet normal 0.76046 -0.649384 0
    outer loop
      vertex 88.0731 31.9269 0
      vertex 87.7954 31.6017 4
      vertex 87.7954 31.6017 0
    endloop
  endfacet
  facet normal 0.649384 -0.76046 0
    outer loop
      vertex 88.0731 31.9269 0
      vertex 88.3983 32.2046 4
      vertex 88.0731 31.9269 4
    endloop
  endfacet
  facet normal 0.649384 -0.76046 0
    outer loop
      vertex 88.3983 32.2046 4
      vertex 88.0731 31.9269 0
      vertex 88.3983 32.2046 0
    endloop
  endfacet
  facet normal 0.522452 -0.852668 0
    outer loop
      vertex 88.3983 32.2046 0
      vertex 88.7629 32.428 4
      vertex 88.3983 32.2046 4
    endloop
  endfacet
  facet normal 0.522452 -0.852668 0
    outer loop
      vertex 88.7629 32.428 4
      vertex 88.3983 32.2046 0
      vertex 88.7629 32.428 0
    endloop
  endfacet
  facet normal 0.382655 -0.923891 0
    outer loop
      vertex 88.7629 32.428 0
      vertex 89.1579 32.5916 4
      vertex 88.7629 32.428 4
    endloop
  endfacet
  facet normal 0.382655 -0.923891 0
    outer loop
      vertex 89.1579 32.5916 4
      vertex 88.7629 32.428 0
      vertex 89.1579 32.5916 0
    endloop
  endfacet
  facet normal 0.233391 -0.972383 0
    outer loop
      vertex 89.1579 32.5916 0
      vertex 89.5737 32.6914 4
      vertex 89.1579 32.5916 4
    endloop
  endfacet
  facet normal 0.233391 -0.972383 0
    outer loop
      vertex 89.5737 32.6914 4
      vertex 89.1579 32.5916 0
      vertex 89.5737 32.6914 0
    endloop
  endfacet
  facet normal 0.0785741 -0.996908 0
    outer loop
      vertex 89.5737 32.6914 0
      vertex 90 32.725 4
      vertex 89.5737 32.6914 4
    endloop
  endfacet
  facet normal 0.0785741 -0.996908 0
    outer loop
      vertex 90 32.725 4
      vertex 89.5737 32.6914 0
      vertex 90 32.725 0
    endloop
  endfacet
  facet normal -0.0785741 -0.996908 0
    outer loop
      vertex 90 32.725 0
      vertex 90.4263 32.6914 4
      vertex 90 32.725 4
    endloop
  endfacet
  facet normal -0.0785741 -0.996908 -0
    outer loop
      vertex 90.4263 32.6914 4
      vertex 90 32.725 0
      vertex 90.4263 32.6914 0
    endloop
  endfacet
  facet normal -0.233391 -0.972383 0
    outer loop
      vertex 90.4263 32.6914 0
      vertex 90.8421 32.5916 4
      vertex 90.4263 32.6914 4
    endloop
  endfacet
  facet normal -0.233391 -0.972383 -0
    outer loop
      vertex 90.8421 32.5916 4
      vertex 90.4263 32.6914 0
      vertex 90.8421 32.5916 0
    endloop
  endfacet
  facet normal -0.382655 -0.923891 0
    outer loop
      vertex 90.8421 32.5916 0
      vertex 91.2371 32.428 4
      vertex 90.8421 32.5916 4
    endloop
  endfacet
  facet normal -0.382655 -0.923891 -0
    outer loop
      vertex 91.2371 32.428 4
      vertex 90.8421 32.5916 0
      vertex 91.2371 32.428 0
    endloop
  endfacet
  facet normal -0.522452 -0.852668 0
    outer loop
      vertex 91.2371 32.428 0
      vertex 91.6017 32.2046 4
      vertex 91.2371 32.428 4
    endloop
  endfacet
  facet normal -0.522452 -0.852668 -0
    outer loop
      vertex 91.6017 32.2046 4
      vertex 91.2371 32.428 0
      vertex 91.6017 32.2046 0
    endloop
  endfacet
  facet normal -0.649384 -0.76046 0
    outer loop
      vertex 91.6017 32.2046 0
      vertex 91.9269 31.9269 4
      vertex 91.6017 32.2046 4
    endloop
  endfacet
  facet normal -0.649384 -0.76046 -0
    outer loop
      vertex 91.9269 31.9269 4
      vertex 91.6017 32.2046 0
      vertex 91.9269 31.9269 0
    endloop
  endfacet
  facet normal -0.76046 -0.649384 0
    outer loop
      vertex 92.2046 31.6017 0
      vertex 91.9269 31.9269 4
      vertex 91.9269 31.9269 0
    endloop
  endfacet
  facet normal -0.76046 -0.649384 0
    outer loop
      vertex 91.9269 31.9269 4
      vertex 92.2046 31.6017 0
      vertex 92.2046 31.6017 4
    endloop
  endfacet
  facet normal -0.852668 -0.522452 0
    outer loop
      vertex 92.428 31.2371 0
      vertex 92.2046 31.6017 4
      vertex 92.2046 31.6017 0
    endloop
  endfacet
  facet normal -0.852668 -0.522452 0
    outer loop
      vertex 92.2046 31.6017 4
      vertex 92.428 31.2371 0
      vertex 92.428 31.2371 4
    endloop
  endfacet
  facet normal -0.923891 -0.382655 0
    outer loop
      vertex 92.5916 30.8421 0
      vertex 92.428 31.2371 4
      vertex 92.428 31.2371 0
    endloop
  endfacet
  facet normal -0.923891 -0.382655 0
    outer loop
      vertex 92.428 31.2371 4
      vertex 92.5916 30.8421 0
      vertex 92.5916 30.8421 4
    endloop
  endfacet
  facet normal -0.97233 -0.233612 0
    outer loop
      vertex 92.6915 30.4263 0
      vertex 92.5916 30.8421 4
      vertex 92.5916 30.8421 0
    endloop
  endfacet
  facet normal -0.97233 -0.233612 0
    outer loop
      vertex 92.5916 30.8421 4
      vertex 92.6915 30.4263 0
      vertex 92.6915 30.4263 4
    endloop
  endfacet
  facet normal -0.996927 -0.0783416 0
    outer loop
      vertex 92.725 30 0
      vertex 92.6915 30.4263 4
      vertex 92.6915 30.4263 0
    endloop
  endfacet
  facet normal -0.996927 -0.0783416 0
    outer loop
      vertex 92.6915 30.4263 4
      vertex 92.725 30 0
      vertex 92.725 30 4
    endloop
  endfacet
  facet normal -0.996927 0.0783416 0
    outer loop
      vertex 92.6915 29.5737 0
      vertex 92.725 30 4
      vertex 92.725 30 0
    endloop
  endfacet
  facet normal -0.996927 0.0783416 0
    outer loop
      vertex 92.725 30 4
      vertex 92.6915 29.5737 0
      vertex 92.6915 29.5737 4
    endloop
  endfacet
  facet normal -0.97233 0.233612 0
    outer loop
      vertex 92.5916 29.1579 0
      vertex 92.6915 29.5737 4
      vertex 92.6915 29.5737 0
    endloop
  endfacet
  facet normal -0.97233 0.233612 0
    outer loop
      vertex 92.6915 29.5737 4
      vertex 92.5916 29.1579 0
      vertex 92.5916 29.1579 4
    endloop
  endfacet
  facet normal -0.923891 0.382655 0
    outer loop
      vertex 92.428 28.7629 0
      vertex 92.5916 29.1579 4
      vertex 92.5916 29.1579 0
    endloop
  endfacet
  facet normal -0.923891 0.382655 0
    outer loop
      vertex 92.5916 29.1579 4
      vertex 92.428 28.7629 0
      vertex 92.428 28.7629 4
    endloop
  endfacet
  facet normal -0.852668 0.522452 0
    outer loop
      vertex 92.2046 28.3983 0
      vertex 92.428 28.7629 4
      vertex 92.428 28.7629 0
    endloop
  endfacet
  facet normal -0.852668 0.522452 0
    outer loop
      vertex 92.428 28.7629 4
      vertex 92.2046 28.3983 0
      vertex 92.2046 28.3983 4
    endloop
  endfacet
  facet normal -0.76046 0.649384 0
    outer loop
      vertex 91.9269 28.0731 0
      vertex 92.2046 28.3983 4
      vertex 92.2046 28.3983 0
    endloop
  endfacet
  facet normal -0.76046 0.649384 0
    outer loop
      vertex 92.2046 28.3983 4
      vertex 91.9269 28.0731 0
      vertex 91.9269 28.0731 4
    endloop
  endfacet
  facet normal -0.649384 0.76046 0
    outer loop
      vertex 91.9269 28.0731 0
      vertex 91.6017 27.7954 4
      vertex 91.9269 28.0731 4
    endloop
  endfacet
  facet normal -0.649384 0.76046 0
    outer loop
      vertex 91.6017 27.7954 4
      vertex 91.9269 28.0731 0
      vertex 91.6017 27.7954 0
    endloop
  endfacet
  facet normal -0.522452 0.852668 0
    outer loop
      vertex 91.6017 27.7954 0
      vertex 91.2371 27.572 4
      vertex 91.6017 27.7954 4
    endloop
  endfacet
  facet normal -0.522452 0.852668 0
    outer loop
      vertex 91.2371 27.572 4
      vertex 91.6017 27.7954 0
      vertex 91.2371 27.572 0
    endloop
  endfacet
  facet normal -0.382655 0.923891 0
    outer loop
      vertex 91.2371 27.572 0
      vertex 90.8421 27.4084 4
      vertex 91.2371 27.572 4
    endloop
  endfacet
  facet normal -0.382655 0.923891 0
    outer loop
      vertex 90.8421 27.4084 4
      vertex 91.2371 27.572 0
      vertex 90.8421 27.4084 0
    endloop
  endfacet
  facet normal -0.233391 0.972383 0
    outer loop
      vertex 90.8421 27.4084 0
      vertex 90.4263 27.3086 4
      vertex 90.8421 27.4084 4
    endloop
  endfacet
  facet normal -0.233391 0.972383 0
    outer loop
      vertex 90.4263 27.3086 4
      vertex 90.8421 27.4084 0
      vertex 90.4263 27.3086 0
    endloop
  endfacet
  facet normal -0.0785741 0.996908 0
    outer loop
      vertex 90.4263 27.3086 0
      vertex 90 27.275 4
      vertex 90.4263 27.3086 4
    endloop
  endfacet
  facet normal -0.0785741 0.996908 0
    outer loop
      vertex 90 27.275 4
      vertex 90.4263 27.3086 0
      vertex 90 27.275 0
    endloop
  endfacet
  facet normal 0.0785741 0.996908 -0
    outer loop
      vertex 90 27.275 0
      vertex 89.5737 27.3086 4
      vertex 90 27.275 4
    endloop
  endfacet
  facet normal 0.0785741 0.996908 0
    outer loop
      vertex 89.5737 27.3086 4
      vertex 90 27.275 0
      vertex 89.5737 27.3086 0
    endloop
  endfacet
  facet normal 0.233285 0.972409 -0
    outer loop
      vertex 149.574 27.3086 0
      vertex 149.158 27.4084 4
      vertex 149.574 27.3086 4
    endloop
  endfacet
  facet normal 0.233285 0.972409 0
    outer loop
      vertex 149.158 27.4084 4
      vertex 149.574 27.3086 0
      vertex 149.158 27.4084 0
    endloop
  endfacet
  facet normal 0.382655 0.923891 -0
    outer loop
      vertex 149.158 27.4084 0
      vertex 148.763 27.572 4
      vertex 149.158 27.4084 4
    endloop
  endfacet
  facet normal 0.382655 0.923891 0
    outer loop
      vertex 148.763 27.572 4
      vertex 149.158 27.4084 0
      vertex 148.763 27.572 0
    endloop
  endfacet
  facet normal 0.522036 0.852924 -0
    outer loop
      vertex 148.763 27.572 0
      vertex 148.398 27.7954 4
      vertex 148.763 27.572 4
    endloop
  endfacet
  facet normal 0.522036 0.852924 0
    outer loop
      vertex 148.398 27.7954 4
      vertex 148.763 27.572 0
      vertex 148.398 27.7954 0
    endloop
  endfacet
  facet normal 0.649615 0.760263 -0
    outer loop
      vertex 148.398 27.7954 0
      vertex 148.073 28.0731 4
      vertex 148.398 27.7954 4
    endloop
  endfacet
  facet normal 0.649615 0.760263 0
    outer loop
      vertex 148.073 28.0731 4
      vertex 148.398 27.7954 0
      vertex 148.073 28.0731 0
    endloop
  endfacet
  facet normal 0.760114 0.64979 0
    outer loop
      vertex 148.073 28.0731 4
      vertex 147.795 28.3983 0
      vertex 147.795 28.3983 4
    endloop
  endfacet
  facet normal 0.760114 0.64979 0
    outer loop
      vertex 147.795 28.3983 0
      vertex 148.073 28.0731 4
      vertex 148.073 28.0731 0
    endloop
  endfacet
  facet normal 0.853085 0.521772 0
    outer loop
      vertex 147.795 28.3983 4
      vertex 147.572 28.7629 0
      vertex 147.572 28.7629 4
    endloop
  endfacet
  facet normal 0.853085 0.521772 0
    outer loop
      vertex 147.572 28.7629 0
      vertex 147.795 28.3983 4
      vertex 147.795 28.3983 0
    endloop
  endfacet
  facet normal 0.92356 0.383453 0
    outer loop
      vertex 147.572 28.7629 4
      vertex 147.408 29.1579 0
      vertex 147.408 29.1579 4
    endloop
  endfacet
  facet normal 0.92356 0.383453 0
    outer loop
      vertex 147.408 29.1579 0
      vertex 147.572 28.7629 4
      vertex 147.572 28.7629 0
    endloop
  endfacet
  facet normal 0.972806 0.231621 0
    outer loop
      vertex 147.408 29.1579 4
      vertex 147.309 29.5737 0
      vertex 147.309 29.5737 4
    endloop
  endfacet
  facet normal 0.972806 0.231621 0
    outer loop
      vertex 147.309 29.5737 0
      vertex 147.408 29.1579 4
      vertex 147.408 29.1579 0
    endloop
  endfacet
  facet normal 0.996835 0.0795036 0
    outer loop
      vertex 147.309 29.5737 4
      vertex 147.275 30 0
      vertex 147.275 30 4
    endloop
  endfacet
  facet normal 0.996835 0.0795036 0
    outer loop
      vertex 147.275 30 0
      vertex 147.309 29.5737 4
      vertex 147.309 29.5737 0
    endloop
  endfacet
  facet normal 0.996835 -0.0795036 0
    outer loop
      vertex 147.275 30 4
      vertex 147.309 30.4263 0
      vertex 147.309 30.4263 4
    endloop
  endfacet
  facet normal 0.996835 -0.0795036 0
    outer loop
      vertex 147.309 30.4263 0
      vertex 147.275 30 4
      vertex 147.275 30 0
    endloop
  endfacet
  facet normal 0.972806 -0.231621 0
    outer loop
      vertex 147.309 30.4263 4
      vertex 147.408 30.8421 0
      vertex 147.408 30.8421 4
    endloop
  endfacet
  facet normal 0.972806 -0.231621 0
    outer loop
      vertex 147.408 30.8421 0
      vertex 147.309 30.4263 4
      vertex 147.309 30.4263 0
    endloop
  endfacet
  facet normal 0.92356 -0.383453 0
    outer loop
      vertex 147.408 30.8421 4
      vertex 147.572 31.2371 0
      vertex 147.572 31.2371 4
    endloop
  endfacet
  facet normal 0.92356 -0.383453 0
    outer loop
      vertex 147.572 31.2371 0
      vertex 147.408 30.8421 4
      vertex 147.408 30.8421 0
    endloop
  endfacet
  facet normal 0.853085 -0.521772 0
    outer loop
      vertex 147.572 31.2371 4
      vertex 147.795 31.6017 0
      vertex 147.795 31.6017 4
    endloop
  endfacet
  facet normal 0.853085 -0.521772 0
    outer loop
      vertex 147.795 31.6017 0
      vertex 147.572 31.2371 4
      vertex 147.572 31.2371 0
    endloop
  endfacet
  facet normal 0.760114 -0.64979 0
    outer loop
      vertex 147.795 31.6017 4
      vertex 148.073 31.9269 0
      vertex 148.073 31.9269 4
    endloop
  endfacet
  facet normal 0.760114 -0.64979 0
    outer loop
      vertex 148.073 31.9269 0
      vertex 147.795 31.6017 4
      vertex 147.795 31.6017 0
    endloop
  endfacet
  facet normal 0.649615 -0.760263 0
    outer loop
      vertex 148.073 31.9269 0
      vertex 148.398 32.2046 4
      vertex 148.073 31.9269 4
    endloop
  endfacet
  facet normal 0.649615 -0.760263 0
    outer loop
      vertex 148.398 32.2046 4
      vertex 148.073 31.9269 0
      vertex 148.398 32.2046 0
    endloop
  endfacet
  facet normal 0.522036 -0.852924 0
    outer loop
      vertex 148.398 32.2046 0
      vertex 148.763 32.428 4
      vertex 148.398 32.2046 4
    endloop
  endfacet
  facet normal 0.522036 -0.852924 0
    outer loop
      vertex 148.763 32.428 4
      vertex 148.398 32.2046 0
      vertex 148.763 32.428 0
    endloop
  endfacet
  facet normal 0.382655 -0.923891 0
    outer loop
      vertex 148.763 32.428 0
      vertex 149.158 32.5916 4
      vertex 148.763 32.428 4
    endloop
  endfacet
  facet normal 0.382655 -0.923891 0
    outer loop
      vertex 149.158 32.5916 4
      vertex 148.763 32.428 0
      vertex 149.158 32.5916 0
    endloop
  endfacet
  facet normal 0.233285 -0.972409 0
    outer loop
      vertex 149.158 32.5916 0
      vertex 149.574 32.6914 4
      vertex 149.158 32.5916 4
    endloop
  endfacet
  facet normal 0.233285 -0.972409 0
    outer loop
      vertex 149.574 32.6914 4
      vertex 149.158 32.5916 0
      vertex 149.574 32.6914 0
    endloop
  endfacet
  facet normal 0.078629 -0.996904 0
    outer loop
      vertex 149.574 32.6914 0
      vertex 150 32.725 4
      vertex 149.574 32.6914 4
    endloop
  endfacet
  facet normal 0.078629 -0.996904 0
    outer loop
      vertex 150 32.725 4
      vertex 149.574 32.6914 0
      vertex 150 32.725 0
    endloop
  endfacet
  facet normal -0.078629 -0.996904 0
    outer loop
      vertex 150 32.725 0
      vertex 150.426 32.6914 4
      vertex 150 32.725 4
    endloop
  endfacet
  facet normal -0.078629 -0.996904 -0
    outer loop
      vertex 150.426 32.6914 4
      vertex 150 32.725 0
      vertex 150.426 32.6914 0
    endloop
  endfacet
  facet normal -0.233285 -0.972409 0
    outer loop
      vertex 150.426 32.6914 0
      vertex 150.842 32.5916 4
      vertex 150.426 32.6914 4
    endloop
  endfacet
  facet normal -0.233285 -0.972409 -0
    outer loop
      vertex 150.842 32.5916 4
      vertex 150.426 32.6914 0
      vertex 150.842 32.5916 0
    endloop
  endfacet
  facet normal -0.382655 -0.923891 0
    outer loop
      vertex 150.842 32.5916 0
      vertex 151.237 32.428 4
      vertex 150.842 32.5916 4
    endloop
  endfacet
  facet normal -0.382655 -0.923891 -0
    outer loop
      vertex 151.237 32.428 4
      vertex 150.842 32.5916 0
      vertex 151.237 32.428 0
    endloop
  endfacet
  facet normal -0.522036 -0.852924 0
    outer loop
      vertex 151.237 32.428 0
      vertex 151.602 32.2046 4
      vertex 151.237 32.428 4
    endloop
  endfacet
  facet normal -0.522036 -0.852924 -0
    outer loop
      vertex 151.602 32.2046 4
      vertex 151.237 32.428 0
      vertex 151.602 32.2046 0
    endloop
  endfacet
  facet normal -0.649615 -0.760263 0
    outer loop
      vertex 151.602 32.2046 0
      vertex 151.927 31.9269 4
      vertex 151.602 32.2046 4
    endloop
  endfacet
  facet normal -0.649615 -0.760263 -0
    outer loop
      vertex 151.927 31.9269 4
      vertex 151.602 32.2046 0
      vertex 151.927 31.9269 0
    endloop
  endfacet
  facet normal -0.760114 -0.64979 0
    outer loop
      vertex 152.205 31.6017 0
      vertex 151.927 31.9269 4
      vertex 151.927 31.9269 0
    endloop
  endfacet
  facet normal -0.760114 -0.64979 0
    outer loop
      vertex 151.927 31.9269 4
      vertex 152.205 31.6017 0
      vertex 152.205 31.6017 4
    endloop
  endfacet
  facet normal -0.853085 -0.521772 0
    outer loop
      vertex 152.428 31.2371 0
      vertex 152.205 31.6017 4
      vertex 152.205 31.6017 0
    endloop
  endfacet
  facet normal -0.853085 -0.521772 0
    outer loop
      vertex 152.205 31.6017 4
      vertex 152.428 31.2371 0
      vertex 152.428 31.2371 4
    endloop
  endfacet
  facet normal -0.92356 -0.383453 0
    outer loop
      vertex 152.592 30.8421 0
      vertex 152.428 31.2371 4
      vertex 152.428 31.2371 0
    endloop
  endfacet
  facet normal -0.92356 -0.383453 0
    outer loop
      vertex 152.428 31.2371 4
      vertex 152.592 30.8421 0
      vertex 152.592 30.8421 4
    endloop
  endfacet
  facet normal -0.972806 -0.231621 0
    outer loop
      vertex 152.691 30.4263 0
      vertex 152.592 30.8421 4
      vertex 152.592 30.8421 0
    endloop
  endfacet
  facet normal -0.972806 -0.231621 0
    outer loop
      vertex 152.592 30.8421 4
      vertex 152.691 30.4263 0
      vertex 152.691 30.4263 4
    endloop
  endfacet
  facet normal -0.996835 -0.0795036 0
    outer loop
      vertex 152.725 30 0
      vertex 152.691 30.4263 4
      vertex 152.691 30.4263 0
    endloop
  endfacet
  facet normal -0.996835 -0.0795036 0
    outer loop
      vertex 152.691 30.4263 4
      vertex 152.725 30 0
      vertex 152.725 30 4
    endloop
  endfacet
  facet normal -0.996835 0.0795036 0
    outer loop
      vertex 152.691 29.5737 0
      vertex 152.725 30 4
      vertex 152.725 30 0
    endloop
  endfacet
  facet normal -0.996835 0.0795036 0
    outer loop
      vertex 152.725 30 4
      vertex 152.691 29.5737 0
      vertex 152.691 29.5737 4
    endloop
  endfacet
  facet normal -0.972806 0.231621 0
    outer loop
      vertex 152.592 29.1579 0
      vertex 152.691 29.5737 4
      vertex 152.691 29.5737 0
    endloop
  endfacet
  facet normal -0.972806 0.231621 0
    outer loop
      vertex 152.691 29.5737 4
      vertex 152.592 29.1579 0
      vertex 152.592 29.1579 4
    endloop
  endfacet
  facet normal -0.92356 0.383453 0
    outer loop
      vertex 152.428 28.7629 0
      vertex 152.592 29.1579 4
      vertex 152.592 29.1579 0
    endloop
  endfacet
  facet normal -0.92356 0.383453 0
    outer loop
      vertex 152.592 29.1579 4
      vertex 152.428 28.7629 0
      vertex 152.428 28.7629 4
    endloop
  endfacet
  facet normal -0.853085 0.521772 0
    outer loop
      vertex 152.205 28.3983 0
      vertex 152.428 28.7629 4
      vertex 152.428 28.7629 0
    endloop
  endfacet
  facet normal -0.853085 0.521772 0
    outer loop
      vertex 152.428 28.7629 4
      vertex 152.205 28.3983 0
      vertex 152.205 28.3983 4
    endloop
  endfacet
  facet normal -0.760114 0.64979 0
    outer loop
      vertex 151.927 28.0731 0
      vertex 152.205 28.3983 4
      vertex 152.205 28.3983 0
    endloop
  endfacet
  facet normal -0.760114 0.64979 0
    outer loop
      vertex 152.205 28.3983 4
      vertex 151.927 28.0731 0
      vertex 151.927 28.0731 4
    endloop
  endfacet
  facet normal -0.649615 0.760263 0
    outer loop
      vertex 151.927 28.0731 0
      vertex 151.602 27.7954 4
      vertex 151.927 28.0731 4
    endloop
  endfacet
  facet normal -0.649615 0.760263 0
    outer loop
      vertex 151.602 27.7954 4
      vertex 151.927 28.0731 0
      vertex 151.602 27.7954 0
    endloop
  endfacet
  facet normal -0.522036 0.852924 0
    outer loop
      vertex 151.602 27.7954 0
      vertex 151.237 27.572 4
      vertex 151.602 27.7954 4
    endloop
  endfacet
  facet normal -0.522036 0.852924 0
    outer loop
      vertex 151.237 27.572 4
      vertex 151.602 27.7954 0
      vertex 151.237 27.572 0
    endloop
  endfacet
  facet normal -0.382655 0.923891 0
    outer loop
      vertex 151.237 27.572 0
      vertex 150.842 27.4084 4
      vertex 151.237 27.572 4
    endloop
  endfacet
  facet normal -0.382655 0.923891 0
    outer loop
      vertex 150.842 27.4084 4
      vertex 151.237 27.572 0
      vertex 150.842 27.4084 0
    endloop
  endfacet
  facet normal -0.233285 0.972409 0
    outer loop
      vertex 150.842 27.4084 0
      vertex 150.426 27.3086 4
      vertex 150.842 27.4084 4
    endloop
  endfacet
  facet normal -0.233285 0.972409 0
    outer loop
      vertex 150.426 27.3086 4
      vertex 150.842 27.4084 0
      vertex 150.426 27.3086 0
    endloop
  endfacet
  facet normal -0.078629 0.996904 0
    outer loop
      vertex 150.426 27.3086 0
      vertex 150 27.275 4
      vertex 150.426 27.3086 4
    endloop
  endfacet
  facet normal -0.078629 0.996904 0
    outer loop
      vertex 150 27.275 4
      vertex 150.426 27.3086 0
      vertex 150 27.275 0
    endloop
  endfacet
  facet normal 0.078629 0.996904 -0
    outer loop
      vertex 150 27.275 0
      vertex 149.574 27.3086 4
      vertex 150 27.275 4
    endloop
  endfacet
  facet normal 0.078629 0.996904 0
    outer loop
      vertex 149.574 27.3086 4
      vertex 150 27.275 0
      vertex 149.574 27.3086 0
    endloop
  endfacet
  facet normal 0.233285 0.972409 -0
    outer loop
      vertex 209.574 27.3086 0
      vertex 209.158 27.4084 4
      vertex 209.574 27.3086 4
    endloop
  endfacet
  facet normal 0.233285 0.972409 0
    outer loop
      vertex 209.158 27.4084 4
      vertex 209.574 27.3086 0
      vertex 209.158 27.4084 0
    endloop
  endfacet
  facet normal 0.382655 0.923891 -0
    outer loop
      vertex 209.158 27.4084 0
      vertex 208.763 27.572 4
      vertex 209.158 27.4084 4
    endloop
  endfacet
  facet normal 0.382655 0.923891 0
    outer loop
      vertex 208.763 27.572 4
      vertex 209.158 27.4084 0
      vertex 208.763 27.572 0
    endloop
  endfacet
  facet normal 0.522036 0.852924 -0
    outer loop
      vertex 208.763 27.572 0
      vertex 208.398 27.7954 4
      vertex 208.763 27.572 4
    endloop
  endfacet
  facet normal 0.522036 0.852924 0
    outer loop
      vertex 208.398 27.7954 4
      vertex 208.763 27.572 0
      vertex 208.398 27.7954 0
    endloop
  endfacet
  facet normal 0.649615 0.760263 -0
    outer loop
      vertex 208.398 27.7954 0
      vertex 208.073 28.0731 4
      vertex 208.398 27.7954 4
    endloop
  endfacet
  facet normal 0.649615 0.760263 0
    outer loop
      vertex 208.073 28.0731 4
      vertex 208.398 27.7954 0
      vertex 208.073 28.0731 0
    endloop
  endfacet
  facet normal 0.760114 0.64979 0
    outer loop
      vertex 208.073 28.0731 4
      vertex 207.795 28.3983 0
      vertex 207.795 28.3983 4
    endloop
  endfacet
  facet normal 0.760114 0.64979 0
    outer loop
      vertex 207.795 28.3983 0
      vertex 208.073 28.0731 4
      vertex 208.073 28.0731 0
    endloop
  endfacet
  facet normal 0.853085 0.521772 0
    outer loop
      vertex 207.795 28.3983 4
      vertex 207.572 28.7629 0
      vertex 207.572 28.7629 4
    endloop
  endfacet
  facet normal 0.853085 0.521772 0
    outer loop
      vertex 207.572 28.7629 0
      vertex 207.795 28.3983 4
      vertex 207.795 28.3983 0
    endloop
  endfacet
  facet normal 0.92356 0.383453 0
    outer loop
      vertex 207.572 28.7629 4
      vertex 207.408 29.1579 0
      vertex 207.408 29.1579 4
    endloop
  endfacet
  facet normal 0.92356 0.383453 0
    outer loop
      vertex 207.408 29.1579 0
      vertex 207.572 28.7629 4
      vertex 207.572 28.7629 0
    endloop
  endfacet
  facet normal 0.972806 0.231621 0
    outer loop
      vertex 207.408 29.1579 4
      vertex 207.309 29.5737 0
      vertex 207.309 29.5737 4
    endloop
  endfacet
  facet normal 0.972806 0.231621 0
    outer loop
      vertex 207.309 29.5737 0
      vertex 207.408 29.1579 4
      vertex 207.408 29.1579 0
    endloop
  endfacet
  facet normal 0.996835 0.0795036 0
    outer loop
      vertex 207.309 29.5737 4
      vertex 207.275 30 0
      vertex 207.275 30 4
    endloop
  endfacet
  facet normal 0.996835 0.0795036 0
    outer loop
      vertex 207.275 30 0
      vertex 207.309 29.5737 4
      vertex 207.309 29.5737 0
    endloop
  endfacet
  facet normal 0.996835 -0.0795036 0
    outer loop
      vertex 207.275 30 4
      vertex 207.309 30.4263 0
      vertex 207.309 30.4263 4
    endloop
  endfacet
  facet normal 0.996835 -0.0795036 0
    outer loop
      vertex 207.309 30.4263 0
      vertex 207.275 30 4
      vertex 207.275 30 0
    endloop
  endfacet
  facet normal 0.972806 -0.231621 0
    outer loop
      vertex 207.309 30.4263 4
      vertex 207.408 30.8421 0
      vertex 207.408 30.8421 4
    endloop
  endfacet
  facet normal 0.972806 -0.231621 0
    outer loop
      vertex 207.408 30.8421 0
      vertex 207.309 30.4263 4
      vertex 207.309 30.4263 0
    endloop
  endfacet
  facet normal 0.92356 -0.383453 0
    outer loop
      vertex 207.408 30.8421 4
      vertex 207.572 31.2371 0
      vertex 207.572 31.2371 4
    endloop
  endfacet
  facet normal 0.92356 -0.383453 0
    outer loop
      vertex 207.572 31.2371 0
      vertex 207.408 30.8421 4
      vertex 207.408 30.8421 0
    endloop
  endfacet
  facet normal 0.853085 -0.521772 0
    outer loop
      vertex 207.572 31.2371 4
      vertex 207.795 31.6017 0
      vertex 207.795 31.6017 4
    endloop
  endfacet
  facet normal 0.853085 -0.521772 0
    outer loop
      vertex 207.795 31.6017 0
      vertex 207.572 31.2371 4
      vertex 207.572 31.2371 0
    endloop
  endfacet
  facet normal 0.760114 -0.64979 0
    outer loop
      vertex 207.795 31.6017 4
      vertex 208.073 31.9269 0
      vertex 208.073 31.9269 4
    endloop
  endfacet
  facet normal 0.760114 -0.64979 0
    outer loop
      vertex 208.073 31.9269 0
      vertex 207.795 31.6017 4
      vertex 207.795 31.6017 0
    endloop
  endfacet
  facet normal 0.649615 -0.760263 0
    outer loop
      vertex 208.073 31.9269 0
      vertex 208.398 32.2046 4
      vertex 208.073 31.9269 4
    endloop
  endfacet
  facet normal 0.649615 -0.760263 0
    outer loop
      vertex 208.398 32.2046 4
      vertex 208.073 31.9269 0
      vertex 208.398 32.2046 0
    endloop
  endfacet
  facet normal 0.522036 -0.852924 0
    outer loop
      vertex 208.398 32.2046 0
      vertex 208.763 32.428 4
      vertex 208.398 32.2046 4
    endloop
  endfacet
  facet normal 0.522036 -0.852924 0
    outer loop
      vertex 208.763 32.428 4
      vertex 208.398 32.2046 0
      vertex 208.763 32.428 0
    endloop
  endfacet
  facet normal 0.382655 -0.923891 0
    outer loop
      vertex 208.763 32.428 0
      vertex 209.158 32.5916 4
      vertex 208.763 32.428 4
    endloop
  endfacet
  facet normal 0.382655 -0.923891 0
    outer loop
      vertex 209.158 32.5916 4
      vertex 208.763 32.428 0
      vertex 209.158 32.5916 0
    endloop
  endfacet
  facet normal 0.233285 -0.972409 0
    outer loop
      vertex 209.158 32.5916 0
      vertex 209.574 32.6914 4
      vertex 209.158 32.5916 4
    endloop
  endfacet
  facet normal 0.233285 -0.972409 0
    outer loop
      vertex 209.574 32.6914 4
      vertex 209.158 32.5916 0
      vertex 209.574 32.6914 0
    endloop
  endfacet
  facet normal 0.078629 -0.996904 0
    outer loop
      vertex 209.574 32.6914 0
      vertex 210 32.725 4
      vertex 209.574 32.6914 4
    endloop
  endfacet
  facet normal 0.078629 -0.996904 0
    outer loop
      vertex 210 32.725 4
      vertex 209.574 32.6914 0
      vertex 210 32.725 0
    endloop
  endfacet
  facet normal -0.078629 -0.996904 0
    outer loop
      vertex 210 32.725 0
      vertex 210.426 32.6914 4
      vertex 210 32.725 4
    endloop
  endfacet
  facet normal -0.078629 -0.996904 -0
    outer loop
      vertex 210.426 32.6914 4
      vertex 210 32.725 0
      vertex 210.426 32.6914 0
    endloop
  endfacet
  facet normal -0.233285 -0.972409 0
    outer loop
      vertex 210.426 32.6914 0
      vertex 210.842 32.5916 4
      vertex 210.426 32.6914 4
    endloop
  endfacet
  facet normal -0.233285 -0.972409 -0
    outer loop
      vertex 210.842 32.5916 4
      vertex 210.426 32.6914 0
      vertex 210.842 32.5916 0
    endloop
  endfacet
  facet normal -0.382655 -0.923891 0
    outer loop
      vertex 210.842 32.5916 0
      vertex 211.237 32.428 4
      vertex 210.842 32.5916 4
    endloop
  endfacet
  facet normal -0.382655 -0.923891 -0
    outer loop
      vertex 211.237 32.428 4
      vertex 210.842 32.5916 0
      vertex 211.237 32.428 0
    endloop
  endfacet
  facet normal -0.522036 -0.852924 0
    outer loop
      vertex 211.237 32.428 0
      vertex 211.602 32.2046 4
      vertex 211.237 32.428 4
    endloop
  endfacet
  facet normal -0.522036 -0.852924 -0
    outer loop
      vertex 211.602 32.2046 4
      vertex 211.237 32.428 0
      vertex 211.602 32.2046 0
    endloop
  endfacet
  facet normal -0.649615 -0.760263 0
    outer loop
      vertex 211.602 32.2046 0
      vertex 211.927 31.9269 4
      vertex 211.602 32.2046 4
    endloop
  endfacet
  facet normal -0.649615 -0.760263 -0
    outer loop
      vertex 211.927 31.9269 4
      vertex 211.602 32.2046 0
      vertex 211.927 31.9269 0
    endloop
  endfacet
  facet normal -0.760114 -0.64979 0
    outer loop
      vertex 212.205 31.6017 0
      vertex 211.927 31.9269 4
      vertex 211.927 31.9269 0
    endloop
  endfacet
  facet normal -0.760114 -0.64979 0
    outer loop
      vertex 211.927 31.9269 4
      vertex 212.205 31.6017 0
      vertex 212.205 31.6017 4
    endloop
  endfacet
  facet normal -0.853085 -0.521772 0
    outer loop
      vertex 212.428 31.2371 0
      vertex 212.205 31.6017 4
      vertex 212.205 31.6017 0
    endloop
  endfacet
  facet normal -0.853085 -0.521772 0
    outer loop
      vertex 212.205 31.6017 4
      vertex 212.428 31.2371 0
      vertex 212.428 31.2371 4
    endloop
  endfacet
  facet normal -0.92356 -0.383453 0
    outer loop
      vertex 212.592 30.8421 0
      vertex 212.428 31.2371 4
      vertex 212.428 31.2371 0
    endloop
  endfacet
  facet normal -0.92356 -0.383453 0
    outer loop
      vertex 212.428 31.2371 4
      vertex 212.592 30.8421 0
      vertex 212.592 30.8421 4
    endloop
  endfacet
  facet normal -0.972806 -0.231621 0
    outer loop
      vertex 212.691 30.4263 0
      vertex 212.592 30.8421 4
      vertex 212.592 30.8421 0
    endloop
  endfacet
  facet normal -0.972806 -0.231621 0
    outer loop
      vertex 212.592 30.8421 4
      vertex 212.691 30.4263 0
      vertex 212.691 30.4263 4
    endloop
  endfacet
  facet normal -0.996835 -0.0795036 0
    outer loop
      vertex 212.725 30 0
      vertex 212.691 30.4263 4
      vertex 212.691 30.4263 0
    endloop
  endfacet
  facet normal -0.996835 -0.0795036 0
    outer loop
      vertex 212.691 30.4263 4
      vertex 212.725 30 0
      vertex 212.725 30 4
    endloop
  endfacet
  facet normal -0.996835 0.0795036 0
    outer loop
      vertex 212.691 29.5737 0
      vertex 212.725 30 4
      vertex 212.725 30 0
    endloop
  endfacet
  facet normal -0.996835 0.0795036 0
    outer loop
      vertex 212.725 30 4
      vertex 212.691 29.5737 0
      vertex 212.691 29.5737 4
    endloop
  endfacet
  facet normal -0.972806 0.231621 0
    outer loop
      vertex 212.592 29.1579 0
      vertex 212.691 29.5737 4
      vertex 212.691 29.5737 0
    endloop
  endfacet
  facet normal -0.972806 0.231621 0
    outer loop
      vertex 212.691 29.5737 4
      vertex 212.592 29.1579 0
      vertex 212.592 29.1579 4
    endloop
  endfacet
  facet normal -0.92356 0.383453 0
    outer loop
      vertex 212.428 28.7629 0
      vertex 212.592 29.1579 4
      vertex 212.592 29.1579 0
    endloop
  endfacet
  facet normal -0.92356 0.383453 0
    outer loop
      vertex 212.592 29.1579 4
      vertex 212.428 28.7629 0
      vertex 212.428 28.7629 4
    endloop
  endfacet
  facet normal -0.853085 0.521772 0
    outer loop
      vertex 212.205 28.3983 0
      vertex 212.428 28.7629 4
      vertex 212.428 28.7629 0
    endloop
  endfacet
  facet normal -0.853085 0.521772 0
    outer loop
      vertex 212.428 28.7629 4
      vertex 212.205 28.3983 0
      vertex 212.205 28.3983 4
    endloop
  endfacet
  facet normal -0.760114 0.64979 0
    outer loop
      vertex 211.927 28.0731 0
      vertex 212.205 28.3983 4
      vertex 212.205 28.3983 0
    endloop
  endfacet
  facet normal -0.760114 0.64979 0
    outer loop
      vertex 212.205 28.3983 4
      vertex 211.927 28.0731 0
      vertex 211.927 28.0731 4
    endloop
  endfacet
  facet normal -0.649615 0.760263 0
    outer loop
      vertex 211.927 28.0731 0
      vertex 211.602 27.7954 4
      vertex 211.927 28.0731 4
    endloop
  endfacet
  facet normal -0.649615 0.760263 0
    outer loop
      vertex 211.602 27.7954 4
      vertex 211.927 28.0731 0
      vertex 211.602 27.7954 0
    endloop
  endfacet
  facet normal -0.522036 0.852924 0
    outer loop
      vertex 211.602 27.7954 0
      vertex 211.237 27.572 4
      vertex 211.602 27.7954 4
    endloop
  endfacet
  facet normal -0.522036 0.852924 0
    outer loop
      vertex 211.237 27.572 4
      vertex 211.602 27.7954 0
      vertex 211.237 27.572 0
    endloop
  endfacet
  facet normal -0.382655 0.923891 0
    outer loop
      vertex 211.237 27.572 0
      vertex 210.842 27.4084 4
      vertex 211.237 27.572 4
    endloop
  endfacet
  facet normal -0.382655 0.923891 0
    outer loop
      vertex 210.842 27.4084 4
      vertex 211.237 27.572 0
      vertex 210.842 27.4084 0
    endloop
  endfacet
  facet normal -0.233285 0.972409 0
    outer loop
      vertex 210.842 27.4084 0
      vertex 210.426 27.3086 4
      vertex 210.842 27.4084 4
    endloop
  endfacet
  facet normal -0.233285 0.972409 0
    outer loop
      vertex 210.426 27.3086 4
      vertex 210.842 27.4084 0
      vertex 210.426 27.3086 0
    endloop
  endfacet
  facet normal -0.078629 0.996904 0
    outer loop
      vertex 210.426 27.3086 0
      vertex 210 27.275 4
      vertex 210.426 27.3086 4
    endloop
  endfacet
  facet normal -0.078629 0.996904 0
    outer loop
      vertex 210 27.275 4
      vertex 210.426 27.3086 0
      vertex 210 27.275 0
    endloop
  endfacet
  facet normal 0.078629 0.996904 -0
    outer loop
      vertex 210 27.275 0
      vertex 209.574 27.3086 4
      vertex 210 27.275 4
    endloop
  endfacet
  facet normal 0.078629 0.996904 0
    outer loop
      vertex 209.574 27.3086 4
      vertex 210 27.275 0
      vertex 209.574 27.3086 0
    endloop
  endfacet
  facet normal 0.234178 0.972194 -0
    outer loop
      vertex 119.859 29.1111 0
      vertex 119.722 29.1441 4
      vertex 119.859 29.1111 4
    endloop
  endfacet
  facet normal 0.234178 0.972194 0
    outer loop
      vertex 119.722 29.1441 4
      vertex 119.859 29.1111 0
      vertex 119.722 29.1441 0
    endloop
  endfacet
  facet normal 0.381105 0.924532 -0
    outer loop
      vertex 119.722 29.1441 0
      vertex 119.591 29.1981 4
      vertex 119.722 29.1441 4
    endloop
  endfacet
  facet normal 0.381105 0.924532 0
    outer loop
      vertex 119.591 29.1981 4
      vertex 119.722 29.1441 0
      vertex 119.591 29.1981 0
    endloop
  endfacet
  facet normal 0.52386 0.851805 -0
    outer loop
      vertex 119.591 29.1981 0
      vertex 119.471 29.2719 4
      vertex 119.591 29.1981 4
    endloop
  endfacet
  facet normal 0.52386 0.851805 0
    outer loop
      vertex 119.471 29.2719 4
      vertex 119.591 29.1981 0
      vertex 119.471 29.2719 0
    endloop
  endfacet
  facet normal 0.650733 0.759307 -0
    outer loop
      vertex 119.471 29.2719 0
      vertex 119.364 29.3636 4
      vertex 119.471 29.2719 4
    endloop
  endfacet
  facet normal 0.650733 0.759307 0
    outer loop
      vertex 119.364 29.3636 4
      vertex 119.471 29.2719 0
      vertex 119.364 29.3636 0
    endloop
  endfacet
  facet normal 0.759456 0.650558 0
    outer loop
      vertex 119.364 29.3636 4
      vertex 119.272 29.471 0
      vertex 119.272 29.471 4
    endloop
  endfacet
  facet normal 0.759456 0.650558 0
    outer loop
      vertex 119.272 29.471 0
      vertex 119.364 29.3636 4
      vertex 119.364 29.3636 0
    endloop
  endfacet
  facet normal 0.85195 0.523624 0
    outer loop
      vertex 119.272 29.471 4
      vertex 119.198 29.5914 0
      vertex 119.198 29.5914 4
    endloop
  endfacet
  facet normal 0.85195 0.523624 0
    outer loop
      vertex 119.198 29.5914 0
      vertex 119.272 29.471 4
      vertex 119.272 29.471 0
    endloop
  endfacet
  facet normal 0.924017 0.382352 0
    outer loop
      vertex 119.198 29.5914 4
      vertex 119.144 29.7219 0
      vertex 119.144 29.7219 4
    endloop
  endfacet
  facet normal 0.924017 0.382352 0
    outer loop
      vertex 119.144 29.7219 0
      vertex 119.198 29.5914 4
      vertex 119.198 29.5914 0
    endloop
  endfacet
  facet normal 0.97231 0.233694 0
    outer loop
      vertex 119.144 29.7219 4
      vertex 119.111 29.8592 0
      vertex 119.111 29.8592 4
    endloop
  endfacet
  facet normal 0.97231 0.233694 0
    outer loop
      vertex 119.111 29.8592 0
      vertex 119.144 29.7219 4
      vertex 119.144 29.7219 0
    endloop
  endfacet
  facet normal 0.996962 0.0778877 0
    outer loop
      vertex 119.111 29.8592 4
      vertex 119.1 30 0
      vertex 119.1 30 4
    endloop
  endfacet
  facet normal 0.996962 0.0778877 0
    outer loop
      vertex 119.1 30 0
      vertex 119.111 29.8592 4
      vertex 119.111 29.8592 0
    endloop
  endfacet
  facet normal 0.996962 -0.0778877 0
    outer loop
      vertex 119.1 30 4
      vertex 119.111 30.1408 0
      vertex 119.111 30.1408 4
    endloop
  endfacet
  facet normal 0.996962 -0.0778877 0
    outer loop
      vertex 119.111 30.1408 0
      vertex 119.1 30 4
      vertex 119.1 30 0
    endloop
  endfacet
  facet normal 0.97231 -0.233694 0
    outer loop
      vertex 119.111 30.1408 4
      vertex 119.144 30.2781 0
      vertex 119.144 30.2781 4
    endloop
  endfacet
  facet normal 0.97231 -0.233694 0
    outer loop
      vertex 119.144 30.2781 0
      vertex 119.111 30.1408 4
      vertex 119.111 30.1408 0
    endloop
  endfacet
  facet normal 0.924017 -0.382352 0
    outer loop
      vertex 119.144 30.2781 4
      vertex 119.198 30.4086 0
      vertex 119.198 30.4086 4
    endloop
  endfacet
  facet normal 0.924017 -0.382352 0
    outer loop
      vertex 119.198 30.4086 0
      vertex 119.144 30.2781 4
      vertex 119.144 30.2781 0
    endloop
  endfacet
  facet normal 0.85195 -0.523624 0
    outer loop
      vertex 119.198 30.4086 4
      vertex 119.272 30.529 0
      vertex 119.272 30.529 4
    endloop
  endfacet
  facet normal 0.85195 -0.523624 0
    outer loop
      vertex 119.272 30.529 0
      vertex 119.198 30.4086 4
      vertex 119.198 30.4086 0
    endloop
  endfacet
  facet normal 0.759456 -0.650558 0
    outer loop
      vertex 119.272 30.529 4
      vertex 119.364 30.6364 0
      vertex 119.364 30.6364 4
    endloop
  endfacet
  facet normal 0.759456 -0.650558 0
    outer loop
      vertex 119.364 30.6364 0
      vertex 119.272 30.529 4
      vertex 119.272 30.529 0
    endloop
  endfacet
  facet normal 0.650733 -0.759307 0
    outer loop
      vertex 119.364 30.6364 0
      vertex 119.471 30.7281 4
      vertex 119.364 30.6364 4
    endloop
  endfacet
  facet normal 0.650733 -0.759307 0
    outer loop
      vertex 119.471 30.7281 4
      vertex 119.364 30.6364 0
      vertex 119.471 30.7281 0
    endloop
  endfacet
  facet normal 0.52386 -0.851805 0
    outer loop
      vertex 119.471 30.7281 0
      vertex 119.591 30.8019 4
      vertex 119.471 30.7281 4
    endloop
  endfacet
  facet normal 0.52386 -0.851805 0
    outer loop
      vertex 119.591 30.8019 4
      vertex 119.471 30.7281 0
      vertex 119.591 30.8019 0
    endloop
  endfacet
  facet normal 0.381105 -0.924532 0
    outer loop
      vertex 119.591 30.8019 0
      vertex 119.722 30.8559 4
      vertex 119.591 30.8019 4
    endloop
  endfacet
  facet normal 0.381105 -0.924532 0
    outer loop
      vertex 119.722 30.8559 4
      vertex 119.591 30.8019 0
      vertex 119.722 30.8559 0
    endloop
  endfacet
  facet normal 0.234178 -0.972194 0
    outer loop
      vertex 119.722 30.8559 0
      vertex 119.859 30.8889 4
      vertex 119.722 30.8559 4
    endloop
  endfacet
  facet normal 0.234178 -0.972194 0
    outer loop
      vertex 119.859 30.8889 4
      vertex 119.722 30.8559 0
      vertex 119.859 30.8889 0
    endloop
  endfacet
  facet normal 0.0784806 -0.996916 0
    outer loop
      vertex 119.859 30.8889 0
      vertex 120 30.9 4
      vertex 119.859 30.8889 4
    endloop
  endfacet
  facet normal 0.0784806 -0.996916 0
    outer loop
      vertex 120 30.9 4
      vertex 119.859 30.8889 0
      vertex 120 30.9 0
    endloop
  endfacet
  facet normal -0.0784806 -0.996916 0
    outer loop
      vertex 120 30.9 0
      vertex 120.141 30.8889 4
      vertex 120 30.9 4
    endloop
  endfacet
  facet normal -0.0784806 -0.996916 -0
    outer loop
      vertex 120.141 30.8889 4
      vertex 120 30.9 0
      vertex 120.141 30.8889 0
    endloop
  endfacet
  facet normal -0.234178 -0.972194 0
    outer loop
      vertex 120.141 30.8889 0
      vertex 120.278 30.8559 4
      vertex 120.141 30.8889 4
    endloop
  endfacet
  facet normal -0.234178 -0.972194 -0
    outer loop
      vertex 120.278 30.8559 4
      vertex 120.141 30.8889 0
      vertex 120.278 30.8559 0
    endloop
  endfacet
  facet normal -0.381105 -0.924532 0
    outer loop
      vertex 120.278 30.8559 0
      vertex 120.409 30.8019 4
      vertex 120.278 30.8559 4
    endloop
  endfacet
  facet normal -0.381105 -0.924532 -0
    outer loop
      vertex 120.409 30.8019 4
      vertex 120.278 30.8559 0
      vertex 120.409 30.8019 0
    endloop
  endfacet
  facet normal -0.52386 -0.851805 0
    outer loop
      vertex 120.409 30.8019 0
      vertex 120.529 30.7281 4
      vertex 120.409 30.8019 4
    endloop
  endfacet
  facet normal -0.52386 -0.851805 -0
    outer loop
      vertex 120.529 30.7281 4
      vertex 120.409 30.8019 0
      vertex 120.529 30.7281 0
    endloop
  endfacet
  facet normal -0.650733 -0.759307 0
    outer loop
      vertex 120.529 30.7281 0
      vertex 120.636 30.6364 4
      vertex 120.529 30.7281 4
    endloop
  endfacet
  facet normal -0.650733 -0.759307 -0
    outer loop
      vertex 120.636 30.6364 4
      vertex 120.529 30.7281 0
      vertex 120.636 30.6364 0
    endloop
  endfacet
  facet normal -0.759456 -0.650558 0
    outer loop
      vertex 120.728 30.529 0
      vertex 120.636 30.6364 4
      vertex 120.636 30.6364 0
    endloop
  endfacet
  facet normal -0.759456 -0.650558 0
    outer loop
      vertex 120.636 30.6364 4
      vertex 120.728 30.529 0
      vertex 120.728 30.529 4
    endloop
  endfacet
  facet normal -0.85195 -0.523624 0
    outer loop
      vertex 120.802 30.4086 0
      vertex 120.728 30.529 4
      vertex 120.728 30.529 0
    endloop
  endfacet
  facet normal -0.85195 -0.523624 0
    outer loop
      vertex 120.728 30.529 4
      vertex 120.802 30.4086 0
      vertex 120.802 30.4086 4
    endloop
  endfacet
  facet normal -0.924017 -0.382352 0
    outer loop
      vertex 120.856 30.2781 0
      vertex 120.802 30.4086 4
      vertex 120.802 30.4086 0
    endloop
  endfacet
  facet normal -0.924017 -0.382352 0
    outer loop
      vertex 120.802 30.4086 4
      vertex 120.856 30.2781 0
      vertex 120.856 30.2781 4
    endloop
  endfacet
  facet normal -0.97231 -0.233694 0
    outer loop
      vertex 120.889 30.1408 0
      vertex 120.856 30.2781 4
      vertex 120.856 30.2781 0
    endloop
  endfacet
  facet normal -0.97231 -0.233694 0
    outer loop
      vertex 120.856 30.2781 4
      vertex 120.889 30.1408 0
      vertex 120.889 30.1408 4
    endloop
  endfacet
  facet normal -0.996962 -0.0778877 0
    outer loop
      vertex 120.9 30 0
      vertex 120.889 30.1408 4
      vertex 120.889 30.1408 0
    endloop
  endfacet
  facet normal -0.996962 -0.0778877 0
    outer loop
      vertex 120.889 30.1408 4
      vertex 120.9 30 0
      vertex 120.9 30 4
    endloop
  endfacet
  facet normal -0.996962 0.0778877 0
    outer loop
      vertex 120.889 29.8592 0
      vertex 120.9 30 4
      vertex 120.9 30 0
    endloop
  endfacet
  facet normal -0.996962 0.0778877 0
    outer loop
      vertex 120.9 30 4
      vertex 120.889 29.8592 0
      vertex 120.889 29.8592 4
    endloop
  endfacet
  facet normal -0.97231 0.233694 0
    outer loop
      vertex 120.856 29.7219 0
      vertex 120.889 29.8592 4
      vertex 120.889 29.8592 0
    endloop
  endfacet
  facet normal -0.97231 0.233694 0
    outer loop
      vertex 120.889 29.8592 4
      vertex 120.856 29.7219 0
      vertex 120.856 29.7219 4
    endloop
  endfacet
  facet normal -0.924017 0.382352 0
    outer loop
      vertex 120.802 29.5914 0
      vertex 120.856 29.7219 4
      vertex 120.856 29.7219 0
    endloop
  endfacet
  facet normal -0.924017 0.382352 0
    outer loop
      vertex 120.856 29.7219 4
      vertex 120.802 29.5914 0
      vertex 120.802 29.5914 4
    endloop
  endfacet
  facet normal -0.85195 0.523624 0
    outer loop
      vertex 120.728 29.471 0
      vertex 120.802 29.5914 4
      vertex 120.802 29.5914 0
    endloop
  endfacet
  facet normal -0.85195 0.523624 0
    outer loop
      vertex 120.802 29.5914 4
      vertex 120.728 29.471 0
      vertex 120.728 29.471 4
    endloop
  endfacet
  facet normal -0.759456 0.650558 0
    outer loop
      vertex 120.636 29.3636 0
      vertex 120.728 29.471 4
      vertex 120.728 29.471 0
    endloop
  endfacet
  facet normal -0.759456 0.650558 0
    outer loop
      vertex 120.728 29.471 4
      vertex 120.636 29.3636 0
      vertex 120.636 29.3636 4
    endloop
  endfacet
  facet normal -0.650733 0.759307 0
    outer loop
      vertex 120.636 29.3636 0
      vertex 120.529 29.2719 4
      vertex 120.636 29.3636 4
    endloop
  endfacet
  facet normal -0.650733 0.759307 0
    outer loop
      vertex 120.529 29.2719 4
      vertex 120.636 29.3636 0
      vertex 120.529 29.2719 0
    endloop
  endfacet
  facet normal -0.52386 0.851805 0
    outer loop
      vertex 120.529 29.2719 0
      vertex 120.409 29.1981 4
      vertex 120.529 29.2719 4
    endloop
  endfacet
  facet normal -0.52386 0.851805 0
    outer loop
      vertex 120.409 29.1981 4
      vertex 120.529 29.2719 0
      vertex 120.409 29.1981 0
    endloop
  endfacet
  facet normal -0.381105 0.924532 0
    outer loop
      vertex 120.409 29.1981 0
      vertex 120.278 29.1441 4
      vertex 120.409 29.1981 4
    endloop
  endfacet
  facet normal -0.381105 0.924532 0
    outer loop
      vertex 120.278 29.1441 4
      vertex 120.409 29.1981 0
      vertex 120.278 29.1441 0
    endloop
  endfacet
  facet normal -0.234178 0.972194 0
    outer loop
      vertex 120.278 29.1441 0
      vertex 120.141 29.1111 4
      vertex 120.278 29.1441 4
    endloop
  endfacet
  facet normal -0.234178 0.972194 0
    outer loop
      vertex 120.141 29.1111 4
      vertex 120.278 29.1441 0
      vertex 120.141 29.1111 0
    endloop
  endfacet
  facet normal -0.0784806 0.996916 0
    outer loop
      vertex 120.141 29.1111 0
      vertex 120 29.1 4
      vertex 120.141 29.1111 4
    endloop
  endfacet
  facet normal -0.0784806 0.996916 0
    outer loop
      vertex 120 29.1 4
      vertex 120.141 29.1111 0
      vertex 120 29.1 0
    endloop
  endfacet
  facet normal 0.0784806 0.996916 -0
    outer loop
      vertex 120 29.1 0
      vertex 119.859 29.1111 4
      vertex 120 29.1 4
    endloop
  endfacet
  facet normal 0.0784806 0.996916 0
    outer loop
      vertex 119.859 29.1111 4
      vertex 120 29.1 0
      vertex 119.859 29.1111 0
    endloop
  endfacet
  facet normal 0.234178 0.972194 -0
    outer loop
      vertex 179.859 29.1111 0
      vertex 179.722 29.1441 4
      vertex 179.859 29.1111 4
    endloop
  endfacet
  facet normal 0.234178 0.972194 0
    outer loop
      vertex 179.722 29.1441 4
      vertex 179.859 29.1111 0
      vertex 179.722 29.1441 0
    endloop
  endfacet
  facet normal 0.381105 0.924532 -0
    outer loop
      vertex 179.722 29.1441 0
      vertex 179.591 29.1981 4
      vertex 179.722 29.1441 4
    endloop
  endfacet
  facet normal 0.381105 0.924532 0
    outer loop
      vertex 179.591 29.1981 4
      vertex 179.722 29.1441 0
      vertex 179.591 29.1981 0
    endloop
  endfacet
  facet normal 0.52386 0.851805 -0
    outer loop
      vertex 179.591 29.1981 0
      vertex 179.471 29.2719 4
      vertex 179.591 29.1981 4
    endloop
  endfacet
  facet normal 0.52386 0.851805 0
    outer loop
      vertex 179.471 29.2719 4
      vertex 179.591 29.1981 0
      vertex 179.471 29.2719 0
    endloop
  endfacet
  facet normal 0.650733 0.759307 -0
    outer loop
      vertex 179.471 29.2719 0
      vertex 179.364 29.3636 4
      vertex 179.471 29.2719 4
    endloop
  endfacet
  facet normal 0.650733 0.759307 0
    outer loop
      vertex 179.364 29.3636 4
      vertex 179.471 29.2719 0
      vertex 179.364 29.3636 0
    endloop
  endfacet
  facet normal 0.759456 0.650558 0
    outer loop
      vertex 179.364 29.3636 4
      vertex 179.272 29.471 0
      vertex 179.272 29.471 4
    endloop
  endfacet
  facet normal 0.759456 0.650558 0
    outer loop
      vertex 179.272 29.471 0
      vertex 179.364 29.3636 4
      vertex 179.364 29.3636 0
    endloop
  endfacet
  facet normal 0.85195 0.523624 0
    outer loop
      vertex 179.272 29.471 4
      vertex 179.198 29.5914 0
      vertex 179.198 29.5914 4
    endloop
  endfacet
  facet normal 0.85195 0.523624 0
    outer loop
      vertex 179.198 29.5914 0
      vertex 179.272 29.471 4
      vertex 179.272 29.471 0
    endloop
  endfacet
  facet normal 0.924017 0.382352 0
    outer loop
      vertex 179.198 29.5914 4
      vertex 179.144 29.7219 0
      vertex 179.144 29.7219 4
    endloop
  endfacet
  facet normal 0.924017 0.382352 0
    outer loop
      vertex 179.144 29.7219 0
      vertex 179.198 29.5914 4
      vertex 179.198 29.5914 0
    endloop
  endfacet
  facet normal 0.97231 0.233694 0
    outer loop
      vertex 179.144 29.7219 4
      vertex 179.111 29.8592 0
      vertex 179.111 29.8592 4
    endloop
  endfacet
  facet normal 0.97231 0.233694 0
    outer loop
      vertex 179.111 29.8592 0
      vertex 179.144 29.7219 4
      vertex 179.144 29.7219 0
    endloop
  endfacet
  facet normal 0.996962 0.0778877 0
    outer loop
      vertex 179.111 29.8592 4
      vertex 179.1 30 0
      vertex 179.1 30 4
    endloop
  endfacet
  facet normal 0.996962 0.0778877 0
    outer loop
      vertex 179.1 30 0
      vertex 179.111 29.8592 4
      vertex 179.111 29.8592 0
    endloop
  endfacet
  facet normal 0.996962 -0.0778877 0
    outer loop
      vertex 179.1 30 4
      vertex 179.111 30.1408 0
      vertex 179.111 30.1408 4
    endloop
  endfacet
  facet normal 0.996962 -0.0778877 0
    outer loop
      vertex 179.111 30.1408 0
      vertex 179.1 30 4
      vertex 179.1 30 0
    endloop
  endfacet
  facet normal 0.97231 -0.233694 0
    outer loop
      vertex 179.111 30.1408 4
      vertex 179.144 30.2781 0
      vertex 179.144 30.2781 4
    endloop
  endfacet
  facet normal 0.97231 -0.233694 0
    outer loop
      vertex 179.144 30.2781 0
      vertex 179.111 30.1408 4
      vertex 179.111 30.1408 0
    endloop
  endfacet
  facet normal 0.924017 -0.382352 0
    outer loop
      vertex 179.144 30.2781 4
      vertex 179.198 30.4086 0
      vertex 179.198 30.4086 4
    endloop
  endfacet
  facet normal 0.924017 -0.382352 0
    outer loop
      vertex 179.198 30.4086 0
      vertex 179.144 30.2781 4
      vertex 179.144 30.2781 0
    endloop
  endfacet
  facet normal 0.85195 -0.523624 0
    outer loop
      vertex 179.198 30.4086 4
      vertex 179.272 30.529 0
      vertex 179.272 30.529 4
    endloop
  endfacet
  facet normal 0.85195 -0.523624 0
    outer loop
      vertex 179.272 30.529 0
      vertex 179.198 30.4086 4
      vertex 179.198 30.4086 0
    endloop
  endfacet
  facet normal 0.759456 -0.650558 0
    outer loop
      vertex 179.272 30.529 4
      vertex 179.364 30.6364 0
      vertex 179.364 30.6364 4
    endloop
  endfacet
  facet normal 0.759456 -0.650558 0
    outer loop
      vertex 179.364 30.6364 0
      vertex 179.272 30.529 4
      vertex 179.272 30.529 0
    endloop
  endfacet
  facet normal 0.650733 -0.759307 0
    outer loop
      vertex 179.364 30.6364 0
      vertex 179.471 30.7281 4
      vertex 179.364 30.6364 4
    endloop
  endfacet
  facet normal 0.650733 -0.759307 0
    outer loop
      vertex 179.471 30.7281 4
      vertex 179.364 30.6364 0
      vertex 179.471 30.7281 0
    endloop
  endfacet
  facet normal 0.52386 -0.851805 0
    outer loop
      vertex 179.471 30.7281 0
      vertex 179.591 30.8019 4
      vertex 179.471 30.7281 4
    endloop
  endfacet
  facet normal 0.52386 -0.851805 0
    outer loop
      vertex 179.591 30.8019 4
      vertex 179.471 30.7281 0
      vertex 179.591 30.8019 0
    endloop
  endfacet
  facet normal 0.381105 -0.924532 0
    outer loop
      vertex 179.591 30.8019 0
      vertex 179.722 30.8559 4
      vertex 179.591 30.8019 4
    endloop
  endfacet
  facet normal 0.381105 -0.924532 0
    outer loop
      vertex 179.722 30.8559 4
      vertex 179.591 30.8019 0
      vertex 179.722 30.8559 0
    endloop
  endfacet
  facet normal 0.234178 -0.972194 0
    outer loop
      vertex 179.722 30.8559 0
      vertex 179.859 30.8889 4
      vertex 179.722 30.8559 4
    endloop
  endfacet
  facet normal 0.234178 -0.972194 0
    outer loop
      vertex 179.859 30.8889 4
      vertex 179.722 30.8559 0
      vertex 179.859 30.8889 0
    endloop
  endfacet
  facet normal 0.0784806 -0.996916 0
    outer loop
      vertex 179.859 30.8889 0
      vertex 180 30.9 4
      vertex 179.859 30.8889 4
    endloop
  endfacet
  facet normal 0.0784806 -0.996916 0
    outer loop
      vertex 180 30.9 4
      vertex 179.859 30.8889 0
      vertex 180 30.9 0
    endloop
  endfacet
  facet normal -0.0784806 -0.996916 0
    outer loop
      vertex 180 30.9 0
      vertex 180.141 30.8889 4
      vertex 180 30.9 4
    endloop
  endfacet
  facet normal -0.0784806 -0.996916 -0
    outer loop
      vertex 180.141 30.8889 4
      vertex 180 30.9 0
      vertex 180.141 30.8889 0
    endloop
  endfacet
  facet normal -0.234178 -0.972194 0
    outer loop
      vertex 180.141 30.8889 0
      vertex 180.278 30.8559 4
      vertex 180.141 30.8889 4
    endloop
  endfacet
  facet normal -0.234178 -0.972194 -0
    outer loop
      vertex 180.278 30.8559 4
      vertex 180.141 30.8889 0
      vertex 180.278 30.8559 0
    endloop
  endfacet
  facet normal -0.381105 -0.924532 0
    outer loop
      vertex 180.278 30.8559 0
      vertex 180.409 30.8019 4
      vertex 180.278 30.8559 4
    endloop
  endfacet
  facet normal -0.381105 -0.924532 -0
    outer loop
      vertex 180.409 30.8019 4
      vertex 180.278 30.8559 0
      vertex 180.409 30.8019 0
    endloop
  endfacet
  facet normal -0.52386 -0.851805 0
    outer loop
      vertex 180.409 30.8019 0
      vertex 180.529 30.7281 4
      vertex 180.409 30.8019 4
    endloop
  endfacet
  facet normal -0.52386 -0.851805 -0
    outer loop
      vertex 180.529 30.7281 4
      vertex 180.409 30.8019 0
      vertex 180.529 30.7281 0
    endloop
  endfacet
  facet normal -0.650733 -0.759307 0
    outer loop
      vertex 180.529 30.7281 0
      vertex 180.636 30.6364 4
      vertex 180.529 30.7281 4
    endloop
  endfacet
  facet normal -0.650733 -0.759307 -0
    outer loop
      vertex 180.636 30.6364 4
      vertex 180.529 30.7281 0
      vertex 180.636 30.6364 0
    endloop
  endfacet
  facet normal -0.759456 -0.650558 0
    outer loop
      vertex 180.728 30.529 0
      vertex 180.636 30.6364 4
      vertex 180.636 30.6364 0
    endloop
  endfacet
  facet normal -0.759456 -0.650558 0
    outer loop
      vertex 180.636 30.6364 4
      vertex 180.728 30.529 0
      vertex 180.728 30.529 4
    endloop
  endfacet
  facet normal -0.85195 -0.523624 0
    outer loop
      vertex 180.802 30.4086 0
      vertex 180.728 30.529 4
      vertex 180.728 30.529 0
    endloop
  endfacet
  facet normal -0.85195 -0.523624 0
    outer loop
      vertex 180.728 30.529 4
      vertex 180.802 30.4086 0
      vertex 180.802 30.4086 4
    endloop
  endfacet
  facet normal -0.924017 -0.382352 0
    outer loop
      vertex 180.856 30.2781 0
      vertex 180.802 30.4086 4
      vertex 180.802 30.4086 0
    endloop
  endfacet
  facet normal -0.924017 -0.382352 0
    outer loop
      vertex 180.802 30.4086 4
      vertex 180.856 30.2781 0
      vertex 180.856 30.2781 4
    endloop
  endfacet
  facet normal -0.97231 -0.233694 0
    outer loop
      vertex 180.889 30.1408 0
      vertex 180.856 30.2781 4
      vertex 180.856 30.2781 0
    endloop
  endfacet
  facet normal -0.97231 -0.233694 0
    outer loop
      vertex 180.856 30.2781 4
      vertex 180.889 30.1408 0
      vertex 180.889 30.1408 4
    endloop
  endfacet
  facet normal -0.996962 -0.0778877 0
    outer loop
      vertex 180.9 30 0
      vertex 180.889 30.1408 4
      vertex 180.889 30.1408 0
    endloop
  endfacet
  facet normal -0.996962 -0.0778877 0
    outer loop
      vertex 180.889 30.1408 4
      vertex 180.9 30 0
      vertex 180.9 30 4
    endloop
  endfacet
  facet normal -0.996962 0.0778877 0
    outer loop
      vertex 180.889 29.8592 0
      vertex 180.9 30 4
      vertex 180.9 30 0
    endloop
  endfacet
  facet normal -0.996962 0.0778877 0
    outer loop
      vertex 180.9 30 4
      vertex 180.889 29.8592 0
      vertex 180.889 29.8592 4
    endloop
  endfacet
  facet normal -0.97231 0.233694 0
    outer loop
      vertex 180.856 29.7219 0
      vertex 180.889 29.8592 4
      vertex 180.889 29.8592 0
    endloop
  endfacet
  facet normal -0.97231 0.233694 0
    outer loop
      vertex 180.889 29.8592 4
      vertex 180.856 29.7219 0
      vertex 180.856 29.7219 4
    endloop
  endfacet
  facet normal -0.924017 0.382352 0
    outer loop
      vertex 180.802 29.5914 0
      vertex 180.856 29.7219 4
      vertex 180.856 29.7219 0
    endloop
  endfacet
  facet normal -0.924017 0.382352 0
    outer loop
      vertex 180.856 29.7219 4
      vertex 180.802 29.5914 0
      vertex 180.802 29.5914 4
    endloop
  endfacet
  facet normal -0.85195 0.523624 0
    outer loop
      vertex 180.728 29.471 0
      vertex 180.802 29.5914 4
      vertex 180.802 29.5914 0
    endloop
  endfacet
  facet normal -0.85195 0.523624 0
    outer loop
      vertex 180.802 29.5914 4
      vertex 180.728 29.471 0
      vertex 180.728 29.471 4
    endloop
  endfacet
  facet normal -0.759456 0.650558 0
    outer loop
      vertex 180.636 29.3636 0
      vertex 180.728 29.471 4
      vertex 180.728 29.471 0
    endloop
  endfacet
  facet normal -0.759456 0.650558 0
    outer loop
      vertex 180.728 29.471 4
      vertex 180.636 29.3636 0
      vertex 180.636 29.3636 4
    endloop
  endfacet
  facet normal -0.650733 0.759307 0
    outer loop
      vertex 180.636 29.3636 0
      vertex 180.529 29.2719 4
      vertex 180.636 29.3636 4
    endloop
  endfacet
  facet normal -0.650733 0.759307 0
    outer loop
      vertex 180.529 29.2719 4
      vertex 180.636 29.3636 0
      vertex 180.529 29.2719 0
    endloop
  endfacet
  facet normal -0.52386 0.851805 0
    outer loop
      vertex 180.529 29.2719 0
      vertex 180.409 29.1981 4
      vertex 180.529 29.2719 4
    endloop
  endfacet
  facet normal -0.52386 0.851805 0
    outer loop
      vertex 180.409 29.1981 4
      vertex 180.529 29.2719 0
      vertex 180.409 29.1981 0
    endloop
  endfacet
  facet normal -0.381105 0.924532 0
    outer loop
      vertex 180.409 29.1981 0
      vertex 180.278 29.1441 4
      vertex 180.409 29.1981 4
    endloop
  endfacet
  facet normal -0.381105 0.924532 0
    outer loop
      vertex 180.278 29.1441 4
      vertex 180.409 29.1981 0
      vertex 180.278 29.1441 0
    endloop
  endfacet
  facet normal -0.234178 0.972194 0
    outer loop
      vertex 180.278 29.1441 0
      vertex 180.141 29.1111 4
      vertex 180.278 29.1441 4
    endloop
  endfacet
  facet normal -0.234178 0.972194 0
    outer loop
      vertex 180.141 29.1111 4
      vertex 180.278 29.1441 0
      vertex 180.141 29.1111 0
    endloop
  endfacet
  facet normal -0.0784806 0.996916 0
    outer loop
      vertex 180.141 29.1111 0
      vertex 180 29.1 4
      vertex 180.141 29.1111 4
    endloop
  endfacet
  facet normal -0.0784806 0.996916 0
    outer loop
      vertex 180 29.1 4
      vertex 180.141 29.1111 0
      vertex 180 29.1 0
    endloop
  endfacet
  facet normal 0.0784806 0.996916 -0
    outer loop
      vertex 180 29.1 0
      vertex 179.859 29.1111 4
      vertex 180 29.1 4
    endloop
  endfacet
  facet normal 0.0784806 0.996916 0
    outer loop
      vertex 179.859 29.1111 4
      vertex 180 29.1 0
      vertex 179.859 29.1111 0
    endloop
  endfacet
  facet normal 0.233427 0.972374 -0
    outer loop
      vertex 78.5203 6.97209 0
      vertex 78.383 7.00505 4
      vertex 78.5203 6.97209 4
    endloop
  endfacet
  facet normal 0.233427 0.972374 0
    outer loop
      vertex 78.383 7.00505 4
      vertex 78.5203 6.97209 0
      vertex 78.383 7.00505 0
    endloop
  endfacet
  facet normal 0.382654 0.923892 -0
    outer loop
      vertex 78.383 7.00505 0
      vertex 78.2525 7.0591 4
      vertex 78.383 7.00505 4
    endloop
  endfacet
  facet normal 0.382654 0.923892 0
    outer loop
      vertex 78.2525 7.0591 4
      vertex 78.383 7.00505 0
      vertex 78.2525 7.0591 0
    endloop
  endfacet
  facet normal 0.522544 0.852612 -0
    outer loop
      vertex 78.2525 7.0591 0
      vertex 78.1321 7.13289 4
      vertex 78.2525 7.0591 4
    endloop
  endfacet
  facet normal 0.522544 0.852612 0
    outer loop
      vertex 78.1321 7.13289 4
      vertex 78.2525 7.0591 0
      vertex 78.1321 7.13289 0
    endloop
  endfacet
  facet normal 0.649414 0.760435 -0
    outer loop
      vertex 78.1321 7.13289 0
      vertex 78.0247 7.22461 4
      vertex 78.1321 7.13289 4
    endloop
  endfacet
  facet normal 0.649414 0.760435 0
    outer loop
      vertex 78.0247 7.22461 4
      vertex 78.1321 7.13289 0
      vertex 78.0247 7.22461 0
    endloop
  endfacet
  facet normal 0.760475 0.649367 0
    outer loop
      vertex 78.0247 7.22461 4
      vertex 77.933 7.332 0
      vertex 77.933 7.332 4
    endloop
  endfacet
  facet normal 0.760475 0.649367 0
    outer loop
      vertex 77.933 7.332 0
      vertex 78.0247 7.22461 4
      vertex 78.0247 7.22461 0
    endloop
  endfacet
  facet normal 0.85262 0.522532 0
    outer loop
      vertex 77.933 7.332 4
      vertex 77.8592 7.45242 0
      vertex 77.8592 7.45242 4
    endloop
  endfacet
  facet normal 0.85262 0.522532 0
    outer loop
      vertex 77.8592 7.45242 0
      vertex 77.933 7.332 4
      vertex 77.933 7.332 0
    endloop
  endfacet
  facet normal 0.923986 0.382427 0
    outer loop
      vertex 77.8592 7.45242 4
      vertex 77.8052 7.58289 0
      vertex 77.8052 7.58289 4
    endloop
  endfacet
  facet normal 0.923986 0.382427 0
    outer loop
      vertex 77.8052 7.58289 0
      vertex 77.8592 7.45242 4
      vertex 77.8592 7.45242 0
    endloop
  endfacet
  facet normal 0.972318 0.233662 0
    outer loop
      vertex 77.8052 7.58289 4
      vertex 77.7722 7.72021 0
      vertex 77.7722 7.72021 4
    endloop
  endfacet
  facet normal 0.972318 0.233662 0
    outer loop
      vertex 77.7722 7.72021 0
      vertex 77.8052 7.58289 4
      vertex 77.8052 7.58289 0
    endloop
  endfacet
  facet normal 0.996907 0.0785914 0
    outer loop
      vertex 77.7722 7.72021 4
      vertex 77.7611 7.86101 0
      vertex 77.7611 7.86101 4
    endloop
  endfacet
  facet normal 0.996907 0.0785914 0
    outer loop
      vertex 77.7611 7.86101 0
      vertex 77.7722 7.72021 4
      vertex 77.7722 7.72021 0
    endloop
  endfacet
  facet normal 0.996906 -0.0785969 0
    outer loop
      vertex 77.7611 7.86101 4
      vertex 77.7722 8.0018 0
      vertex 77.7722 8.0018 4
    endloop
  endfacet
  facet normal 0.996906 -0.0785969 0
    outer loop
      vertex 77.7722 8.0018 0
      vertex 77.7611 7.86101 4
      vertex 77.7611 7.86101 0
    endloop
  endfacet
  facet normal 0.972322 -0.233646 0
    outer loop
      vertex 77.7722 8.0018 4
      vertex 77.8052 8.13913 0
      vertex 77.8052 8.13913 4
    endloop
  endfacet
  facet normal 0.972322 -0.233646 0
    outer loop
      vertex 77.8052 8.13913 0
      vertex 77.7722 8.0018 4
      vertex 77.7722 8.0018 0
    endloop
  endfacet
  facet normal 0.923975 -0.382452 0
    outer loop
      vertex 77.8052 8.13913 4
      vertex 77.8592 8.26959 0
      vertex 77.8592 8.26959 4
    endloop
  endfacet
  facet normal 0.923975 -0.382452 0
    outer loop
      vertex 77.8592 8.26959 0
      vertex 77.8052 8.13913 4
      vertex 77.8052 8.13913 0
    endloop
  endfacet
  facet normal 0.85262 -0.522532 0
    outer loop
      vertex 77.8592 8.26959 4
      vertex 77.933 8.39001 0
      vertex 77.933 8.39001 4
    endloop
  endfacet
  facet normal 0.85262 -0.522532 0
    outer loop
      vertex 77.933 8.39001 0
      vertex 77.8592 8.26959 4
      vertex 77.8592 8.26959 0
    endloop
  endfacet
  facet normal 0.760505 -0.649332 0
    outer loop
      vertex 77.933 8.39001 4
      vertex 78.0247 8.49741 0
      vertex 78.0247 8.49741 4
    endloop
  endfacet
  facet normal 0.760505 -0.649332 0
    outer loop
      vertex 78.0247 8.49741 0
      vertex 77.933 8.39001 4
      vertex 77.933 8.39001 0
    endloop
  endfacet
  facet normal 0.649414 -0.760435 0
    outer loop
      vertex 78.0247 8.49741 0
      vertex 78.1321 8.58913 4
      vertex 78.0247 8.49741 4
    endloop
  endfacet
  facet normal 0.649414 -0.760435 0
    outer loop
      vertex 78.1321 8.58913 4
      vertex 78.0247 8.49741 0
      vertex 78.1321 8.58913 0
    endloop
  endfacet
  facet normal 0.522544 -0.852612 0
    outer loop
      vertex 78.1321 8.58913 0
      vertex 78.2525 8.66292 4
      vertex 78.1321 8.58913 4
    endloop
  endfacet
  facet normal 0.522544 -0.852612 0
    outer loop
      vertex 78.2525 8.66292 4
      vertex 78.1321 8.58913 0
      vertex 78.2525 8.66292 0
    endloop
  endfacet
  facet normal 0.382594 -0.923917 0
    outer loop
      vertex 78.2525 8.66292 0
      vertex 78.383 8.71696 4
      vertex 78.2525 8.66292 4
    endloop
  endfacet
  facet normal 0.382594 -0.923917 0
    outer loop
      vertex 78.383 8.71696 4
      vertex 78.2525 8.66292 0
      vertex 78.383 8.71696 0
    endloop
  endfacet
  facet normal 0.233427 -0.972374 0
    outer loop
      vertex 78.383 8.71696 0
      vertex 78.5203 8.74992 4
      vertex 78.383 8.71696 4
    endloop
  endfacet
  facet normal 0.233427 -0.972374 0
    outer loop
      vertex 78.5203 8.74992 4
      vertex 78.383 8.71696 0
      vertex 78.5203 8.74992 0
    endloop
  endfacet
  facet normal 0.0784506 -0.996918 0
    outer loop
      vertex 78.5203 8.74992 0
      vertex 78.6611 8.761 4
      vertex 78.5203 8.74992 4
    endloop
  endfacet
  facet normal 0.0784506 -0.996918 0
    outer loop
      vertex 78.6611 8.761 4
      vertex 78.5203 8.74992 0
      vertex 78.6611 8.761 0
    endloop
  endfacet
  facet normal -0.0784506 -0.996918 0
    outer loop
      vertex 78.6611 8.761 0
      vertex 78.8019 8.74992 4
      vertex 78.6611 8.761 4
    endloop
  endfacet
  facet normal -0.0784506 -0.996918 -0
    outer loop
      vertex 78.8019 8.74992 4
      vertex 78.6611 8.761 0
      vertex 78.8019 8.74992 0
    endloop
  endfacet
  facet normal -0.233427 -0.972374 0
    outer loop
      vertex 78.8019 8.74992 0
      vertex 78.9392 8.71696 4
      vertex 78.8019 8.74992 4
    endloop
  endfacet
  facet normal -0.233427 -0.972374 -0
    outer loop
      vertex 78.9392 8.71696 4
      vertex 78.8019 8.74992 0
      vertex 78.9392 8.71696 0
    endloop
  endfacet
  facet normal -0.382594 -0.923917 0
    outer loop
      vertex 78.9392 8.71696 0
      vertex 79.0697 8.66292 4
      vertex 78.9392 8.71696 4
    endloop
  endfacet
  facet normal -0.382594 -0.923917 -0
    outer loop
      vertex 79.0697 8.66292 4
      vertex 78.9392 8.71696 0
      vertex 79.0697 8.66292 0
    endloop
  endfacet
  facet normal -0.522544 -0.852612 0
    outer loop
      vertex 79.0697 8.66292 0
      vertex 79.1901 8.58913 4
      vertex 79.0697 8.66292 4
    endloop
  endfacet
  facet normal -0.522544 -0.852612 -0
    outer loop
      vertex 79.1901 8.58913 4
      vertex 79.0697 8.66292 0
      vertex 79.1901 8.58913 0
    endloop
  endfacet
  facet normal -0.649414 -0.760435 0
    outer loop
      vertex 79.1901 8.58913 0
      vertex 79.2975 8.49741 4
      vertex 79.1901 8.58913 4
    endloop
  endfacet
  facet normal -0.649414 -0.760435 -0
    outer loop
      vertex 79.2975 8.49741 4
      vertex 79.1901 8.58913 0
      vertex 79.2975 8.49741 0
    endloop
  endfacet
  facet normal -0.760505 -0.649332 0
    outer loop
      vertex 79.3892 8.39001 0
      vertex 79.2975 8.49741 4
      vertex 79.2975 8.49741 0
    endloop
  endfacet
  facet normal -0.760505 -0.649332 0
    outer loop
      vertex 79.2975 8.49741 4
      vertex 79.3892 8.39001 0
      vertex 79.3892 8.39001 4
    endloop
  endfacet
  facet normal -0.85262 -0.522532 0
    outer loop
      vertex 79.463 8.26959 0
      vertex 79.3892 8.39001 4
      vertex 79.3892 8.39001 0
    endloop
  endfacet
  facet normal -0.85262 -0.522532 0
    outer loop
      vertex 79.3892 8.39001 4
      vertex 79.463 8.26959 0
      vertex 79.463 8.26959 4
    endloop
  endfacet
  facet normal -0.923725 -0.383056 0
    outer loop
      vertex 79.5171 8.13913 0
      vertex 79.463 8.26959 4
      vertex 79.463 8.26959 0
    endloop
  endfacet
  facet normal -0.923725 -0.383056 0
    outer loop
      vertex 79.463 8.26959 4
      vertex 79.5171 8.13913 0
      vertex 79.5171 8.13913 4
    endloop
  endfacet
  facet normal -0.972482 -0.232977 0
    outer loop
      vertex 79.55 8.0018 0
      vertex 79.5171 8.13913 4
      vertex 79.5171 8.13913 0
    endloop
  endfacet
  facet normal -0.972482 -0.232977 0
    outer loop
      vertex 79.5171 8.13913 4
      vertex 79.55 8.0018 0
      vertex 79.55 8.0018 4
    endloop
  endfacet
  facet normal -0.996906 -0.0785969 0
    outer loop
      vertex 79.5611 7.86101 0
      vertex 79.55 8.0018 4
      vertex 79.55 8.0018 0
    endloop
  endfacet
  facet normal -0.996906 -0.0785969 0
    outer loop
      vertex 79.55 8.0018 4
      vertex 79.5611 7.86101 0
      vertex 79.5611 7.86101 4
    endloop
  endfacet
  facet normal -0.996907 0.0785914 0
    outer loop
      vertex 79.55 7.72021 0
      vertex 79.5611 7.86101 4
      vertex 79.5611 7.86101 0
    endloop
  endfacet
  facet normal -0.996907 0.0785914 0
    outer loop
      vertex 79.5611 7.86101 4
      vertex 79.55 7.72021 0
      vertex 79.55 7.72021 4
    endloop
  endfacet
  facet normal -0.972479 0.232993 0
    outer loop
      vertex 79.5171 7.58289 0
      vertex 79.55 7.72021 4
      vertex 79.55 7.72021 0
    endloop
  endfacet
  facet normal -0.972479 0.232993 0
    outer loop
      vertex 79.55 7.72021 4
      vertex 79.5171 7.58289 0
      vertex 79.5171 7.58289 4
    endloop
  endfacet
  facet normal -0.923735 0.383031 0
    outer loop
      vertex 79.463 7.45242 0
      vertex 79.5171 7.58289 4
      vertex 79.5171 7.58289 0
    endloop
  endfacet
  facet normal -0.923735 0.383031 0
    outer loop
      vertex 79.5171 7.58289 4
      vertex 79.463 7.45242 0
      vertex 79.463 7.45242 4
    endloop
  endfacet
  facet normal -0.85262 0.522532 0
    outer loop
      vertex 79.3892 7.332 0
      vertex 79.463 7.45242 4
      vertex 79.463 7.45242 0
    endloop
  endfacet
  facet normal -0.85262 0.522532 0
    outer loop
      vertex 79.463 7.45242 4
      vertex 79.3892 7.332 0
      vertex 79.3892 7.332 4
    endloop
  endfacet
  facet normal -0.760475 0.649367 0
    outer loop
      vertex 79.2975 7.22461 0
      vertex 79.3892 7.332 4
      vertex 79.3892 7.332 0
    endloop
  endfacet
  facet normal -0.760475 0.649367 0
    outer loop
      vertex 79.3892 7.332 4
      vertex 79.2975 7.22461 0
      vertex 79.2975 7.22461 4
    endloop
  endfacet
  facet normal -0.649414 0.760435 0
    outer loop
      vertex 79.2975 7.22461 0
      vertex 79.1901 7.13289 4
      vertex 79.2975 7.22461 4
    endloop
  endfacet
  facet normal -0.649414 0.760435 0
    outer loop
      vertex 79.1901 7.13289 4
      vertex 79.2975 7.22461 0
      vertex 79.1901 7.13289 0
    endloop
  endfacet
  facet normal -0.522544 0.852612 0
    outer loop
      vertex 79.1901 7.13289 0
      vertex 79.0697 7.0591 4
      vertex 79.1901 7.13289 4
    endloop
  endfacet
  facet normal -0.522544 0.852612 0
    outer loop
      vertex 79.0697 7.0591 4
      vertex 79.1901 7.13289 0
      vertex 79.0697 7.0591 0
    endloop
  endfacet
  facet normal -0.382654 0.923892 0
    outer loop
      vertex 79.0697 7.0591 0
      vertex 78.9392 7.00505 4
      vertex 79.0697 7.0591 4
    endloop
  endfacet
  facet normal -0.382654 0.923892 0
    outer loop
      vertex 78.9392 7.00505 4
      vertex 79.0697 7.0591 0
      vertex 78.9392 7.00505 0
    endloop
  endfacet
  facet normal -0.233427 0.972374 0
    outer loop
      vertex 78.9392 7.00505 0
      vertex 78.8019 6.97209 4
      vertex 78.9392 7.00505 4
    endloop
  endfacet
  facet normal -0.233427 0.972374 0
    outer loop
      vertex 78.8019 6.97209 4
      vertex 78.9392 7.00505 0
      vertex 78.8019 6.97209 0
    endloop
  endfacet
  facet normal -0.0784506 0.996918 0
    outer loop
      vertex 78.8019 6.97209 0
      vertex 78.6611 6.96101 4
      vertex 78.8019 6.97209 4
    endloop
  endfacet
  facet normal -0.0784506 0.996918 0
    outer loop
      vertex 78.6611 6.96101 4
      vertex 78.8019 6.97209 0
      vertex 78.6611 6.96101 0
    endloop
  endfacet
  facet normal 0.0784506 0.996918 -0
    outer loop
      vertex 78.6611 6.96101 0
      vertex 78.5203 6.97209 4
      vertex 78.6611 6.96101 4
    endloop
  endfacet
  facet normal 0.0784506 0.996918 0
    outer loop
      vertex 78.5203 6.97209 4
      vertex 78.6611 6.96101 0
      vertex 78.5203 6.97209 0
    endloop
  endfacet
  facet normal 0.23391 0.972258 -0
    outer loop
      vertex 138.52 6.97209 0
      vertex 138.383 7.00505 4
      vertex 138.52 6.97209 4
    endloop
  endfacet
  facet normal 0.23391 0.972258 0
    outer loop
      vertex 138.383 7.00505 4
      vertex 138.52 6.97209 0
      vertex 138.383 7.00505 0
    endloop
  endfacet
  facet normal 0.383909 0.923371 -0
    outer loop
      vertex 138.383 7.00505 0
      vertex 138.253 7.0591 4
      vertex 138.383 7.00505 4
    endloop
  endfacet
  facet normal 0.383909 0.923371 0
    outer loop
      vertex 138.253 7.0591 4
      vertex 138.383 7.00505 0
      vertex 138.253 7.0591 0
    endloop
  endfacet
  facet normal 0.520656 0.853766 -0
    outer loop
      vertex 138.253 7.0591 0
      vertex 138.132 7.13289 4
      vertex 138.253 7.0591 4
    endloop
  endfacet
  facet normal 0.520656 0.853766 0
    outer loop
      vertex 138.132 7.13289 4
      vertex 138.253 7.0591 0
      vertex 138.132 7.13289 0
    endloop
  endfacet
  facet normal 0.650815 0.759237 -0
    outer loop
      vertex 138.132 7.13289 0
      vertex 138.025 7.22461 4
      vertex 138.132 7.13289 4
    endloop
  endfacet
  facet normal 0.650815 0.759237 0
    outer loop
      vertex 138.025 7.22461 4
      vertex 138.132 7.13289 0
      vertex 138.025 7.22461 0
    endloop
  endfacet
  facet normal 0.759426 0.650593 0
    outer loop
      vertex 138.025 7.22461 4
      vertex 137.933 7.332 0
      vertex 137.933 7.332 4
    endloop
  endfacet
  facet normal 0.759426 0.650593 0
    outer loop
      vertex 137.933 7.332 0
      vertex 138.025 7.22461 4
      vertex 138.025 7.22461 0
    endloop
  endfacet
  facet normal 0.851989 0.52356 0
    outer loop
      vertex 137.933 7.332 4
      vertex 137.859 7.45242 0
      vertex 137.859 7.45242 4
    endloop
  endfacet
  facet normal 0.851989 0.52356 0
    outer loop
      vertex 137.859 7.45242 0
      vertex 137.933 7.332 4
      vertex 137.933 7.332 0
    endloop
  endfacet
  facet normal 0.923986 0.382427 0
    outer loop
      vertex 137.859 7.45242 4
      vertex 137.805 7.58289 0
      vertex 137.805 7.58289 4
    endloop
  endfacet
  facet normal 0.923986 0.382427 0
    outer loop
      vertex 137.805 7.58289 0
      vertex 137.859 7.45242 4
      vertex 137.859 7.45242 0
    endloop
  endfacet
  facet normal 0.972318 0.233662 0
    outer loop
      vertex 137.805 7.58289 4
      vertex 137.772 7.72021 0
      vertex 137.772 7.72021 4
    endloop
  endfacet
  facet normal 0.972318 0.233662 0
    outer loop
      vertex 137.772 7.72021 0
      vertex 137.805 7.58289 4
      vertex 137.805 7.58289 0
    endloop
  endfacet
  facet normal 0.996962 0.0778877 0
    outer loop
      vertex 137.772 7.72021 4
      vertex 137.761 7.86101 0
      vertex 137.761 7.86101 4
    endloop
  endfacet
  facet normal 0.996962 0.0778877 0
    outer loop
      vertex 137.761 7.86101 0
      vertex 137.772 7.72021 4
      vertex 137.772 7.72021 0
    endloop
  endfacet
  facet normal 0.996962 -0.0778932 0
    outer loop
      vertex 137.761 7.86101 4
      vertex 137.772 8.0018 0
      vertex 137.772 8.0018 4
    endloop
  endfacet
  facet normal 0.996962 -0.0778932 0
    outer loop
      vertex 137.772 8.0018 0
      vertex 137.761 7.86101 4
      vertex 137.761 7.86101 0
    endloop
  endfacet
  facet normal 0.972322 -0.233646 0
    outer loop
      vertex 137.772 8.0018 4
      vertex 137.805 8.13913 0
      vertex 137.805 8.13913 4
    endloop
  endfacet
  facet normal 0.972322 -0.233646 0
    outer loop
      vertex 137.805 8.13913 0
      vertex 137.772 8.0018 4
      vertex 137.772 8.0018 0
    endloop
  endfacet
  facet normal 0.923975 -0.382452 0
    outer loop
      vertex 137.805 8.13913 4
      vertex 137.859 8.26959 0
      vertex 137.859 8.26959 4
    endloop
  endfacet
  facet normal 0.923975 -0.382452 0
    outer loop
      vertex 137.859 8.26959 0
      vertex 137.805 8.13913 4
      vertex 137.805 8.13913 0
    endloop
  endfacet
  facet normal 0.851989 -0.52356 0
    outer loop
      vertex 137.859 8.26959 4
      vertex 137.933 8.39001 0
      vertex 137.933 8.39001 4
    endloop
  endfacet
  facet normal 0.851989 -0.52356 0
    outer loop
      vertex 137.933 8.39001 0
      vertex 137.859 8.26959 4
      vertex 137.859 8.26959 0
    endloop
  endfacet
  facet normal 0.759456 -0.650558 0
    outer loop
      vertex 137.933 8.39001 4
      vertex 138.025 8.49741 0
      vertex 138.025 8.49741 4
    endloop
  endfacet
  facet normal 0.759456 -0.650558 0
    outer loop
      vertex 138.025 8.49741 0
      vertex 137.933 8.39001 4
      vertex 137.933 8.39001 0
    endloop
  endfacet
  facet normal 0.650815 -0.759237 0
    outer loop
      vertex 138.025 8.49741 0
      vertex 138.132 8.58913 4
      vertex 138.025 8.49741 4
    endloop
  endfacet
  facet normal 0.650815 -0.759237 0
    outer loop
      vertex 138.132 8.58913 4
      vertex 138.025 8.49741 0
      vertex 138.132 8.58913 0
    endloop
  endfacet
  facet normal 0.520656 -0.853766 0
    outer loop
      vertex 138.132 8.58913 0
      vertex 138.253 8.66292 4
      vertex 138.132 8.58913 4
    endloop
  endfacet
  facet normal 0.520656 -0.853766 0
    outer loop
      vertex 138.253 8.66292 4
      vertex 138.132 8.58913 0
      vertex 138.253 8.66292 0
    endloop
  endfacet
  facet normal 0.383849 -0.923396 0
    outer loop
      vertex 138.253 8.66292 0
      vertex 138.383 8.71696 4
      vertex 138.253 8.66292 4
    endloop
  endfacet
  facet normal 0.383849 -0.923396 0
    outer loop
      vertex 138.383 8.71696 4
      vertex 138.253 8.66292 0
      vertex 138.383 8.71696 0
    endloop
  endfacet
  facet normal 0.23391 -0.972258 0
    outer loop
      vertex 138.383 8.71696 0
      vertex 138.52 8.74992 4
      vertex 138.383 8.71696 4
    endloop
  endfacet
  facet normal 0.23391 -0.972258 0
    outer loop
      vertex 138.52 8.74992 4
      vertex 138.383 8.71696 0
      vertex 138.52 8.74992 0
    endloop
  endfacet
  facet normal 0.0783401 -0.996927 0
    outer loop
      vertex 138.52 8.74992 0
      vertex 138.661 8.761 4
      vertex 138.52 8.74992 4
    endloop
  endfacet
  facet normal 0.0783401 -0.996927 0
    outer loop
      vertex 138.661 8.761 4
      vertex 138.52 8.74992 0
      vertex 138.661 8.761 0
    endloop
  endfacet
  facet normal -0.0783401 -0.996927 0
    outer loop
      vertex 138.661 8.761 0
      vertex 138.802 8.74992 4
      vertex 138.661 8.761 4
    endloop
  endfacet
  facet normal -0.0783401 -0.996927 -0
    outer loop
      vertex 138.802 8.74992 4
      vertex 138.661 8.761 0
      vertex 138.802 8.74992 0
    endloop
  endfacet
  facet normal -0.23391 -0.972258 0
    outer loop
      vertex 138.802 8.74992 0
      vertex 138.939 8.71696 4
      vertex 138.802 8.74992 4
    endloop
  endfacet
  facet normal -0.23391 -0.972258 -0
    outer loop
      vertex 138.939 8.71696 4
      vertex 138.802 8.74992 0
      vertex 138.939 8.71696 0
    endloop
  endfacet
  facet normal -0.381346 -0.924432 0
    outer loop
      vertex 138.939 8.71696 0
      vertex 139.07 8.66292 4
      vertex 138.939 8.71696 4
    endloop
  endfacet
  facet normal -0.381346 -0.924432 -0
    outer loop
      vertex 139.07 8.66292 4
      vertex 138.939 8.71696 0
      vertex 139.07 8.66292 0
    endloop
  endfacet
  facet normal -0.523808 -0.851836 0
    outer loop
      vertex 139.07 8.66292 0
      vertex 139.19 8.58913 4
      vertex 139.07 8.66292 4
    endloop
  endfacet
  facet normal -0.523808 -0.851836 -0
    outer loop
      vertex 139.19 8.58913 4
      vertex 139.07 8.66292 0
      vertex 139.19 8.58913 0
    endloop
  endfacet
  facet normal -0.647321 -0.762218 0
    outer loop
      vertex 139.19 8.58913 0
      vertex 139.298 8.49741 4
      vertex 139.19 8.58913 4
    endloop
  endfacet
  facet normal -0.647321 -0.762218 -0
    outer loop
      vertex 139.298 8.49741 4
      vertex 139.19 8.58913 0
      vertex 139.298 8.49741 0
    endloop
  endfacet
  facet normal -0.762955 -0.646452 0
    outer loop
      vertex 139.389 8.39001 0
      vertex 139.298 8.49741 4
      vertex 139.298 8.49741 0
    endloop
  endfacet
  facet normal -0.762955 -0.646452 0
    outer loop
      vertex 139.298 8.49741 4
      vertex 139.389 8.39001 0
      vertex 139.389 8.39001 4
    endloop
  endfacet
  facet normal -0.851989 -0.52356 0
    outer loop
      vertex 139.463 8.26959 0
      vertex 139.389 8.39001 4
      vertex 139.389 8.39001 0
    endloop
  endfacet
  facet normal -0.851989 -0.52356 0
    outer loop
      vertex 139.389 8.39001 4
      vertex 139.463 8.26959 0
      vertex 139.463 8.26959 4
    endloop
  endfacet
  facet normal -0.923975 -0.382452 0
    outer loop
      vertex 139.517 8.13913 0
      vertex 139.463 8.26959 4
      vertex 139.463 8.26959 0
    endloop
  endfacet
  facet normal -0.923975 -0.382452 0
    outer loop
      vertex 139.463 8.26959 4
      vertex 139.517 8.13913 0
      vertex 139.517 8.13913 4
    endloop
  endfacet
  facet normal -0.972322 -0.233646 0
    outer loop
      vertex 139.55 8.0018 0
      vertex 139.517 8.13913 4
      vertex 139.517 8.13913 0
    endloop
  endfacet
  facet normal -0.972322 -0.233646 0
    outer loop
      vertex 139.517 8.13913 4
      vertex 139.55 8.0018 0
      vertex 139.55 8.0018 4
    endloop
  endfacet
  facet normal -0.996962 -0.0778932 0
    outer loop
      vertex 139.561 7.86101 0
      vertex 139.55 8.0018 4
      vertex 139.55 8.0018 0
    endloop
  endfacet
  facet normal -0.996962 -0.0778932 0
    outer loop
      vertex 139.55 8.0018 4
      vertex 139.561 7.86101 0
      vertex 139.561 7.86101 4
    endloop
  endfacet
  facet normal -0.996962 0.0778877 0
    outer loop
      vertex 139.55 7.72021 0
      vertex 139.561 7.86101 4
      vertex 139.561 7.86101 0
    endloop
  endfacet
  facet normal -0.996962 0.0778877 0
    outer loop
      vertex 139.561 7.86101 4
      vertex 139.55 7.72021 0
      vertex 139.55 7.72021 4
    endloop
  endfacet
  facet normal -0.972318 0.233662 0
    outer loop
      vertex 139.517 7.58289 0
      vertex 139.55 7.72021 4
      vertex 139.55 7.72021 0
    endloop
  endfacet
  facet normal -0.972318 0.233662 0
    outer loop
      vertex 139.55 7.72021 4
      vertex 139.517 7.58289 0
      vertex 139.517 7.58289 4
    endloop
  endfacet
  facet normal -0.923986 0.382427 0
    outer loop
      vertex 139.463 7.45242 0
      vertex 139.517 7.58289 4
      vertex 139.517 7.58289 0
    endloop
  endfacet
  facet normal -0.923986 0.382427 0
    outer loop
      vertex 139.517 7.58289 4
      vertex 139.463 7.45242 0
      vertex 139.463 7.45242 4
    endloop
  endfacet
  facet normal -0.851989 0.52356 0
    outer loop
      vertex 139.389 7.332 0
      vertex 139.463 7.45242 4
      vertex 139.463 7.45242 0
    endloop
  endfacet
  facet normal -0.851989 0.52356 0
    outer loop
      vertex 139.463 7.45242 4
      vertex 139.389 7.332 0
      vertex 139.389 7.332 4
    endloop
  endfacet
  facet normal -0.762925 0.646487 0
    outer loop
      vertex 139.298 7.22461 0
      vertex 139.389 7.332 4
      vertex 139.389 7.332 0
    endloop
  endfacet
  facet normal -0.762925 0.646487 0
    outer loop
      vertex 139.389 7.332 4
      vertex 139.298 7.22461 0
      vertex 139.298 7.22461 4
    endloop
  endfacet
  facet normal -0.647321 0.762218 0
    outer loop
      vertex 139.298 7.22461 0
      vertex 139.19 7.13289 4
      vertex 139.298 7.22461 4
    endloop
  endfacet
  facet normal -0.647321 0.762218 0
    outer loop
      vertex 139.19 7.13289 4
      vertex 139.298 7.22461 0
      vertex 139.19 7.13289 0
    endloop
  endfacet
  facet normal -0.523808 0.851836 0
    outer loop
      vertex 139.19 7.13289 0
      vertex 139.07 7.0591 4
      vertex 139.19 7.13289 4
    endloop
  endfacet
  facet normal -0.523808 0.851836 0
    outer loop
      vertex 139.07 7.0591 4
      vertex 139.19 7.13289 0
      vertex 139.07 7.0591 0
    endloop
  endfacet
  facet normal -0.381406 0.924408 0
    outer loop
      vertex 139.07 7.0591 0
      vertex 138.939 7.00505 4
      vertex 139.07 7.0591 4
    endloop
  endfacet
  facet normal -0.381406 0.924408 0
    outer loop
      vertex 138.939 7.00505 4
      vertex 139.07 7.0591 0
      vertex 138.939 7.00505 0
    endloop
  endfacet
  facet normal -0.23391 0.972258 0
    outer loop
      vertex 138.939 7.00505 0
      vertex 138.802 6.97209 4
      vertex 138.939 7.00505 4
    endloop
  endfacet
  facet normal -0.23391 0.972258 0
    outer loop
      vertex 138.802 6.97209 4
      vertex 138.939 7.00505 0
      vertex 138.802 6.97209 0
    endloop
  endfacet
  facet normal -0.0783401 0.996927 0
    outer loop
      vertex 138.802 6.97209 0
      vertex 138.661 6.96101 4
      vertex 138.802 6.97209 4
    endloop
  endfacet
  facet normal -0.0783401 0.996927 0
    outer loop
      vertex 138.661 6.96101 4
      vertex 138.802 6.97209 0
      vertex 138.661 6.96101 0
    endloop
  endfacet
  facet normal 0.0783401 0.996927 -0
    outer loop
      vertex 138.661 6.96101 0
      vertex 138.52 6.97209 4
      vertex 138.661 6.96101 4
    endloop
  endfacet
  facet normal 0.0783401 0.996927 0
    outer loop
      vertex 138.52 6.97209 4
      vertex 138.661 6.96101 0
      vertex 138.52 6.97209 0
    endloop
  endfacet
  facet normal 0.23391 0.972258 -0
    outer loop
      vertex 198.52 6.97209 0
      vertex 198.383 7.00505 4
      vertex 198.52 6.97209 4
    endloop
  endfacet
  facet normal 0.23391 0.972258 0
    outer loop
      vertex 198.383 7.00505 4
      vertex 198.52 6.97209 0
      vertex 198.383 7.00505 0
    endloop
  endfacet
  facet normal 0.383909 0.923371 -0
    outer loop
      vertex 198.383 7.00505 0
      vertex 198.253 7.0591 4
      vertex 198.383 7.00505 4
    endloop
  endfacet
  facet normal 0.383909 0.923371 0
    outer loop
      vertex 198.253 7.0591 4
      vertex 198.383 7.00505 0
      vertex 198.253 7.0591 0
    endloop
  endfacet
  facet normal 0.520656 0.853766 -0
    outer loop
      vertex 198.253 7.0591 0
      vertex 198.132 7.13289 4
      vertex 198.253 7.0591 4
    endloop
  endfacet
  facet normal 0.520656 0.853766 0
    outer loop
      vertex 198.132 7.13289 4
      vertex 198.253 7.0591 0
      vertex 198.132 7.13289 0
    endloop
  endfacet
  facet normal 0.650815 0.759237 -0
    outer loop
      vertex 198.132 7.13289 0
      vertex 198.025 7.22461 4
      vertex 198.132 7.13289 4
    endloop
  endfacet
  facet normal 0.650815 0.759237 0
    outer loop
      vertex 198.025 7.22461 4
      vertex 198.132 7.13289 0
      vertex 198.025 7.22461 0
    endloop
  endfacet
  facet normal 0.759426 0.650593 0
    outer loop
      vertex 198.025 7.22461 4
      vertex 197.933 7.332 0
      vertex 197.933 7.332 4
    endloop
  endfacet
  facet normal 0.759426 0.650593 0
    outer loop
      vertex 197.933 7.332 0
      vertex 198.025 7.22461 4
      vertex 198.025 7.22461 0
    endloop
  endfacet
  facet normal 0.851989 0.52356 0
    outer loop
      vertex 197.933 7.332 4
      vertex 197.859 7.45242 0
      vertex 197.859 7.45242 4
    endloop
  endfacet
  facet normal 0.851989 0.52356 0
    outer loop
      vertex 197.859 7.45242 0
      vertex 197.933 7.332 4
      vertex 197.933 7.332 0
    endloop
  endfacet
  facet normal 0.923986 0.382427 0
    outer loop
      vertex 197.859 7.45242 4
      vertex 197.805 7.58289 0
      vertex 197.805 7.58289 4
    endloop
  endfacet
  facet normal 0.923986 0.382427 0
    outer loop
      vertex 197.805 7.58289 0
      vertex 197.859 7.45242 4
      vertex 197.859 7.45242 0
    endloop
  endfacet
  facet normal 0.972318 0.233662 0
    outer loop
      vertex 197.805 7.58289 4
      vertex 197.772 7.72021 0
      vertex 197.772 7.72021 4
    endloop
  endfacet
  facet normal 0.972318 0.233662 0
    outer loop
      vertex 197.772 7.72021 0
      vertex 197.805 7.58289 4
      vertex 197.805 7.58289 0
    endloop
  endfacet
  facet normal 0.996962 0.0778877 0
    outer loop
      vertex 197.772 7.72021 4
      vertex 197.761 7.86101 0
      vertex 197.761 7.86101 4
    endloop
  endfacet
  facet normal 0.996962 0.0778877 0
    outer loop
      vertex 197.761 7.86101 0
      vertex 197.772 7.72021 4
      vertex 197.772 7.72021 0
    endloop
  endfacet
  facet normal 0.996962 -0.0778932 0
    outer loop
      vertex 197.761 7.86101 4
      vertex 197.772 8.0018 0
      vertex 197.772 8.0018 4
    endloop
  endfacet
  facet normal 0.996962 -0.0778932 0
    outer loop
      vertex 197.772 8.0018 0
      vertex 197.761 7.86101 4
      vertex 197.761 7.86101 0
    endloop
  endfacet
  facet normal 0.972322 -0.233646 0
    outer loop
      vertex 197.772 8.0018 4
      vertex 197.805 8.13913 0
      vertex 197.805 8.13913 4
    endloop
  endfacet
  facet normal 0.972322 -0.233646 0
    outer loop
      vertex 197.805 8.13913 0
      vertex 197.772 8.0018 4
      vertex 197.772 8.0018 0
    endloop
  endfacet
  facet normal 0.923975 -0.382452 0
    outer loop
      vertex 197.805 8.13913 4
      vertex 197.859 8.26959 0
      vertex 197.859 8.26959 4
    endloop
  endfacet
  facet normal 0.923975 -0.382452 0
    outer loop
      vertex 197.859 8.26959 0
      vertex 197.805 8.13913 4
      vertex 197.805 8.13913 0
    endloop
  endfacet
  facet normal 0.851989 -0.52356 0
    outer loop
      vertex 197.859 8.26959 4
      vertex 197.933 8.39001 0
      vertex 197.933 8.39001 4
    endloop
  endfacet
  facet normal 0.851989 -0.52356 0
    outer loop
      vertex 197.933 8.39001 0
      vertex 197.859 8.26959 4
      vertex 197.859 8.26959 0
    endloop
  endfacet
  facet normal 0.759456 -0.650558 0
    outer loop
      vertex 197.933 8.39001 4
      vertex 198.025 8.49741 0
      vertex 198.025 8.49741 4
    endloop
  endfacet
  facet normal 0.759456 -0.650558 0
    outer loop
      vertex 198.025 8.49741 0
      vertex 197.933 8.39001 4
      vertex 197.933 8.39001 0
    endloop
  endfacet
  facet normal 0.650815 -0.759237 0
    outer loop
      vertex 198.025 8.49741 0
      vertex 198.132 8.58913 4
      vertex 198.025 8.49741 4
    endloop
  endfacet
  facet normal 0.650815 -0.759237 0
    outer loop
      vertex 198.132 8.58913 4
      vertex 198.025 8.49741 0
      vertex 198.132 8.58913 0
    endloop
  endfacet
  facet normal 0.520656 -0.853766 0
    outer loop
      vertex 198.132 8.58913 0
      vertex 198.253 8.66292 4
      vertex 198.132 8.58913 4
    endloop
  endfacet
  facet normal 0.520656 -0.853766 0
    outer loop
      vertex 198.253 8.66292 4
      vertex 198.132 8.58913 0
      vertex 198.253 8.66292 0
    endloop
  endfacet
  facet normal 0.383849 -0.923396 0
    outer loop
      vertex 198.253 8.66292 0
      vertex 198.383 8.71696 4
      vertex 198.253 8.66292 4
    endloop
  endfacet
  facet normal 0.383849 -0.923396 0
    outer loop
      vertex 198.383 8.71696 4
      vertex 198.253 8.66292 0
      vertex 198.383 8.71696 0
    endloop
  endfacet
  facet normal 0.23391 -0.972258 0
    outer loop
      vertex 198.383 8.71696 0
      vertex 198.52 8.74992 4
      vertex 198.383 8.71696 4
    endloop
  endfacet
  facet normal 0.23391 -0.972258 0
    outer loop
      vertex 198.52 8.74992 4
      vertex 198.383 8.71696 0
      vertex 198.52 8.74992 0
    endloop
  endfacet
  facet normal 0.0783401 -0.996927 0
    outer loop
      vertex 198.52 8.74992 0
      vertex 198.661 8.761 4
      vertex 198.52 8.74992 4
    endloop
  endfacet
  facet normal 0.0783401 -0.996927 0
    outer loop
      vertex 198.661 8.761 4
      vertex 198.52 8.74992 0
      vertex 198.661 8.761 0
    endloop
  endfacet
  facet normal -0.0783401 -0.996927 0
    outer loop
      vertex 198.661 8.761 0
      vertex 198.802 8.74992 4
      vertex 198.661 8.761 4
    endloop
  endfacet
  facet normal -0.0783401 -0.996927 -0
    outer loop
      vertex 198.802 8.74992 4
      vertex 198.661 8.761 0
      vertex 198.802 8.74992 0
    endloop
  endfacet
  facet normal -0.23391 -0.972258 0
    outer loop
      vertex 198.802 8.74992 0
      vertex 198.939 8.71696 4
      vertex 198.802 8.74992 4
    endloop
  endfacet
  facet normal -0.23391 -0.972258 -0
    outer loop
      vertex 198.939 8.71696 4
      vertex 198.802 8.74992 0
      vertex 198.939 8.71696 0
    endloop
  endfacet
  facet normal -0.381346 -0.924432 0
    outer loop
      vertex 198.939 8.71696 0
      vertex 199.07 8.66292 4
      vertex 198.939 8.71696 4
    endloop
  endfacet
  facet normal -0.381346 -0.924432 -0
    outer loop
      vertex 199.07 8.66292 4
      vertex 198.939 8.71696 0
      vertex 199.07 8.66292 0
    endloop
  endfacet
  facet normal -0.523808 -0.851836 0
    outer loop
      vertex 199.07 8.66292 0
      vertex 199.19 8.58913 4
      vertex 199.07 8.66292 4
    endloop
  endfacet
  facet normal -0.523808 -0.851836 -0
    outer loop
      vertex 199.19 8.58913 4
      vertex 199.07 8.66292 0
      vertex 199.19 8.58913 0
    endloop
  endfacet
  facet normal -0.650815 -0.759237 0
    outer loop
      vertex 199.19 8.58913 0
      vertex 199.297 8.49741 4
      vertex 199.19 8.58913 4
    endloop
  endfacet
  facet normal -0.650815 -0.759237 -0
    outer loop
      vertex 199.297 8.49741 4
      vertex 199.19 8.58913 0
      vertex 199.297 8.49741 0
    endloop
  endfacet
  facet normal -0.759456 -0.650558 0
    outer loop
      vertex 199.389 8.39001 0
      vertex 199.297 8.49741 4
      vertex 199.297 8.49741 0
    endloop
  endfacet
  facet normal -0.759456 -0.650558 0
    outer loop
      vertex 199.297 8.49741 4
      vertex 199.389 8.39001 0
      vertex 199.389 8.39001 4
    endloop
  endfacet
  facet normal -0.851989 -0.52356 0
    outer loop
      vertex 199.463 8.26959 0
      vertex 199.389 8.39001 4
      vertex 199.389 8.39001 0
    endloop
  endfacet
  facet normal -0.851989 -0.52356 0
    outer loop
      vertex 199.389 8.39001 4
      vertex 199.463 8.26959 0
      vertex 199.463 8.26959 4
    endloop
  endfacet
  facet normal -0.923975 -0.382452 0
    outer loop
      vertex 199.517 8.13913 0
      vertex 199.463 8.26959 4
      vertex 199.463 8.26959 0
    endloop
  endfacet
  facet normal -0.923975 -0.382452 0
    outer loop
      vertex 199.463 8.26959 4
      vertex 199.517 8.13913 0
      vertex 199.517 8.13913 4
    endloop
  endfacet
  facet normal -0.972322 -0.233646 0
    outer loop
      vertex 199.55 8.0018 0
      vertex 199.517 8.13913 4
      vertex 199.517 8.13913 0
    endloop
  endfacet
  facet normal -0.972322 -0.233646 0
    outer loop
      vertex 199.517 8.13913 4
      vertex 199.55 8.0018 0
      vertex 199.55 8.0018 4
    endloop
  endfacet
  facet normal -0.996962 -0.0778932 0
    outer loop
      vertex 199.561 7.86101 0
      vertex 199.55 8.0018 4
      vertex 199.55 8.0018 0
    endloop
  endfacet
  facet normal -0.996962 -0.0778932 0
    outer loop
      vertex 199.55 8.0018 4
      vertex 199.561 7.86101 0
      vertex 199.561 7.86101 4
    endloop
  endfacet
  facet normal -0.996962 0.0778877 0
    outer loop
      vertex 199.55 7.72021 0
      vertex 199.561 7.86101 4
      vertex 199.561 7.86101 0
    endloop
  endfacet
  facet normal -0.996962 0.0778877 0
    outer loop
      vertex 199.561 7.86101 4
      vertex 199.55 7.72021 0
      vertex 199.55 7.72021 4
    endloop
  endfacet
  facet normal -0.972318 0.233662 0
    outer loop
      vertex 199.517 7.58289 0
      vertex 199.55 7.72021 4
      vertex 199.55 7.72021 0
    endloop
  endfacet
  facet normal -0.972318 0.233662 0
    outer loop
      vertex 199.55 7.72021 4
      vertex 199.517 7.58289 0
      vertex 199.517 7.58289 4
    endloop
  endfacet
  facet normal -0.923986 0.382427 0
    outer loop
      vertex 199.463 7.45242 0
      vertex 199.517 7.58289 4
      vertex 199.517 7.58289 0
    endloop
  endfacet
  facet normal -0.923986 0.382427 0
    outer loop
      vertex 199.517 7.58289 4
      vertex 199.463 7.45242 0
      vertex 199.463 7.45242 4
    endloop
  endfacet
  facet normal -0.851989 0.52356 0
    outer loop
      vertex 199.389 7.332 0
      vertex 199.463 7.45242 4
      vertex 199.463 7.45242 0
    endloop
  endfacet
  facet normal -0.851989 0.52356 0
    outer loop
      vertex 199.463 7.45242 4
      vertex 199.389 7.332 0
      vertex 199.389 7.332 4
    endloop
  endfacet
  facet normal -0.759426 0.650593 0
    outer loop
      vertex 199.297 7.22461 0
      vertex 199.389 7.332 4
      vertex 199.389 7.332 0
    endloop
  endfacet
  facet normal -0.759426 0.650593 0
    outer loop
      vertex 199.389 7.332 4
      vertex 199.297 7.22461 0
      vertex 199.297 7.22461 4
    endloop
  endfacet
  facet normal -0.650815 0.759237 0
    outer loop
      vertex 199.297 7.22461 0
      vertex 199.19 7.13289 4
      vertex 199.297 7.22461 4
    endloop
  endfacet
  facet normal -0.650815 0.759237 0
    outer loop
      vertex 199.19 7.13289 4
      vertex 199.297 7.22461 0
      vertex 199.19 7.13289 0
    endloop
  endfacet
  facet normal -0.523808 0.851836 0
    outer loop
      vertex 199.19 7.13289 0
      vertex 199.07 7.0591 4
      vertex 199.19 7.13289 4
    endloop
  endfacet
  facet normal -0.523808 0.851836 0
    outer loop
      vertex 199.07 7.0591 4
      vertex 199.19 7.13289 0
      vertex 199.07 7.0591 0
    endloop
  endfacet
  facet normal -0.381406 0.924408 0
    outer loop
      vertex 199.07 7.0591 0
      vertex 198.939 7.00505 4
      vertex 199.07 7.0591 4
    endloop
  endfacet
  facet normal -0.381406 0.924408 0
    outer loop
      vertex 198.939 7.00505 4
      vertex 199.07 7.0591 0
      vertex 198.939 7.00505 0
    endloop
  endfacet
  facet normal -0.23391 0.972258 0
    outer loop
      vertex 198.939 7.00505 0
      vertex 198.802 6.97209 4
      vertex 198.939 7.00505 4
    endloop
  endfacet
  facet normal -0.23391 0.972258 0
    outer loop
      vertex 198.802 6.97209 4
      vertex 198.939 7.00505 0
      vertex 198.802 6.97209 0
    endloop
  endfacet
  facet normal -0.0783401 0.996927 0
    outer loop
      vertex 198.802 6.97209 0
      vertex 198.661 6.96101 4
      vertex 198.802 6.97209 4
    endloop
  endfacet
  facet normal -0.0783401 0.996927 0
    outer loop
      vertex 198.661 6.96101 4
      vertex 198.802 6.97209 0
      vertex 198.661 6.96101 0
    endloop
  endfacet
  facet normal 0.0783401 0.996927 -0
    outer loop
      vertex 198.661 6.96101 0
      vertex 198.52 6.97209 4
      vertex 198.661 6.96101 4
    endloop
  endfacet
  facet normal 0.0783401 0.996927 0
    outer loop
      vertex 198.52 6.97209 4
      vertex 198.661 6.96101 0
      vertex 198.52 6.97209 0
    endloop
  endfacet
  facet normal -0 0 -1
    outer loop
      vertex 46.0668 126 0
      vertex 15.7301 125.545 0
      vertex 26.1 136.9 0
    endloop
  endfacet
  facet normal -0 0 -1
    outer loop
      vertex 26.1 136.9 0
      vertex 15.7301 125.545 0
      vertex 17.9 136.9 0
    endloop
  endfacet
  facet normal 0 0 -1
    outer loop
      vertex 15.0083 126 0
      vertex 17.9 136.9 0
      vertex 15.7301 125.545 0
    endloop
  endfacet
  facet normal 0 0 -1
    outer loop
      vertex 15.0083 126 0
      vertex 15.7301 125.545 0
      vertex 15.0611 125.955 0
    endloop
  endfacet
  facet normal 0 0 -1
    outer loop
      vertex 6 126 0
      vertex 17.9 136.9 0
      vertex 15.0083 126 0
    endloop
  endfacet
  facet normal -0 0 -1
    outer loop
      vertex 17.9 136.9 0
      vertex 6 126 0
      vertex 6 141 0
    endloop
  endfacet
  facet normal 0 0 -1
    outer loop
      vertex 17.9 136.9 0
      vertex 6 141 0
      vertex 17.9 141 0
    endloop
  endfacet
  facet normal 0 0 -1
    outer loop
      vertex 46.0668 126 0
      vertex 56.1 136.9 0
      vertex 79.8226 126 0
    endloop
  endfacet
  facet normal -0 0 -1
    outer loop
      vertex 56.1 136.9 0
      vertex 46.0668 126 0
      vertex 47.9 136.9 0
    endloop
  endfacet
  facet normal 0 0 -1
    outer loop
      vertex 26.1 136.9 0
      vertex 47.9 136.9 0
      vertex 46.0668 126 0
    endloop
  endfacet
  facet normal 0 0 -1
    outer loop
      vertex 15.7301 125.545 0
      vertex 46.0668 126 0
      vertex 46.0179 111.594 0
    endloop
  endfacet
  facet normal 0 0 -1
    outer loop
      vertex 47.9 136.9 0
      vertex 26.1 136.9 0
      vertex 47.9 141 0
    endloop
  endfacet
  facet normal -0 0 -1
    outer loop
      vertex 47.9 141 0
      vertex 26.1 136.9 0
      vertex 26.1 141 0
    endloop
  endfacet
  facet normal 0 0 -1
    outer loop
      vertex 75.5549 97.9888 0
      vertex 58.9138 106.905 0
      vertex 59 108 0
    endloop
  endfacet
  facet normal 0 0 -1
    outer loop
      vertex 75.5549 97.9888 0
      vertex 58.6574 105.837 0
      vertex 58.9138 106.905 0
    endloop
  endfacet
  facet normal 0 -0 -1
    outer loop
      vertex 58.6574 105.837 0
      vertex 75.5549 97.9888 0
      vertex 58.6349 105.782 0
    endloop
  endfacet
  facet normal -0 0 -1
    outer loop
      vertex 77.8052 81.5829 0
      vertex 73.4303 80.1614 0
      vertex 77.7722 81.7202 0
    endloop
  endfacet
  facet normal 0 0 -1
    outer loop
      vertex 73.2288 81.0006 0
      vertex 77.7722 81.7202 0
      vertex 73.4303 80.1614 0
    endloop
  endfacet
  facet normal -0 0 -1
    outer loop
      vertex 77.7722 81.7202 0
      vertex 73.2288 81.0006 0
      vertex 77.7611 81.861 0
    endloop
  endfacet
  facet normal 0 0 -1
    outer loop
      vertex 73.1611 81.861 0
      vertex 77.7611 81.861 0
      vertex 73.2288 81.0006 0
    endloop
  endfacet
  facet normal 0 0 -1
    outer loop
      vertex 77.7611 81.861 0
      vertex 73.1611 81.861 0
      vertex 77.7722 82.0018 0
    endloop
  endfacet
  facet normal 0 -0 -1
    outer loop
      vertex 73.2288 82.7214 0
      vertex 77.7722 82.0018 0
      vertex 73.1611 81.861 0
    endloop
  endfacet
  facet normal 0 0 -1
    outer loop
      vertex 77.8052 82.1391 0
      vertex 73.2288 82.7214 0
      vertex 75.5549 97.9888 0
    endloop
  endfacet
  facet normal 0 0 -1
    outer loop
      vertex 77.7722 82.0018 0
      vertex 73.2288 82.7214 0
      vertex 77.8052 82.1391 0
    endloop
  endfacet
  facet normal 0 0 -1
    outer loop
      vertex 75.5549 97.9888 0
      vertex 88.7629 101.572 0
      vertex 79.0697 82.6629 0
    endloop
  endfacet
  facet normal 0 0 -1
    outer loop
      vertex 81.1581 76.9605 0
      vertex 79.55 81.7202 0
      vertex 79.5611 81.861 0
    endloop
  endfacet
  facet normal 0 0 -1
    outer loop
      vertex 78.9392 81.0051 0
      vertex 80.3607 76.6302 0
      vertex 79.5215 76.4287 0
    endloop
  endfacet
  facet normal 0 0 -1
    outer loop
      vertex 81.1581 76.9605 0
      vertex 79.5171 81.5829 0
      vertex 79.55 81.7202 0
    endloop
  endfacet
  facet normal 0 0 -1
    outer loop
      vertex 81.1581 76.9605 0
      vertex 79.463 81.4524 0
      vertex 79.5171 81.5829 0
    endloop
  endfacet
  facet normal 0 0 -1
    outer loop
      vertex 81.1581 76.9605 0
      vertex 79.3892 81.332 0
      vertex 79.463 81.4524 0
    endloop
  endfacet
  facet normal 0 0 -1
    outer loop
      vertex 81.1581 76.9605 0
      vertex 79.2975 81.2246 0
      vertex 79.3892 81.332 0
    endloop
  endfacet
  facet normal 0 0 -1
    outer loop
      vertex 81.1581 76.9605 0
      vertex 79.1901 81.1329 0
      vertex 79.2975 81.2246 0
    endloop
  endfacet
  facet normal 0 0 -1
    outer loop
      vertex 81.1581 76.9605 0
      vertex 79.0697 81.0591 0
      vertex 79.1901 81.1329 0
    endloop
  endfacet
  facet normal 0 0 -1
    outer loop
      vertex 80.3607 76.6302 0
      vertex 78.9392 81.0051 0
      vertex 79.0697 81.0591 0
    endloop
  endfacet
  facet normal 0 0 -1
    outer loop
      vertex 79.5215 76.4287 0
      vertex 78.8019 80.9721 0
      vertex 78.9392 81.0051 0
    endloop
  endfacet
  facet normal 0 0 -1
    outer loop
      vertex 78.6611 76.361 0
      vertex 78.8019 80.9721 0
      vertex 79.5215 76.4287 0
    endloop
  endfacet
  facet normal 0 0 -1
    outer loop
      vertex 78.6611 76.361 0
      vertex 78.6611 80.961 0
      vertex 78.8019 80.9721 0
    endloop
  endfacet
  facet normal 0 0 -1
    outer loop
      vertex 78.6611 76.361 0
      vertex 78.5203 80.9721 0
      vertex 78.6611 80.961 0
    endloop
  endfacet
  facet normal 0 0 -1
    outer loop
      vertex 77.8007 76.4287 0
      vertex 78.5203 80.9721 0
      vertex 78.6611 76.361 0
    endloop
  endfacet
  facet normal -0 0 -1
    outer loop
      vertex 78.5203 80.9721 0
      vertex 77.8007 76.4287 0
      vertex 78.383 81.0051 0
    endloop
  endfacet
  facet normal 0 0 -1
    outer loop
      vertex 76.9615 76.6302 0
      vertex 78.383 81.0051 0
      vertex 77.8007 76.4287 0
    endloop
  endfacet
  facet normal -0 0 -1
    outer loop
      vertex 78.383 81.0051 0
      vertex 76.9615 76.6302 0
      vertex 78.2525 81.0591 0
    endloop
  endfacet
  facet normal 0 0 -1
    outer loop
      vertex 76.1642 76.9605 0
      vertex 78.2525 81.0591 0
      vertex 76.9615 76.6302 0
    endloop
  endfacet
  facet normal -0 0 -1
    outer loop
      vertex 78.2525 81.0591 0
      vertex 76.1642 76.9605 0
      vertex 78.1321 81.1329 0
    endloop
  endfacet
  facet normal 0 0 -1
    outer loop
      vertex 75.4283 77.4114 0
      vertex 78.1321 81.1329 0
      vertex 76.1642 76.9605 0
    endloop
  endfacet
  facet normal -0 0 -1
    outer loop
      vertex 78.1321 81.1329 0
      vertex 75.4283 77.4114 0
      vertex 78.0247 81.2246 0
    endloop
  endfacet
  facet normal 0 0 -1
    outer loop
      vertex 74.772 77.9719 0
      vertex 78.0247 81.2246 0
      vertex 75.4283 77.4114 0
    endloop
  endfacet
  facet normal -0 0 -1
    outer loop
      vertex 78.0247 81.2246 0
      vertex 74.772 77.9719 0
      vertex 77.933 81.332 0
    endloop
  endfacet
  facet normal 0 0 -1
    outer loop
      vertex 74.2115 78.6282 0
      vertex 77.933 81.332 0
      vertex 74.772 77.9719 0
    endloop
  endfacet
  facet normal -0 0 -1
    outer loop
      vertex 88.7629 101.572 0
      vertex 75.5549 97.9888 0
      vertex 88.3983 101.795 0
    endloop
  endfacet
  facet normal -0 0 -1
    outer loop
      vertex 88.3983 101.795 0
      vertex 75.5549 97.9888 0
      vertex 88.0731 102.073 0
    endloop
  endfacet
  facet normal -0 0 -1
    outer loop
      vertex 87.7954 102.398 0
      vertex 75.5549 97.9888 0
      vertex 87.572 102.763 0
    endloop
  endfacet
  facet normal -0 0 -1
    outer loop
      vertex 87.572 102.763 0
      vertex 75.5549 97.9888 0
      vertex 87.4084 103.158 0
    endloop
  endfacet
  facet normal -0 0 -1
    outer loop
      vertex 87.4084 103.158 0
      vertex 75.5549 97.9888 0
      vertex 87.3086 103.574 0
    endloop
  endfacet
  facet normal -0 0 -1
    outer loop
      vertex 87.3086 103.574 0
      vertex 75.5549 97.9888 0
      vertex 87.275 104 0
    endloop
  endfacet
  facet normal -0 0 -1
    outer loop
      vertex 88.0731 102.073 0
      vertex 75.5549 97.9888 0
      vertex 87.7954 102.398 0
    endloop
  endfacet
  facet normal 0 0 -1
    outer loop
      vertex 75.5549 97.9888 0
      vertex 79.0697 82.6629 0
      vertex 78.9392 82.717 0
    endloop
  endfacet
  facet normal 0 0 -1
    outer loop
      vertex 75.5549 97.9888 0
      vertex 78.9392 82.717 0
      vertex 78.8019 82.7499 0
    endloop
  endfacet
  facet normal 0 0 -1
    outer loop
      vertex 75.5549 97.9888 0
      vertex 78.8019 82.7499 0
      vertex 78.6611 82.761 0
    endloop
  endfacet
  facet normal 0 0 -1
    outer loop
      vertex 75.5549 97.9888 0
      vertex 78.6611 82.761 0
      vertex 78.5203 82.7499 0
    endloop
  endfacet
  facet normal 0 0 -1
    outer loop
      vertex 75.5549 97.9888 0
      vertex 78.5203 82.7499 0
      vertex 78.383 82.717 0
    endloop
  endfacet
  facet normal 0 0 -1
    outer loop
      vertex 75.5549 97.9888 0
      vertex 78.383 82.717 0
      vertex 78.2525 82.6629 0
    endloop
  endfacet
  facet normal 0 0 -1
    outer loop
      vertex 87.275 104 0
      vertex 78.2062 115.39 0
      vertex 79.8226 126 0
    endloop
  endfacet
  facet normal 0 0 -1
    outer loop
      vertex 75.5549 97.9888 0
      vertex 78.2525 82.6629 0
      vertex 78.1321 82.5891 0
    endloop
  endfacet
  facet normal 0 0 -1
    outer loop
      vertex 75.5549 97.9888 0
      vertex 78.1321 82.5891 0
      vertex 78.0247 82.4974 0
    endloop
  endfacet
  facet normal 0 0 -1
    outer loop
      vertex 75.5549 97.9888 0
      vertex 78.0247 82.4974 0
      vertex 77.933 82.39 0
    endloop
  endfacet
  facet normal 0 0 -1
    outer loop
      vertex 75.5549 97.9888 0
      vertex 77.933 82.39 0
      vertex 77.8592 82.2696 0
    endloop
  endfacet
  facet normal 0 0 -1
    outer loop
      vertex 75.5549 97.9888 0
      vertex 77.8592 82.2696 0
      vertex 77.8052 82.1391 0
    endloop
  endfacet
  facet normal 0 0 -1
    outer loop
      vertex 73.4303 80.1614 0
      vertex 77.8052 81.5829 0
      vertex 73.7606 79.3641 0
    endloop
  endfacet
  facet normal 0 0 -1
    outer loop
      vertex 73.7606 79.3641 0
      vertex 77.8592 81.4524 0
      vertex 74.2115 78.6282 0
    endloop
  endfacet
  facet normal -0 0 -1
    outer loop
      vertex 77.933 81.332 0
      vertex 74.2115 78.6282 0
      vertex 77.8592 81.4524 0
    endloop
  endfacet
  facet normal -0 0 -1
    outer loop
      vertex 77.8592 81.4524 0
      vertex 73.7606 79.3641 0
      vertex 77.8052 81.5829 0
    endloop
  endfacet
  facet normal -0 0 -1
    outer loop
      vertex 87.275 104 0
      vertex 75.5549 97.9888 0
      vertex 78.2062 115.39 0
    endloop
  endfacet
  facet normal 0 0 -1
    outer loop
      vertex 59 108 0
      vertex 78.2062 115.39 0
      vertex 75.5549 97.9888 0
    endloop
  endfacet
  facet normal 0 0 -1
    outer loop
      vertex 58.9138 109.095 0
      vertex 78.2062 115.39 0
      vertex 59 108 0
    endloop
  endfacet
  facet normal 0 0 -1
    outer loop
      vertex 58.6574 110.163 0
      vertex 78.2062 115.39 0
      vertex 58.9138 109.095 0
    endloop
  endfacet
  facet normal 0 0 -1
    outer loop
      vertex 58.2371 111.178 0
      vertex 78.2062 115.39 0
      vertex 58.6574 110.163 0
    endloop
  endfacet
  facet normal 0 0 -1
    outer loop
      vertex 57.6631 112.114 0
      vertex 78.2062 115.39 0
      vertex 58.2371 111.178 0
    endloop
  endfacet
  facet normal 0 0 -1
    outer loop
      vertex 56.9498 112.95 0
      vertex 78.2062 115.39 0
      vertex 57.6631 112.114 0
    endloop
  endfacet
  facet normal 0 0 -1
    outer loop
      vertex 56.1145 113.663 0
      vertex 78.2062 115.39 0
      vertex 56.9498 112.95 0
    endloop
  endfacet
  facet normal 0 0 -1
    outer loop
      vertex 55.1779 114.237 0
      vertex 78.2062 115.39 0
      vertex 56.1145 113.663 0
    endloop
  endfacet
  facet normal 0 0 -1
    outer loop
      vertex 46.0668 126 0
      vertex 55.1779 114.237 0
      vertex 54.1631 114.657 0
    endloop
  endfacet
  facet normal 0 0 -1
    outer loop
      vertex 46.0668 126 0
      vertex 54.1631 114.657 0
      vertex 53.095 114.914 0
    endloop
  endfacet
  facet normal 0 0 -1
    outer loop
      vertex 46.0668 126 0
      vertex 53.095 114.914 0
      vertex 52 115 0
    endloop
  endfacet
  facet normal 0 0 -1
    outer loop
      vertex 55.1779 114.237 0
      vertex 46.0668 126 0
      vertex 78.2062 115.39 0
    endloop
  endfacet
  facet normal 0 0 -1
    outer loop
      vertex 50.905 114.914 0
      vertex 46.0668 126 0
      vertex 52 115 0
    endloop
  endfacet
  facet normal 0 0 -1
    outer loop
      vertex 49.8369 114.657 0
      vertex 46.0668 126 0
      vertex 50.905 114.914 0
    endloop
  endfacet
  facet normal 0 0 -1
    outer loop
      vertex 48.8221 114.237 0
      vertex 46.0668 126 0
      vertex 49.8369 114.657 0
    endloop
  endfacet
  facet normal 0 0 -1
    outer loop
      vertex 47.8855 113.663 0
      vertex 46.0668 126 0
      vertex 48.8221 114.237 0
    endloop
  endfacet
  facet normal 0 0 -1
    outer loop
      vertex 47.0503 112.95 0
      vertex 46.0668 126 0
      vertex 47.8855 113.663 0
    endloop
  endfacet
  facet normal 0 0 -1
    outer loop
      vertex 46.3369 112.114 0
      vertex 46.0668 126 0
      vertex 47.0503 112.95 0
    endloop
  endfacet
  facet normal 0 -0 -1
    outer loop
      vertex 46.0668 126 0
      vertex 46.3369 112.114 0
      vertex 46.0179 111.594 0
    endloop
  endfacet
  facet normal 0 0 -1
    outer loop
      vertex 117.837 132.657 0
      vertex 118.1 136.9 0
      vertex 118.905 132.914 0
    endloop
  endfacet
  facet normal 0 0 -1
    outer loop
      vertex 116.822 132.237 0
      vertex 118.1 136.9 0
      vertex 117.837 132.657 0
    endloop
  endfacet
  facet normal 0 0 -1
    outer loop
      vertex 115.886 131.663 0
      vertex 118.1 136.9 0
      vertex 116.822 132.237 0
    endloop
  endfacet
  facet normal 0 0 -1
    outer loop
      vertex 109.9 136.9 0
      vertex 115.886 131.663 0
      vertex 115.05 130.95 0
    endloop
  endfacet
  facet normal 0 0 -1
    outer loop
      vertex 109.9 136.9 0
      vertex 115.05 130.95 0
      vertex 114.337 130.114 0
    endloop
  endfacet
  facet normal 0 0 -1
    outer loop
      vertex 109.9 136.9 0
      vertex 114.337 130.114 0
      vertex 113.763 129.178 0
    endloop
  endfacet
  facet normal 0 0 -1
    outer loop
      vertex 115.886 131.663 0
      vertex 109.9 136.9 0
      vertex 118.1 136.9 0
    endloop
  endfacet
  facet normal 0 0 -1
    outer loop
      vertex 113.343 128.163 0
      vertex 109.9 136.9 0
      vertex 113.763 129.178 0
    endloop
  endfacet
  facet normal 0 0 -1
    outer loop
      vertex 113.086 127.095 0
      vertex 109.9 136.9 0
      vertex 113.343 128.163 0
    endloop
  endfacet
  facet normal 0 0 -1
    outer loop
      vertex 93.5279 126 0
      vertex 113.086 127.095 0
      vertex 113 126 0
    endloop
  endfacet
  facet normal -0 0 -1
    outer loop
      vertex 113.086 127.095 0
      vertex 93.5279 126 0
      vertex 109.9 136.9 0
    endloop
  endfacet
  facet normal 0 0 -1
    outer loop
      vertex 86.7749 130.866 0
      vertex 109.9 136.9 0
      vertex 93.5279 126 0
    endloop
  endfacet
  facet normal 0 0 -1
    outer loop
      vertex 92.5916 104.842 0
      vertex 98.7466 112 0
      vertex 92.6915 104.426 0
    endloop
  endfacet
  facet normal 0 0 -1
    outer loop
      vertex 92.428 105.237 0
      vertex 98.7466 112 0
      vertex 92.5916 104.842 0
    endloop
  endfacet
  facet normal 0 0 -1
    outer loop
      vertex 92.2046 105.602 0
      vertex 98.7466 112 0
      vertex 92.428 105.237 0
    endloop
  endfacet
  facet normal 0 0 -1
    outer loop
      vertex 91.9269 105.927 0
      vertex 98.7466 112 0
      vertex 92.2046 105.602 0
    endloop
  endfacet
  facet normal 0 0 -1
    outer loop
      vertex 91.6017 106.205 0
      vertex 98.7466 112 0
      vertex 91.9269 105.927 0
    endloop
  endfacet
  facet normal 0 0 -1
    outer loop
      vertex 91.2371 106.428 0
      vertex 98.7466 112 0
      vertex 91.6017 106.205 0
    endloop
  endfacet
  facet normal 0 0 -1
    outer loop
      vertex 90.8421 106.592 0
      vertex 98.7466 112 0
      vertex 91.2371 106.428 0
    endloop
  endfacet
  facet normal 0 0 -1
    outer loop
      vertex 90.4263 106.691 0
      vertex 98.7466 112 0
      vertex 90.8421 106.592 0
    endloop
  endfacet
  facet normal 0 0 -1
    outer loop
      vertex 90 106.725 0
      vertex 98.7466 112 0
      vertex 90.4263 106.691 0
    endloop
  endfacet
  facet normal -0 0 -1
    outer loop
      vertex 98.7466 112 0
      vertex 90 106.725 0
      vertex 93.5279 126 0
    endloop
  endfacet
  facet normal 0 0 -1
    outer loop
      vertex 89.5737 106.691 0
      vertex 93.5279 126 0
      vertex 90 106.725 0
    endloop
  endfacet
  facet normal 0 0 -1
    outer loop
      vertex 89.1579 106.592 0
      vertex 93.5279 126 0
      vertex 89.5737 106.691 0
    endloop
  endfacet
  facet normal 0 0 -1
    outer loop
      vertex 88.7629 106.428 0
      vertex 93.5279 126 0
      vertex 89.1579 106.592 0
    endloop
  endfacet
  facet normal 0 0 -1
    outer loop
      vertex 86.9357 130.196 0
      vertex 88.7629 106.428 0
      vertex 88.3983 106.205 0
    endloop
  endfacet
  facet normal 0 0 -1
    outer loop
      vertex 86.9357 130.196 0
      vertex 88.3983 106.205 0
      vertex 88.0731 105.927 0
    endloop
  endfacet
  facet normal 0 0 -1
    outer loop
      vertex 86.9357 130.196 0
      vertex 88.0731 105.927 0
      vertex 87.7954 105.602 0
    endloop
  endfacet
  facet normal 0 0 -1
    outer loop
      vertex 86.9357 130.196 0
      vertex 87.7954 105.602 0
      vertex 87.572 105.237 0
    endloop
  endfacet
  facet normal 0 0 -1
    outer loop
      vertex 86.9357 130.196 0
      vertex 87.572 105.237 0
      vertex 87.4084 104.842 0
    endloop
  endfacet
  facet normal 0 0 -1
    outer loop
      vertex 79.8226 126 0
      vertex 87.3086 104.426 0
      vertex 87.275 104 0
    endloop
  endfacet
  facet normal 0 0 -1
    outer loop
      vertex 86.9357 130.196 0
      vertex 87.4084 104.842 0
      vertex 87.3086 104.426 0
    endloop
  endfacet
  facet normal 0 0 -1
    outer loop
      vertex 88.7629 106.428 0
      vertex 86.9357 130.196 0
      vertex 93.5279 126 0
    endloop
  endfacet
  facet normal 0 0 -1
    outer loop
      vertex 86.9357 130.478 0
      vertex 93.5279 126 0
      vertex 86.9468 130.337 0
    endloop
  endfacet
  facet normal 0 0 -1
    outer loop
      vertex 86.9028 130.615 0
      vertex 93.5279 126 0
      vertex 86.9357 130.478 0
    endloop
  endfacet
  facet normal 0 0 -1
    outer loop
      vertex 86.8487 130.746 0
      vertex 93.5279 126 0
      vertex 86.9028 130.615 0
    endloop
  endfacet
  facet normal 0 0 -1
    outer loop
      vertex 86.7749 130.866 0
      vertex 93.5279 126 0
      vertex 86.8487 130.746 0
    endloop
  endfacet
  facet normal -0 0 -1
    outer loop
      vertex 109.9 136.9 0
      vertex 86.7749 130.866 0
      vertex 109.9 141 0
    endloop
  endfacet
  facet normal 0 0 -1
    outer loop
      vertex 86.6832 130.974 0
      vertex 109.9 141 0
      vertex 86.7749 130.866 0
    endloop
  endfacet
  facet normal 0 0 -1
    outer loop
      vertex 86.5758 131.065 0
      vertex 109.9 141 0
      vertex 86.6832 130.974 0
    endloop
  endfacet
  facet normal 0 0 -1
    outer loop
      vertex 86.4554 131.139 0
      vertex 109.9 141 0
      vertex 86.5758 131.065 0
    endloop
  endfacet
  facet normal 0 0 -1
    outer loop
      vertex 86.3249 131.193 0
      vertex 109.9 141 0
      vertex 86.4554 131.139 0
    endloop
  endfacet
  facet normal 0 0 -1
    outer loop
      vertex 86.1876 131.226 0
      vertex 109.9 141 0
      vertex 86.3249 131.193 0
    endloop
  endfacet
  facet normal 0 0 -1
    outer loop
      vertex 86.0468 131.237 0
      vertex 109.9 141 0
      vertex 86.1876 131.226 0
    endloop
  endfacet
  facet normal 0 0 -1
    outer loop
      vertex 85.906 131.226 0
      vertex 109.9 141 0
      vertex 86.0468 131.237 0
    endloop
  endfacet
  facet normal 0 0 -1
    outer loop
      vertex 56.1 141 0
      vertex 85.906 131.226 0
      vertex 85.7687 131.193 0
    endloop
  endfacet
  facet normal -0 0 -1
    outer loop
      vertex 85.1909 130.059 0
      vertex 79.8226 126 0
      vertex 85.1579 130.196 0
    endloop
  endfacet
  facet normal 0 0 -1
    outer loop
      vertex 81.1581 76.9605 0
      vertex 79.5611 81.861 0
      vertex 81.8939 77.4114 0
    endloop
  endfacet
  facet normal 0 0 -1
    outer loop
      vertex 79.0697 81.0591 0
      vertex 81.1581 76.9605 0
      vertex 80.3607 76.6302 0
    endloop
  endfacet
  facet normal 0 0 -1
    outer loop
      vertex 81.8939 77.4114 0
      vertex 79.5611 81.861 0
      vertex 82.5502 77.9719 0
    endloop
  endfacet
  facet normal -0 0 -1
    outer loop
      vertex 85.1579 130.196 0
      vertex 79.8226 126 0
      vertex 85.1468 130.337 0
    endloop
  endfacet
  facet normal -0 0 -1
    outer loop
      vertex 85.1468 130.337 0
      vertex 79.8226 126 0
      vertex 85.1579 130.478 0
    endloop
  endfacet
  facet normal 0 0 -1
    outer loop
      vertex 79.8226 126 0
      vertex 85.1909 130.615 0
      vertex 85.1579 130.478 0
    endloop
  endfacet
  facet normal 0 0 -1
    outer loop
      vertex 79.8226 126 0
      vertex 85.2449 130.746 0
      vertex 85.1909 130.615 0
    endloop
  endfacet
  facet normal 0 0 -1
    outer loop
      vertex 79.8226 126 0
      vertex 85.3187 130.866 0
      vertex 85.2449 130.746 0
    endloop
  endfacet
  facet normal 0 0 -1
    outer loop
      vertex 56.1 141 0
      vertex 85.3187 130.866 0
      vertex 79.8226 126 0
    endloop
  endfacet
  facet normal 0 0 -1
    outer loop
      vertex 56.1 141 0
      vertex 79.8226 126 0
      vertex 56.1 136.9 0
    endloop
  endfacet
  facet normal 0 0 -1
    outer loop
      vertex 85.3187 130.866 0
      vertex 56.1 141 0
      vertex 85.4104 130.974 0
    endloop
  endfacet
  facet normal 0 0 -1
    outer loop
      vertex 85.4104 130.974 0
      vertex 56.1 141 0
      vertex 85.5178 131.065 0
    endloop
  endfacet
  facet normal 0 0 -1
    outer loop
      vertex 85.5178 131.065 0
      vertex 56.1 141 0
      vertex 85.6382 131.139 0
    endloop
  endfacet
  facet normal 0 0 -1
    outer loop
      vertex 85.6382 131.139 0
      vertex 56.1 141 0
      vertex 85.7687 131.193 0
    endloop
  endfacet
  facet normal 0 0 -1
    outer loop
      vertex 85.906 131.226 0
      vertex 56.1 141 0
      vertex 109.9 141 0
    endloop
  endfacet
  facet normal 0 0 -1
    outer loop
      vertex 135.252 96 0
      vertex 120.889 103.859 0
      vertex 120.9 104 0
    endloop
  endfacet
  facet normal 0 0 -1
    outer loop
      vertex 135.252 96 0
      vertex 120.856 103.722 0
      vertex 120.889 103.859 0
    endloop
  endfacet
  facet normal 0 0 -1
    outer loop
      vertex 135.252 96 0
      vertex 120.802 103.591 0
      vertex 120.856 103.722 0
    endloop
  endfacet
  facet normal 0 0 -1
    outer loop
      vertex 135.252 96 0
      vertex 120.728 103.471 0
      vertex 120.802 103.591 0
    endloop
  endfacet
  facet normal 0 0 -1
    outer loop
      vertex 135.252 96 0
      vertex 120.636 103.364 0
      vertex 120.728 103.471 0
    endloop
  endfacet
  facet normal 0 0 -1
    outer loop
      vertex 135.252 96 0
      vertex 120.529 103.272 0
      vertex 120.636 103.364 0
    endloop
  endfacet
  facet normal 0 0 -1
    outer loop
      vertex 135.252 96 0
      vertex 120.409 103.198 0
      vertex 120.529 103.272 0
    endloop
  endfacet
  facet normal 0 0 -1
    outer loop
      vertex 135.252 96 0
      vertex 120.278 103.144 0
      vertex 120.409 103.198 0
    endloop
  endfacet
  facet normal 0 0 -1
    outer loop
      vertex 135.252 96 0
      vertex 120.141 103.111 0
      vertex 120.278 103.144 0
    endloop
  endfacet
  facet normal 0 0 -1
    outer loop
      vertex 135.252 96 0
      vertex 120 103.1 0
      vertex 120.141 103.111 0
    endloop
  endfacet
  facet normal 0 0 -1
    outer loop
      vertex 135.252 96 0
      vertex 119.859 103.111 0
      vertex 120 103.1 0
    endloop
  endfacet
  facet normal 0 0 -1
    outer loop
      vertex 97.6179 96 0
      vertex 119.859 103.111 0
      vertex 135.252 96 0
    endloop
  endfacet
  facet normal -0 0 -1
    outer loop
      vertex 119.859 103.111 0
      vertex 97.6179 96 0
      vertex 119.722 103.144 0
    endloop
  endfacet
  facet normal 0 0 -1
    outer loop
      vertex 97.6179 96 0
      vertex 119.1 104 0
      vertex 119.111 103.859 0
    endloop
  endfacet
  facet normal 0 0 -1
    outer loop
      vertex 97.6179 96 0
      vertex 119.111 103.859 0
      vertex 119.144 103.722 0
    endloop
  endfacet
  facet normal 0 0 -1
    outer loop
      vertex 97.6179 96 0
      vertex 119.144 103.722 0
      vertex 119.198 103.591 0
    endloop
  endfacet
  facet normal 0 0 -1
    outer loop
      vertex 97.6179 96 0
      vertex 119.198 103.591 0
      vertex 119.272 103.471 0
    endloop
  endfacet
  facet normal 0 0 -1
    outer loop
      vertex 97.6179 96 0
      vertex 119.272 103.471 0
      vertex 119.364 103.364 0
    endloop
  endfacet
  facet normal 0 0 -1
    outer loop
      vertex 97.6179 96 0
      vertex 119.364 103.364 0
      vertex 119.471 103.272 0
    endloop
  endfacet
  facet normal 0 0 -1
    outer loop
      vertex 97.6179 96 0
      vertex 119.471 103.272 0
      vertex 119.591 103.198 0
    endloop
  endfacet
  facet normal -0 0 -1
    outer loop
      vertex 119.722 103.144 0
      vertex 97.6179 96 0
      vertex 119.591 103.198 0
    endloop
  endfacet
  facet normal -0 0 -1
    outer loop
      vertex 119.1 104 0
      vertex 97.6179 96 0
      vertex 98.7466 112 0
    endloop
  endfacet
  facet normal 0 0 -1
    outer loop
      vertex 92.725 104 0
      vertex 98.7466 112 0
      vertex 97.6179 96 0
    endloop
  endfacet
  facet normal 0 0 -1
    outer loop
      vertex 92.6915 104.426 0
      vertex 98.7466 112 0
      vertex 92.725 104 0
    endloop
  endfacet
  facet normal 0 0 -1
    outer loop
      vertex 97.6179 96 0
      vertex 92.6915 103.574 0
      vertex 92.725 104 0
    endloop
  endfacet
  facet normal 0 0 -1
    outer loop
      vertex 97.6179 96 0
      vertex 92.5916 103.158 0
      vertex 92.6915 103.574 0
    endloop
  endfacet
  facet normal 0 0 -1
    outer loop
      vertex 97.6179 96 0
      vertex 92.428 102.763 0
      vertex 92.5916 103.158 0
    endloop
  endfacet
  facet normal 0 0 -1
    outer loop
      vertex 97.6179 96 0
      vertex 92.2046 102.398 0
      vertex 92.428 102.763 0
    endloop
  endfacet
  facet normal 0 0 -1
    outer loop
      vertex 97.6179 96 0
      vertex 91.9269 102.073 0
      vertex 92.2046 102.398 0
    endloop
  endfacet
  facet normal 0 0 -1
    outer loop
      vertex 97.6179 96 0
      vertex 91.6017 101.795 0
      vertex 91.9269 102.073 0
    endloop
  endfacet
  facet normal 0 0 -1
    outer loop
      vertex 97.6179 96 0
      vertex 91.2371 101.572 0
      vertex 91.6017 101.795 0
    endloop
  endfacet
  facet normal 0 0 -1
    outer loop
      vertex 97.6179 96 0
      vertex 90.8421 101.408 0
      vertex 91.2371 101.572 0
    endloop
  endfacet
  facet normal 0 0 -1
    outer loop
      vertex 97.6179 96 0
      vertex 90.4263 101.309 0
      vertex 90.8421 101.408 0
    endloop
  endfacet
  facet normal 0 0 -1
    outer loop
      vertex 97.6179 96 0
      vertex 90 101.275 0
      vertex 90.4263 101.309 0
    endloop
  endfacet
  facet normal 0 0 -1
    outer loop
      vertex 97.6179 96 0
      vertex 89.5737 101.309 0
      vertex 90 101.275 0
    endloop
  endfacet
  facet normal 0 0 -1
    outer loop
      vertex 79.55 82.0018 0
      vertex 83.1107 78.6282 0
      vertex 79.5611 81.861 0
    endloop
  endfacet
  facet normal 0 0 -1
    outer loop
      vertex 79.5171 82.1391 0
      vertex 83.1107 78.6282 0
      vertex 79.55 82.0018 0
    endloop
  endfacet
  facet normal 0 0 -1
    outer loop
      vertex 79.463 82.2696 0
      vertex 83.1107 78.6282 0
      vertex 79.5171 82.1391 0
    endloop
  endfacet
  facet normal 0 0 -1
    outer loop
      vertex 93.5279 126 0
      vertex 86.9357 130.196 0
      vertex 86.9468 130.337 0
    endloop
  endfacet
  facet normal 0 0 -1
    outer loop
      vertex 87.3086 104.426 0
      vertex 86.9028 130.059 0
      vertex 86.9357 130.196 0
    endloop
  endfacet
  facet normal 0 0 -1
    outer loop
      vertex 87.3086 104.426 0
      vertex 86.8487 129.929 0
      vertex 86.9028 130.059 0
    endloop
  endfacet
  facet normal 0 0 -1
    outer loop
      vertex 87.3086 104.426 0
      vertex 86.7749 129.808 0
      vertex 86.8487 129.929 0
    endloop
  endfacet
  facet normal 0 0 -1
    outer loop
      vertex 87.3086 104.426 0
      vertex 86.6832 129.701 0
      vertex 86.7749 129.808 0
    endloop
  endfacet
  facet normal 0 0 -1
    outer loop
      vertex 87.3086 104.426 0
      vertex 86.5758 129.609 0
      vertex 86.6832 129.701 0
    endloop
  endfacet
  facet normal 0 0 -1
    outer loop
      vertex 87.3086 104.426 0
      vertex 86.4554 129.535 0
      vertex 86.5758 129.609 0
    endloop
  endfacet
  facet normal 0 0 -1
    outer loop
      vertex 87.3086 104.426 0
      vertex 86.3249 129.481 0
      vertex 86.4554 129.535 0
    endloop
  endfacet
  facet normal 0 0 -1
    outer loop
      vertex 87.3086 104.426 0
      vertex 86.1876 129.448 0
      vertex 86.3249 129.481 0
    endloop
  endfacet
  facet normal 0 0 -1
    outer loop
      vertex 87.3086 104.426 0
      vertex 79.8226 126 0
      vertex 86.1876 129.448 0
    endloop
  endfacet
  facet normal 0 0 -1
    outer loop
      vertex 86.1876 129.448 0
      vertex 79.8226 126 0
      vertex 86.0468 129.437 0
    endloop
  endfacet
  facet normal -0 0 -1
    outer loop
      vertex 86.0468 129.437 0
      vertex 79.8226 126 0
      vertex 85.906 129.448 0
    endloop
  endfacet
  facet normal -0 0 -1
    outer loop
      vertex 85.906 129.448 0
      vertex 79.8226 126 0
      vertex 85.7687 129.481 0
    endloop
  endfacet
  facet normal -0 0 -1
    outer loop
      vertex 85.7687 129.481 0
      vertex 79.8226 126 0
      vertex 85.6382 129.535 0
    endloop
  endfacet
  facet normal -0 0 -1
    outer loop
      vertex 85.6382 129.535 0
      vertex 79.8226 126 0
      vertex 85.5178 129.609 0
    endloop
  endfacet
  facet normal -0 0 -1
    outer loop
      vertex 85.5178 129.609 0
      vertex 79.8226 126 0
      vertex 85.4104 129.701 0
    endloop
  endfacet
  facet normal -0 0 -1
    outer loop
      vertex 85.4104 129.701 0
      vertex 79.8226 126 0
      vertex 85.3187 129.808 0
    endloop
  endfacet
  facet normal -0 0 -1
    outer loop
      vertex 85.3187 129.808 0
      vertex 79.8226 126 0
      vertex 85.2449 129.929 0
    endloop
  endfacet
  facet normal 0 0 -1
    outer loop
      vertex 79.1901 82.5891 0
      vertex 89.1579 101.408 0
      vertex 79.2975 82.4974 0
    endloop
  endfacet
  facet normal -0 0 -1
    outer loop
      vertex 85.2449 129.929 0
      vertex 79.8226 126 0
      vertex 85.1909 130.059 0
    endloop
  endfacet
  facet normal 0 0 -1
    outer loop
      vertex 79.0697 82.6629 0
      vertex 88.7629 101.572 0
      vertex 79.1901 82.5891 0
    endloop
  endfacet
  facet normal -0 0 -1
    outer loop
      vertex 89.1579 101.408 0
      vertex 79.1901 82.5891 0
      vertex 88.7629 101.572 0
    endloop
  endfacet
  facet normal 0 0 -1
    outer loop
      vertex 79.5611 81.861 0
      vertex 83.1107 78.6282 0
      vertex 82.5502 77.9719 0
    endloop
  endfacet
  facet normal -0 0 -1
    outer loop
      vertex 89.5737 101.309 0
      vertex 79.2975 82.4974 0
      vertex 89.1579 101.408 0
    endloop
  endfacet
  facet normal -0 0 -1
    outer loop
      vertex 97.6179 96 0
      vertex 79.2975 82.4974 0
      vertex 89.5737 101.309 0
    endloop
  endfacet
  facet normal 0 0 -1
    outer loop
      vertex 79.2975 82.4974 0
      vertex 97.6179 96 0
      vertex 79.3892 82.39 0
    endloop
  endfacet
  facet normal 0 0 -1
    outer loop
      vertex 79.3892 82.39 0
      vertex 97.6179 96 0
      vertex 79.463 82.2696 0
    endloop
  endfacet
  facet normal 0 0 -1
    outer loop
      vertex 83.1107 78.6282 0
      vertex 79.463 82.2696 0
      vertex 97.6179 96 0
    endloop
  endfacet
  facet normal -0 0 -1
    outer loop
      vertex 137.805 81.5829 0
      vertex 133.43 80.1614 0
      vertex 137.772 81.7202 0
    endloop
  endfacet
  facet normal 0 0 -1
    outer loop
      vertex 133.229 81.0006 0
      vertex 137.772 81.7202 0
      vertex 133.43 80.1614 0
    endloop
  endfacet
  facet normal -0 0 -1
    outer loop
      vertex 137.772 81.7202 0
      vertex 133.229 81.0006 0
      vertex 137.761 81.861 0
    endloop
  endfacet
  facet normal 0 0 -1
    outer loop
      vertex 133.161 81.861 0
      vertex 137.761 81.861 0
      vertex 133.229 81.0006 0
    endloop
  endfacet
  facet normal 0 0 -1
    outer loop
      vertex 137.761 81.861 0
      vertex 133.161 81.861 0
      vertex 137.772 82.0018 0
    endloop
  endfacet
  facet normal 0 0 -1
    outer loop
      vertex 137.772 82.0018 0
      vertex 133.229 82.7214 0
      vertex 135.252 96 0
    endloop
  endfacet
  facet normal -0 0 -1
    outer loop
      vertex 137.772 82.0018 0
      vertex 133.161 81.861 0
      vertex 133.229 82.7214 0
    endloop
  endfacet
  facet normal -0 0 -1
    outer loop
      vertex 148.763 101.572 0
      vertex 139.07 82.6629 0
      vertex 148.398 101.795 0
    endloop
  endfacet
  facet normal 0 0 -1
    outer loop
      vertex 141.158 76.9605 0
      vertex 139.55 81.7202 0
      vertex 139.561 81.861 0
    endloop
  endfacet
  facet normal 0 0 -1
    outer loop
      vertex 138.939 81.0051 0
      vertex 140.361 76.6302 0
      vertex 139.521 76.4287 0
    endloop
  endfacet
  facet normal 0 0 -1
    outer loop
      vertex 141.158 76.9605 0
      vertex 139.517 81.5829 0
      vertex 139.55 81.7202 0
    endloop
  endfacet
  facet normal 0 0 -1
    outer loop
      vertex 141.158 76.9605 0
      vertex 139.463 81.4524 0
      vertex 139.517 81.5829 0
    endloop
  endfacet
  facet normal 0 0 -1
    outer loop
      vertex 141.158 76.9605 0
      vertex 139.389 81.332 0
      vertex 139.463 81.4524 0
    endloop
  endfacet
  facet normal 0 0 -1
    outer loop
      vertex 141.158 76.9605 0
      vertex 139.298 81.2246 0
      vertex 139.389 81.332 0
    endloop
  endfacet
  facet normal 0 0 -1
    outer loop
      vertex 141.158 76.9605 0
      vertex 139.19 81.1329 0
      vertex 139.298 81.2246 0
    endloop
  endfacet
  facet normal 0 0 -1
    outer loop
      vertex 141.158 76.9605 0
      vertex 139.07 81.0591 0
      vertex 139.19 81.1329 0
    endloop
  endfacet
  facet normal 0 0 -1
    outer loop
      vertex 140.361 76.6302 0
      vertex 138.939 81.0051 0
      vertex 139.07 81.0591 0
    endloop
  endfacet
  facet normal 0 0 -1
    outer loop
      vertex 139.521 76.4287 0
      vertex 138.802 80.9721 0
      vertex 138.939 81.0051 0
    endloop
  endfacet
  facet normal 0 0 -1
    outer loop
      vertex 138.661 76.361 0
      vertex 138.802 80.9721 0
      vertex 139.521 76.4287 0
    endloop
  endfacet
  facet normal 0 0 -1
    outer loop
      vertex 138.661 76.361 0
      vertex 138.661 80.961 0
      vertex 138.802 80.9721 0
    endloop
  endfacet
  facet normal 0 0 -1
    outer loop
      vertex 138.661 76.361 0
      vertex 138.52 80.9721 0
      vertex 138.661 80.961 0
    endloop
  endfacet
  facet normal 0 0 -1
    outer loop
      vertex 137.801 76.4287 0
      vertex 138.52 80.9721 0
      vertex 138.661 76.361 0
    endloop
  endfacet
  facet normal -0 0 -1
    outer loop
      vertex 138.52 80.9721 0
      vertex 137.801 76.4287 0
      vertex 138.383 81.0051 0
    endloop
  endfacet
  facet normal 0 0 -1
    outer loop
      vertex 136.962 76.6302 0
      vertex 138.383 81.0051 0
      vertex 137.801 76.4287 0
    endloop
  endfacet
  facet normal -0 0 -1
    outer loop
      vertex 138.383 81.0051 0
      vertex 136.962 76.6302 0
      vertex 138.253 81.0591 0
    endloop
  endfacet
  facet normal 0 0 -1
    outer loop
      vertex 136.164 76.9605 0
      vertex 138.253 81.0591 0
      vertex 136.962 76.6302 0
    endloop
  endfacet
  facet normal -0 0 -1
    outer loop
      vertex 138.253 81.0591 0
      vertex 136.164 76.9605 0
      vertex 138.132 81.1329 0
    endloop
  endfacet
  facet normal 0 0 -1
    outer loop
      vertex 135.428 77.4114 0
      vertex 138.132 81.1329 0
      vertex 136.164 76.9605 0
    endloop
  endfacet
  facet normal -0 0 -1
    outer loop
      vertex 138.132 81.1329 0
      vertex 135.428 77.4114 0
      vertex 138.025 81.2246 0
    endloop
  endfacet
  facet normal 0 0 -1
    outer loop
      vertex 134.772 77.9719 0
      vertex 138.025 81.2246 0
      vertex 135.428 77.4114 0
    endloop
  endfacet
  facet normal -0 0 -1
    outer loop
      vertex 138.025 81.2246 0
      vertex 134.772 77.9719 0
      vertex 137.933 81.332 0
    endloop
  endfacet
  facet normal 0 0 -1
    outer loop
      vertex 134.212 78.6282 0
      vertex 137.933 81.332 0
      vertex 134.772 77.9719 0
    endloop
  endfacet
  facet normal 0 0 -1
    outer loop
      vertex 133.761 79.3641 0
      vertex 137.859 81.4524 0
      vertex 134.212 78.6282 0
    endloop
  endfacet
  facet normal -0 0 -1
    outer loop
      vertex 137.859 81.4524 0
      vertex 133.761 79.3641 0
      vertex 137.805 81.5829 0
    endloop
  endfacet
  facet normal 0 0 -1
    outer loop
      vertex 133.43 80.1614 0
      vertex 137.805 81.5829 0
      vertex 133.761 79.3641 0
    endloop
  endfacet
  facet normal 0 0 -1
    outer loop
      vertex 137.772 82.0018 0
      vertex 135.252 96 0
      vertex 137.69 112 0
    endloop
  endfacet
  facet normal 0 0 -1
    outer loop
      vertex 120.9 104 0
      vertex 137.69 112 0
      vertex 135.252 96 0
    endloop
  endfacet
  facet normal 0 0 -1
    outer loop
      vertex 120.889 104.141 0
      vertex 137.69 112 0
      vertex 120.9 104 0
    endloop
  endfacet
  facet normal 0 0 -1
    outer loop
      vertex 120.856 104.278 0
      vertex 137.69 112 0
      vertex 120.889 104.141 0
    endloop
  endfacet
  facet normal 0 0 -1
    outer loop
      vertex 120.802 104.409 0
      vertex 137.69 112 0
      vertex 120.856 104.278 0
    endloop
  endfacet
  facet normal 0 0 -1
    outer loop
      vertex 120.728 104.529 0
      vertex 137.69 112 0
      vertex 120.802 104.409 0
    endloop
  endfacet
  facet normal 0 0 -1
    outer loop
      vertex 120.636 104.636 0
      vertex 137.69 112 0
      vertex 120.728 104.529 0
    endloop
  endfacet
  facet normal 0 0 -1
    outer loop
      vertex 120.529 104.728 0
      vertex 137.69 112 0
      vertex 120.636 104.636 0
    endloop
  endfacet
  facet normal 0 0 -1
    outer loop
      vertex 120.409 104.802 0
      vertex 137.69 112 0
      vertex 120.529 104.728 0
    endloop
  endfacet
  facet normal 0 0 -1
    outer loop
      vertex 120.278 104.856 0
      vertex 137.69 112 0
      vertex 120.409 104.802 0
    endloop
  endfacet
  facet normal 0 0 -1
    outer loop
      vertex 120.141 104.889 0
      vertex 137.69 112 0
      vertex 120.278 104.856 0
    endloop
  endfacet
  facet normal 0 0 -1
    outer loop
      vertex 120 104.9 0
      vertex 137.69 112 0
      vertex 120.141 104.889 0
    endloop
  endfacet
  facet normal 0 0 -1
    outer loop
      vertex 98.7466 112 0
      vertex 120 104.9 0
      vertex 119.859 104.889 0
    endloop
  endfacet
  facet normal 0 0 -1
    outer loop
      vertex 98.7466 112 0
      vertex 119.859 104.889 0
      vertex 119.722 104.856 0
    endloop
  endfacet
  facet normal 0 0 -1
    outer loop
      vertex 120 104.9 0
      vertex 98.7466 112 0
      vertex 137.69 112 0
    endloop
  endfacet
  facet normal 0 0 -1
    outer loop
      vertex 119.591 104.802 0
      vertex 98.7466 112 0
      vertex 119.722 104.856 0
    endloop
  endfacet
  facet normal 0 0 -1
    outer loop
      vertex 119.471 104.728 0
      vertex 98.7466 112 0
      vertex 119.591 104.802 0
    endloop
  endfacet
  facet normal 0 0 -1
    outer loop
      vertex 119.364 104.636 0
      vertex 98.7466 112 0
      vertex 119.471 104.728 0
    endloop
  endfacet
  facet normal 0 0 -1
    outer loop
      vertex 119.272 104.529 0
      vertex 98.7466 112 0
      vertex 119.364 104.636 0
    endloop
  endfacet
  facet normal 0 0 -1
    outer loop
      vertex 119.198 104.409 0
      vertex 98.7466 112 0
      vertex 119.272 104.529 0
    endloop
  endfacet
  facet normal 0 0 -1
    outer loop
      vertex 119.144 104.278 0
      vertex 98.7466 112 0
      vertex 119.198 104.409 0
    endloop
  endfacet
  facet normal 0 0 -1
    outer loop
      vertex 119.111 104.141 0
      vertex 98.7466 112 0
      vertex 119.144 104.278 0
    endloop
  endfacet
  facet normal 0 0 -1
    outer loop
      vertex 98.7466 112 0
      vertex 119.111 104.141 0
      vertex 119.1 104 0
    endloop
  endfacet
  facet normal 0 0 -1
    outer loop
      vertex 138.939 82.717 0
      vertex 148.398 101.795 0
      vertex 139.07 82.6629 0
    endloop
  endfacet
  facet normal 0 0 -1
    outer loop
      vertex 138.802 82.7499 0
      vertex 148.398 101.795 0
      vertex 138.939 82.717 0
    endloop
  endfacet
  facet normal -0 0 -1
    outer loop
      vertex 148.398 101.795 0
      vertex 138.802 82.7499 0
      vertex 148.073 102.073 0
    endloop
  endfacet
  facet normal 0 0 -1
    outer loop
      vertex 138.661 82.761 0
      vertex 148.073 102.073 0
      vertex 138.802 82.7499 0
    endloop
  endfacet
  facet normal -0 0 -1
    outer loop
      vertex 148.073 102.073 0
      vertex 138.661 82.761 0
      vertex 147.795 102.398 0
    endloop
  endfacet
  facet normal 0 0 -1
    outer loop
      vertex 138.52 82.7499 0
      vertex 147.795 102.398 0
      vertex 138.661 82.761 0
    endloop
  endfacet
  facet normal -0 0 -1
    outer loop
      vertex 147.795 102.398 0
      vertex 138.52 82.7499 0
      vertex 147.572 102.763 0
    endloop
  endfacet
  facet normal 0 0 -1
    outer loop
      vertex 138.383 82.717 0
      vertex 147.572 102.763 0
      vertex 138.52 82.7499 0
    endloop
  endfacet
  facet normal -0 0 -1
    outer loop
      vertex 147.572 102.763 0
      vertex 138.383 82.717 0
      vertex 147.408 103.158 0
    endloop
  endfacet
  facet normal 0 0 -1
    outer loop
      vertex 137.69 112 0
      vertex 147.408 103.158 0
      vertex 138.383 82.717 0
    endloop
  endfacet
  facet normal 0 0 -1
    outer loop
      vertex 147.408 103.158 0
      vertex 137.69 112 0
      vertex 147.309 103.574 0
    endloop
  endfacet
  facet normal 0 0 -1
    outer loop
      vertex 147.309 103.574 0
      vertex 137.69 112 0
      vertex 147.275 104 0
    endloop
  endfacet
  facet normal 0 0 -1
    outer loop
      vertex 137.69 112 0
      vertex 138.383 82.717 0
      vertex 138.253 82.6629 0
    endloop
  endfacet
  facet normal 0 0 -1
    outer loop
      vertex 137.69 112 0
      vertex 138.253 82.6629 0
      vertex 138.132 82.5891 0
    endloop
  endfacet
  facet normal 0 0 -1
    outer loop
      vertex 137.69 112 0
      vertex 138.132 82.5891 0
      vertex 138.025 82.4974 0
    endloop
  endfacet
  facet normal 0 0 -1
    outer loop
      vertex 137.69 112 0
      vertex 138.025 82.4974 0
      vertex 137.933 82.39 0
    endloop
  endfacet
  facet normal 0 0 -1
    outer loop
      vertex 137.69 112 0
      vertex 137.933 82.39 0
      vertex 137.859 82.2696 0
    endloop
  endfacet
  facet normal 0 0 -1
    outer loop
      vertex 137.69 112 0
      vertex 137.859 82.2696 0
      vertex 137.805 82.1391 0
    endloop
  endfacet
  facet normal 0 0 -1
    outer loop
      vertex 137.69 112 0
      vertex 137.805 82.1391 0
      vertex 137.772 82.0018 0
    endloop
  endfacet
  facet normal -0 0 -1
    outer loop
      vertex 137.933 81.332 0
      vertex 134.212 78.6282 0
      vertex 137.859 81.4524 0
    endloop
  endfacet
  facet normal 0 0 -1
    outer loop
      vertex 147.275 104 0
      vertex 137.69 112 0
      vertex 139.823 126 0
    endloop
  endfacet
  facet normal 0 0 -1
    outer loop
      vertex 177.837 132.657 0
      vertex 178.1 136.9 0
      vertex 178.905 132.914 0
    endloop
  endfacet
  facet normal 0 0 -1
    outer loop
      vertex 176.822 132.237 0
      vertex 178.1 136.9 0
      vertex 177.837 132.657 0
    endloop
  endfacet
  facet normal 0 0 -1
    outer loop
      vertex 175.885 131.663 0
      vertex 178.1 136.9 0
      vertex 176.822 132.237 0
    endloop
  endfacet
  facet normal 0 0 -1
    outer loop
      vertex 169.9 136.9 0
      vertex 175.885 131.663 0
      vertex 175.05 130.95 0
    endloop
  endfacet
  facet normal 0 0 -1
    outer loop
      vertex 169.9 136.9 0
      vertex 175.05 130.95 0
      vertex 174.337 130.114 0
    endloop
  endfacet
  facet normal 0 0 -1
    outer loop
      vertex 169.9 136.9 0
      vertex 174.337 130.114 0
      vertex 173.763 129.178 0
    endloop
  endfacet
  facet normal 0 0 -1
    outer loop
      vertex 175.885 131.663 0
      vertex 169.9 136.9 0
      vertex 178.1 136.9 0
    endloop
  endfacet
  facet normal 0 0 -1
    outer loop
      vertex 173.343 128.163 0
      vertex 169.9 136.9 0
      vertex 173.763 129.178 0
    endloop
  endfacet
  facet normal 0 0 -1
    outer loop
      vertex 173.086 127.095 0
      vertex 169.9 136.9 0
      vertex 173.343 128.163 0
    endloop
  endfacet
  facet normal 0 0 -1
    outer loop
      vertex 153.018 126 0
      vertex 173.086 127.095 0
      vertex 173 126 0
    endloop
  endfacet
  facet normal -0 0 -1
    outer loop
      vertex 173.086 127.095 0
      vertex 153.018 126 0
      vertex 169.9 136.9 0
    endloop
  endfacet
  facet normal 0 0 -1
    outer loop
      vertex 146.775 130.866 0
      vertex 169.9 136.9 0
      vertex 153.018 126 0
    endloop
  endfacet
  facet normal 0 0 -1
    outer loop
      vertex 152.592 104.842 0
      vertex 157.055 112 0
      vertex 152.691 104.426 0
    endloop
  endfacet
  facet normal 0 0 -1
    outer loop
      vertex 152.428 105.237 0
      vertex 157.055 112 0
      vertex 152.592 104.842 0
    endloop
  endfacet
  facet normal 0 0 -1
    outer loop
      vertex 152.205 105.602 0
      vertex 157.055 112 0
      vertex 152.428 105.237 0
    endloop
  endfacet
  facet normal 0 0 -1
    outer loop
      vertex 151.927 105.927 0
      vertex 157.055 112 0
      vertex 152.205 105.602 0
    endloop
  endfacet
  facet normal 0 0 -1
    outer loop
      vertex 151.602 106.205 0
      vertex 157.055 112 0
      vertex 151.927 105.927 0
    endloop
  endfacet
  facet normal 0 0 -1
    outer loop
      vertex 151.237 106.428 0
      vertex 157.055 112 0
      vertex 151.602 106.205 0
    endloop
  endfacet
  facet normal 0 0 -1
    outer loop
      vertex 150.842 106.592 0
      vertex 157.055 112 0
      vertex 151.237 106.428 0
    endloop
  endfacet
  facet normal 0 0 -1
    outer loop
      vertex 150.426 106.691 0
      vertex 157.055 112 0
      vertex 150.842 106.592 0
    endloop
  endfacet
  facet normal 0 0 -1
    outer loop
      vertex 150 106.725 0
      vertex 157.055 112 0
      vertex 150.426 106.691 0
    endloop
  endfacet
  facet normal 0 0 -1
    outer loop
      vertex 149.574 106.691 0
      vertex 157.055 112 0
      vertex 150 106.725 0
    endloop
  endfacet
  facet normal -0 0 -1
    outer loop
      vertex 157.055 112 0
      vertex 149.574 106.691 0
      vertex 153.018 126 0
    endloop
  endfacet
  facet normal 0 0 -1
    outer loop
      vertex 149.158 106.592 0
      vertex 153.018 126 0
      vertex 149.574 106.691 0
    endloop
  endfacet
  facet normal 0 0 -1
    outer loop
      vertex 148.763 106.428 0
      vertex 153.018 126 0
      vertex 149.158 106.592 0
    endloop
  endfacet
  facet normal 0 0 -1
    outer loop
      vertex 146.936 130.196 0
      vertex 148.763 106.428 0
      vertex 148.398 106.205 0
    endloop
  endfacet
  facet normal 0 0 -1
    outer loop
      vertex 146.936 130.196 0
      vertex 148.398 106.205 0
      vertex 148.073 105.927 0
    endloop
  endfacet
  facet normal 0 0 -1
    outer loop
      vertex 146.936 130.196 0
      vertex 148.073 105.927 0
      vertex 147.795 105.602 0
    endloop
  endfacet
  facet normal 0 0 -1
    outer loop
      vertex 146.936 130.196 0
      vertex 147.795 105.602 0
      vertex 147.572 105.237 0
    endloop
  endfacet
  facet normal 0 0 -1
    outer loop
      vertex 146.936 130.196 0
      vertex 147.572 105.237 0
      vertex 147.408 104.842 0
    endloop
  endfacet
  facet normal 0 0 -1
    outer loop
      vertex 139.823 126 0
      vertex 147.309 104.426 0
      vertex 147.275 104 0
    endloop
  endfacet
  facet normal 0 0 -1
    outer loop
      vertex 146.936 130.196 0
      vertex 147.408 104.842 0
      vertex 147.309 104.426 0
    endloop
  endfacet
  facet normal 0 0 -1
    outer loop
      vertex 148.763 106.428 0
      vertex 146.936 130.196 0
      vertex 153.018 126 0
    endloop
  endfacet
  facet normal 0 0 -1
    outer loop
      vertex 146.936 130.478 0
      vertex 153.018 126 0
      vertex 146.947 130.337 0
    endloop
  endfacet
  facet normal 0 0 -1
    outer loop
      vertex 146.903 130.615 0
      vertex 153.018 126 0
      vertex 146.936 130.478 0
    endloop
  endfacet
  facet normal 0 0 -1
    outer loop
      vertex 146.849 130.746 0
      vertex 153.018 126 0
      vertex 146.903 130.615 0
    endloop
  endfacet
  facet normal 0 0 -1
    outer loop
      vertex 146.775 130.866 0
      vertex 153.018 126 0
      vertex 146.849 130.746 0
    endloop
  endfacet
  facet normal -0 0 -1
    outer loop
      vertex 169.9 136.9 0
      vertex 146.775 130.866 0
      vertex 169.9 141 0
    endloop
  endfacet
  facet normal 0 0 -1
    outer loop
      vertex 146.683 130.974 0
      vertex 169.9 141 0
      vertex 146.775 130.866 0
    endloop
  endfacet
  facet normal 0 0 -1
    outer loop
      vertex 146.576 131.065 0
      vertex 169.9 141 0
      vertex 146.683 130.974 0
    endloop
  endfacet
  facet normal 0 0 -1
    outer loop
      vertex 146.455 131.139 0
      vertex 169.9 141 0
      vertex 146.576 131.065 0
    endloop
  endfacet
  facet normal 0 0 -1
    outer loop
      vertex 146.325 131.193 0
      vertex 169.9 141 0
      vertex 146.455 131.139 0
    endloop
  endfacet
  facet normal 0 0 -1
    outer loop
      vertex 146.188 131.226 0
      vertex 169.9 141 0
      vertex 146.325 131.193 0
    endloop
  endfacet
  facet normal 0 0 -1
    outer loop
      vertex 146.047 131.237 0
      vertex 169.9 141 0
      vertex 146.188 131.226 0
    endloop
  endfacet
  facet normal 0 0 -1
    outer loop
      vertex 118.1 141 0
      vertex 146.047 131.237 0
      vertex 145.906 131.226 0
    endloop
  endfacet
  facet normal 0 0 -1
    outer loop
      vertex 118.1 141 0
      vertex 145.906 131.226 0
      vertex 145.769 131.193 0
    endloop
  endfacet
  facet normal -0 0 -1
    outer loop
      vertex 145.191 130.059 0
      vertex 139.823 126 0
      vertex 145.158 130.196 0
    endloop
  endfacet
  facet normal 0 0 -1
    outer loop
      vertex 141.158 76.9605 0
      vertex 139.561 81.861 0
      vertex 141.894 77.4114 0
    endloop
  endfacet
  facet normal 0 0 -1
    outer loop
      vertex 139.07 81.0591 0
      vertex 141.158 76.9605 0
      vertex 140.361 76.6302 0
    endloop
  endfacet
  facet normal 0 0 -1
    outer loop
      vertex 141.894 77.4114 0
      vertex 139.561 81.861 0
      vertex 142.55 77.9719 0
    endloop
  endfacet
  facet normal -0 0 -1
    outer loop
      vertex 145.158 130.196 0
      vertex 139.823 126 0
      vertex 145.147 130.337 0
    endloop
  endfacet
  facet normal -0 0 -1
    outer loop
      vertex 145.147 130.337 0
      vertex 139.823 126 0
      vertex 145.158 130.478 0
    endloop
  endfacet
  facet normal 0 0 -1
    outer loop
      vertex 139.823 126 0
      vertex 145.191 130.615 0
      vertex 145.158 130.478 0
    endloop
  endfacet
  facet normal 0 0 -1
    outer loop
      vertex 139.823 126 0
      vertex 145.245 130.746 0
      vertex 145.191 130.615 0
    endloop
  endfacet
  facet normal 0 0 -1
    outer loop
      vertex 125.663 130.114 0
      vertex 145.245 130.746 0
      vertex 139.823 126 0
    endloop
  endfacet
  facet normal -0 0 -1
    outer loop
      vertex 145.245 130.746 0
      vertex 125.663 130.114 0
      vertex 145.319 130.866 0
    endloop
  endfacet
  facet normal 0 0 -1
    outer loop
      vertex 126.914 127.095 0
      vertex 139.823 126 0
      vertex 127 126 0
    endloop
  endfacet
  facet normal 0 0 -1
    outer loop
      vertex 126.657 128.163 0
      vertex 139.823 126 0
      vertex 126.914 127.095 0
    endloop
  endfacet
  facet normal 0 0 -1
    outer loop
      vertex 126.237 129.178 0
      vertex 139.823 126 0
      vertex 126.657 128.163 0
    endloop
  endfacet
  facet normal 0 0 -1
    outer loop
      vertex 125.663 130.114 0
      vertex 139.823 126 0
      vertex 126.237 129.178 0
    endloop
  endfacet
  facet normal 0 0 -1
    outer loop
      vertex 124.95 130.95 0
      vertex 145.319 130.866 0
      vertex 125.663 130.114 0
    endloop
  endfacet
  facet normal 0 0 -1
    outer loop
      vertex 145.319 130.866 0
      vertex 124.95 130.95 0
      vertex 145.41 130.974 0
    endloop
  endfacet
  facet normal -0 0 -1
    outer loop
      vertex 145.41 130.974 0
      vertex 124.95 130.95 0
      vertex 145.518 131.065 0
    endloop
  endfacet
  facet normal 0 0 -1
    outer loop
      vertex 124.115 131.663 0
      vertex 145.518 131.065 0
      vertex 124.95 130.95 0
    endloop
  endfacet
  facet normal 0 0 -1
    outer loop
      vertex 118.1 141 0
      vertex 145.518 131.065 0
      vertex 124.115 131.663 0
    endloop
  endfacet
  facet normal 0 0 -1
    outer loop
      vertex 145.518 131.065 0
      vertex 118.1 141 0
      vertex 145.638 131.139 0
    endloop
  endfacet
  facet normal 0 0 -1
    outer loop
      vertex 145.638 131.139 0
      vertex 118.1 141 0
      vertex 145.769 131.193 0
    endloop
  endfacet
  facet normal 0 0 -1
    outer loop
      vertex 118.1 141 0
      vertex 124.115 131.663 0
      vertex 123.178 132.237 0
    endloop
  endfacet
  facet normal 0 0 -1
    outer loop
      vertex 118.1 141 0
      vertex 123.178 132.237 0
      vertex 122.163 132.657 0
    endloop
  endfacet
  facet normal 0 0 -1
    outer loop
      vertex 118.1 136.9 0
      vertex 122.163 132.657 0
      vertex 121.095 132.914 0
    endloop
  endfacet
  facet normal 0 0 -1
    outer loop
      vertex 118.1 136.9 0
      vertex 121.095 132.914 0
      vertex 120 133 0
    endloop
  endfacet
  facet normal 0 0 -1
    outer loop
      vertex 118.1 136.9 0
      vertex 120 133 0
      vertex 118.905 132.914 0
    endloop
  endfacet
  facet normal 0 0 -1
    outer loop
      vertex 122.163 132.657 0
      vertex 118.1 136.9 0
      vertex 118.1 141 0
    endloop
  endfacet
  facet normal 0 0 -1
    outer loop
      vertex 146.047 131.237 0
      vertex 118.1 141 0
      vertex 169.9 141 0
    endloop
  endfacet
  facet normal 0 0 -1
    outer loop
      vertex 195.252 96 0
      vertex 180.889 103.859 0
      vertex 180.9 104 0
    endloop
  endfacet
  facet normal 0 0 -1
    outer loop
      vertex 195.252 96 0
      vertex 180.856 103.722 0
      vertex 180.889 103.859 0
    endloop
  endfacet
  facet normal 0 0 -1
    outer loop
      vertex 195.252 96 0
      vertex 180.802 103.591 0
      vertex 180.856 103.722 0
    endloop
  endfacet
  facet normal 0 0 -1
    outer loop
      vertex 195.252 96 0
      vertex 180.728 103.471 0
      vertex 180.802 103.591 0
    endloop
  endfacet
  facet normal 0 0 -1
    outer loop
      vertex 195.252 96 0
      vertex 180.636 103.364 0
      vertex 180.728 103.471 0
    endloop
  endfacet
  facet normal 0 0 -1
    outer loop
      vertex 195.252 96 0
      vertex 180.529 103.272 0
      vertex 180.636 103.364 0
    endloop
  endfacet
  facet normal 0 0 -1
    outer loop
      vertex 195.252 96 0
      vertex 180.409 103.198 0
      vertex 180.529 103.272 0
    endloop
  endfacet
  facet normal 0 0 -1
    outer loop
      vertex 195.252 96 0
      vertex 180.278 103.144 0
      vertex 180.409 103.198 0
    endloop
  endfacet
  facet normal 0 0 -1
    outer loop
      vertex 195.252 96 0
      vertex 180.141 103.111 0
      vertex 180.278 103.144 0
    endloop
  endfacet
  facet normal 0 0 -1
    outer loop
      vertex 195.252 96 0
      vertex 180 103.1 0
      vertex 180.141 103.111 0
    endloop
  endfacet
  facet normal 0 0 -1
    outer loop
      vertex 195.252 96 0
      vertex 179.859 103.111 0
      vertex 180 103.1 0
    endloop
  endfacet
  facet normal 0 0 -1
    outer loop
      vertex 155.369 96 0
      vertex 179.859 103.111 0
      vertex 195.252 96 0
    endloop
  endfacet
  facet normal -0 0 -1
    outer loop
      vertex 179.859 103.111 0
      vertex 155.369 96 0
      vertex 179.722 103.144 0
    endloop
  endfacet
  facet normal 0 0 -1
    outer loop
      vertex 179.111 103.859 0
      vertex 157.055 112 0
      vertex 179.1 104 0
    endloop
  endfacet
  facet normal 0 0 -1
    outer loop
      vertex 155.369 96 0
      vertex 179.111 103.859 0
      vertex 179.144 103.722 0
    endloop
  endfacet
  facet normal 0 0 -1
    outer loop
      vertex 155.369 96 0
      vertex 179.144 103.722 0
      vertex 179.198 103.591 0
    endloop
  endfacet
  facet normal 0 0 -1
    outer loop
      vertex 155.369 96 0
      vertex 179.198 103.591 0
      vertex 179.272 103.471 0
    endloop
  endfacet
  facet normal 0 0 -1
    outer loop
      vertex 155.369 96 0
      vertex 179.272 103.471 0
      vertex 179.364 103.364 0
    endloop
  endfacet
  facet normal 0 0 -1
    outer loop
      vertex 155.369 96 0
      vertex 179.364 103.364 0
      vertex 179.471 103.272 0
    endloop
  endfacet
  facet normal 0 0 -1
    outer loop
      vertex 155.369 96 0
      vertex 179.471 103.272 0
      vertex 179.591 103.198 0
    endloop
  endfacet
  facet normal -0 0 -1
    outer loop
      vertex 179.722 103.144 0
      vertex 155.369 96 0
      vertex 179.591 103.198 0
    endloop
  endfacet
  facet normal -0 0 -1
    outer loop
      vertex 179.111 103.859 0
      vertex 155.369 96 0
      vertex 157.055 112 0
    endloop
  endfacet
  facet normal 0 0 -1
    outer loop
      vertex 152.725 104 0
      vertex 157.055 112 0
      vertex 155.369 96 0
    endloop
  endfacet
  facet normal 0 0 -1
    outer loop
      vertex 152.691 104.426 0
      vertex 157.055 112 0
      vertex 152.725 104 0
    endloop
  endfacet
  facet normal 0 0 -1
    outer loop
      vertex 155.369 96 0
      vertex 152.691 103.574 0
      vertex 152.725 104 0
    endloop
  endfacet
  facet normal 0 0 -1
    outer loop
      vertex 155.369 96 0
      vertex 152.592 103.158 0
      vertex 152.691 103.574 0
    endloop
  endfacet
  facet normal 0 0 -1
    outer loop
      vertex 155.369 96 0
      vertex 152.428 102.763 0
      vertex 152.592 103.158 0
    endloop
  endfacet
  facet normal 0 0 -1
    outer loop
      vertex 155.369 96 0
      vertex 152.205 102.398 0
      vertex 152.428 102.763 0
    endloop
  endfacet
  facet normal 0 0 -1
    outer loop
      vertex 155.369 96 0
      vertex 151.927 102.073 0
      vertex 152.205 102.398 0
    endloop
  endfacet
  facet normal 0 0 -1
    outer loop
      vertex 155.369 96 0
      vertex 151.602 101.795 0
      vertex 151.927 102.073 0
    endloop
  endfacet
  facet normal 0 0 -1
    outer loop
      vertex 155.369 96 0
      vertex 151.237 101.572 0
      vertex 151.602 101.795 0
    endloop
  endfacet
  facet normal 0 0 -1
    outer loop
      vertex 155.369 96 0
      vertex 150.842 101.408 0
      vertex 151.237 101.572 0
    endloop
  endfacet
  facet normal 0 0 -1
    outer loop
      vertex 155.369 96 0
      vertex 150.426 101.309 0
      vertex 150.842 101.408 0
    endloop
  endfacet
  facet normal 0 0 -1
    outer loop
      vertex 155.369 96 0
      vertex 150 101.275 0
      vertex 150.426 101.309 0
    endloop
  endfacet
  facet normal 0 0 -1
    outer loop
      vertex 155.369 96 0
      vertex 149.574 101.309 0
      vertex 150 101.275 0
    endloop
  endfacet
  facet normal 0 0 -1
    outer loop
      vertex 155.369 96 0
      vertex 149.158 101.408 0
      vertex 149.574 101.309 0
    endloop
  endfacet
  facet normal 0 0 -1
    outer loop
      vertex 139.55 82.0018 0
      vertex 143.111 78.6282 0
      vertex 139.561 81.861 0
    endloop
  endfacet
  facet normal 0 0 -1
    outer loop
      vertex 139.517 82.1391 0
      vertex 143.111 78.6282 0
      vertex 139.55 82.0018 0
    endloop
  endfacet
  facet normal 0 0 -1
    outer loop
      vertex 153.018 126 0
      vertex 146.936 130.196 0
      vertex 146.947 130.337 0
    endloop
  endfacet
  facet normal 0 0 -1
    outer loop
      vertex 147.309 104.426 0
      vertex 146.903 130.059 0
      vertex 146.936 130.196 0
    endloop
  endfacet
  facet normal 0 0 -1
    outer loop
      vertex 147.309 104.426 0
      vertex 146.849 129.929 0
      vertex 146.903 130.059 0
    endloop
  endfacet
  facet normal 0 0 -1
    outer loop
      vertex 147.309 104.426 0
      vertex 146.775 129.808 0
      vertex 146.849 129.929 0
    endloop
  endfacet
  facet normal 0 0 -1
    outer loop
      vertex 147.309 104.426 0
      vertex 146.683 129.701 0
      vertex 146.775 129.808 0
    endloop
  endfacet
  facet normal 0 0 -1
    outer loop
      vertex 147.309 104.426 0
      vertex 146.576 129.609 0
      vertex 146.683 129.701 0
    endloop
  endfacet
  facet normal 0 0 -1
    outer loop
      vertex 147.309 104.426 0
      vertex 146.455 129.535 0
      vertex 146.576 129.609 0
    endloop
  endfacet
  facet normal 0 0 -1
    outer loop
      vertex 147.309 104.426 0
      vertex 146.325 129.481 0
      vertex 146.455 129.535 0
    endloop
  endfacet
  facet normal 0 0 -1
    outer loop
      vertex 147.309 104.426 0
      vertex 146.188 129.448 0
      vertex 146.325 129.481 0
    endloop
  endfacet
  facet normal 0 0 -1
    outer loop
      vertex 147.309 104.426 0
      vertex 139.823 126 0
      vertex 146.188 129.448 0
    endloop
  endfacet
  facet normal 0 0 -1
    outer loop
      vertex 146.188 129.448 0
      vertex 139.823 126 0
      vertex 146.047 129.437 0
    endloop
  endfacet
  facet normal -0 0 -1
    outer loop
      vertex 146.047 129.437 0
      vertex 139.823 126 0
      vertex 145.906 129.448 0
    endloop
  endfacet
  facet normal -0 0 -1
    outer loop
      vertex 145.906 129.448 0
      vertex 139.823 126 0
      vertex 145.769 129.481 0
    endloop
  endfacet
  facet normal -0 0 -1
    outer loop
      vertex 145.769 129.481 0
      vertex 139.823 126 0
      vertex 145.638 129.535 0
    endloop
  endfacet
  facet normal -0 0 -1
    outer loop
      vertex 145.638 129.535 0
      vertex 139.823 126 0
      vertex 145.518 129.609 0
    endloop
  endfacet
  facet normal -0 0 -1
    outer loop
      vertex 145.518 129.609 0
      vertex 139.823 126 0
      vertex 145.41 129.701 0
    endloop
  endfacet
  facet normal -0 0 -1
    outer loop
      vertex 145.41 129.701 0
      vertex 139.823 126 0
      vertex 145.319 129.808 0
    endloop
  endfacet
  facet normal -0 0 -1
    outer loop
      vertex 145.319 129.808 0
      vertex 139.823 126 0
      vertex 145.245 129.929 0
    endloop
  endfacet
  facet normal -0 0 -1
    outer loop
      vertex 155.369 96 0
      vertex 139.19 82.5891 0
      vertex 149.158 101.408 0
    endloop
  endfacet
  facet normal -0 0 -1
    outer loop
      vertex 145.245 129.929 0
      vertex 139.823 126 0
      vertex 145.191 130.059 0
    endloop
  endfacet
  facet normal 0 0 -1
    outer loop
      vertex 139.07 82.6629 0
      vertex 148.763 101.572 0
      vertex 139.19 82.5891 0
    endloop
  endfacet
  facet normal -0 0 -1
    outer loop
      vertex 149.158 101.408 0
      vertex 139.19 82.5891 0
      vertex 148.763 101.572 0
    endloop
  endfacet
  facet normal 0 0 -1
    outer loop
      vertex 139.561 81.861 0
      vertex 143.111 78.6282 0
      vertex 142.55 77.9719 0
    endloop
  endfacet
  facet normal 0 0 -1
    outer loop
      vertex 139.19 82.5891 0
      vertex 155.369 96 0
      vertex 139.298 82.4974 0
    endloop
  endfacet
  facet normal 0 0 -1
    outer loop
      vertex 139.298 82.4974 0
      vertex 155.369 96 0
      vertex 139.389 82.39 0
    endloop
  endfacet
  facet normal 0 0 -1
    outer loop
      vertex 139.389 82.39 0
      vertex 155.369 96 0
      vertex 139.463 82.2696 0
    endloop
  endfacet
  facet normal 0 0 -1
    outer loop
      vertex 143.111 78.6282 0
      vertex 139.463 82.2696 0
      vertex 155.369 96 0
    endloop
  endfacet
  facet normal 0 0 -1
    outer loop
      vertex 139.463 82.2696 0
      vertex 143.111 78.6282 0
      vertex 139.517 82.1391 0
    endloop
  endfacet
  facet normal -0 0 -1
    outer loop
      vertex 197.805 81.5829 0
      vertex 193.43 80.1614 0
      vertex 197.772 81.7202 0
    endloop
  endfacet
  facet normal 0 0 -1
    outer loop
      vertex 193.229 81.0006 0
      vertex 197.772 81.7202 0
      vertex 193.43 80.1614 0
    endloop
  endfacet
  facet normal -0 0 -1
    outer loop
      vertex 197.772 81.7202 0
      vertex 193.229 81.0006 0
      vertex 197.761 81.861 0
    endloop
  endfacet
  facet normal 0 0 -1
    outer loop
      vertex 193.161 81.861 0
      vertex 197.761 81.861 0
      vertex 193.229 81.0006 0
    endloop
  endfacet
  facet normal 0 0 -1
    outer loop
      vertex 197.761 81.861 0
      vertex 193.161 81.861 0
      vertex 197.772 82.0018 0
    endloop
  endfacet
  facet normal 0 0 -1
    outer loop
      vertex 197.772 82.0018 0
      vertex 193.229 82.7214 0
      vertex 195.252 96 0
    endloop
  endfacet
  facet normal -0 0 -1
    outer loop
      vertex 197.772 82.0018 0
      vertex 193.161 81.861 0
      vertex 193.229 82.7214 0
    endloop
  endfacet
  facet normal -0 0 -1
    outer loop
      vertex 208.763 101.572 0
      vertex 199.07 82.6629 0
      vertex 208.398 101.795 0
    endloop
  endfacet
  facet normal 0 0 -1
    outer loop
      vertex 201.158 76.9605 0
      vertex 199.55 81.7202 0
      vertex 199.561 81.861 0
    endloop
  endfacet
  facet normal 0 0 -1
    outer loop
      vertex 198.939 81.0051 0
      vertex 200.361 76.6302 0
      vertex 199.521 76.4287 0
    endloop
  endfacet
  facet normal 0 0 -1
    outer loop
      vertex 201.158 76.9605 0
      vertex 199.517 81.5829 0
      vertex 199.55 81.7202 0
    endloop
  endfacet
  facet normal 0 0 -1
    outer loop
      vertex 201.158 76.9605 0
      vertex 199.463 81.4524 0
      vertex 199.517 81.5829 0
    endloop
  endfacet
  facet normal 0 0 -1
    outer loop
      vertex 201.158 76.9605 0
      vertex 199.389 81.332 0
      vertex 199.463 81.4524 0
    endloop
  endfacet
  facet normal 0 0 -1
    outer loop
      vertex 201.158 76.9605 0
      vertex 199.297 81.2246 0
      vertex 199.389 81.332 0
    endloop
  endfacet
  facet normal 0 0 -1
    outer loop
      vertex 201.158 76.9605 0
      vertex 199.19 81.1329 0
      vertex 199.297 81.2246 0
    endloop
  endfacet
  facet normal 0 0 -1
    outer loop
      vertex 201.158 76.9605 0
      vertex 199.07 81.0591 0
      vertex 199.19 81.1329 0
    endloop
  endfacet
  facet normal 0 0 -1
    outer loop
      vertex 200.361 76.6302 0
      vertex 198.939 81.0051 0
      vertex 199.07 81.0591 0
    endloop
  endfacet
  facet normal 0 0 -1
    outer loop
      vertex 199.521 76.4287 0
      vertex 198.802 80.9721 0
      vertex 198.939 81.0051 0
    endloop
  endfacet
  facet normal 0 0 -1
    outer loop
      vertex 198.661 76.361 0
      vertex 198.802 80.9721 0
      vertex 199.521 76.4287 0
    endloop
  endfacet
  facet normal 0 0 -1
    outer loop
      vertex 198.661 76.361 0
      vertex 198.661 80.961 0
      vertex 198.802 80.9721 0
    endloop
  endfacet
  facet normal 0 0 -1
    outer loop
      vertex 198.661 76.361 0
      vertex 198.52 80.9721 0
      vertex 198.661 80.961 0
    endloop
  endfacet
  facet normal 0 0 -1
    outer loop
      vertex 197.801 76.4287 0
      vertex 198.52 80.9721 0
      vertex 198.661 76.361 0
    endloop
  endfacet
  facet normal -0 0 -1
    outer loop
      vertex 198.52 80.9721 0
      vertex 197.801 76.4287 0
      vertex 198.383 81.0051 0
    endloop
  endfacet
  facet normal 0 0 -1
    outer loop
      vertex 196.962 76.6302 0
      vertex 198.383 81.0051 0
      vertex 197.801 76.4287 0
    endloop
  endfacet
  facet normal -0 0 -1
    outer loop
      vertex 198.383 81.0051 0
      vertex 196.962 76.6302 0
      vertex 198.253 81.0591 0
    endloop
  endfacet
  facet normal 0 0 -1
    outer loop
      vertex 196.164 76.9605 0
      vertex 198.253 81.0591 0
      vertex 196.962 76.6302 0
    endloop
  endfacet
  facet normal -0 0 -1
    outer loop
      vertex 198.253 81.0591 0
      vertex 196.164 76.9605 0
      vertex 198.132 81.1329 0
    endloop
  endfacet
  facet normal 0 0 -1
    outer loop
      vertex 195.428 77.4114 0
      vertex 198.132 81.1329 0
      vertex 196.164 76.9605 0
    endloop
  endfacet
  facet normal -0 0 -1
    outer loop
      vertex 198.132 81.1329 0
      vertex 195.428 77.4114 0
      vertex 198.025 81.2246 0
    endloop
  endfacet
  facet normal 0 0 -1
    outer loop
      vertex 194.772 77.9719 0
      vertex 198.025 81.2246 0
      vertex 195.428 77.4114 0
    endloop
  endfacet
  facet normal -0 0 -1
    outer loop
      vertex 198.025 81.2246 0
      vertex 194.772 77.9719 0
      vertex 197.933 81.332 0
    endloop
  endfacet
  facet normal 0 0 -1
    outer loop
      vertex 194.212 78.6282 0
      vertex 197.933 81.332 0
      vertex 194.772 77.9719 0
    endloop
  endfacet
  facet normal 0 0 -1
    outer loop
      vertex 193.761 79.3641 0
      vertex 197.859 81.4524 0
      vertex 194.212 78.6282 0
    endloop
  endfacet
  facet normal -0 0 -1
    outer loop
      vertex 197.859 81.4524 0
      vertex 193.761 79.3641 0
      vertex 197.805 81.5829 0
    endloop
  endfacet
  facet normal 0 0 -1
    outer loop
      vertex 193.43 80.1614 0
      vertex 197.805 81.5829 0
      vertex 193.761 79.3641 0
    endloop
  endfacet
  facet normal 0 0 -1
    outer loop
      vertex 197.772 82.0018 0
      vertex 195.252 96 0
      vertex 197.69 112 0
    endloop
  endfacet
  facet normal 0 0 -1
    outer loop
      vertex 180.9 104 0
      vertex 197.69 112 0
      vertex 195.252 96 0
    endloop
  endfacet
  facet normal 0 0 -1
    outer loop
      vertex 180.889 104.141 0
      vertex 197.69 112 0
      vertex 180.9 104 0
    endloop
  endfacet
  facet normal 0 0 -1
    outer loop
      vertex 180.856 104.278 0
      vertex 197.69 112 0
      vertex 180.889 104.141 0
    endloop
  endfacet
  facet normal 0 0 -1
    outer loop
      vertex 180.802 104.409 0
      vertex 197.69 112 0
      vertex 180.856 104.278 0
    endloop
  endfacet
  facet normal 0 0 -1
    outer loop
      vertex 180.728 104.529 0
      vertex 197.69 112 0
      vertex 180.802 104.409 0
    endloop
  endfacet
  facet normal 0 0 -1
    outer loop
      vertex 180.636 104.636 0
      vertex 197.69 112 0
      vertex 180.728 104.529 0
    endloop
  endfacet
  facet normal 0 0 -1
    outer loop
      vertex 180.529 104.728 0
      vertex 197.69 112 0
      vertex 180.636 104.636 0
    endloop
  endfacet
  facet normal 0 0 -1
    outer loop
      vertex 180.409 104.802 0
      vertex 197.69 112 0
      vertex 180.529 104.728 0
    endloop
  endfacet
  facet normal 0 0 -1
    outer loop
      vertex 180.278 104.856 0
      vertex 197.69 112 0
      vertex 180.409 104.802 0
    endloop
  endfacet
  facet normal 0 0 -1
    outer loop
      vertex 180.141 104.889 0
      vertex 197.69 112 0
      vertex 180.278 104.856 0
    endloop
  endfacet
  facet normal 0 0 -1
    outer loop
      vertex 180 104.9 0
      vertex 197.69 112 0
      vertex 180.141 104.889 0
    endloop
  endfacet
  facet normal 0 0 -1
    outer loop
      vertex 179.859 104.889 0
      vertex 197.69 112 0
      vertex 180 104.9 0
    endloop
  endfacet
  facet normal 0 0 -1
    outer loop
      vertex 157.055 112 0
      vertex 179.859 104.889 0
      vertex 179.722 104.856 0
    endloop
  endfacet
  facet normal 0 0 -1
    outer loop
      vertex 179.859 104.889 0
      vertex 157.055 112 0
      vertex 197.69 112 0
    endloop
  endfacet
  facet normal 0 0 -1
    outer loop
      vertex 179.591 104.802 0
      vertex 157.055 112 0
      vertex 179.722 104.856 0
    endloop
  endfacet
  facet normal 0 0 -1
    outer loop
      vertex 179.471 104.728 0
      vertex 157.055 112 0
      vertex 179.591 104.802 0
    endloop
  endfacet
  facet normal 0 0 -1
    outer loop
      vertex 179.364 104.636 0
      vertex 157.055 112 0
      vertex 179.471 104.728 0
    endloop
  endfacet
  facet normal 0 0 -1
    outer loop
      vertex 179.272 104.529 0
      vertex 157.055 112 0
      vertex 179.364 104.636 0
    endloop
  endfacet
  facet normal 0 0 -1
    outer loop
      vertex 179.198 104.409 0
      vertex 157.055 112 0
      vertex 179.272 104.529 0
    endloop
  endfacet
  facet normal 0 0 -1
    outer loop
      vertex 179.144 104.278 0
      vertex 157.055 112 0
      vertex 179.198 104.409 0
    endloop
  endfacet
  facet normal 0 0 -1
    outer loop
      vertex 179.111 104.141 0
      vertex 157.055 112 0
      vertex 179.144 104.278 0
    endloop
  endfacet
  facet normal 0 0 -1
    outer loop
      vertex 157.055 112 0
      vertex 179.111 104.141 0
      vertex 179.1 104 0
    endloop
  endfacet
  facet normal 0 0 -1
    outer loop
      vertex 211.237 106.428 0
      vertex 220.462 107.399 0
      vertex 211.602 106.205 0
    endloop
  endfacet
  facet normal -0 0 -1
    outer loop
      vertex 220.462 107.399 0
      vertex 211.237 106.428 0
      vertex 213.528 126 0
    endloop
  endfacet
  facet normal 0 0 -1
    outer loop
      vertex 210.842 106.592 0
      vertex 213.528 126 0
      vertex 211.237 106.428 0
    endloop
  endfacet
  facet normal 0 0 -1
    outer loop
      vertex 210.426 106.691 0
      vertex 213.528 126 0
      vertex 210.842 106.592 0
    endloop
  endfacet
  facet normal 0 0 -1
    outer loop
      vertex 210 106.725 0
      vertex 213.528 126 0
      vertex 210.426 106.691 0
    endloop
  endfacet
  facet normal 0 0 -1
    outer loop
      vertex 209.574 106.691 0
      vertex 213.528 126 0
      vertex 210 106.725 0
    endloop
  endfacet
  facet normal 0 0 -1
    outer loop
      vertex 209.158 106.592 0
      vertex 213.528 126 0
      vertex 209.574 106.691 0
    endloop
  endfacet
  facet normal -0 0 -1
    outer loop
      vertex 213.528 126 0
      vertex 209.158 106.592 0
      vertex 199.823 126 0
    endloop
  endfacet
  facet normal 0 0 -1
    outer loop
      vertex 199.823 126 0
      vertex 209.158 106.592 0
      vertex 208.763 106.428 0
    endloop
  endfacet
  facet normal 0 0 -1
    outer loop
      vertex 199.823 126 0
      vertex 208.763 106.428 0
      vertex 208.398 106.205 0
    endloop
  endfacet
  facet normal 0 0 -1
    outer loop
      vertex 199.823 126 0
      vertex 208.398 106.205 0
      vertex 208.073 105.927 0
    endloop
  endfacet
  facet normal 0 0 -1
    outer loop
      vertex 199.823 126 0
      vertex 208.073 105.927 0
      vertex 207.795 105.602 0
    endloop
  endfacet
  facet normal 0 0 -1
    outer loop
      vertex 199.823 126 0
      vertex 207.795 105.602 0
      vertex 207.572 105.237 0
    endloop
  endfacet
  facet normal 0 0 -1
    outer loop
      vertex 199.823 126 0
      vertex 207.572 105.237 0
      vertex 207.408 104.842 0
    endloop
  endfacet
  facet normal 0 0 -1
    outer loop
      vertex 199.823 126 0
      vertex 207.408 104.842 0
      vertex 207.309 104.426 0
    endloop
  endfacet
  facet normal 0 0 -1
    outer loop
      vertex 199.823 126 0
      vertex 207.309 104.426 0
      vertex 207.275 104 0
    endloop
  endfacet
  facet normal 0 -0 -1
    outer loop
      vertex 206.947 130.337 0
      vertex 213.528 126 0
      vertex 206.936 130.196 0
    endloop
  endfacet
  facet normal 0 0 -1
    outer loop
      vertex 213.528 126 0
      vertex 206.936 130.478 0
      vertex 212.1 136.9 0
    endloop
  endfacet
  facet normal 0 0 -1
    outer loop
      vertex 206.903 130.615 0
      vertex 212.1 136.9 0
      vertex 206.936 130.478 0
    endloop
  endfacet
  facet normal 0 0 -1
    outer loop
      vertex 206.849 130.746 0
      vertex 212.1 136.9 0
      vertex 206.903 130.615 0
    endloop
  endfacet
  facet normal 0 0 -1
    outer loop
      vertex 206.775 130.866 0
      vertex 212.1 136.9 0
      vertex 206.849 130.746 0
    endloop
  endfacet
  facet normal 0 0 -1
    outer loop
      vertex 206.683 130.974 0
      vertex 212.1 136.9 0
      vertex 206.775 130.866 0
    endloop
  endfacet
  facet normal 0 0 -1
    outer loop
      vertex 206.576 131.065 0
      vertex 212.1 136.9 0
      vertex 206.683 130.974 0
    endloop
  endfacet
  facet normal 0 0 -1
    outer loop
      vertex 206.455 131.139 0
      vertex 212.1 136.9 0
      vertex 206.576 131.065 0
    endloop
  endfacet
  facet normal 0 0 -1
    outer loop
      vertex 206.325 131.193 0
      vertex 212.1 136.9 0
      vertex 206.455 131.139 0
    endloop
  endfacet
  facet normal 0 0 -1
    outer loop
      vertex 203.9 136.9 0
      vertex 206.325 131.193 0
      vertex 206.188 131.226 0
    endloop
  endfacet
  facet normal 0 0 -1
    outer loop
      vertex 203.9 136.9 0
      vertex 206.188 131.226 0
      vertex 206.047 131.237 0
    endloop
  endfacet
  facet normal 0 0 -1
    outer loop
      vertex 203.9 136.9 0
      vertex 206.047 131.237 0
      vertex 205.906 131.226 0
    endloop
  endfacet
  facet normal 0 0 -1
    outer loop
      vertex 203.9 136.9 0
      vertex 205.906 131.226 0
      vertex 205.769 131.193 0
    endloop
  endfacet
  facet normal 0 0 -1
    outer loop
      vertex 203.9 136.9 0
      vertex 205.769 131.193 0
      vertex 205.638 131.139 0
    endloop
  endfacet
  facet normal 0 0 -1
    outer loop
      vertex 203.9 136.9 0
      vertex 205.638 131.139 0
      vertex 205.518 131.065 0
    endloop
  endfacet
  facet normal 0 0 -1
    outer loop
      vertex 203.9 136.9 0
      vertex 205.518 131.065 0
      vertex 205.41 130.974 0
    endloop
  endfacet
  facet normal 0 0 -1
    outer loop
      vertex 206.325 131.193 0
      vertex 203.9 136.9 0
      vertex 212.1 136.9 0
    endloop
  endfacet
  facet normal 0 0 -1
    outer loop
      vertex 205.319 130.866 0
      vertex 203.9 136.9 0
      vertex 205.41 130.974 0
    endloop
  endfacet
  facet normal 0 0 -1
    outer loop
      vertex 205.245 130.746 0
      vertex 203.9 136.9 0
      vertex 205.319 130.866 0
    endloop
  endfacet
  facet normal 0 0 -1
    outer loop
      vertex 205.191 130.615 0
      vertex 203.9 136.9 0
      vertex 205.245 130.746 0
    endloop
  endfacet
  facet normal 0 0 -1
    outer loop
      vertex 199.823 126 0
      vertex 205.191 130.615 0
      vertex 205.158 130.478 0
    endloop
  endfacet
  facet normal 0 0 -1
    outer loop
      vertex 199.823 126 0
      vertex 205.158 130.478 0
      vertex 205.147 130.337 0
    endloop
  endfacet
  facet normal 0 0 -1
    outer loop
      vertex 212.725 104 0
      vertex 221 104 0
      vertex 220.865 102.279 0
    endloop
  endfacet
  facet normal 0 0 -1
    outer loop
      vertex 212.691 103.574 0
      vertex 220.865 102.279 0
      vertex 220.462 100.601 0
    endloop
  endfacet
  facet normal 0 0 -1
    outer loop
      vertex 221 104 0
      vertex 212.725 104 0
      vertex 220.865 105.721 0
    endloop
  endfacet
  facet normal 0 0 -1
    outer loop
      vertex 212.592 103.158 0
      vertex 220.462 100.601 0
      vertex 219.801 99.0061 0
    endloop
  endfacet
  facet normal 0 0 -1
    outer loop
      vertex 212.428 102.763 0
      vertex 219.801 99.0061 0
      vertex 218.899 97.5344 0
    endloop
  endfacet
  facet normal 0 0 -1
    outer loop
      vertex 220.865 102.279 0
      vertex 212.691 103.574 0
      vertex 212.725 104 0
    endloop
  endfacet
  facet normal -0 0 -1
    outer loop
      vertex 220.865 105.721 0
      vertex 212.691 104.426 0
      vertex 220.462 107.399 0
    endloop
  endfacet
  facet normal 0 0 -1
    outer loop
      vertex 212.691 104.426 0
      vertex 220.865 105.721 0
      vertex 212.725 104 0
    endloop
  endfacet
  facet normal 0 0 -1
    outer loop
      vertex 220.462 100.601 0
      vertex 212.592 103.158 0
      vertex 212.691 103.574 0
    endloop
  endfacet
  facet normal 0 0 -1
    outer loop
      vertex 219.801 99.0061 0
      vertex 212.428 102.763 0
      vertex 212.592 103.158 0
    endloop
  endfacet
  facet normal 0 0 -1
    outer loop
      vertex 218.899 97.5344 0
      vertex 212.205 102.398 0
      vertex 212.428 102.763 0
    endloop
  endfacet
  facet normal 0 0 -1
    outer loop
      vertex 218.899 97.5344 0
      vertex 211.927 102.073 0
      vertex 212.205 102.398 0
    endloop
  endfacet
  facet normal 0 0 -1
    outer loop
      vertex 218.899 97.5344 0
      vertex 211.602 101.795 0
      vertex 211.927 102.073 0
    endloop
  endfacet
  facet normal 0 0 -1
    outer loop
      vertex 218.899 97.5344 0
      vertex 211.237 101.572 0
      vertex 211.602 101.795 0
    endloop
  endfacet
  facet normal 0 0 -1
    outer loop
      vertex 218.899 97.5344 0
      vertex 210.842 101.408 0
      vertex 211.237 101.572 0
    endloop
  endfacet
  facet normal 0 0 -1
    outer loop
      vertex 218.899 97.5344 0
      vertex 210.426 101.309 0
      vertex 210.842 101.408 0
    endloop
  endfacet
  facet normal 0 0 -1
    outer loop
      vertex 218.899 97.5344 0
      vertex 210 101.275 0
      vertex 210.426 101.309 0
    endloop
  endfacet
  facet normal 0 0 -1
    outer loop
      vertex 203.111 78.6282 0
      vertex 210 101.275 0
      vertex 218.899 97.5344 0
    endloop
  endfacet
  facet normal 0 0 -1
    outer loop
      vertex 199.55 82.0018 0
      vertex 203.111 78.6282 0
      vertex 199.561 81.861 0
    endloop
  endfacet
  facet normal 0 0 -1
    outer loop
      vertex 206.936 130.478 0
      vertex 213.528 126 0
      vertex 206.947 130.337 0
    endloop
  endfacet
  facet normal 0 0 -1
    outer loop
      vertex 213.528 126 0
      vertex 206.903 130.059 0
      vertex 206.936 130.196 0
    endloop
  endfacet
  facet normal 0 0 -1
    outer loop
      vertex 213.528 126 0
      vertex 206.849 129.929 0
      vertex 206.903 130.059 0
    endloop
  endfacet
  facet normal 0 0 -1
    outer loop
      vertex 213.528 126 0
      vertex 206.775 129.808 0
      vertex 206.849 129.929 0
    endloop
  endfacet
  facet normal 0 0 -1
    outer loop
      vertex 213.528 126 0
      vertex 206.683 129.701 0
      vertex 206.775 129.808 0
    endloop
  endfacet
  facet normal 0 0 -1
    outer loop
      vertex 213.528 126 0
      vertex 206.576 129.609 0
      vertex 206.683 129.701 0
    endloop
  endfacet
  facet normal 0 0 -1
    outer loop
      vertex 213.528 126 0
      vertex 206.455 129.535 0
      vertex 206.576 129.609 0
    endloop
  endfacet
  facet normal 0 0 -1
    outer loop
      vertex 213.528 126 0
      vertex 206.325 129.481 0
      vertex 206.455 129.535 0
    endloop
  endfacet
  facet normal 0 0 -1
    outer loop
      vertex 213.528 126 0
      vertex 206.188 129.448 0
      vertex 206.325 129.481 0
    endloop
  endfacet
  facet normal 0 -0 -1
    outer loop
      vertex 206.047 129.437 0
      vertex 213.528 126 0
      vertex 199.823 126 0
    endloop
  endfacet
  facet normal 0 0 -1
    outer loop
      vertex 213.528 126 0
      vertex 206.047 129.437 0
      vertex 206.188 129.448 0
    endloop
  endfacet
  facet normal -0 0 -1
    outer loop
      vertex 206.047 129.437 0
      vertex 199.823 126 0
      vertex 205.906 129.448 0
    endloop
  endfacet
  facet normal -0 0 -1
    outer loop
      vertex 205.906 129.448 0
      vertex 199.823 126 0
      vertex 205.769 129.481 0
    endloop
  endfacet
  facet normal -0 0 -1
    outer loop
      vertex 205.769 129.481 0
      vertex 199.823 126 0
      vertex 205.638 129.535 0
    endloop
  endfacet
  facet normal -0 0 -1
    outer loop
      vertex 205.638 129.535 0
      vertex 199.823 126 0
      vertex 205.518 129.609 0
    endloop
  endfacet
  facet normal -0 0 -1
    outer loop
      vertex 205.518 129.609 0
      vertex 199.823 126 0
      vertex 205.41 129.701 0
    endloop
  endfacet
  facet normal -0 0 -1
    outer loop
      vertex 205.41 129.701 0
      vertex 199.823 126 0
      vertex 205.319 129.808 0
    endloop
  endfacet
  facet normal -0 0 -1
    outer loop
      vertex 205.319 129.808 0
      vertex 199.823 126 0
      vertex 205.245 129.929 0
    endloop
  endfacet
  facet normal -0 0 -1
    outer loop
      vertex 209.158 101.408 0
      vertex 199.19 82.5891 0
      vertex 208.763 101.572 0
    endloop
  endfacet
  facet normal -0 0 -1
    outer loop
      vertex 205.245 129.929 0
      vertex 199.823 126 0
      vertex 205.191 130.059 0
    endloop
  endfacet
  facet normal 0 0 -1
    outer loop
      vertex 199.823 126 0
      vertex 205.147 130.337 0
      vertex 205.158 130.196 0
    endloop
  endfacet
  facet normal -0 0 -1
    outer loop
      vertex 205.191 130.059 0
      vertex 199.823 126 0
      vertex 205.158 130.196 0
    endloop
  endfacet
  facet normal 0 0 -1
    outer loop
      vertex 199.517 82.1391 0
      vertex 203.111 78.6282 0
      vertex 199.55 82.0018 0
    endloop
  endfacet
  facet normal 0 0 -1
    outer loop
      vertex 199.463 82.2696 0
      vertex 203.111 78.6282 0
      vertex 199.517 82.1391 0
    endloop
  endfacet
  facet normal 0 0 -1
    outer loop
      vertex 199.389 82.39 0
      vertex 203.111 78.6282 0
      vertex 199.463 82.2696 0
    endloop
  endfacet
  facet normal 0 0 -1
    outer loop
      vertex 203.111 78.6282 0
      vertex 199.389 82.39 0
      vertex 210 101.275 0
    endloop
  endfacet
  facet normal -0 0 -1
    outer loop
      vertex 210 101.275 0
      vertex 199.389 82.39 0
      vertex 209.574 101.309 0
    endloop
  endfacet
  facet normal 0 0 -1
    outer loop
      vertex 199.297 82.4974 0
      vertex 209.574 101.309 0
      vertex 199.389 82.39 0
    endloop
  endfacet
  facet normal 0 0 -1
    outer loop
      vertex 202.55 77.9719 0
      vertex 199.561 81.861 0
      vertex 203.111 78.6282 0
    endloop
  endfacet
  facet normal -0 0 -1
    outer loop
      vertex 209.574 101.309 0
      vertex 199.297 82.4974 0
      vertex 209.158 101.408 0
    endloop
  endfacet
  facet normal 0 0 -1
    outer loop
      vertex 199.19 82.5891 0
      vertex 209.158 101.408 0
      vertex 199.297 82.4974 0
    endloop
  endfacet
  facet normal -0 0 -1
    outer loop
      vertex 205.191 130.615 0
      vertex 199.823 126 0
      vertex 203.9 136.9 0
    endloop
  endfacet
  facet normal 0 0 -1
    outer loop
      vertex 201.894 77.4114 0
      vertex 199.561 81.861 0
      vertex 202.55 77.9719 0
    endloop
  endfacet
  facet normal 0 0 -1
    outer loop
      vertex 201.158 76.9605 0
      vertex 199.561 81.861 0
      vertex 201.894 77.4114 0
    endloop
  endfacet
  facet normal 0 0 -1
    outer loop
      vertex 199.07 81.0591 0
      vertex 201.158 76.9605 0
      vertex 200.361 76.6302 0
    endloop
  endfacet
  facet normal 0 0 -1
    outer loop
      vertex 199.07 82.6629 0
      vertex 208.763 101.572 0
      vertex 199.19 82.5891 0
    endloop
  endfacet
  facet normal 0 0 -1
    outer loop
      vertex 186.237 129.178 0
      vertex 203.9 136.9 0
      vertex 199.823 126 0
    endloop
  endfacet
  facet normal 0 0 -1
    outer loop
      vertex 186.914 127.095 0
      vertex 199.823 126 0
      vertex 187 126 0
    endloop
  endfacet
  facet normal 0 0 -1
    outer loop
      vertex 186.657 128.163 0
      vertex 199.823 126 0
      vertex 186.914 127.095 0
    endloop
  endfacet
  facet normal 0 0 -1
    outer loop
      vertex 186.237 129.178 0
      vertex 199.823 126 0
      vertex 186.657 128.163 0
    endloop
  endfacet
  facet normal 0 0 -1
    outer loop
      vertex 203.9 136.9 0
      vertex 186.237 129.178 0
      vertex 185.663 130.114 0
    endloop
  endfacet
  facet normal 0 0 -1
    outer loop
      vertex 184.95 130.95 0
      vertex 203.9 136.9 0
      vertex 185.663 130.114 0
    endloop
  endfacet
  facet normal -0 0 -1
    outer loop
      vertex 203.9 136.9 0
      vertex 184.95 130.95 0
      vertex 203.9 141 0
    endloop
  endfacet
  facet normal 0 0 -1
    outer loop
      vertex 184.114 131.663 0
      vertex 203.9 141 0
      vertex 184.95 130.95 0
    endloop
  endfacet
  facet normal 0 0 -1
    outer loop
      vertex 178.1 141 0
      vertex 184.114 131.663 0
      vertex 183.178 132.237 0
    endloop
  endfacet
  facet normal 0 0 -1
    outer loop
      vertex 178.1 141 0
      vertex 183.178 132.237 0
      vertex 182.163 132.657 0
    endloop
  endfacet
  facet normal 0 0 -1
    outer loop
      vertex 178.1 136.9 0
      vertex 182.163 132.657 0
      vertex 181.095 132.914 0
    endloop
  endfacet
  facet normal 0 0 -1
    outer loop
      vertex 178.1 136.9 0
      vertex 181.095 132.914 0
      vertex 180 133 0
    endloop
  endfacet
  facet normal 0 0 -1
    outer loop
      vertex 178.1 136.9 0
      vertex 180 133 0
      vertex 178.905 132.914 0
    endloop
  endfacet
  facet normal 0 0 -1
    outer loop
      vertex 182.163 132.657 0
      vertex 178.1 136.9 0
      vertex 178.1 141 0
    endloop
  endfacet
  facet normal 0 0 -1
    outer loop
      vertex 184.114 131.663 0
      vertex 178.1 141 0
      vertex 203.9 141 0
    endloop
  endfacet
  facet normal 0 0 -1
    outer loop
      vertex 212.1 136.9 0
      vertex 224 126 0
      vertex 213.528 126 0
    endloop
  endfacet
  facet normal 0 0 -1
    outer loop
      vertex 220.462 107.399 0
      vertex 212.691 104.426 0
      vertex 212.592 104.842 0
    endloop
  endfacet
  facet normal 0 0 -1
    outer loop
      vertex 220.462 107.399 0
      vertex 212.592 104.842 0
      vertex 212.428 105.237 0
    endloop
  endfacet
  facet normal 0 0 -1
    outer loop
      vertex 212.205 105.602 0
      vertex 220.462 107.399 0
      vertex 212.428 105.237 0
    endloop
  endfacet
  facet normal 0 0 -1
    outer loop
      vertex 211.927 105.927 0
      vertex 220.462 107.399 0
      vertex 212.205 105.602 0
    endloop
  endfacet
  facet normal 0 0 -1
    outer loop
      vertex 211.602 106.205 0
      vertex 220.462 107.399 0
      vertex 211.927 105.927 0
    endloop
  endfacet
  facet normal 0 0 -1
    outer loop
      vertex 224 126 0
      vertex 212.1 136.9 0
      vertex 224 141 0
    endloop
  endfacet
  facet normal -0 0 -1
    outer loop
      vertex 224 141 0
      vertex 212.1 136.9 0
      vertex 212.1 141 0
    endloop
  endfacet
  facet normal 0 0 -1
    outer loop
      vertex 198.939 82.717 0
      vertex 208.398 101.795 0
      vertex 199.07 82.6629 0
    endloop
  endfacet
  facet normal 0 0 -1
    outer loop
      vertex 198.802 82.7499 0
      vertex 208.398 101.795 0
      vertex 198.939 82.717 0
    endloop
  endfacet
  facet normal -0 0 -1
    outer loop
      vertex 208.398 101.795 0
      vertex 198.802 82.7499 0
      vertex 208.073 102.073 0
    endloop
  endfacet
  facet normal 0 0 -1
    outer loop
      vertex 198.661 82.761 0
      vertex 208.073 102.073 0
      vertex 198.802 82.7499 0
    endloop
  endfacet
  facet normal -0 0 -1
    outer loop
      vertex 208.073 102.073 0
      vertex 198.661 82.761 0
      vertex 207.795 102.398 0
    endloop
  endfacet
  facet normal 0 0 -1
    outer loop
      vertex 198.52 82.7499 0
      vertex 207.795 102.398 0
      vertex 198.661 82.761 0
    endloop
  endfacet
  facet normal -0 0 -1
    outer loop
      vertex 207.795 102.398 0
      vertex 198.52 82.7499 0
      vertex 207.572 102.763 0
    endloop
  endfacet
  facet normal 0 0 -1
    outer loop
      vertex 198.383 82.717 0
      vertex 207.572 102.763 0
      vertex 198.52 82.7499 0
    endloop
  endfacet
  facet normal -0 0 -1
    outer loop
      vertex 207.572 102.763 0
      vertex 198.383 82.717 0
      vertex 207.408 103.158 0
    endloop
  endfacet
  facet normal 0 0 -1
    outer loop
      vertex 197.69 112 0
      vertex 207.408 103.158 0
      vertex 198.383 82.717 0
    endloop
  endfacet
  facet normal 0 0 -1
    outer loop
      vertex 207.408 103.158 0
      vertex 197.69 112 0
      vertex 207.309 103.574 0
    endloop
  endfacet
  facet normal 0 0 -1
    outer loop
      vertex 207.309 103.574 0
      vertex 197.69 112 0
      vertex 207.275 104 0
    endloop
  endfacet
  facet normal 0 0 -1
    outer loop
      vertex 197.69 112 0
      vertex 198.383 82.717 0
      vertex 198.253 82.6629 0
    endloop
  endfacet
  facet normal 0 0 -1
    outer loop
      vertex 197.69 112 0
      vertex 198.253 82.6629 0
      vertex 198.132 82.5891 0
    endloop
  endfacet
  facet normal 0 0 -1
    outer loop
      vertex 197.69 112 0
      vertex 198.132 82.5891 0
      vertex 198.025 82.4974 0
    endloop
  endfacet
  facet normal 0 0 -1
    outer loop
      vertex 197.69 112 0
      vertex 198.025 82.4974 0
      vertex 197.933 82.39 0
    endloop
  endfacet
  facet normal 0 0 -1
    outer loop
      vertex 197.69 112 0
      vertex 197.933 82.39 0
      vertex 197.859 82.2696 0
    endloop
  endfacet
  facet normal 0 0 -1
    outer loop
      vertex 197.69 112 0
      vertex 197.859 82.2696 0
      vertex 197.805 82.1391 0
    endloop
  endfacet
  facet normal 0 0 -1
    outer loop
      vertex 197.69 112 0
      vertex 197.805 82.1391 0
      vertex 197.772 82.0018 0
    endloop
  endfacet
  facet normal -0 0 -1
    outer loop
      vertex 197.933 81.332 0
      vertex 194.212 78.6282 0
      vertex 197.859 81.4524 0
    endloop
  endfacet
  facet normal 0 0 -1
    outer loop
      vertex 207.275 104 0
      vertex 197.69 112 0
      vertex 199.823 126 0
    endloop
  endfacet
  facet normal -0 0 1
    outer loop
      vertex 6 141 4
      vertex 17.9 136.9 4
      vertex 17.9 141 4
    endloop
  endfacet
  facet normal 0 0 1
    outer loop
      vertex 17.9 136.9 4
      vertex 15.0083 126 4
      vertex 15.7301 125.545 4
    endloop
  endfacet
  facet normal 0 0 1
    outer loop
      vertex 15.7301 125.545 4
      vertex 15.0083 126 4
      vertex 15.0611 125.955 4
    endloop
  endfacet
  facet normal 0 0 1
    outer loop
      vertex 6 126 4
      vertex 17.9 136.9 4
      vertex 6 141 4
    endloop
  endfacet
  facet normal 0 0 1
    outer loop
      vertex 17.9 136.9 4
      vertex 6 126 4
      vertex 15.0083 126 4
    endloop
  endfacet
  facet normal 0 0 1
    outer loop
      vertex 26.1 136.9 4
      vertex 47.9 136.9 4
      vertex 47.9 141 4
    endloop
  endfacet
  facet normal 0 0 1
    outer loop
      vertex 26.1 136.9 4
      vertex 47.9 141 4
      vertex 26.1 141 4
    endloop
  endfacet
  facet normal 0 0 1
    outer loop
      vertex 47.9 136.9 4
      vertex 26.1 136.9 4
      vertex 46.0668 126 4
    endloop
  endfacet
  facet normal 0 0 1
    outer loop
      vertex 15.7301 125.545 4
      vertex 46.0668 126 4
      vertex 26.1 136.9 4
    endloop
  endfacet
  facet normal 0 0 1
    outer loop
      vertex 15.7301 125.545 4
      vertex 26.1 136.9 4
      vertex 17.9 136.9 4
    endloop
  endfacet
  facet normal 0 0 1
    outer loop
      vertex 46.0668 126 4
      vertex 15.7301 125.545 4
      vertex 46.0179 111.594 4
    endloop
  endfacet
  facet normal -0 0 1
    outer loop
      vertex 79.55 81.7202 4
      vertex 83.1107 78.6282 4
      vertex 79.5611 81.861 4
    endloop
  endfacet
  facet normal 0 -0 1
    outer loop
      vertex 79.5171 82.1391 4
      vertex 85.1579 130.196 4
      vertex 78.2062 115.39 4
    endloop
  endfacet
  facet normal 0 0 1
    outer loop
      vertex 85.1579 130.196 4
      vertex 79.5171 82.1391 4
      vertex 79.55 82.0018 4
    endloop
  endfacet
  facet normal 0 0 1
    outer loop
      vertex 79.5171 82.1391 4
      vertex 78.2062 115.39 4
      vertex 79.463 82.2696 4
    endloop
  endfacet
  facet normal -0 0 1
    outer loop
      vertex 75.5549 97.9888 4
      vertex 79.463 82.2696 4
      vertex 78.2062 115.39 4
    endloop
  endfacet
  facet normal 0 0 1
    outer loop
      vertex 79.463 82.2696 4
      vertex 75.5549 97.9888 4
      vertex 79.3892 82.39 4
    endloop
  endfacet
  facet normal 0 0 1
    outer loop
      vertex 79.3892 82.39 4
      vertex 75.5549 97.9888 4
      vertex 79.2975 82.4974 4
    endloop
  endfacet
  facet normal 0 0 1
    outer loop
      vertex 79.2975 82.4974 4
      vertex 75.5549 97.9888 4
      vertex 79.1901 82.5891 4
    endloop
  endfacet
  facet normal 0 0 1
    outer loop
      vertex 79.1901 82.5891 4
      vertex 75.5549 97.9888 4
      vertex 79.0697 82.6629 4
    endloop
  endfacet
  facet normal 0 0 1
    outer loop
      vertex 79.0697 82.6629 4
      vertex 75.5549 97.9888 4
      vertex 78.9392 82.717 4
    endloop
  endfacet
  facet normal 0 0 1
    outer loop
      vertex 78.9392 82.717 4
      vertex 75.5549 97.9888 4
      vertex 78.8019 82.7499 4
    endloop
  endfacet
  facet normal 0 0 1
    outer loop
      vertex 78.8019 82.7499 4
      vertex 75.5549 97.9888 4
      vertex 78.6611 82.761 4
    endloop
  endfacet
  facet normal 0 0 1
    outer loop
      vertex 78.6611 82.761 4
      vertex 75.5549 97.9888 4
      vertex 78.5203 82.7499 4
    endloop
  endfacet
  facet normal 0 0 1
    outer loop
      vertex 78.5203 82.7499 4
      vertex 75.5549 97.9888 4
      vertex 78.383 82.717 4
    endloop
  endfacet
  facet normal -0 0 1
    outer loop
      vertex 73.2288 82.7214 4
      vertex 78.383 82.717 4
      vertex 75.5549 97.9888 4
    endloop
  endfacet
  facet normal 0 0 1
    outer loop
      vertex 78.383 82.717 4
      vertex 73.2288 82.7214 4
      vertex 78.2525 82.6629 4
    endloop
  endfacet
  facet normal 0 0 1
    outer loop
      vertex 78.2525 82.6629 4
      vertex 73.2288 82.7214 4
      vertex 78.1321 82.5891 4
    endloop
  endfacet
  facet normal 0 0 1
    outer loop
      vertex 78.1321 82.5891 4
      vertex 73.2288 82.7214 4
      vertex 78.0247 82.4974 4
    endloop
  endfacet
  facet normal 0 0 1
    outer loop
      vertex 78.0247 82.4974 4
      vertex 73.2288 82.7214 4
      vertex 77.933 82.39 4
    endloop
  endfacet
  facet normal 0 0 1
    outer loop
      vertex 77.933 82.39 4
      vertex 73.2288 82.7214 4
      vertex 77.8592 82.2696 4
    endloop
  endfacet
  facet normal 0 0 1
    outer loop
      vertex 77.8592 82.2696 4
      vertex 73.2288 82.7214 4
      vertex 77.8052 82.1391 4
    endloop
  endfacet
  facet normal 0 0 1
    outer loop
      vertex 77.8052 82.1391 4
      vertex 73.2288 82.7214 4
      vertex 77.7722 82.0018 4
    endloop
  endfacet
  facet normal 0 0 1
    outer loop
      vertex 77.7722 82.0018 4
      vertex 73.2288 82.7214 4
      vertex 77.7611 81.861 4
    endloop
  endfacet
  facet normal 0 0 1
    outer loop
      vertex 73.1611 81.861 4
      vertex 77.7611 81.861 4
      vertex 73.2288 82.7214 4
    endloop
  endfacet
  facet normal 0 0 1
    outer loop
      vertex 78.2062 115.39 4
      vertex 59 108 4
      vertex 75.5549 97.9888 4
    endloop
  endfacet
  facet normal 0 0 1
    outer loop
      vertex 78.2062 115.39 4
      vertex 58.9138 109.095 4
      vertex 59 108 4
    endloop
  endfacet
  facet normal 0 0 1
    outer loop
      vertex 78.2062 115.39 4
      vertex 58.6574 110.163 4
      vertex 58.9138 109.095 4
    endloop
  endfacet
  facet normal 0 0 1
    outer loop
      vertex 78.2062 115.39 4
      vertex 58.2371 111.178 4
      vertex 58.6574 110.163 4
    endloop
  endfacet
  facet normal 0 0 1
    outer loop
      vertex 78.2062 115.39 4
      vertex 57.6631 112.114 4
      vertex 58.2371 111.178 4
    endloop
  endfacet
  facet normal 0 0 1
    outer loop
      vertex 78.2062 115.39 4
      vertex 56.9498 112.95 4
      vertex 57.6631 112.114 4
    endloop
  endfacet
  facet normal 0 0 1
    outer loop
      vertex 78.2062 115.39 4
      vertex 56.1145 113.663 4
      vertex 56.9498 112.95 4
    endloop
  endfacet
  facet normal 0 0 1
    outer loop
      vertex 78.2062 115.39 4
      vertex 55.1779 114.237 4
      vertex 56.1145 113.663 4
    endloop
  endfacet
  facet normal 0 0 1
    outer loop
      vertex 46.0668 126 4
      vertex 55.1779 114.237 4
      vertex 78.2062 115.39 4
    endloop
  endfacet
  facet normal 0 0 1
    outer loop
      vertex 55.1779 114.237 4
      vertex 46.0668 126 4
      vertex 54.1631 114.657 4
    endloop
  endfacet
  facet normal 0 0 1
    outer loop
      vertex 54.1631 114.657 4
      vertex 46.0668 126 4
      vertex 53.095 114.914 4
    endloop
  endfacet
  facet normal 0 0 1
    outer loop
      vertex 53.095 114.914 4
      vertex 46.0668 126 4
      vertex 52 115 4
    endloop
  endfacet
  facet normal 0 0 1
    outer loop
      vertex 46.0668 126 4
      vertex 50.905 114.914 4
      vertex 52 115 4
    endloop
  endfacet
  facet normal 0 0 1
    outer loop
      vertex 46.0668 126 4
      vertex 49.8369 114.657 4
      vertex 50.905 114.914 4
    endloop
  endfacet
  facet normal 0 0 1
    outer loop
      vertex 46.0668 126 4
      vertex 48.8221 114.237 4
      vertex 49.8369 114.657 4
    endloop
  endfacet
  facet normal 0 0 1
    outer loop
      vertex 46.0668 126 4
      vertex 47.8855 113.663 4
      vertex 48.8221 114.237 4
    endloop
  endfacet
  facet normal 0 0 1
    outer loop
      vertex 46.0668 126 4
      vertex 47.0503 112.95 4
      vertex 47.8855 113.663 4
    endloop
  endfacet
  facet normal 0 0 1
    outer loop
      vertex 46.0668 126 4
      vertex 46.3369 112.114 4
      vertex 47.0503 112.95 4
    endloop
  endfacet
  facet normal 0 0 1
    outer loop
      vertex 46.3369 112.114 4
      vertex 46.0668 126 4
      vertex 46.0179 111.594 4
    endloop
  endfacet
  facet normal 0 0 1
    outer loop
      vertex 86.7749 130.866 4
      vertex 109.9 136.9 4
      vertex 109.9 141 4
    endloop
  endfacet
  facet normal 0 0 1
    outer loop
      vertex 98.7466 112 4
      vertex 92.6915 104.426 4
      vertex 92.725 104 4
    endloop
  endfacet
  facet normal 0 0 1
    outer loop
      vertex 98.7466 112 4
      vertex 92.5916 104.842 4
      vertex 92.6915 104.426 4
    endloop
  endfacet
  facet normal 0 0 1
    outer loop
      vertex 98.7466 112 4
      vertex 92.428 105.237 4
      vertex 92.5916 104.842 4
    endloop
  endfacet
  facet normal 0 0 1
    outer loop
      vertex 98.7466 112 4
      vertex 92.2046 105.602 4
      vertex 92.428 105.237 4
    endloop
  endfacet
  facet normal 0 0 1
    outer loop
      vertex 98.7466 112 4
      vertex 91.9269 105.927 4
      vertex 92.2046 105.602 4
    endloop
  endfacet
  facet normal 0 0 1
    outer loop
      vertex 98.7466 112 4
      vertex 91.6017 106.205 4
      vertex 91.9269 105.927 4
    endloop
  endfacet
  facet normal 0 0 1
    outer loop
      vertex 98.7466 112 4
      vertex 91.2371 106.428 4
      vertex 91.6017 106.205 4
    endloop
  endfacet
  facet normal 0 0 1
    outer loop
      vertex 98.7466 112 4
      vertex 90.8421 106.592 4
      vertex 91.2371 106.428 4
    endloop
  endfacet
  facet normal 0 0 1
    outer loop
      vertex 98.7466 112 4
      vertex 90.4263 106.691 4
      vertex 90.8421 106.592 4
    endloop
  endfacet
  facet normal 0 0 1
    outer loop
      vertex 98.7466 112 4
      vertex 90 106.725 4
      vertex 90.4263 106.691 4
    endloop
  endfacet
  facet normal 0 0 1
    outer loop
      vertex 93.5279 126 4
      vertex 89.5737 106.691 4
      vertex 90 106.725 4
    endloop
  endfacet
  facet normal 0 0 1
    outer loop
      vertex 93.5279 126 4
      vertex 89.1579 106.592 4
      vertex 89.5737 106.691 4
    endloop
  endfacet
  facet normal 0 0 1
    outer loop
      vertex 86.0468 129.437 4
      vertex 89.1579 106.592 4
      vertex 93.5279 126 4
    endloop
  endfacet
  facet normal 0 0 1
    outer loop
      vertex 85.906 129.448 4
      vertex 89.1579 106.592 4
      vertex 86.0468 129.437 4
    endloop
  endfacet
  facet normal 0 0 1
    outer loop
      vertex 89.1579 106.592 4
      vertex 85.906 129.448 4
      vertex 88.7629 106.428 4
    endloop
  endfacet
  facet normal 0 0 1
    outer loop
      vertex 85.7687 129.481 4
      vertex 88.7629 106.428 4
      vertex 85.906 129.448 4
    endloop
  endfacet
  facet normal 0 0 1
    outer loop
      vertex 88.7629 106.428 4
      vertex 85.7687 129.481 4
      vertex 88.3983 106.205 4
    endloop
  endfacet
  facet normal 0 0 1
    outer loop
      vertex 85.6382 129.535 4
      vertex 88.3983 106.205 4
      vertex 85.7687 129.481 4
    endloop
  endfacet
  facet normal -0 0 1
    outer loop
      vertex 86.8487 129.929 4
      vertex 93.5279 126 4
      vertex 86.9028 130.059 4
    endloop
  endfacet
  facet normal -0 0 1
    outer loop
      vertex 86.9028 130.059 4
      vertex 93.5279 126 4
      vertex 86.9357 130.196 4
    endloop
  endfacet
  facet normal -0 0 1
    outer loop
      vertex 86.9357 130.196 4
      vertex 93.5279 126 4
      vertex 86.9468 130.337 4
    endloop
  endfacet
  facet normal 0 0 1
    outer loop
      vertex 109.9 136.9 4
      vertex 86.7749 130.866 4
      vertex 93.5279 126 4
    endloop
  endfacet
  facet normal 0 0 1
    outer loop
      vertex 93.5279 126 4
      vertex 86.9357 130.478 4
      vertex 86.9468 130.337 4
    endloop
  endfacet
  facet normal 0 0 1
    outer loop
      vertex 93.5279 126 4
      vertex 86.9028 130.615 4
      vertex 86.9357 130.478 4
    endloop
  endfacet
  facet normal 0 0 1
    outer loop
      vertex 93.5279 126 4
      vertex 86.8487 130.746 4
      vertex 86.9028 130.615 4
    endloop
  endfacet
  facet normal 0 0 1
    outer loop
      vertex 93.5279 126 4
      vertex 86.7749 130.866 4
      vertex 86.8487 130.746 4
    endloop
  endfacet
  facet normal 0 0 1
    outer loop
      vertex 109.9 141 4
      vertex 86.6832 130.974 4
      vertex 86.7749 130.866 4
    endloop
  endfacet
  facet normal 0 0 1
    outer loop
      vertex 109.9 141 4
      vertex 86.5758 131.065 4
      vertex 86.6832 130.974 4
    endloop
  endfacet
  facet normal 0 0 1
    outer loop
      vertex 109.9 141 4
      vertex 86.4554 131.139 4
      vertex 86.5758 131.065 4
    endloop
  endfacet
  facet normal 0 0 1
    outer loop
      vertex 109.9 141 4
      vertex 86.3249 131.193 4
      vertex 86.4554 131.139 4
    endloop
  endfacet
  facet normal 0 0 1
    outer loop
      vertex 109.9 141 4
      vertex 86.1876 131.226 4
      vertex 86.3249 131.193 4
    endloop
  endfacet
  facet normal 0 0 1
    outer loop
      vertex 109.9 141 4
      vertex 86.0468 131.237 4
      vertex 86.1876 131.226 4
    endloop
  endfacet
  facet normal 0 0 1
    outer loop
      vertex 109.9 141 4
      vertex 85.906 131.226 4
      vertex 86.0468 131.237 4
    endloop
  endfacet
  facet normal -0 0 1
    outer loop
      vertex 56.1 141 4
      vertex 85.906 131.226 4
      vertex 109.9 141 4
    endloop
  endfacet
  facet normal 0 0 1
    outer loop
      vertex 97.6179 96 4
      vertex 79.55 82.0018 4
      vertex 83.1107 78.6282 4
    endloop
  endfacet
  facet normal -0 -0 1
    outer loop
      vertex 79.5611 81.861 4
      vertex 83.1107 78.6282 4
      vertex 79.55 82.0018 4
    endloop
  endfacet
  facet normal -0 0 1
    outer loop
      vertex 79.5171 81.5829 4
      vertex 83.1107 78.6282 4
      vertex 79.55 81.7202 4
    endloop
  endfacet
  facet normal -0 0 1
    outer loop
      vertex 79.463 81.4524 4
      vertex 83.1107 78.6282 4
      vertex 79.5171 81.5829 4
    endloop
  endfacet
  facet normal 0 0 1
    outer loop
      vertex 79.8226 126 4
      vertex 85.1468 130.337 4
      vertex 85.1579 130.478 4
    endloop
  endfacet
  facet normal 0 0 1
    outer loop
      vertex 78.2062 115.39 4
      vertex 85.1579 130.196 4
      vertex 79.8226 126 4
    endloop
  endfacet
  facet normal 0 0 1
    outer loop
      vertex 85.1909 130.615 4
      vertex 79.8226 126 4
      vertex 85.1579 130.478 4
    endloop
  endfacet
  facet normal 0 0 1
    outer loop
      vertex 85.2449 130.746 4
      vertex 79.8226 126 4
      vertex 85.1909 130.615 4
    endloop
  endfacet
  facet normal 0 0 1
    outer loop
      vertex 85.3187 130.866 4
      vertex 79.8226 126 4
      vertex 85.2449 130.746 4
    endloop
  endfacet
  facet normal 0 0 1
    outer loop
      vertex 56.1 141 4
      vertex 85.3187 130.866 4
      vertex 85.4104 130.974 4
    endloop
  endfacet
  facet normal 0 0 1
    outer loop
      vertex 85.906 131.226 4
      vertex 56.1 141 4
      vertex 85.7687 131.193 4
    endloop
  endfacet
  facet normal 0 0 1
    outer loop
      vertex 56.1 141 4
      vertex 85.6382 131.139 4
      vertex 85.7687 131.193 4
    endloop
  endfacet
  facet normal 0 0 1
    outer loop
      vertex 56.1 141 4
      vertex 85.5178 131.065 4
      vertex 85.6382 131.139 4
    endloop
  endfacet
  facet normal 0 0 1
    outer loop
      vertex 56.1 141 4
      vertex 85.4104 130.974 4
      vertex 85.5178 131.065 4
    endloop
  endfacet
  facet normal 0 0 1
    outer loop
      vertex 85.3187 130.866 4
      vertex 56.1 141 4
      vertex 79.8226 126 4
    endloop
  endfacet
  facet normal -0 0 1
    outer loop
      vertex 56.1 136.9 4
      vertex 79.8226 126 4
      vertex 56.1 141 4
    endloop
  endfacet
  facet normal 0 0 1
    outer loop
      vertex 46.0668 126 4
      vertex 56.1 136.9 4
      vertex 47.9 136.9 4
    endloop
  endfacet
  facet normal 0 0 1
    outer loop
      vertex 56.1 136.9 4
      vertex 46.0668 126 4
      vertex 79.8226 126 4
    endloop
  endfacet
  facet normal -0 0 1
    outer loop
      vertex 79.3892 81.332 4
      vertex 83.1107 78.6282 4
      vertex 79.463 81.4524 4
    endloop
  endfacet
  facet normal 0 0 1
    outer loop
      vertex 83.1107 78.6282 4
      vertex 79.3892 81.332 4
      vertex 82.5502 77.9719 4
    endloop
  endfacet
  facet normal -0 0 1
    outer loop
      vertex 79.2975 81.2246 4
      vertex 82.5502 77.9719 4
      vertex 79.3892 81.332 4
    endloop
  endfacet
  facet normal 0 0 1
    outer loop
      vertex 82.5502 77.9719 4
      vertex 79.2975 81.2246 4
      vertex 81.8939 77.4114 4
    endloop
  endfacet
  facet normal -0 0 1
    outer loop
      vertex 79.1901 81.1329 4
      vertex 81.8939 77.4114 4
      vertex 79.2975 81.2246 4
    endloop
  endfacet
  facet normal 0 0 1
    outer loop
      vertex 81.8939 77.4114 4
      vertex 79.1901 81.1329 4
      vertex 81.1581 76.9605 4
    endloop
  endfacet
  facet normal -0 0 1
    outer loop
      vertex 79.0697 81.0591 4
      vertex 81.1581 76.9605 4
      vertex 79.1901 81.1329 4
    endloop
  endfacet
  facet normal 0 0 1
    outer loop
      vertex 81.1581 76.9605 4
      vertex 79.0697 81.0591 4
      vertex 80.3607 76.6302 4
    endloop
  endfacet
  facet normal -0 0 1
    outer loop
      vertex 78.9392 81.0051 4
      vertex 80.3607 76.6302 4
      vertex 79.0697 81.0591 4
    endloop
  endfacet
  facet normal 0 0 1
    outer loop
      vertex 80.3607 76.6302 4
      vertex 78.9392 81.0051 4
      vertex 79.5215 76.4287 4
    endloop
  endfacet
  facet normal -0 0 1
    outer loop
      vertex 78.8019 80.9721 4
      vertex 79.5215 76.4287 4
      vertex 78.9392 81.0051 4
    endloop
  endfacet
  facet normal -0 0 1
    outer loop
      vertex 78.6611 80.961 4
      vertex 79.5215 76.4287 4
      vertex 78.8019 80.9721 4
    endloop
  endfacet
  facet normal 0 0 1
    outer loop
      vertex 78.6611 80.961 4
      vertex 78.6611 76.361 4
      vertex 79.5215 76.4287 4
    endloop
  endfacet
  facet normal 0 0 1
    outer loop
      vertex 78.5203 80.9721 4
      vertex 78.6611 76.361 4
      vertex 78.6611 80.961 4
    endloop
  endfacet
  facet normal 0 0 1
    outer loop
      vertex 77.8007 76.4287 4
      vertex 78.5203 80.9721 4
      vertex 78.383 81.0051 4
    endloop
  endfacet
  facet normal 0 0 1
    outer loop
      vertex 76.9615 76.6302 4
      vertex 78.383 81.0051 4
      vertex 78.2525 81.0591 4
    endloop
  endfacet
  facet normal 0 0 1
    outer loop
      vertex 76.9615 76.6302 4
      vertex 78.2525 81.0591 4
      vertex 78.1321 81.1329 4
    endloop
  endfacet
  facet normal 0 0 1
    outer loop
      vertex 76.9615 76.6302 4
      vertex 78.1321 81.1329 4
      vertex 78.0247 81.2246 4
    endloop
  endfacet
  facet normal 0 0 1
    outer loop
      vertex 76.9615 76.6302 4
      vertex 78.0247 81.2246 4
      vertex 77.933 81.332 4
    endloop
  endfacet
  facet normal 0 0 1
    outer loop
      vertex 76.9615 76.6302 4
      vertex 77.933 81.332 4
      vertex 77.8592 81.4524 4
    endloop
  endfacet
  facet normal 0 0 1
    outer loop
      vertex 76.9615 76.6302 4
      vertex 77.8592 81.4524 4
      vertex 77.8052 81.5829 4
    endloop
  endfacet
  facet normal 0 0 1
    outer loop
      vertex 78.5203 80.9721 4
      vertex 77.8007 76.4287 4
      vertex 78.6611 76.361 4
    endloop
  endfacet
  facet normal 0 0 1
    outer loop
      vertex 76.9615 76.6302 4
      vertex 77.8052 81.5829 4
      vertex 77.7722 81.7202 4
    endloop
  endfacet
  facet normal 0 0 1
    outer loop
      vertex 76.9615 76.6302 4
      vertex 77.7722 81.7202 4
      vertex 77.7611 81.861 4
    endloop
  endfacet
  facet normal 0 0 1
    outer loop
      vertex 78.383 81.0051 4
      vertex 76.9615 76.6302 4
      vertex 77.8007 76.4287 4
    endloop
  endfacet
  facet normal 0 0 1
    outer loop
      vertex 77.7611 81.861 4
      vertex 76.1642 76.9605 4
      vertex 76.9615 76.6302 4
    endloop
  endfacet
  facet normal 0 0 1
    outer loop
      vertex 77.7611 81.861 4
      vertex 75.4283 77.4114 4
      vertex 76.1642 76.9605 4
    endloop
  endfacet
  facet normal 0 0 1
    outer loop
      vertex 77.7611 81.861 4
      vertex 74.772 77.9719 4
      vertex 75.4283 77.4114 4
    endloop
  endfacet
  facet normal 0 0 1
    outer loop
      vertex 77.7611 81.861 4
      vertex 74.2115 78.6282 4
      vertex 74.772 77.9719 4
    endloop
  endfacet
  facet normal 0 0 1
    outer loop
      vertex 77.7611 81.861 4
      vertex 73.7606 79.3641 4
      vertex 74.2115 78.6282 4
    endloop
  endfacet
  facet normal 0 0 1
    outer loop
      vertex 77.7611 81.861 4
      vertex 73.4303 80.1614 4
      vertex 73.7606 79.3641 4
    endloop
  endfacet
  facet normal 0 0 1
    outer loop
      vertex 77.7611 81.861 4
      vertex 73.2288 81.0006 4
      vertex 73.4303 80.1614 4
    endloop
  endfacet
  facet normal 0 0 1
    outer loop
      vertex 77.7611 81.861 4
      vertex 73.1611 81.861 4
      vertex 73.2288 81.0006 4
    endloop
  endfacet
  facet normal -0 0 1
    outer loop
      vertex 58.9138 106.905 4
      vertex 75.5549 97.9888 4
      vertex 59 108 4
    endloop
  endfacet
  facet normal -0 0 1
    outer loop
      vertex 58.6574 105.837 4
      vertex 75.5549 97.9888 4
      vertex 58.9138 106.905 4
    endloop
  endfacet
  facet normal 0 0 1
    outer loop
      vertex 75.5549 97.9888 4
      vertex 58.6574 105.837 4
      vertex 58.6349 105.782 4
    endloop
  endfacet
  facet normal 0 0 1
    outer loop
      vertex 138.025 81.2246 4
      vertex 134.772 77.9719 4
      vertex 135.428 77.4114 4
    endloop
  endfacet
  facet normal 0 0 1
    outer loop
      vertex 133.161 81.861 4
      vertex 137.859 82.2696 4
      vertex 133.229 82.7214 4
    endloop
  endfacet
  facet normal 0 0 1
    outer loop
      vertex 137.859 82.2696 4
      vertex 134.212 78.6282 4
      vertex 134.772 77.9719 4
    endloop
  endfacet
  facet normal 0 0 1
    outer loop
      vertex 137.859 82.2696 4
      vertex 133.761 79.3641 4
      vertex 134.212 78.6282 4
    endloop
  endfacet
  facet normal 0 0 1
    outer loop
      vertex 137.859 82.2696 4
      vertex 133.43 80.1614 4
      vertex 133.761 79.3641 4
    endloop
  endfacet
  facet normal 0 0 1
    outer loop
      vertex 137.859 82.2696 4
      vertex 133.229 81.0006 4
      vertex 133.43 80.1614 4
    endloop
  endfacet
  facet normal 0 0 1
    outer loop
      vertex 137.859 82.2696 4
      vertex 133.161 81.861 4
      vertex 133.229 81.0006 4
    endloop
  endfacet
  facet normal -0 0 1
    outer loop
      vertex 120.889 103.859 4
      vertex 135.252 96 4
      vertex 120.9 104 4
    endloop
  endfacet
  facet normal -0 0 1
    outer loop
      vertex 120.856 103.722 4
      vertex 135.252 96 4
      vertex 120.889 103.859 4
    endloop
  endfacet
  facet normal -0 0 1
    outer loop
      vertex 120.802 103.591 4
      vertex 135.252 96 4
      vertex 120.856 103.722 4
    endloop
  endfacet
  facet normal -0 0 1
    outer loop
      vertex 120.728 103.471 4
      vertex 135.252 96 4
      vertex 120.802 103.591 4
    endloop
  endfacet
  facet normal -0 0 1
    outer loop
      vertex 120.636 103.364 4
      vertex 135.252 96 4
      vertex 120.728 103.471 4
    endloop
  endfacet
  facet normal -0 0 1
    outer loop
      vertex 120.529 103.272 4
      vertex 135.252 96 4
      vertex 120.636 103.364 4
    endloop
  endfacet
  facet normal -0 0 1
    outer loop
      vertex 120.409 103.198 4
      vertex 135.252 96 4
      vertex 120.529 103.272 4
    endloop
  endfacet
  facet normal -0 0 1
    outer loop
      vertex 120.278 103.144 4
      vertex 135.252 96 4
      vertex 120.409 103.198 4
    endloop
  endfacet
  facet normal -0 0 1
    outer loop
      vertex 120.141 103.111 4
      vertex 135.252 96 4
      vertex 120.278 103.144 4
    endloop
  endfacet
  facet normal -0 0 1
    outer loop
      vertex 120 103.1 4
      vertex 135.252 96 4
      vertex 120.141 103.111 4
    endloop
  endfacet
  facet normal 0 0 1
    outer loop
      vertex 119.859 103.111 4
      vertex 135.252 96 4
      vertex 120 103.1 4
    endloop
  endfacet
  facet normal 0 0 1
    outer loop
      vertex 97.6179 96 4
      vertex 119.859 103.111 4
      vertex 119.722 103.144 4
    endloop
  endfacet
  facet normal 0 0 1
    outer loop
      vertex 97.6179 96 4
      vertex 119.722 103.144 4
      vertex 119.591 103.198 4
    endloop
  endfacet
  facet normal 0 0 1
    outer loop
      vertex 97.6179 96 4
      vertex 119.1 104 4
      vertex 98.7466 112 4
    endloop
  endfacet
  facet normal 0 0 1
    outer loop
      vertex 119.1 104 4
      vertex 97.6179 96 4
      vertex 119.111 103.859 4
    endloop
  endfacet
  facet normal 0 0 1
    outer loop
      vertex 119.111 103.859 4
      vertex 97.6179 96 4
      vertex 119.144 103.722 4
    endloop
  endfacet
  facet normal 0 0 1
    outer loop
      vertex 119.144 103.722 4
      vertex 97.6179 96 4
      vertex 119.198 103.591 4
    endloop
  endfacet
  facet normal 0 0 1
    outer loop
      vertex 119.198 103.591 4
      vertex 97.6179 96 4
      vertex 119.272 103.471 4
    endloop
  endfacet
  facet normal 0 0 1
    outer loop
      vertex 119.272 103.471 4
      vertex 97.6179 96 4
      vertex 119.364 103.364 4
    endloop
  endfacet
  facet normal 0 0 1
    outer loop
      vertex 119.364 103.364 4
      vertex 97.6179 96 4
      vertex 119.471 103.272 4
    endloop
  endfacet
  facet normal 0 0 1
    outer loop
      vertex 119.471 103.272 4
      vertex 97.6179 96 4
      vertex 119.591 103.198 4
    endloop
  endfacet
  facet normal 0 0 1
    outer loop
      vertex 119.859 103.111 4
      vertex 97.6179 96 4
      vertex 135.252 96 4
    endloop
  endfacet
  facet normal 0 0 1
    outer loop
      vertex 90 106.725 4
      vertex 98.7466 112 4
      vertex 93.5279 126 4
    endloop
  endfacet
  facet normal 0 0 1
    outer loop
      vertex 98.7466 112 4
      vertex 92.725 104 4
      vertex 97.6179 96 4
    endloop
  endfacet
  facet normal -0 0 1
    outer loop
      vertex 92.6915 103.574 4
      vertex 97.6179 96 4
      vertex 92.725 104 4
    endloop
  endfacet
  facet normal -0 0 1
    outer loop
      vertex 92.5916 103.158 4
      vertex 97.6179 96 4
      vertex 92.6915 103.574 4
    endloop
  endfacet
  facet normal -0 0 1
    outer loop
      vertex 92.428 102.763 4
      vertex 97.6179 96 4
      vertex 92.5916 103.158 4
    endloop
  endfacet
  facet normal -0 0 1
    outer loop
      vertex 92.2046 102.398 4
      vertex 97.6179 96 4
      vertex 92.428 102.763 4
    endloop
  endfacet
  facet normal -0 0 1
    outer loop
      vertex 91.9269 102.073 4
      vertex 97.6179 96 4
      vertex 92.2046 102.398 4
    endloop
  endfacet
  facet normal -0 0 1
    outer loop
      vertex 91.6017 101.795 4
      vertex 97.6179 96 4
      vertex 91.9269 102.073 4
    endloop
  endfacet
  facet normal -0 0 1
    outer loop
      vertex 91.2371 101.572 4
      vertex 97.6179 96 4
      vertex 91.6017 101.795 4
    endloop
  endfacet
  facet normal -0 0 1
    outer loop
      vertex 90.8421 101.408 4
      vertex 97.6179 96 4
      vertex 91.2371 101.572 4
    endloop
  endfacet
  facet normal -0 0 1
    outer loop
      vertex 90.4263 101.309 4
      vertex 97.6179 96 4
      vertex 90.8421 101.408 4
    endloop
  endfacet
  facet normal -0 0 1
    outer loop
      vertex 90 101.275 4
      vertex 97.6179 96 4
      vertex 90.4263 101.309 4
    endloop
  endfacet
  facet normal 0 0 1
    outer loop
      vertex 89.5737 101.309 4
      vertex 97.6179 96 4
      vertex 90 101.275 4
    endloop
  endfacet
  facet normal 0 0 1
    outer loop
      vertex 79.55 82.0018 4
      vertex 89.5737 101.309 4
      vertex 89.1579 101.408 4
    endloop
  endfacet
  facet normal 0 0 1
    outer loop
      vertex 79.55 82.0018 4
      vertex 89.1579 101.408 4
      vertex 88.7629 101.572 4
    endloop
  endfacet
  facet normal 0 0 1
    outer loop
      vertex 79.55 82.0018 4
      vertex 88.7629 101.572 4
      vertex 88.3983 101.795 4
    endloop
  endfacet
  facet normal -0 0 1
    outer loop
      vertex 86.7749 129.808 4
      vertex 93.5279 126 4
      vertex 86.8487 129.929 4
    endloop
  endfacet
  facet normal -0 0 1
    outer loop
      vertex 86.6832 129.701 4
      vertex 93.5279 126 4
      vertex 86.7749 129.808 4
    endloop
  endfacet
  facet normal -0 0 1
    outer loop
      vertex 86.5758 129.609 4
      vertex 93.5279 126 4
      vertex 86.6832 129.701 4
    endloop
  endfacet
  facet normal -0 0 1
    outer loop
      vertex 86.4554 129.535 4
      vertex 93.5279 126 4
      vertex 86.5758 129.609 4
    endloop
  endfacet
  facet normal -0 0 1
    outer loop
      vertex 86.3249 129.481 4
      vertex 93.5279 126 4
      vertex 86.4554 129.535 4
    endloop
  endfacet
  facet normal -0 0 1
    outer loop
      vertex 86.1876 129.448 4
      vertex 93.5279 126 4
      vertex 86.3249 129.481 4
    endloop
  endfacet
  facet normal -0 0 1
    outer loop
      vertex 86.0468 129.437 4
      vertex 93.5279 126 4
      vertex 86.1876 129.448 4
    endloop
  endfacet
  facet normal 0 0 1
    outer loop
      vertex 88.3983 106.205 4
      vertex 85.6382 129.535 4
      vertex 88.0731 105.927 4
    endloop
  endfacet
  facet normal 0 0 1
    outer loop
      vertex 85.5178 129.609 4
      vertex 88.0731 105.927 4
      vertex 85.6382 129.535 4
    endloop
  endfacet
  facet normal 0 0 1
    outer loop
      vertex 88.0731 105.927 4
      vertex 85.5178 129.609 4
      vertex 87.7954 105.602 4
    endloop
  endfacet
  facet normal 0 0 1
    outer loop
      vertex 85.4104 129.701 4
      vertex 87.7954 105.602 4
      vertex 85.5178 129.609 4
    endloop
  endfacet
  facet normal 0 0 1
    outer loop
      vertex 87.7954 105.602 4
      vertex 85.4104 129.701 4
      vertex 87.572 105.237 4
    endloop
  endfacet
  facet normal 0 0 1
    outer loop
      vertex 85.3187 129.808 4
      vertex 87.572 105.237 4
      vertex 85.4104 129.701 4
    endloop
  endfacet
  facet normal 0 0 1
    outer loop
      vertex 87.572 105.237 4
      vertex 85.3187 129.808 4
      vertex 87.4084 104.842 4
    endloop
  endfacet
  facet normal 0 0 1
    outer loop
      vertex 85.2449 129.929 4
      vertex 87.4084 104.842 4
      vertex 85.3187 129.808 4
    endloop
  endfacet
  facet normal 0 0 1
    outer loop
      vertex 87.4084 104.842 4
      vertex 85.2449 129.929 4
      vertex 87.3086 104.426 4
    endloop
  endfacet
  facet normal 0 0 1
    outer loop
      vertex 85.1909 130.059 4
      vertex 87.3086 104.426 4
      vertex 85.2449 129.929 4
    endloop
  endfacet
  facet normal 0 0 1
    outer loop
      vertex 79.55 82.0018 4
      vertex 87.3086 104.426 4
      vertex 85.1909 130.059 4
    endloop
  endfacet
  facet normal 0 0 1
    outer loop
      vertex 79.55 82.0018 4
      vertex 85.1909 130.059 4
      vertex 85.1579 130.196 4
    endloop
  endfacet
  facet normal 0 0 1
    outer loop
      vertex 87.3086 104.426 4
      vertex 79.55 82.0018 4
      vertex 87.275 104 4
    endloop
  endfacet
  facet normal 0 0 1
    outer loop
      vertex 79.55 82.0018 4
      vertex 97.6179 96 4
      vertex 89.5737 101.309 4
    endloop
  endfacet
  facet normal 0 0 1
    outer loop
      vertex 79.55 82.0018 4
      vertex 88.3983 101.795 4
      vertex 88.0731 102.073 4
    endloop
  endfacet
  facet normal 0 0 1
    outer loop
      vertex 79.55 82.0018 4
      vertex 88.0731 102.073 4
      vertex 87.7954 102.398 4
    endloop
  endfacet
  facet normal 0 0 1
    outer loop
      vertex 79.55 82.0018 4
      vertex 87.7954 102.398 4
      vertex 87.572 102.763 4
    endloop
  endfacet
  facet normal 0 0 1
    outer loop
      vertex 79.55 82.0018 4
      vertex 87.572 102.763 4
      vertex 87.4084 103.158 4
    endloop
  endfacet
  facet normal 0 0 1
    outer loop
      vertex 79.55 82.0018 4
      vertex 87.4084 103.158 4
      vertex 87.3086 103.574 4
    endloop
  endfacet
  facet normal 0 0 1
    outer loop
      vertex 79.55 82.0018 4
      vertex 87.3086 103.574 4
      vertex 87.275 104 4
    endloop
  endfacet
  facet normal 0 0 1
    outer loop
      vertex 79.8226 126 4
      vertex 85.1579 130.196 4
      vertex 85.1468 130.337 4
    endloop
  endfacet
  facet normal -0 0 1
    outer loop
      vertex 139.55 81.7202 4
      vertex 143.111 78.6282 4
      vertex 139.561 81.861 4
    endloop
  endfacet
  facet normal 0 -0 1
    outer loop
      vertex 139.517 82.1391 4
      vertex 145.158 130.196 4
      vertex 137.69 112 4
    endloop
  endfacet
  facet normal 0 0 1
    outer loop
      vertex 145.158 130.196 4
      vertex 139.517 82.1391 4
      vertex 139.55 82.0018 4
    endloop
  endfacet
  facet normal 0 0 1
    outer loop
      vertex 139.517 82.1391 4
      vertex 137.69 112 4
      vertex 139.463 82.2696 4
    endloop
  endfacet
  facet normal -0 0 1
    outer loop
      vertex 135.252 96 4
      vertex 139.463 82.2696 4
      vertex 137.69 112 4
    endloop
  endfacet
  facet normal 0 0 1
    outer loop
      vertex 139.463 82.2696 4
      vertex 135.252 96 4
      vertex 139.389 82.39 4
    endloop
  endfacet
  facet normal 0 0 1
    outer loop
      vertex 139.389 82.39 4
      vertex 135.252 96 4
      vertex 139.298 82.4974 4
    endloop
  endfacet
  facet normal 0 0 1
    outer loop
      vertex 139.298 82.4974 4
      vertex 135.252 96 4
      vertex 139.19 82.5891 4
    endloop
  endfacet
  facet normal 0 0 1
    outer loop
      vertex 139.19 82.5891 4
      vertex 135.252 96 4
      vertex 139.07 82.6629 4
    endloop
  endfacet
  facet normal 0 0 1
    outer loop
      vertex 139.07 82.6629 4
      vertex 135.252 96 4
      vertex 138.939 82.717 4
    endloop
  endfacet
  facet normal 0 0 1
    outer loop
      vertex 138.939 82.717 4
      vertex 135.252 96 4
      vertex 138.802 82.7499 4
    endloop
  endfacet
  facet normal 0 0 1
    outer loop
      vertex 138.802 82.7499 4
      vertex 135.252 96 4
      vertex 138.661 82.761 4
    endloop
  endfacet
  facet normal 0 0 1
    outer loop
      vertex 138.661 82.761 4
      vertex 135.252 96 4
      vertex 138.52 82.7499 4
    endloop
  endfacet
  facet normal 0 0 1
    outer loop
      vertex 138.52 82.7499 4
      vertex 135.252 96 4
      vertex 138.383 82.717 4
    endloop
  endfacet
  facet normal -0 0 1
    outer loop
      vertex 133.229 82.7214 4
      vertex 138.383 82.717 4
      vertex 135.252 96 4
    endloop
  endfacet
  facet normal 0 0 1
    outer loop
      vertex 138.383 82.717 4
      vertex 133.229 82.7214 4
      vertex 138.253 82.6629 4
    endloop
  endfacet
  facet normal 0 0 1
    outer loop
      vertex 138.253 82.6629 4
      vertex 133.229 82.7214 4
      vertex 138.132 82.5891 4
    endloop
  endfacet
  facet normal 0 0 1
    outer loop
      vertex 138.132 82.5891 4
      vertex 133.229 82.7214 4
      vertex 138.025 82.4974 4
    endloop
  endfacet
  facet normal 0 0 1
    outer loop
      vertex 138.025 82.4974 4
      vertex 133.229 82.7214 4
      vertex 137.933 82.39 4
    endloop
  endfacet
  facet normal 0 0 1
    outer loop
      vertex 137.933 82.39 4
      vertex 133.229 82.7214 4
      vertex 137.859 82.2696 4
    endloop
  endfacet
  facet normal 0 0 1
    outer loop
      vertex 137.859 82.2696 4
      vertex 134.772 77.9719 4
      vertex 137.805 82.1391 4
    endloop
  endfacet
  facet normal 0 0 1
    outer loop
      vertex 146.775 130.866 4
      vertex 169.9 136.9 4
      vertex 169.9 141 4
    endloop
  endfacet
  facet normal 0 0 1
    outer loop
      vertex 157.055 112 4
      vertex 152.691 104.426 4
      vertex 152.725 104 4
    endloop
  endfacet
  facet normal 0 0 1
    outer loop
      vertex 157.055 112 4
      vertex 152.592 104.842 4
      vertex 152.691 104.426 4
    endloop
  endfacet
  facet normal 0 0 1
    outer loop
      vertex 157.055 112 4
      vertex 152.428 105.237 4
      vertex 152.592 104.842 4
    endloop
  endfacet
  facet normal 0 0 1
    outer loop
      vertex 157.055 112 4
      vertex 152.205 105.602 4
      vertex 152.428 105.237 4
    endloop
  endfacet
  facet normal 0 0 1
    outer loop
      vertex 157.055 112 4
      vertex 151.927 105.927 4
      vertex 152.205 105.602 4
    endloop
  endfacet
  facet normal 0 0 1
    outer loop
      vertex 157.055 112 4
      vertex 151.602 106.205 4
      vertex 151.927 105.927 4
    endloop
  endfacet
  facet normal 0 0 1
    outer loop
      vertex 157.055 112 4
      vertex 151.237 106.428 4
      vertex 151.602 106.205 4
    endloop
  endfacet
  facet normal 0 0 1
    outer loop
      vertex 157.055 112 4
      vertex 150.842 106.592 4
      vertex 151.237 106.428 4
    endloop
  endfacet
  facet normal 0 0 1
    outer loop
      vertex 157.055 112 4
      vertex 150.426 106.691 4
      vertex 150.842 106.592 4
    endloop
  endfacet
  facet normal 0 0 1
    outer loop
      vertex 157.055 112 4
      vertex 150 106.725 4
      vertex 150.426 106.691 4
    endloop
  endfacet
  facet normal 0 0 1
    outer loop
      vertex 157.055 112 4
      vertex 149.574 106.691 4
      vertex 150 106.725 4
    endloop
  endfacet
  facet normal 0 0 1
    outer loop
      vertex 153.018 126 4
      vertex 149.158 106.592 4
      vertex 149.574 106.691 4
    endloop
  endfacet
  facet normal 0 0 1
    outer loop
      vertex 145.906 129.448 4
      vertex 149.158 106.592 4
      vertex 153.018 126 4
    endloop
  endfacet
  facet normal 0 0 1
    outer loop
      vertex 149.158 106.592 4
      vertex 145.906 129.448 4
      vertex 148.763 106.428 4
    endloop
  endfacet
  facet normal 0 0 1
    outer loop
      vertex 145.769 129.481 4
      vertex 148.763 106.428 4
      vertex 145.906 129.448 4
    endloop
  endfacet
  facet normal 0 0 1
    outer loop
      vertex 148.763 106.428 4
      vertex 145.769 129.481 4
      vertex 148.398 106.205 4
    endloop
  endfacet
  facet normal 0 0 1
    outer loop
      vertex 145.638 129.535 4
      vertex 148.398 106.205 4
      vertex 145.769 129.481 4
    endloop
  endfacet
  facet normal 0 0 1
    outer loop
      vertex 148.398 106.205 4
      vertex 145.638 129.535 4
      vertex 148.073 105.927 4
    endloop
  endfacet
  facet normal -0 0 1
    outer loop
      vertex 146.849 129.929 4
      vertex 153.018 126 4
      vertex 146.903 130.059 4
    endloop
  endfacet
  facet normal -0 0 1
    outer loop
      vertex 146.903 130.059 4
      vertex 153.018 126 4
      vertex 146.936 130.196 4
    endloop
  endfacet
  facet normal -0 0 1
    outer loop
      vertex 146.936 130.196 4
      vertex 153.018 126 4
      vertex 146.947 130.337 4
    endloop
  endfacet
  facet normal 0 0 1
    outer loop
      vertex 169.9 136.9 4
      vertex 146.775 130.866 4
      vertex 153.018 126 4
    endloop
  endfacet
  facet normal 0 0 1
    outer loop
      vertex 153.018 126 4
      vertex 146.936 130.478 4
      vertex 146.947 130.337 4
    endloop
  endfacet
  facet normal 0 0 1
    outer loop
      vertex 153.018 126 4
      vertex 146.903 130.615 4
      vertex 146.936 130.478 4
    endloop
  endfacet
  facet normal 0 0 1
    outer loop
      vertex 153.018 126 4
      vertex 146.849 130.746 4
      vertex 146.903 130.615 4
    endloop
  endfacet
  facet normal 0 0 1
    outer loop
      vertex 153.018 126 4
      vertex 146.775 130.866 4
      vertex 146.849 130.746 4
    endloop
  endfacet
  facet normal 0 0 1
    outer loop
      vertex 169.9 141 4
      vertex 146.683 130.974 4
      vertex 146.775 130.866 4
    endloop
  endfacet
  facet normal 0 0 1
    outer loop
      vertex 169.9 141 4
      vertex 146.576 131.065 4
      vertex 146.683 130.974 4
    endloop
  endfacet
  facet normal 0 0 1
    outer loop
      vertex 169.9 141 4
      vertex 146.455 131.139 4
      vertex 146.576 131.065 4
    endloop
  endfacet
  facet normal 0 0 1
    outer loop
      vertex 169.9 141 4
      vertex 146.325 131.193 4
      vertex 146.455 131.139 4
    endloop
  endfacet
  facet normal 0 0 1
    outer loop
      vertex 169.9 141 4
      vertex 146.188 131.226 4
      vertex 146.325 131.193 4
    endloop
  endfacet
  facet normal 0 0 1
    outer loop
      vertex 169.9 141 4
      vertex 146.047 131.237 4
      vertex 146.188 131.226 4
    endloop
  endfacet
  facet normal -0 0 1
    outer loop
      vertex 118.1 141 4
      vertex 146.047 131.237 4
      vertex 169.9 141 4
    endloop
  endfacet
  facet normal 0 0 1
    outer loop
      vertex 146.047 131.237 4
      vertex 118.1 141 4
      vertex 145.906 131.226 4
    endloop
  endfacet
  facet normal 0 0 1
    outer loop
      vertex 155.369 96 4
      vertex 139.55 82.0018 4
      vertex 143.111 78.6282 4
    endloop
  endfacet
  facet normal -0 -0 1
    outer loop
      vertex 139.561 81.861 4
      vertex 143.111 78.6282 4
      vertex 139.55 82.0018 4
    endloop
  endfacet
  facet normal -0 0 1
    outer loop
      vertex 139.517 81.5829 4
      vertex 143.111 78.6282 4
      vertex 139.55 81.7202 4
    endloop
  endfacet
  facet normal -0 0 1
    outer loop
      vertex 139.463 81.4524 4
      vertex 143.111 78.6282 4
      vertex 139.517 81.5829 4
    endloop
  endfacet
  facet normal 0 0 1
    outer loop
      vertex 139.823 126 4
      vertex 145.147 130.337 4
      vertex 145.158 130.478 4
    endloop
  endfacet
  facet normal 0 0 1
    outer loop
      vertex 137.69 112 4
      vertex 145.158 130.196 4
      vertex 139.823 126 4
    endloop
  endfacet
  facet normal 0 0 1
    outer loop
      vertex 145.191 130.615 4
      vertex 139.823 126 4
      vertex 145.158 130.478 4
    endloop
  endfacet
  facet normal 0 0 1
    outer loop
      vertex 145.245 130.746 4
      vertex 139.823 126 4
      vertex 145.191 130.615 4
    endloop
  endfacet
  facet normal 0 0 1
    outer loop
      vertex 125.663 130.114 4
      vertex 145.245 130.746 4
      vertex 145.319 130.866 4
    endloop
  endfacet
  facet normal -0 0 1
    outer loop
      vertex 124.95 130.95 4
      vertex 145.319 130.866 4
      vertex 145.41 130.974 4
    endloop
  endfacet
  facet normal 0 0 1
    outer loop
      vertex 145.245 130.746 4
      vertex 125.663 130.114 4
      vertex 139.823 126 4
    endloop
  endfacet
  facet normal 0 0 1
    outer loop
      vertex 124.95 130.95 4
      vertex 145.41 130.974 4
      vertex 145.518 131.065 4
    endloop
  endfacet
  facet normal 0 0 1
    outer loop
      vertex 118.1 141 4
      vertex 145.518 131.065 4
      vertex 145.638 131.139 4
    endloop
  endfacet
  facet normal 0 0 1
    outer loop
      vertex 118.1 141 4
      vertex 145.638 131.139 4
      vertex 145.769 131.193 4
    endloop
  endfacet
  facet normal 0 0 1
    outer loop
      vertex 145.906 131.226 4
      vertex 118.1 141 4
      vertex 145.769 131.193 4
    endloop
  endfacet
  facet normal 0 0 1
    outer loop
      vertex 139.823 126 4
      vertex 126.914 127.095 4
      vertex 127 126 4
    endloop
  endfacet
  facet normal 0 0 1
    outer loop
      vertex 139.823 126 4
      vertex 126.657 128.163 4
      vertex 126.914 127.095 4
    endloop
  endfacet
  facet normal 0 0 1
    outer loop
      vertex 139.823 126 4
      vertex 126.237 129.178 4
      vertex 126.657 128.163 4
    endloop
  endfacet
  facet normal 0 0 1
    outer loop
      vertex 139.823 126 4
      vertex 125.663 130.114 4
      vertex 126.237 129.178 4
    endloop
  endfacet
  facet normal 0 0 1
    outer loop
      vertex 145.319 130.866 4
      vertex 124.95 130.95 4
      vertex 125.663 130.114 4
    endloop
  endfacet
  facet normal 0 0 1
    outer loop
      vertex 145.518 131.065 4
      vertex 118.1 141 4
      vertex 124.115 131.663 4
    endloop
  endfacet
  facet normal 0 0 1
    outer loop
      vertex 145.518 131.065 4
      vertex 124.115 131.663 4
      vertex 124.95 130.95 4
    endloop
  endfacet
  facet normal 0 0 1
    outer loop
      vertex 124.115 131.663 4
      vertex 118.1 141 4
      vertex 123.178 132.237 4
    endloop
  endfacet
  facet normal 0 0 1
    outer loop
      vertex 123.178 132.237 4
      vertex 118.1 141 4
      vertex 122.163 132.657 4
    endloop
  endfacet
  facet normal -0 0 1
    outer loop
      vertex 118.1 136.9 4
      vertex 122.163 132.657 4
      vertex 118.1 141 4
    endloop
  endfacet
  facet normal 0 0 1
    outer loop
      vertex 122.163 132.657 4
      vertex 118.1 136.9 4
      vertex 121.095 132.914 4
    endloop
  endfacet
  facet normal 0 0 1
    outer loop
      vertex 121.095 132.914 4
      vertex 118.1 136.9 4
      vertex 120 133 4
    endloop
  endfacet
  facet normal 0 0 1
    outer loop
      vertex 120 133 4
      vertex 118.1 136.9 4
      vertex 118.905 132.914 4
    endloop
  endfacet
  facet normal 0 0 1
    outer loop
      vertex 118.1 136.9 4
      vertex 117.837 132.657 4
      vertex 118.905 132.914 4
    endloop
  endfacet
  facet normal 0 0 1
    outer loop
      vertex 118.1 136.9 4
      vertex 116.822 132.237 4
      vertex 117.837 132.657 4
    endloop
  endfacet
  facet normal 0 0 1
    outer loop
      vertex 118.1 136.9 4
      vertex 115.886 131.663 4
      vertex 116.822 132.237 4
    endloop
  endfacet
  facet normal -0 0 1
    outer loop
      vertex 109.9 136.9 4
      vertex 115.886 131.663 4
      vertex 118.1 136.9 4
    endloop
  endfacet
  facet normal 0 0 1
    outer loop
      vertex 115.886 131.663 4
      vertex 109.9 136.9 4
      vertex 115.05 130.95 4
    endloop
  endfacet
  facet normal 0 0 1
    outer loop
      vertex 115.05 130.95 4
      vertex 109.9 136.9 4
      vertex 114.337 130.114 4
    endloop
  endfacet
  facet normal 0 0 1
    outer loop
      vertex 114.337 130.114 4
      vertex 109.9 136.9 4
      vertex 113.763 129.178 4
    endloop
  endfacet
  facet normal 0 0 1
    outer loop
      vertex 109.9 136.9 4
      vertex 113.343 128.163 4
      vertex 113.763 129.178 4
    endloop
  endfacet
  facet normal 0 0 1
    outer loop
      vertex 109.9 136.9 4
      vertex 113.086 127.095 4
      vertex 113.343 128.163 4
    endloop
  endfacet
  facet normal 0 0 1
    outer loop
      vertex 93.5279 126 4
      vertex 113.086 127.095 4
      vertex 109.9 136.9 4
    endloop
  endfacet
  facet normal 0 0 1
    outer loop
      vertex 113.086 127.095 4
      vertex 93.5279 126 4
      vertex 113 126 4
    endloop
  endfacet
  facet normal -0 0 1
    outer loop
      vertex 139.389 81.332 4
      vertex 143.111 78.6282 4
      vertex 139.463 81.4524 4
    endloop
  endfacet
  facet normal 0 0 1
    outer loop
      vertex 143.111 78.6282 4
      vertex 139.389 81.332 4
      vertex 142.55 77.9719 4
    endloop
  endfacet
  facet normal -0 0 1
    outer loop
      vertex 139.298 81.2246 4
      vertex 142.55 77.9719 4
      vertex 139.389 81.332 4
    endloop
  endfacet
  facet normal 0 0 1
    outer loop
      vertex 142.55 77.9719 4
      vertex 139.298 81.2246 4
      vertex 141.894 77.4114 4
    endloop
  endfacet
  facet normal -0 0 1
    outer loop
      vertex 139.19 81.1329 4
      vertex 141.894 77.4114 4
      vertex 139.298 81.2246 4
    endloop
  endfacet
  facet normal 0 0 1
    outer loop
      vertex 141.894 77.4114 4
      vertex 139.19 81.1329 4
      vertex 141.158 76.9605 4
    endloop
  endfacet
  facet normal -0 0 1
    outer loop
      vertex 139.07 81.0591 4
      vertex 141.158 76.9605 4
      vertex 139.19 81.1329 4
    endloop
  endfacet
  facet normal 0 0 1
    outer loop
      vertex 141.158 76.9605 4
      vertex 139.07 81.0591 4
      vertex 140.361 76.6302 4
    endloop
  endfacet
  facet normal -0 0 1
    outer loop
      vertex 138.939 81.0051 4
      vertex 140.361 76.6302 4
      vertex 139.07 81.0591 4
    endloop
  endfacet
  facet normal 0 0 1
    outer loop
      vertex 140.361 76.6302 4
      vertex 138.939 81.0051 4
      vertex 139.521 76.4287 4
    endloop
  endfacet
  facet normal -0 0 1
    outer loop
      vertex 138.802 80.9721 4
      vertex 139.521 76.4287 4
      vertex 138.939 81.0051 4
    endloop
  endfacet
  facet normal -0 0 1
    outer loop
      vertex 138.661 80.961 4
      vertex 139.521 76.4287 4
      vertex 138.802 80.9721 4
    endloop
  endfacet
  facet normal 0 0 1
    outer loop
      vertex 138.661 80.961 4
      vertex 138.661 76.361 4
      vertex 139.521 76.4287 4
    endloop
  endfacet
  facet normal 0 0 1
    outer loop
      vertex 138.52 80.9721 4
      vertex 138.661 76.361 4
      vertex 138.661 80.961 4
    endloop
  endfacet
  facet normal 0 0 1
    outer loop
      vertex 137.801 76.4287 4
      vertex 138.52 80.9721 4
      vertex 138.383 81.0051 4
    endloop
  endfacet
  facet normal 0 0 1
    outer loop
      vertex 136.962 76.6302 4
      vertex 138.383 81.0051 4
      vertex 138.253 81.0591 4
    endloop
  endfacet
  facet normal 0 0 1
    outer loop
      vertex 136.164 76.9605 4
      vertex 138.253 81.0591 4
      vertex 138.132 81.1329 4
    endloop
  endfacet
  facet normal 0 0 1
    outer loop
      vertex 135.428 77.4114 4
      vertex 138.132 81.1329 4
      vertex 138.025 81.2246 4
    endloop
  endfacet
  facet normal 0 0 1
    outer loop
      vertex 134.772 77.9719 4
      vertex 138.025 81.2246 4
      vertex 137.933 81.332 4
    endloop
  endfacet
  facet normal 0 0 1
    outer loop
      vertex 134.772 77.9719 4
      vertex 137.933 81.332 4
      vertex 137.859 81.4524 4
    endloop
  endfacet
  facet normal 0 0 1
    outer loop
      vertex 134.772 77.9719 4
      vertex 137.859 81.4524 4
      vertex 137.805 81.5829 4
    endloop
  endfacet
  facet normal 0 0 1
    outer loop
      vertex 138.52 80.9721 4
      vertex 137.801 76.4287 4
      vertex 138.661 76.361 4
    endloop
  endfacet
  facet normal 0 0 1
    outer loop
      vertex 134.772 77.9719 4
      vertex 137.805 81.5829 4
      vertex 137.772 81.7202 4
    endloop
  endfacet
  facet normal 0 0 1
    outer loop
      vertex 134.772 77.9719 4
      vertex 137.772 81.7202 4
      vertex 137.761 81.861 4
    endloop
  endfacet
  facet normal 0 0 1
    outer loop
      vertex 138.383 81.0051 4
      vertex 136.962 76.6302 4
      vertex 137.801 76.4287 4
    endloop
  endfacet
  facet normal 0 0 1
    outer loop
      vertex 134.772 77.9719 4
      vertex 137.772 82.0018 4
      vertex 137.805 82.1391 4
    endloop
  endfacet
  facet normal 0 0 1
    outer loop
      vertex 134.772 77.9719 4
      vertex 137.761 81.861 4
      vertex 137.772 82.0018 4
    endloop
  endfacet
  facet normal 0 0 1
    outer loop
      vertex 138.132 81.1329 4
      vertex 135.428 77.4114 4
      vertex 136.164 76.9605 4
    endloop
  endfacet
  facet normal 0 0 1
    outer loop
      vertex 138.253 81.0591 4
      vertex 136.164 76.9605 4
      vertex 136.962 76.6302 4
    endloop
  endfacet
  facet normal 0 0 1
    outer loop
      vertex 137.69 112 4
      vertex 120.9 104 4
      vertex 135.252 96 4
    endloop
  endfacet
  facet normal 0 0 1
    outer loop
      vertex 137.69 112 4
      vertex 120.889 104.141 4
      vertex 120.9 104 4
    endloop
  endfacet
  facet normal 0 0 1
    outer loop
      vertex 137.69 112 4
      vertex 120.856 104.278 4
      vertex 120.889 104.141 4
    endloop
  endfacet
  facet normal 0 0 1
    outer loop
      vertex 137.69 112 4
      vertex 120.802 104.409 4
      vertex 120.856 104.278 4
    endloop
  endfacet
  facet normal 0 0 1
    outer loop
      vertex 137.69 112 4
      vertex 120.728 104.529 4
      vertex 120.802 104.409 4
    endloop
  endfacet
  facet normal 0 0 1
    outer loop
      vertex 137.69 112 4
      vertex 120.636 104.636 4
      vertex 120.728 104.529 4
    endloop
  endfacet
  facet normal 0 0 1
    outer loop
      vertex 137.69 112 4
      vertex 120.529 104.728 4
      vertex 120.636 104.636 4
    endloop
  endfacet
  facet normal 0 0 1
    outer loop
      vertex 137.69 112 4
      vertex 120.409 104.802 4
      vertex 120.529 104.728 4
    endloop
  endfacet
  facet normal 0 0 1
    outer loop
      vertex 137.69 112 4
      vertex 120.278 104.856 4
      vertex 120.409 104.802 4
    endloop
  endfacet
  facet normal 0 0 1
    outer loop
      vertex 137.69 112 4
      vertex 120.141 104.889 4
      vertex 120.278 104.856 4
    endloop
  endfacet
  facet normal 0 0 1
    outer loop
      vertex 137.69 112 4
      vertex 120 104.9 4
      vertex 120.141 104.889 4
    endloop
  endfacet
  facet normal -0 0 1
    outer loop
      vertex 98.7466 112 4
      vertex 120 104.9 4
      vertex 137.69 112 4
    endloop
  endfacet
  facet normal 0 0 1
    outer loop
      vertex 120 104.9 4
      vertex 98.7466 112 4
      vertex 119.859 104.889 4
    endloop
  endfacet
  facet normal 0 0 1
    outer loop
      vertex 119.111 104.141 4
      vertex 98.7466 112 4
      vertex 119.1 104 4
    endloop
  endfacet
  facet normal 0 0 1
    outer loop
      vertex 119.144 104.278 4
      vertex 98.7466 112 4
      vertex 119.111 104.141 4
    endloop
  endfacet
  facet normal 0 0 1
    outer loop
      vertex 119.198 104.409 4
      vertex 98.7466 112 4
      vertex 119.144 104.278 4
    endloop
  endfacet
  facet normal 0 0 1
    outer loop
      vertex 119.272 104.529 4
      vertex 98.7466 112 4
      vertex 119.198 104.409 4
    endloop
  endfacet
  facet normal 0 0 1
    outer loop
      vertex 119.364 104.636 4
      vertex 98.7466 112 4
      vertex 119.272 104.529 4
    endloop
  endfacet
  facet normal 0 0 1
    outer loop
      vertex 119.471 104.728 4
      vertex 98.7466 112 4
      vertex 119.364 104.636 4
    endloop
  endfacet
  facet normal 0 0 1
    outer loop
      vertex 119.591 104.802 4
      vertex 98.7466 112 4
      vertex 119.471 104.728 4
    endloop
  endfacet
  facet normal 0 0 1
    outer loop
      vertex 119.722 104.856 4
      vertex 98.7466 112 4
      vertex 119.591 104.802 4
    endloop
  endfacet
  facet normal 0 0 1
    outer loop
      vertex 119.859 104.889 4
      vertex 98.7466 112 4
      vertex 119.722 104.856 4
    endloop
  endfacet
  facet normal 0 0 1
    outer loop
      vertex 198.025 81.2246 4
      vertex 194.772 77.9719 4
      vertex 195.428 77.4114 4
    endloop
  endfacet
  facet normal 0 0 1
    outer loop
      vertex 193.161 81.861 4
      vertex 197.859 82.2696 4
      vertex 193.229 82.7214 4
    endloop
  endfacet
  facet normal 0 0 1
    outer loop
      vertex 197.859 82.2696 4
      vertex 194.212 78.6282 4
      vertex 194.772 77.9719 4
    endloop
  endfacet
  facet normal 0 0 1
    outer loop
      vertex 197.859 82.2696 4
      vertex 193.761 79.3641 4
      vertex 194.212 78.6282 4
    endloop
  endfacet
  facet normal 0 0 1
    outer loop
      vertex 197.859 82.2696 4
      vertex 193.43 80.1614 4
      vertex 193.761 79.3641 4
    endloop
  endfacet
  facet normal 0 0 1
    outer loop
      vertex 197.859 82.2696 4
      vertex 193.229 81.0006 4
      vertex 193.43 80.1614 4
    endloop
  endfacet
  facet normal 0 0 1
    outer loop
      vertex 197.859 82.2696 4
      vertex 193.161 81.861 4
      vertex 193.229 81.0006 4
    endloop
  endfacet
  facet normal -0 0 1
    outer loop
      vertex 180.889 103.859 4
      vertex 195.252 96 4
      vertex 180.9 104 4
    endloop
  endfacet
  facet normal -0 0 1
    outer loop
      vertex 180.856 103.722 4
      vertex 195.252 96 4
      vertex 180.889 103.859 4
    endloop
  endfacet
  facet normal -0 0 1
    outer loop
      vertex 180.802 103.591 4
      vertex 195.252 96 4
      vertex 180.856 103.722 4
    endloop
  endfacet
  facet normal -0 0 1
    outer loop
      vertex 180.728 103.471 4
      vertex 195.252 96 4
      vertex 180.802 103.591 4
    endloop
  endfacet
  facet normal -0 0 1
    outer loop
      vertex 180.636 103.364 4
      vertex 195.252 96 4
      vertex 180.728 103.471 4
    endloop
  endfacet
  facet normal -0 0 1
    outer loop
      vertex 180.529 103.272 4
      vertex 195.252 96 4
      vertex 180.636 103.364 4
    endloop
  endfacet
  facet normal -0 0 1
    outer loop
      vertex 180.409 103.198 4
      vertex 195.252 96 4
      vertex 180.529 103.272 4
    endloop
  endfacet
  facet normal -0 0 1
    outer loop
      vertex 180.278 103.144 4
      vertex 195.252 96 4
      vertex 180.409 103.198 4
    endloop
  endfacet
  facet normal -0 0 1
    outer loop
      vertex 180.141 103.111 4
      vertex 195.252 96 4
      vertex 180.278 103.144 4
    endloop
  endfacet
  facet normal -0 0 1
    outer loop
      vertex 180 103.1 4
      vertex 195.252 96 4
      vertex 180.141 103.111 4
    endloop
  endfacet
  facet normal 0 0 1
    outer loop
      vertex 179.859 103.111 4
      vertex 195.252 96 4
      vertex 180 103.1 4
    endloop
  endfacet
  facet normal 0 0 1
    outer loop
      vertex 155.369 96 4
      vertex 179.859 103.111 4
      vertex 179.722 103.144 4
    endloop
  endfacet
  facet normal 0 0 1
    outer loop
      vertex 155.369 96 4
      vertex 179.722 103.144 4
      vertex 179.591 103.198 4
    endloop
  endfacet
  facet normal 0 0 1
    outer loop
      vertex 157.055 112 4
      vertex 179.111 103.859 4
      vertex 179.1 104 4
    endloop
  endfacet
  facet normal 0 0 1
    outer loop
      vertex 155.369 96 4
      vertex 179.111 103.859 4
      vertex 157.055 112 4
    endloop
  endfacet
  facet normal 0 0 1
    outer loop
      vertex 179.111 103.859 4
      vertex 155.369 96 4
      vertex 179.144 103.722 4
    endloop
  endfacet
  facet normal 0 0 1
    outer loop
      vertex 179.144 103.722 4
      vertex 155.369 96 4
      vertex 179.198 103.591 4
    endloop
  endfacet
  facet normal 0 0 1
    outer loop
      vertex 179.198 103.591 4
      vertex 155.369 96 4
      vertex 179.272 103.471 4
    endloop
  endfacet
  facet normal 0 0 1
    outer loop
      vertex 179.272 103.471 4
      vertex 155.369 96 4
      vertex 179.364 103.364 4
    endloop
  endfacet
  facet normal 0 0 1
    outer loop
      vertex 179.364 103.364 4
      vertex 155.369 96 4
      vertex 179.471 103.272 4
    endloop
  endfacet
  facet normal 0 0 1
    outer loop
      vertex 179.471 103.272 4
      vertex 155.369 96 4
      vertex 179.591 103.198 4
    endloop
  endfacet
  facet normal 0 0 1
    outer loop
      vertex 179.859 103.111 4
      vertex 155.369 96 4
      vertex 195.252 96 4
    endloop
  endfacet
  facet normal 0 0 1
    outer loop
      vertex 149.574 106.691 4
      vertex 157.055 112 4
      vertex 153.018 126 4
    endloop
  endfacet
  facet normal 0 0 1
    outer loop
      vertex 157.055 112 4
      vertex 152.725 104 4
      vertex 155.369 96 4
    endloop
  endfacet
  facet normal -0 0 1
    outer loop
      vertex 152.691 103.574 4
      vertex 155.369 96 4
      vertex 152.725 104 4
    endloop
  endfacet
  facet normal -0 0 1
    outer loop
      vertex 152.592 103.158 4
      vertex 155.369 96 4
      vertex 152.691 103.574 4
    endloop
  endfacet
  facet normal -0 0 1
    outer loop
      vertex 152.428 102.763 4
      vertex 155.369 96 4
      vertex 152.592 103.158 4
    endloop
  endfacet
  facet normal -0 0 1
    outer loop
      vertex 152.205 102.398 4
      vertex 155.369 96 4
      vertex 152.428 102.763 4
    endloop
  endfacet
  facet normal -0 0 1
    outer loop
      vertex 151.927 102.073 4
      vertex 155.369 96 4
      vertex 152.205 102.398 4
    endloop
  endfacet
  facet normal -0 0 1
    outer loop
      vertex 151.602 101.795 4
      vertex 155.369 96 4
      vertex 151.927 102.073 4
    endloop
  endfacet
  facet normal -0 0 1
    outer loop
      vertex 151.237 101.572 4
      vertex 155.369 96 4
      vertex 151.602 101.795 4
    endloop
  endfacet
  facet normal -0 0 1
    outer loop
      vertex 150.842 101.408 4
      vertex 155.369 96 4
      vertex 151.237 101.572 4
    endloop
  endfacet
  facet normal -0 0 1
    outer loop
      vertex 150.426 101.309 4
      vertex 155.369 96 4
      vertex 150.842 101.408 4
    endloop
  endfacet
  facet normal -0 0 1
    outer loop
      vertex 150 101.275 4
      vertex 155.369 96 4
      vertex 150.426 101.309 4
    endloop
  endfacet
  facet normal 0 0 1
    outer loop
      vertex 149.574 101.309 4
      vertex 155.369 96 4
      vertex 150 101.275 4
    endloop
  endfacet
  facet normal 0 0 1
    outer loop
      vertex 149.158 101.408 4
      vertex 155.369 96 4
      vertex 149.574 101.309 4
    endloop
  endfacet
  facet normal 0 0 1
    outer loop
      vertex 139.55 82.0018 4
      vertex 149.158 101.408 4
      vertex 148.763 101.572 4
    endloop
  endfacet
  facet normal 0 0 1
    outer loop
      vertex 139.55 82.0018 4
      vertex 148.763 101.572 4
      vertex 148.398 101.795 4
    endloop
  endfacet
  facet normal -0 0 1
    outer loop
      vertex 146.775 129.808 4
      vertex 153.018 126 4
      vertex 146.849 129.929 4
    endloop
  endfacet
  facet normal -0 0 1
    outer loop
      vertex 146.683 129.701 4
      vertex 153.018 126 4
      vertex 146.775 129.808 4
    endloop
  endfacet
  facet normal -0 0 1
    outer loop
      vertex 146.576 129.609 4
      vertex 153.018 126 4
      vertex 146.683 129.701 4
    endloop
  endfacet
  facet normal -0 0 1
    outer loop
      vertex 146.455 129.535 4
      vertex 153.018 126 4
      vertex 146.576 129.609 4
    endloop
  endfacet
  facet normal -0 0 1
    outer loop
      vertex 146.325 129.481 4
      vertex 153.018 126 4
      vertex 146.455 129.535 4
    endloop
  endfacet
  facet normal -0 0 1
    outer loop
      vertex 146.188 129.448 4
      vertex 153.018 126 4
      vertex 146.325 129.481 4
    endloop
  endfacet
  facet normal -0 0 1
    outer loop
      vertex 146.047 129.437 4
      vertex 153.018 126 4
      vertex 146.188 129.448 4
    endloop
  endfacet
  facet normal 0 0 1
    outer loop
      vertex 145.906 129.448 4
      vertex 153.018 126 4
      vertex 146.047 129.437 4
    endloop
  endfacet
  facet normal 0 0 1
    outer loop
      vertex 145.518 129.609 4
      vertex 148.073 105.927 4
      vertex 145.638 129.535 4
    endloop
  endfacet
  facet normal 0 0 1
    outer loop
      vertex 148.073 105.927 4
      vertex 145.518 129.609 4
      vertex 147.795 105.602 4
    endloop
  endfacet
  facet normal 0 0 1
    outer loop
      vertex 145.41 129.701 4
      vertex 147.795 105.602 4
      vertex 145.518 129.609 4
    endloop
  endfacet
  facet normal 0 0 1
    outer loop
      vertex 147.795 105.602 4
      vertex 145.41 129.701 4
      vertex 147.572 105.237 4
    endloop
  endfacet
  facet normal 0 0 1
    outer loop
      vertex 145.319 129.808 4
      vertex 147.572 105.237 4
      vertex 145.41 129.701 4
    endloop
  endfacet
  facet normal 0 0 1
    outer loop
      vertex 147.572 105.237 4
      vertex 145.319 129.808 4
      vertex 147.408 104.842 4
    endloop
  endfacet
  facet normal 0 0 1
    outer loop
      vertex 145.245 129.929 4
      vertex 147.408 104.842 4
      vertex 145.319 129.808 4
    endloop
  endfacet
  facet normal 0 0 1
    outer loop
      vertex 147.408 104.842 4
      vertex 145.245 129.929 4
      vertex 147.309 104.426 4
    endloop
  endfacet
  facet normal 0 0 1
    outer loop
      vertex 145.191 130.059 4
      vertex 147.309 104.426 4
      vertex 145.245 129.929 4
    endloop
  endfacet
  facet normal 0 0 1
    outer loop
      vertex 139.55 82.0018 4
      vertex 147.309 104.426 4
      vertex 145.191 130.059 4
    endloop
  endfacet
  facet normal 0 0 1
    outer loop
      vertex 139.55 82.0018 4
      vertex 145.191 130.059 4
      vertex 145.158 130.196 4
    endloop
  endfacet
  facet normal 0 0 1
    outer loop
      vertex 147.309 104.426 4
      vertex 139.55 82.0018 4
      vertex 147.275 104 4
    endloop
  endfacet
  facet normal 0 0 1
    outer loop
      vertex 139.55 82.0018 4
      vertex 155.369 96 4
      vertex 149.158 101.408 4
    endloop
  endfacet
  facet normal 0 0 1
    outer loop
      vertex 139.55 82.0018 4
      vertex 148.398 101.795 4
      vertex 148.073 102.073 4
    endloop
  endfacet
  facet normal 0 0 1
    outer loop
      vertex 139.55 82.0018 4
      vertex 148.073 102.073 4
      vertex 147.795 102.398 4
    endloop
  endfacet
  facet normal 0 0 1
    outer loop
      vertex 139.55 82.0018 4
      vertex 147.795 102.398 4
      vertex 147.572 102.763 4
    endloop
  endfacet
  facet normal 0 0 1
    outer loop
      vertex 139.55 82.0018 4
      vertex 147.572 102.763 4
      vertex 147.408 103.158 4
    endloop
  endfacet
  facet normal 0 0 1
    outer loop
      vertex 139.55 82.0018 4
      vertex 147.408 103.158 4
      vertex 147.309 103.574 4
    endloop
  endfacet
  facet normal 0 0 1
    outer loop
      vertex 139.55 82.0018 4
      vertex 147.309 103.574 4
      vertex 147.275 104 4
    endloop
  endfacet
  facet normal 0 0 1
    outer loop
      vertex 139.823 126 4
      vertex 145.158 130.196 4
      vertex 145.147 130.337 4
    endloop
  endfacet
  facet normal 0 0 1
    outer loop
      vertex 203.111 78.6282 4
      vertex 199.55 82.0018 4
      vertex 199.561 81.861 4
    endloop
  endfacet
  facet normal 0 -0 1
    outer loop
      vertex 199.19 82.5891 4
      vertex 207.572 102.763 4
      vertex 195.252 96 4
    endloop
  endfacet
  facet normal 0 0 1
    outer loop
      vertex 203.111 78.6282 4
      vertex 199.517 82.1391 4
      vertex 199.55 82.0018 4
    endloop
  endfacet
  facet normal 0 0 1
    outer loop
      vertex 203.111 78.6282 4
      vertex 199.463 82.2696 4
      vertex 199.517 82.1391 4
    endloop
  endfacet
  facet normal 0 0 1
    outer loop
      vertex 207.572 102.763 4
      vertex 199.389 82.39 4
      vertex 203.111 78.6282 4
    endloop
  endfacet
  facet normal 0 0 1
    outer loop
      vertex 203.111 78.6282 4
      vertex 199.389 82.39 4
      vertex 199.463 82.2696 4
    endloop
  endfacet
  facet normal 0 0 1
    outer loop
      vertex 207.572 102.763 4
      vertex 199.297 82.4974 4
      vertex 199.389 82.39 4
    endloop
  endfacet
  facet normal 0 0 1
    outer loop
      vertex 207.572 102.763 4
      vertex 199.19 82.5891 4
      vertex 199.297 82.4974 4
    endloop
  endfacet
  facet normal 0 0 1
    outer loop
      vertex 199.19 82.5891 4
      vertex 195.252 96 4
      vertex 199.07 82.6629 4
    endloop
  endfacet
  facet normal 0 0 1
    outer loop
      vertex 199.07 82.6629 4
      vertex 195.252 96 4
      vertex 198.939 82.717 4
    endloop
  endfacet
  facet normal 0 0 1
    outer loop
      vertex 198.939 82.717 4
      vertex 195.252 96 4
      vertex 198.802 82.7499 4
    endloop
  endfacet
  facet normal 0 0 1
    outer loop
      vertex 198.802 82.7499 4
      vertex 195.252 96 4
      vertex 198.661 82.761 4
    endloop
  endfacet
  facet normal 0 0 1
    outer loop
      vertex 198.661 82.761 4
      vertex 195.252 96 4
      vertex 198.52 82.7499 4
    endloop
  endfacet
  facet normal 0 0 1
    outer loop
      vertex 198.52 82.7499 4
      vertex 195.252 96 4
      vertex 198.383 82.717 4
    endloop
  endfacet
  facet normal -0 0 1
    outer loop
      vertex 193.229 82.7214 4
      vertex 198.383 82.717 4
      vertex 195.252 96 4
    endloop
  endfacet
  facet normal 0 0 1
    outer loop
      vertex 198.383 82.717 4
      vertex 193.229 82.7214 4
      vertex 198.253 82.6629 4
    endloop
  endfacet
  facet normal 0 0 1
    outer loop
      vertex 198.253 82.6629 4
      vertex 193.229 82.7214 4
      vertex 198.132 82.5891 4
    endloop
  endfacet
  facet normal 0 0 1
    outer loop
      vertex 198.132 82.5891 4
      vertex 193.229 82.7214 4
      vertex 198.025 82.4974 4
    endloop
  endfacet
  facet normal 0 0 1
    outer loop
      vertex 198.025 82.4974 4
      vertex 193.229 82.7214 4
      vertex 197.933 82.39 4
    endloop
  endfacet
  facet normal 0 0 1
    outer loop
      vertex 197.933 82.39 4
      vertex 193.229 82.7214 4
      vertex 197.859 82.2696 4
    endloop
  endfacet
  facet normal 0 0 1
    outer loop
      vertex 197.859 82.2696 4
      vertex 194.772 77.9719 4
      vertex 197.805 82.1391 4
    endloop
  endfacet
  facet normal 0 0 1
    outer loop
      vertex 184.95 130.95 4
      vertex 203.9 136.9 4
      vertex 203.9 141 4
    endloop
  endfacet
  facet normal 0 0 1
    outer loop
      vertex 197.69 112 4
      vertex 203.9 136.9 4
      vertex 199.823 126 4
    endloop
  endfacet
  facet normal 0 0 1
    outer loop
      vertex 207.408 103.158 4
      vertex 195.252 96 4
      vertex 207.572 102.763 4
    endloop
  endfacet
  facet normal -0 0 1
    outer loop
      vertex 199.55 81.7202 4
      vertex 203.111 78.6282 4
      vertex 199.561 81.861 4
    endloop
  endfacet
  facet normal -0 0 1
    outer loop
      vertex 199.517 81.5829 4
      vertex 203.111 78.6282 4
      vertex 199.55 81.7202 4
    endloop
  endfacet
  facet normal -0 0 1
    outer loop
      vertex 199.463 81.4524 4
      vertex 203.111 78.6282 4
      vertex 199.517 81.5829 4
    endloop
  endfacet
  facet normal 0 -0 1
    outer loop
      vertex 186.237 129.178 4
      vertex 203.9 136.9 4
      vertex 185.663 130.114 4
    endloop
  endfacet
  facet normal 0 0 1
    outer loop
      vertex 199.823 126 4
      vertex 186.914 127.095 4
      vertex 187 126 4
    endloop
  endfacet
  facet normal 0 0 1
    outer loop
      vertex 199.823 126 4
      vertex 186.657 128.163 4
      vertex 186.914 127.095 4
    endloop
  endfacet
  facet normal 0 0 1
    outer loop
      vertex 199.823 126 4
      vertex 186.237 129.178 4
      vertex 186.657 128.163 4
    endloop
  endfacet
  facet normal 0 0 1
    outer loop
      vertex 203.9 136.9 4
      vertex 186.237 129.178 4
      vertex 199.823 126 4
    endloop
  endfacet
  facet normal 0 0 1
    outer loop
      vertex 203.9 136.9 4
      vertex 184.95 130.95 4
      vertex 185.663 130.114 4
    endloop
  endfacet
  facet normal 0 0 1
    outer loop
      vertex 203.9 141 4
      vertex 184.114 131.663 4
      vertex 184.95 130.95 4
    endloop
  endfacet
  facet normal -0 0 1
    outer loop
      vertex 178.1 141 4
      vertex 184.114 131.663 4
      vertex 203.9 141 4
    endloop
  endfacet
  facet normal 0 0 1
    outer loop
      vertex 184.114 131.663 4
      vertex 178.1 141 4
      vertex 183.178 132.237 4
    endloop
  endfacet
  facet normal 0 0 1
    outer loop
      vertex 183.178 132.237 4
      vertex 178.1 141 4
      vertex 182.163 132.657 4
    endloop
  endfacet
  facet normal -0 0 1
    outer loop
      vertex 178.1 136.9 4
      vertex 182.163 132.657 4
      vertex 178.1 141 4
    endloop
  endfacet
  facet normal 0 0 1
    outer loop
      vertex 182.163 132.657 4
      vertex 178.1 136.9 4
      vertex 181.095 132.914 4
    endloop
  endfacet
  facet normal 0 0 1
    outer loop
      vertex 181.095 132.914 4
      vertex 178.1 136.9 4
      vertex 180 133 4
    endloop
  endfacet
  facet normal 0 0 1
    outer loop
      vertex 180 133 4
      vertex 178.1 136.9 4
      vertex 178.905 132.914 4
    endloop
  endfacet
  facet normal 0 0 1
    outer loop
      vertex 178.1 136.9 4
      vertex 177.837 132.657 4
      vertex 178.905 132.914 4
    endloop
  endfacet
  facet normal 0 0 1
    outer loop
      vertex 178.1 136.9 4
      vertex 176.822 132.237 4
      vertex 177.837 132.657 4
    endloop
  endfacet
  facet normal 0 0 1
    outer loop
      vertex 178.1 136.9 4
      vertex 175.885 131.663 4
      vertex 176.822 132.237 4
    endloop
  endfacet
  facet normal -0 0 1
    outer loop
      vertex 169.9 136.9 4
      vertex 175.885 131.663 4
      vertex 178.1 136.9 4
    endloop
  endfacet
  facet normal 0 0 1
    outer loop
      vertex 175.885 131.663 4
      vertex 169.9 136.9 4
      vertex 175.05 130.95 4
    endloop
  endfacet
  facet normal 0 0 1
    outer loop
      vertex 175.05 130.95 4
      vertex 169.9 136.9 4
      vertex 174.337 130.114 4
    endloop
  endfacet
  facet normal 0 0 1
    outer loop
      vertex 174.337 130.114 4
      vertex 169.9 136.9 4
      vertex 173.763 129.178 4
    endloop
  endfacet
  facet normal 0 0 1
    outer loop
      vertex 169.9 136.9 4
      vertex 173.343 128.163 4
      vertex 173.763 129.178 4
    endloop
  endfacet
  facet normal 0 0 1
    outer loop
      vertex 169.9 136.9 4
      vertex 173.086 127.095 4
      vertex 173.343 128.163 4
    endloop
  endfacet
  facet normal 0 0 1
    outer loop
      vertex 153.018 126 4
      vertex 173.086 127.095 4
      vertex 169.9 136.9 4
    endloop
  endfacet
  facet normal 0 0 1
    outer loop
      vertex 173.086 127.095 4
      vertex 153.018 126 4
      vertex 173 126 4
    endloop
  endfacet
  facet normal -0 0 1
    outer loop
      vertex 199.389 81.332 4
      vertex 203.111 78.6282 4
      vertex 199.463 81.4524 4
    endloop
  endfacet
  facet normal 0 0 1
    outer loop
      vertex 203.111 78.6282 4
      vertex 199.389 81.332 4
      vertex 202.55 77.9719 4
    endloop
  endfacet
  facet normal -0 0 1
    outer loop
      vertex 199.297 81.2246 4
      vertex 202.55 77.9719 4
      vertex 199.389 81.332 4
    endloop
  endfacet
  facet normal 0 0 1
    outer loop
      vertex 202.55 77.9719 4
      vertex 199.297 81.2246 4
      vertex 201.894 77.4114 4
    endloop
  endfacet
  facet normal -0 0 1
    outer loop
      vertex 199.19 81.1329 4
      vertex 201.894 77.4114 4
      vertex 199.297 81.2246 4
    endloop
  endfacet
  facet normal 0 0 1
    outer loop
      vertex 201.894 77.4114 4
      vertex 199.19 81.1329 4
      vertex 201.158 76.9605 4
    endloop
  endfacet
  facet normal -0 0 1
    outer loop
      vertex 199.07 81.0591 4
      vertex 201.158 76.9605 4
      vertex 199.19 81.1329 4
    endloop
  endfacet
  facet normal 0 0 1
    outer loop
      vertex 201.158 76.9605 4
      vertex 199.07 81.0591 4
      vertex 200.361 76.6302 4
    endloop
  endfacet
  facet normal -0 0 1
    outer loop
      vertex 198.939 81.0051 4
      vertex 200.361 76.6302 4
      vertex 199.07 81.0591 4
    endloop
  endfacet
  facet normal 0 0 1
    outer loop
      vertex 200.361 76.6302 4
      vertex 198.939 81.0051 4
      vertex 199.521 76.4287 4
    endloop
  endfacet
  facet normal -0 0 1
    outer loop
      vertex 198.802 80.9721 4
      vertex 199.521 76.4287 4
      vertex 198.939 81.0051 4
    endloop
  endfacet
  facet normal -0 0 1
    outer loop
      vertex 198.661 80.961 4
      vertex 199.521 76.4287 4
      vertex 198.802 80.9721 4
    endloop
  endfacet
  facet normal 0 0 1
    outer loop
      vertex 198.661 80.961 4
      vertex 198.661 76.361 4
      vertex 199.521 76.4287 4
    endloop
  endfacet
  facet normal 0 0 1
    outer loop
      vertex 198.52 80.9721 4
      vertex 198.661 76.361 4
      vertex 198.661 80.961 4
    endloop
  endfacet
  facet normal 0 0 1
    outer loop
      vertex 197.801 76.4287 4
      vertex 198.52 80.9721 4
      vertex 198.383 81.0051 4
    endloop
  endfacet
  facet normal 0 0 1
    outer loop
      vertex 196.962 76.6302 4
      vertex 198.383 81.0051 4
      vertex 198.253 81.0591 4
    endloop
  endfacet
  facet normal 0 0 1
    outer loop
      vertex 196.164 76.9605 4
      vertex 198.253 81.0591 4
      vertex 198.132 81.1329 4
    endloop
  endfacet
  facet normal 0 0 1
    outer loop
      vertex 195.428 77.4114 4
      vertex 198.132 81.1329 4
      vertex 198.025 81.2246 4
    endloop
  endfacet
  facet normal 0 0 1
    outer loop
      vertex 194.772 77.9719 4
      vertex 198.025 81.2246 4
      vertex 197.933 81.332 4
    endloop
  endfacet
  facet normal 0 0 1
    outer loop
      vertex 194.772 77.9719 4
      vertex 197.933 81.332 4
      vertex 197.859 81.4524 4
    endloop
  endfacet
  facet normal 0 0 1
    outer loop
      vertex 194.772 77.9719 4
      vertex 197.859 81.4524 4
      vertex 197.805 81.5829 4
    endloop
  endfacet
  facet normal 0 0 1
    outer loop
      vertex 198.52 80.9721 4
      vertex 197.801 76.4287 4
      vertex 198.661 76.361 4
    endloop
  endfacet
  facet normal 0 0 1
    outer loop
      vertex 194.772 77.9719 4
      vertex 197.805 81.5829 4
      vertex 197.772 81.7202 4
    endloop
  endfacet
  facet normal 0 0 1
    outer loop
      vertex 194.772 77.9719 4
      vertex 197.772 81.7202 4
      vertex 197.761 81.861 4
    endloop
  endfacet
  facet normal 0 0 1
    outer loop
      vertex 198.383 81.0051 4
      vertex 196.962 76.6302 4
      vertex 197.801 76.4287 4
    endloop
  endfacet
  facet normal 0 0 1
    outer loop
      vertex 194.772 77.9719 4
      vertex 197.772 82.0018 4
      vertex 197.805 82.1391 4
    endloop
  endfacet
  facet normal 0 0 1
    outer loop
      vertex 194.772 77.9719 4
      vertex 197.761 81.861 4
      vertex 197.772 82.0018 4
    endloop
  endfacet
  facet normal 0 0 1
    outer loop
      vertex 198.132 81.1329 4
      vertex 195.428 77.4114 4
      vertex 196.164 76.9605 4
    endloop
  endfacet
  facet normal 0 0 1
    outer loop
      vertex 198.253 81.0591 4
      vertex 196.164 76.9605 4
      vertex 196.962 76.6302 4
    endloop
  endfacet
  facet normal 0 0 1
    outer loop
      vertex 197.69 112 4
      vertex 180.9 104 4
      vertex 195.252 96 4
    endloop
  endfacet
  facet normal 0 0 1
    outer loop
      vertex 197.69 112 4
      vertex 180.889 104.141 4
      vertex 180.9 104 4
    endloop
  endfacet
  facet normal 0 0 1
    outer loop
      vertex 197.69 112 4
      vertex 180.856 104.278 4
      vertex 180.889 104.141 4
    endloop
  endfacet
  facet normal 0 0 1
    outer loop
      vertex 197.69 112 4
      vertex 180.802 104.409 4
      vertex 180.856 104.278 4
    endloop
  endfacet
  facet normal 0 0 1
    outer loop
      vertex 197.69 112 4
      vertex 180.728 104.529 4
      vertex 180.802 104.409 4
    endloop
  endfacet
  facet normal 0 0 1
    outer loop
      vertex 197.69 112 4
      vertex 180.636 104.636 4
      vertex 180.728 104.529 4
    endloop
  endfacet
  facet normal 0 0 1
    outer loop
      vertex 197.69 112 4
      vertex 180.529 104.728 4
      vertex 180.636 104.636 4
    endloop
  endfacet
  facet normal 0 0 1
    outer loop
      vertex 197.69 112 4
      vertex 180.409 104.802 4
      vertex 180.529 104.728 4
    endloop
  endfacet
  facet normal 0 0 1
    outer loop
      vertex 197.69 112 4
      vertex 180.278 104.856 4
      vertex 180.409 104.802 4
    endloop
  endfacet
  facet normal 0 0 1
    outer loop
      vertex 197.69 112 4
      vertex 180.141 104.889 4
      vertex 180.278 104.856 4
    endloop
  endfacet
  facet normal 0 0 1
    outer loop
      vertex 197.69 112 4
      vertex 180 104.9 4
      vertex 180.141 104.889 4
    endloop
  endfacet
  facet normal 0 0 1
    outer loop
      vertex 197.69 112 4
      vertex 179.859 104.889 4
      vertex 180 104.9 4
    endloop
  endfacet
  facet normal -0 0 1
    outer loop
      vertex 157.055 112 4
      vertex 179.859 104.889 4
      vertex 197.69 112 4
    endloop
  endfacet
  facet normal 0 0 1
    outer loop
      vertex 179.111 104.141 4
      vertex 157.055 112 4
      vertex 179.1 104 4
    endloop
  endfacet
  facet normal 0 0 1
    outer loop
      vertex 179.144 104.278 4
      vertex 157.055 112 4
      vertex 179.111 104.141 4
    endloop
  endfacet
  facet normal 0 0 1
    outer loop
      vertex 179.198 104.409 4
      vertex 157.055 112 4
      vertex 179.144 104.278 4
    endloop
  endfacet
  facet normal 0 0 1
    outer loop
      vertex 179.272 104.529 4
      vertex 157.055 112 4
      vertex 179.198 104.409 4
    endloop
  endfacet
  facet normal 0 0 1
    outer loop
      vertex 179.364 104.636 4
      vertex 157.055 112 4
      vertex 179.272 104.529 4
    endloop
  endfacet
  facet normal 0 0 1
    outer loop
      vertex 179.471 104.728 4
      vertex 157.055 112 4
      vertex 179.364 104.636 4
    endloop
  endfacet
  facet normal 0 0 1
    outer loop
      vertex 179.591 104.802 4
      vertex 157.055 112 4
      vertex 179.471 104.728 4
    endloop
  endfacet
  facet normal 0 0 1
    outer loop
      vertex 179.722 104.856 4
      vertex 157.055 112 4
      vertex 179.591 104.802 4
    endloop
  endfacet
  facet normal 0 0 1
    outer loop
      vertex 179.859 104.889 4
      vertex 157.055 112 4
      vertex 179.722 104.856 4
    endloop
  endfacet
  facet normal -0 0 1
    outer loop
      vertex 212.1 136.9 4
      vertex 224 126 4
      vertex 224 141 4
    endloop
  endfacet
  facet normal 0 0 1
    outer loop
      vertex 220.865 105.721 4
      vertex 212.691 104.426 4
      vertex 212.725 104 4
    endloop
  endfacet
  facet normal 0 0 1
    outer loop
      vertex 220.462 107.399 4
      vertex 212.592 104.842 4
      vertex 212.691 104.426 4
    endloop
  endfacet
  facet normal 0 0 1
    outer loop
      vertex 220.462 107.399 4
      vertex 212.428 105.237 4
      vertex 212.592 104.842 4
    endloop
  endfacet
  facet normal 0 0 1
    outer loop
      vertex 220.462 107.399 4
      vertex 212.205 105.602 4
      vertex 212.428 105.237 4
    endloop
  endfacet
  facet normal 0 0 1
    outer loop
      vertex 212.1 136.9 4
      vertex 224 141 4
      vertex 212.1 141 4
    endloop
  endfacet
  facet normal 0 0 1
    outer loop
      vertex 224 126 4
      vertex 212.1 136.9 4
      vertex 213.528 126 4
    endloop
  endfacet
  facet normal -0 0 1
    outer loop
      vertex 206.936 130.478 4
      vertex 213.528 126 4
      vertex 212.1 136.9 4
    endloop
  endfacet
  facet normal 0 0 1
    outer loop
      vertex 220.462 107.399 4
      vertex 211.927 105.927 4
      vertex 212.205 105.602 4
    endloop
  endfacet
  facet normal -0 0 1
    outer loop
      vertex 206.775 129.808 4
      vertex 213.528 126 4
      vertex 206.849 129.929 4
    endloop
  endfacet
  facet normal 0 0 1
    outer loop
      vertex 220.462 107.399 4
      vertex 211.602 106.205 4
      vertex 211.927 105.927 4
    endloop
  endfacet
  facet normal -0 0 1
    outer loop
      vertex 206.683 129.701 4
      vertex 213.528 126 4
      vertex 206.775 129.808 4
    endloop
  endfacet
  facet normal 0 0 1
    outer loop
      vertex 220.462 107.399 4
      vertex 211.237 106.428 4
      vertex 211.602 106.205 4
    endloop
  endfacet
  facet normal -0 0 1
    outer loop
      vertex 206.576 129.609 4
      vertex 213.528 126 4
      vertex 206.683 129.701 4
    endloop
  endfacet
  facet normal 0 0 1
    outer loop
      vertex 213.528 126 4
      vertex 210.842 106.592 4
      vertex 211.237 106.428 4
    endloop
  endfacet
  facet normal -0 0 1
    outer loop
      vertex 206.455 129.535 4
      vertex 213.528 126 4
      vertex 206.576 129.609 4
    endloop
  endfacet
  facet normal 0 0 1
    outer loop
      vertex 213.528 126 4
      vertex 210.426 106.691 4
      vertex 210.842 106.592 4
    endloop
  endfacet
  facet normal -0 0 1
    outer loop
      vertex 206.325 129.481 4
      vertex 213.528 126 4
      vertex 206.455 129.535 4
    endloop
  endfacet
  facet normal 0 0 1
    outer loop
      vertex 213.528 126 4
      vertex 210 106.725 4
      vertex 210.426 106.691 4
    endloop
  endfacet
  facet normal -0 0 1
    outer loop
      vertex 206.188 129.448 4
      vertex 213.528 126 4
      vertex 206.325 129.481 4
    endloop
  endfacet
  facet normal 0 0 1
    outer loop
      vertex 213.528 126 4
      vertex 209.574 106.691 4
      vertex 210 106.725 4
    endloop
  endfacet
  facet normal -0 0 1
    outer loop
      vertex 206.047 129.437 4
      vertex 213.528 126 4
      vertex 206.188 129.448 4
    endloop
  endfacet
  facet normal 0 0 1
    outer loop
      vertex 197.69 112 4
      vertex 213.528 126 4
      vertex 206.047 129.437 4
    endloop
  endfacet
  facet normal 0 0 1
    outer loop
      vertex 213.528 126 4
      vertex 206.936 130.196 4
      vertex 206.903 130.059 4
    endloop
  endfacet
  facet normal 0 0 1
    outer loop
      vertex 213.528 126 4
      vertex 206.947 130.337 4
      vertex 206.936 130.196 4
    endloop
  endfacet
  facet normal 0 0 1
    outer loop
      vertex 213.528 126 4
      vertex 206.936 130.478 4
      vertex 206.947 130.337 4
    endloop
  endfacet
  facet normal 0 0 1
    outer loop
      vertex 212.1 136.9 4
      vertex 206.903 130.615 4
      vertex 206.936 130.478 4
    endloop
  endfacet
  facet normal 0 0 1
    outer loop
      vertex 212.1 136.9 4
      vertex 206.849 130.746 4
      vertex 206.903 130.615 4
    endloop
  endfacet
  facet normal 0 0 1
    outer loop
      vertex 212.1 136.9 4
      vertex 206.775 130.866 4
      vertex 206.849 130.746 4
    endloop
  endfacet
  facet normal 0 0 1
    outer loop
      vertex 212.1 136.9 4
      vertex 206.683 130.974 4
      vertex 206.775 130.866 4
    endloop
  endfacet
  facet normal 0 0 1
    outer loop
      vertex 212.1 136.9 4
      vertex 206.576 131.065 4
      vertex 206.683 130.974 4
    endloop
  endfacet
  facet normal 0 0 1
    outer loop
      vertex 212.1 136.9 4
      vertex 206.455 131.139 4
      vertex 206.576 131.065 4
    endloop
  endfacet
  facet normal 0 0 1
    outer loop
      vertex 212.1 136.9 4
      vertex 206.325 131.193 4
      vertex 206.455 131.139 4
    endloop
  endfacet
  facet normal -0 0 1
    outer loop
      vertex 203.9 136.9 4
      vertex 206.325 131.193 4
      vertex 212.1 136.9 4
    endloop
  endfacet
  facet normal 0 0 1
    outer loop
      vertex 206.325 131.193 4
      vertex 203.9 136.9 4
      vertex 206.188 131.226 4
    endloop
  endfacet
  facet normal 0 0 1
    outer loop
      vertex 206.188 131.226 4
      vertex 203.9 136.9 4
      vertex 206.047 131.237 4
    endloop
  endfacet
  facet normal 0 0 1
    outer loop
      vertex 206.047 131.237 4
      vertex 203.9 136.9 4
      vertex 205.906 131.226 4
    endloop
  endfacet
  facet normal 0 0 1
    outer loop
      vertex 205.906 131.226 4
      vertex 203.9 136.9 4
      vertex 205.769 131.193 4
    endloop
  endfacet
  facet normal 0 0 1
    outer loop
      vertex 205.769 131.193 4
      vertex 203.9 136.9 4
      vertex 205.638 131.139 4
    endloop
  endfacet
  facet normal 0 0 1
    outer loop
      vertex 205.638 131.139 4
      vertex 203.9 136.9 4
      vertex 205.518 131.065 4
    endloop
  endfacet
  facet normal 0 0 1
    outer loop
      vertex 205.158 130.478 4
      vertex 203.9 136.9 4
      vertex 205.147 130.337 4
    endloop
  endfacet
  facet normal 0 0 1
    outer loop
      vertex 205.191 130.615 4
      vertex 203.9 136.9 4
      vertex 205.158 130.478 4
    endloop
  endfacet
  facet normal 0 0 1
    outer loop
      vertex 205.245 130.746 4
      vertex 203.9 136.9 4
      vertex 205.191 130.615 4
    endloop
  endfacet
  facet normal 0 0 1
    outer loop
      vertex 205.319 130.866 4
      vertex 203.9 136.9 4
      vertex 205.245 130.746 4
    endloop
  endfacet
  facet normal 0 0 1
    outer loop
      vertex 205.41 130.974 4
      vertex 203.9 136.9 4
      vertex 205.319 130.866 4
    endloop
  endfacet
  facet normal 0 0 1
    outer loop
      vertex 205.518 131.065 4
      vertex 203.9 136.9 4
      vertex 205.41 130.974 4
    endloop
  endfacet
  facet normal 0 0 1
    outer loop
      vertex 212.725 104 4
      vertex 221 104 4
      vertex 220.865 105.721 4
    endloop
  endfacet
  facet normal 0 0 1
    outer loop
      vertex 212.691 104.426 4
      vertex 220.865 105.721 4
      vertex 220.462 107.399 4
    endloop
  endfacet
  facet normal 0 0 1
    outer loop
      vertex 221 104 4
      vertex 212.725 104 4
      vertex 220.865 102.279 4
    endloop
  endfacet
  facet normal -0 0 1
    outer loop
      vertex 212.691 103.574 4
      vertex 220.865 102.279 4
      vertex 212.725 104 4
    endloop
  endfacet
  facet normal -0 0 1
    outer loop
      vertex 212.592 103.158 4
      vertex 220.462 100.601 4
      vertex 212.691 103.574 4
    endloop
  endfacet
  facet normal 0 0 1
    outer loop
      vertex 211.237 106.428 4
      vertex 220.462 107.399 4
      vertex 213.528 126 4
    endloop
  endfacet
  facet normal 0 0 1
    outer loop
      vertex 220.865 102.279 4
      vertex 212.691 103.574 4
      vertex 220.462 100.601 4
    endloop
  endfacet
  facet normal 0 0 1
    outer loop
      vertex 220.462 100.601 4
      vertex 212.592 103.158 4
      vertex 219.801 99.0061 4
    endloop
  endfacet
  facet normal -0 0 1
    outer loop
      vertex 212.428 102.763 4
      vertex 219.801 99.0061 4
      vertex 212.592 103.158 4
    endloop
  endfacet
  facet normal 0 0 1
    outer loop
      vertex 219.801 99.0061 4
      vertex 212.428 102.763 4
      vertex 218.899 97.5344 4
    endloop
  endfacet
  facet normal -0 0 1
    outer loop
      vertex 212.205 102.398 4
      vertex 218.899 97.5344 4
      vertex 212.428 102.763 4
    endloop
  endfacet
  facet normal -0 0 1
    outer loop
      vertex 211.927 102.073 4
      vertex 218.899 97.5344 4
      vertex 212.205 102.398 4
    endloop
  endfacet
  facet normal -0 0 1
    outer loop
      vertex 211.602 101.795 4
      vertex 218.899 97.5344 4
      vertex 211.927 102.073 4
    endloop
  endfacet
  facet normal -0 0 1
    outer loop
      vertex 211.237 101.572 4
      vertex 218.899 97.5344 4
      vertex 211.602 101.795 4
    endloop
  endfacet
  facet normal -0 0 1
    outer loop
      vertex 210.842 101.408 4
      vertex 218.899 97.5344 4
      vertex 211.237 101.572 4
    endloop
  endfacet
  facet normal -0 0 1
    outer loop
      vertex 210.426 101.309 4
      vertex 218.899 97.5344 4
      vertex 210.842 101.408 4
    endloop
  endfacet
  facet normal -0 0 1
    outer loop
      vertex 210 101.275 4
      vertex 218.899 97.5344 4
      vertex 210.426 101.309 4
    endloop
  endfacet
  facet normal 0 0 1
    outer loop
      vertex 203.111 78.6282 4
      vertex 210 101.275 4
      vertex 209.574 101.309 4
    endloop
  endfacet
  facet normal 0 0 1
    outer loop
      vertex 203.111 78.6282 4
      vertex 209.574 101.309 4
      vertex 209.158 101.408 4
    endloop
  endfacet
  facet normal 0 0 1
    outer loop
      vertex 213.528 126 4
      vertex 206.903 130.059 4
      vertex 206.849 129.929 4
    endloop
  endfacet
  facet normal -0 0 1
    outer loop
      vertex 197.69 112 4
      vertex 209.574 106.691 4
      vertex 213.528 126 4
    endloop
  endfacet
  facet normal 0 0 1
    outer loop
      vertex 197.69 112 4
      vertex 206.047 129.437 4
      vertex 205.906 129.448 4
    endloop
  endfacet
  facet normal 0 0 1
    outer loop
      vertex 209.574 106.691 4
      vertex 197.69 112 4
      vertex 209.158 106.592 4
    endloop
  endfacet
  facet normal 0 0 1
    outer loop
      vertex 197.69 112 4
      vertex 205.906 129.448 4
      vertex 205.769 129.481 4
    endloop
  endfacet
  facet normal 0 0 1
    outer loop
      vertex 209.158 106.592 4
      vertex 197.69 112 4
      vertex 208.763 106.428 4
    endloop
  endfacet
  facet normal 0 0 1
    outer loop
      vertex 197.69 112 4
      vertex 205.769 129.481 4
      vertex 205.638 129.535 4
    endloop
  endfacet
  facet normal 0 0 1
    outer loop
      vertex 208.763 106.428 4
      vertex 197.69 112 4
      vertex 208.398 106.205 4
    endloop
  endfacet
  facet normal 0 0 1
    outer loop
      vertex 197.69 112 4
      vertex 205.638 129.535 4
      vertex 205.518 129.609 4
    endloop
  endfacet
  facet normal 0 0 1
    outer loop
      vertex 208.398 106.205 4
      vertex 197.69 112 4
      vertex 208.073 105.927 4
    endloop
  endfacet
  facet normal 0 0 1
    outer loop
      vertex 197.69 112 4
      vertex 205.518 129.609 4
      vertex 205.41 129.701 4
    endloop
  endfacet
  facet normal 0 0 1
    outer loop
      vertex 208.073 105.927 4
      vertex 197.69 112 4
      vertex 207.795 105.602 4
    endloop
  endfacet
  facet normal 0 0 1
    outer loop
      vertex 197.69 112 4
      vertex 205.41 129.701 4
      vertex 205.319 129.808 4
    endloop
  endfacet
  facet normal 0 0 1
    outer loop
      vertex 207.795 105.602 4
      vertex 197.69 112 4
      vertex 207.572 105.237 4
    endloop
  endfacet
  facet normal 0 0 1
    outer loop
      vertex 197.69 112 4
      vertex 205.319 129.808 4
      vertex 205.245 129.929 4
    endloop
  endfacet
  facet normal 0 0 1
    outer loop
      vertex 207.572 105.237 4
      vertex 197.69 112 4
      vertex 207.408 104.842 4
    endloop
  endfacet
  facet normal 0 0 1
    outer loop
      vertex 197.69 112 4
      vertex 205.245 129.929 4
      vertex 205.191 130.059 4
    endloop
  endfacet
  facet normal 0 0 1
    outer loop
      vertex 207.408 104.842 4
      vertex 197.69 112 4
      vertex 207.309 104.426 4
    endloop
  endfacet
  facet normal 0 0 1
    outer loop
      vertex 197.69 112 4
      vertex 205.191 130.059 4
      vertex 205.158 130.196 4
    endloop
  endfacet
  facet normal 0 0 1
    outer loop
      vertex 207.309 104.426 4
      vertex 197.69 112 4
      vertex 207.275 104 4
    endloop
  endfacet
  facet normal 0 0 1
    outer loop
      vertex 197.69 112 4
      vertex 205.147 130.337 4
      vertex 203.9 136.9 4
    endloop
  endfacet
  facet normal 0 0 1
    outer loop
      vertex 205.147 130.337 4
      vertex 197.69 112 4
      vertex 205.158 130.196 4
    endloop
  endfacet
  facet normal 0 0 1
    outer loop
      vertex 210 101.275 4
      vertex 203.111 78.6282 4
      vertex 218.899 97.5344 4
    endloop
  endfacet
  facet normal 0 0 1
    outer loop
      vertex 208.763 101.572 4
      vertex 203.111 78.6282 4
      vertex 209.158 101.408 4
    endloop
  endfacet
  facet normal 0 0 1
    outer loop
      vertex 208.398 101.795 4
      vertex 203.111 78.6282 4
      vertex 208.763 101.572 4
    endloop
  endfacet
  facet normal 0 0 1
    outer loop
      vertex 208.073 102.073 4
      vertex 203.111 78.6282 4
      vertex 208.398 101.795 4
    endloop
  endfacet
  facet normal 0 0 1
    outer loop
      vertex 207.795 102.398 4
      vertex 203.111 78.6282 4
      vertex 208.073 102.073 4
    endloop
  endfacet
  facet normal 0 0 1
    outer loop
      vertex 207.572 102.763 4
      vertex 203.111 78.6282 4
      vertex 207.795 102.398 4
    endloop
  endfacet
  facet normal 0 0 1
    outer loop
      vertex 207.309 103.574 4
      vertex 195.252 96 4
      vertex 207.408 103.158 4
    endloop
  endfacet
  facet normal 0 0 1
    outer loop
      vertex 207.275 104 4
      vertex 195.252 96 4
      vertex 207.309 103.574 4
    endloop
  endfacet
  facet normal 0 0 1
    outer loop
      vertex 195.252 96 4
      vertex 207.275 104 4
      vertex 197.69 112 4
    endloop
  endfacet
  facet normal 0.233263 -0.972414 0
    outer loop
      vertex 199.521 76.4287 0
      vertex 200.361 76.6302 4
      vertex 199.521 76.4287 4
    endloop
  endfacet
  facet normal 0.233263 -0.972414 0
    outer loop
      vertex 200.361 76.6302 4
      vertex 199.521 76.4287 0
      vertex 200.361 76.6302 0
    endloop
  endfacet
  facet normal 0.382853 -0.923809 0
    outer loop
      vertex 200.361 76.6302 0
      vertex 201.158 76.9605 4
      vertex 200.361 76.6302 4
    endloop
  endfacet
  facet normal 0.382853 -0.923809 0
    outer loop
      vertex 201.158 76.9605 4
      vertex 200.361 76.6302 0
      vertex 201.158 76.9605 0
    endloop
  endfacet
  facet normal 0.522396 -0.852703 0
    outer loop
      vertex 201.158 76.9605 0
      vertex 201.894 77.4114 4
      vertex 201.158 76.9605 4
    endloop
  endfacet
  facet normal 0.522396 -0.852703 0
    outer loop
      vertex 201.894 77.4114 4
      vertex 201.158 76.9605 0
      vertex 201.894 77.4114 0
    endloop
  endfacet
  facet normal 0.649598 -0.760278 0
    outer loop
      vertex 201.894 77.4114 0
      vertex 202.55 77.9719 4
      vertex 201.894 77.4114 4
    endloop
  endfacet
  facet normal 0.649598 -0.760278 0
    outer loop
      vertex 202.55 77.9719 4
      vertex 201.894 77.4114 0
      vertex 202.55 77.9719 0
    endloop
  endfacet
  facet normal 0.760139 -0.649761 0
    outer loop
      vertex 202.55 77.9719 4
      vertex 203.111 78.6282 0
      vertex 203.111 78.6282 4
    endloop
  endfacet
  facet normal 0.760139 -0.649761 0
    outer loop
      vertex 203.111 78.6282 0
      vertex 202.55 77.9719 4
      vertex 202.55 77.9719 0
    endloop
  endfacet
  facet normal 0.767565 -0.640971 0
    outer loop
      vertex 203.111 78.6282 4
      vertex 218.899 97.5344 0
      vertex 218.899 97.5344 4
    endloop
  endfacet
  facet normal 0.767565 -0.640971 0
    outer loop
      vertex 218.899 97.5344 0
      vertex 203.111 78.6282 4
      vertex 203.111 78.6282 0
    endloop
  endfacet
  facet normal 0.852604 -0.522558 0
    outer loop
      vertex 218.899 97.5344 4
      vertex 219.801 99.0061 0
      vertex 219.801 99.0061 4
    endloop
  endfacet
  facet normal 0.852604 -0.522558 0
    outer loop
      vertex 219.801 99.0061 0
      vertex 218.899 97.5344 4
      vertex 218.899 97.5344 0
    endloop
  endfacet
  facet normal 0.923804 -0.382867 0
    outer loop
      vertex 219.801 99.0061 4
      vertex 220.462 100.601 0
      vertex 220.462 100.601 4
    endloop
  endfacet
  facet normal 0.923804 -0.382867 0
    outer loop
      vertex 220.462 100.601 0
      vertex 219.801 99.0061 4
      vertex 219.801 99.0061 0
    endloop
  endfacet
  facet normal 0.97235 -0.233526 0
    outer loop
      vertex 220.462 100.601 4
      vertex 220.865 102.279 0
      vertex 220.865 102.279 4
    endloop
  endfacet
  facet normal 0.97235 -0.233526 0
    outer loop
      vertex 220.865 102.279 0
      vertex 220.462 100.601 4
      vertex 220.462 100.601 0
    endloop
  endfacet
  facet normal 0.996937 -0.0782025 0
    outer loop
      vertex 220.865 102.279 4
      vertex 221 104 0
      vertex 221 104 4
    endloop
  endfacet
  facet normal 0.996937 -0.0782025 0
    outer loop
      vertex 221 104 0
      vertex 220.865 102.279 4
      vertex 220.865 102.279 0
    endloop
  endfacet
  facet normal 0.996937 0.0782025 0
    outer loop
      vertex 221 104 4
      vertex 220.865 105.721 0
      vertex 220.865 105.721 4
    endloop
  endfacet
  facet normal 0.996937 0.0782025 0
    outer loop
      vertex 220.865 105.721 0
      vertex 221 104 4
      vertex 221 104 0
    endloop
  endfacet
  facet normal 0.97235 0.233526 0
    outer loop
      vertex 220.865 105.721 4
      vertex 220.462 107.399 0
      vertex 220.462 107.399 4
    endloop
  endfacet
  facet normal 0.97235 0.233526 0
    outer loop
      vertex 220.462 107.399 0
      vertex 220.865 105.721 4
      vertex 220.865 105.721 0
    endloop
  endfacet
  facet normal 0.937013 0.349295 0
    outer loop
      vertex 220.462 107.399 4
      vertex 213.528 126 0
      vertex 213.528 126 4
    endloop
  endfacet
  facet normal 0.937013 0.349295 0
    outer loop
      vertex 213.528 126 0
      vertex 220.462 107.399 4
      vertex 220.462 107.399 0
    endloop
  endfacet
  facet normal 0 -1 0
    outer loop
      vertex 213.528 126 0
      vertex 224 126 4
      vertex 213.528 126 4
    endloop
  endfacet
  facet normal 0 -1 -0
    outer loop
      vertex 224 126 4
      vertex 213.528 126 0
      vertex 224 126 0
    endloop
  endfacet
  facet normal 1 -0 0
    outer loop
      vertex 224 126 4
      vertex 224 141 0
      vertex 224 141 4
    endloop
  endfacet
  facet normal 1 0 0
    outer loop
      vertex 224 141 0
      vertex 224 126 4
      vertex 224 126 0
    endloop
  endfacet
  facet normal 0 1 -0
    outer loop
      vertex 224 141 0
      vertex 212.1 141 4
      vertex 224 141 4
    endloop
  endfacet
  facet normal 0 1 0
    outer loop
      vertex 212.1 141 4
      vertex 224 141 0
      vertex 212.1 141 0
    endloop
  endfacet
  facet normal -1 0 0
    outer loop
      vertex 212.1 136.9 0
      vertex 212.1 141 4
      vertex 212.1 141 0
    endloop
  endfacet
  facet normal -1 -0 0
    outer loop
      vertex 212.1 141 4
      vertex 212.1 136.9 0
      vertex 212.1 136.9 4
    endloop
  endfacet
  facet normal 0 1 -0
    outer loop
      vertex 212.1 136.9 0
      vertex 203.9 136.9 4
      vertex 212.1 136.9 4
    endloop
  endfacet
  facet normal 0 1 0
    outer loop
      vertex 203.9 136.9 4
      vertex 212.1 136.9 0
      vertex 203.9 136.9 0
    endloop
  endfacet
  facet normal 1 -0 0
    outer loop
      vertex 203.9 136.9 4
      vertex 203.9 141 0
      vertex 203.9 141 4
    endloop
  endfacet
  facet normal 1 0 0
    outer loop
      vertex 203.9 141 0
      vertex 203.9 136.9 4
      vertex 203.9 136.9 0
    endloop
  endfacet
  facet normal 0 1 -0
    outer loop
      vertex 203.9 141 0
      vertex 178.1 141 4
      vertex 203.9 141 4
    endloop
  endfacet
  facet normal 0 1 0
    outer loop
      vertex 178.1 141 4
      vertex 203.9 141 0
      vertex 178.1 141 0
    endloop
  endfacet
  facet normal -1 0 0
    outer loop
      vertex 178.1 136.9 0
      vertex 178.1 141 4
      vertex 178.1 141 0
    endloop
  endfacet
  facet normal -1 -0 0
    outer loop
      vertex 178.1 141 4
      vertex 178.1 136.9 0
      vertex 178.1 136.9 4
    endloop
  endfacet
  facet normal 0 1 -0
    outer loop
      vertex 178.1 136.9 0
      vertex 169.9 136.9 4
      vertex 178.1 136.9 4
    endloop
  endfacet
  facet normal 0 1 0
    outer loop
      vertex 169.9 136.9 4
      vertex 178.1 136.9 0
      vertex 169.9 136.9 0
    endloop
  endfacet
  facet normal 1 -0 0
    outer loop
      vertex 169.9 136.9 4
      vertex 169.9 141 0
      vertex 169.9 141 4
    endloop
  endfacet
  facet normal 1 0 0
    outer loop
      vertex 169.9 141 0
      vertex 169.9 136.9 4
      vertex 169.9 136.9 0
    endloop
  endfacet
  facet normal 0 1 -0
    outer loop
      vertex 169.9 141 0
      vertex 118.1 141 4
      vertex 169.9 141 4
    endloop
  endfacet
  facet normal 0 1 0
    outer loop
      vertex 118.1 141 4
      vertex 169.9 141 0
      vertex 118.1 141 0
    endloop
  endfacet
  facet normal -1 0 0
    outer loop
      vertex 118.1 136.9 0
      vertex 118.1 141 4
      vertex 118.1 141 0
    endloop
  endfacet
  facet normal -1 -0 0
    outer loop
      vertex 118.1 141 4
      vertex 118.1 136.9 0
      vertex 118.1 136.9 4
    endloop
  endfacet
  facet normal 0 1 -0
    outer loop
      vertex 118.1 136.9 0
      vertex 109.9 136.9 4
      vertex 118.1 136.9 4
    endloop
  endfacet
  facet normal 0 1 0
    outer loop
      vertex 109.9 136.9 4
      vertex 118.1 136.9 0
      vertex 109.9 136.9 0
    endloop
  endfacet
  facet normal 1 -0 0
    outer loop
      vertex 109.9 136.9 4
      vertex 109.9 141 0
      vertex 109.9 141 4
    endloop
  endfacet
  facet normal 1 0 0
    outer loop
      vertex 109.9 141 0
      vertex 109.9 136.9 4
      vertex 109.9 136.9 0
    endloop
  endfacet
  facet normal 0 1 -0
    outer loop
      vertex 109.9 141 0
      vertex 56.1 141 4
      vertex 109.9 141 4
    endloop
  endfacet
  facet normal 0 1 0
    outer loop
      vertex 56.1 141 4
      vertex 109.9 141 0
      vertex 56.1 141 0
    endloop
  endfacet
  facet normal -1 0 0
    outer loop
      vertex 56.1 136.9 0
      vertex 56.1 141 4
      vertex 56.1 141 0
    endloop
  endfacet
  facet normal -1 -0 0
    outer loop
      vertex 56.1 141 4
      vertex 56.1 136.9 0
      vertex 56.1 136.9 4
    endloop
  endfacet
  facet normal 0 1 -0
    outer loop
      vertex 56.1 136.9 0
      vertex 47.9 136.9 4
      vertex 56.1 136.9 4
    endloop
  endfacet
  facet normal 0 1 0
    outer loop
      vertex 47.9 136.9 4
      vertex 56.1 136.9 0
      vertex 47.9 136.9 0
    endloop
  endfacet
  facet normal 1 -0 0
    outer loop
      vertex 47.9 136.9 4
      vertex 47.9 141 0
      vertex 47.9 141 4
    endloop
  endfacet
  facet normal 1 0 0
    outer loop
      vertex 47.9 141 0
      vertex 47.9 136.9 4
      vertex 47.9 136.9 0
    endloop
  endfacet
  facet normal 0 1 -0
    outer loop
      vertex 47.9 141 0
      vertex 26.1 141 4
      vertex 47.9 141 4
    endloop
  endfacet
  facet normal 0 1 0
    outer loop
      vertex 26.1 141 4
      vertex 47.9 141 0
      vertex 26.1 141 0
    endloop
  endfacet
  facet normal -1 0 0
    outer loop
      vertex 26.1 136.9 0
      vertex 26.1 141 4
      vertex 26.1 141 0
    endloop
  endfacet
  facet normal -1 -0 0
    outer loop
      vertex 26.1 141 4
      vertex 26.1 136.9 0
      vertex 26.1 136.9 4
    endloop
  endfacet
  facet normal 0 1 -0
    outer loop
      vertex 26.1 136.9 0
      vertex 17.9 136.9 4
      vertex 26.1 136.9 4
    endloop
  endfacet
  facet normal 0 1 0
    outer loop
      vertex 17.9 136.9 4
      vertex 26.1 136.9 0
      vertex 17.9 136.9 0
    endloop
  endfacet
  facet normal 1 -0 0
    outer loop
      vertex 17.9 136.9 4
      vertex 17.9 141 0
      vertex 17.9 141 4
    endloop
  endfacet
  facet normal 1 0 0
    outer loop
      vertex 17.9 141 0
      vertex 17.9 136.9 4
      vertex 17.9 136.9 0
    endloop
  endfacet
  facet normal 0 1 -0
    outer loop
      vertex 17.9 141 0
      vertex 6 141 4
      vertex 17.9 141 4
    endloop
  endfacet
  facet normal 0 1 0
    outer loop
      vertex 6 141 4
      vertex 17.9 141 0
      vertex 6 141 0
    endloop
  endfacet
  facet normal -1 0 0
    outer loop
      vertex 6 126 0
      vertex 6 141 4
      vertex 6 141 0
    endloop
  endfacet
  facet normal -1 -0 0
    outer loop
      vertex 6 141 4
      vertex 6 126 0
      vertex 6 126 4
    endloop
  endfacet
  facet normal 0 -1 0
    outer loop
      vertex 6 126 0
      vertex 15.0083 126 4
      vertex 6 126 4
    endloop
  endfacet
  facet normal 0 -1 -0
    outer loop
      vertex 15.0083 126 4
      vertex 6 126 0
      vertex 15.0083 126 0
    endloop
  endfacet
  facet normal -0.648652 -0.761085 0
    outer loop
      vertex 15.0083 126 0
      vertex 15.0611 125.955 4
      vertex 15.0083 126 4
    endloop
  endfacet
  facet normal -0.648652 -0.761085 -0
    outer loop
      vertex 15.0611 125.955 4
      vertex 15.0083 126 0
      vertex 15.0611 125.955 0
    endloop
  endfacet
  facet normal -0.522532 -0.85262 0
    outer loop
      vertex 15.0611 125.955 0
      vertex 15.7301 125.545 4
      vertex 15.0611 125.955 4
    endloop
  endfacet
  facet normal -0.522532 -0.85262 -0
    outer loop
      vertex 15.7301 125.545 4
      vertex 15.0611 125.955 0
      vertex 15.7301 125.545 0
    endloop
  endfacet
  facet normal -0.418366 -0.908278 0
    outer loop
      vertex 15.7301 125.545 0
      vertex 46.0179 111.594 4
      vertex 15.7301 125.545 4
    endloop
  endfacet
  facet normal -0.418366 -0.908278 -0
    outer loop
      vertex 46.0179 111.594 4
      vertex 15.7301 125.545 0
      vertex 46.0179 111.594 0
    endloop
  endfacet
  facet normal 0.852389 -0.522908 0
    outer loop
      vertex 46.0179 111.594 4
      vertex 46.3369 112.114 0
      vertex 46.3369 112.114 4
    endloop
  endfacet
  facet normal 0.852389 -0.522908 0
    outer loop
      vertex 46.3369 112.114 0
      vertex 46.0179 111.594 4
      vertex 46.0179 111.594 0
    endloop
  endfacet
  facet normal 0.760681 -0.649126 0
    outer loop
      vertex 46.3369 112.114 4
      vertex 47.0503 112.95 0
      vertex 47.0503 112.95 4
    endloop
  endfacet
  facet normal 0.760681 -0.649126 0
    outer loop
      vertex 47.0503 112.95 0
      vertex 46.3369 112.114 4
      vertex 46.3369 112.114 0
    endloop
  endfacet
  facet normal 0.649275 -0.760554 0
    outer loop
      vertex 47.0503 112.95 0
      vertex 47.8855 113.663 4
      vertex 47.0503 112.95 4
    endloop
  endfacet
  facet normal 0.649275 -0.760554 0
    outer loop
      vertex 47.8855 113.663 4
      vertex 47.0503 112.95 0
      vertex 47.8855 113.663 0
    endloop
  endfacet
  facet normal 0.522532 -0.85262 0
    outer loop
      vertex 47.8855 113.663 0
      vertex 48.8221 114.237 4
      vertex 47.8855 113.663 4
    endloop
  endfacet
  facet normal 0.522532 -0.85262 0
    outer loop
      vertex 48.8221 114.237 4
      vertex 47.8855 113.663 0
      vertex 48.8221 114.237 0
    endloop
  endfacet
  facet normal 0.382416 -0.92399 0
    outer loop
      vertex 48.8221 114.237 0
      vertex 49.8369 114.657 4
      vertex 48.8221 114.237 4
    endloop
  endfacet
  facet normal 0.382416 -0.92399 0
    outer loop
      vertex 49.8369 114.657 4
      vertex 48.8221 114.237 0
      vertex 49.8369 114.657 0
    endloop
  endfacet
  facet normal 0.233938 -0.972252 0
    outer loop
      vertex 49.8369 114.657 0
      vertex 50.905 114.914 4
      vertex 49.8369 114.657 4
    endloop
  endfacet
  facet normal 0.233938 -0.972252 0
    outer loop
      vertex 50.905 114.914 4
      vertex 49.8369 114.657 0
      vertex 50.905 114.914 0
    endloop
  endfacet
  facet normal 0.0782977 -0.99693 0
    outer loop
      vertex 50.905 114.914 0
      vertex 52 115 4
      vertex 50.905 114.914 4
    endloop
  endfacet
  facet normal 0.0782977 -0.99693 0
    outer loop
      vertex 52 115 4
      vertex 50.905 114.914 0
      vertex 52 115 0
    endloop
  endfacet
  facet normal -0.0782977 -0.99693 0
    outer loop
      vertex 52 115 0
      vertex 53.095 114.914 4
      vertex 52 115 4
    endloop
  endfacet
  facet normal -0.0782977 -0.99693 -0
    outer loop
      vertex 53.095 114.914 4
      vertex 52 115 0
      vertex 53.095 114.914 0
    endloop
  endfacet
  facet normal -0.233938 -0.972252 0
    outer loop
      vertex 53.095 114.914 0
      vertex 54.1631 114.657 4
      vertex 53.095 114.914 4
    endloop
  endfacet
  facet normal -0.233938 -0.972252 -0
    outer loop
      vertex 54.1631 114.657 4
      vertex 53.095 114.914 0
      vertex 54.1631 114.657 0
    endloop
  endfacet
  facet normal -0.382416 -0.92399 0
    outer loop
      vertex 54.1631 114.657 0
      vertex 55.1779 114.237 4
      vertex 54.1631 114.657 4
    endloop
  endfacet
  facet normal -0.382416 -0.92399 -0
    outer loop
      vertex 55.1779 114.237 4
      vertex 54.1631 114.657 0
      vertex 55.1779 114.237 0
    endloop
  endfacet
  facet normal -0.522532 -0.85262 0
    outer loop
      vertex 55.1779 114.237 0
      vertex 56.1145 113.663 4
      vertex 55.1779 114.237 4
    endloop
  endfacet
  facet normal -0.522532 -0.85262 -0
    outer loop
      vertex 56.1145 113.663 4
      vertex 55.1779 114.237 0
      vertex 56.1145 113.663 0
    endloop
  endfacet
  facet normal -0.64923 -0.760592 0
    outer loop
      vertex 56.1145 113.663 0
      vertex 56.9498 112.95 4
      vertex 56.1145 113.663 4
    endloop
  endfacet
  facet normal -0.64923 -0.760592 -0
    outer loop
      vertex 56.9498 112.95 4
      vertex 56.1145 113.663 0
      vertex 56.9498 112.95 0
    endloop
  endfacet
  facet normal -0.760726 -0.649074 0
    outer loop
      vertex 57.6631 112.114 0
      vertex 56.9498 112.95 4
      vertex 56.9498 112.95 0
    endloop
  endfacet
  facet normal -0.760726 -0.649074 0
    outer loop
      vertex 56.9498 112.95 4
      vertex 57.6631 112.114 0
      vertex 57.6631 112.114 4
    endloop
  endfacet
  facet normal -0.85247 -0.522776 0
    outer loop
      vertex 58.2371 111.178 0
      vertex 57.6631 112.114 4
      vertex 57.6631 112.114 0
    endloop
  endfacet
  facet normal -0.85247 -0.522776 0
    outer loop
      vertex 57.6631 112.114 4
      vertex 58.2371 111.178 0
      vertex 58.2371 111.178 4
    endloop
  endfacet
  facet normal -0.92392 -0.382585 0
    outer loop
      vertex 58.6574 110.163 0
      vertex 58.2371 111.178 4
      vertex 58.2371 111.178 0
    endloop
  endfacet
  facet normal -0.92392 -0.382585 0
    outer loop
      vertex 58.2371 111.178 4
      vertex 58.6574 110.163 0
      vertex 58.6574 110.163 4
    endloop
  endfacet
  facet normal -0.972371 -0.233442 0
    outer loop
      vertex 58.9138 109.095 0
      vertex 58.6574 110.163 4
      vertex 58.6574 110.163 0
    endloop
  endfacet
  facet normal -0.972371 -0.233442 0
    outer loop
      vertex 58.6574 110.163 4
      vertex 58.9138 109.095 0
      vertex 58.9138 109.095 4
    endloop
  endfacet
  facet normal -0.996916 -0.0784787 0
    outer loop
      vertex 59 108 0
      vertex 58.9138 109.095 4
      vertex 58.9138 109.095 0
    endloop
  endfacet
  facet normal -0.996916 -0.0784787 0
    outer loop
      vertex 58.9138 109.095 4
      vertex 59 108 0
      vertex 59 108 4
    endloop
  endfacet
  facet normal -0.996916 0.0784787 0
    outer loop
      vertex 58.9138 106.905 0
      vertex 59 108 4
      vertex 59 108 0
    endloop
  endfacet
  facet normal -0.996916 0.0784787 0
    outer loop
      vertex 59 108 4
      vertex 58.9138 106.905 0
      vertex 58.9138 106.905 4
    endloop
  endfacet
  facet normal -0.972371 0.233442 0
    outer loop
      vertex 58.6574 105.837 0
      vertex 58.9138 106.905 4
      vertex 58.9138 106.905 0
    endloop
  endfacet
  facet normal -0.972371 0.233442 0
    outer loop
      vertex 58.9138 106.905 4
      vertex 58.6574 105.837 0
      vertex 58.6574 105.837 4
    endloop
  endfacet
  facet normal -0.925547 0.378633 0
    outer loop
      vertex 58.6349 105.782 0
      vertex 58.6574 105.837 4
      vertex 58.6574 105.837 0
    endloop
  endfacet
  facet normal -0.925547 0.378633 0
    outer loop
      vertex 58.6574 105.837 4
      vertex 58.6349 105.782 0
      vertex 58.6349 105.782 4
    endloop
  endfacet
  facet normal -0.418349 -0.908287 0
    outer loop
      vertex 58.6349 105.782 0
      vertex 75.5549 97.9888 4
      vertex 58.6349 105.782 4
    endloop
  endfacet
  facet normal -0.418349 -0.908287 -0
    outer loop
      vertex 75.5549 97.9888 4
      vertex 58.6349 105.782 0
      vertex 75.5549 97.9888 0
    endloop
  endfacet
  facet normal -0.988592 0.150619 0
    outer loop
      vertex 73.2288 82.7214 0
      vertex 75.5549 97.9888 4
      vertex 75.5549 97.9888 0
    endloop
  endfacet
  facet normal -0.988592 0.150619 0
    outer loop
      vertex 75.5549 97.9888 4
      vertex 73.2288 82.7214 0
      vertex 73.2288 82.7214 4
    endloop
  endfacet
  facet normal -0.996919 0.0784419 0
    outer loop
      vertex 73.1611 81.861 0
      vertex 73.2288 82.7214 4
      vertex 73.2288 82.7214 0
    endloop
  endfacet
  facet normal -0.996919 0.0784419 0
    outer loop
      vertex 73.2288 82.7214 4
      vertex 73.1611 81.861 0
      vertex 73.1611 81.861 4
    endloop
  endfacet
  facet normal -0.996919 -0.0784419 0
    outer loop
      vertex 73.2288 81.0006 0
      vertex 73.1611 81.861 4
      vertex 73.1611 81.861 0
    endloop
  endfacet
  facet normal -0.996919 -0.0784419 0
    outer loop
      vertex 73.1611 81.861 4
      vertex 73.2288 81.0006 0
      vertex 73.2288 81.0006 4
    endloop
  endfacet
  facet normal -0.972363 -0.233474 0
    outer loop
      vertex 73.4303 80.1614 0
      vertex 73.2288 81.0006 4
      vertex 73.2288 81.0006 0
    endloop
  endfacet
  facet normal -0.972363 -0.233474 0
    outer loop
      vertex 73.2288 81.0006 4
      vertex 73.4303 80.1614 0
      vertex 73.4303 80.1614 4
    endloop
  endfacet
  facet normal -0.92386 -0.38273 0
    outer loop
      vertex 73.7606 79.3641 0
      vertex 73.4303 80.1614 4
      vertex 73.4303 80.1614 0
    endloop
  endfacet
  facet normal -0.92386 -0.38273 0
    outer loop
      vertex 73.4303 80.1614 4
      vertex 73.7606 79.3641 0
      vertex 73.7606 79.3641 4
    endloop
  endfacet
  facet normal -0.852671 -0.522448 0
    outer loop
      vertex 74.2115 78.6282 0
      vertex 73.7606 79.3641 4
      vertex 73.7606 79.3641 0
    endloop
  endfacet
  facet normal -0.852671 -0.522448 0
    outer loop
      vertex 73.7606 79.3641 4
      vertex 74.2115 78.6282 0
      vertex 74.2115 78.6282 4
    endloop
  endfacet
  facet normal -0.760425 -0.649426 0
    outer loop
      vertex 74.772 77.9719 0
      vertex 74.2115 78.6282 4
      vertex 74.2115 78.6282 0
    endloop
  endfacet
  facet normal -0.760425 -0.649426 0
    outer loop
      vertex 74.2115 78.6282 4
      vertex 74.772 77.9719 0
      vertex 74.772 77.9719 4
    endloop
  endfacet
  facet normal -0.649426 -0.760425 0
    outer loop
      vertex 74.772 77.9719 0
      vertex 75.4283 77.4114 4
      vertex 74.772 77.9719 4
    endloop
  endfacet
  facet normal -0.649426 -0.760425 -0
    outer loop
      vertex 75.4283 77.4114 4
      vertex 74.772 77.9719 0
      vertex 75.4283 77.4114 0
    endloop
  endfacet
  facet normal -0.522448 -0.852671 0
    outer loop
      vertex 75.4283 77.4114 0
      vertex 76.1642 76.9605 4
      vertex 75.4283 77.4114 4
    endloop
  endfacet
  facet normal -0.522448 -0.852671 -0
    outer loop
      vertex 76.1642 76.9605 4
      vertex 75.4283 77.4114 0
      vertex 76.1642 76.9605 0
    endloop
  endfacet
  facet normal -0.38273 -0.92386 0
    outer loop
      vertex 76.1642 76.9605 0
      vertex 76.9615 76.6302 4
      vertex 76.1642 76.9605 4
    endloop
  endfacet
  facet normal -0.38273 -0.92386 -0
    outer loop
      vertex 76.9615 76.6302 4
      vertex 76.1642 76.9605 0
      vertex 76.9615 76.6302 0
    endloop
  endfacet
  facet normal -0.233474 -0.972363 0
    outer loop
      vertex 76.9615 76.6302 0
      vertex 77.8007 76.4287 4
      vertex 76.9615 76.6302 4
    endloop
  endfacet
  facet normal -0.233474 -0.972363 -0
    outer loop
      vertex 77.8007 76.4287 4
      vertex 76.9615 76.6302 0
      vertex 77.8007 76.4287 0
    endloop
  endfacet
  facet normal -0.0784419 -0.996919 0
    outer loop
      vertex 77.8007 76.4287 0
      vertex 78.6611 76.361 4
      vertex 77.8007 76.4287 4
    endloop
  endfacet
  facet normal -0.0784419 -0.996919 -0
    outer loop
      vertex 78.6611 76.361 4
      vertex 77.8007 76.4287 0
      vertex 78.6611 76.361 0
    endloop
  endfacet
  facet normal 0.0784419 -0.996919 0
    outer loop
      vertex 78.6611 76.361 0
      vertex 79.5215 76.4287 4
      vertex 78.6611 76.361 4
    endloop
  endfacet
  facet normal 0.0784419 -0.996919 0
    outer loop
      vertex 79.5215 76.4287 4
      vertex 78.6611 76.361 0
      vertex 79.5215 76.4287 0
    endloop
  endfacet
  facet normal 0.233474 -0.972363 0
    outer loop
      vertex 79.5215 76.4287 0
      vertex 80.3607 76.6302 4
      vertex 79.5215 76.4287 4
    endloop
  endfacet
  facet normal 0.233474 -0.972363 0
    outer loop
      vertex 80.3607 76.6302 4
      vertex 79.5215 76.4287 0
      vertex 80.3607 76.6302 0
    endloop
  endfacet
  facet normal 0.382689 -0.923877 0
    outer loop
      vertex 80.3607 76.6302 0
      vertex 81.1581 76.9605 4
      vertex 80.3607 76.6302 4
    endloop
  endfacet
  facet normal 0.382689 -0.923877 0
    outer loop
      vertex 81.1581 76.9605 4
      vertex 80.3607 76.6302 0
      vertex 81.1581 76.9605 0
    endloop
  endfacet
  facet normal 0.5225 -0.85264 0
    outer loop
      vertex 81.1581 76.9605 0
      vertex 81.8939 77.4114 4
      vertex 81.1581 76.9605 4
    endloop
  endfacet
  facet normal 0.5225 -0.85264 0
    outer loop
      vertex 81.8939 77.4114 4
      vertex 81.1581 76.9605 0
      vertex 81.8939 77.4114 0
    endloop
  endfacet
  facet normal 0.649426 -0.760425 0
    outer loop
      vertex 81.8939 77.4114 0
      vertex 82.5502 77.9719 4
      vertex 81.8939 77.4114 4
    endloop
  endfacet
  facet normal 0.649426 -0.760425 0
    outer loop
      vertex 82.5502 77.9719 4
      vertex 81.8939 77.4114 0
      vertex 82.5502 77.9719 0
    endloop
  endfacet
  facet normal 0.760425 -0.649426 0
    outer loop
      vertex 82.5502 77.9719 4
      vertex 83.1107 78.6282 0
      vertex 83.1107 78.6282 4
    endloop
  endfacet
  facet normal 0.760425 -0.649426 0
    outer loop
      vertex 83.1107 78.6282 0
      vertex 82.5502 77.9719 4
      vertex 82.5502 77.9719 0
    endloop
  endfacet
  facet normal 0.767554 -0.640985 0
    outer loop
      vertex 83.1107 78.6282 4
      vertex 97.6179 96 0
      vertex 97.6179 96 4
    endloop
  endfacet
  facet normal 0.767554 -0.640985 0
    outer loop
      vertex 97.6179 96 0
      vertex 83.1107 78.6282 4
      vertex 83.1107 78.6282 0
    endloop
  endfacet
  facet normal 0 -1 0
    outer loop
      vertex 97.6179 96 0
      vertex 135.252 96 4
      vertex 97.6179 96 4
    endloop
  endfacet
  facet normal 0 -1 -0
    outer loop
      vertex 135.252 96 4
      vertex 97.6179 96 0
      vertex 135.252 96 0
    endloop
  endfacet
  facet normal -0.988593 0.150613 0
    outer loop
      vertex 133.229 82.7214 0
      vertex 135.252 96 4
      vertex 135.252 96 0
    endloop
  endfacet
  facet normal -0.988593 0.150613 0
    outer loop
      vertex 135.252 96 4
      vertex 133.229 82.7214 0
      vertex 133.229 82.7214 4
    endloop
  endfacet
  facet normal -0.996891 0.0787873 0
    outer loop
      vertex 133.161 81.861 0
      vertex 133.229 82.7214 4
      vertex 133.229 82.7214 0
    endloop
  endfacet
  facet normal -0.996891 0.0787873 0
    outer loop
      vertex 133.229 82.7214 4
      vertex 133.161 81.861 0
      vertex 133.161 81.861 4
    endloop
  endfacet
  facet normal -0.996891 -0.0787873 0
    outer loop
      vertex 133.229 81.0006 0
      vertex 133.161 81.861 4
      vertex 133.161 81.861 0
    endloop
  endfacet
  facet normal -0.996891 -0.0787873 0
    outer loop
      vertex 133.161 81.861 4
      vertex 133.229 81.0006 0
      vertex 133.229 81.0006 4
    endloop
  endfacet
  facet normal -0.972494 -0.232926 0
    outer loop
      vertex 133.43 80.1614 0
      vertex 133.229 81.0006 4
      vertex 133.229 81.0006 0
    endloop
  endfacet
  facet normal -0.972494 -0.232926 0
    outer loop
      vertex 133.229 81.0006 4
      vertex 133.43 80.1614 0
      vertex 133.43 80.1614 4
    endloop
  endfacet
  facet normal -0.923573 -0.383422 0
    outer loop
      vertex 133.761 79.3641 0
      vertex 133.43 80.1614 4
      vertex 133.43 80.1614 0
    endloop
  endfacet
  facet normal -0.923573 -0.383422 0
    outer loop
      vertex 133.43 80.1614 4
      vertex 133.761 79.3641 0
      vertex 133.761 79.3641 4
    endloop
  endfacet
  facet normal -0.85262 -0.522532 0
    outer loop
      vertex 134.212 78.6282 0
      vertex 133.761 79.3641 4
      vertex 133.761 79.3641 0
    endloop
  endfacet
  facet normal -0.85262 -0.522532 0
    outer loop
      vertex 133.761 79.3641 4
      vertex 134.212 78.6282 0
      vertex 134.212 78.6282 4
    endloop
  endfacet
  facet normal -0.760711 -0.649091 0
    outer loop
      vertex 134.772 77.9719 0
      vertex 134.212 78.6282 4
      vertex 134.212 78.6282 0
    endloop
  endfacet
  facet normal -0.760711 -0.649091 0
    outer loop
      vertex 134.212 78.6282 4
      vertex 134.772 77.9719 0
      vertex 134.772 77.9719 4
    endloop
  endfacet
  facet normal -0.649598 -0.760278 0
    outer loop
      vertex 134.772 77.9719 0
      vertex 135.428 77.4114 4
      vertex 134.772 77.9719 4
    endloop
  endfacet
  facet normal -0.649598 -0.760278 -0
    outer loop
      vertex 135.428 77.4114 4
      vertex 134.772 77.9719 0
      vertex 135.428 77.4114 0
    endloop
  endfacet
  facet normal -0.522396 -0.852703 0
    outer loop
      vertex 135.428 77.4114 0
      vertex 136.164 76.9605 4
      vertex 135.428 77.4114 4
    endloop
  endfacet
  facet normal -0.522396 -0.852703 -0
    outer loop
      vertex 136.164 76.9605 4
      vertex 135.428 77.4114 0
      vertex 136.164 76.9605 0
    endloop
  endfacet
  facet normal -0.382444 -0.923979 0
    outer loop
      vertex 136.164 76.9605 0
      vertex 136.962 76.6302 4
      vertex 136.164 76.9605 4
    endloop
  endfacet
  facet normal -0.382444 -0.923979 -0
    outer loop
      vertex 136.962 76.6302 4
      vertex 136.164 76.9605 0
      vertex 136.962 76.6302 0
    endloop
  endfacet
  facet normal -0.233526 -0.97235 0
    outer loop
      vertex 136.962 76.6302 0
      vertex 137.801 76.4287 4
      vertex 136.962 76.6302 4
    endloop
  endfacet
  facet normal -0.233526 -0.97235 -0
    outer loop
      vertex 137.801 76.4287 4
      vertex 136.962 76.6302 0
      vertex 137.801 76.4287 0
    endloop
  endfacet
  facet normal -0.0784781 -0.996916 0
    outer loop
      vertex 137.801 76.4287 0
      vertex 138.661 76.361 4
      vertex 137.801 76.4287 4
    endloop
  endfacet
  facet normal -0.0784781 -0.996916 -0
    outer loop
      vertex 138.661 76.361 4
      vertex 137.801 76.4287 0
      vertex 138.661 76.361 0
    endloop
  endfacet
  facet normal 0.0784781 -0.996916 0
    outer loop
      vertex 138.661 76.361 0
      vertex 139.521 76.4287 4
      vertex 138.661 76.361 4
    endloop
  endfacet
  facet normal 0.0784781 -0.996916 0
    outer loop
      vertex 139.521 76.4287 4
      vertex 138.661 76.361 0
      vertex 139.521 76.4287 0
    endloop
  endfacet
  facet normal 0.233263 -0.972414 0
    outer loop
      vertex 139.521 76.4287 0
      vertex 140.361 76.6302 4
      vertex 139.521 76.4287 4
    endloop
  endfacet
  facet normal 0.233263 -0.972414 0
    outer loop
      vertex 140.361 76.6302 4
      vertex 139.521 76.4287 0
      vertex 140.361 76.6302 0
    endloop
  endfacet
  facet normal 0.382853 -0.923809 0
    outer loop
      vertex 140.361 76.6302 0
      vertex 141.158 76.9605 4
      vertex 140.361 76.6302 4
    endloop
  endfacet
  facet normal 0.382853 -0.923809 0
    outer loop
      vertex 141.158 76.9605 4
      vertex 140.361 76.6302 0
      vertex 141.158 76.9605 0
    endloop
  endfacet
  facet normal 0.522396 -0.852703 0
    outer loop
      vertex 141.158 76.9605 0
      vertex 141.894 77.4114 4
      vertex 141.158 76.9605 4
    endloop
  endfacet
  facet normal 0.522396 -0.852703 0
    outer loop
      vertex 141.894 77.4114 4
      vertex 141.158 76.9605 0
      vertex 141.894 77.4114 0
    endloop
  endfacet
  facet normal 0.649598 -0.760278 0
    outer loop
      vertex 141.894 77.4114 0
      vertex 142.55 77.9719 4
      vertex 141.894 77.4114 4
    endloop
  endfacet
  facet normal 0.649598 -0.760278 0
    outer loop
      vertex 142.55 77.9719 4
      vertex 141.894 77.4114 0
      vertex 142.55 77.9719 0
    endloop
  endfacet
  facet normal 0.760139 -0.649761 0
    outer loop
      vertex 142.55 77.9719 4
      vertex 143.111 78.6282 0
      vertex 143.111 78.6282 4
    endloop
  endfacet
  facet normal 0.760139 -0.649761 0
    outer loop
      vertex 143.111 78.6282 0
      vertex 142.55 77.9719 4
      vertex 142.55 77.9719 0
    endloop
  endfacet
  facet normal 0.817066 -0.576544 0
    outer loop
      vertex 143.111 78.6282 4
      vertex 155.369 96 0
      vertex 155.369 96 4
    endloop
  endfacet
  facet normal 0.817066 -0.576544 0
    outer loop
      vertex 155.369 96 0
      vertex 143.111 78.6282 4
      vertex 143.111 78.6282 0
    endloop
  endfacet
  facet normal 0 -1 0
    outer loop
      vertex 155.369 96 0
      vertex 195.252 96 4
      vertex 155.369 96 4
    endloop
  endfacet
  facet normal 0 -1 -0
    outer loop
      vertex 195.252 96 4
      vertex 155.369 96 0
      vertex 195.252 96 0
    endloop
  endfacet
  facet normal -0.988593 0.150613 0
    outer loop
      vertex 193.229 82.7214 0
      vertex 195.252 96 4
      vertex 195.252 96 0
    endloop
  endfacet
  facet normal -0.988593 0.150613 0
    outer loop
      vertex 195.252 96 4
      vertex 193.229 82.7214 0
      vertex 193.229 82.7214 4
    endloop
  endfacet
  facet normal -0.996891 0.0787873 0
    outer loop
      vertex 193.161 81.861 0
      vertex 193.229 82.7214 4
      vertex 193.229 82.7214 0
    endloop
  endfacet
  facet normal -0.996891 0.0787873 0
    outer loop
      vertex 193.229 82.7214 4
      vertex 193.161 81.861 0
      vertex 193.161 81.861 4
    endloop
  endfacet
  facet normal -0.996891 -0.0787873 0
    outer loop
      vertex 193.229 81.0006 0
      vertex 193.161 81.861 4
      vertex 193.161 81.861 0
    endloop
  endfacet
  facet normal -0.996891 -0.0787873 0
    outer loop
      vertex 193.161 81.861 4
      vertex 193.229 81.0006 0
      vertex 193.229 81.0006 4
    endloop
  endfacet
  facet normal -0.972494 -0.232926 0
    outer loop
      vertex 193.43 80.1614 0
      vertex 193.229 81.0006 4
      vertex 193.229 81.0006 0
    endloop
  endfacet
  facet normal -0.972494 -0.232926 0
    outer loop
      vertex 193.229 81.0006 4
      vertex 193.43 80.1614 0
      vertex 193.43 80.1614 4
    endloop
  endfacet
  facet normal -0.923573 -0.383422 0
    outer loop
      vertex 193.761 79.3641 0
      vertex 193.43 80.1614 4
      vertex 193.43 80.1614 0
    endloop
  endfacet
  facet normal -0.923573 -0.383422 0
    outer loop
      vertex 193.43 80.1614 4
      vertex 193.761 79.3641 0
      vertex 193.761 79.3641 4
    endloop
  endfacet
  facet normal -0.85262 -0.522532 0
    outer loop
      vertex 194.212 78.6282 0
      vertex 193.761 79.3641 4
      vertex 193.761 79.3641 0
    endloop
  endfacet
  facet normal -0.85262 -0.522532 0
    outer loop
      vertex 193.761 79.3641 4
      vertex 194.212 78.6282 0
      vertex 194.212 78.6282 4
    endloop
  endfacet
  facet normal -0.760711 -0.649091 0
    outer loop
      vertex 194.772 77.9719 0
      vertex 194.212 78.6282 4
      vertex 194.212 78.6282 0
    endloop
  endfacet
  facet normal -0.760711 -0.649091 0
    outer loop
      vertex 194.212 78.6282 4
      vertex 194.772 77.9719 0
      vertex 194.772 77.9719 4
    endloop
  endfacet
  facet normal -0.649598 -0.760278 0
    outer loop
      vertex 194.772 77.9719 0
      vertex 195.428 77.4114 4
      vertex 194.772 77.9719 4
    endloop
  endfacet
  facet normal -0.649598 -0.760278 -0
    outer loop
      vertex 195.428 77.4114 4
      vertex 194.772 77.9719 0
      vertex 195.428 77.4114 0
    endloop
  endfacet
  facet normal -0.522396 -0.852703 0
    outer loop
      vertex 195.428 77.4114 0
      vertex 196.164 76.9605 4
      vertex 195.428 77.4114 4
    endloop
  endfacet
  facet normal -0.522396 -0.852703 -0
    outer loop
      vertex 196.164 76.9605 4
      vertex 195.428 77.4114 0
      vertex 196.164 76.9605 0
    endloop
  endfacet
  facet normal -0.382444 -0.923979 0
    outer loop
      vertex 196.164 76.9605 0
      vertex 196.962 76.6302 4
      vertex 196.164 76.9605 4
    endloop
  endfacet
  facet normal -0.382444 -0.923979 -0
    outer loop
      vertex 196.962 76.6302 4
      vertex 196.164 76.9605 0
      vertex 196.962 76.6302 0
    endloop
  endfacet
  facet normal -0.233526 -0.97235 0
    outer loop
      vertex 196.962 76.6302 0
      vertex 197.801 76.4287 4
      vertex 196.962 76.6302 4
    endloop
  endfacet
  facet normal -0.233526 -0.97235 -0
    outer loop
      vertex 197.801 76.4287 4
      vertex 196.962 76.6302 0
      vertex 197.801 76.4287 0
    endloop
  endfacet
  facet normal -0.0784781 -0.996916 0
    outer loop
      vertex 197.801 76.4287 0
      vertex 198.661 76.361 4
      vertex 197.801 76.4287 4
    endloop
  endfacet
  facet normal -0.0784781 -0.996916 -0
    outer loop
      vertex 198.661 76.361 4
      vertex 197.801 76.4287 0
      vertex 198.661 76.361 0
    endloop
  endfacet
  facet normal 0.0784781 -0.996916 0
    outer loop
      vertex 198.661 76.361 0
      vertex 199.521 76.4287 4
      vertex 198.661 76.361 4
    endloop
  endfacet
  facet normal 0.0784781 -0.996916 0
    outer loop
      vertex 199.521 76.4287 4
      vertex 198.661 76.361 0
      vertex 199.521 76.4287 0
    endloop
  endfacet
  facet normal 0.924017 -0.382352 0
    outer loop
      vertex 113.343 128.163 4
      vertex 113.763 129.178 0
      vertex 113.763 129.178 4
    endloop
  endfacet
  facet normal 0.924017 -0.382352 0
    outer loop
      vertex 113.763 129.178 0
      vertex 113.343 128.163 4
      vertex 113.343 128.163 0
    endloop
  endfacet
  facet normal 0.85247 -0.522776 0
    outer loop
      vertex 113.763 129.178 4
      vertex 114.337 130.114 0
      vertex 114.337 130.114 4
    endloop
  endfacet
  facet normal 0.85247 -0.522776 0
    outer loop
      vertex 114.337 130.114 0
      vertex 113.763 129.178 4
      vertex 113.763 129.178 0
    endloop
  endfacet
  facet normal 0.76086 -0.648916 0
    outer loop
      vertex 114.337 130.114 4
      vertex 115.05 130.95 0
      vertex 115.05 130.95 4
    endloop
  endfacet
  facet normal 0.76086 -0.648916 0
    outer loop
      vertex 115.05 130.95 0
      vertex 114.337 130.114 4
      vertex 114.337 130.114 0
    endloop
  endfacet
  facet normal 0.648916 -0.76086 0
    outer loop
      vertex 115.05 130.95 0
      vertex 115.886 131.663 4
      vertex 115.05 130.95 4
    endloop
  endfacet
  facet normal 0.648916 -0.76086 0
    outer loop
      vertex 115.886 131.663 4
      vertex 115.05 130.95 0
      vertex 115.886 131.663 0
    endloop
  endfacet
  facet normal 0.522776 -0.85247 0
    outer loop
      vertex 115.886 131.663 0
      vertex 116.822 132.237 4
      vertex 115.886 131.663 4
    endloop
  endfacet
  facet normal 0.522776 -0.85247 0
    outer loop
      vertex 116.822 132.237 4
      vertex 115.886 131.663 0
      vertex 116.822 132.237 0
    endloop
  endfacet
  facet normal 0.382352 -0.924017 0
    outer loop
      vertex 116.822 132.237 0
      vertex 117.837 132.657 4
      vertex 116.822 132.237 4
    endloop
  endfacet
  facet normal 0.382352 -0.924017 0
    outer loop
      vertex 117.837 132.657 4
      vertex 116.822 132.237 0
      vertex 117.837 132.657 0
    endloop
  endfacet
  facet normal 0.233958 -0.972247 0
    outer loop
      vertex 117.837 132.657 0
      vertex 118.905 132.914 4
      vertex 117.837 132.657 4
    endloop
  endfacet
  facet normal 0.233958 -0.972247 0
    outer loop
      vertex 118.905 132.914 4
      vertex 117.837 132.657 0
      vertex 118.905 132.914 0
    endloop
  endfacet
  facet normal 0.0782977 -0.99693 0
    outer loop
      vertex 118.905 132.914 0
      vertex 120 133 4
      vertex 118.905 132.914 4
    endloop
  endfacet
  facet normal 0.0782977 -0.99693 0
    outer loop
      vertex 120 133 4
      vertex 118.905 132.914 0
      vertex 120 133 0
    endloop
  endfacet
  facet normal -0.0782977 -0.99693 0
    outer loop
      vertex 120 133 0
      vertex 121.095 132.914 4
      vertex 120 133 4
    endloop
  endfacet
  facet normal -0.0782977 -0.99693 -0
    outer loop
      vertex 121.095 132.914 4
      vertex 120 133 0
      vertex 121.095 132.914 0
    endloop
  endfacet
  facet normal -0.233958 -0.972247 0
    outer loop
      vertex 121.095 132.914 0
      vertex 122.163 132.657 4
      vertex 121.095 132.914 4
    endloop
  endfacet
  facet normal -0.233958 -0.972247 -0
    outer loop
      vertex 122.163 132.657 4
      vertex 121.095 132.914 0
      vertex 122.163 132.657 0
    endloop
  endfacet
  facet normal -0.382352 -0.924017 0
    outer loop
      vertex 122.163 132.657 0
      vertex 123.178 132.237 4
      vertex 122.163 132.657 4
    endloop
  endfacet
  facet normal -0.382352 -0.924017 -0
    outer loop
      vertex 123.178 132.237 4
      vertex 122.163 132.657 0
      vertex 123.178 132.237 0
    endloop
  endfacet
  facet normal -0.52237 -0.852719 0
    outer loop
      vertex 123.178 132.237 0
      vertex 124.115 131.663 4
      vertex 123.178 132.237 4
    endloop
  endfacet
  facet normal -0.52237 -0.852719 -0
    outer loop
      vertex 124.115 131.663 4
      vertex 123.178 132.237 0
      vertex 124.115 131.663 0
    endloop
  endfacet
  facet normal -0.649365 -0.760477 0
    outer loop
      vertex 124.115 131.663 0
      vertex 124.95 130.95 4
      vertex 124.115 131.663 4
    endloop
  endfacet
  facet normal -0.649365 -0.760477 -0
    outer loop
      vertex 124.95 130.95 4
      vertex 124.115 131.663 0
      vertex 124.95 130.95 0
    endloop
  endfacet
  facet normal -0.76086 -0.648916 0
    outer loop
      vertex 125.663 130.114 0
      vertex 124.95 130.95 4
      vertex 124.95 130.95 0
    endloop
  endfacet
  facet normal -0.76086 -0.648916 0
    outer loop
      vertex 124.95 130.95 4
      vertex 125.663 130.114 0
      vertex 125.663 130.114 4
    endloop
  endfacet
  facet normal -0.85247 -0.522776 0
    outer loop
      vertex 126.237 129.178 0
      vertex 125.663 130.114 4
      vertex 125.663 130.114 0
    endloop
  endfacet
  facet normal -0.85247 -0.522776 0
    outer loop
      vertex 125.663 130.114 4
      vertex 126.237 129.178 0
      vertex 126.237 129.178 4
    endloop
  endfacet
  facet normal -0.924017 -0.382352 0
    outer loop
      vertex 126.657 128.163 0
      vertex 126.237 129.178 4
      vertex 126.237 129.178 0
    endloop
  endfacet
  facet normal -0.924017 -0.382352 0
    outer loop
      vertex 126.237 129.178 4
      vertex 126.657 128.163 0
      vertex 126.657 128.163 4
    endloop
  endfacet
  facet normal -0.972247 -0.233958 0
    outer loop
      vertex 126.914 127.095 0
      vertex 126.657 128.163 4
      vertex 126.657 128.163 0
    endloop
  endfacet
  facet normal -0.972247 -0.233958 0
    outer loop
      vertex 126.657 128.163 4
      vertex 126.914 127.095 0
      vertex 126.914 127.095 4
    endloop
  endfacet
  facet normal -0.99693 -0.0782977 0
    outer loop
      vertex 127 126 0
      vertex 126.914 127.095 4
      vertex 126.914 127.095 0
    endloop
  endfacet
  facet normal -0.99693 -0.0782977 0
    outer loop
      vertex 126.914 127.095 4
      vertex 127 126 0
      vertex 127 126 4
    endloop
  endfacet
  facet normal 0 -1 0
    outer loop
      vertex 127 126 0
      vertex 139.823 126 4
      vertex 127 126 4
    endloop
  endfacet
  facet normal 0 -1 -0
    outer loop
      vertex 139.823 126 4
      vertex 127 126 0
      vertex 139.823 126 0
    endloop
  endfacet
  facet normal -0.988592 0.150619 0
    outer loop
      vertex 137.69 112 0
      vertex 139.823 126 4
      vertex 139.823 126 0
    endloop
  endfacet
  facet normal -0.988592 0.150619 0
    outer loop
      vertex 139.823 126 4
      vertex 137.69 112 0
      vertex 137.69 112 4
    endloop
  endfacet
  facet normal 0 1 -0
    outer loop
      vertex 137.69 112 0
      vertex 98.7466 112 4
      vertex 137.69 112 4
    endloop
  endfacet
  facet normal 0 1 0
    outer loop
      vertex 98.7466 112 4
      vertex 137.69 112 0
      vertex 98.7466 112 0
    endloop
  endfacet
  facet normal 0.937016 0.349286 0
    outer loop
      vertex 98.7466 112 4
      vertex 93.5279 126 0
      vertex 93.5279 126 4
    endloop
  endfacet
  facet normal 0.937016 0.349286 0
    outer loop
      vertex 93.5279 126 0
      vertex 98.7466 112 4
      vertex 98.7466 112 0
    endloop
  endfacet
  facet normal 0 -1 0
    outer loop
      vertex 93.5279 126 0
      vertex 113 126 4
      vertex 93.5279 126 4
    endloop
  endfacet
  facet normal 0 -1 -0
    outer loop
      vertex 113 126 4
      vertex 93.5279 126 0
      vertex 113 126 0
    endloop
  endfacet
  facet normal 0.99693 -0.0782977 0
    outer loop
      vertex 113 126 4
      vertex 113.086 127.095 0
      vertex 113.086 127.095 4
    endloop
  endfacet
  facet normal 0.99693 -0.0782977 0
    outer loop
      vertex 113.086 127.095 0
      vertex 113 126 4
      vertex 113 126 0
    endloop
  endfacet
  facet normal 0.972247 -0.233958 0
    outer loop
      vertex 113.086 127.095 4
      vertex 113.343 128.163 0
      vertex 113.343 128.163 4
    endloop
  endfacet
  facet normal 0.972247 -0.233958 0
    outer loop
      vertex 113.343 128.163 0
      vertex 113.086 127.095 4
      vertex 113.086 127.095 0
    endloop
  endfacet
  facet normal 0.924017 -0.382352 0
    outer loop
      vertex 173.343 128.163 4
      vertex 173.763 129.178 0
      vertex 173.763 129.178 4
    endloop
  endfacet
  facet normal 0.924017 -0.382352 0
    outer loop
      vertex 173.763 129.178 0
      vertex 173.343 128.163 4
      vertex 173.343 128.163 0
    endloop
  endfacet
  facet normal 0.85247 -0.522776 0
    outer loop
      vertex 173.763 129.178 4
      vertex 174.337 130.114 0
      vertex 174.337 130.114 4
    endloop
  endfacet
  facet normal 0.85247 -0.522776 0
    outer loop
      vertex 174.337 130.114 0
      vertex 173.763 129.178 4
      vertex 173.763 129.178 0
    endloop
  endfacet
  facet normal 0.76086 -0.648916 0
    outer loop
      vertex 174.337 130.114 4
      vertex 175.05 130.95 0
      vertex 175.05 130.95 4
    endloop
  endfacet
  facet normal 0.76086 -0.648916 0
    outer loop
      vertex 175.05 130.95 0
      vertex 174.337 130.114 4
      vertex 174.337 130.114 0
    endloop
  endfacet
  facet normal 0.649365 -0.760477 0
    outer loop
      vertex 175.05 130.95 0
      vertex 175.885 131.663 4
      vertex 175.05 130.95 4
    endloop
  endfacet
  facet normal 0.649365 -0.760477 0
    outer loop
      vertex 175.885 131.663 4
      vertex 175.05 130.95 0
      vertex 175.885 131.663 0
    endloop
  endfacet
  facet normal 0.52237 -0.852719 0
    outer loop
      vertex 175.885 131.663 0
      vertex 176.822 132.237 4
      vertex 175.885 131.663 4
    endloop
  endfacet
  facet normal 0.52237 -0.852719 0
    outer loop
      vertex 176.822 132.237 4
      vertex 175.885 131.663 0
      vertex 176.822 132.237 0
    endloop
  endfacet
  facet normal 0.382352 -0.924017 0
    outer loop
      vertex 176.822 132.237 0
      vertex 177.837 132.657 4
      vertex 176.822 132.237 4
    endloop
  endfacet
  facet normal 0.382352 -0.924017 0
    outer loop
      vertex 177.837 132.657 4
      vertex 176.822 132.237 0
      vertex 177.837 132.657 0
    endloop
  endfacet
  facet normal 0.233958 -0.972247 0
    outer loop
      vertex 177.837 132.657 0
      vertex 178.905 132.914 4
      vertex 177.837 132.657 4
    endloop
  endfacet
  facet normal 0.233958 -0.972247 0
    outer loop
      vertex 178.905 132.914 4
      vertex 177.837 132.657 0
      vertex 178.905 132.914 0
    endloop
  endfacet
  facet normal 0.0782977 -0.99693 0
    outer loop
      vertex 178.905 132.914 0
      vertex 180 133 4
      vertex 178.905 132.914 4
    endloop
  endfacet
  facet normal 0.0782977 -0.99693 0
    outer loop
      vertex 180 133 4
      vertex 178.905 132.914 0
      vertex 180 133 0
    endloop
  endfacet
  facet normal -0.0782977 -0.99693 0
    outer loop
      vertex 180 133 0
      vertex 181.095 132.914 4
      vertex 180 133 4
    endloop
  endfacet
  facet normal -0.0782977 -0.99693 -0
    outer loop
      vertex 181.095 132.914 4
      vertex 180 133 0
      vertex 181.095 132.914 0
    endloop
  endfacet
  facet normal -0.233958 -0.972247 0
    outer loop
      vertex 181.095 132.914 0
      vertex 182.163 132.657 4
      vertex 181.095 132.914 4
    endloop
  endfacet
  facet normal -0.233958 -0.972247 -0
    outer loop
      vertex 182.163 132.657 4
      vertex 181.095 132.914 0
      vertex 182.163 132.657 0
    endloop
  endfacet
  facet normal -0.382352 -0.924017 0
    outer loop
      vertex 182.163 132.657 0
      vertex 183.178 132.237 4
      vertex 182.163 132.657 4
    endloop
  endfacet
  facet normal -0.382352 -0.924017 -0
    outer loop
      vertex 183.178 132.237 4
      vertex 182.163 132.657 0
      vertex 183.178 132.237 0
    endloop
  endfacet
  facet normal -0.522776 -0.85247 0
    outer loop
      vertex 183.178 132.237 0
      vertex 184.114 131.663 4
      vertex 183.178 132.237 4
    endloop
  endfacet
  facet normal -0.522776 -0.85247 -0
    outer loop
      vertex 184.114 131.663 4
      vertex 183.178 132.237 0
      vertex 184.114 131.663 0
    endloop
  endfacet
  facet normal -0.648916 -0.76086 0
    outer loop
      vertex 184.114 131.663 0
      vertex 184.95 130.95 4
      vertex 184.114 131.663 4
    endloop
  endfacet
  facet normal -0.648916 -0.76086 -0
    outer loop
      vertex 184.95 130.95 4
      vertex 184.114 131.663 0
      vertex 184.95 130.95 0
    endloop
  endfacet
  facet normal -0.76086 -0.648916 0
    outer loop
      vertex 185.663 130.114 0
      vertex 184.95 130.95 4
      vertex 184.95 130.95 0
    endloop
  endfacet
  facet normal -0.76086 -0.648916 0
    outer loop
      vertex 184.95 130.95 4
      vertex 185.663 130.114 0
      vertex 185.663 130.114 4
    endloop
  endfacet
  facet normal -0.85247 -0.522776 0
    outer loop
      vertex 186.237 129.178 0
      vertex 185.663 130.114 4
      vertex 185.663 130.114 0
    endloop
  endfacet
  facet normal -0.85247 -0.522776 0
    outer loop
      vertex 185.663 130.114 4
      vertex 186.237 129.178 0
      vertex 186.237 129.178 4
    endloop
  endfacet
  facet normal -0.924017 -0.382352 0
    outer loop
      vertex 186.657 128.163 0
      vertex 186.237 129.178 4
      vertex 186.237 129.178 0
    endloop
  endfacet
  facet normal -0.924017 -0.382352 0
    outer loop
      vertex 186.237 129.178 4
      vertex 186.657 128.163 0
      vertex 186.657 128.163 4
    endloop
  endfacet
  facet normal -0.972247 -0.233958 0
    outer loop
      vertex 186.914 127.095 0
      vertex 186.657 128.163 4
      vertex 186.657 128.163 0
    endloop
  endfacet
  facet normal -0.972247 -0.233958 0
    outer loop
      vertex 186.657 128.163 4
      vertex 186.914 127.095 0
      vertex 186.914 127.095 4
    endloop
  endfacet
  facet normal -0.99693 -0.0782977 0
    outer loop
      vertex 187 126 0
      vertex 186.914 127.095 4
      vertex 186.914 127.095 0
    endloop
  endfacet
  facet normal -0.99693 -0.0782977 0
    outer loop
      vertex 186.914 127.095 4
      vertex 187 126 0
      vertex 187 126 4
    endloop
  endfacet
  facet normal 0 -1 0
    outer loop
      vertex 187 126 0
      vertex 199.823 126 4
      vertex 187 126 4
    endloop
  endfacet
  facet normal 0 -1 -0
    outer loop
      vertex 199.823 126 4
      vertex 187 126 0
      vertex 199.823 126 0
    endloop
  endfacet
  facet normal -0.988592 0.150619 0
    outer loop
      vertex 197.69 112 0
      vertex 199.823 126 4
      vertex 199.823 126 0
    endloop
  endfacet
  facet normal -0.988592 0.150619 0
    outer loop
      vertex 199.823 126 4
      vertex 197.69 112 0
      vertex 197.69 112 4
    endloop
  endfacet
  facet normal 0 1 -0
    outer loop
      vertex 197.69 112 0
      vertex 157.055 112 4
      vertex 197.69 112 4
    endloop
  endfacet
  facet normal 0 1 0
    outer loop
      vertex 157.055 112 4
      vertex 197.69 112 0
      vertex 157.055 112 0
    endloop
  endfacet
  facet normal 0.96085 0.277068 0
    outer loop
      vertex 157.055 112 4
      vertex 153.018 126 0
      vertex 153.018 126 4
    endloop
  endfacet
  facet normal 0.96085 0.277068 0
    outer loop
      vertex 153.018 126 0
      vertex 157.055 112 4
      vertex 157.055 112 0
    endloop
  endfacet
  facet normal 0 -1 0
    outer loop
      vertex 153.018 126 0
      vertex 173 126 4
      vertex 153.018 126 4
    endloop
  endfacet
  facet normal 0 -1 -0
    outer loop
      vertex 173 126 4
      vertex 153.018 126 0
      vertex 173 126 0
    endloop
  endfacet
  facet normal 0.99693 -0.0782977 0
    outer loop
      vertex 173 126 4
      vertex 173.086 127.095 0
      vertex 173.086 127.095 4
    endloop
  endfacet
  facet normal 0.99693 -0.0782977 0
    outer loop
      vertex 173.086 127.095 0
      vertex 173 126 4
      vertex 173 126 0
    endloop
  endfacet
  facet normal 0.972247 -0.233958 0
    outer loop
      vertex 173.086 127.095 4
      vertex 173.343 128.163 0
      vertex 173.343 128.163 4
    endloop
  endfacet
  facet normal 0.972247 -0.233958 0
    outer loop
      vertex 173.343 128.163 0
      vertex 173.086 127.095 4
      vertex 173.086 127.095 0
    endloop
  endfacet
  facet normal 0.234178 0.972194 -0
    outer loop
      vertex 205.906 129.448 0
      vertex 205.769 129.481 4
      vertex 205.906 129.448 4
    endloop
  endfacet
  facet normal 0.234178 0.972194 0
    outer loop
      vertex 205.769 129.481 4
      vertex 205.906 129.448 0
      vertex 205.769 129.481 0
    endloop
  endfacet
  facet normal 0.381105 0.924532 -0
    outer loop
      vertex 205.769 129.481 0
      vertex 205.638 129.535 4
      vertex 205.769 129.481 4
    endloop
  endfacet
  facet normal 0.381105 0.924532 0
    outer loop
      vertex 205.638 129.535 4
      vertex 205.769 129.481 0
      vertex 205.638 129.535 0
    endloop
  endfacet
  facet normal 0.524889 0.851171 -0
    outer loop
      vertex 205.638 129.535 0
      vertex 205.518 129.609 4
      vertex 205.638 129.535 4
    endloop
  endfacet
  facet normal 0.524889 0.851171 0
    outer loop
      vertex 205.518 129.609 4
      vertex 205.638 129.535 0
      vertex 205.518 129.609 0
    endloop
  endfacet
  facet normal 0.648466 0.761243 -0
    outer loop
      vertex 205.518 129.609 0
      vertex 205.41 129.701 4
      vertex 205.518 129.609 4
    endloop
  endfacet
  facet normal 0.648466 0.761243 0
    outer loop
      vertex 205.41 129.701 4
      vertex 205.518 129.609 0
      vertex 205.41 129.701 0
    endloop
  endfacet
  facet normal 0.761764 0.647855 0
    outer loop
      vertex 205.41 129.701 4
      vertex 205.319 129.808 0
      vertex 205.319 129.808 4
    endloop
  endfacet
  facet normal 0.761764 0.647855 0
    outer loop
      vertex 205.319 129.808 0
      vertex 205.41 129.701 4
      vertex 205.41 129.701 0
    endloop
  endfacet
  facet normal 0.853108 0.521735 0
    outer loop
      vertex 205.319 129.808 4
      vertex 205.245 129.929 0
      vertex 205.245 129.929 4
    endloop
  endfacet
  facet normal 0.853108 0.521735 0
    outer loop
      vertex 205.245 129.929 0
      vertex 205.319 129.808 4
      vertex 205.319 129.808 0
    endloop
  endfacet
  facet normal 0.923497 0.383606 0
    outer loop
      vertex 205.245 129.929 4
      vertex 205.191 130.059 0
      vertex 205.191 130.059 4
    endloop
  endfacet
  facet normal 0.923497 0.383606 0
    outer loop
      vertex 205.191 130.059 0
      vertex 205.245 129.929 4
      vertex 205.245 129.929 0
    endloop
  endfacet
  facet normal 0.972194 0.234178 0
    outer loop
      vertex 205.191 130.059 4
      vertex 205.158 130.196 0
      vertex 205.158 130.196 4
    endloop
  endfacet
  facet normal 0.972194 0.234178 0
    outer loop
      vertex 205.158 130.196 0
      vertex 205.191 130.059 4
      vertex 205.191 130.059 0
    endloop
  endfacet
  facet normal 0.996971 0.0777779 0
    outer loop
      vertex 205.158 130.196 4
      vertex 205.147 130.337 0
      vertex 205.147 130.337 4
    endloop
  endfacet
  facet normal 0.996971 0.0777779 0
    outer loop
      vertex 205.147 130.337 0
      vertex 205.158 130.196 4
      vertex 205.158 130.196 0
    endloop
  endfacet
  facet normal 0.996971 -0.0777779 0
    outer loop
      vertex 205.147 130.337 4
      vertex 205.158 130.478 0
      vertex 205.158 130.478 4
    endloop
  endfacet
  facet normal 0.996971 -0.0777779 0
    outer loop
      vertex 205.158 130.478 0
      vertex 205.147 130.337 4
      vertex 205.147 130.337 0
    endloop
  endfacet
  facet normal 0.972194 -0.234178 0
    outer loop
      vertex 205.158 130.478 4
      vertex 205.191 130.615 0
      vertex 205.191 130.615 4
    endloop
  endfacet
  facet normal 0.972194 -0.234178 0
    outer loop
      vertex 205.191 130.615 0
      vertex 205.158 130.478 4
      vertex 205.158 130.478 0
    endloop
  endfacet
  facet normal 0.924532 -0.381105 0
    outer loop
      vertex 205.191 130.615 4
      vertex 205.245 130.746 0
      vertex 205.245 130.746 4
    endloop
  endfacet
  facet normal 0.924532 -0.381105 0
    outer loop
      vertex 205.245 130.746 0
      vertex 205.191 130.615 4
      vertex 205.191 130.615 0
    endloop
  endfacet
  facet normal 0.851171 -0.524889 0
    outer loop
      vertex 205.245 130.746 4
      vertex 205.319 130.866 0
      vertex 205.319 130.866 4
    endloop
  endfacet
  facet normal 0.851171 -0.524889 0
    outer loop
      vertex 205.319 130.866 0
      vertex 205.245 130.746 4
      vertex 205.245 130.746 0
    endloop
  endfacet
  facet normal 0.764728 -0.644354 0
    outer loop
      vertex 205.319 130.866 4
      vertex 205.41 130.974 0
      vertex 205.41 130.974 4
    endloop
  endfacet
  facet normal 0.764728 -0.644354 0
    outer loop
      vertex 205.41 130.974 0
      vertex 205.319 130.866 4
      vertex 205.319 130.866 0
    endloop
  endfacet
  facet normal 0.644354 -0.764728 0
    outer loop
      vertex 205.41 130.974 0
      vertex 205.518 131.065 4
      vertex 205.41 130.974 4
    endloop
  endfacet
  facet normal 0.644354 -0.764728 0
    outer loop
      vertex 205.518 131.065 4
      vertex 205.41 130.974 0
      vertex 205.518 131.065 0
    endloop
  endfacet
  facet normal 0.524889 -0.851171 0
    outer loop
      vertex 205.518 131.065 0
      vertex 205.638 131.139 4
      vertex 205.518 131.065 4
    endloop
  endfacet
  facet normal 0.524889 -0.851171 0
    outer loop
      vertex 205.638 131.139 4
      vertex 205.518 131.065 0
      vertex 205.638 131.139 0
    endloop
  endfacet
  facet normal 0.381105 -0.924532 0
    outer loop
      vertex 205.638 131.139 0
      vertex 205.769 131.193 4
      vertex 205.638 131.139 4
    endloop
  endfacet
  facet normal 0.381105 -0.924532 0
    outer loop
      vertex 205.769 131.193 4
      vertex 205.638 131.139 0
      vertex 205.769 131.193 0
    endloop
  endfacet
  facet normal 0.234178 -0.972194 0
    outer loop
      vertex 205.769 131.193 0
      vertex 205.906 131.226 4
      vertex 205.769 131.193 4
    endloop
  endfacet
  facet normal 0.234178 -0.972194 0
    outer loop
      vertex 205.906 131.226 4
      vertex 205.769 131.193 0
      vertex 205.906 131.226 0
    endloop
  endfacet
  facet normal 0.0777779 -0.996971 0
    outer loop
      vertex 205.906 131.226 0
      vertex 206.047 131.237 4
      vertex 205.906 131.226 4
    endloop
  endfacet
  facet normal 0.0777779 -0.996971 0
    outer loop
      vertex 206.047 131.237 4
      vertex 205.906 131.226 0
      vertex 206.047 131.237 0
    endloop
  endfacet
  facet normal -0.0777779 -0.996971 0
    outer loop
      vertex 206.047 131.237 0
      vertex 206.188 131.226 4
      vertex 206.047 131.237 4
    endloop
  endfacet
  facet normal -0.0777779 -0.996971 -0
    outer loop
      vertex 206.188 131.226 4
      vertex 206.047 131.237 0
      vertex 206.188 131.226 0
    endloop
  endfacet
  facet normal -0.234178 -0.972194 0
    outer loop
      vertex 206.188 131.226 0
      vertex 206.325 131.193 4
      vertex 206.188 131.226 4
    endloop
  endfacet
  facet normal -0.234178 -0.972194 -0
    outer loop
      vertex 206.325 131.193 4
      vertex 206.188 131.226 0
      vertex 206.325 131.193 0
    endloop
  endfacet
  facet normal -0.383606 -0.923497 0
    outer loop
      vertex 206.325 131.193 0
      vertex 206.455 131.139 4
      vertex 206.325 131.193 4
    endloop
  endfacet
  facet normal -0.383606 -0.923497 -0
    outer loop
      vertex 206.455 131.139 4
      vertex 206.325 131.193 0
      vertex 206.455 131.139 0
    endloop
  endfacet
  facet normal -0.521735 -0.853108 0
    outer loop
      vertex 206.455 131.139 0
      vertex 206.576 131.065 4
      vertex 206.455 131.139 4
    endloop
  endfacet
  facet normal -0.521735 -0.853108 -0
    outer loop
      vertex 206.576 131.065 4
      vertex 206.455 131.139 0
      vertex 206.576 131.065 0
    endloop
  endfacet
  facet normal -0.647855 -0.761764 0
    outer loop
      vertex 206.576 131.065 0
      vertex 206.683 130.974 4
      vertex 206.576 131.065 4
    endloop
  endfacet
  facet normal -0.647855 -0.761764 -0
    outer loop
      vertex 206.683 130.974 4
      vertex 206.576 131.065 0
      vertex 206.683 130.974 0
    endloop
  endfacet
  facet normal -0.761243 -0.648466 0
    outer loop
      vertex 206.775 130.866 0
      vertex 206.683 130.974 4
      vertex 206.683 130.974 0
    endloop
  endfacet
  facet normal -0.761243 -0.648466 0
    outer loop
      vertex 206.683 130.974 4
      vertex 206.775 130.866 0
      vertex 206.775 130.866 4
    endloop
  endfacet
  facet normal -0.851171 -0.524889 0
    outer loop
      vertex 206.849 130.746 0
      vertex 206.775 130.866 4
      vertex 206.775 130.866 0
    endloop
  endfacet
  facet normal -0.851171 -0.524889 0
    outer loop
      vertex 206.775 130.866 4
      vertex 206.849 130.746 0
      vertex 206.849 130.746 4
    endloop
  endfacet
  facet normal -0.924532 -0.381105 0
    outer loop
      vertex 206.903 130.615 0
      vertex 206.849 130.746 4
      vertex 206.849 130.746 0
    endloop
  endfacet
  facet normal -0.924532 -0.381105 0
    outer loop
      vertex 206.849 130.746 4
      vertex 206.903 130.615 0
      vertex 206.903 130.615 4
    endloop
  endfacet
  facet normal -0.972194 -0.234178 0
    outer loop
      vertex 206.936 130.478 0
      vertex 206.903 130.615 4
      vertex 206.903 130.615 0
    endloop
  endfacet
  facet normal -0.972194 -0.234178 0
    outer loop
      vertex 206.903 130.615 4
      vertex 206.936 130.478 0
      vertex 206.936 130.478 4
    endloop
  endfacet
  facet normal -0.996971 -0.0777779 0
    outer loop
      vertex 206.947 130.337 0
      vertex 206.936 130.478 4
      vertex 206.936 130.478 0
    endloop
  endfacet
  facet normal -0.996971 -0.0777779 0
    outer loop
      vertex 206.936 130.478 4
      vertex 206.947 130.337 0
      vertex 206.947 130.337 4
    endloop
  endfacet
  facet normal -0.996971 0.0777779 0
    outer loop
      vertex 206.936 130.196 0
      vertex 206.947 130.337 4
      vertex 206.947 130.337 0
    endloop
  endfacet
  facet normal -0.996971 0.0777779 0
    outer loop
      vertex 206.947 130.337 4
      vertex 206.936 130.196 0
      vertex 206.936 130.196 4
    endloop
  endfacet
  facet normal -0.972194 0.234178 0
    outer loop
      vertex 206.903 130.059 0
      vertex 206.936 130.196 4
      vertex 206.936 130.196 0
    endloop
  endfacet
  facet normal -0.972194 0.234178 0
    outer loop
      vertex 206.936 130.196 4
      vertex 206.903 130.059 0
      vertex 206.903 130.059 4
    endloop
  endfacet
  facet normal -0.923497 0.383606 0
    outer loop
      vertex 206.849 129.929 0
      vertex 206.903 130.059 4
      vertex 206.903 130.059 0
    endloop
  endfacet
  facet normal -0.923497 0.383606 0
    outer loop
      vertex 206.903 130.059 4
      vertex 206.849 129.929 0
      vertex 206.849 129.929 4
    endloop
  endfacet
  facet normal -0.853108 0.521735 0
    outer loop
      vertex 206.775 129.808 0
      vertex 206.849 129.929 4
      vertex 206.849 129.929 0
    endloop
  endfacet
  facet normal -0.853108 0.521735 0
    outer loop
      vertex 206.849 129.929 4
      vertex 206.775 129.808 0
      vertex 206.775 129.808 4
    endloop
  endfacet
  facet normal -0.758255 0.651958 0
    outer loop
      vertex 206.683 129.701 0
      vertex 206.775 129.808 4
      vertex 206.775 129.808 0
    endloop
  endfacet
  facet normal -0.758255 0.651958 0
    outer loop
      vertex 206.775 129.808 4
      vertex 206.683 129.701 0
      vertex 206.683 129.701 4
    endloop
  endfacet
  facet normal -0.651958 0.758255 0
    outer loop
      vertex 206.683 129.701 0
      vertex 206.576 129.609 4
      vertex 206.683 129.701 4
    endloop
  endfacet
  facet normal -0.651958 0.758255 0
    outer loop
      vertex 206.576 129.609 4
      vertex 206.683 129.701 0
      vertex 206.576 129.609 0
    endloop
  endfacet
  facet normal -0.521735 0.853108 0
    outer loop
      vertex 206.576 129.609 0
      vertex 206.455 129.535 4
      vertex 206.576 129.609 4
    endloop
  endfacet
  facet normal -0.521735 0.853108 0
    outer loop
      vertex 206.455 129.535 4
      vertex 206.576 129.609 0
      vertex 206.455 129.535 0
    endloop
  endfacet
  facet normal -0.383606 0.923497 0
    outer loop
      vertex 206.455 129.535 0
      vertex 206.325 129.481 4
      vertex 206.455 129.535 4
    endloop
  endfacet
  facet normal -0.383606 0.923497 0
    outer loop
      vertex 206.325 129.481 4
      vertex 206.455 129.535 0
      vertex 206.325 129.481 0
    endloop
  endfacet
  facet normal -0.234178 0.972194 0
    outer loop
      vertex 206.325 129.481 0
      vertex 206.188 129.448 4
      vertex 206.325 129.481 4
    endloop
  endfacet
  facet normal -0.234178 0.972194 0
    outer loop
      vertex 206.188 129.448 4
      vertex 206.325 129.481 0
      vertex 206.188 129.448 0
    endloop
  endfacet
  facet normal -0.0777779 0.996971 0
    outer loop
      vertex 206.188 129.448 0
      vertex 206.047 129.437 4
      vertex 206.188 129.448 4
    endloop
  endfacet
  facet normal -0.0777779 0.996971 0
    outer loop
      vertex 206.047 129.437 4
      vertex 206.188 129.448 0
      vertex 206.047 129.437 0
    endloop
  endfacet
  facet normal 0.0777779 0.996971 -0
    outer loop
      vertex 206.047 129.437 0
      vertex 205.906 129.448 4
      vertex 206.047 129.437 4
    endloop
  endfacet
  facet normal 0.0777779 0.996971 0
    outer loop
      vertex 205.906 129.448 4
      vertex 206.047 129.437 0
      vertex 205.906 129.448 0
    endloop
  endfacet
  facet normal 0.234178 0.972194 -0
    outer loop
      vertex 145.906 129.448 0
      vertex 145.769 129.481 4
      vertex 145.906 129.448 4
    endloop
  endfacet
  facet normal 0.234178 0.972194 0
    outer loop
      vertex 145.769 129.481 4
      vertex 145.906 129.448 0
      vertex 145.769 129.481 0
    endloop
  endfacet
  facet normal 0.381105 0.924532 -0
    outer loop
      vertex 145.769 129.481 0
      vertex 145.638 129.535 4
      vertex 145.769 129.481 4
    endloop
  endfacet
  facet normal 0.381105 0.924532 0
    outer loop
      vertex 145.638 129.535 4
      vertex 145.769 129.481 0
      vertex 145.638 129.535 0
    endloop
  endfacet
  facet normal 0.524889 0.851171 -0
    outer loop
      vertex 145.638 129.535 0
      vertex 145.518 129.609 4
      vertex 145.638 129.535 4
    endloop
  endfacet
  facet normal 0.524889 0.851171 0
    outer loop
      vertex 145.518 129.609 4
      vertex 145.638 129.535 0
      vertex 145.518 129.609 0
    endloop
  endfacet
  facet normal 0.648466 0.761243 -0
    outer loop
      vertex 145.518 129.609 0
      vertex 145.41 129.701 4
      vertex 145.518 129.609 4
    endloop
  endfacet
  facet normal 0.648466 0.761243 0
    outer loop
      vertex 145.41 129.701 4
      vertex 145.518 129.609 0
      vertex 145.41 129.701 0
    endloop
  endfacet
  facet normal 0.761764 0.647855 0
    outer loop
      vertex 145.41 129.701 4
      vertex 145.319 129.808 0
      vertex 145.319 129.808 4
    endloop
  endfacet
  facet normal 0.761764 0.647855 0
    outer loop
      vertex 145.319 129.808 0
      vertex 145.41 129.701 4
      vertex 145.41 129.701 0
    endloop
  endfacet
  facet normal 0.853108 0.521735 0
    outer loop
      vertex 145.319 129.808 4
      vertex 145.245 129.929 0
      vertex 145.245 129.929 4
    endloop
  endfacet
  facet normal 0.853108 0.521735 0
    outer loop
      vertex 145.245 129.929 0
      vertex 145.319 129.808 4
      vertex 145.319 129.808 0
    endloop
  endfacet
  facet normal 0.923497 0.383606 0
    outer loop
      vertex 145.245 129.929 4
      vertex 145.191 130.059 0
      vertex 145.191 130.059 4
    endloop
  endfacet
  facet normal 0.923497 0.383606 0
    outer loop
      vertex 145.191 130.059 0
      vertex 145.245 129.929 4
      vertex 145.245 129.929 0
    endloop
  endfacet
  facet normal 0.972194 0.234178 0
    outer loop
      vertex 145.191 130.059 4
      vertex 145.158 130.196 0
      vertex 145.158 130.196 4
    endloop
  endfacet
  facet normal 0.972194 0.234178 0
    outer loop
      vertex 145.158 130.196 0
      vertex 145.191 130.059 4
      vertex 145.191 130.059 0
    endloop
  endfacet
  facet normal 0.996971 0.0777779 0
    outer loop
      vertex 145.158 130.196 4
      vertex 145.147 130.337 0
      vertex 145.147 130.337 4
    endloop
  endfacet
  facet normal 0.996971 0.0777779 0
    outer loop
      vertex 145.147 130.337 0
      vertex 145.158 130.196 4
      vertex 145.158 130.196 0
    endloop
  endfacet
  facet normal 0.996971 -0.0777779 0
    outer loop
      vertex 145.147 130.337 4
      vertex 145.158 130.478 0
      vertex 145.158 130.478 4
    endloop
  endfacet
  facet normal 0.996971 -0.0777779 0
    outer loop
      vertex 145.158 130.478 0
      vertex 145.147 130.337 4
      vertex 145.147 130.337 0
    endloop
  endfacet
  facet normal 0.972194 -0.234178 0
    outer loop
      vertex 145.158 130.478 4
      vertex 145.191 130.615 0
      vertex 145.191 130.615 4
    endloop
  endfacet
  facet normal 0.972194 -0.234178 0
    outer loop
      vertex 145.191 130.615 0
      vertex 145.158 130.478 4
      vertex 145.158 130.478 0
    endloop
  endfacet
  facet normal 0.924532 -0.381105 0
    outer loop
      vertex 145.191 130.615 4
      vertex 145.245 130.746 0
      vertex 145.245 130.746 4
    endloop
  endfacet
  facet normal 0.924532 -0.381105 0
    outer loop
      vertex 145.245 130.746 0
      vertex 145.191 130.615 4
      vertex 145.191 130.615 0
    endloop
  endfacet
  facet normal 0.851171 -0.524889 0
    outer loop
      vertex 145.245 130.746 4
      vertex 145.319 130.866 0
      vertex 145.319 130.866 4
    endloop
  endfacet
  facet normal 0.851171 -0.524889 0
    outer loop
      vertex 145.319 130.866 0
      vertex 145.245 130.746 4
      vertex 145.245 130.746 0
    endloop
  endfacet
  facet normal 0.764728 -0.644354 0
    outer loop
      vertex 145.319 130.866 4
      vertex 145.41 130.974 0
      vertex 145.41 130.974 4
    endloop
  endfacet
  facet normal 0.764728 -0.644354 0
    outer loop
      vertex 145.41 130.974 0
      vertex 145.319 130.866 4
      vertex 145.319 130.866 0
    endloop
  endfacet
  facet normal 0.644354 -0.764728 0
    outer loop
      vertex 145.41 130.974 0
      vertex 145.518 131.065 4
      vertex 145.41 130.974 4
    endloop
  endfacet
  facet normal 0.644354 -0.764728 0
    outer loop
      vertex 145.518 131.065 4
      vertex 145.41 130.974 0
      vertex 145.518 131.065 0
    endloop
  endfacet
  facet normal 0.524889 -0.851171 0
    outer loop
      vertex 145.518 131.065 0
      vertex 145.638 131.139 4
      vertex 145.518 131.065 4
    endloop
  endfacet
  facet normal 0.524889 -0.851171 0
    outer loop
      vertex 145.638 131.139 4
      vertex 145.518 131.065 0
      vertex 145.638 131.139 0
    endloop
  endfacet
  facet normal 0.381105 -0.924532 0
    outer loop
      vertex 145.638 131.139 0
      vertex 145.769 131.193 4
      vertex 145.638 131.139 4
    endloop
  endfacet
  facet normal 0.381105 -0.924532 0
    outer loop
      vertex 145.769 131.193 4
      vertex 145.638 131.139 0
      vertex 145.769 131.193 0
    endloop
  endfacet
  facet normal 0.234178 -0.972194 0
    outer loop
      vertex 145.769 131.193 0
      vertex 145.906 131.226 4
      vertex 145.769 131.193 4
    endloop
  endfacet
  facet normal 0.234178 -0.972194 0
    outer loop
      vertex 145.906 131.226 4
      vertex 145.769 131.193 0
      vertex 145.906 131.226 0
    endloop
  endfacet
  facet normal 0.0777779 -0.996971 0
    outer loop
      vertex 145.906 131.226 0
      vertex 146.047 131.237 4
      vertex 145.906 131.226 4
    endloop
  endfacet
  facet normal 0.0777779 -0.996971 0
    outer loop
      vertex 146.047 131.237 4
      vertex 145.906 131.226 0
      vertex 146.047 131.237 0
    endloop
  endfacet
  facet normal -0.0777779 -0.996971 0
    outer loop
      vertex 146.047 131.237 0
      vertex 146.188 131.226 4
      vertex 146.047 131.237 4
    endloop
  endfacet
  facet normal -0.0777779 -0.996971 -0
    outer loop
      vertex 146.188 131.226 4
      vertex 146.047 131.237 0
      vertex 146.188 131.226 0
    endloop
  endfacet
  facet normal -0.234178 -0.972194 0
    outer loop
      vertex 146.188 131.226 0
      vertex 146.325 131.193 4
      vertex 146.188 131.226 4
    endloop
  endfacet
  facet normal -0.234178 -0.972194 -0
    outer loop
      vertex 146.325 131.193 4
      vertex 146.188 131.226 0
      vertex 146.325 131.193 0
    endloop
  endfacet
  facet normal -0.383606 -0.923497 0
    outer loop
      vertex 146.325 131.193 0
      vertex 146.455 131.139 4
      vertex 146.325 131.193 4
    endloop
  endfacet
  facet normal -0.383606 -0.923497 -0
    outer loop
      vertex 146.455 131.139 4
      vertex 146.325 131.193 0
      vertex 146.455 131.139 0
    endloop
  endfacet
  facet normal -0.521735 -0.853108 0
    outer loop
      vertex 146.455 131.139 0
      vertex 146.576 131.065 4
      vertex 146.455 131.139 4
    endloop
  endfacet
  facet normal -0.521735 -0.853108 -0
    outer loop
      vertex 146.576 131.065 4
      vertex 146.455 131.139 0
      vertex 146.576 131.065 0
    endloop
  endfacet
  facet normal -0.647855 -0.761764 0
    outer loop
      vertex 146.576 131.065 0
      vertex 146.683 130.974 4
      vertex 146.576 131.065 4
    endloop
  endfacet
  facet normal -0.647855 -0.761764 -0
    outer loop
      vertex 146.683 130.974 4
      vertex 146.576 131.065 0
      vertex 146.683 130.974 0
    endloop
  endfacet
  facet normal -0.761243 -0.648466 0
    outer loop
      vertex 146.775 130.866 0
      vertex 146.683 130.974 4
      vertex 146.683 130.974 0
    endloop
  endfacet
  facet normal -0.761243 -0.648466 0
    outer loop
      vertex 146.683 130.974 4
      vertex 146.775 130.866 0
      vertex 146.775 130.866 4
    endloop
  endfacet
  facet normal -0.851171 -0.524889 0
    outer loop
      vertex 146.849 130.746 0
      vertex 146.775 130.866 4
      vertex 146.775 130.866 0
    endloop
  endfacet
  facet normal -0.851171 -0.524889 0
    outer loop
      vertex 146.775 130.866 4
      vertex 146.849 130.746 0
      vertex 146.849 130.746 4
    endloop
  endfacet
  facet normal -0.924532 -0.381105 0
    outer loop
      vertex 146.903 130.615 0
      vertex 146.849 130.746 4
      vertex 146.849 130.746 0
    endloop
  endfacet
  facet normal -0.924532 -0.381105 0
    outer loop
      vertex 146.849 130.746 4
      vertex 146.903 130.615 0
      vertex 146.903 130.615 4
    endloop
  endfacet
  facet normal -0.972194 -0.234178 0
    outer loop
      vertex 146.936 130.478 0
      vertex 146.903 130.615 4
      vertex 146.903 130.615 0
    endloop
  endfacet
  facet normal -0.972194 -0.234178 0
    outer loop
      vertex 146.903 130.615 4
      vertex 146.936 130.478 0
      vertex 146.936 130.478 4
    endloop
  endfacet
  facet normal -0.996971 -0.0777779 0
    outer loop
      vertex 146.947 130.337 0
      vertex 146.936 130.478 4
      vertex 146.936 130.478 0
    endloop
  endfacet
  facet normal -0.996971 -0.0777779 0
    outer loop
      vertex 146.936 130.478 4
      vertex 146.947 130.337 0
      vertex 146.947 130.337 4
    endloop
  endfacet
  facet normal -0.996971 0.0777779 0
    outer loop
      vertex 146.936 130.196 0
      vertex 146.947 130.337 4
      vertex 146.947 130.337 0
    endloop
  endfacet
  facet normal -0.996971 0.0777779 0
    outer loop
      vertex 146.947 130.337 4
      vertex 146.936 130.196 0
      vertex 146.936 130.196 4
    endloop
  endfacet
  facet normal -0.972194 0.234178 0
    outer loop
      vertex 146.903 130.059 0
      vertex 146.936 130.196 4
      vertex 146.936 130.196 0
    endloop
  endfacet
  facet normal -0.972194 0.234178 0
    outer loop
      vertex 146.936 130.196 4
      vertex 146.903 130.059 0
      vertex 146.903 130.059 4
    endloop
  endfacet
  facet normal -0.923497 0.383606 0
    outer loop
      vertex 146.849 129.929 0
      vertex 146.903 130.059 4
      vertex 146.903 130.059 0
    endloop
  endfacet
  facet normal -0.923497 0.383606 0
    outer loop
      vertex 146.903 130.059 4
      vertex 146.849 129.929 0
      vertex 146.849 129.929 4
    endloop
  endfacet
  facet normal -0.853108 0.521735 0
    outer loop
      vertex 146.775 129.808 0
      vertex 146.849 129.929 4
      vertex 146.849 129.929 0
    endloop
  endfacet
  facet normal -0.853108 0.521735 0
    outer loop
      vertex 146.849 129.929 4
      vertex 146.775 129.808 0
      vertex 146.775 129.808 4
    endloop
  endfacet
  facet normal -0.758255 0.651958 0
    outer loop
      vertex 146.683 129.701 0
      vertex 146.775 129.808 4
      vertex 146.775 129.808 0
    endloop
  endfacet
  facet normal -0.758255 0.651958 0
    outer loop
      vertex 146.775 129.808 4
      vertex 146.683 129.701 0
      vertex 146.683 129.701 4
    endloop
  endfacet
  facet normal -0.651958 0.758255 0
    outer loop
      vertex 146.683 129.701 0
      vertex 146.576 129.609 4
      vertex 146.683 129.701 4
    endloop
  endfacet
  facet normal -0.651958 0.758255 0
    outer loop
      vertex 146.576 129.609 4
      vertex 146.683 129.701 0
      vertex 146.576 129.609 0
    endloop
  endfacet
  facet normal -0.521735 0.853108 0
    outer loop
      vertex 146.576 129.609 0
      vertex 146.455 129.535 4
      vertex 146.576 129.609 4
    endloop
  endfacet
  facet normal -0.521735 0.853108 0
    outer loop
      vertex 146.455 129.535 4
      vertex 146.576 129.609 0
      vertex 146.455 129.535 0
    endloop
  endfacet
  facet normal -0.383606 0.923497 0
    outer loop
      vertex 146.455 129.535 0
      vertex 146.325 129.481 4
      vertex 146.455 129.535 4
    endloop
  endfacet
  facet normal -0.383606 0.923497 0
    outer loop
      vertex 146.325 129.481 4
      vertex 146.455 129.535 0
      vertex 146.325 129.481 0
    endloop
  endfacet
  facet normal -0.234178 0.972194 0
    outer loop
      vertex 146.325 129.481 0
      vertex 146.188 129.448 4
      vertex 146.325 129.481 4
    endloop
  endfacet
  facet normal -0.234178 0.972194 0
    outer loop
      vertex 146.188 129.448 4
      vertex 146.325 129.481 0
      vertex 146.188 129.448 0
    endloop
  endfacet
  facet normal -0.0777779 0.996971 0
    outer loop
      vertex 146.188 129.448 0
      vertex 146.047 129.437 4
      vertex 146.188 129.448 4
    endloop
  endfacet
  facet normal -0.0777779 0.996971 0
    outer loop
      vertex 146.047 129.437 4
      vertex 146.188 129.448 0
      vertex 146.047 129.437 0
    endloop
  endfacet
  facet normal 0.0777779 0.996971 -0
    outer loop
      vertex 146.047 129.437 0
      vertex 145.906 129.448 4
      vertex 146.047 129.437 4
    endloop
  endfacet
  facet normal 0.0777779 0.996971 0
    outer loop
      vertex 145.906 129.448 4
      vertex 146.047 129.437 0
      vertex 145.906 129.448 0
    endloop
  endfacet
  facet normal 0.233694 0.97231 -0
    outer loop
      vertex 85.906 129.448 0
      vertex 85.7687 129.481 4
      vertex 85.906 129.448 4
    endloop
  endfacet
  facet normal 0.233694 0.97231 0
    outer loop
      vertex 85.7687 129.481 4
      vertex 85.906 129.448 0
      vertex 85.7687 129.481 0
    endloop
  endfacet
  facet normal 0.382352 0.924017 -0
    outer loop
      vertex 85.7687 129.481 0
      vertex 85.6382 129.535 4
      vertex 85.7687 129.481 4
    endloop
  endfacet
  facet normal 0.382352 0.924017 0
    outer loop
      vertex 85.6382 129.535 4
      vertex 85.7687 129.481 0
      vertex 85.6382 129.535 0
    endloop
  endfacet
  facet normal 0.523624 0.85195 -0
    outer loop
      vertex 85.6382 129.535 0
      vertex 85.5178 129.609 4
      vertex 85.6382 129.535 4
    endloop
  endfacet
  facet normal 0.523624 0.85195 0
    outer loop
      vertex 85.5178 129.609 4
      vertex 85.6382 129.535 0
      vertex 85.5178 129.609 0
    endloop
  endfacet
  facet normal 0.650558 0.759456 -0
    outer loop
      vertex 85.5178 129.609 0
      vertex 85.4104 129.701 4
      vertex 85.5178 129.609 4
    endloop
  endfacet
  facet normal 0.650558 0.759456 0
    outer loop
      vertex 85.4104 129.701 4
      vertex 85.5178 129.609 0
      vertex 85.4104 129.701 0
    endloop
  endfacet
  facet normal 0.759307 0.650733 0
    outer loop
      vertex 85.4104 129.701 4
      vertex 85.3187 129.808 0
      vertex 85.3187 129.808 4
    endloop
  endfacet
  facet normal 0.759307 0.650733 0
    outer loop
      vertex 85.3187 129.808 0
      vertex 85.4104 129.701 4
      vertex 85.4104 129.701 0
    endloop
  endfacet
  facet normal 0.853735 0.520708 0
    outer loop
      vertex 85.3187 129.808 4
      vertex 85.2449 129.929 0
      vertex 85.2449 129.929 4
    endloop
  endfacet
  facet normal 0.853735 0.520708 0
    outer loop
      vertex 85.2449 129.929 0
      vertex 85.3187 129.808 4
      vertex 85.3187 129.808 0
    endloop
  endfacet
  facet normal 0.923497 0.383606 0
    outer loop
      vertex 85.2449 129.929 4
      vertex 85.1909 130.059 0
      vertex 85.1909 130.059 4
    endloop
  endfacet
  facet normal 0.923497 0.383606 0
    outer loop
      vertex 85.1909 130.059 0
      vertex 85.2449 129.929 4
      vertex 85.2449 129.929 0
    endloop
  endfacet
  facet normal 0.972194 0.234178 0
    outer loop
      vertex 85.1909 130.059 4
      vertex 85.1579 130.196 0
      vertex 85.1579 130.196 4
    endloop
  endfacet
  facet normal 0.972194 0.234178 0
    outer loop
      vertex 85.1579 130.196 0
      vertex 85.1909 130.059 4
      vertex 85.1909 130.059 0
    endloop
  endfacet
  facet normal 0.996916 0.0784806 0
    outer loop
      vertex 85.1579 130.196 4
      vertex 85.1468 130.337 0
      vertex 85.1468 130.337 4
    endloop
  endfacet
  facet normal 0.996916 0.0784806 0
    outer loop
      vertex 85.1468 130.337 0
      vertex 85.1579 130.196 4
      vertex 85.1579 130.196 0
    endloop
  endfacet
  facet normal 0.996916 -0.0784806 0
    outer loop
      vertex 85.1468 130.337 4
      vertex 85.1579 130.478 0
      vertex 85.1579 130.478 4
    endloop
  endfacet
  facet normal 0.996916 -0.0784806 0
    outer loop
      vertex 85.1579 130.478 0
      vertex 85.1468 130.337 4
      vertex 85.1468 130.337 0
    endloop
  endfacet
  facet normal 0.972194 -0.234178 0
    outer loop
      vertex 85.1579 130.478 4
      vertex 85.1909 130.615 0
      vertex 85.1909 130.615 4
    endloop
  endfacet
  facet normal 0.972194 -0.234178 0
    outer loop
      vertex 85.1909 130.615 0
      vertex 85.1579 130.478 4
      vertex 85.1579 130.478 0
    endloop
  endfacet
  facet normal 0.924532 -0.381105 0
    outer loop
      vertex 85.1909 130.615 4
      vertex 85.2449 130.746 0
      vertex 85.2449 130.746 4
    endloop
  endfacet
  facet normal 0.924532 -0.381105 0
    outer loop
      vertex 85.2449 130.746 0
      vertex 85.1909 130.615 4
      vertex 85.1909 130.615 0
    endloop
  endfacet
  facet normal 0.851805 -0.52386 0
    outer loop
      vertex 85.2449 130.746 4
      vertex 85.3187 130.866 0
      vertex 85.3187 130.866 4
    endloop
  endfacet
  facet normal 0.851805 -0.52386 0
    outer loop
      vertex 85.3187 130.866 0
      vertex 85.2449 130.746 4
      vertex 85.2449 130.746 0
    endloop
  endfacet
  facet normal 0.762288 -0.647239 0
    outer loop
      vertex 85.3187 130.866 4
      vertex 85.4104 130.974 0
      vertex 85.4104 130.974 4
    endloop
  endfacet
  facet normal 0.762288 -0.647239 0
    outer loop
      vertex 85.4104 130.974 0
      vertex 85.3187 130.866 4
      vertex 85.3187 130.866 0
    endloop
  endfacet
  facet normal 0.646452 -0.762955 0
    outer loop
      vertex 85.4104 130.974 0
      vertex 85.5178 131.065 4
      vertex 85.4104 130.974 4
    endloop
  endfacet
  facet normal 0.646452 -0.762955 0
    outer loop
      vertex 85.5178 131.065 4
      vertex 85.4104 130.974 0
      vertex 85.5178 131.065 0
    endloop
  endfacet
  facet normal 0.523624 -0.85195 0
    outer loop
      vertex 85.5178 131.065 0
      vertex 85.6382 131.139 4
      vertex 85.5178 131.065 4
    endloop
  endfacet
  facet normal 0.523624 -0.85195 0
    outer loop
      vertex 85.6382 131.139 4
      vertex 85.5178 131.065 0
      vertex 85.6382 131.139 0
    endloop
  endfacet
  facet normal 0.382352 -0.924017 0
    outer loop
      vertex 85.6382 131.139 0
      vertex 85.7687 131.193 4
      vertex 85.6382 131.139 4
    endloop
  endfacet
  facet normal 0.382352 -0.924017 0
    outer loop
      vertex 85.7687 131.193 4
      vertex 85.6382 131.139 0
      vertex 85.7687 131.193 0
    endloop
  endfacet
  facet normal 0.233694 -0.97231 0
    outer loop
      vertex 85.7687 131.193 0
      vertex 85.906 131.226 4
      vertex 85.7687 131.193 4
    endloop
  endfacet
  facet normal 0.233694 -0.97231 0
    outer loop
      vertex 85.906 131.226 4
      vertex 85.7687 131.193 0
      vertex 85.906 131.226 0
    endloop
  endfacet
  facet normal 0.0778877 -0.996962 0
    outer loop
      vertex 85.906 131.226 0
      vertex 86.0468 131.237 4
      vertex 85.906 131.226 4
    endloop
  endfacet
  facet normal 0.0778877 -0.996962 0
    outer loop
      vertex 86.0468 131.237 4
      vertex 85.906 131.226 0
      vertex 86.0468 131.237 0
    endloop
  endfacet
  facet normal -0.0778877 -0.996962 0
    outer loop
      vertex 86.0468 131.237 0
      vertex 86.1876 131.226 4
      vertex 86.0468 131.237 4
    endloop
  endfacet
  facet normal -0.0778877 -0.996962 -0
    outer loop
      vertex 86.1876 131.226 4
      vertex 86.0468 131.237 0
      vertex 86.1876 131.226 0
    endloop
  endfacet
  facet normal -0.233694 -0.97231 0
    outer loop
      vertex 86.1876 131.226 0
      vertex 86.3249 131.193 4
      vertex 86.1876 131.226 4
    endloop
  endfacet
  facet normal -0.233694 -0.97231 -0
    outer loop
      vertex 86.3249 131.193 4
      vertex 86.1876 131.226 0
      vertex 86.3249 131.193 0
    endloop
  endfacet
  facet normal -0.382352 -0.924017 0
    outer loop
      vertex 86.3249 131.193 0
      vertex 86.4554 131.139 4
      vertex 86.3249 131.193 4
    endloop
  endfacet
  facet normal -0.382352 -0.924017 -0
    outer loop
      vertex 86.4554 131.139 4
      vertex 86.3249 131.193 0
      vertex 86.4554 131.139 0
    endloop
  endfacet
  facet normal -0.523624 -0.85195 0
    outer loop
      vertex 86.4554 131.139 0
      vertex 86.5758 131.065 4
      vertex 86.4554 131.139 4
    endloop
  endfacet
  facet normal -0.523624 -0.85195 -0
    outer loop
      vertex 86.5758 131.065 4
      vertex 86.4554 131.139 0
      vertex 86.5758 131.065 0
    endloop
  endfacet
  facet normal -0.646452 -0.762955 0
    outer loop
      vertex 86.5758 131.065 0
      vertex 86.6832 130.974 4
      vertex 86.5758 131.065 4
    endloop
  endfacet
  facet normal -0.646452 -0.762955 -0
    outer loop
      vertex 86.6832 130.974 4
      vertex 86.5758 131.065 0
      vertex 86.6832 130.974 0
    endloop
  endfacet
  facet normal -0.762288 -0.647239 0
    outer loop
      vertex 86.7749 130.866 0
      vertex 86.6832 130.974 4
      vertex 86.6832 130.974 0
    endloop
  endfacet
  facet normal -0.762288 -0.647239 0
    outer loop
      vertex 86.6832 130.974 4
      vertex 86.7749 130.866 0
      vertex 86.7749 130.866 4
    endloop
  endfacet
  facet normal -0.851805 -0.52386 0
    outer loop
      vertex 86.8487 130.746 0
      vertex 86.7749 130.866 4
      vertex 86.7749 130.866 0
    endloop
  endfacet
  facet normal -0.851805 -0.52386 0
    outer loop
      vertex 86.7749 130.866 4
      vertex 86.8487 130.746 0
      vertex 86.8487 130.746 4
    endloop
  endfacet
  facet normal -0.924283 -0.381708 0
    outer loop
      vertex 86.9028 130.615 0
      vertex 86.8487 130.746 4
      vertex 86.8487 130.746 0
    endloop
  endfacet
  facet normal -0.924283 -0.381708 0
    outer loop
      vertex 86.8487 130.746 4
      vertex 86.9028 130.615 0
      vertex 86.9028 130.615 4
    endloop
  endfacet
  facet normal -0.972355 -0.233507 0
    outer loop
      vertex 86.9357 130.478 0
      vertex 86.9028 130.615 4
      vertex 86.9028 130.615 0
    endloop
  endfacet
  facet normal -0.972355 -0.233507 0
    outer loop
      vertex 86.9028 130.615 4
      vertex 86.9357 130.478 0
      vertex 86.9357 130.478 4
    endloop
  endfacet
  facet normal -0.996916 -0.0784806 0
    outer loop
      vertex 86.9468 130.337 0
      vertex 86.9357 130.478 4
      vertex 86.9357 130.478 0
    endloop
  endfacet
  facet normal -0.996916 -0.0784806 0
    outer loop
      vertex 86.9357 130.478 4
      vertex 86.9468 130.337 0
      vertex 86.9468 130.337 4
    endloop
  endfacet
  facet normal -0.996916 0.0784806 0
    outer loop
      vertex 86.9357 130.196 0
      vertex 86.9468 130.337 4
      vertex 86.9468 130.337 0
    endloop
  endfacet
  facet normal -0.996916 0.0784806 0
    outer loop
      vertex 86.9468 130.337 4
      vertex 86.9357 130.196 0
      vertex 86.9357 130.196 4
    endloop
  endfacet
  facet normal -0.972355 0.233507 0
    outer loop
      vertex 86.9028 130.059 0
      vertex 86.9357 130.196 4
      vertex 86.9357 130.196 0
    endloop
  endfacet
  facet normal -0.972355 0.233507 0
    outer loop
      vertex 86.9357 130.196 4
      vertex 86.9028 130.059 0
      vertex 86.9028 130.059 4
    endloop
  endfacet
  facet normal -0.923245 0.384212 0
    outer loop
      vertex 86.8487 129.929 0
      vertex 86.9028 130.059 4
      vertex 86.9028 130.059 0
    endloop
  endfacet
  facet normal -0.923245 0.384212 0
    outer loop
      vertex 86.9028 130.059 4
      vertex 86.8487 129.929 0
      vertex 86.8487 129.929 4
    endloop
  endfacet
  facet normal -0.853735 0.520708 0
    outer loop
      vertex 86.7749 129.808 0
      vertex 86.8487 129.929 4
      vertex 86.8487 129.929 0
    endloop
  endfacet
  facet normal -0.853735 0.520708 0
    outer loop
      vertex 86.8487 129.929 4
      vertex 86.7749 129.808 0
      vertex 86.7749 129.808 4
    endloop
  endfacet
  facet normal -0.759307 0.650733 0
    outer loop
      vertex 86.6832 129.701 0
      vertex 86.7749 129.808 4
      vertex 86.7749 129.808 0
    endloop
  endfacet
  facet normal -0.759307 0.650733 0
    outer loop
      vertex 86.7749 129.808 4
      vertex 86.6832 129.701 0
      vertex 86.6832 129.701 4
    endloop
  endfacet
  facet normal -0.650558 0.759456 0
    outer loop
      vertex 86.6832 129.701 0
      vertex 86.5758 129.609 4
      vertex 86.6832 129.701 4
    endloop
  endfacet
  facet normal -0.650558 0.759456 0
    outer loop
      vertex 86.5758 129.609 4
      vertex 86.6832 129.701 0
      vertex 86.5758 129.609 0
    endloop
  endfacet
  facet normal -0.523624 0.85195 0
    outer loop
      vertex 86.5758 129.609 0
      vertex 86.4554 129.535 4
      vertex 86.5758 129.609 4
    endloop
  endfacet
  facet normal -0.523624 0.85195 0
    outer loop
      vertex 86.4554 129.535 4
      vertex 86.5758 129.609 0
      vertex 86.4554 129.535 0
    endloop
  endfacet
  facet normal -0.382352 0.924017 0
    outer loop
      vertex 86.4554 129.535 0
      vertex 86.3249 129.481 4
      vertex 86.4554 129.535 4
    endloop
  endfacet
  facet normal -0.382352 0.924017 0
    outer loop
      vertex 86.3249 129.481 4
      vertex 86.4554 129.535 0
      vertex 86.3249 129.481 0
    endloop
  endfacet
  facet normal -0.233694 0.97231 0
    outer loop
      vertex 86.3249 129.481 0
      vertex 86.1876 129.448 4
      vertex 86.3249 129.481 4
    endloop
  endfacet
  facet normal -0.233694 0.97231 0
    outer loop
      vertex 86.1876 129.448 4
      vertex 86.3249 129.481 0
      vertex 86.1876 129.448 0
    endloop
  endfacet
  facet normal -0.0778877 0.996962 0
    outer loop
      vertex 86.1876 129.448 0
      vertex 86.0468 129.437 4
      vertex 86.1876 129.448 4
    endloop
  endfacet
  facet normal -0.0778877 0.996962 0
    outer loop
      vertex 86.0468 129.437 4
      vertex 86.1876 129.448 0
      vertex 86.0468 129.437 0
    endloop
  endfacet
  facet normal 0.0778877 0.996962 -0
    outer loop
      vertex 86.0468 129.437 0
      vertex 85.906 129.448 4
      vertex 86.0468 129.437 4
    endloop
  endfacet
  facet normal 0.0778877 0.996962 0
    outer loop
      vertex 85.906 129.448 4
      vertex 86.0468 129.437 0
      vertex 85.906 129.448 0
    endloop
  endfacet
  facet normal 0 -1 0
    outer loop
      vertex 46.0668 126 0
      vertex 79.8226 126 4
      vertex 46.0668 126 4
    endloop
  endfacet
  facet normal 0 -1 -0
    outer loop
      vertex 79.8226 126 4
      vertex 46.0668 126 0
      vertex 79.8226 126 0
    endloop
  endfacet
  facet normal -0.988593 0.150609 0
    outer loop
      vertex 78.2062 115.39 0
      vertex 79.8226 126 4
      vertex 79.8226 126 0
    endloop
  endfacet
  facet normal -0.988593 0.150609 0
    outer loop
      vertex 79.8226 126 4
      vertex 78.2062 115.39 0
      vertex 78.2062 115.39 4
    endloop
  endfacet
  facet normal 0.313484 0.949593 -0
    outer loop
      vertex 78.2062 115.39 0
      vertex 46.0668 126 4
      vertex 78.2062 115.39 4
    endloop
  endfacet
  facet normal 0.313484 0.949593 0
    outer loop
      vertex 46.0668 126 4
      vertex 78.2062 115.39 0
      vertex 46.0668 126 0
    endloop
  endfacet
  facet normal 0.231621 0.972806 -0
    outer loop
      vertex 89.5737 101.309 0
      vertex 89.1579 101.408 4
      vertex 89.5737 101.309 4
    endloop
  endfacet
  facet normal 0.231621 0.972806 0
    outer loop
      vertex 89.1579 101.408 4
      vertex 89.5737 101.309 0
      vertex 89.1579 101.408 0
    endloop
  endfacet
  facet normal 0.383453 0.92356 -0
    outer loop
      vertex 89.1579 101.408 0
      vertex 88.7629 101.572 4
      vertex 89.1579 101.408 4
    endloop
  endfacet
  facet normal 0.383453 0.92356 0
    outer loop
      vertex 88.7629 101.572 4
      vertex 89.1579 101.408 0
      vertex 88.7629 101.572 0
    endloop
  endfacet
  facet normal 0.521772 0.853085 -0
    outer loop
      vertex 88.7629 101.572 0
      vertex 88.3983 101.795 4
      vertex 88.7629 101.572 4
    endloop
  endfacet
  facet normal 0.521772 0.853085 0
    outer loop
      vertex 88.3983 101.795 4
      vertex 88.7629 101.572 0
      vertex 88.3983 101.795 0
    endloop
  endfacet
  facet normal 0.64979 0.760114 -0
    outer loop
      vertex 88.3983 101.795 0
      vertex 88.0731 102.073 4
      vertex 88.3983 101.795 4
    endloop
  endfacet
  facet normal 0.64979 0.760114 0
    outer loop
      vertex 88.0731 102.073 4
      vertex 88.3983 101.795 0
      vertex 88.0731 102.073 0
    endloop
  endfacet
  facet normal 0.760263 0.649615 0
    outer loop
      vertex 88.0731 102.073 4
      vertex 87.7954 102.398 0
      vertex 87.7954 102.398 4
    endloop
  endfacet
  facet normal 0.760263 0.649615 0
    outer loop
      vertex 87.7954 102.398 0
      vertex 88.0731 102.073 4
      vertex 88.0731 102.073 0
    endloop
  endfacet
  facet normal 0.852924 0.522036 0
    outer loop
      vertex 87.7954 102.398 4
      vertex 87.572 102.763 0
      vertex 87.572 102.763 4
    endloop
  endfacet
  facet normal 0.852924 0.522036 0
    outer loop
      vertex 87.572 102.763 0
      vertex 87.7954 102.398 4
      vertex 87.7954 102.398 0
    endloop
  endfacet
  facet normal 0.923891 0.382655 0
    outer loop
      vertex 87.572 102.763 4
      vertex 87.4084 103.158 0
      vertex 87.4084 103.158 4
    endloop
  endfacet
  facet normal 0.923891 0.382655 0
    outer loop
      vertex 87.4084 103.158 0
      vertex 87.572 102.763 4
      vertex 87.572 102.763 0
    endloop
  endfacet
  facet normal 0.972409 0.233285 0
    outer loop
      vertex 87.4084 103.158 4
      vertex 87.3086 103.574 0
      vertex 87.3086 103.574 4
    endloop
  endfacet
  facet normal 0.972409 0.233285 0
    outer loop
      vertex 87.3086 103.574 0
      vertex 87.4084 103.158 4
      vertex 87.4084 103.158 0
    endloop
  endfacet
  facet normal 0.996904 0.078629 0
    outer loop
      vertex 87.3086 103.574 4
      vertex 87.275 104 0
      vertex 87.275 104 4
    endloop
  endfacet
  facet normal 0.996904 0.078629 0
    outer loop
      vertex 87.275 104 0
      vertex 87.3086 103.574 4
      vertex 87.3086 103.574 0
    endloop
  endfacet
  facet normal 0.996904 -0.078629 0
    outer loop
      vertex 87.275 104 4
      vertex 87.3086 104.426 0
      vertex 87.3086 104.426 4
    endloop
  endfacet
  facet normal 0.996904 -0.078629 0
    outer loop
      vertex 87.3086 104.426 0
      vertex 87.275 104 4
      vertex 87.275 104 0
    endloop
  endfacet
  facet normal 0.972409 -0.233285 0
    outer loop
      vertex 87.3086 104.426 4
      vertex 87.4084 104.842 0
      vertex 87.4084 104.842 4
    endloop
  endfacet
  facet normal 0.972409 -0.233285 0
    outer loop
      vertex 87.4084 104.842 0
      vertex 87.3086 104.426 4
      vertex 87.3086 104.426 0
    endloop
  endfacet
  facet normal 0.923891 -0.382655 0
    outer loop
      vertex 87.4084 104.842 4
      vertex 87.572 105.237 0
      vertex 87.572 105.237 4
    endloop
  endfacet
  facet normal 0.923891 -0.382655 0
    outer loop
      vertex 87.572 105.237 0
      vertex 87.4084 104.842 4
      vertex 87.4084 104.842 0
    endloop
  endfacet
  facet normal 0.852924 -0.522036 0
    outer loop
      vertex 87.572 105.237 4
      vertex 87.7954 105.602 0
      vertex 87.7954 105.602 4
    endloop
  endfacet
  facet normal 0.852924 -0.522036 0
    outer loop
      vertex 87.7954 105.602 0
      vertex 87.572 105.237 4
      vertex 87.572 105.237 0
    endloop
  endfacet
  facet normal 0.760263 -0.649615 0
    outer loop
      vertex 87.7954 105.602 4
      vertex 88.0731 105.927 0
      vertex 88.0731 105.927 4
    endloop
  endfacet
  facet normal 0.760263 -0.649615 0
    outer loop
      vertex 88.0731 105.927 0
      vertex 87.7954 105.602 4
      vertex 87.7954 105.602 0
    endloop
  endfacet
  facet normal 0.64979 -0.760114 0
    outer loop
      vertex 88.0731 105.927 0
      vertex 88.3983 106.205 4
      vertex 88.0731 105.927 4
    endloop
  endfacet
  facet normal 0.64979 -0.760114 0
    outer loop
      vertex 88.3983 106.205 4
      vertex 88.0731 105.927 0
      vertex 88.3983 106.205 0
    endloop
  endfacet
  facet normal 0.521772 -0.853085 0
    outer loop
      vertex 88.3983 106.205 0
      vertex 88.7629 106.428 4
      vertex 88.3983 106.205 4
    endloop
  endfacet
  facet normal 0.521772 -0.853085 0
    outer loop
      vertex 88.7629 106.428 4
      vertex 88.3983 106.205 0
      vertex 88.7629 106.428 0
    endloop
  endfacet
  facet normal 0.383453 -0.92356 0
    outer loop
      vertex 88.7629 106.428 0
      vertex 89.1579 106.592 4
      vertex 88.7629 106.428 4
    endloop
  endfacet
  facet normal 0.383453 -0.92356 0
    outer loop
      vertex 89.1579 106.592 4
      vertex 88.7629 106.428 0
      vertex 89.1579 106.592 0
    endloop
  endfacet
  facet normal 0.231621 -0.972806 0
    outer loop
      vertex 89.1579 106.592 0
      vertex 89.5737 106.691 4
      vertex 89.1579 106.592 4
    endloop
  endfacet
  facet normal 0.231621 -0.972806 0
    outer loop
      vertex 89.5737 106.691 4
      vertex 89.1579 106.592 0
      vertex 89.5737 106.691 0
    endloop
  endfacet
  facet normal 0.0795036 -0.996835 0
    outer loop
      vertex 89.5737 106.691 0
      vertex 90 106.725 4
      vertex 89.5737 106.691 4
    endloop
  endfacet
  facet normal 0.0795036 -0.996835 0
    outer loop
      vertex 90 106.725 4
      vertex 89.5737 106.691 0
      vertex 90 106.725 0
    endloop
  endfacet
  facet normal -0.0795036 -0.996835 0
    outer loop
      vertex 90 106.725 0
      vertex 90.4263 106.691 4
      vertex 90 106.725 4
    endloop
  endfacet
  facet normal -0.0795036 -0.996835 -0
    outer loop
      vertex 90.4263 106.691 4
      vertex 90 106.725 0
      vertex 90.4263 106.691 0
    endloop
  endfacet
  facet normal -0.231621 -0.972806 0
    outer loop
      vertex 90.4263 106.691 0
      vertex 90.8421 106.592 4
      vertex 90.4263 106.691 4
    endloop
  endfacet
  facet normal -0.231621 -0.972806 -0
    outer loop
      vertex 90.8421 106.592 4
      vertex 90.4263 106.691 0
      vertex 90.8421 106.592 0
    endloop
  endfacet
  facet normal -0.383453 -0.92356 0
    outer loop
      vertex 90.8421 106.592 0
      vertex 91.2371 106.428 4
      vertex 90.8421 106.592 4
    endloop
  endfacet
  facet normal -0.383453 -0.92356 -0
    outer loop
      vertex 91.2371 106.428 4
      vertex 90.8421 106.592 0
      vertex 91.2371 106.428 0
    endloop
  endfacet
  facet normal -0.521772 -0.853085 0
    outer loop
      vertex 91.2371 106.428 0
      vertex 91.6017 106.205 4
      vertex 91.2371 106.428 4
    endloop
  endfacet
  facet normal -0.521772 -0.853085 -0
    outer loop
      vertex 91.6017 106.205 4
      vertex 91.2371 106.428 0
      vertex 91.6017 106.205 0
    endloop
  endfacet
  facet normal -0.64979 -0.760114 0
    outer loop
      vertex 91.6017 106.205 0
      vertex 91.9269 105.927 4
      vertex 91.6017 106.205 4
    endloop
  endfacet
  facet normal -0.64979 -0.760114 -0
    outer loop
      vertex 91.9269 105.927 4
      vertex 91.6017 106.205 0
      vertex 91.9269 105.927 0
    endloop
  endfacet
  facet normal -0.760263 -0.649615 0
    outer loop
      vertex 92.2046 105.602 0
      vertex 91.9269 105.927 4
      vertex 91.9269 105.927 0
    endloop
  endfacet
  facet normal -0.760263 -0.649615 0
    outer loop
      vertex 91.9269 105.927 4
      vertex 92.2046 105.602 0
      vertex 92.2046 105.602 4
    endloop
  endfacet
  facet normal -0.852924 -0.522036 0
    outer loop
      vertex 92.428 105.237 0
      vertex 92.2046 105.602 4
      vertex 92.2046 105.602 0
    endloop
  endfacet
  facet normal -0.852924 -0.522036 0
    outer loop
      vertex 92.2046 105.602 4
      vertex 92.428 105.237 0
      vertex 92.428 105.237 4
    endloop
  endfacet
  facet normal -0.923891 -0.382655 0
    outer loop
      vertex 92.5916 104.842 0
      vertex 92.428 105.237 4
      vertex 92.428 105.237 0
    endloop
  endfacet
  facet normal -0.923891 -0.382655 0
    outer loop
      vertex 92.428 105.237 4
      vertex 92.5916 104.842 0
      vertex 92.5916 104.842 4
    endloop
  endfacet
  facet normal -0.972355 -0.233506 0
    outer loop
      vertex 92.6915 104.426 0
      vertex 92.5916 104.842 4
      vertex 92.5916 104.842 0
    endloop
  endfacet
  facet normal -0.972355 -0.233506 0
    outer loop
      vertex 92.5916 104.842 4
      vertex 92.6915 104.426 0
      vertex 92.6915 104.426 4
    endloop
  endfacet
  facet normal -0.996922 -0.0783965 0
    outer loop
      vertex 92.725 104 0
      vertex 92.6915 104.426 4
      vertex 92.6915 104.426 0
    endloop
  endfacet
  facet normal -0.996922 -0.0783965 0
    outer loop
      vertex 92.6915 104.426 4
      vertex 92.725 104 0
      vertex 92.725 104 4
    endloop
  endfacet
  facet normal -0.996922 0.0783965 0
    outer loop
      vertex 92.6915 103.574 0
      vertex 92.725 104 4
      vertex 92.725 104 0
    endloop
  endfacet
  facet normal -0.996922 0.0783965 0
    outer loop
      vertex 92.725 104 4
      vertex 92.6915 103.574 0
      vertex 92.6915 103.574 4
    endloop
  endfacet
  facet normal -0.972355 0.233506 0
    outer loop
      vertex 92.5916 103.158 0
      vertex 92.6915 103.574 4
      vertex 92.6915 103.574 0
    endloop
  endfacet
  facet normal -0.972355 0.233506 0
    outer loop
      vertex 92.6915 103.574 4
      vertex 92.5916 103.158 0
      vertex 92.5916 103.158 4
    endloop
  endfacet
  facet normal -0.923891 0.382655 0
    outer loop
      vertex 92.428 102.763 0
      vertex 92.5916 103.158 4
      vertex 92.5916 103.158 0
    endloop
  endfacet
  facet normal -0.923891 0.382655 0
    outer loop
      vertex 92.5916 103.158 4
      vertex 92.428 102.763 0
      vertex 92.428 102.763 4
    endloop
  endfacet
  facet normal -0.852924 0.522036 0
    outer loop
      vertex 92.2046 102.398 0
      vertex 92.428 102.763 4
      vertex 92.428 102.763 0
    endloop
  endfacet
  facet normal -0.852924 0.522036 0
    outer loop
      vertex 92.428 102.763 4
      vertex 92.2046 102.398 0
      vertex 92.2046 102.398 4
    endloop
  endfacet
  facet normal -0.760263 0.649615 0
    outer loop
      vertex 91.9269 102.073 0
      vertex 92.2046 102.398 4
      vertex 92.2046 102.398 0
    endloop
  endfacet
  facet normal -0.760263 0.649615 0
    outer loop
      vertex 92.2046 102.398 4
      vertex 91.9269 102.073 0
      vertex 91.9269 102.073 4
    endloop
  endfacet
  facet normal -0.64979 0.760114 0
    outer loop
      vertex 91.9269 102.073 0
      vertex 91.6017 101.795 4
      vertex 91.9269 102.073 4
    endloop
  endfacet
  facet normal -0.64979 0.760114 0
    outer loop
      vertex 91.6017 101.795 4
      vertex 91.9269 102.073 0
      vertex 91.6017 101.795 0
    endloop
  endfacet
  facet normal -0.521772 0.853085 0
    outer loop
      vertex 91.6017 101.795 0
      vertex 91.2371 101.572 4
      vertex 91.6017 101.795 4
    endloop
  endfacet
  facet normal -0.521772 0.853085 0
    outer loop
      vertex 91.2371 101.572 4
      vertex 91.6017 101.795 0
      vertex 91.2371 101.572 0
    endloop
  endfacet
  facet normal -0.383453 0.92356 0
    outer loop
      vertex 91.2371 101.572 0
      vertex 90.8421 101.408 4
      vertex 91.2371 101.572 4
    endloop
  endfacet
  facet normal -0.383453 0.92356 0
    outer loop
      vertex 90.8421 101.408 4
      vertex 91.2371 101.572 0
      vertex 90.8421 101.408 0
    endloop
  endfacet
  facet normal -0.231621 0.972806 0
    outer loop
      vertex 90.8421 101.408 0
      vertex 90.4263 101.309 4
      vertex 90.8421 101.408 4
    endloop
  endfacet
  facet normal -0.231621 0.972806 0
    outer loop
      vertex 90.4263 101.309 4
      vertex 90.8421 101.408 0
      vertex 90.4263 101.309 0
    endloop
  endfacet
  facet normal -0.0795036 0.996835 0
    outer loop
      vertex 90.4263 101.309 0
      vertex 90 101.275 4
      vertex 90.4263 101.309 4
    endloop
  endfacet
  facet normal -0.0795036 0.996835 0
    outer loop
      vertex 90 101.275 4
      vertex 90.4263 101.309 0
      vertex 90 101.275 0
    endloop
  endfacet
  facet normal 0.0795036 0.996835 -0
    outer loop
      vertex 90 101.275 0
      vertex 89.5737 101.309 4
      vertex 90 101.275 4
    endloop
  endfacet
  facet normal 0.0795036 0.996835 0
    outer loop
      vertex 89.5737 101.309 4
      vertex 90 101.275 0
      vertex 89.5737 101.309 0
    endloop
  endfacet
  facet normal 0.231515 0.972831 -0
    outer loop
      vertex 149.574 101.309 0
      vertex 149.158 101.408 4
      vertex 149.574 101.309 4
    endloop
  endfacet
  facet normal 0.231515 0.972831 0
    outer loop
      vertex 149.158 101.408 4
      vertex 149.574 101.309 0
      vertex 149.158 101.408 0
    endloop
  endfacet
  facet normal 0.383453 0.92356 -0
    outer loop
      vertex 149.158 101.408 0
      vertex 148.763 101.572 4
      vertex 149.158 101.408 4
    endloop
  endfacet
  facet normal 0.383453 0.92356 0
    outer loop
      vertex 148.763 101.572 4
      vertex 149.158 101.408 0
      vertex 148.763 101.572 0
    endloop
  endfacet
  facet normal 0.521355 0.85334 -0
    outer loop
      vertex 148.763 101.572 0
      vertex 148.398 101.795 4
      vertex 148.763 101.572 4
    endloop
  endfacet
  facet normal 0.521355 0.85334 0
    outer loop
      vertex 148.398 101.795 4
      vertex 148.763 101.572 0
      vertex 148.398 101.795 0
    endloop
  endfacet
  facet normal 0.650021 0.759916 -0
    outer loop
      vertex 148.398 101.795 0
      vertex 148.073 102.073 4
      vertex 148.398 101.795 4
    endloop
  endfacet
  facet normal 0.650021 0.759916 0
    outer loop
      vertex 148.073 102.073 4
      vertex 148.398 101.795 0
      vertex 148.073 102.073 0
    endloop
  endfacet
  facet normal 0.759916 0.650021 0
    outer loop
      vertex 148.073 102.073 4
      vertex 147.795 102.398 0
      vertex 147.795 102.398 4
    endloop
  endfacet
  facet normal 0.759916 0.650021 0
    outer loop
      vertex 147.795 102.398 0
      vertex 148.073 102.073 4
      vertex 148.073 102.073 0
    endloop
  endfacet
  facet normal 0.85334 0.521355 0
    outer loop
      vertex 147.795 102.398 4
      vertex 147.572 102.763 0
      vertex 147.572 102.763 4
    endloop
  endfacet
  facet normal 0.85334 0.521355 0
    outer loop
      vertex 147.572 102.763 0
      vertex 147.795 102.398 4
      vertex 147.795 102.398 0
    endloop
  endfacet
  facet normal 0.92356 0.383453 0
    outer loop
      vertex 147.572 102.763 4
      vertex 147.408 103.158 0
      vertex 147.408 103.158 4
    endloop
  endfacet
  facet normal 0.92356 0.383453 0
    outer loop
      vertex 147.408 103.158 0
      vertex 147.572 102.763 4
      vertex 147.572 102.763 0
    endloop
  endfacet
  facet normal 0.972831 0.231515 0
    outer loop
      vertex 147.408 103.158 4
      vertex 147.309 103.574 0
      vertex 147.309 103.574 4
    endloop
  endfacet
  facet normal 0.972831 0.231515 0
    outer loop
      vertex 147.309 103.574 0
      vertex 147.408 103.158 4
      vertex 147.408 103.158 0
    endloop
  endfacet
  facet normal 0.99683 0.0795592 0
    outer loop
      vertex 147.309 103.574 4
      vertex 147.275 104 0
      vertex 147.275 104 4
    endloop
  endfacet
  facet normal 0.99683 0.0795592 0
    outer loop
      vertex 147.275 104 0
      vertex 147.309 103.574 4
      vertex 147.309 103.574 0
    endloop
  endfacet
  facet normal 0.99683 -0.0795592 0
    outer loop
      vertex 147.275 104 4
      vertex 147.309 104.426 0
      vertex 147.309 104.426 4
    endloop
  endfacet
  facet normal 0.99683 -0.0795592 0
    outer loop
      vertex 147.309 104.426 0
      vertex 147.275 104 4
      vertex 147.275 104 0
    endloop
  endfacet
  facet normal 0.972831 -0.231515 0
    outer loop
      vertex 147.309 104.426 4
      vertex 147.408 104.842 0
      vertex 147.408 104.842 4
    endloop
  endfacet
  facet normal 0.972831 -0.231515 0
    outer loop
      vertex 147.408 104.842 0
      vertex 147.309 104.426 4
      vertex 147.309 104.426 0
    endloop
  endfacet
  facet normal 0.92356 -0.383453 0
    outer loop
      vertex 147.408 104.842 4
      vertex 147.572 105.237 0
      vertex 147.572 105.237 4
    endloop
  endfacet
  facet normal 0.92356 -0.383453 0
    outer loop
      vertex 147.572 105.237 0
      vertex 147.408 104.842 4
      vertex 147.408 104.842 0
    endloop
  endfacet
  facet normal 0.85334 -0.521355 0
    outer loop
      vertex 147.572 105.237 4
      vertex 147.795 105.602 0
      vertex 147.795 105.602 4
    endloop
  endfacet
  facet normal 0.85334 -0.521355 0
    outer loop
      vertex 147.795 105.602 0
      vertex 147.572 105.237 4
      vertex 147.572 105.237 0
    endloop
  endfacet
  facet normal 0.759916 -0.650021 0
    outer loop
      vertex 147.795 105.602 4
      vertex 148.073 105.927 0
      vertex 148.073 105.927 4
    endloop
  endfacet
  facet normal 0.759916 -0.650021 0
    outer loop
      vertex 148.073 105.927 0
      vertex 147.795 105.602 4
      vertex 147.795 105.602 0
    endloop
  endfacet
  facet normal 0.650021 -0.759916 0
    outer loop
      vertex 148.073 105.927 0
      vertex 148.398 106.205 4
      vertex 148.073 105.927 4
    endloop
  endfacet
  facet normal 0.650021 -0.759916 0
    outer loop
      vertex 148.398 106.205 4
      vertex 148.073 105.927 0
      vertex 148.398 106.205 0
    endloop
  endfacet
  facet normal 0.521355 -0.85334 0
    outer loop
      vertex 148.398 106.205 0
      vertex 148.763 106.428 4
      vertex 148.398 106.205 4
    endloop
  endfacet
  facet normal 0.521355 -0.85334 0
    outer loop
      vertex 148.763 106.428 4
      vertex 148.398 106.205 0
      vertex 148.763 106.428 0
    endloop
  endfacet
  facet normal 0.383453 -0.92356 0
    outer loop
      vertex 148.763 106.428 0
      vertex 149.158 106.592 4
      vertex 148.763 106.428 4
    endloop
  endfacet
  facet normal 0.383453 -0.92356 0
    outer loop
      vertex 149.158 106.592 4
      vertex 148.763 106.428 0
      vertex 149.158 106.592 0
    endloop
  endfacet
  facet normal 0.231515 -0.972831 0
    outer loop
      vertex 149.158 106.592 0
      vertex 149.574 106.691 4
      vertex 149.158 106.592 4
    endloop
  endfacet
  facet normal 0.231515 -0.972831 0
    outer loop
      vertex 149.574 106.691 4
      vertex 149.158 106.592 0
      vertex 149.574 106.691 0
    endloop
  endfacet
  facet normal 0.0795592 -0.99683 0
    outer loop
      vertex 149.574 106.691 0
      vertex 150 106.725 4
      vertex 149.574 106.691 4
    endloop
  endfacet
  facet normal 0.0795592 -0.99683 0
    outer loop
      vertex 150 106.725 4
      vertex 149.574 106.691 0
      vertex 150 106.725 0
    endloop
  endfacet
  facet normal -0.0795592 -0.99683 0
    outer loop
      vertex 150 106.725 0
      vertex 150.426 106.691 4
      vertex 150 106.725 4
    endloop
  endfacet
  facet normal -0.0795592 -0.99683 -0
    outer loop
      vertex 150.426 106.691 4
      vertex 150 106.725 0
      vertex 150.426 106.691 0
    endloop
  endfacet
  facet normal -0.231515 -0.972831 0
    outer loop
      vertex 150.426 106.691 0
      vertex 150.842 106.592 4
      vertex 150.426 106.691 4
    endloop
  endfacet
  facet normal -0.231515 -0.972831 -0
    outer loop
      vertex 150.842 106.592 4
      vertex 150.426 106.691 0
      vertex 150.842 106.592 0
    endloop
  endfacet
  facet normal -0.383453 -0.92356 0
    outer loop
      vertex 150.842 106.592 0
      vertex 151.237 106.428 4
      vertex 150.842 106.592 4
    endloop
  endfacet
  facet normal -0.383453 -0.92356 -0
    outer loop
      vertex 151.237 106.428 4
      vertex 150.842 106.592 0
      vertex 151.237 106.428 0
    endloop
  endfacet
  facet normal -0.521355 -0.85334 0
    outer loop
      vertex 151.237 106.428 0
      vertex 151.602 106.205 4
      vertex 151.237 106.428 4
    endloop
  endfacet
  facet normal -0.521355 -0.85334 -0
    outer loop
      vertex 151.602 106.205 4
      vertex 151.237 106.428 0
      vertex 151.602 106.205 0
    endloop
  endfacet
  facet normal -0.650021 -0.759916 0
    outer loop
      vertex 151.602 106.205 0
      vertex 151.927 105.927 4
      vertex 151.602 106.205 4
    endloop
  endfacet
  facet normal -0.650021 -0.759916 -0
    outer loop
      vertex 151.927 105.927 4
      vertex 151.602 106.205 0
      vertex 151.927 105.927 0
    endloop
  endfacet
  facet normal -0.759916 -0.650021 0
    outer loop
      vertex 152.205 105.602 0
      vertex 151.927 105.927 4
      vertex 151.927 105.927 0
    endloop
  endfacet
  facet normal -0.759916 -0.650021 0
    outer loop
      vertex 151.927 105.927 4
      vertex 152.205 105.602 0
      vertex 152.205 105.602 4
    endloop
  endfacet
  facet normal -0.85334 -0.521355 0
    outer loop
      vertex 152.428 105.237 0
      vertex 152.205 105.602 4
      vertex 152.205 105.602 0
    endloop
  endfacet
  facet normal -0.85334 -0.521355 0
    outer loop
      vertex 152.205 105.602 4
      vertex 152.428 105.237 0
      vertex 152.428 105.237 4
    endloop
  endfacet
  facet normal -0.92356 -0.383453 0
    outer loop
      vertex 152.592 104.842 0
      vertex 152.428 105.237 4
      vertex 152.428 105.237 0
    endloop
  endfacet
  facet normal -0.92356 -0.383453 0
    outer loop
      vertex 152.428 105.237 4
      vertex 152.592 104.842 0
      vertex 152.592 104.842 4
    endloop
  endfacet
  facet normal -0.972831 -0.231515 0
    outer loop
      vertex 152.691 104.426 0
      vertex 152.592 104.842 4
      vertex 152.592 104.842 0
    endloop
  endfacet
  facet normal -0.972831 -0.231515 0
    outer loop
      vertex 152.592 104.842 4
      vertex 152.691 104.426 0
      vertex 152.691 104.426 4
    endloop
  endfacet
  facet normal -0.99683 -0.0795592 0
    outer loop
      vertex 152.725 104 0
      vertex 152.691 104.426 4
      vertex 152.691 104.426 0
    endloop
  endfacet
  facet normal -0.99683 -0.0795592 0
    outer loop
      vertex 152.691 104.426 4
      vertex 152.725 104 0
      vertex 152.725 104 4
    endloop
  endfacet
  facet normal -0.99683 0.0795592 0
    outer loop
      vertex 152.691 103.574 0
      vertex 152.725 104 4
      vertex 152.725 104 0
    endloop
  endfacet
  facet normal -0.99683 0.0795592 0
    outer loop
      vertex 152.725 104 4
      vertex 152.691 103.574 0
      vertex 152.691 103.574 4
    endloop
  endfacet
  facet normal -0.972831 0.231515 0
    outer loop
      vertex 152.592 103.158 0
      vertex 152.691 103.574 4
      vertex 152.691 103.574 0
    endloop
  endfacet
  facet normal -0.972831 0.231515 0
    outer loop
      vertex 152.691 103.574 4
      vertex 152.592 103.158 0
      vertex 152.592 103.158 4
    endloop
  endfacet
  facet normal -0.92356 0.383453 0
    outer loop
      vertex 152.428 102.763 0
      vertex 152.592 103.158 4
      vertex 152.592 103.158 0
    endloop
  endfacet
  facet normal -0.92356 0.383453 0
    outer loop
      vertex 152.592 103.158 4
      vertex 152.428 102.763 0
      vertex 152.428 102.763 4
    endloop
  endfacet
  facet normal -0.85334 0.521355 0
    outer loop
      vertex 152.205 102.398 0
      vertex 152.428 102.763 4
      vertex 152.428 102.763 0
    endloop
  endfacet
  facet normal -0.85334 0.521355 0
    outer loop
      vertex 152.428 102.763 4
      vertex 152.205 102.398 0
      vertex 152.205 102.398 4
    endloop
  endfacet
  facet normal -0.759916 0.650021 0
    outer loop
      vertex 151.927 102.073 0
      vertex 152.205 102.398 4
      vertex 152.205 102.398 0
    endloop
  endfacet
  facet normal -0.759916 0.650021 0
    outer loop
      vertex 152.205 102.398 4
      vertex 151.927 102.073 0
      vertex 151.927 102.073 4
    endloop
  endfacet
  facet normal -0.650021 0.759916 0
    outer loop
      vertex 151.927 102.073 0
      vertex 151.602 101.795 4
      vertex 151.927 102.073 4
    endloop
  endfacet
  facet normal -0.650021 0.759916 0
    outer loop
      vertex 151.602 101.795 4
      vertex 151.927 102.073 0
      vertex 151.602 101.795 0
    endloop
  endfacet
  facet normal -0.521355 0.85334 0
    outer loop
      vertex 151.602 101.795 0
      vertex 151.237 101.572 4
      vertex 151.602 101.795 4
    endloop
  endfacet
  facet normal -0.521355 0.85334 0
    outer loop
      vertex 151.237 101.572 4
      vertex 151.602 101.795 0
      vertex 151.237 101.572 0
    endloop
  endfacet
  facet normal -0.383453 0.92356 0
    outer loop
      vertex 151.237 101.572 0
      vertex 150.842 101.408 4
      vertex 151.237 101.572 4
    endloop
  endfacet
  facet normal -0.383453 0.92356 0
    outer loop
      vertex 150.842 101.408 4
      vertex 151.237 101.572 0
      vertex 150.842 101.408 0
    endloop
  endfacet
  facet normal -0.231515 0.972831 0
    outer loop
      vertex 150.842 101.408 0
      vertex 150.426 101.309 4
      vertex 150.842 101.408 4
    endloop
  endfacet
  facet normal -0.231515 0.972831 0
    outer loop
      vertex 150.426 101.309 4
      vertex 150.842 101.408 0
      vertex 150.426 101.309 0
    endloop
  endfacet
  facet normal -0.0795592 0.99683 0
    outer loop
      vertex 150.426 101.309 0
      vertex 150 101.275 4
      vertex 150.426 101.309 4
    endloop
  endfacet
  facet normal -0.0795592 0.99683 0
    outer loop
      vertex 150 101.275 4
      vertex 150.426 101.309 0
      vertex 150 101.275 0
    endloop
  endfacet
  facet normal 0.0795592 0.99683 -0
    outer loop
      vertex 150 101.275 0
      vertex 149.574 101.309 4
      vertex 150 101.275 4
    endloop
  endfacet
  facet normal 0.0795592 0.99683 0
    outer loop
      vertex 149.574 101.309 4
      vertex 150 101.275 0
      vertex 149.574 101.309 0
    endloop
  endfacet
  facet normal 0.231515 0.972831 -0
    outer loop
      vertex 209.574 101.309 0
      vertex 209.158 101.408 4
      vertex 209.574 101.309 4
    endloop
  endfacet
  facet normal 0.231515 0.972831 0
    outer loop
      vertex 209.158 101.408 4
      vertex 209.574 101.309 0
      vertex 209.158 101.408 0
    endloop
  endfacet
  facet normal 0.383453 0.92356 -0
    outer loop
      vertex 209.158 101.408 0
      vertex 208.763 101.572 4
      vertex 209.158 101.408 4
    endloop
  endfacet
  facet normal 0.383453 0.92356 0
    outer loop
      vertex 208.763 101.572 4
      vertex 209.158 101.408 0
      vertex 208.763 101.572 0
    endloop
  endfacet
  facet normal 0.521355 0.85334 -0
    outer loop
      vertex 208.763 101.572 0
      vertex 208.398 101.795 4
      vertex 208.763 101.572 4
    endloop
  endfacet
  facet normal 0.521355 0.85334 0
    outer loop
      vertex 208.398 101.795 4
      vertex 208.763 101.572 0
      vertex 208.398 101.795 0
    endloop
  endfacet
  facet normal 0.650021 0.759916 -0
    outer loop
      vertex 208.398 101.795 0
      vertex 208.073 102.073 4
      vertex 208.398 101.795 4
    endloop
  endfacet
  facet normal 0.650021 0.759916 0
    outer loop
      vertex 208.073 102.073 4
      vertex 208.398 101.795 0
      vertex 208.073 102.073 0
    endloop
  endfacet
  facet normal 0.759916 0.650021 0
    outer loop
      vertex 208.073 102.073 4
      vertex 207.795 102.398 0
      vertex 207.795 102.398 4
    endloop
  endfacet
  facet normal 0.759916 0.650021 0
    outer loop
      vertex 207.795 102.398 0
      vertex 208.073 102.073 4
      vertex 208.073 102.073 0
    endloop
  endfacet
  facet normal 0.85334 0.521355 0
    outer loop
      vertex 207.795 102.398 4
      vertex 207.572 102.763 0
      vertex 207.572 102.763 4
    endloop
  endfacet
  facet normal 0.85334 0.521355 0
    outer loop
      vertex 207.572 102.763 0
      vertex 207.795 102.398 4
      vertex 207.795 102.398 0
    endloop
  endfacet
  facet normal 0.92356 0.383453 0
    outer loop
      vertex 207.572 102.763 4
      vertex 207.408 103.158 0
      vertex 207.408 103.158 4
    endloop
  endfacet
  facet normal 0.92356 0.383453 0
    outer loop
      vertex 207.408 103.158 0
      vertex 207.572 102.763 4
      vertex 207.572 102.763 0
    endloop
  endfacet
  facet normal 0.972831 0.231515 0
    outer loop
      vertex 207.408 103.158 4
      vertex 207.309 103.574 0
      vertex 207.309 103.574 4
    endloop
  endfacet
  facet normal 0.972831 0.231515 0
    outer loop
      vertex 207.309 103.574 0
      vertex 207.408 103.158 4
      vertex 207.408 103.158 0
    endloop
  endfacet
  facet normal 0.99683 0.0795592 0
    outer loop
      vertex 207.309 103.574 4
      vertex 207.275 104 0
      vertex 207.275 104 4
    endloop
  endfacet
  facet normal 0.99683 0.0795592 0
    outer loop
      vertex 207.275 104 0
      vertex 207.309 103.574 4
      vertex 207.309 103.574 0
    endloop
  endfacet
  facet normal 0.99683 -0.0795592 0
    outer loop
      vertex 207.275 104 4
      vertex 207.309 104.426 0
      vertex 207.309 104.426 4
    endloop
  endfacet
  facet normal 0.99683 -0.0795592 0
    outer loop
      vertex 207.309 104.426 0
      vertex 207.275 104 4
      vertex 207.275 104 0
    endloop
  endfacet
  facet normal 0.972831 -0.231515 0
    outer loop
      vertex 207.309 104.426 4
      vertex 207.408 104.842 0
      vertex 207.408 104.842 4
    endloop
  endfacet
  facet normal 0.972831 -0.231515 0
    outer loop
      vertex 207.408 104.842 0
      vertex 207.309 104.426 4
      vertex 207.309 104.426 0
    endloop
  endfacet
  facet normal 0.92356 -0.383453 0
    outer loop
      vertex 207.408 104.842 4
      vertex 207.572 105.237 0
      vertex 207.572 105.237 4
    endloop
  endfacet
  facet normal 0.92356 -0.383453 0
    outer loop
      vertex 207.572 105.237 0
      vertex 207.408 104.842 4
      vertex 207.408 104.842 0
    endloop
  endfacet
  facet normal 0.85334 -0.521355 0
    outer loop
      vertex 207.572 105.237 4
      vertex 207.795 105.602 0
      vertex 207.795 105.602 4
    endloop
  endfacet
  facet normal 0.85334 -0.521355 0
    outer loop
      vertex 207.795 105.602 0
      vertex 207.572 105.237 4
      vertex 207.572 105.237 0
    endloop
  endfacet
  facet normal 0.759916 -0.650021 0
    outer loop
      vertex 207.795 105.602 4
      vertex 208.073 105.927 0
      vertex 208.073 105.927 4
    endloop
  endfacet
  facet normal 0.759916 -0.650021 0
    outer loop
      vertex 208.073 105.927 0
      vertex 207.795 105.602 4
      vertex 207.795 105.602 0
    endloop
  endfacet
  facet normal 0.650021 -0.759916 0
    outer loop
      vertex 208.073 105.927 0
      vertex 208.398 106.205 4
      vertex 208.073 105.927 4
    endloop
  endfacet
  facet normal 0.650021 -0.759916 0
    outer loop
      vertex 208.398 106.205 4
      vertex 208.073 105.927 0
      vertex 208.398 106.205 0
    endloop
  endfacet
  facet normal 0.521355 -0.85334 0
    outer loop
      vertex 208.398 106.205 0
      vertex 208.763 106.428 4
      vertex 208.398 106.205 4
    endloop
  endfacet
  facet normal 0.521355 -0.85334 0
    outer loop
      vertex 208.763 106.428 4
      vertex 208.398 106.205 0
      vertex 208.763 106.428 0
    endloop
  endfacet
  facet normal 0.383453 -0.92356 0
    outer loop
      vertex 208.763 106.428 0
      vertex 209.158 106.592 4
      vertex 208.763 106.428 4
    endloop
  endfacet
  facet normal 0.383453 -0.92356 0
    outer loop
      vertex 209.158 106.592 4
      vertex 208.763 106.428 0
      vertex 209.158 106.592 0
    endloop
  endfacet
  facet normal 0.231515 -0.972831 0
    outer loop
      vertex 209.158 106.592 0
      vertex 209.574 106.691 4
      vertex 209.158 106.592 4
    endloop
  endfacet
  facet normal 0.231515 -0.972831 0
    outer loop
      vertex 209.574 106.691 4
      vertex 209.158 106.592 0
      vertex 209.574 106.691 0
    endloop
  endfacet
  facet normal 0.0795592 -0.99683 0
    outer loop
      vertex 209.574 106.691 0
      vertex 210 106.725 4
      vertex 209.574 106.691 4
    endloop
  endfacet
  facet normal 0.0795592 -0.99683 0
    outer loop
      vertex 210 106.725 4
      vertex 209.574 106.691 0
      vertex 210 106.725 0
    endloop
  endfacet
  facet normal -0.0795592 -0.99683 0
    outer loop
      vertex 210 106.725 0
      vertex 210.426 106.691 4
      vertex 210 106.725 4
    endloop
  endfacet
  facet normal -0.0795592 -0.99683 -0
    outer loop
      vertex 210.426 106.691 4
      vertex 210 106.725 0
      vertex 210.426 106.691 0
    endloop
  endfacet
  facet normal -0.231515 -0.972831 0
    outer loop
      vertex 210.426 106.691 0
      vertex 210.842 106.592 4
      vertex 210.426 106.691 4
    endloop
  endfacet
  facet normal -0.231515 -0.972831 -0
    outer loop
      vertex 210.842 106.592 4
      vertex 210.426 106.691 0
      vertex 210.842 106.592 0
    endloop
  endfacet
  facet normal -0.383453 -0.92356 0
    outer loop
      vertex 210.842 106.592 0
      vertex 211.237 106.428 4
      vertex 210.842 106.592 4
    endloop
  endfacet
  facet normal -0.383453 -0.92356 -0
    outer loop
      vertex 211.237 106.428 4
      vertex 210.842 106.592 0
      vertex 211.237 106.428 0
    endloop
  endfacet
  facet normal -0.521355 -0.85334 0
    outer loop
      vertex 211.237 106.428 0
      vertex 211.602 106.205 4
      vertex 211.237 106.428 4
    endloop
  endfacet
  facet normal -0.521355 -0.85334 -0
    outer loop
      vertex 211.602 106.205 4
      vertex 211.237 106.428 0
      vertex 211.602 106.205 0
    endloop
  endfacet
  facet normal -0.650021 -0.759916 0
    outer loop
      vertex 211.602 106.205 0
      vertex 211.927 105.927 4
      vertex 211.602 106.205 4
    endloop
  endfacet
  facet normal -0.650021 -0.759916 -0
    outer loop
      vertex 211.927 105.927 4
      vertex 211.602 106.205 0
      vertex 211.927 105.927 0
    endloop
  endfacet
  facet normal -0.759916 -0.650021 0
    outer loop
      vertex 212.205 105.602 0
      vertex 211.927 105.927 4
      vertex 211.927 105.927 0
    endloop
  endfacet
  facet normal -0.759916 -0.650021 0
    outer loop
      vertex 211.927 105.927 4
      vertex 212.205 105.602 0
      vertex 212.205 105.602 4
    endloop
  endfacet
  facet normal -0.85334 -0.521355 0
    outer loop
      vertex 212.428 105.237 0
      vertex 212.205 105.602 4
      vertex 212.205 105.602 0
    endloop
  endfacet
  facet normal -0.85334 -0.521355 0
    outer loop
      vertex 212.205 105.602 4
      vertex 212.428 105.237 0
      vertex 212.428 105.237 4
    endloop
  endfacet
  facet normal -0.92356 -0.383453 0
    outer loop
      vertex 212.592 104.842 0
      vertex 212.428 105.237 4
      vertex 212.428 105.237 0
    endloop
  endfacet
  facet normal -0.92356 -0.383453 0
    outer loop
      vertex 212.428 105.237 4
      vertex 212.592 104.842 0
      vertex 212.592 104.842 4
    endloop
  endfacet
  facet normal -0.972831 -0.231515 0
    outer loop
      vertex 212.691 104.426 0
      vertex 212.592 104.842 4
      vertex 212.592 104.842 0
    endloop
  endfacet
  facet normal -0.972831 -0.231515 0
    outer loop
      vertex 212.592 104.842 4
      vertex 212.691 104.426 0
      vertex 212.691 104.426 4
    endloop
  endfacet
  facet normal -0.99683 -0.0795592 0
    outer loop
      vertex 212.725 104 0
      vertex 212.691 104.426 4
      vertex 212.691 104.426 0
    endloop
  endfacet
  facet normal -0.99683 -0.0795592 0
    outer loop
      vertex 212.691 104.426 4
      vertex 212.725 104 0
      vertex 212.725 104 4
    endloop
  endfacet
  facet normal -0.99683 0.0795592 0
    outer loop
      vertex 212.691 103.574 0
      vertex 212.725 104 4
      vertex 212.725 104 0
    endloop
  endfacet
  facet normal -0.99683 0.0795592 0
    outer loop
      vertex 212.725 104 4
      vertex 212.691 103.574 0
      vertex 212.691 103.574 4
    endloop
  endfacet
  facet normal -0.972831 0.231515 0
    outer loop
      vertex 212.592 103.158 0
      vertex 212.691 103.574 4
      vertex 212.691 103.574 0
    endloop
  endfacet
  facet normal -0.972831 0.231515 0
    outer loop
      vertex 212.691 103.574 4
      vertex 212.592 103.158 0
      vertex 212.592 103.158 4
    endloop
  endfacet
  facet normal -0.92356 0.383453 0
    outer loop
      vertex 212.428 102.763 0
      vertex 212.592 103.158 4
      vertex 212.592 103.158 0
    endloop
  endfacet
  facet normal -0.92356 0.383453 0
    outer loop
      vertex 212.592 103.158 4
      vertex 212.428 102.763 0
      vertex 212.428 102.763 4
    endloop
  endfacet
  facet normal -0.85334 0.521355 0
    outer loop
      vertex 212.205 102.398 0
      vertex 212.428 102.763 4
      vertex 212.428 102.763 0
    endloop
  endfacet
  facet normal -0.85334 0.521355 0
    outer loop
      vertex 212.428 102.763 4
      vertex 212.205 102.398 0
      vertex 212.205 102.398 4
    endloop
  endfacet
  facet normal -0.759916 0.650021 0
    outer loop
      vertex 211.927 102.073 0
      vertex 212.205 102.398 4
      vertex 212.205 102.398 0
    endloop
  endfacet
  facet normal -0.759916 0.650021 0
    outer loop
      vertex 212.205 102.398 4
      vertex 211.927 102.073 0
      vertex 211.927 102.073 4
    endloop
  endfacet
  facet normal -0.650021 0.759916 0
    outer loop
      vertex 211.927 102.073 0
      vertex 211.602 101.795 4
      vertex 211.927 102.073 4
    endloop
  endfacet
  facet normal -0.650021 0.759916 0
    outer loop
      vertex 211.602 101.795 4
      vertex 211.927 102.073 0
      vertex 211.602 101.795 0
    endloop
  endfacet
  facet normal -0.521355 0.85334 0
    outer loop
      vertex 211.602 101.795 0
      vertex 211.237 101.572 4
      vertex 211.602 101.795 4
    endloop
  endfacet
  facet normal -0.521355 0.85334 0
    outer loop
      vertex 211.237 101.572 4
      vertex 211.602 101.795 0
      vertex 211.237 101.572 0
    endloop
  endfacet
  facet normal -0.383453 0.92356 0
    outer loop
      vertex 211.237 101.572 0
      vertex 210.842 101.408 4
      vertex 211.237 101.572 4
    endloop
  endfacet
  facet normal -0.383453 0.92356 0
    outer loop
      vertex 210.842 101.408 4
      vertex 211.237 101.572 0
      vertex 210.842 101.408 0
    endloop
  endfacet
  facet normal -0.231515 0.972831 0
    outer loop
      vertex 210.842 101.408 0
      vertex 210.426 101.309 4
      vertex 210.842 101.408 4
    endloop
  endfacet
  facet normal -0.231515 0.972831 0
    outer loop
      vertex 210.426 101.309 4
      vertex 210.842 101.408 0
      vertex 210.426 101.309 0
    endloop
  endfacet
  facet normal -0.0795592 0.99683 0
    outer loop
      vertex 210.426 101.309 0
      vertex 210 101.275 4
      vertex 210.426 101.309 4
    endloop
  endfacet
  facet normal -0.0795592 0.99683 0
    outer loop
      vertex 210 101.275 4
      vertex 210.426 101.309 0
      vertex 210 101.275 0
    endloop
  endfacet
  facet normal 0.0795592 0.99683 -0
    outer loop
      vertex 210 101.275 0
      vertex 209.574 101.309 4
      vertex 210 101.275 4
    endloop
  endfacet
  facet normal 0.0795592 0.99683 0
    outer loop
      vertex 209.574 101.309 4
      vertex 210 101.275 0
      vertex 209.574 101.309 0
    endloop
  endfacet
  facet normal 0.234178 0.972194 -0
    outer loop
      vertex 119.859 103.111 0
      vertex 119.722 103.144 4
      vertex 119.859 103.111 4
    endloop
  endfacet
  facet normal 0.234178 0.972194 0
    outer loop
      vertex 119.722 103.144 4
      vertex 119.859 103.111 0
      vertex 119.722 103.144 0
    endloop
  endfacet
  facet normal 0.381105 0.924532 -0
    outer loop
      vertex 119.722 103.144 0
      vertex 119.591 103.198 4
      vertex 119.722 103.144 4
    endloop
  endfacet
  facet normal 0.381105 0.924532 0
    outer loop
      vertex 119.591 103.198 4
      vertex 119.722 103.144 0
      vertex 119.591 103.198 0
    endloop
  endfacet
  facet normal 0.524889 0.851171 -0
    outer loop
      vertex 119.591 103.198 0
      vertex 119.471 103.272 4
      vertex 119.591 103.198 4
    endloop
  endfacet
  facet normal 0.524889 0.851171 0
    outer loop
      vertex 119.471 103.272 4
      vertex 119.591 103.198 0
      vertex 119.471 103.272 0
    endloop
  endfacet
  facet normal 0.651958 0.758255 -0
    outer loop
      vertex 119.471 103.272 0
      vertex 119.364 103.364 4
      vertex 119.471 103.272 4
    endloop
  endfacet
  facet normal 0.651958 0.758255 0
    outer loop
      vertex 119.364 103.364 4
      vertex 119.471 103.272 0
      vertex 119.364 103.364 0
    endloop
  endfacet
  facet normal 0.758255 0.651958 0
    outer loop
      vertex 119.364 103.364 4
      vertex 119.272 103.471 0
      vertex 119.272 103.471 4
    endloop
  endfacet
  facet normal 0.758255 0.651958 0
    outer loop
      vertex 119.272 103.471 0
      vertex 119.364 103.364 4
      vertex 119.364 103.364 0
    endloop
  endfacet
  facet normal 0.851171 0.524889 0
    outer loop
      vertex 119.272 103.471 4
      vertex 119.198 103.591 0
      vertex 119.198 103.591 4
    endloop
  endfacet
  facet normal 0.851171 0.524889 0
    outer loop
      vertex 119.198 103.591 0
      vertex 119.272 103.471 4
      vertex 119.272 103.471 0
    endloop
  endfacet
  facet normal 0.924532 0.381105 0
    outer loop
      vertex 119.198 103.591 4
      vertex 119.144 103.722 0
      vertex 119.144 103.722 4
    endloop
  endfacet
  facet normal 0.924532 0.381105 0
    outer loop
      vertex 119.144 103.722 0
      vertex 119.198 103.591 4
      vertex 119.198 103.591 0
    endloop
  endfacet
  facet normal 0.972194 0.234178 0
    outer loop
      vertex 119.144 103.722 4
      vertex 119.111 103.859 0
      vertex 119.111 103.859 4
    endloop
  endfacet
  facet normal 0.972194 0.234178 0
    outer loop
      vertex 119.111 103.859 0
      vertex 119.144 103.722 4
      vertex 119.144 103.722 0
    endloop
  endfacet
  facet normal 0.996971 0.0777779 0
    outer loop
      vertex 119.111 103.859 4
      vertex 119.1 104 0
      vertex 119.1 104 4
    endloop
  endfacet
  facet normal 0.996971 0.0777779 0
    outer loop
      vertex 119.1 104 0
      vertex 119.111 103.859 4
      vertex 119.111 103.859 0
    endloop
  endfacet
  facet normal 0.996971 -0.0777779 0
    outer loop
      vertex 119.1 104 4
      vertex 119.111 104.141 0
      vertex 119.111 104.141 4
    endloop
  endfacet
  facet normal 0.996971 -0.0777779 0
    outer loop
      vertex 119.111 104.141 0
      vertex 119.1 104 4
      vertex 119.1 104 0
    endloop
  endfacet
  facet normal 0.972194 -0.234178 0
    outer loop
      vertex 119.111 104.141 4
      vertex 119.144 104.278 0
      vertex 119.144 104.278 4
    endloop
  endfacet
  facet normal 0.972194 -0.234178 0
    outer loop
      vertex 119.144 104.278 0
      vertex 119.111 104.141 4
      vertex 119.111 104.141 0
    endloop
  endfacet
  facet normal 0.924532 -0.381105 0
    outer loop
      vertex 119.144 104.278 4
      vertex 119.198 104.409 0
      vertex 119.198 104.409 4
    endloop
  endfacet
  facet normal 0.924532 -0.381105 0
    outer loop
      vertex 119.198 104.409 0
      vertex 119.144 104.278 4
      vertex 119.144 104.278 0
    endloop
  endfacet
  facet normal 0.851171 -0.524889 0
    outer loop
      vertex 119.198 104.409 4
      vertex 119.272 104.529 0
      vertex 119.272 104.529 4
    endloop
  endfacet
  facet normal 0.851171 -0.524889 0
    outer loop
      vertex 119.272 104.529 0
      vertex 119.198 104.409 4
      vertex 119.198 104.409 0
    endloop
  endfacet
  facet normal 0.758255 -0.651958 0
    outer loop
      vertex 119.272 104.529 4
      vertex 119.364 104.636 0
      vertex 119.364 104.636 4
    endloop
  endfacet
  facet normal 0.758255 -0.651958 0
    outer loop
      vertex 119.364 104.636 0
      vertex 119.272 104.529 4
      vertex 119.272 104.529 0
    endloop
  endfacet
  facet normal 0.651958 -0.758255 0
    outer loop
      vertex 119.364 104.636 0
      vertex 119.471 104.728 4
      vertex 119.364 104.636 4
    endloop
  endfacet
  facet normal 0.651958 -0.758255 0
    outer loop
      vertex 119.471 104.728 4
      vertex 119.364 104.636 0
      vertex 119.471 104.728 0
    endloop
  endfacet
  facet normal 0.524889 -0.851171 0
    outer loop
      vertex 119.471 104.728 0
      vertex 119.591 104.802 4
      vertex 119.471 104.728 4
    endloop
  endfacet
  facet normal 0.524889 -0.851171 0
    outer loop
      vertex 119.591 104.802 4
      vertex 119.471 104.728 0
      vertex 119.591 104.802 0
    endloop
  endfacet
  facet normal 0.381105 -0.924532 0
    outer loop
      vertex 119.591 104.802 0
      vertex 119.722 104.856 4
      vertex 119.591 104.802 4
    endloop
  endfacet
  facet normal 0.381105 -0.924532 0
    outer loop
      vertex 119.722 104.856 4
      vertex 119.591 104.802 0
      vertex 119.722 104.856 0
    endloop
  endfacet
  facet normal 0.234178 -0.972194 0
    outer loop
      vertex 119.722 104.856 0
      vertex 119.859 104.889 4
      vertex 119.722 104.856 4
    endloop
  endfacet
  facet normal 0.234178 -0.972194 0
    outer loop
      vertex 119.859 104.889 4
      vertex 119.722 104.856 0
      vertex 119.859 104.889 0
    endloop
  endfacet
  facet normal 0.0777779 -0.996971 0
    outer loop
      vertex 119.859 104.889 0
      vertex 120 104.9 4
      vertex 119.859 104.889 4
    endloop
  endfacet
  facet normal 0.0777779 -0.996971 0
    outer loop
      vertex 120 104.9 4
      vertex 119.859 104.889 0
      vertex 120 104.9 0
    endloop
  endfacet
  facet normal -0.0777779 -0.996971 0
    outer loop
      vertex 120 104.9 0
      vertex 120.141 104.889 4
      vertex 120 104.9 4
    endloop
  endfacet
  facet normal -0.0777779 -0.996971 -0
    outer loop
      vertex 120.141 104.889 4
      vertex 120 104.9 0
      vertex 120.141 104.889 0
    endloop
  endfacet
  facet normal -0.234178 -0.972194 0
    outer loop
      vertex 120.141 104.889 0
      vertex 120.278 104.856 4
      vertex 120.141 104.889 4
    endloop
  endfacet
  facet normal -0.234178 -0.972194 -0
    outer loop
      vertex 120.278 104.856 4
      vertex 120.141 104.889 0
      vertex 120.278 104.856 0
    endloop
  endfacet
  facet normal -0.381105 -0.924532 0
    outer loop
      vertex 120.278 104.856 0
      vertex 120.409 104.802 4
      vertex 120.278 104.856 4
    endloop
  endfacet
  facet normal -0.381105 -0.924532 -0
    outer loop
      vertex 120.409 104.802 4
      vertex 120.278 104.856 0
      vertex 120.409 104.802 0
    endloop
  endfacet
  facet normal -0.524889 -0.851171 0
    outer loop
      vertex 120.409 104.802 0
      vertex 120.529 104.728 4
      vertex 120.409 104.802 4
    endloop
  endfacet
  facet normal -0.524889 -0.851171 -0
    outer loop
      vertex 120.529 104.728 4
      vertex 120.409 104.802 0
      vertex 120.529 104.728 0
    endloop
  endfacet
  facet normal -0.651958 -0.758255 0
    outer loop
      vertex 120.529 104.728 0
      vertex 120.636 104.636 4
      vertex 120.529 104.728 4
    endloop
  endfacet
  facet normal -0.651958 -0.758255 -0
    outer loop
      vertex 120.636 104.636 4
      vertex 120.529 104.728 0
      vertex 120.636 104.636 0
    endloop
  endfacet
  facet normal -0.758255 -0.651958 0
    outer loop
      vertex 120.728 104.529 0
      vertex 120.636 104.636 4
      vertex 120.636 104.636 0
    endloop
  endfacet
  facet normal -0.758255 -0.651958 0
    outer loop
      vertex 120.636 104.636 4
      vertex 120.728 104.529 0
      vertex 120.728 104.529 4
    endloop
  endfacet
  facet normal -0.851171 -0.524889 0
    outer loop
      vertex 120.802 104.409 0
      vertex 120.728 104.529 4
      vertex 120.728 104.529 0
    endloop
  endfacet
  facet normal -0.851171 -0.524889 0
    outer loop
      vertex 120.728 104.529 4
      vertex 120.802 104.409 0
      vertex 120.802 104.409 4
    endloop
  endfacet
  facet normal -0.924532 -0.381105 0
    outer loop
      vertex 120.856 104.278 0
      vertex 120.802 104.409 4
      vertex 120.802 104.409 0
    endloop
  endfacet
  facet normal -0.924532 -0.381105 0
    outer loop
      vertex 120.802 104.409 4
      vertex 120.856 104.278 0
      vertex 120.856 104.278 4
    endloop
  endfacet
  facet normal -0.972194 -0.234178 0
    outer loop
      vertex 120.889 104.141 0
      vertex 120.856 104.278 4
      vertex 120.856 104.278 0
    endloop
  endfacet
  facet normal -0.972194 -0.234178 0
    outer loop
      vertex 120.856 104.278 4
      vertex 120.889 104.141 0
      vertex 120.889 104.141 4
    endloop
  endfacet
  facet normal -0.996971 -0.0777779 0
    outer loop
      vertex 120.9 104 0
      vertex 120.889 104.141 4
      vertex 120.889 104.141 0
    endloop
  endfacet
  facet normal -0.996971 -0.0777779 0
    outer loop
      vertex 120.889 104.141 4
      vertex 120.9 104 0
      vertex 120.9 104 4
    endloop
  endfacet
  facet normal -0.996971 0.0777779 0
    outer loop
      vertex 120.889 103.859 0
      vertex 120.9 104 4
      vertex 120.9 104 0
    endloop
  endfacet
  facet normal -0.996971 0.0777779 0
    outer loop
      vertex 120.9 104 4
      vertex 120.889 103.859 0
      vertex 120.889 103.859 4
    endloop
  endfacet
  facet normal -0.972194 0.234178 0
    outer loop
      vertex 120.856 103.722 0
      vertex 120.889 103.859 4
      vertex 120.889 103.859 0
    endloop
  endfacet
  facet normal -0.972194 0.234178 0
    outer loop
      vertex 120.889 103.859 4
      vertex 120.856 103.722 0
      vertex 120.856 103.722 4
    endloop
  endfacet
  facet normal -0.924532 0.381105 0
    outer loop
      vertex 120.802 103.591 0
      vertex 120.856 103.722 4
      vertex 120.856 103.722 0
    endloop
  endfacet
  facet normal -0.924532 0.381105 0
    outer loop
      vertex 120.856 103.722 4
      vertex 120.802 103.591 0
      vertex 120.802 103.591 4
    endloop
  endfacet
  facet normal -0.851171 0.524889 0
    outer loop
      vertex 120.728 103.471 0
      vertex 120.802 103.591 4
      vertex 120.802 103.591 0
    endloop
  endfacet
  facet normal -0.851171 0.524889 0
    outer loop
      vertex 120.802 103.591 4
      vertex 120.728 103.471 0
      vertex 120.728 103.471 4
    endloop
  endfacet
  facet normal -0.758255 0.651958 0
    outer loop
      vertex 120.636 103.364 0
      vertex 120.728 103.471 4
      vertex 120.728 103.471 0
    endloop
  endfacet
  facet normal -0.758255 0.651958 0
    outer loop
      vertex 120.728 103.471 4
      vertex 120.636 103.364 0
      vertex 120.636 103.364 4
    endloop
  endfacet
  facet normal -0.651958 0.758255 0
    outer loop
      vertex 120.636 103.364 0
      vertex 120.529 103.272 4
      vertex 120.636 103.364 4
    endloop
  endfacet
  facet normal -0.651958 0.758255 0
    outer loop
      vertex 120.529 103.272 4
      vertex 120.636 103.364 0
      vertex 120.529 103.272 0
    endloop
  endfacet
  facet normal -0.524889 0.851171 0
    outer loop
      vertex 120.529 103.272 0
      vertex 120.409 103.198 4
      vertex 120.529 103.272 4
    endloop
  endfacet
  facet normal -0.524889 0.851171 0
    outer loop
      vertex 120.409 103.198 4
      vertex 120.529 103.272 0
      vertex 120.409 103.198 0
    endloop
  endfacet
  facet normal -0.381105 0.924532 0
    outer loop
      vertex 120.409 103.198 0
      vertex 120.278 103.144 4
      vertex 120.409 103.198 4
    endloop
  endfacet
  facet normal -0.381105 0.924532 0
    outer loop
      vertex 120.278 103.144 4
      vertex 120.409 103.198 0
      vertex 120.278 103.144 0
    endloop
  endfacet
  facet normal -0.234178 0.972194 0
    outer loop
      vertex 120.278 103.144 0
      vertex 120.141 103.111 4
      vertex 120.278 103.144 4
    endloop
  endfacet
  facet normal -0.234178 0.972194 0
    outer loop
      vertex 120.141 103.111 4
      vertex 120.278 103.144 0
      vertex 120.141 103.111 0
    endloop
  endfacet
  facet normal -0.0777779 0.996971 0
    outer loop
      vertex 120.141 103.111 0
      vertex 120 103.1 4
      vertex 120.141 103.111 4
    endloop
  endfacet
  facet normal -0.0777779 0.996971 0
    outer loop
      vertex 120 103.1 4
      vertex 120.141 103.111 0
      vertex 120 103.1 0
    endloop
  endfacet
  facet normal 0.0777779 0.996971 -0
    outer loop
      vertex 120 103.1 0
      vertex 119.859 103.111 4
      vertex 120 103.1 4
    endloop
  endfacet
  facet normal 0.0777779 0.996971 0
    outer loop
      vertex 119.859 103.111 4
      vertex 120 103.1 0
      vertex 119.859 103.111 0
    endloop
  endfacet
  facet normal 0.234178 0.972194 -0
    outer loop
      vertex 179.859 103.111 0
      vertex 179.722 103.144 4
      vertex 179.859 103.111 4
    endloop
  endfacet
  facet normal 0.234178 0.972194 0
    outer loop
      vertex 179.722 103.144 4
      vertex 179.859 103.111 0
      vertex 179.722 103.144 0
    endloop
  endfacet
  facet normal 0.381105 0.924532 -0
    outer loop
      vertex 179.722 103.144 0
      vertex 179.591 103.198 4
      vertex 179.722 103.144 4
    endloop
  endfacet
  facet normal 0.381105 0.924532 0
    outer loop
      vertex 179.591 103.198 4
      vertex 179.722 103.144 0
      vertex 179.591 103.198 0
    endloop
  endfacet
  facet normal 0.524889 0.851171 -0
    outer loop
      vertex 179.591 103.198 0
      vertex 179.471 103.272 4
      vertex 179.591 103.198 4
    endloop
  endfacet
  facet normal 0.524889 0.851171 0
    outer loop
      vertex 179.471 103.272 4
      vertex 179.591 103.198 0
      vertex 179.471 103.272 0
    endloop
  endfacet
  facet normal 0.651958 0.758255 -0
    outer loop
      vertex 179.471 103.272 0
      vertex 179.364 103.364 4
      vertex 179.471 103.272 4
    endloop
  endfacet
  facet normal 0.651958 0.758255 0
    outer loop
      vertex 179.364 103.364 4
      vertex 179.471 103.272 0
      vertex 179.364 103.364 0
    endloop
  endfacet
  facet normal 0.758255 0.651958 0
    outer loop
      vertex 179.364 103.364 4
      vertex 179.272 103.471 0
      vertex 179.272 103.471 4
    endloop
  endfacet
  facet normal 0.758255 0.651958 0
    outer loop
      vertex 179.272 103.471 0
      vertex 179.364 103.364 4
      vertex 179.364 103.364 0
    endloop
  endfacet
  facet normal 0.851171 0.524889 0
    outer loop
      vertex 179.272 103.471 4
      vertex 179.198 103.591 0
      vertex 179.198 103.591 4
    endloop
  endfacet
  facet normal 0.851171 0.524889 0
    outer loop
      vertex 179.198 103.591 0
      vertex 179.272 103.471 4
      vertex 179.272 103.471 0
    endloop
  endfacet
  facet normal 0.924532 0.381105 0
    outer loop
      vertex 179.198 103.591 4
      vertex 179.144 103.722 0
      vertex 179.144 103.722 4
    endloop
  endfacet
  facet normal 0.924532 0.381105 0
    outer loop
      vertex 179.144 103.722 0
      vertex 179.198 103.591 4
      vertex 179.198 103.591 0
    endloop
  endfacet
  facet normal 0.972194 0.234178 0
    outer loop
      vertex 179.144 103.722 4
      vertex 179.111 103.859 0
      vertex 179.111 103.859 4
    endloop
  endfacet
  facet normal 0.972194 0.234178 0
    outer loop
      vertex 179.111 103.859 0
      vertex 179.144 103.722 4
      vertex 179.144 103.722 0
    endloop
  endfacet
  facet normal 0.996971 0.0777779 0
    outer loop
      vertex 179.111 103.859 4
      vertex 179.1 104 0
      vertex 179.1 104 4
    endloop
  endfacet
  facet normal 0.996971 0.0777779 0
    outer loop
      vertex 179.1 104 0
      vertex 179.111 103.859 4
      vertex 179.111 103.859 0
    endloop
  endfacet
  facet normal 0.996971 -0.0777779 0
    outer loop
      vertex 179.1 104 4
      vertex 179.111 104.141 0
      vertex 179.111 104.141 4
    endloop
  endfacet
  facet normal 0.996971 -0.0777779 0
    outer loop
      vertex 179.111 104.141 0
      vertex 179.1 104 4
      vertex 179.1 104 0
    endloop
  endfacet
  facet normal 0.972194 -0.234178 0
    outer loop
      vertex 179.111 104.141 4
      vertex 179.144 104.278 0
      vertex 179.144 104.278 4
    endloop
  endfacet
  facet normal 0.972194 -0.234178 0
    outer loop
      vertex 179.144 104.278 0
      vertex 179.111 104.141 4
      vertex 179.111 104.141 0
    endloop
  endfacet
  facet normal 0.924532 -0.381105 0
    outer loop
      vertex 179.144 104.278 4
      vertex 179.198 104.409 0
      vertex 179.198 104.409 4
    endloop
  endfacet
  facet normal 0.924532 -0.381105 0
    outer loop
      vertex 179.198 104.409 0
      vertex 179.144 104.278 4
      vertex 179.144 104.278 0
    endloop
  endfacet
  facet normal 0.851171 -0.524889 0
    outer loop
      vertex 179.198 104.409 4
      vertex 179.272 104.529 0
      vertex 179.272 104.529 4
    endloop
  endfacet
  facet normal 0.851171 -0.524889 0
    outer loop
      vertex 179.272 104.529 0
      vertex 179.198 104.409 4
      vertex 179.198 104.409 0
    endloop
  endfacet
  facet normal 0.758255 -0.651958 0
    outer loop
      vertex 179.272 104.529 4
      vertex 179.364 104.636 0
      vertex 179.364 104.636 4
    endloop
  endfacet
  facet normal 0.758255 -0.651958 0
    outer loop
      vertex 179.364 104.636 0
      vertex 179.272 104.529 4
      vertex 179.272 104.529 0
    endloop
  endfacet
  facet normal 0.651958 -0.758255 0
    outer loop
      vertex 179.364 104.636 0
      vertex 179.471 104.728 4
      vertex 179.364 104.636 4
    endloop
  endfacet
  facet normal 0.651958 -0.758255 0
    outer loop
      vertex 179.471 104.728 4
      vertex 179.364 104.636 0
      vertex 179.471 104.728 0
    endloop
  endfacet
  facet normal 0.524889 -0.851171 0
    outer loop
      vertex 179.471 104.728 0
      vertex 179.591 104.802 4
      vertex 179.471 104.728 4
    endloop
  endfacet
  facet normal 0.524889 -0.851171 0
    outer loop
      vertex 179.591 104.802 4
      vertex 179.471 104.728 0
      vertex 179.591 104.802 0
    endloop
  endfacet
  facet normal 0.381105 -0.924532 0
    outer loop
      vertex 179.591 104.802 0
      vertex 179.722 104.856 4
      vertex 179.591 104.802 4
    endloop
  endfacet
  facet normal 0.381105 -0.924532 0
    outer loop
      vertex 179.722 104.856 4
      vertex 179.591 104.802 0
      vertex 179.722 104.856 0
    endloop
  endfacet
  facet normal 0.234178 -0.972194 0
    outer loop
      vertex 179.722 104.856 0
      vertex 179.859 104.889 4
      vertex 179.722 104.856 4
    endloop
  endfacet
  facet normal 0.234178 -0.972194 0
    outer loop
      vertex 179.859 104.889 4
      vertex 179.722 104.856 0
      vertex 179.859 104.889 0
    endloop
  endfacet
  facet normal 0.0777779 -0.996971 0
    outer loop
      vertex 179.859 104.889 0
      vertex 180 104.9 4
      vertex 179.859 104.889 4
    endloop
  endfacet
  facet normal 0.0777779 -0.996971 0
    outer loop
      vertex 180 104.9 4
      vertex 179.859 104.889 0
      vertex 180 104.9 0
    endloop
  endfacet
  facet normal -0.0777779 -0.996971 0
    outer loop
      vertex 180 104.9 0
      vertex 180.141 104.889 4
      vertex 180 104.9 4
    endloop
  endfacet
  facet normal -0.0777779 -0.996971 -0
    outer loop
      vertex 180.141 104.889 4
      vertex 180 104.9 0
      vertex 180.141 104.889 0
    endloop
  endfacet
  facet normal -0.234178 -0.972194 0
    outer loop
      vertex 180.141 104.889 0
      vertex 180.278 104.856 4
      vertex 180.141 104.889 4
    endloop
  endfacet
  facet normal -0.234178 -0.972194 -0
    outer loop
      vertex 180.278 104.856 4
      vertex 180.141 104.889 0
      vertex 180.278 104.856 0
    endloop
  endfacet
  facet normal -0.381105 -0.924532 0
    outer loop
      vertex 180.278 104.856 0
      vertex 180.409 104.802 4
      vertex 180.278 104.856 4
    endloop
  endfacet
  facet normal -0.381105 -0.924532 -0
    outer loop
      vertex 180.409 104.802 4
      vertex 180.278 104.856 0
      vertex 180.409 104.802 0
    endloop
  endfacet
  facet normal -0.524889 -0.851171 0
    outer loop
      vertex 180.409 104.802 0
      vertex 180.529 104.728 4
      vertex 180.409 104.802 4
    endloop
  endfacet
  facet normal -0.524889 -0.851171 -0
    outer loop
      vertex 180.529 104.728 4
      vertex 180.409 104.802 0
      vertex 180.529 104.728 0
    endloop
  endfacet
  facet normal -0.651958 -0.758255 0
    outer loop
      vertex 180.529 104.728 0
      vertex 180.636 104.636 4
      vertex 180.529 104.728 4
    endloop
  endfacet
  facet normal -0.651958 -0.758255 -0
    outer loop
      vertex 180.636 104.636 4
      vertex 180.529 104.728 0
      vertex 180.636 104.636 0
    endloop
  endfacet
  facet normal -0.758255 -0.651958 0
    outer loop
      vertex 180.728 104.529 0
      vertex 180.636 104.636 4
      vertex 180.636 104.636 0
    endloop
  endfacet
  facet normal -0.758255 -0.651958 0
    outer loop
      vertex 180.636 104.636 4
      vertex 180.728 104.529 0
      vertex 180.728 104.529 4
    endloop
  endfacet
  facet normal -0.851171 -0.524889 0
    outer loop
      vertex 180.802 104.409 0
      vertex 180.728 104.529 4
      vertex 180.728 104.529 0
    endloop
  endfacet
  facet normal -0.851171 -0.524889 0
    outer loop
      vertex 180.728 104.529 4
      vertex 180.802 104.409 0
      vertex 180.802 104.409 4
    endloop
  endfacet
  facet normal -0.924532 -0.381105 0
    outer loop
      vertex 180.856 104.278 0
      vertex 180.802 104.409 4
      vertex 180.802 104.409 0
    endloop
  endfacet
  facet normal -0.924532 -0.381105 0
    outer loop
      vertex 180.802 104.409 4
      vertex 180.856 104.278 0
      vertex 180.856 104.278 4
    endloop
  endfacet
  facet normal -0.972194 -0.234178 0
    outer loop
      vertex 180.889 104.141 0
      vertex 180.856 104.278 4
      vertex 180.856 104.278 0
    endloop
  endfacet
  facet normal -0.972194 -0.234178 0
    outer loop
      vertex 180.856 104.278 4
      vertex 180.889 104.141 0
      vertex 180.889 104.141 4
    endloop
  endfacet
  facet normal -0.996971 -0.0777779 0
    outer loop
      vertex 180.9 104 0
      vertex 180.889 104.141 4
      vertex 180.889 104.141 0
    endloop
  endfacet
  facet normal -0.996971 -0.0777779 0
    outer loop
      vertex 180.889 104.141 4
      vertex 180.9 104 0
      vertex 180.9 104 4
    endloop
  endfacet
  facet normal -0.996971 0.0777779 0
    outer loop
      vertex 180.889 103.859 0
      vertex 180.9 104 4
      vertex 180.9 104 0
    endloop
  endfacet
  facet normal -0.996971 0.0777779 0
    outer loop
      vertex 180.9 104 4
      vertex 180.889 103.859 0
      vertex 180.889 103.859 4
    endloop
  endfacet
  facet normal -0.972194 0.234178 0
    outer loop
      vertex 180.856 103.722 0
      vertex 180.889 103.859 4
      vertex 180.889 103.859 0
    endloop
  endfacet
  facet normal -0.972194 0.234178 0
    outer loop
      vertex 180.889 103.859 4
      vertex 180.856 103.722 0
      vertex 180.856 103.722 4
    endloop
  endfacet
  facet normal -0.924532 0.381105 0
    outer loop
      vertex 180.802 103.591 0
      vertex 180.856 103.722 4
      vertex 180.856 103.722 0
    endloop
  endfacet
  facet normal -0.924532 0.381105 0
    outer loop
      vertex 180.856 103.722 4
      vertex 180.802 103.591 0
      vertex 180.802 103.591 4
    endloop
  endfacet
  facet normal -0.851171 0.524889 0
    outer loop
      vertex 180.728 103.471 0
      vertex 180.802 103.591 4
      vertex 180.802 103.591 0
    endloop
  endfacet
  facet normal -0.851171 0.524889 0
    outer loop
      vertex 180.802 103.591 4
      vertex 180.728 103.471 0
      vertex 180.728 103.471 4
    endloop
  endfacet
  facet normal -0.758255 0.651958 0
    outer loop
      vertex 180.636 103.364 0
      vertex 180.728 103.471 4
      vertex 180.728 103.471 0
    endloop
  endfacet
  facet normal -0.758255 0.651958 0
    outer loop
      vertex 180.728 103.471 4
      vertex 180.636 103.364 0
      vertex 180.636 103.364 4
    endloop
  endfacet
  facet normal -0.651958 0.758255 0
    outer loop
      vertex 180.636 103.364 0
      vertex 180.529 103.272 4
      vertex 180.636 103.364 4
    endloop
  endfacet
  facet normal -0.651958 0.758255 0
    outer loop
      vertex 180.529 103.272 4
      vertex 180.636 103.364 0
      vertex 180.529 103.272 0
    endloop
  endfacet
  facet normal -0.524889 0.851171 0
    outer loop
      vertex 180.529 103.272 0
      vertex 180.409 103.198 4
      vertex 180.529 103.272 4
    endloop
  endfacet
  facet normal -0.524889 0.851171 0
    outer loop
      vertex 180.409 103.198 4
      vertex 180.529 103.272 0
      vertex 180.409 103.198 0
    endloop
  endfacet
  facet normal -0.381105 0.924532 0
    outer loop
      vertex 180.409 103.198 0
      vertex 180.278 103.144 4
      vertex 180.409 103.198 4
    endloop
  endfacet
  facet normal -0.381105 0.924532 0
    outer loop
      vertex 180.278 103.144 4
      vertex 180.409 103.198 0
      vertex 180.278 103.144 0
    endloop
  endfacet
  facet normal -0.234178 0.972194 0
    outer loop
      vertex 180.278 103.144 0
      vertex 180.141 103.111 4
      vertex 180.278 103.144 4
    endloop
  endfacet
  facet normal -0.234178 0.972194 0
    outer loop
      vertex 180.141 103.111 4
      vertex 180.278 103.144 0
      vertex 180.141 103.111 0
    endloop
  endfacet
  facet normal -0.0777779 0.996971 0
    outer loop
      vertex 180.141 103.111 0
      vertex 180 103.1 4
      vertex 180.141 103.111 4
    endloop
  endfacet
  facet normal -0.0777779 0.996971 0
    outer loop
      vertex 180 103.1 4
      vertex 180.141 103.111 0
      vertex 180 103.1 0
    endloop
  endfacet
  facet normal 0.0777779 0.996971 -0
    outer loop
      vertex 180 103.1 0
      vertex 179.859 103.111 4
      vertex 180 103.1 4
    endloop
  endfacet
  facet normal 0.0777779 0.996971 0
    outer loop
      vertex 179.859 103.111 4
      vertex 180 103.1 0
      vertex 179.859 103.111 0
    endloop
  endfacet
  facet normal 0.233694 0.97231 -0
    outer loop
      vertex 78.5203 80.9721 0
      vertex 78.383 81.0051 4
      vertex 78.5203 80.9721 4
    endloop
  endfacet
  facet normal 0.233694 0.97231 0
    outer loop
      vertex 78.383 81.0051 4
      vertex 78.5203 80.9721 0
      vertex 78.383 81.0051 0
    endloop
  endfacet
  facet normal 0.382352 0.924017 -0
    outer loop
      vertex 78.383 81.0051 0
      vertex 78.2525 81.0591 4
      vertex 78.383 81.0051 4
    endloop
  endfacet
  facet normal 0.382352 0.924017 0
    outer loop
      vertex 78.2525 81.0591 4
      vertex 78.383 81.0051 0
      vertex 78.2525 81.0591 0
    endloop
  endfacet
  facet normal 0.522595 0.852581 -0
    outer loop
      vertex 78.2525 81.0591 0
      vertex 78.1321 81.1329 4
      vertex 78.2525 81.0591 4
    endloop
  endfacet
  facet normal 0.522595 0.852581 0
    outer loop
      vertex 78.1321 81.1329 4
      vertex 78.2525 81.0591 0
      vertex 78.1321 81.1329 0
    endloop
  endfacet
  facet normal 0.649332 0.760505 -0
    outer loop
      vertex 78.1321 81.1329 0
      vertex 78.0247 81.2246 4
      vertex 78.1321 81.1329 4
    endloop
  endfacet
  facet normal 0.649332 0.760505 0
    outer loop
      vertex 78.0247 81.2246 4
      vertex 78.1321 81.1329 0
      vertex 78.0247 81.2246 0
    endloop
  endfacet
  facet normal 0.760505 0.649332 0
    outer loop
      vertex 78.0247 81.2246 4
      vertex 77.933 81.332 0
      vertex 77.933 81.332 4
    endloop
  endfacet
  facet normal 0.760505 0.649332 0
    outer loop
      vertex 77.933 81.332 0
      vertex 78.0247 81.2246 4
      vertex 78.0247 81.2246 0
    endloop
  endfacet
  facet normal 0.852581 0.522595 0
    outer loop
      vertex 77.933 81.332 4
      vertex 77.8592 81.4524 0
      vertex 77.8592 81.4524 4
    endloop
  endfacet
  facet normal 0.852581 0.522595 0
    outer loop
      vertex 77.8592 81.4524 0
      vertex 77.933 81.332 4
      vertex 77.933 81.332 0
    endloop
  endfacet
  facet normal 0.924017 0.382352 0
    outer loop
      vertex 77.8592 81.4524 4
      vertex 77.8052 81.5829 0
      vertex 77.8052 81.5829 4
    endloop
  endfacet
  facet normal 0.924017 0.382352 0
    outer loop
      vertex 77.8052 81.5829 0
      vertex 77.8592 81.4524 4
      vertex 77.8592 81.4524 0
    endloop
  endfacet
  facet normal 0.97231 0.233694 0
    outer loop
      vertex 77.8052 81.5829 4
      vertex 77.7722 81.7202 0
      vertex 77.7722 81.7202 4
    endloop
  endfacet
  facet normal 0.97231 0.233694 0
    outer loop
      vertex 77.7722 81.7202 0
      vertex 77.8052 81.5829 4
      vertex 77.8052 81.5829 0
    endloop
  endfacet
  facet normal 0.996907 0.0785914 0
    outer loop
      vertex 77.7722 81.7202 4
      vertex 77.7611 81.861 0
      vertex 77.7611 81.861 4
    endloop
  endfacet
  facet normal 0.996907 0.0785914 0
    outer loop
      vertex 77.7611 81.861 0
      vertex 77.7722 81.7202 4
      vertex 77.7722 81.7202 0
    endloop
  endfacet
  facet normal 0.996907 -0.0785914 0
    outer loop
      vertex 77.7611 81.861 4
      vertex 77.7722 82.0018 0
      vertex 77.7722 82.0018 4
    endloop
  endfacet
  facet normal 0.996907 -0.0785914 0
    outer loop
      vertex 77.7722 82.0018 0
      vertex 77.7611 81.861 4
      vertex 77.7611 81.861 0
    endloop
  endfacet
  facet normal 0.97231 -0.233694 0
    outer loop
      vertex 77.7722 82.0018 4
      vertex 77.8052 82.1391 0
      vertex 77.8052 82.1391 4
    endloop
  endfacet
  facet normal 0.97231 -0.233694 0
    outer loop
      vertex 77.8052 82.1391 0
      vertex 77.7722 82.0018 4
      vertex 77.7722 82.0018 0
    endloop
  endfacet
  facet normal 0.924017 -0.382352 0
    outer loop
      vertex 77.8052 82.1391 4
      vertex 77.8592 82.2696 0
      vertex 77.8592 82.2696 4
    endloop
  endfacet
  facet normal 0.924017 -0.382352 0
    outer loop
      vertex 77.8592 82.2696 0
      vertex 77.8052 82.1391 4
      vertex 77.8052 82.1391 0
    endloop
  endfacet
  facet normal 0.852581 -0.522595 0
    outer loop
      vertex 77.8592 82.2696 4
      vertex 77.933 82.39 0
      vertex 77.933 82.39 4
    endloop
  endfacet
  facet normal 0.852581 -0.522595 0
    outer loop
      vertex 77.933 82.39 0
      vertex 77.8592 82.2696 4
      vertex 77.8592 82.2696 0
    endloop
  endfacet
  facet normal 0.760505 -0.649332 0
    outer loop
      vertex 77.933 82.39 4
      vertex 78.0247 82.4974 0
      vertex 78.0247 82.4974 4
    endloop
  endfacet
  facet normal 0.760505 -0.649332 0
    outer loop
      vertex 78.0247 82.4974 0
      vertex 77.933 82.39 4
      vertex 77.933 82.39 0
    endloop
  endfacet
  facet normal 0.649332 -0.760505 0
    outer loop
      vertex 78.0247 82.4974 0
      vertex 78.1321 82.5891 4
      vertex 78.0247 82.4974 4
    endloop
  endfacet
  facet normal 0.649332 -0.760505 0
    outer loop
      vertex 78.1321 82.5891 4
      vertex 78.0247 82.4974 0
      vertex 78.1321 82.5891 0
    endloop
  endfacet
  facet normal 0.522595 -0.852581 0
    outer loop
      vertex 78.1321 82.5891 0
      vertex 78.2525 82.6629 4
      vertex 78.1321 82.5891 4
    endloop
  endfacet
  facet normal 0.522595 -0.852581 0
    outer loop
      vertex 78.2525 82.6629 4
      vertex 78.1321 82.5891 0
      vertex 78.2525 82.6629 0
    endloop
  endfacet
  facet normal 0.382956 -0.923767 0
    outer loop
      vertex 78.2525 82.6629 0
      vertex 78.383 82.717 4
      vertex 78.2525 82.6629 4
    endloop
  endfacet
  facet normal 0.382956 -0.923767 0
    outer loop
      vertex 78.383 82.717 4
      vertex 78.2525 82.6629 0
      vertex 78.383 82.717 0
    endloop
  endfacet
  facet normal 0.233025 -0.972471 0
    outer loop
      vertex 78.383 82.717 0
      vertex 78.5203 82.7499 4
      vertex 78.383 82.717 4
    endloop
  endfacet
  facet normal 0.233025 -0.972471 0
    outer loop
      vertex 78.5203 82.7499 4
      vertex 78.383 82.717 0
      vertex 78.5203 82.7499 0
    endloop
  endfacet
  facet normal 0.0785914 -0.996907 0
    outer loop
      vertex 78.5203 82.7499 0
      vertex 78.6611 82.761 4
      vertex 78.5203 82.7499 4
    endloop
  endfacet
  facet normal 0.0785914 -0.996907 0
    outer loop
      vertex 78.6611 82.761 4
      vertex 78.5203 82.7499 0
      vertex 78.6611 82.761 0
    endloop
  endfacet
  facet normal -0.0785914 -0.996907 0
    outer loop
      vertex 78.6611 82.761 0
      vertex 78.8019 82.7499 4
      vertex 78.6611 82.761 4
    endloop
  endfacet
  facet normal -0.0785914 -0.996907 -0
    outer loop
      vertex 78.8019 82.7499 4
      vertex 78.6611 82.761 0
      vertex 78.8019 82.7499 0
    endloop
  endfacet
  facet normal -0.233025 -0.972471 0
    outer loop
      vertex 78.8019 82.7499 0
      vertex 78.9392 82.717 4
      vertex 78.8019 82.7499 4
    endloop
  endfacet
  facet normal -0.233025 -0.972471 -0
    outer loop
      vertex 78.9392 82.717 4
      vertex 78.8019 82.7499 0
      vertex 78.9392 82.717 0
    endloop
  endfacet
  facet normal -0.382956 -0.923767 0
    outer loop
      vertex 78.9392 82.717 0
      vertex 79.0697 82.6629 4
      vertex 78.9392 82.717 4
    endloop
  endfacet
  facet normal -0.382956 -0.923767 -0
    outer loop
      vertex 79.0697 82.6629 4
      vertex 78.9392 82.717 0
      vertex 79.0697 82.6629 0
    endloop
  endfacet
  facet normal -0.522595 -0.852581 0
    outer loop
      vertex 79.0697 82.6629 0
      vertex 79.1901 82.5891 4
      vertex 79.0697 82.6629 4
    endloop
  endfacet
  facet normal -0.522595 -0.852581 -0
    outer loop
      vertex 79.1901 82.5891 4
      vertex 79.0697 82.6629 0
      vertex 79.1901 82.5891 0
    endloop
  endfacet
  facet normal -0.649332 -0.760505 0
    outer loop
      vertex 79.1901 82.5891 0
      vertex 79.2975 82.4974 4
      vertex 79.1901 82.5891 4
    endloop
  endfacet
  facet normal -0.649332 -0.760505 -0
    outer loop
      vertex 79.2975 82.4974 4
      vertex 79.1901 82.5891 0
      vertex 79.2975 82.4974 0
    endloop
  endfacet
  facet normal -0.760505 -0.649332 0
    outer loop
      vertex 79.3892 82.39 0
      vertex 79.2975 82.4974 4
      vertex 79.2975 82.4974 0
    endloop
  endfacet
  facet normal -0.760505 -0.649332 0
    outer loop
      vertex 79.2975 82.4974 4
      vertex 79.3892 82.39 0
      vertex 79.3892 82.39 4
    endloop
  endfacet
  facet normal -0.852581 -0.522595 0
    outer loop
      vertex 79.463 82.2696 0
      vertex 79.3892 82.39 4
      vertex 79.3892 82.39 0
    endloop
  endfacet
  facet normal -0.852581 -0.522595 0
    outer loop
      vertex 79.3892 82.39 4
      vertex 79.463 82.2696 0
      vertex 79.463 82.2696 4
    endloop
  endfacet
  facet normal -0.923767 -0.382956 0
    outer loop
      vertex 79.5171 82.1391 0
      vertex 79.463 82.2696 4
      vertex 79.463 82.2696 0
    endloop
  endfacet
  facet normal -0.923767 -0.382956 0
    outer loop
      vertex 79.463 82.2696 4
      vertex 79.5171 82.1391 0
      vertex 79.5171 82.1391 4
    endloop
  endfacet
  facet normal -0.972471 -0.233025 0
    outer loop
      vertex 79.55 82.0018 0
      vertex 79.5171 82.1391 4
      vertex 79.5171 82.1391 0
    endloop
  endfacet
  facet normal -0.972471 -0.233025 0
    outer loop
      vertex 79.5171 82.1391 4
      vertex 79.55 82.0018 0
      vertex 79.55 82.0018 4
    endloop
  endfacet
  facet normal -0.996907 -0.0785914 0
    outer loop
      vertex 79.5611 81.861 0
      vertex 79.55 82.0018 4
      vertex 79.55 82.0018 0
    endloop
  endfacet
  facet normal -0.996907 -0.0785914 0
    outer loop
      vertex 79.55 82.0018 4
      vertex 79.5611 81.861 0
      vertex 79.5611 81.861 4
    endloop
  endfacet
  facet normal -0.996907 0.0785914 0
    outer loop
      vertex 79.55 81.7202 0
      vertex 79.5611 81.861 4
      vertex 79.5611 81.861 0
    endloop
  endfacet
  facet normal -0.996907 0.0785914 0
    outer loop
      vertex 79.5611 81.861 4
      vertex 79.55 81.7202 0
      vertex 79.55 81.7202 4
    endloop
  endfacet
  facet normal -0.972471 0.233025 0
    outer loop
      vertex 79.5171 81.5829 0
      vertex 79.55 81.7202 4
      vertex 79.55 81.7202 0
    endloop
  endfacet
  facet normal -0.972471 0.233025 0
    outer loop
      vertex 79.55 81.7202 4
      vertex 79.5171 81.5829 0
      vertex 79.5171 81.5829 4
    endloop
  endfacet
  facet normal -0.923767 0.382956 0
    outer loop
      vertex 79.463 81.4524 0
      vertex 79.5171 81.5829 4
      vertex 79.5171 81.5829 0
    endloop
  endfacet
  facet normal -0.923767 0.382956 0
    outer loop
      vertex 79.5171 81.5829 4
      vertex 79.463 81.4524 0
      vertex 79.463 81.4524 4
    endloop
  endfacet
  facet normal -0.852581 0.522595 0
    outer loop
      vertex 79.3892 81.332 0
      vertex 79.463 81.4524 4
      vertex 79.463 81.4524 0
    endloop
  endfacet
  facet normal -0.852581 0.522595 0
    outer loop
      vertex 79.463 81.4524 4
      vertex 79.3892 81.332 0
      vertex 79.3892 81.332 4
    endloop
  endfacet
  facet normal -0.760505 0.649332 0
    outer loop
      vertex 79.2975 81.2246 0
      vertex 79.3892 81.332 4
      vertex 79.3892 81.332 0
    endloop
  endfacet
  facet normal -0.760505 0.649332 0
    outer loop
      vertex 79.3892 81.332 4
      vertex 79.2975 81.2246 0
      vertex 79.2975 81.2246 4
    endloop
  endfacet
  facet normal -0.649332 0.760505 0
    outer loop
      vertex 79.2975 81.2246 0
      vertex 79.1901 81.1329 4
      vertex 79.2975 81.2246 4
    endloop
  endfacet
  facet normal -0.649332 0.760505 0
    outer loop
      vertex 79.1901 81.1329 4
      vertex 79.2975 81.2246 0
      vertex 79.1901 81.1329 0
    endloop
  endfacet
  facet normal -0.522595 0.852581 0
    outer loop
      vertex 79.1901 81.1329 0
      vertex 79.0697 81.0591 4
      vertex 79.1901 81.1329 4
    endloop
  endfacet
  facet normal -0.522595 0.852581 0
    outer loop
      vertex 79.0697 81.0591 4
      vertex 79.1901 81.1329 0
      vertex 79.0697 81.0591 0
    endloop
  endfacet
  facet normal -0.382352 0.924017 0
    outer loop
      vertex 79.0697 81.0591 0
      vertex 78.9392 81.0051 4
      vertex 79.0697 81.0591 4
    endloop
  endfacet
  facet normal -0.382352 0.924017 0
    outer loop
      vertex 78.9392 81.0051 4
      vertex 79.0697 81.0591 0
      vertex 78.9392 81.0051 0
    endloop
  endfacet
  facet normal -0.233694 0.97231 0
    outer loop
      vertex 78.9392 81.0051 0
      vertex 78.8019 80.9721 4
      vertex 78.9392 81.0051 4
    endloop
  endfacet
  facet normal -0.233694 0.97231 0
    outer loop
      vertex 78.8019 80.9721 4
      vertex 78.9392 81.0051 0
      vertex 78.8019 80.9721 0
    endloop
  endfacet
  facet normal -0.0785914 0.996907 0
    outer loop
      vertex 78.8019 80.9721 0
      vertex 78.6611 80.961 4
      vertex 78.8019 80.9721 4
    endloop
  endfacet
  facet normal -0.0785914 0.996907 0
    outer loop
      vertex 78.6611 80.961 4
      vertex 78.8019 80.9721 0
      vertex 78.6611 80.961 0
    endloop
  endfacet
  facet normal 0.0785914 0.996907 -0
    outer loop
      vertex 78.6611 80.961 0
      vertex 78.5203 80.9721 4
      vertex 78.6611 80.961 4
    endloop
  endfacet
  facet normal 0.0785914 0.996907 0
    outer loop
      vertex 78.5203 80.9721 4
      vertex 78.6611 80.961 0
      vertex 78.5203 80.9721 0
    endloop
  endfacet
  facet normal 0.234178 0.972194 -0
    outer loop
      vertex 138.52 80.9721 0
      vertex 138.383 81.0051 4
      vertex 138.52 80.9721 4
    endloop
  endfacet
  facet normal 0.234178 0.972194 0
    outer loop
      vertex 138.383 81.0051 4
      vertex 138.52 80.9721 0
      vertex 138.383 81.0051 0
    endloop
  endfacet
  facet normal 0.383606 0.923497 -0
    outer loop
      vertex 138.383 81.0051 0
      vertex 138.253 81.0591 4
      vertex 138.383 81.0051 4
    endloop
  endfacet
  facet normal 0.383606 0.923497 0
    outer loop
      vertex 138.253 81.0591 4
      vertex 138.383 81.0051 0
      vertex 138.253 81.0591 0
    endloop
  endfacet
  facet normal 0.520708 0.853735 -0
    outer loop
      vertex 138.253 81.0591 0
      vertex 138.132 81.1329 4
      vertex 138.253 81.0591 4
    endloop
  endfacet
  facet normal 0.520708 0.853735 0
    outer loop
      vertex 138.132 81.1329 4
      vertex 138.253 81.0591 0
      vertex 138.132 81.1329 0
    endloop
  endfacet
  facet normal 0.650733 0.759307 -0
    outer loop
      vertex 138.132 81.1329 0
      vertex 138.025 81.2246 4
      vertex 138.132 81.1329 4
    endloop
  endfacet
  facet normal 0.650733 0.759307 0
    outer loop
      vertex 138.025 81.2246 4
      vertex 138.132 81.1329 0
      vertex 138.025 81.2246 0
    endloop
  endfacet
  facet normal 0.759456 0.650558 0
    outer loop
      vertex 138.025 81.2246 4
      vertex 137.933 81.332 0
      vertex 137.933 81.332 4
    endloop
  endfacet
  facet normal 0.759456 0.650558 0
    outer loop
      vertex 137.933 81.332 0
      vertex 138.025 81.2246 4
      vertex 138.025 81.2246 0
    endloop
  endfacet
  facet normal 0.85195 0.523624 0
    outer loop
      vertex 137.933 81.332 4
      vertex 137.859 81.4524 0
      vertex 137.859 81.4524 4
    endloop
  endfacet
  facet normal 0.85195 0.523624 0
    outer loop
      vertex 137.859 81.4524 0
      vertex 137.933 81.332 4
      vertex 137.933 81.332 0
    endloop
  endfacet
  facet normal 0.924017 0.382352 0
    outer loop
      vertex 137.859 81.4524 4
      vertex 137.805 81.5829 0
      vertex 137.805 81.5829 4
    endloop
  endfacet
  facet normal 0.924017 0.382352 0
    outer loop
      vertex 137.805 81.5829 0
      vertex 137.859 81.4524 4
      vertex 137.859 81.4524 0
    endloop
  endfacet
  facet normal 0.97231 0.233694 0
    outer loop
      vertex 137.805 81.5829 4
      vertex 137.772 81.7202 0
      vertex 137.772 81.7202 4
    endloop
  endfacet
  facet normal 0.97231 0.233694 0
    outer loop
      vertex 137.772 81.7202 0
      vertex 137.805 81.5829 4
      vertex 137.805 81.5829 0
    endloop
  endfacet
  facet normal 0.996962 0.0778877 0
    outer loop
      vertex 137.772 81.7202 4
      vertex 137.761 81.861 0
      vertex 137.761 81.861 4
    endloop
  endfacet
  facet normal 0.996962 0.0778877 0
    outer loop
      vertex 137.761 81.861 0
      vertex 137.772 81.7202 4
      vertex 137.772 81.7202 0
    endloop
  endfacet
  facet normal 0.996962 -0.0778877 0
    outer loop
      vertex 137.761 81.861 4
      vertex 137.772 82.0018 0
      vertex 137.772 82.0018 4
    endloop
  endfacet
  facet normal 0.996962 -0.0778877 0
    outer loop
      vertex 137.772 82.0018 0
      vertex 137.761 81.861 4
      vertex 137.761 81.861 0
    endloop
  endfacet
  facet normal 0.97231 -0.233694 0
    outer loop
      vertex 137.772 82.0018 4
      vertex 137.805 82.1391 0
      vertex 137.805 82.1391 4
    endloop
  endfacet
  facet normal 0.97231 -0.233694 0
    outer loop
      vertex 137.805 82.1391 0
      vertex 137.772 82.0018 4
      vertex 137.772 82.0018 0
    endloop
  endfacet
  facet normal 0.924017 -0.382352 0
    outer loop
      vertex 137.805 82.1391 4
      vertex 137.859 82.2696 0
      vertex 137.859 82.2696 4
    endloop
  endfacet
  facet normal 0.924017 -0.382352 0
    outer loop
      vertex 137.859 82.2696 0
      vertex 137.805 82.1391 4
      vertex 137.805 82.1391 0
    endloop
  endfacet
  facet normal 0.85195 -0.523624 0
    outer loop
      vertex 137.859 82.2696 4
      vertex 137.933 82.39 0
      vertex 137.933 82.39 4
    endloop
  endfacet
  facet normal 0.85195 -0.523624 0
    outer loop
      vertex 137.933 82.39 0
      vertex 137.859 82.2696 4
      vertex 137.859 82.2696 0
    endloop
  endfacet
  facet normal 0.759456 -0.650558 0
    outer loop
      vertex 137.933 82.39 4
      vertex 138.025 82.4974 0
      vertex 138.025 82.4974 4
    endloop
  endfacet
  facet normal 0.759456 -0.650558 0
    outer loop
      vertex 138.025 82.4974 0
      vertex 137.933 82.39 4
      vertex 137.933 82.39 0
    endloop
  endfacet
  facet normal 0.650733 -0.759307 0
    outer loop
      vertex 138.025 82.4974 0
      vertex 138.132 82.5891 4
      vertex 138.025 82.4974 4
    endloop
  endfacet
  facet normal 0.650733 -0.759307 0
    outer loop
      vertex 138.132 82.5891 4
      vertex 138.025 82.4974 0
      vertex 138.132 82.5891 0
    endloop
  endfacet
  facet normal 0.520708 -0.853735 0
    outer loop
      vertex 138.132 82.5891 0
      vertex 138.253 82.6629 4
      vertex 138.132 82.5891 4
    endloop
  endfacet
  facet normal 0.520708 -0.853735 0
    outer loop
      vertex 138.253 82.6629 4
      vertex 138.132 82.5891 0
      vertex 138.253 82.6629 0
    endloop
  endfacet
  facet normal 0.384212 -0.923245 0
    outer loop
      vertex 138.253 82.6629 0
      vertex 138.383 82.717 4
      vertex 138.253 82.6629 4
    endloop
  endfacet
  facet normal 0.384212 -0.923245 0
    outer loop
      vertex 138.383 82.717 4
      vertex 138.253 82.6629 0
      vertex 138.383 82.717 0
    endloop
  endfacet
  facet normal 0.233507 -0.972355 0
    outer loop
      vertex 138.383 82.717 0
      vertex 138.52 82.7499 4
      vertex 138.383 82.717 4
    endloop
  endfacet
  facet normal 0.233507 -0.972355 0
    outer loop
      vertex 138.52 82.7499 4
      vertex 138.383 82.717 0
      vertex 138.52 82.7499 0
    endloop
  endfacet
  facet normal 0.0784806 -0.996916 0
    outer loop
      vertex 138.52 82.7499 0
      vertex 138.661 82.761 4
      vertex 138.52 82.7499 4
    endloop
  endfacet
  facet normal 0.0784806 -0.996916 0
    outer loop
      vertex 138.661 82.761 4
      vertex 138.52 82.7499 0
      vertex 138.661 82.761 0
    endloop
  endfacet
  facet normal -0.0784806 -0.996916 0
    outer loop
      vertex 138.661 82.761 0
      vertex 138.802 82.7499 4
      vertex 138.661 82.761 4
    endloop
  endfacet
  facet normal -0.0784806 -0.996916 -0
    outer loop
      vertex 138.802 82.7499 4
      vertex 138.661 82.761 0
      vertex 138.802 82.7499 0
    endloop
  endfacet
  facet normal -0.233507 -0.972355 0
    outer loop
      vertex 138.802 82.7499 0
      vertex 138.939 82.717 4
      vertex 138.802 82.7499 4
    endloop
  endfacet
  facet normal -0.233507 -0.972355 -0
    outer loop
      vertex 138.939 82.717 4
      vertex 138.802 82.7499 0
      vertex 138.939 82.717 0
    endloop
  endfacet
  facet normal -0.381708 -0.924283 0
    outer loop
      vertex 138.939 82.717 0
      vertex 139.07 82.6629 4
      vertex 138.939 82.717 4
    endloop
  endfacet
  facet normal -0.381708 -0.924283 -0
    outer loop
      vertex 139.07 82.6629 4
      vertex 138.939 82.717 0
      vertex 139.07 82.6629 0
    endloop
  endfacet
  facet normal -0.52386 -0.851805 0
    outer loop
      vertex 139.07 82.6629 0
      vertex 139.19 82.5891 4
      vertex 139.07 82.6629 4
    endloop
  endfacet
  facet normal -0.52386 -0.851805 -0
    outer loop
      vertex 139.19 82.5891 4
      vertex 139.07 82.6629 0
      vertex 139.19 82.5891 0
    endloop
  endfacet
  facet normal -0.647239 -0.762288 0
    outer loop
      vertex 139.19 82.5891 0
      vertex 139.298 82.4974 4
      vertex 139.19 82.5891 4
    endloop
  endfacet
  facet normal -0.647239 -0.762288 -0
    outer loop
      vertex 139.298 82.4974 4
      vertex 139.19 82.5891 0
      vertex 139.298 82.4974 0
    endloop
  endfacet
  facet normal -0.762955 -0.646452 0
    outer loop
      vertex 139.389 82.39 0
      vertex 139.298 82.4974 4
      vertex 139.298 82.4974 0
    endloop
  endfacet
  facet normal -0.762955 -0.646452 0
    outer loop
      vertex 139.298 82.4974 4
      vertex 139.389 82.39 0
      vertex 139.389 82.39 4
    endloop
  endfacet
  facet normal -0.85195 -0.523624 0
    outer loop
      vertex 139.463 82.2696 0
      vertex 139.389 82.39 4
      vertex 139.389 82.39 0
    endloop
  endfacet
  facet normal -0.85195 -0.523624 0
    outer loop
      vertex 139.389 82.39 4
      vertex 139.463 82.2696 0
      vertex 139.463 82.2696 4
    endloop
  endfacet
  facet normal -0.924017 -0.382352 0
    outer loop
      vertex 139.517 82.1391 0
      vertex 139.463 82.2696 4
      vertex 139.463 82.2696 0
    endloop
  endfacet
  facet normal -0.924017 -0.382352 0
    outer loop
      vertex 139.463 82.2696 4
      vertex 139.517 82.1391 0
      vertex 139.517 82.1391 4
    endloop
  endfacet
  facet normal -0.97231 -0.233694 0
    outer loop
      vertex 139.55 82.0018 0
      vertex 139.517 82.1391 4
      vertex 139.517 82.1391 0
    endloop
  endfacet
  facet normal -0.97231 -0.233694 0
    outer loop
      vertex 139.517 82.1391 4
      vertex 139.55 82.0018 0
      vertex 139.55 82.0018 4
    endloop
  endfacet
  facet normal -0.996962 -0.0778877 0
    outer loop
      vertex 139.561 81.861 0
      vertex 139.55 82.0018 4
      vertex 139.55 82.0018 0
    endloop
  endfacet
  facet normal -0.996962 -0.0778877 0
    outer loop
      vertex 139.55 82.0018 4
      vertex 139.561 81.861 0
      vertex 139.561 81.861 4
    endloop
  endfacet
  facet normal -0.996962 0.0778877 0
    outer loop
      vertex 139.55 81.7202 0
      vertex 139.561 81.861 4
      vertex 139.561 81.861 0
    endloop
  endfacet
  facet normal -0.996962 0.0778877 0
    outer loop
      vertex 139.561 81.861 4
      vertex 139.55 81.7202 0
      vertex 139.55 81.7202 4
    endloop
  endfacet
  facet normal -0.97231 0.233694 0
    outer loop
      vertex 139.517 81.5829 0
      vertex 139.55 81.7202 4
      vertex 139.55 81.7202 0
    endloop
  endfacet
  facet normal -0.97231 0.233694 0
    outer loop
      vertex 139.55 81.7202 4
      vertex 139.517 81.5829 0
      vertex 139.517 81.5829 4
    endloop
  endfacet
  facet normal -0.924017 0.382352 0
    outer loop
      vertex 139.463 81.4524 0
      vertex 139.517 81.5829 4
      vertex 139.517 81.5829 0
    endloop
  endfacet
  facet normal -0.924017 0.382352 0
    outer loop
      vertex 139.517 81.5829 4
      vertex 139.463 81.4524 0
      vertex 139.463 81.4524 4
    endloop
  endfacet
  facet normal -0.85195 0.523624 0
    outer loop
      vertex 139.389 81.332 0
      vertex 139.463 81.4524 4
      vertex 139.463 81.4524 0
    endloop
  endfacet
  facet normal -0.85195 0.523624 0
    outer loop
      vertex 139.463 81.4524 4
      vertex 139.389 81.332 0
      vertex 139.389 81.332 4
    endloop
  endfacet
  facet normal -0.762955 0.646452 0
    outer loop
      vertex 139.298 81.2246 0
      vertex 139.389 81.332 4
      vertex 139.389 81.332 0
    endloop
  endfacet
  facet normal -0.762955 0.646452 0
    outer loop
      vertex 139.389 81.332 4
      vertex 139.298 81.2246 0
      vertex 139.298 81.2246 4
    endloop
  endfacet
  facet normal -0.647239 0.762288 0
    outer loop
      vertex 139.298 81.2246 0
      vertex 139.19 81.1329 4
      vertex 139.298 81.2246 4
    endloop
  endfacet
  facet normal -0.647239 0.762288 0
    outer loop
      vertex 139.19 81.1329 4
      vertex 139.298 81.2246 0
      vertex 139.19 81.1329 0
    endloop
  endfacet
  facet normal -0.52386 0.851805 0
    outer loop
      vertex 139.19 81.1329 0
      vertex 139.07 81.0591 4
      vertex 139.19 81.1329 4
    endloop
  endfacet
  facet normal -0.52386 0.851805 0
    outer loop
      vertex 139.07 81.0591 4
      vertex 139.19 81.1329 0
      vertex 139.07 81.0591 0
    endloop
  endfacet
  facet normal -0.381105 0.924532 0
    outer loop
      vertex 139.07 81.0591 0
      vertex 138.939 81.0051 4
      vertex 139.07 81.0591 4
    endloop
  endfacet
  facet normal -0.381105 0.924532 0
    outer loop
      vertex 138.939 81.0051 4
      vertex 139.07 81.0591 0
      vertex 138.939 81.0051 0
    endloop
  endfacet
  facet normal -0.234178 0.972194 0
    outer loop
      vertex 138.939 81.0051 0
      vertex 138.802 80.9721 4
      vertex 138.939 81.0051 4
    endloop
  endfacet
  facet normal -0.234178 0.972194 0
    outer loop
      vertex 138.802 80.9721 4
      vertex 138.939 81.0051 0
      vertex 138.802 80.9721 0
    endloop
  endfacet
  facet normal -0.0784806 0.996916 0
    outer loop
      vertex 138.802 80.9721 0
      vertex 138.661 80.961 4
      vertex 138.802 80.9721 4
    endloop
  endfacet
  facet normal -0.0784806 0.996916 0
    outer loop
      vertex 138.661 80.961 4
      vertex 138.802 80.9721 0
      vertex 138.661 80.961 0
    endloop
  endfacet
  facet normal 0.0784806 0.996916 -0
    outer loop
      vertex 138.661 80.961 0
      vertex 138.52 80.9721 4
      vertex 138.661 80.961 4
    endloop
  endfacet
  facet normal 0.0784806 0.996916 0
    outer loop
      vertex 138.52 80.9721 4
      vertex 138.661 80.961 0
      vertex 138.52 80.9721 0
    endloop
  endfacet
  facet normal 0.234178 0.972194 -0
    outer loop
      vertex 198.52 80.9721 0
      vertex 198.383 81.0051 4
      vertex 198.52 80.9721 4
    endloop
  endfacet
  facet normal 0.234178 0.972194 0
    outer loop
      vertex 198.383 81.0051 4
      vertex 198.52 80.9721 0
      vertex 198.383 81.0051 0
    endloop
  endfacet
  facet normal 0.383606 0.923497 -0
    outer loop
      vertex 198.383 81.0051 0
      vertex 198.253 81.0591 4
      vertex 198.383 81.0051 4
    endloop
  endfacet
  facet normal 0.383606 0.923497 0
    outer loop
      vertex 198.253 81.0591 4
      vertex 198.383 81.0051 0
      vertex 198.253 81.0591 0
    endloop
  endfacet
  facet normal 0.520708 0.853735 -0
    outer loop
      vertex 198.253 81.0591 0
      vertex 198.132 81.1329 4
      vertex 198.253 81.0591 4
    endloop
  endfacet
  facet normal 0.520708 0.853735 0
    outer loop
      vertex 198.132 81.1329 4
      vertex 198.253 81.0591 0
      vertex 198.132 81.1329 0
    endloop
  endfacet
  facet normal 0.650733 0.759307 -0
    outer loop
      vertex 198.132 81.1329 0
      vertex 198.025 81.2246 4
      vertex 198.132 81.1329 4
    endloop
  endfacet
  facet normal 0.650733 0.759307 0
    outer loop
      vertex 198.025 81.2246 4
      vertex 198.132 81.1329 0
      vertex 198.025 81.2246 0
    endloop
  endfacet
  facet normal 0.759456 0.650558 0
    outer loop
      vertex 198.025 81.2246 4
      vertex 197.933 81.332 0
      vertex 197.933 81.332 4
    endloop
  endfacet
  facet normal 0.759456 0.650558 0
    outer loop
      vertex 197.933 81.332 0
      vertex 198.025 81.2246 4
      vertex 198.025 81.2246 0
    endloop
  endfacet
  facet normal 0.85195 0.523624 0
    outer loop
      vertex 197.933 81.332 4
      vertex 197.859 81.4524 0
      vertex 197.859 81.4524 4
    endloop
  endfacet
  facet normal 0.85195 0.523624 0
    outer loop
      vertex 197.859 81.4524 0
      vertex 197.933 81.332 4
      vertex 197.933 81.332 0
    endloop
  endfacet
  facet normal 0.924017 0.382352 0
    outer loop
      vertex 197.859 81.4524 4
      vertex 197.805 81.5829 0
      vertex 197.805 81.5829 4
    endloop
  endfacet
  facet normal 0.924017 0.382352 0
    outer loop
      vertex 197.805 81.5829 0
      vertex 197.859 81.4524 4
      vertex 197.859 81.4524 0
    endloop
  endfacet
  facet normal 0.97231 0.233694 0
    outer loop
      vertex 197.805 81.5829 4
      vertex 197.772 81.7202 0
      vertex 197.772 81.7202 4
    endloop
  endfacet
  facet normal 0.97231 0.233694 0
    outer loop
      vertex 197.772 81.7202 0
      vertex 197.805 81.5829 4
      vertex 197.805 81.5829 0
    endloop
  endfacet
  facet normal 0.996962 0.0778877 0
    outer loop
      vertex 197.772 81.7202 4
      vertex 197.761 81.861 0
      vertex 197.761 81.861 4
    endloop
  endfacet
  facet normal 0.996962 0.0778877 0
    outer loop
      vertex 197.761 81.861 0
      vertex 197.772 81.7202 4
      vertex 197.772 81.7202 0
    endloop
  endfacet
  facet normal 0.996962 -0.0778877 0
    outer loop
      vertex 197.761 81.861 4
      vertex 197.772 82.0018 0
      vertex 197.772 82.0018 4
    endloop
  endfacet
  facet normal 0.996962 -0.0778877 0
    outer loop
      vertex 197.772 82.0018 0
      vertex 197.761 81.861 4
      vertex 197.761 81.861 0
    endloop
  endfacet
  facet normal 0.97231 -0.233694 0
    outer loop
      vertex 197.772 82.0018 4
      vertex 197.805 82.1391 0
      vertex 197.805 82.1391 4
    endloop
  endfacet
  facet normal 0.97231 -0.233694 0
    outer loop
      vertex 197.805 82.1391 0
      vertex 197.772 82.0018 4
      vertex 197.772 82.0018 0
    endloop
  endfacet
  facet normal 0.924017 -0.382352 0
    outer loop
      vertex 197.805 82.1391 4
      vertex 197.859 82.2696 0
      vertex 197.859 82.2696 4
    endloop
  endfacet
  facet normal 0.924017 -0.382352 0
    outer loop
      vertex 197.859 82.2696 0
      vertex 197.805 82.1391 4
      vertex 197.805 82.1391 0
    endloop
  endfacet
  facet normal 0.85195 -0.523624 0
    outer loop
      vertex 197.859 82.2696 4
      vertex 197.933 82.39 0
      vertex 197.933 82.39 4
    endloop
  endfacet
  facet normal 0.85195 -0.523624 0
    outer loop
      vertex 197.933 82.39 0
      vertex 197.859 82.2696 4
      vertex 197.859 82.2696 0
    endloop
  endfacet
  facet normal 0.759456 -0.650558 0
    outer loop
      vertex 197.933 82.39 4
      vertex 198.025 82.4974 0
      vertex 198.025 82.4974 4
    endloop
  endfacet
  facet normal 0.759456 -0.650558 0
    outer loop
      vertex 198.025 82.4974 0
      vertex 197.933 82.39 4
      vertex 197.933 82.39 0
    endloop
  endfacet
  facet normal 0.650733 -0.759307 0
    outer loop
      vertex 198.025 82.4974 0
      vertex 198.132 82.5891 4
      vertex 198.025 82.4974 4
    endloop
  endfacet
  facet normal 0.650733 -0.759307 0
    outer loop
      vertex 198.132 82.5891 4
      vertex 198.025 82.4974 0
      vertex 198.132 82.5891 0
    endloop
  endfacet
  facet normal 0.520708 -0.853735 0
    outer loop
      vertex 198.132 82.5891 0
      vertex 198.253 82.6629 4
      vertex 198.132 82.5891 4
    endloop
  endfacet
  facet normal 0.520708 -0.853735 0
    outer loop
      vertex 198.253 82.6629 4
      vertex 198.132 82.5891 0
      vertex 198.253 82.6629 0
    endloop
  endfacet
  facet normal 0.384212 -0.923245 0
    outer loop
      vertex 198.253 82.6629 0
      vertex 198.383 82.717 4
      vertex 198.253 82.6629 4
    endloop
  endfacet
  facet normal 0.384212 -0.923245 0
    outer loop
      vertex 198.383 82.717 4
      vertex 198.253 82.6629 0
      vertex 198.383 82.717 0
    endloop
  endfacet
  facet normal 0.233507 -0.972355 0
    outer loop
      vertex 198.383 82.717 0
      vertex 198.52 82.7499 4
      vertex 198.383 82.717 4
    endloop
  endfacet
  facet normal 0.233507 -0.972355 0
    outer loop
      vertex 198.52 82.7499 4
      vertex 198.383 82.717 0
      vertex 198.52 82.7499 0
    endloop
  endfacet
  facet normal 0.0784806 -0.996916 0
    outer loop
      vertex 198.52 82.7499 0
      vertex 198.661 82.761 4
      vertex 198.52 82.7499 4
    endloop
  endfacet
  facet normal 0.0784806 -0.996916 0
    outer loop
      vertex 198.661 82.761 4
      vertex 198.52 82.7499 0
      vertex 198.661 82.761 0
    endloop
  endfacet
  facet normal -0.0784806 -0.996916 0
    outer loop
      vertex 198.661 82.761 0
      vertex 198.802 82.7499 4
      vertex 198.661 82.761 4
    endloop
  endfacet
  facet normal -0.0784806 -0.996916 -0
    outer loop
      vertex 198.802 82.7499 4
      vertex 198.661 82.761 0
      vertex 198.802 82.7499 0
    endloop
  endfacet
  facet normal -0.233507 -0.972355 0
    outer loop
      vertex 198.802 82.7499 0
      vertex 198.939 82.717 4
      vertex 198.802 82.7499 4
    endloop
  endfacet
  facet normal -0.233507 -0.972355 -0
    outer loop
      vertex 198.939 82.717 4
      vertex 198.802 82.7499 0
      vertex 198.939 82.717 0
    endloop
  endfacet
  facet normal -0.381708 -0.924283 0
    outer loop
      vertex 198.939 82.717 0
      vertex 199.07 82.6629 4
      vertex 198.939 82.717 4
    endloop
  endfacet
  facet normal -0.381708 -0.924283 -0
    outer loop
      vertex 199.07 82.6629 4
      vertex 198.939 82.717 0
      vertex 199.07 82.6629 0
    endloop
  endfacet
  facet normal -0.52386 -0.851805 0
    outer loop
      vertex 199.07 82.6629 0
      vertex 199.19 82.5891 4
      vertex 199.07 82.6629 4
    endloop
  endfacet
  facet normal -0.52386 -0.851805 -0
    outer loop
      vertex 199.19 82.5891 4
      vertex 199.07 82.6629 0
      vertex 199.19 82.5891 0
    endloop
  endfacet
  facet normal -0.650733 -0.759307 0
    outer loop
      vertex 199.19 82.5891 0
      vertex 199.297 82.4974 4
      vertex 199.19 82.5891 4
    endloop
  endfacet
  facet normal -0.650733 -0.759307 -0
    outer loop
      vertex 199.297 82.4974 4
      vertex 199.19 82.5891 0
      vertex 199.297 82.4974 0
    endloop
  endfacet
  facet normal -0.759456 -0.650558 0
    outer loop
      vertex 199.389 82.39 0
      vertex 199.297 82.4974 4
      vertex 199.297 82.4974 0
    endloop
  endfacet
  facet normal -0.759456 -0.650558 0
    outer loop
      vertex 199.297 82.4974 4
      vertex 199.389 82.39 0
      vertex 199.389 82.39 4
    endloop
  endfacet
  facet normal -0.85195 -0.523624 0
    outer loop
      vertex 199.463 82.2696 0
      vertex 199.389 82.39 4
      vertex 199.389 82.39 0
    endloop
  endfacet
  facet normal -0.85195 -0.523624 0
    outer loop
      vertex 199.389 82.39 4
      vertex 199.463 82.2696 0
      vertex 199.463 82.2696 4
    endloop
  endfacet
  facet normal -0.924017 -0.382352 0
    outer loop
      vertex 199.517 82.1391 0
      vertex 199.463 82.2696 4
      vertex 199.463 82.2696 0
    endloop
  endfacet
  facet normal -0.924017 -0.382352 0
    outer loop
      vertex 199.463 82.2696 4
      vertex 199.517 82.1391 0
      vertex 199.517 82.1391 4
    endloop
  endfacet
  facet normal -0.97231 -0.233694 0
    outer loop
      vertex 199.55 82.0018 0
      vertex 199.517 82.1391 4
      vertex 199.517 82.1391 0
    endloop
  endfacet
  facet normal -0.97231 -0.233694 0
    outer loop
      vertex 199.517 82.1391 4
      vertex 199.55 82.0018 0
      vertex 199.55 82.0018 4
    endloop
  endfacet
  facet normal -0.996962 -0.0778877 0
    outer loop
      vertex 199.561 81.861 0
      vertex 199.55 82.0018 4
      vertex 199.55 82.0018 0
    endloop
  endfacet
  facet normal -0.996962 -0.0778877 0
    outer loop
      vertex 199.55 82.0018 4
      vertex 199.561 81.861 0
      vertex 199.561 81.861 4
    endloop
  endfacet
  facet normal -0.996962 0.0778877 0
    outer loop
      vertex 199.55 81.7202 0
      vertex 199.561 81.861 4
      vertex 199.561 81.861 0
    endloop
  endfacet
  facet normal -0.996962 0.0778877 0
    outer loop
      vertex 199.561 81.861 4
      vertex 199.55 81.7202 0
      vertex 199.55 81.7202 4
    endloop
  endfacet
  facet normal -0.97231 0.233694 0
    outer loop
      vertex 199.517 81.5829 0
      vertex 199.55 81.7202 4
      vertex 199.55 81.7202 0
    endloop
  endfacet
  facet normal -0.97231 0.233694 0
    outer loop
      vertex 199.55 81.7202 4
      vertex 199.517 81.5829 0
      vertex 199.517 81.5829 4
    endloop
  endfacet
  facet normal -0.924017 0.382352 0
    outer loop
      vertex 199.463 81.4524 0
      vertex 199.517 81.5829 4
      vertex 199.517 81.5829 0
    endloop
  endfacet
  facet normal -0.924017 0.382352 0
    outer loop
      vertex 199.517 81.5829 4
      vertex 199.463 81.4524 0
      vertex 199.463 81.4524 4
    endloop
  endfacet
  facet normal -0.85195 0.523624 0
    outer loop
      vertex 199.389 81.332 0
      vertex 199.463 81.4524 4
      vertex 199.463 81.4524 0
    endloop
  endfacet
  facet normal -0.85195 0.523624 0
    outer loop
      vertex 199.463 81.4524 4
      vertex 199.389 81.332 0
      vertex 199.389 81.332 4
    endloop
  endfacet
  facet normal -0.759456 0.650558 0
    outer loop
      vertex 199.297 81.2246 0
      vertex 199.389 81.332 4
      vertex 199.389 81.332 0
    endloop
  endfacet
  facet normal -0.759456 0.650558 0
    outer loop
      vertex 199.389 81.332 4
      vertex 199.297 81.2246 0
      vertex 199.297 81.2246 4
    endloop
  endfacet
  facet normal -0.650733 0.759307 0
    outer loop
      vertex 199.297 81.2246 0
      vertex 199.19 81.1329 4
      vertex 199.297 81.2246 4
    endloop
  endfacet
  facet normal -0.650733 0.759307 0
    outer loop
      vertex 199.19 81.1329 4
      vertex 199.297 81.2246 0
      vertex 199.19 81.1329 0
    endloop
  endfacet
  facet normal -0.52386 0.851805 0
    outer loop
      vertex 199.19 81.1329 0
      vertex 199.07 81.0591 4
      vertex 199.19 81.1329 4
    endloop
  endfacet
  facet normal -0.52386 0.851805 0
    outer loop
      vertex 199.07 81.0591 4
      vertex 199.19 81.1329 0
      vertex 199.07 81.0591 0
    endloop
  endfacet
  facet normal -0.381105 0.924532 0
    outer loop
      vertex 199.07 81.0591 0
      vertex 198.939 81.0051 4
      vertex 199.07 81.0591 4
    endloop
  endfacet
  facet normal -0.381105 0.924532 0
    outer loop
      vertex 198.939 81.0051 4
      vertex 199.07 81.0591 0
      vertex 198.939 81.0051 0
    endloop
  endfacet
  facet normal -0.234178 0.972194 0
    outer loop
      vertex 198.939 81.0051 0
      vertex 198.802 80.9721 4
      vertex 198.939 81.0051 4
    endloop
  endfacet
  facet normal -0.234178 0.972194 0
    outer loop
      vertex 198.802 80.9721 4
      vertex 198.939 81.0051 0
      vertex 198.802 80.9721 0
    endloop
  endfacet
  facet normal -0.0784806 0.996916 0
    outer loop
      vertex 198.802 80.9721 0
      vertex 198.661 80.961 4
      vertex 198.802 80.9721 4
    endloop
  endfacet
  facet normal -0.0784806 0.996916 0
    outer loop
      vertex 198.661 80.961 4
      vertex 198.802 80.9721 0
      vertex 198.661 80.961 0
    endloop
  endfacet
  facet normal 0.0784806 0.996916 -0
    outer loop
      vertex 198.661 80.961 0
      vertex 198.52 80.9721 4
      vertex 198.661 80.961 4
    endloop
  endfacet
  facet normal 0.0784806 0.996916 0
    outer loop
      vertex 198.52 80.9721 4
      vertex 198.661 80.961 0
      vertex 198.52 80.9721 0
    endloop
  endfacet
endsolid OpenSCAD_Model
