solid OpenSCAD_Model
  facet normal 0.997857 0.0654307 0
    outer loop
      vertex 59.1437 2.58227 54
      vertex 58.9747 5.15962 0
      vertex 58.9747 5.15962 54
    endloop
  endfacet
  facet normal 0.997857 0.0654307 0
    outer loop
      vertex 58.9747 5.15962 0
      vertex 59.1437 2.58227 54
      vertex 59.1437 2.58227 0
    endloop
  endfacet
  facet normal 0.999762 0.0217973 0
    outer loop
      vertex 59.2 0 54
      vertex 59.1437 2.58227 0
      vertex 59.1437 2.58227 54
    endloop
  endfacet
  facet normal 0.999762 0.0217973 0
    outer loop
      vertex 59.1437 2.58227 0
      vertex 59.2 0 54
      vertex 59.2 0 0
    endloop
  endfacet
  facet normal 0.362422 0.932014 -0
    outer loop
      vertex 22.6549 54.6937 0
      vertex 20.2476 55.6298 54
      vertex 22.6549 54.6937 54
    endloop
  endfacet
  facet normal 0.362422 0.932014 0
    outer loop
      vertex 20.2476 55.6298 54
      vertex 22.6549 54.6937 0
      vertex 20.2476 55.6298 0
    endloop
  endfacet
  facet normal 0.722367 -0.69151 0
    outer loop
      vertex 41.8607 -41.8607 54
      vertex 43.6468 -39.9949 0
      vertex 43.6468 -39.9949 54
    endloop
  endfacet
  facet normal 0.722367 -0.69151 0
    outer loop
      vertex 43.6468 -39.9949 0
      vertex 41.8607 -41.8607 54
      vertex 41.8607 -41.8607 0
    endloop
  endfacet
  facet normal -0.659346 0.75184 0
    outer loop
      vertex -38.053 45.3498 0
      vertex -39.9949 43.6468 54
      vertex -38.053 45.3498 54
    endloop
  endfacet
  facet normal -0.659346 0.75184 0
    outer loop
      vertex -39.9949 43.6468 54
      vertex -38.053 45.3498 0
      vertex -39.9949 43.6468 0
    endloop
  endfacet
  facet normal 0.0654307 -0.997857 0
    outer loop
      vertex 2.58227 -59.1437 0
      vertex 5.15962 -58.9747 54
      vertex 2.58227 -59.1437 54
    endloop
  endfacet
  facet normal 0.0654307 -0.997857 0
    outer loop
      vertex 5.15962 -58.9747 54
      vertex 2.58227 -59.1437 0
      vertex 5.15962 -58.9747 0
    endloop
  endfacet
  facet normal -0.999762 -0.0217973 0
    outer loop
      vertex -59.1437 -2.58227 0
      vertex -59.2 0 54
      vertex -59.2 0 0
    endloop
  endfacet
  facet normal -0.999762 -0.0217973 0
    outer loop
      vertex -59.2 0 54
      vertex -59.1437 -2.58227 0
      vertex -59.1437 -2.58227 54
    endloop
  endfacet
  facet normal 0.876747 -0.480951 0
    outer loop
      vertex 51.8677 -28.5082 42
      vertex 52.511 -27.3355 54
      vertex 51.8677 -28.5082 54
    endloop
  endfacet
  facet normal 0.876747 -0.480951 0
    outer loop
      vertex 52.511 -27.3355 54
      vertex 51.8677 -28.5082 42
      vertex 52.511 -27.3355 0
    endloop
  endfacet
  facet normal 0.876721 -0.481 0
    outer loop
      vertex 51.2687 -29.6 0
      vertex 51.8677 -28.5082 42
      vertex 51.2687 -29.6 42
    endloop
  endfacet
  facet normal 0.876734 -0.480975 -8.51394e-07
    outer loop
      vertex 51.8677 -28.5082 42
      vertex 51.2687 -29.6 0
      vertex 52.511 -27.3355 0
    endloop
  endfacet
  facet normal -0.021842 0.999761 0
    outer loop
      vertex 0 59.2 42
      vertex 0 59.2 0
      vertex -1.24501 59.1728 42
    endloop
  endfacet
  facet normal -0.0217558 0.999763 0
    outer loop
      vertex -1.24501 59.1728 42
      vertex -2.58227 59.1437 54
      vertex -1.24501 59.1728 54
    endloop
  endfacet
  facet normal -0.0217973 0.999762 1.32448e-06
    outer loop
      vertex -2.58227 59.1437 0
      vertex -1.24501 59.1728 42
      vertex 0 59.2 0
    endloop
  endfacet
  facet normal -0.0217558 0.999763 0
    outer loop
      vertex -1.24501 59.1728 42
      vertex -2.58227 59.1437 0
      vertex -2.58227 59.1437 54
    endloop
  endfacet
  facet normal 0.779874 -0.625936 0
    outer loop
      vertex 45.3498 -38.053 54
      vertex 46.9665 -36.0387 0
      vertex 46.9665 -36.0387 54
    endloop
  endfacet
  facet normal 0.779874 -0.625936 0
    outer loop
      vertex 46.9665 -36.0387 0
      vertex 45.3498 -38.053 54
      vertex 45.3498 -38.053 0
    endloop
  endfacet
  facet normal -0.555575 -0.831466 0
    outer loop
      vertex -33.9557 -48.4938 0
      vertex -31.8081 -49.9288 54
      vertex -33.9557 -48.4938 54
    endloop
  endfacet
  facet normal -0.555575 -0.831466 -0
    outer loop
      vertex -31.8081 -49.9288 54
      vertex -33.9557 -48.4938 0
      vertex -31.8081 -49.9288 0
    endloop
  endfacet
  facet normal -0.69151 0.722367 0
    outer loop
      vertex -39.9949 43.6468 0
      vertex -41.8607 41.8607 54
      vertex -39.9949 43.6468 54
    endloop
  endfacet
  facet normal -0.69151 0.722367 0
    outer loop
      vertex -41.8607 41.8607 54
      vertex -39.9949 43.6468 0
      vertex -41.8607 41.8607 0
    endloop
  endfacet
  facet normal 0.994056 -0.108871 0
    outer loop
      vertex 58.6935 -7.72715 54
      vertex 58.9747 -5.15962 0
      vertex 58.9747 -5.15962 54
    endloop
  endfacet
  facet normal 0.994056 -0.108871 0
    outer loop
      vertex 58.9747 -5.15962 0
      vertex 58.6935 -7.72715 54
      vertex 58.6935 -7.72715 0
    endloop
  endfacet
  facet normal 0.946935 0.321427 0
    outer loop
      vertex 56.46 17.8018 54
      vertex 55.6298 20.2476 0
      vertex 55.6298 20.2476 54
    endloop
  endfacet
  facet normal 0.946935 0.321427 0
    outer loop
      vertex 55.6298 20.2476 0
      vertex 56.46 17.8018 54
      vertex 56.46 17.8018 0
    endloop
  endfacet
  facet normal 0.021842 -0.999761 0
    outer loop
      vertex 0 -59.2 42
      vertex 0 -59.2 0
      vertex 1.24501 -59.1728 42
    endloop
  endfacet
  facet normal 0.0217558 -0.999763 0
    outer loop
      vertex 1.24501 -59.1728 42
      vertex 2.58227 -59.1437 54
      vertex 1.24501 -59.1728 54
    endloop
  endfacet
  facet normal 0.0217973 -0.999762 1.32448e-06
    outer loop
      vertex 2.58227 -59.1437 0
      vertex 1.24501 -59.1728 42
      vertex 0 -59.2 0
    endloop
  endfacet
  facet normal 0.0217558 -0.999763 0
    outer loop
      vertex 1.24501 -59.1728 42
      vertex 2.58227 -59.1437 0
      vertex 2.58227 -59.1437 54
    endloop
  endfacet
  facet normal 0.152115 -0.988363 0
    outer loop
      vertex 7.72715 -58.6935 0
      vertex 10.28 -58.3006 54
      vertex 7.72715 -58.6935 54
    endloop
  endfacet
  facet normal 0.152115 -0.988363 0
    outer loop
      vertex 10.28 -58.3006 54
      vertex 7.72715 -58.6935 0
      vertex 10.28 -58.3006 0
    endloop
  endfacet
  facet normal 0.591305 0.806448 -0
    outer loop
      vertex 36.0387 46.9665 0
      vertex 33.9557 48.4938 54
      vertex 36.0387 46.9665 54
    endloop
  endfacet
  facet normal 0.591305 0.806448 0
    outer loop
      vertex 33.9557 48.4938 54
      vertex 36.0387 46.9665 0
      vertex 33.9557 48.4938 0
    endloop
  endfacet
  facet normal 0.480975 0.876734 -0
    outer loop
      vertex 29.6 51.2687 0
      vertex 27.3355 52.511 54
      vertex 29.6 51.2687 54
    endloop
  endfacet
  facet normal 0.480975 0.876734 0
    outer loop
      vertex 27.3355 52.511 54
      vertex 29.6 51.2687 0
      vertex 27.3355 52.511 0
    endloop
  endfacet
  facet normal 0.108871 0.994056 -0
    outer loop
      vertex 7.72715 58.6935 0
      vertex 5.15962 58.9747 54
      vertex 7.72715 58.6935 54
    endloop
  endfacet
  facet normal 0.108871 0.994056 0
    outer loop
      vertex 5.15962 58.9747 54
      vertex 7.72715 58.6935 0
      vertex 5.15962 58.9747 0
    endloop
  endfacet
  facet normal 0.831466 -0.555575 0
    outer loop
      vertex 48.4938 -33.9557 54
      vertex 49.9288 -31.8081 0
      vertex 49.9288 -31.8081 54
    endloop
  endfacet
  facet normal 0.831466 -0.555575 0
    outer loop
      vertex 49.9288 -31.8081 0
      vertex 48.4938 -33.9557 54
      vertex 48.4938 -33.9557 0
    endloop
  endfacet
  facet normal -0.779874 0.625936 0
    outer loop
      vertex -46.9665 36.0387 0
      vertex -45.3498 38.053 54
      vertex -45.3498 38.053 0
    endloop
  endfacet
  facet normal -0.779874 0.625936 0
    outer loop
      vertex -45.3498 38.053 54
      vertex -46.9665 36.0387 0
      vertex -46.9665 36.0387 54
    endloop
  endfacet
  facet normal 0.659346 0.75184 -0
    outer loop
      vertex 39.9949 43.6468 0
      vertex 38.053 45.3498 54
      vertex 39.9949 43.6468 54
    endloop
  endfacet
  facet normal 0.659346 0.75184 0
    outer loop
      vertex 38.053 45.3498 54
      vertex 39.9949 43.6468 0
      vertex 38.053 45.3498 0
    endloop
  endfacet
  facet normal -0.362422 0.932014 0
    outer loop
      vertex -20.2476 55.6298 0
      vertex -22.6549 54.6937 54
      vertex -20.2476 55.6298 54
    endloop
  endfacet
  facet normal -0.362422 0.932014 0
    outer loop
      vertex -22.6549 54.6937 54
      vertex -20.2476 55.6298 0
      vertex -22.6549 54.6937 0
    endloop
  endfacet
  facet normal -0.971344 0.237677 0
    outer loop
      vertex -57.7967 12.8132 0
      vertex -57.1828 15.3221 54
      vertex -57.1828 15.3221 0
    endloop
  endfacet
  facet normal -0.971344 0.237677 0
    outer loop
      vertex -57.1828 15.3221 54
      vertex -57.7967 12.8132 0
      vertex -57.7967 12.8132 54
    endloop
  endfacet
  facet normal -0.480975 -0.876734 0
    outer loop
      vertex -29.6 -51.2687 0
      vertex -27.3355 -52.511 54
      vertex -29.6 -51.2687 54
    endloop
  endfacet
  facet normal -0.480975 -0.876734 -0
    outer loop
      vertex -27.3355 -52.511 54
      vertex -29.6 -51.2687 0
      vertex -27.3355 -52.511 0
    endloop
  endfacet
  facet normal -0.237677 0.971344 0
    outer loop
      vertex -12.8132 57.7967 0
      vertex -15.3221 57.1828 54
      vertex -12.8132 57.7967 54
    endloop
  endfacet
  facet normal -0.237677 0.971344 0
    outer loop
      vertex -15.3221 57.1828 54
      vertex -12.8132 57.7967 0
      vertex -15.3221 57.1828 0
    endloop
  endfacet
  facet normal -0.946935 0.321427 0
    outer loop
      vertex -56.46 17.8018 0
      vertex -55.6298 20.2476 54
      vertex -55.6298 20.2476 0
    endloop
  endfacet
  facet normal -0.946935 0.321427 0
    outer loop
      vertex -55.6298 20.2476 54
      vertex -56.46 17.8018 0
      vertex -56.46 17.8018 54
    endloop
  endfacet
  facet normal 0.960046 -0.279841 0
    outer loop
      vertex 56.46 -17.8018 54
      vertex 57.1828 -15.3221 0
      vertex 57.1828 -15.3221 54
    endloop
  endfacet
  facet normal 0.960046 -0.279841 0
    outer loop
      vertex 57.1828 -15.3221 0
      vertex 56.46 -17.8018 54
      vertex 56.46 -17.8018 0
    endloop
  endfacet
  facet normal -0.555575 0.831466 0
    outer loop
      vertex -31.8081 49.9288 0
      vertex -33.9557 48.4938 54
      vertex -31.8081 49.9288 54
    endloop
  endfacet
  facet normal -0.555575 0.831466 0
    outer loop
      vertex -33.9557 48.4938 54
      vertex -31.8081 49.9288 0
      vertex -33.9557 48.4938 0
    endloop
  endfacet
  facet normal 0.625936 0.779874 -0
    outer loop
      vertex 38.053 45.3498 0
      vertex 36.0387 46.9665 54
      vertex 38.053 45.3498 54
    endloop
  endfacet
  facet normal 0.625936 0.779874 0
    outer loop
      vertex 36.0387 46.9665 54
      vertex 38.053 45.3498 0
      vertex 36.0387 46.9665 0
    endloop
  endfacet
  facet normal 0.442298 -0.896868 0
    outer loop
      vertex 25.019 -53.6534 0
      vertex 27.3355 -52.511 54
      vertex 25.019 -53.6534 54
    endloop
  endfacet
  facet normal 0.442298 -0.896868 0
    outer loop
      vertex 27.3355 -52.511 54
      vertex 25.019 -53.6534 0
      vertex 27.3355 -52.511 0
    endloop
  endfacet
  facet normal -0.988363 -0.152115 0
    outer loop
      vertex -58.3006 -10.28 0
      vertex -58.6935 -7.72715 54
      vertex -58.6935 -7.72715 0
    endloop
  endfacet
  facet normal -0.988363 -0.152115 0
    outer loop
      vertex -58.6935 -7.72715 54
      vertex -58.3006 -10.28 0
      vertex -58.3006 -10.28 54
    endloop
  endfacet
  facet normal -0.75184 -0.659346 0
    outer loop
      vertex -43.6468 -39.9949 0
      vertex -45.3498 -38.053 54
      vertex -45.3498 -38.053 0
    endloop
  endfacet
  facet normal -0.75184 -0.659346 0
    outer loop
      vertex -45.3498 -38.053 54
      vertex -43.6468 -39.9949 0
      vertex -43.6468 -39.9949 54
    endloop
  endfacet
  facet normal -0.518771 -0.854913 0
    outer loop
      vertex -31.8081 -49.9288 0
      vertex -29.6 -51.2687 54
      vertex -31.8081 -49.9288 54
    endloop
  endfacet
  facet normal -0.518771 -0.854913 -0
    outer loop
      vertex -29.6 -51.2687 54
      vertex -31.8081 -49.9288 0
      vertex -29.6 -51.2687 0
    endloop
  endfacet
  facet normal 0.915301 0.40277 0
    outer loop
      vertex 54.6937 22.6549 54
      vertex 53.6534 25.019 0
      vertex 53.6534 25.019 54
    endloop
  endfacet
  facet normal 0.915301 0.40277 0
    outer loop
      vertex 53.6534 25.019 0
      vertex 54.6937 22.6549 54
      vertex 54.6937 22.6549 0
    endloop
  endfacet
  facet normal 0.980784 0.195096 0
    outer loop
      vertex 58.3006 10.28 54
      vertex 57.7967 12.8132 0
      vertex 57.7967 12.8132 54
    endloop
  endfacet
  facet normal 0.980784 0.195096 0
    outer loop
      vertex 57.7967 12.8132 0
      vertex 58.3006 10.28 54
      vertex 58.3006 10.28 0
    endloop
  endfacet
  facet normal 0.237677 -0.971344 0
    outer loop
      vertex 12.8132 -57.7967 0
      vertex 15.3221 -57.1828 54
      vertex 12.8132 -57.7967 54
    endloop
  endfacet
  facet normal 0.237677 -0.971344 0
    outer loop
      vertex 15.3221 -57.1828 54
      vertex 12.8132 -57.7967 0
      vertex 15.3221 -57.1828 0
    endloop
  endfacet
  facet normal -0.932014 -0.362422 0
    outer loop
      vertex -54.6937 -22.6549 0
      vertex -55.6298 -20.2476 54
      vertex -55.6298 -20.2476 0
    endloop
  endfacet
  facet normal -0.932014 -0.362422 0
    outer loop
      vertex -55.6298 -20.2476 54
      vertex -54.6937 -22.6549 0
      vertex -54.6937 -22.6549 54
    endloop
  endfacet
  facet normal 0.722367 0.69151 0
    outer loop
      vertex 43.6468 39.9949 54
      vertex 41.8607 41.8607 0
      vertex 41.8607 41.8607 54
    endloop
  endfacet
  facet normal 0.722367 0.69151 0
    outer loop
      vertex 41.8607 41.8607 0
      vertex 43.6468 39.9949 54
      vertex 43.6468 39.9949 0
    endloop
  endfacet
  facet normal -0.321427 0.946935 0
    outer loop
      vertex -17.8018 56.46 0
      vertex -20.2476 55.6298 54
      vertex -17.8018 56.46 54
    endloop
  endfacet
  facet normal -0.321427 0.946935 0
    outer loop
      vertex -20.2476 55.6298 54
      vertex -17.8018 56.46 0
      vertex -20.2476 55.6298 0
    endloop
  endfacet
  facet normal 0.152115 0.988363 -0
    outer loop
      vertex 10.28 58.3006 0
      vertex 7.72715 58.6935 54
      vertex 10.28 58.3006 54
    endloop
  endfacet
  facet normal 0.152115 0.988363 0
    outer loop
      vertex 7.72715 58.6935 54
      vertex 10.28 58.3006 0
      vertex 7.72715 58.6935 0
    endloop
  endfacet
  facet normal -0.960046 0.279841 0
    outer loop
      vertex -57.1828 15.3221 0
      vertex -56.46 17.8018 54
      vertex -56.46 17.8018 0
    endloop
  endfacet
  facet normal -0.960046 0.279841 0
    outer loop
      vertex -56.46 17.8018 54
      vertex -57.1828 15.3221 0
      vertex -57.1828 15.3221 54
    endloop
  endfacet
  facet normal 0.75184 -0.659346 0
    outer loop
      vertex 43.6468 -39.9949 54
      vertex 45.3498 -38.053 0
      vertex 45.3498 -38.053 54
    endloop
  endfacet
  facet normal 0.75184 -0.659346 0
    outer loop
      vertex 45.3498 -38.053 0
      vertex 43.6468 -39.9949 54
      vertex 43.6468 -39.9949 0
    endloop
  endfacet
  facet normal 0.659346 -0.75184 0
    outer loop
      vertex 38.053 -45.3498 0
      vertex 39.9949 -43.6468 54
      vertex 38.053 -45.3498 54
    endloop
  endfacet
  facet normal 0.659346 -0.75184 0
    outer loop
      vertex 39.9949 -43.6468 54
      vertex 38.053 -45.3498 0
      vertex 39.9949 -43.6468 0
    endloop
  endfacet
  facet normal -0.195096 0.980784 0
    outer loop
      vertex -10.28 58.3006 0
      vertex -12.8132 57.7967 54
      vertex -10.28 58.3006 54
    endloop
  endfacet
  facet normal -0.195096 0.980784 0
    outer loop
      vertex -12.8132 57.7967 54
      vertex -10.28 58.3006 0
      vertex -12.8132 57.7967 0
    endloop
  endfacet
  facet normal 0.806448 0.591305 0
    outer loop
      vertex 48.4938 33.9557 54
      vertex 46.9665 36.0387 0
      vertex 46.9665 36.0387 54
    endloop
  endfacet
  facet normal 0.806448 0.591305 0
    outer loop
      vertex 46.9665 36.0387 0
      vertex 48.4938 33.9557 54
      vertex 48.4938 33.9557 0
    endloop
  endfacet
  facet normal 0.442298 0.896868 -0
    outer loop
      vertex 27.3355 52.511 0
      vertex 25.019 53.6534 54
      vertex 27.3355 52.511 54
    endloop
  endfacet
  facet normal 0.442298 0.896868 0
    outer loop
      vertex 25.019 53.6534 54
      vertex 27.3355 52.511 0
      vertex 25.019 53.6534 0
    endloop
  endfacet
  facet normal -0.994056 -0.108871 0
    outer loop
      vertex -58.6935 -7.72715 0
      vertex -58.9747 -5.15962 54
      vertex -58.9747 -5.15962 0
    endloop
  endfacet
  facet normal -0.994056 -0.108871 0
    outer loop
      vertex -58.9747 -5.15962 54
      vertex -58.6935 -7.72715 0
      vertex -58.6935 -7.72715 54
    endloop
  endfacet
  facet normal -0.321427 -0.946935 0
    outer loop
      vertex -20.2476 -55.6298 0
      vertex -17.8018 -56.46 54
      vertex -20.2476 -55.6298 54
    endloop
  endfacet
  facet normal -0.321427 -0.946935 -0
    outer loop
      vertex -17.8018 -56.46 54
      vertex -20.2476 -55.6298 0
      vertex -17.8018 -56.46 0
    endloop
  endfacet
  facet normal -0.195096 -0.980784 0
    outer loop
      vertex -12.8132 -57.7967 0
      vertex -10.28 -58.3006 54
      vertex -12.8132 -57.7967 54
    endloop
  endfacet
  facet normal -0.195096 -0.980784 -0
    outer loop
      vertex -10.28 -58.3006 54
      vertex -12.8132 -57.7967 0
      vertex -10.28 -58.3006 0
    endloop
  endfacet
  facet normal 0.999762 -0.0217973 0
    outer loop
      vertex 59.1437 -2.58227 54
      vertex 59.2 0 0
      vertex 59.2 0 54
    endloop
  endfacet
  facet normal 0.999762 -0.0217973 0
    outer loop
      vertex 59.2 0 0
      vertex 59.1437 -2.58227 54
      vertex 59.1437 -2.58227 0
    endloop
  endfacet
  facet normal 0.946935 -0.321427 0
    outer loop
      vertex 55.6298 -20.2476 54
      vertex 56.46 -17.8018 0
      vertex 56.46 -17.8018 54
    endloop
  endfacet
  facet normal 0.946935 -0.321427 0
    outer loop
      vertex 56.46 -17.8018 0
      vertex 55.6298 -20.2476 54
      vertex 55.6298 -20.2476 0
    endloop
  endfacet
  facet normal 0.854909 -0.518777 0
    outer loop
      vertex 50.6227 -30.6646 54
      vertex 49.9288 -31.8081 54
      vertex 50.6227 -30.6646 42
    endloop
  endfacet
  facet normal 0.854917 -0.518764 0
    outer loop
      vertex 50.6227 -30.6646 42
      vertex 51.2687 -29.6 0
      vertex 51.2687 -29.6 42
    endloop
  endfacet
  facet normal 0.854909 -0.518777 0
    outer loop
      vertex 49.9288 -31.8081 0
      vertex 50.6227 -30.6646 42
      vertex 49.9288 -31.8081 54
    endloop
  endfacet
  facet normal 0.854913 -0.518771 -2.29906e-07
    outer loop
      vertex 50.6227 -30.6646 42
      vertex 49.9288 -31.8081 0
      vertex 51.2687 -29.6 0
    endloop
  endfacet
  facet normal 0.932014 -0.362422 0
    outer loop
      vertex 54.6937 -22.6549 54
      vertex 55.6298 -20.2476 0
      vertex 55.6298 -20.2476 54
    endloop
  endfacet
  facet normal 0.932014 -0.362422 0
    outer loop
      vertex 55.6298 -20.2476 0
      vertex 54.6937 -22.6549 54
      vertex 54.6937 -22.6549 0
    endloop
  endfacet
  facet normal -0.999762 0.0217973 0
    outer loop
      vertex -59.2 0 0
      vertex -59.1437 2.58227 54
      vertex -59.1437 2.58227 0
    endloop
  endfacet
  facet normal -0.999762 0.0217973 0
    outer loop
      vertex -59.1437 2.58227 54
      vertex -59.2 0 0
      vertex -59.2 0 54
    endloop
  endfacet
  facet normal 0.591305 -0.806448 0
    outer loop
      vertex 33.9557 -48.4938 0
      vertex 36.0387 -46.9665 54
      vertex 33.9557 -48.4938 54
    endloop
  endfacet
  facet normal 0.591305 -0.806448 0
    outer loop
      vertex 36.0387 -46.9665 54
      vertex 33.9557 -48.4938 0
      vertex 36.0387 -46.9665 0
    endloop
  endfacet
  facet normal 0.195096 -0.980784 0
    outer loop
      vertex 10.28 -58.3006 0
      vertex 12.8132 -57.7967 54
      vertex 10.28 -58.3006 54
    endloop
  endfacet
  facet normal 0.195096 -0.980784 0
    outer loop
      vertex 12.8132 -57.7967 54
      vertex 10.28 -58.3006 0
      vertex 12.8132 -57.7967 0
    endloop
  endfacet
  facet normal -0.980784 0.195096 0
    outer loop
      vertex -58.3006 10.28 0
      vertex -57.7967 12.8132 54
      vertex -57.7967 12.8132 0
    endloop
  endfacet
  facet normal -0.980784 0.195096 0
    outer loop
      vertex -57.7967 12.8132 54
      vertex -58.3006 10.28 0
      vertex -58.3006 10.28 54
    endloop
  endfacet
  facet normal -0.806448 -0.591305 0
    outer loop
      vertex -46.9665 -36.0387 0
      vertex -48.4938 -33.9557 54
      vertex -48.4938 -33.9557 0
    endloop
  endfacet
  facet normal -0.806448 -0.591305 0
    outer loop
      vertex -48.4938 -33.9557 54
      vertex -46.9665 -36.0387 0
      vertex -46.9665 -36.0387 54
    endloop
  endfacet
  facet normal -0.0217558 -0.999763 0
    outer loop
      vertex -2.58227 -59.1437 54
      vertex -1.24501 -59.1728 42
      vertex -1.24501 -59.1728 54
    endloop
  endfacet
  facet normal -0.0217558 -0.999763 0
    outer loop
      vertex -2.58227 -59.1437 0
      vertex -1.24501 -59.1728 42
      vertex -2.58227 -59.1437 54
    endloop
  endfacet
  facet normal -0.0217973 -0.999762 1.32448e-06
    outer loop
      vertex 0 -59.2 0
      vertex -1.24501 -59.1728 42
      vertex -2.58227 -59.1437 0
    endloop
  endfacet
  facet normal -0.021842 -0.999761 0
    outer loop
      vertex -1.24501 -59.1728 42
      vertex 0 -59.2 0
      vertex 0 -59.2 42
    endloop
  endfacet
  facet normal -0.980784 -0.195096 0
    outer loop
      vertex -57.7967 -12.8132 0
      vertex -58.3006 -10.28 54
      vertex -58.3006 -10.28 0
    endloop
  endfacet
  facet normal -0.980784 -0.195096 0
    outer loop
      vertex -58.3006 -10.28 54
      vertex -57.7967 -12.8132 0
      vertex -57.7967 -12.8132 54
    endloop
  endfacet
  facet normal 0.321427 0.946935 -0
    outer loop
      vertex 20.2476 55.6298 0
      vertex 17.8018 56.46 54
      vertex 20.2476 55.6298 54
    endloop
  endfacet
  facet normal 0.321427 0.946935 0
    outer loop
      vertex 17.8018 56.46 54
      vertex 20.2476 55.6298 0
      vertex 17.8018 56.46 0
    endloop
  endfacet
  facet normal 0.971344 -0.237677 0
    outer loop
      vertex 57.1828 -15.3221 54
      vertex 57.7967 -12.8132 0
      vertex 57.7967 -12.8132 54
    endloop
  endfacet
  facet normal 0.971344 -0.237677 0
    outer loop
      vertex 57.7967 -12.8132 0
      vertex 57.1828 -15.3221 54
      vertex 57.1828 -15.3221 0
    endloop
  endfacet
  facet normal 0.915301 -0.40277 0
    outer loop
      vertex 53.6534 -25.019 54
      vertex 54.6937 -22.6549 0
      vertex 54.6937 -22.6549 54
    endloop
  endfacet
  facet normal 0.915301 -0.40277 0
    outer loop
      vertex 54.6937 -22.6549 0
      vertex 53.6534 -25.019 54
      vertex 53.6534 -25.019 0
    endloop
  endfacet
  facet normal 0.896868 0.442298 0
    outer loop
      vertex 53.6534 25.019 54
      vertex 52.511 27.3355 0
      vertex 52.511 27.3355 54
    endloop
  endfacet
  facet normal 0.896868 0.442298 0
    outer loop
      vertex 52.511 27.3355 0
      vertex 53.6534 25.019 54
      vertex 53.6534 25.019 0
    endloop
  endfacet
  facet normal -0.75184 0.659346 0
    outer loop
      vertex -45.3498 38.053 0
      vertex -43.6468 39.9949 54
      vertex -43.6468 39.9949 0
    endloop
  endfacet
  facet normal -0.75184 0.659346 0
    outer loop
      vertex -43.6468 39.9949 54
      vertex -45.3498 38.053 0
      vertex -45.3498 38.053 54
    endloop
  endfacet
  facet normal 0.988363 0.152115 0
    outer loop
      vertex 58.6935 7.72715 54
      vertex 58.3006 10.28 0
      vertex 58.3006 10.28 54
    endloop
  endfacet
  facet normal 0.988363 0.152115 0
    outer loop
      vertex 58.3006 10.28 0
      vertex 58.6935 7.72715 54
      vertex 58.6935 7.72715 0
    endloop
  endfacet
  facet normal -0.722367 -0.69151 0
    outer loop
      vertex -41.8607 -41.8607 0
      vertex -43.6468 -39.9949 54
      vertex -43.6468 -39.9949 0
    endloop
  endfacet
  facet normal -0.722367 -0.69151 0
    outer loop
      vertex -43.6468 -39.9949 54
      vertex -41.8607 -41.8607 0
      vertex -41.8607 -41.8607 54
    endloop
  endfacet
  facet normal 0.518771 0.854913 -0
    outer loop
      vertex 31.8081 49.9288 0
      vertex 29.6 51.2687 54
      vertex 31.8081 49.9288 54
    endloop
  endfacet
  facet normal 0.518771 0.854913 0
    outer loop
      vertex 29.6 51.2687 54
      vertex 31.8081 49.9288 0
      vertex 29.6 51.2687 0
    endloop
  endfacet
  facet normal 0.988363 -0.152115 0
    outer loop
      vertex 58.3006 -10.28 54
      vertex 58.6935 -7.72715 0
      vertex 58.6935 -7.72715 54
    endloop
  endfacet
  facet normal 0.988363 -0.152115 0
    outer loop
      vertex 58.6935 -7.72715 0
      vertex 58.3006 -10.28 54
      vertex 58.3006 -10.28 0
    endloop
  endfacet
  facet normal 0.876747 0.480951 0
    outer loop
      vertex 51.8677 28.5082 54
      vertex 52.511 27.3355 54
      vertex 51.8677 28.5082 42
    endloop
  endfacet
  facet normal 0.876721 0.481 0
    outer loop
      vertex 51.8677 28.5082 42
      vertex 51.2687 29.6 0
      vertex 51.2687 29.6 42
    endloop
  endfacet
  facet normal 0.876747 0.480951 -0
    outer loop
      vertex 52.511 27.3355 0
      vertex 51.8677 28.5082 42
      vertex 52.511 27.3355 54
    endloop
  endfacet
  facet normal 0.876734 0.480975 -8.51394e-07
    outer loop
      vertex 51.8677 28.5082 42
      vertex 52.511 27.3355 0
      vertex 51.2687 29.6 0
    endloop
  endfacet
  facet normal -0.362422 -0.932014 0
    outer loop
      vertex -22.6549 -54.6937 0
      vertex -20.2476 -55.6298 54
      vertex -22.6549 -54.6937 54
    endloop
  endfacet
  facet normal -0.362422 -0.932014 -0
    outer loop
      vertex -20.2476 -55.6298 54
      vertex -22.6549 -54.6937 0
      vertex -20.2476 -55.6298 0
    endloop
  endfacet
  facet normal 0.0654307 0.997857 -0
    outer loop
      vertex 5.15962 58.9747 0
      vertex 2.58227 59.1437 54
      vertex 5.15962 58.9747 54
    endloop
  endfacet
  facet normal 0.0654307 0.997857 0
    outer loop
      vertex 2.58227 59.1437 54
      vertex 5.15962 58.9747 0
      vertex 2.58227 59.1437 0
    endloop
  endfacet
  facet normal 0.40277 0.915301 -0
    outer loop
      vertex 25.019 53.6534 0
      vertex 22.6549 54.6937 54
      vertex 25.019 53.6534 54
    endloop
  endfacet
  facet normal 0.40277 0.915301 0
    outer loop
      vertex 22.6549 54.6937 54
      vertex 25.019 53.6534 0
      vertex 22.6549 54.6937 0
    endloop
  endfacet
  facet normal -0.442298 -0.896868 0
    outer loop
      vertex -27.3355 -52.511 0
      vertex -25.019 -53.6534 54
      vertex -27.3355 -52.511 54
    endloop
  endfacet
  facet normal -0.442298 -0.896868 -0
    outer loop
      vertex -25.019 -53.6534 54
      vertex -27.3355 -52.511 0
      vertex -25.019 -53.6534 0
    endloop
  endfacet
  facet normal -0.997857 0.0654307 0
    outer loop
      vertex -59.1437 2.58227 0
      vertex -58.9747 5.15962 54
      vertex -58.9747 5.15962 0
    endloop
  endfacet
  facet normal -0.997857 0.0654307 0
    outer loop
      vertex -58.9747 5.15962 54
      vertex -59.1437 2.58227 0
      vertex -59.1437 2.58227 54
    endloop
  endfacet
  facet normal -0.997857 -0.0654307 0
    outer loop
      vertex -58.9747 -5.15962 0
      vertex -59.1437 -2.58227 54
      vertex -59.1437 -2.58227 0
    endloop
  endfacet
  facet normal -0.997857 -0.0654307 0
    outer loop
      vertex -59.1437 -2.58227 54
      vertex -58.9747 -5.15962 0
      vertex -58.9747 -5.15962 54
    endloop
  endfacet
  facet normal 0.971344 0.237677 0
    outer loop
      vertex 57.7967 12.8132 54
      vertex 57.1828 15.3221 0
      vertex 57.1828 15.3221 54
    endloop
  endfacet
  facet normal 0.971344 0.237677 0
    outer loop
      vertex 57.1828 15.3221 0
      vertex 57.7967 12.8132 54
      vertex 57.7967 12.8132 0
    endloop
  endfacet
  facet normal -0.932014 0.362422 0
    outer loop
      vertex -55.6298 20.2476 0
      vertex -54.6937 22.6549 54
      vertex -54.6937 22.6549 0
    endloop
  endfacet
  facet normal -0.932014 0.362422 0
    outer loop
      vertex -54.6937 22.6549 54
      vertex -55.6298 20.2476 0
      vertex -55.6298 20.2476 54
    endloop
  endfacet
  facet normal -0.876721 0.481 0
    outer loop
      vertex -51.2687 29.6 0
      vertex -51.8677 28.5082 42
      vertex -51.2687 29.6 42
    endloop
  endfacet
  facet normal -0.876734 0.480975 -8.51394e-07
    outer loop
      vertex -52.511 27.3355 0
      vertex -51.8677 28.5082 42
      vertex -51.2687 29.6 0
    endloop
  endfacet
  facet normal -0.876747 0.480951 0
    outer loop
      vertex -52.511 27.3355 54
      vertex -51.8677 28.5082 42
      vertex -52.511 27.3355 0
    endloop
  endfacet
  facet normal -0.876747 0.480951 0
    outer loop
      vertex -51.8677 28.5082 42
      vertex -52.511 27.3355 54
      vertex -51.8677 28.5082 54
    endloop
  endfacet
  facet normal 0.960046 0.279841 0
    outer loop
      vertex 57.1828 15.3221 54
      vertex 56.46 17.8018 0
      vertex 56.46 17.8018 54
    endloop
  endfacet
  facet normal 0.960046 0.279841 0
    outer loop
      vertex 56.46 17.8018 0
      vertex 57.1828 15.3221 54
      vertex 57.1828 15.3221 0
    endloop
  endfacet
  facet normal 0.997857 -0.0654307 0
    outer loop
      vertex 58.9747 -5.15962 54
      vertex 59.1437 -2.58227 0
      vertex 59.1437 -2.58227 54
    endloop
  endfacet
  facet normal 0.997857 -0.0654307 0
    outer loop
      vertex 59.1437 -2.58227 0
      vertex 58.9747 -5.15962 54
      vertex 58.9747 -5.15962 0
    endloop
  endfacet
  facet normal 0.69151 -0.722367 0
    outer loop
      vertex 39.9949 -43.6468 0
      vertex 41.8607 -41.8607 54
      vertex 39.9949 -43.6468 54
    endloop
  endfacet
  facet normal 0.69151 -0.722367 0
    outer loop
      vertex 41.8607 -41.8607 54
      vertex 39.9949 -43.6468 0
      vertex 41.8607 -41.8607 0
    endloop
  endfacet
  facet normal 0.279841 -0.960046 0
    outer loop
      vertex 15.3221 -57.1828 0
      vertex 17.8018 -56.46 54
      vertex 15.3221 -57.1828 54
    endloop
  endfacet
  facet normal 0.279841 -0.960046 0
    outer loop
      vertex 17.8018 -56.46 54
      vertex 15.3221 -57.1828 0
      vertex 17.8018 -56.46 0
    endloop
  endfacet
  facet normal 0.0217558 0.999763 0
    outer loop
      vertex 2.58227 59.1437 54
      vertex 1.24501 59.1728 42
      vertex 1.24501 59.1728 54
    endloop
  endfacet
  facet normal 0.0217558 0.999763 -0
    outer loop
      vertex 2.58227 59.1437 0
      vertex 1.24501 59.1728 42
      vertex 2.58227 59.1437 54
    endloop
  endfacet
  facet normal 0.0217973 0.999762 1.32448e-06
    outer loop
      vertex 0 59.2 0
      vertex 1.24501 59.1728 42
      vertex 2.58227 59.1437 0
    endloop
  endfacet
  facet normal 0.021842 0.999761 0
    outer loop
      vertex 1.24501 59.1728 42
      vertex 0 59.2 0
      vertex 0 59.2 42
    endloop
  endfacet
  facet normal 0.555575 -0.831466 0
    outer loop
      vertex 31.8081 -49.9288 0
      vertex 33.9557 -48.4938 54
      vertex 31.8081 -49.9288 54
    endloop
  endfacet
  facet normal 0.555575 -0.831466 0
    outer loop
      vertex 33.9557 -48.4938 54
      vertex 31.8081 -49.9288 0
      vertex 33.9557 -48.4938 0
    endloop
  endfacet
  facet normal -0.0654307 0.997857 0
    outer loop
      vertex -2.58227 59.1437 0
      vertex -5.15962 58.9747 54
      vertex -2.58227 59.1437 54
    endloop
  endfacet
  facet normal -0.0654307 0.997857 0
    outer loop
      vertex -5.15962 58.9747 54
      vertex -2.58227 59.1437 0
      vertex -5.15962 58.9747 0
    endloop
  endfacet
  facet normal 0.69151 0.722367 -0
    outer loop
      vertex 41.8607 41.8607 0
      vertex 39.9949 43.6468 54
      vertex 41.8607 41.8607 54
    endloop
  endfacet
  facet normal 0.69151 0.722367 0
    outer loop
      vertex 39.9949 43.6468 54
      vertex 41.8607 41.8607 0
      vertex 39.9949 43.6468 0
    endloop
  endfacet
  facet normal -0.946935 -0.321427 0
    outer loop
      vertex -55.6298 -20.2476 0
      vertex -56.46 -17.8018 54
      vertex -56.46 -17.8018 0
    endloop
  endfacet
  facet normal -0.946935 -0.321427 0
    outer loop
      vertex -56.46 -17.8018 54
      vertex -55.6298 -20.2476 0
      vertex -55.6298 -20.2476 54
    endloop
  endfacet
  facet normal 0.321427 -0.946935 0
    outer loop
      vertex 17.8018 -56.46 0
      vertex 20.2476 -55.6298 54
      vertex 17.8018 -56.46 54
    endloop
  endfacet
  facet normal 0.321427 -0.946935 0
    outer loop
      vertex 20.2476 -55.6298 54
      vertex 17.8018 -56.46 0
      vertex 20.2476 -55.6298 0
    endloop
  endfacet
  facet normal 0.362422 -0.932014 0
    outer loop
      vertex 20.2476 -55.6298 0
      vertex 22.6549 -54.6937 54
      vertex 20.2476 -55.6298 54
    endloop
  endfacet
  facet normal 0.362422 -0.932014 0
    outer loop
      vertex 22.6549 -54.6937 54
      vertex 20.2476 -55.6298 0
      vertex 22.6549 -54.6937 0
    endloop
  endfacet
  facet normal -0.108871 -0.994056 0
    outer loop
      vertex -7.72715 -58.6935 0
      vertex -5.15962 -58.9747 54
      vertex -7.72715 -58.6935 54
    endloop
  endfacet
  facet normal -0.108871 -0.994056 -0
    outer loop
      vertex -5.15962 -58.9747 54
      vertex -7.72715 -58.6935 0
      vertex -5.15962 -58.9747 0
    endloop
  endfacet
  facet normal -0.831466 0.555575 0
    outer loop
      vertex -49.9288 31.8081 0
      vertex -48.4938 33.9557 54
      vertex -48.4938 33.9557 0
    endloop
  endfacet
  facet normal -0.831466 0.555575 0
    outer loop
      vertex -48.4938 33.9557 54
      vertex -49.9288 31.8081 0
      vertex -49.9288 31.8081 54
    endloop
  endfacet
  facet normal -0.40277 -0.915301 0
    outer loop
      vertex -25.019 -53.6534 0
      vertex -22.6549 -54.6937 54
      vertex -25.019 -53.6534 54
    endloop
  endfacet
  facet normal -0.40277 -0.915301 -0
    outer loop
      vertex -22.6549 -54.6937 54
      vertex -25.019 -53.6534 0
      vertex -22.6549 -54.6937 0
    endloop
  endfacet
  facet normal 0.896868 -0.442298 0
    outer loop
      vertex 52.511 -27.3355 54
      vertex 53.6534 -25.019 0
      vertex 53.6534 -25.019 54
    endloop
  endfacet
  facet normal 0.896868 -0.442298 0
    outer loop
      vertex 53.6534 -25.019 0
      vertex 52.511 -27.3355 54
      vertex 52.511 -27.3355 0
    endloop
  endfacet
  facet normal -0.152115 -0.988363 0
    outer loop
      vertex -10.28 -58.3006 0
      vertex -7.72715 -58.6935 54
      vertex -10.28 -58.3006 54
    endloop
  endfacet
  facet normal -0.152115 -0.988363 -0
    outer loop
      vertex -7.72715 -58.6935 54
      vertex -10.28 -58.3006 0
      vertex -7.72715 -58.6935 0
    endloop
  endfacet
  facet normal -0.988363 0.152115 0
    outer loop
      vertex -58.6935 7.72715 0
      vertex -58.3006 10.28 54
      vertex -58.3006 10.28 0
    endloop
  endfacet
  facet normal -0.988363 0.152115 0
    outer loop
      vertex -58.3006 10.28 54
      vertex -58.6935 7.72715 0
      vertex -58.6935 7.72715 54
    endloop
  endfacet
  facet normal 0.980784 -0.195096 0
    outer loop
      vertex 57.7967 -12.8132 54
      vertex 58.3006 -10.28 0
      vertex 58.3006 -10.28 54
    endloop
  endfacet
  facet normal 0.980784 -0.195096 0
    outer loop
      vertex 58.3006 -10.28 0
      vertex 57.7967 -12.8132 54
      vertex 57.7967 -12.8132 0
    endloop
  endfacet
  facet normal 0.806448 -0.591305 0
    outer loop
      vertex 46.9665 -36.0387 54
      vertex 48.4938 -33.9557 0
      vertex 48.4938 -33.9557 54
    endloop
  endfacet
  facet normal 0.806448 -0.591305 0
    outer loop
      vertex 48.4938 -33.9557 0
      vertex 46.9665 -36.0387 54
      vertex 46.9665 -36.0387 0
    endloop
  endfacet
  facet normal -0.806448 0.591305 0
    outer loop
      vertex -48.4938 33.9557 0
      vertex -46.9665 36.0387 54
      vertex -46.9665 36.0387 0
    endloop
  endfacet
  facet normal -0.806448 0.591305 0
    outer loop
      vertex -46.9665 36.0387 54
      vertex -48.4938 33.9557 0
      vertex -48.4938 33.9557 54
    endloop
  endfacet
  facet normal -0.108871 0.994056 0
    outer loop
      vertex -5.15962 58.9747 0
      vertex -7.72715 58.6935 54
      vertex -5.15962 58.9747 54
    endloop
  endfacet
  facet normal -0.108871 0.994056 0
    outer loop
      vertex -7.72715 58.6935 54
      vertex -5.15962 58.9747 0
      vertex -7.72715 58.6935 0
    endloop
  endfacet
  facet normal -0.442298 0.896868 0
    outer loop
      vertex -25.019 53.6534 0
      vertex -27.3355 52.511 54
      vertex -25.019 53.6534 54
    endloop
  endfacet
  facet normal -0.442298 0.896868 0
    outer loop
      vertex -27.3355 52.511 54
      vertex -25.019 53.6534 0
      vertex -27.3355 52.511 0
    endloop
  endfacet
  facet normal -0.152115 0.988363 0
    outer loop
      vertex -7.72715 58.6935 0
      vertex -10.28 58.3006 54
      vertex -7.72715 58.6935 54
    endloop
  endfacet
  facet normal -0.152115 0.988363 0
    outer loop
      vertex -10.28 58.3006 54
      vertex -7.72715 58.6935 0
      vertex -10.28 58.3006 0
    endloop
  endfacet
  facet normal -0.722367 0.69151 0
    outer loop
      vertex -43.6468 39.9949 0
      vertex -41.8607 41.8607 54
      vertex -41.8607 41.8607 0
    endloop
  endfacet
  facet normal -0.722367 0.69151 0
    outer loop
      vertex -41.8607 41.8607 54
      vertex -43.6468 39.9949 0
      vertex -43.6468 39.9949 54
    endloop
  endfacet
  facet normal -0.994056 0.108871 0
    outer loop
      vertex -58.9747 5.15962 0
      vertex -58.6935 7.72715 54
      vertex -58.6935 7.72715 0
    endloop
  endfacet
  facet normal -0.994056 0.108871 0
    outer loop
      vertex -58.6935 7.72715 54
      vertex -58.9747 5.15962 0
      vertex -58.9747 5.15962 54
    endloop
  endfacet
  facet normal -0.279841 -0.960046 0
    outer loop
      vertex -17.8018 -56.46 0
      vertex -15.3221 -57.1828 54
      vertex -17.8018 -56.46 54
    endloop
  endfacet
  facet normal -0.279841 -0.960046 -0
    outer loop
      vertex -15.3221 -57.1828 54
      vertex -17.8018 -56.46 0
      vertex -15.3221 -57.1828 0
    endloop
  endfacet
  facet normal 0.480975 -0.876734 0
    outer loop
      vertex 27.3355 -52.511 0
      vertex 29.6 -51.2687 54
      vertex 27.3355 -52.511 54
    endloop
  endfacet
  facet normal 0.480975 -0.876734 0
    outer loop
      vertex 29.6 -51.2687 54
      vertex 27.3355 -52.511 0
      vertex 29.6 -51.2687 0
    endloop
  endfacet
  facet normal 0.932014 0.362422 0
    outer loop
      vertex 55.6298 20.2476 54
      vertex 54.6937 22.6549 0
      vertex 54.6937 22.6549 54
    endloop
  endfacet
  facet normal 0.932014 0.362422 0
    outer loop
      vertex 54.6937 22.6549 0
      vertex 55.6298 20.2476 54
      vertex 55.6298 20.2476 0
    endloop
  endfacet
  facet normal 0.555575 0.831466 -0
    outer loop
      vertex 33.9557 48.4938 0
      vertex 31.8081 49.9288 54
      vertex 33.9557 48.4938 54
    endloop
  endfacet
  facet normal 0.555575 0.831466 0
    outer loop
      vertex 31.8081 49.9288 54
      vertex 33.9557 48.4938 0
      vertex 31.8081 49.9288 0
    endloop
  endfacet
  facet normal -0.518771 0.854913 0
    outer loop
      vertex -29.6 51.2687 0
      vertex -31.8081 49.9288 54
      vertex -29.6 51.2687 54
    endloop
  endfacet
  facet normal -0.518771 0.854913 0
    outer loop
      vertex -31.8081 49.9288 54
      vertex -29.6 51.2687 0
      vertex -31.8081 49.9288 0
    endloop
  endfacet
  facet normal -0.625936 0.779874 0
    outer loop
      vertex -36.0387 46.9665 0
      vertex -38.053 45.3498 54
      vertex -36.0387 46.9665 54
    endloop
  endfacet
  facet normal -0.625936 0.779874 0
    outer loop
      vertex -38.053 45.3498 54
      vertex -36.0387 46.9665 0
      vertex -38.053 45.3498 0
    endloop
  endfacet
  facet normal -0.591305 0.806448 0
    outer loop
      vertex -33.9557 48.4938 0
      vertex -36.0387 46.9665 54
      vertex -33.9557 48.4938 54
    endloop
  endfacet
  facet normal -0.591305 0.806448 0
    outer loop
      vertex -36.0387 46.9665 54
      vertex -33.9557 48.4938 0
      vertex -36.0387 46.9665 0
    endloop
  endfacet
  facet normal -0.591305 -0.806448 0
    outer loop
      vertex -36.0387 -46.9665 0
      vertex -33.9557 -48.4938 54
      vertex -36.0387 -46.9665 54
    endloop
  endfacet
  facet normal -0.591305 -0.806448 -0
    outer loop
      vertex -33.9557 -48.4938 54
      vertex -36.0387 -46.9665 0
      vertex -33.9557 -48.4938 0
    endloop
  endfacet
  facet normal -0.915301 -0.40277 0
    outer loop
      vertex -53.6534 -25.019 0
      vertex -54.6937 -22.6549 54
      vertex -54.6937 -22.6549 0
    endloop
  endfacet
  facet normal -0.915301 -0.40277 0
    outer loop
      vertex -54.6937 -22.6549 54
      vertex -53.6534 -25.019 0
      vertex -53.6534 -25.019 54
    endloop
  endfacet
  facet normal 0.75184 0.659346 0
    outer loop
      vertex 45.3498 38.053 54
      vertex 43.6468 39.9949 0
      vertex 43.6468 39.9949 54
    endloop
  endfacet
  facet normal 0.75184 0.659346 0
    outer loop
      vertex 43.6468 39.9949 0
      vertex 45.3498 38.053 54
      vertex 45.3498 38.053 0
    endloop
  endfacet
  facet normal 0.108871 -0.994056 0
    outer loop
      vertex 5.15962 -58.9747 0
      vertex 7.72715 -58.6935 54
      vertex 5.15962 -58.9747 54
    endloop
  endfacet
  facet normal 0.108871 -0.994056 0
    outer loop
      vertex 7.72715 -58.6935 54
      vertex 5.15962 -58.9747 0
      vertex 7.72715 -58.6935 0
    endloop
  endfacet
  facet normal 0.994056 0.108871 0
    outer loop
      vertex 58.9747 5.15962 54
      vertex 58.6935 7.72715 0
      vertex 58.6935 7.72715 54
    endloop
  endfacet
  facet normal 0.994056 0.108871 0
    outer loop
      vertex 58.6935 7.72715 0
      vertex 58.9747 5.15962 54
      vertex 58.9747 5.15962 0
    endloop
  endfacet
  facet normal -0.237677 -0.971344 0
    outer loop
      vertex -15.3221 -57.1828 0
      vertex -12.8132 -57.7967 54
      vertex -15.3221 -57.1828 54
    endloop
  endfacet
  facet normal -0.237677 -0.971344 -0
    outer loop
      vertex -12.8132 -57.7967 54
      vertex -15.3221 -57.1828 0
      vertex -12.8132 -57.7967 0
    endloop
  endfacet
  facet normal -0.831466 -0.555575 0
    outer loop
      vertex -48.4938 -33.9557 0
      vertex -49.9288 -31.8081 54
      vertex -49.9288 -31.8081 0
    endloop
  endfacet
  facet normal -0.831466 -0.555575 0
    outer loop
      vertex -49.9288 -31.8081 54
      vertex -48.4938 -33.9557 0
      vertex -48.4938 -33.9557 54
    endloop
  endfacet
  facet normal 0.831466 0.555575 0
    outer loop
      vertex 49.9288 31.8081 54
      vertex 48.4938 33.9557 0
      vertex 48.4938 33.9557 54
    endloop
  endfacet
  facet normal 0.831466 0.555575 0
    outer loop
      vertex 48.4938 33.9557 0
      vertex 49.9288 31.8081 54
      vertex 49.9288 31.8081 0
    endloop
  endfacet
  facet normal -0.480975 0.876734 0
    outer loop
      vertex -27.3355 52.511 0
      vertex -29.6 51.2687 54
      vertex -27.3355 52.511 54
    endloop
  endfacet
  facet normal -0.480975 0.876734 0
    outer loop
      vertex -29.6 51.2687 54
      vertex -27.3355 52.511 0
      vertex -29.6 51.2687 0
    endloop
  endfacet
  facet normal -0.69151 -0.722367 0
    outer loop
      vertex -41.8607 -41.8607 0
      vertex -39.9949 -43.6468 54
      vertex -41.8607 -41.8607 54
    endloop
  endfacet
  facet normal -0.69151 -0.722367 -0
    outer loop
      vertex -39.9949 -43.6468 54
      vertex -41.8607 -41.8607 0
      vertex -39.9949 -43.6468 0
    endloop
  endfacet
  facet normal 0.40277 -0.915301 0
    outer loop
      vertex 22.6549 -54.6937 0
      vertex 25.019 -53.6534 54
      vertex 22.6549 -54.6937 54
    endloop
  endfacet
  facet normal 0.40277 -0.915301 0
    outer loop
      vertex 25.019 -53.6534 54
      vertex 22.6549 -54.6937 0
      vertex 25.019 -53.6534 0
    endloop
  endfacet
  facet normal -0.854909 0.518777 0
    outer loop
      vertex -49.9288 31.8081 0
      vertex -50.6227 30.6646 42
      vertex -49.9288 31.8081 54
    endloop
  endfacet
  facet normal -0.854913 0.518771 -2.29906e-07
    outer loop
      vertex -51.2687 29.6 0
      vertex -50.6227 30.6646 42
      vertex -49.9288 31.8081 0
    endloop
  endfacet
  facet normal -0.854917 0.518764 0
    outer loop
      vertex -50.6227 30.6646 42
      vertex -51.2687 29.6 0
      vertex -51.2687 29.6 42
    endloop
  endfacet
  facet normal -0.854909 0.518777 0
    outer loop
      vertex -49.9288 31.8081 54
      vertex -50.6227 30.6646 42
      vertex -50.6227 30.6646 54
    endloop
  endfacet
  facet normal -0.971344 -0.237677 0
    outer loop
      vertex -57.1828 -15.3221 0
      vertex -57.7967 -12.8132 54
      vertex -57.7967 -12.8132 0
    endloop
  endfacet
  facet normal -0.971344 -0.237677 0
    outer loop
      vertex -57.7967 -12.8132 54
      vertex -57.1828 -15.3221 0
      vertex -57.1828 -15.3221 54
    endloop
  endfacet
  facet normal -0.0654307 -0.997857 0
    outer loop
      vertex -5.15962 -58.9747 0
      vertex -2.58227 -59.1437 54
      vertex -5.15962 -58.9747 54
    endloop
  endfacet
  facet normal -0.0654307 -0.997857 -0
    outer loop
      vertex -2.58227 -59.1437 54
      vertex -5.15962 -58.9747 0
      vertex -2.58227 -59.1437 0
    endloop
  endfacet
  facet normal -0.279841 0.960046 0
    outer loop
      vertex -15.3221 57.1828 0
      vertex -17.8018 56.46 54
      vertex -15.3221 57.1828 54
    endloop
  endfacet
  facet normal -0.279841 0.960046 0
    outer loop
      vertex -17.8018 56.46 54
      vertex -15.3221 57.1828 0
      vertex -17.8018 56.46 0
    endloop
  endfacet
  facet normal -0.625936 -0.779874 0
    outer loop
      vertex -38.053 -45.3498 0
      vertex -36.0387 -46.9665 54
      vertex -38.053 -45.3498 54
    endloop
  endfacet
  facet normal -0.625936 -0.779874 -0
    outer loop
      vertex -36.0387 -46.9665 54
      vertex -38.053 -45.3498 0
      vertex -36.0387 -46.9665 0
    endloop
  endfacet
  facet normal -0.779874 -0.625936 0
    outer loop
      vertex -45.3498 -38.053 0
      vertex -46.9665 -36.0387 54
      vertex -46.9665 -36.0387 0
    endloop
  endfacet
  facet normal -0.779874 -0.625936 0
    outer loop
      vertex -46.9665 -36.0387 54
      vertex -45.3498 -38.053 0
      vertex -45.3498 -38.053 54
    endloop
  endfacet
  facet normal -0.896868 0.442298 0
    outer loop
      vertex -53.6534 25.019 0
      vertex -52.511 27.3355 54
      vertex -52.511 27.3355 0
    endloop
  endfacet
  facet normal -0.896868 0.442298 0
    outer loop
      vertex -52.511 27.3355 54
      vertex -53.6534 25.019 0
      vertex -53.6534 25.019 54
    endloop
  endfacet
  facet normal -0.876747 -0.480951 0
    outer loop
      vertex -52.511 -27.3355 0
      vertex -51.8677 -28.5082 42
      vertex -52.511 -27.3355 54
    endloop
  endfacet
  facet normal -0.876734 -0.480975 -8.51394e-07
    outer loop
      vertex -51.2687 -29.6 0
      vertex -51.8677 -28.5082 42
      vertex -52.511 -27.3355 0
    endloop
  endfacet
  facet normal -0.876721 -0.481 0
    outer loop
      vertex -51.8677 -28.5082 42
      vertex -51.2687 -29.6 0
      vertex -51.2687 -29.6 42
    endloop
  endfacet
  facet normal -0.876747 -0.480951 0
    outer loop
      vertex -52.511 -27.3355 54
      vertex -51.8677 -28.5082 42
      vertex -51.8677 -28.5082 54
    endloop
  endfacet
  facet normal -0.960046 -0.279841 0
    outer loop
      vertex -56.46 -17.8018 0
      vertex -57.1828 -15.3221 54
      vertex -57.1828 -15.3221 0
    endloop
  endfacet
  facet normal -0.960046 -0.279841 0
    outer loop
      vertex -57.1828 -15.3221 54
      vertex -56.46 -17.8018 0
      vertex -56.46 -17.8018 54
    endloop
  endfacet
  facet normal 0.854909 0.518777 -0
    outer loop
      vertex 50.6227 30.6646 42
      vertex 49.9288 31.8081 54
      vertex 50.6227 30.6646 54
    endloop
  endfacet
  facet normal 0.854909 0.518777 0
    outer loop
      vertex 49.9288 31.8081 54
      vertex 50.6227 30.6646 42
      vertex 49.9288 31.8081 0
    endloop
  endfacet
  facet normal 0.854917 0.518764 -0
    outer loop
      vertex 51.2687 29.6 0
      vertex 50.6227 30.6646 42
      vertex 51.2687 29.6 42
    endloop
  endfacet
  facet normal 0.854913 0.518771 -2.29906e-07
    outer loop
      vertex 50.6227 30.6646 42
      vertex 51.2687 29.6 0
      vertex 49.9288 31.8081 0
    endloop
  endfacet
  facet normal 0.279841 0.960046 -0
    outer loop
      vertex 17.8018 56.46 0
      vertex 15.3221 57.1828 54
      vertex 17.8018 56.46 54
    endloop
  endfacet
  facet normal 0.279841 0.960046 0
    outer loop
      vertex 15.3221 57.1828 54
      vertex 17.8018 56.46 0
      vertex 15.3221 57.1828 0
    endloop
  endfacet
  facet normal 0.779874 0.625936 0
    outer loop
      vertex 46.9665 36.0387 54
      vertex 45.3498 38.053 0
      vertex 45.3498 38.053 54
    endloop
  endfacet
  facet normal 0.779874 0.625936 0
    outer loop
      vertex 45.3498 38.053 0
      vertex 46.9665 36.0387 54
      vertex 46.9665 36.0387 0
    endloop
  endfacet
  facet normal -0.40277 0.915301 0
    outer loop
      vertex -22.6549 54.6937 0
      vertex -25.019 53.6534 54
      vertex -22.6549 54.6937 54
    endloop
  endfacet
  facet normal -0.40277 0.915301 0
    outer loop
      vertex -25.019 53.6534 54
      vertex -22.6549 54.6937 0
      vertex -25.019 53.6534 0
    endloop
  endfacet
  facet normal 0.518771 -0.854913 0
    outer loop
      vertex 29.6 -51.2687 0
      vertex 31.8081 -49.9288 54
      vertex 29.6 -51.2687 54
    endloop
  endfacet
  facet normal 0.518771 -0.854913 0
    outer loop
      vertex 31.8081 -49.9288 54
      vertex 29.6 -51.2687 0
      vertex 31.8081 -49.9288 0
    endloop
  endfacet
  facet normal 0.195096 0.980784 -0
    outer loop
      vertex 12.8132 57.7967 0
      vertex 10.28 58.3006 54
      vertex 12.8132 57.7967 54
    endloop
  endfacet
  facet normal 0.195096 0.980784 0
    outer loop
      vertex 10.28 58.3006 54
      vertex 12.8132 57.7967 0
      vertex 10.28 58.3006 0
    endloop
  endfacet
  facet normal 0 0 -1
    outer loop
      vertex 36.8 0 0
      vertex 59.2 0 0
      vertex 59.1437 -2.58227 0
    endloop
  endfacet
  facet normal 0 0 -1
    outer loop
      vertex 36.765 -1.60519 0
      vertex 59.1437 -2.58227 0
      vertex 58.9747 -5.15962 0
    endloop
  endfacet
  facet normal 0 0 -1
    outer loop
      vertex 59.2 0 0
      vertex 36.8 0 0
      vertex 59.1437 2.58227 0
    endloop
  endfacet
  facet normal 0 0 -1
    outer loop
      vertex 36.66 -3.20733 0
      vertex 58.9747 -5.15962 0
      vertex 58.6935 -7.72715 0
    endloop
  endfacet
  facet normal 0 0 -1
    outer loop
      vertex 36.765 1.60519 0
      vertex 59.1437 2.58227 0
      vertex 36.8 0 0
    endloop
  endfacet
  facet normal 0 0 -1
    outer loop
      vertex 36.4852 -4.80336 0
      vertex 58.6935 -7.72715 0
      vertex 58.3006 -10.28 0
    endloop
  endfacet
  facet normal -0 0 -1
    outer loop
      vertex 59.1437 2.58227 0
      vertex 36.765 1.60519 0
      vertex 58.9747 5.15962 0
    endloop
  endfacet
  facet normal 0 0 -1
    outer loop
      vertex 36.2409 -6.39025 0
      vertex 58.3006 -10.28 0
      vertex 57.7967 -12.8132 0
    endloop
  endfacet
  facet normal 0 0 -1
    outer loop
      vertex 36.66 3.20733 0
      vertex 58.9747 5.15962 0
      vertex 36.765 1.60519 0
    endloop
  endfacet
  facet normal 0 0 -1
    outer loop
      vertex 35.9277 -7.96498 0
      vertex 57.7967 -12.8132 0
      vertex 57.1828 -15.3221 0
    endloop
  endfacet
  facet normal -0 0 -1
    outer loop
      vertex 58.9747 5.15962 0
      vertex 36.66 3.20733 0
      vertex 58.6935 7.72715 0
    endloop
  endfacet
  facet normal 0 0 -1
    outer loop
      vertex 35.5461 -9.52454 0
      vertex 57.1828 -15.3221 0
      vertex 56.46 -17.8018 0
    endloop
  endfacet
  facet normal 0 0 -1
    outer loop
      vertex 36.4852 4.80336 0
      vertex 58.6935 7.72715 0
      vertex 36.66 3.20733 0
    endloop
  endfacet
  facet normal 0 0 -1
    outer loop
      vertex 35.0968 -11.066 0
      vertex 56.46 -17.8018 0
      vertex 55.6298 -20.2476 0
    endloop
  endfacet
  facet normal -0 0 -1
    outer loop
      vertex 58.6935 7.72715 0
      vertex 36.4852 4.80336 0
      vertex 58.3006 10.28 0
    endloop
  endfacet
  facet normal 0 0 -1
    outer loop
      vertex 34.5807 -12.5863 0
      vertex 55.6298 -20.2476 0
      vertex 54.6937 -22.6549 0
    endloop
  endfacet
  facet normal 0 0 -1
    outer loop
      vertex 36.2409 6.39025 0
      vertex 58.3006 10.28 0
      vertex 36.4852 4.80336 0
    endloop
  endfacet
  facet normal 0 0 -1
    outer loop
      vertex 33.9988 -14.0827 0
      vertex 54.6937 -22.6549 0
      vertex 53.6534 -25.019 0
    endloop
  endfacet
  facet normal -0 0 -1
    outer loop
      vertex 58.3006 10.28 0
      vertex 36.2409 6.39025 0
      vertex 57.7967 12.8132 0
    endloop
  endfacet
  facet normal 0 0 -1
    outer loop
      vertex 33.3521 -15.5524 0
      vertex 53.6534 -25.019 0
      vertex 52.511 -27.3355 0
    endloop
  endfacet
  facet normal 0 0 -1
    outer loop
      vertex 35.9277 7.96498 0
      vertex 57.7967 12.8132 0
      vertex 36.2409 6.39025 0
    endloop
  endfacet
  facet normal 0 0 -1
    outer loop
      vertex 32.642 -16.9923 0
      vertex 52.511 -27.3355 0
      vertex 51.2687 -29.6 0
    endloop
  endfacet
  facet normal -0 0 -1
    outer loop
      vertex 57.7967 12.8132 0
      vertex 35.9277 7.96498 0
      vertex 57.1828 15.3221 0
    endloop
  endfacet
  facet normal 0 0 -1
    outer loop
      vertex 31.8697 -18.4 0
      vertex 51.2687 -29.6 0
      vertex 49.9288 -31.8081 0
    endloop
  endfacet
  facet normal 0 0 -1
    outer loop
      vertex 35.5461 9.52454 0
      vertex 57.1828 15.3221 0
      vertex 35.9277 7.96498 0
    endloop
  endfacet
  facet normal 0 0 -1
    outer loop
      vertex 31.0368 -19.7726 0
      vertex 49.9288 -31.8081 0
      vertex 48.4938 -33.9557 0
    endloop
  endfacet
  facet normal -0 0 -1
    outer loop
      vertex 57.1828 15.3221 0
      vertex 35.5461 9.52454 0
      vertex 56.46 17.8018 0
    endloop
  endfacet
  facet normal 0 0 -1
    outer loop
      vertex 30.1448 -21.1076 0
      vertex 48.4938 -33.9557 0
      vertex 46.9665 -36.0387 0
    endloop
  endfacet
  facet normal 0 0 -1
    outer loop
      vertex 35.0968 11.066 0
      vertex 56.46 17.8018 0
      vertex 35.5461 9.52454 0
    endloop
  endfacet
  facet normal 0 0 -1
    outer loop
      vertex 29.1954 -22.4024 0
      vertex 46.9665 -36.0387 0
      vertex 45.3498 -38.053 0
    endloop
  endfacet
  facet normal -0 0 -1
    outer loop
      vertex 56.46 17.8018 0
      vertex 35.0968 11.066 0
      vertex 55.6298 20.2476 0
    endloop
  endfacet
  facet normal 0 0 -1
    outer loop
      vertex 28.1904 -23.6546 0
      vertex 45.3498 -38.053 0
      vertex 43.6468 -39.9949 0
    endloop
  endfacet
  facet normal 0 0 -1
    outer loop
      vertex 34.5807 12.5863 0
      vertex 55.6298 20.2476 0
      vertex 35.0968 11.066 0
    endloop
  endfacet
  facet normal 0 0 -1
    outer loop
      vertex 27.1318 -24.8617 0
      vertex 43.6468 -39.9949 0
      vertex 41.8607 -41.8607 0
    endloop
  endfacet
  facet normal -0 0 -1
    outer loop
      vertex 55.6298 20.2476 0
      vertex 34.5807 12.5863 0
      vertex 54.6937 22.6549 0
    endloop
  endfacet
  facet normal 0 0 -1
    outer loop
      vertex 26.0215 -26.0215 0
      vertex 41.8607 -41.8607 0
      vertex 39.9949 -43.6468 0
    endloop
  endfacet
  facet normal 0 0 -1
    outer loop
      vertex 33.9988 14.0827 0
      vertex 54.6937 22.6549 0
      vertex 34.5807 12.5863 0
    endloop
  endfacet
  facet normal 0 0 -1
    outer loop
      vertex 24.8617 -27.1318 0
      vertex 39.9949 -43.6468 0
      vertex 38.053 -45.3498 0
    endloop
  endfacet
  facet normal -0 0 -1
    outer loop
      vertex 54.6937 22.6549 0
      vertex 33.9988 14.0827 0
      vertex 53.6534 25.019 0
    endloop
  endfacet
  facet normal 0 0 -1
    outer loop
      vertex 33.3521 15.5524 0
      vertex 53.6534 25.019 0
      vertex 33.9988 14.0827 0
    endloop
  endfacet
  facet normal 0 0 -1
    outer loop
      vertex 59.1437 -2.58227 0
      vertex 36.765 -1.60519 0
      vertex 36.8 0 0
    endloop
  endfacet
  facet normal 0 0 -1
    outer loop
      vertex 58.9747 -5.15962 0
      vertex 36.66 -3.20733 0
      vertex 36.765 -1.60519 0
    endloop
  endfacet
  facet normal 0 0 -1
    outer loop
      vertex 58.6935 -7.72715 0
      vertex 36.4852 -4.80336 0
      vertex 36.66 -3.20733 0
    endloop
  endfacet
  facet normal 0 0 -1
    outer loop
      vertex 58.3006 -10.28 0
      vertex 36.2409 -6.39025 0
      vertex 36.4852 -4.80336 0
    endloop
  endfacet
  facet normal 0 0 -1
    outer loop
      vertex 23.6546 -28.1904 0
      vertex 38.053 -45.3498 0
      vertex 36.0387 -46.9665 0
    endloop
  endfacet
  facet normal 0 0 -1
    outer loop
      vertex 57.7967 -12.8132 0
      vertex 35.9277 -7.96498 0
      vertex 36.2409 -6.39025 0
    endloop
  endfacet
  facet normal 0 0 -1
    outer loop
      vertex 57.1828 -15.3221 0
      vertex 35.5461 -9.52454 0
      vertex 35.9277 -7.96498 0
    endloop
  endfacet
  facet normal 0 0 -1
    outer loop
      vertex 56.46 -17.8018 0
      vertex 35.0968 -11.066 0
      vertex 35.5461 -9.52454 0
    endloop
  endfacet
  facet normal 0 0 -1
    outer loop
      vertex 55.6298 -20.2476 0
      vertex 34.5807 -12.5863 0
      vertex 35.0968 -11.066 0
    endloop
  endfacet
  facet normal 0 0 -1
    outer loop
      vertex 54.6937 -22.6549 0
      vertex 33.9988 -14.0827 0
      vertex 34.5807 -12.5863 0
    endloop
  endfacet
  facet normal 0 0 -1
    outer loop
      vertex 22.4024 -29.1954 0
      vertex 36.0387 -46.9665 0
      vertex 33.9557 -48.4938 0
    endloop
  endfacet
  facet normal 0 0 -1
    outer loop
      vertex 53.6534 -25.019 0
      vertex 33.3521 -15.5524 0
      vertex 33.9988 -14.0827 0
    endloop
  endfacet
  facet normal 0 0 -1
    outer loop
      vertex 52.511 -27.3355 0
      vertex 32.642 -16.9923 0
      vertex 33.3521 -15.5524 0
    endloop
  endfacet
  facet normal 0 0 -1
    outer loop
      vertex 51.2687 -29.6 0
      vertex 31.8697 -18.4 0
      vertex 32.642 -16.9923 0
    endloop
  endfacet
  facet normal 0 0 -1
    outer loop
      vertex 21.1076 -30.1448 0
      vertex 33.9557 -48.4938 0
      vertex 31.8081 -49.9288 0
    endloop
  endfacet
  facet normal 0 0 -1
    outer loop
      vertex 49.9288 -31.8081 0
      vertex 31.0368 -19.7726 0
      vertex 31.8697 -18.4 0
    endloop
  endfacet
  facet normal 0 0 -1
    outer loop
      vertex 48.4938 -33.9557 0
      vertex 30.1448 -21.1076 0
      vertex 31.0368 -19.7726 0
    endloop
  endfacet
  facet normal 0 0 -1
    outer loop
      vertex 19.7726 -31.0368 0
      vertex 31.8081 -49.9288 0
      vertex 29.6 -51.2687 0
    endloop
  endfacet
  facet normal 0 0 -1
    outer loop
      vertex 46.9665 -36.0387 0
      vertex 29.1954 -22.4024 0
      vertex 30.1448 -21.1076 0
    endloop
  endfacet
  facet normal 0 0 -1
    outer loop
      vertex 45.3498 -38.053 0
      vertex 28.1904 -23.6546 0
      vertex 29.1954 -22.4024 0
    endloop
  endfacet
  facet normal 0 0 -1
    outer loop
      vertex 18.4 -31.8697 0
      vertex 29.6 -51.2687 0
      vertex 27.3355 -52.511 0
    endloop
  endfacet
  facet normal 0 0 -1
    outer loop
      vertex 43.6468 -39.9949 0
      vertex 27.1318 -24.8617 0
      vertex 28.1904 -23.6546 0
    endloop
  endfacet
  facet normal 0 0 -1
    outer loop
      vertex 41.8607 -41.8607 0
      vertex 26.0215 -26.0215 0
      vertex 27.1318 -24.8617 0
    endloop
  endfacet
  facet normal 0 0 -1
    outer loop
      vertex 16.9923 -32.642 0
      vertex 27.3355 -52.511 0
      vertex 25.019 -53.6534 0
    endloop
  endfacet
  facet normal 0 0 -1
    outer loop
      vertex 39.9949 -43.6468 0
      vertex 24.8617 -27.1318 0
      vertex 26.0215 -26.0215 0
    endloop
  endfacet
  facet normal 0 0 -1
    outer loop
      vertex 38.053 -45.3498 0
      vertex 23.6546 -28.1904 0
      vertex 24.8617 -27.1318 0
    endloop
  endfacet
  facet normal 0 0 -1
    outer loop
      vertex 15.5524 -33.3521 0
      vertex 25.019 -53.6534 0
      vertex 22.6549 -54.6937 0
    endloop
  endfacet
  facet normal 0 0 -1
    outer loop
      vertex 36.0387 -46.9665 0
      vertex 22.4024 -29.1954 0
      vertex 23.6546 -28.1904 0
    endloop
  endfacet
  facet normal 0 0 -1
    outer loop
      vertex 33.9557 -48.4938 0
      vertex 21.1076 -30.1448 0
      vertex 22.4024 -29.1954 0
    endloop
  endfacet
  facet normal 0 0 -1
    outer loop
      vertex 14.0827 -33.9988 0
      vertex 22.6549 -54.6937 0
      vertex 20.2476 -55.6298 0
    endloop
  endfacet
  facet normal 0 0 -1
    outer loop
      vertex 31.8081 -49.9288 0
      vertex 19.7726 -31.0368 0
      vertex 21.1076 -30.1448 0
    endloop
  endfacet
  facet normal 0 0 -1
    outer loop
      vertex 29.6 -51.2687 0
      vertex 18.4 -31.8697 0
      vertex 19.7726 -31.0368 0
    endloop
  endfacet
  facet normal 0 0 -1
    outer loop
      vertex 12.5863 -34.5807 0
      vertex 20.2476 -55.6298 0
      vertex 17.8018 -56.46 0
    endloop
  endfacet
  facet normal 0 0 -1
    outer loop
      vertex 27.3355 -52.511 0
      vertex 16.9923 -32.642 0
      vertex 18.4 -31.8697 0
    endloop
  endfacet
  facet normal 0 0 -1
    outer loop
      vertex 25.019 -53.6534 0
      vertex 15.5524 -33.3521 0
      vertex 16.9923 -32.642 0
    endloop
  endfacet
  facet normal 0 0 -1
    outer loop
      vertex 11.066 -35.0968 0
      vertex 17.8018 -56.46 0
      vertex 15.3221 -57.1828 0
    endloop
  endfacet
  facet normal 0 0 -1
    outer loop
      vertex 22.6549 -54.6937 0
      vertex 14.0827 -33.9988 0
      vertex 15.5524 -33.3521 0
    endloop
  endfacet
  facet normal 0 0 -1
    outer loop
      vertex 9.52454 -35.5461 0
      vertex 15.3221 -57.1828 0
      vertex 12.8132 -57.7967 0
    endloop
  endfacet
  facet normal 0 0 -1
    outer loop
      vertex 20.2476 -55.6298 0
      vertex 12.5863 -34.5807 0
      vertex 14.0827 -33.9988 0
    endloop
  endfacet
  facet normal 0 0 -1
    outer loop
      vertex 17.8018 -56.46 0
      vertex 11.066 -35.0968 0
      vertex 12.5863 -34.5807 0
    endloop
  endfacet
  facet normal 0 0 -1
    outer loop
      vertex 7.96498 -35.9277 0
      vertex 12.8132 -57.7967 0
      vertex 10.28 -58.3006 0
    endloop
  endfacet
  facet normal 0 0 -1
    outer loop
      vertex 15.3221 -57.1828 0
      vertex 9.52454 -35.5461 0
      vertex 11.066 -35.0968 0
    endloop
  endfacet
  facet normal 0 0 -1
    outer loop
      vertex 12.8132 -57.7967 0
      vertex 7.96498 -35.9277 0
      vertex 9.52454 -35.5461 0
    endloop
  endfacet
  facet normal 0 0 -1
    outer loop
      vertex 6.39025 -36.2409 0
      vertex 10.28 -58.3006 0
      vertex 7.72715 -58.6935 0
    endloop
  endfacet
  facet normal 0 0 -1
    outer loop
      vertex 10.28 -58.3006 0
      vertex 6.39025 -36.2409 0
      vertex 7.96498 -35.9277 0
    endloop
  endfacet
  facet normal 0 0 -1
    outer loop
      vertex 4.80336 -36.4852 0
      vertex 7.72715 -58.6935 0
      vertex 5.15962 -58.9747 0
    endloop
  endfacet
  facet normal 0 0 -1
    outer loop
      vertex 7.72715 -58.6935 0
      vertex 4.80336 -36.4852 0
      vertex 6.39025 -36.2409 0
    endloop
  endfacet
  facet normal 0 0 -1
    outer loop
      vertex 5.15962 -58.9747 0
      vertex 3.20733 -36.66 0
      vertex 4.80336 -36.4852 0
    endloop
  endfacet
  facet normal 0 0 -1
    outer loop
      vertex 2.58227 -59.1437 0
      vertex 3.20733 -36.66 0
      vertex 5.15962 -58.9747 0
    endloop
  endfacet
  facet normal 0 0 -1
    outer loop
      vertex 2.58227 -59.1437 0
      vertex 1.60519 -36.765 0
      vertex 3.20733 -36.66 0
    endloop
  endfacet
  facet normal 0 0 -1
    outer loop
      vertex 0 -59.2 0
      vertex 1.60519 -36.765 0
      vertex 2.58227 -59.1437 0
    endloop
  endfacet
  facet normal 0 0 -1
    outer loop
      vertex 0 -59.2 0
      vertex 0 -36.8 0
      vertex 1.60519 -36.765 0
    endloop
  endfacet
  facet normal 0 0 -1
    outer loop
      vertex 0 -59.2 0
      vertex -1.60519 -36.765 0
      vertex 0 -36.8 0
    endloop
  endfacet
  facet normal 0 0 -1
    outer loop
      vertex -2.58227 -59.1437 0
      vertex -1.60519 -36.765 0
      vertex 0 -59.2 0
    endloop
  endfacet
  facet normal 0 0 -1
    outer loop
      vertex -2.58227 -59.1437 0
      vertex -3.20733 -36.66 0
      vertex -1.60519 -36.765 0
    endloop
  endfacet
  facet normal 0 0 -1
    outer loop
      vertex -5.15962 -58.9747 0
      vertex -3.20733 -36.66 0
      vertex -2.58227 -59.1437 0
    endloop
  endfacet
  facet normal -0 0 -1
    outer loop
      vertex -3.20733 -36.66 0
      vertex -5.15962 -58.9747 0
      vertex -4.80336 -36.4852 0
    endloop
  endfacet
  facet normal 0 0 -1
    outer loop
      vertex -7.72715 -58.6935 0
      vertex -4.80336 -36.4852 0
      vertex -5.15962 -58.9747 0
    endloop
  endfacet
  facet normal -0 0 -1
    outer loop
      vertex -4.80336 -36.4852 0
      vertex -7.72715 -58.6935 0
      vertex -6.39025 -36.2409 0
    endloop
  endfacet
  facet normal 0 0 -1
    outer loop
      vertex -10.28 -58.3006 0
      vertex -6.39025 -36.2409 0
      vertex -7.72715 -58.6935 0
    endloop
  endfacet
  facet normal -0 0 -1
    outer loop
      vertex -6.39025 -36.2409 0
      vertex -10.28 -58.3006 0
      vertex -7.96498 -35.9277 0
    endloop
  endfacet
  facet normal 0 0 -1
    outer loop
      vertex -12.8132 -57.7967 0
      vertex -7.96498 -35.9277 0
      vertex -10.28 -58.3006 0
    endloop
  endfacet
  facet normal -0 0 -1
    outer loop
      vertex -7.96498 -35.9277 0
      vertex -12.8132 -57.7967 0
      vertex -9.52454 -35.5461 0
    endloop
  endfacet
  facet normal 0 0 -1
    outer loop
      vertex -15.3221 -57.1828 0
      vertex -9.52454 -35.5461 0
      vertex -12.8132 -57.7967 0
    endloop
  endfacet
  facet normal -0 0 -1
    outer loop
      vertex -9.52454 -35.5461 0
      vertex -15.3221 -57.1828 0
      vertex -11.066 -35.0968 0
    endloop
  endfacet
  facet normal 0 0 -1
    outer loop
      vertex -17.8018 -56.46 0
      vertex -11.066 -35.0968 0
      vertex -15.3221 -57.1828 0
    endloop
  endfacet
  facet normal -0 0 -1
    outer loop
      vertex -11.066 -35.0968 0
      vertex -17.8018 -56.46 0
      vertex -12.5863 -34.5807 0
    endloop
  endfacet
  facet normal 0 0 -1
    outer loop
      vertex -20.2476 -55.6298 0
      vertex -12.5863 -34.5807 0
      vertex -17.8018 -56.46 0
    endloop
  endfacet
  facet normal -0 0 -1
    outer loop
      vertex -12.5863 -34.5807 0
      vertex -20.2476 -55.6298 0
      vertex -14.0827 -33.9988 0
    endloop
  endfacet
  facet normal 0 0 -1
    outer loop
      vertex -22.6549 -54.6937 0
      vertex -14.0827 -33.9988 0
      vertex -20.2476 -55.6298 0
    endloop
  endfacet
  facet normal -0 0 -1
    outer loop
      vertex -14.0827 -33.9988 0
      vertex -22.6549 -54.6937 0
      vertex -15.5524 -33.3521 0
    endloop
  endfacet
  facet normal 0 0 -1
    outer loop
      vertex -25.019 -53.6534 0
      vertex -15.5524 -33.3521 0
      vertex -22.6549 -54.6937 0
    endloop
  endfacet
  facet normal -0 0 -1
    outer loop
      vertex -15.5524 -33.3521 0
      vertex -25.019 -53.6534 0
      vertex -16.9923 -32.642 0
    endloop
  endfacet
  facet normal 0 0 -1
    outer loop
      vertex -27.3355 -52.511 0
      vertex -16.9923 -32.642 0
      vertex -25.019 -53.6534 0
    endloop
  endfacet
  facet normal -0 0 -1
    outer loop
      vertex -16.9923 -32.642 0
      vertex -27.3355 -52.511 0
      vertex -18.4 -31.8697 0
    endloop
  endfacet
  facet normal 0 0 -1
    outer loop
      vertex -29.6 -51.2687 0
      vertex -18.4 -31.8697 0
      vertex -27.3355 -52.511 0
    endloop
  endfacet
  facet normal -0 0 -1
    outer loop
      vertex -18.4 -31.8697 0
      vertex -29.6 -51.2687 0
      vertex -19.7726 -31.0368 0
    endloop
  endfacet
  facet normal 0 0 -1
    outer loop
      vertex -31.8081 -49.9288 0
      vertex -19.7726 -31.0368 0
      vertex -29.6 -51.2687 0
    endloop
  endfacet
  facet normal -0 0 -1
    outer loop
      vertex -19.7726 -31.0368 0
      vertex -31.8081 -49.9288 0
      vertex -21.1076 -30.1448 0
    endloop
  endfacet
  facet normal 0 0 -1
    outer loop
      vertex -33.9557 -48.4938 0
      vertex -21.1076 -30.1448 0
      vertex -31.8081 -49.9288 0
    endloop
  endfacet
  facet normal -0 0 -1
    outer loop
      vertex -21.1076 -30.1448 0
      vertex -33.9557 -48.4938 0
      vertex -22.4024 -29.1954 0
    endloop
  endfacet
  facet normal 0 0 -1
    outer loop
      vertex -36.0387 -46.9665 0
      vertex -22.4024 -29.1954 0
      vertex -33.9557 -48.4938 0
    endloop
  endfacet
  facet normal -0 0 -1
    outer loop
      vertex -22.4024 -29.1954 0
      vertex -36.0387 -46.9665 0
      vertex -23.6546 -28.1904 0
    endloop
  endfacet
  facet normal 0 0 -1
    outer loop
      vertex -38.053 -45.3498 0
      vertex -23.6546 -28.1904 0
      vertex -36.0387 -46.9665 0
    endloop
  endfacet
  facet normal -0 0 -1
    outer loop
      vertex -23.6546 -28.1904 0
      vertex -38.053 -45.3498 0
      vertex -24.8617 -27.1318 0
    endloop
  endfacet
  facet normal 0 0 -1
    outer loop
      vertex -39.9949 -43.6468 0
      vertex -24.8617 -27.1318 0
      vertex -38.053 -45.3498 0
    endloop
  endfacet
  facet normal -0 0 -1
    outer loop
      vertex -24.8617 -27.1318 0
      vertex -39.9949 -43.6468 0
      vertex -26.0215 -26.0215 0
    endloop
  endfacet
  facet normal 0 0 -1
    outer loop
      vertex -41.8607 -41.8607 0
      vertex -26.0215 -26.0215 0
      vertex -39.9949 -43.6468 0
    endloop
  endfacet
  facet normal -0 0 -1
    outer loop
      vertex -26.0215 -26.0215 0
      vertex -41.8607 -41.8607 0
      vertex -27.1318 -24.8617 0
    endloop
  endfacet
  facet normal 0 0 -1
    outer loop
      vertex -43.6468 -39.9949 0
      vertex -27.1318 -24.8617 0
      vertex -41.8607 -41.8607 0
    endloop
  endfacet
  facet normal -0 0 -1
    outer loop
      vertex -27.1318 -24.8617 0
      vertex -43.6468 -39.9949 0
      vertex -28.1904 -23.6546 0
    endloop
  endfacet
  facet normal 0 0 -1
    outer loop
      vertex -45.3498 -38.053 0
      vertex -28.1904 -23.6546 0
      vertex -43.6468 -39.9949 0
    endloop
  endfacet
  facet normal -0 0 -1
    outer loop
      vertex -28.1904 -23.6546 0
      vertex -45.3498 -38.053 0
      vertex -29.1954 -22.4024 0
    endloop
  endfacet
  facet normal 0 0 -1
    outer loop
      vertex -46.9665 -36.0387 0
      vertex -29.1954 -22.4024 0
      vertex -45.3498 -38.053 0
    endloop
  endfacet
  facet normal -0 0 -1
    outer loop
      vertex -29.1954 -22.4024 0
      vertex -46.9665 -36.0387 0
      vertex -30.1448 -21.1076 0
    endloop
  endfacet
  facet normal 0 0 -1
    outer loop
      vertex -48.4938 -33.9557 0
      vertex -30.1448 -21.1076 0
      vertex -46.9665 -36.0387 0
    endloop
  endfacet
  facet normal -0 0 -1
    outer loop
      vertex -30.1448 -21.1076 0
      vertex -48.4938 -33.9557 0
      vertex -31.0368 -19.7726 0
    endloop
  endfacet
  facet normal 0 0 -1
    outer loop
      vertex -49.9288 -31.8081 0
      vertex -31.0368 -19.7726 0
      vertex -48.4938 -33.9557 0
    endloop
  endfacet
  facet normal -0 0 -1
    outer loop
      vertex -31.0368 -19.7726 0
      vertex -49.9288 -31.8081 0
      vertex -31.8697 -18.4 0
    endloop
  endfacet
  facet normal 0 0 -1
    outer loop
      vertex -51.2687 -29.6 0
      vertex -31.8697 -18.4 0
      vertex -49.9288 -31.8081 0
    endloop
  endfacet
  facet normal -0 0 -1
    outer loop
      vertex -31.8697 -18.4 0
      vertex -51.2687 -29.6 0
      vertex -32.642 -16.9923 0
    endloop
  endfacet
  facet normal 0 0 -1
    outer loop
      vertex -52.511 -27.3355 0
      vertex -32.642 -16.9923 0
      vertex -51.2687 -29.6 0
    endloop
  endfacet
  facet normal -0 0 -1
    outer loop
      vertex -32.642 -16.9923 0
      vertex -52.511 -27.3355 0
      vertex -33.3521 -15.5524 0
    endloop
  endfacet
  facet normal 0 0 -1
    outer loop
      vertex -53.6534 -25.019 0
      vertex -33.3521 -15.5524 0
      vertex -52.511 -27.3355 0
    endloop
  endfacet
  facet normal -0 0 -1
    outer loop
      vertex 53.6534 25.019 0
      vertex 33.3521 15.5524 0
      vertex 52.511 27.3355 0
    endloop
  endfacet
  facet normal 0 0 -1
    outer loop
      vertex 32.642 16.9923 0
      vertex 52.511 27.3355 0
      vertex 33.3521 15.5524 0
    endloop
  endfacet
  facet normal -0 0 -1
    outer loop
      vertex 52.511 27.3355 0
      vertex 32.642 16.9923 0
      vertex 51.2687 29.6 0
    endloop
  endfacet
  facet normal 0 0 -1
    outer loop
      vertex 31.8697 18.4 0
      vertex 51.2687 29.6 0
      vertex 32.642 16.9923 0
    endloop
  endfacet
  facet normal -0 0 -1
    outer loop
      vertex 51.2687 29.6 0
      vertex 31.8697 18.4 0
      vertex 49.9288 31.8081 0
    endloop
  endfacet
  facet normal 0 0 -1
    outer loop
      vertex 31.0368 19.7726 0
      vertex 49.9288 31.8081 0
      vertex 31.8697 18.4 0
    endloop
  endfacet
  facet normal -0 0 -1
    outer loop
      vertex 49.9288 31.8081 0
      vertex 31.0368 19.7726 0
      vertex 48.4938 33.9557 0
    endloop
  endfacet
  facet normal 0 0 -1
    outer loop
      vertex 30.1448 21.1076 0
      vertex 48.4938 33.9557 0
      vertex 31.0368 19.7726 0
    endloop
  endfacet
  facet normal -0 0 -1
    outer loop
      vertex 48.4938 33.9557 0
      vertex 30.1448 21.1076 0
      vertex 46.9665 36.0387 0
    endloop
  endfacet
  facet normal 0 0 -1
    outer loop
      vertex 29.1954 22.4024 0
      vertex 46.9665 36.0387 0
      vertex 30.1448 21.1076 0
    endloop
  endfacet
  facet normal -0 0 -1
    outer loop
      vertex 46.9665 36.0387 0
      vertex 29.1954 22.4024 0
      vertex 45.3498 38.053 0
    endloop
  endfacet
  facet normal 0 0 -1
    outer loop
      vertex 28.1904 23.6546 0
      vertex 45.3498 38.053 0
      vertex 29.1954 22.4024 0
    endloop
  endfacet
  facet normal -0 0 -1
    outer loop
      vertex 45.3498 38.053 0
      vertex 28.1904 23.6546 0
      vertex 43.6468 39.9949 0
    endloop
  endfacet
  facet normal 0 0 -1
    outer loop
      vertex 27.1318 24.8617 0
      vertex 43.6468 39.9949 0
      vertex 28.1904 23.6546 0
    endloop
  endfacet
  facet normal -0 0 -1
    outer loop
      vertex 43.6468 39.9949 0
      vertex 27.1318 24.8617 0
      vertex 41.8607 41.8607 0
    endloop
  endfacet
  facet normal 0 0 -1
    outer loop
      vertex 26.0215 26.0215 0
      vertex 41.8607 41.8607 0
      vertex 27.1318 24.8617 0
    endloop
  endfacet
  facet normal -0 0 -1
    outer loop
      vertex 41.8607 41.8607 0
      vertex 26.0215 26.0215 0
      vertex 39.9949 43.6468 0
    endloop
  endfacet
  facet normal 0 0 -1
    outer loop
      vertex 24.8617 27.1318 0
      vertex 39.9949 43.6468 0
      vertex 26.0215 26.0215 0
    endloop
  endfacet
  facet normal -0 0 -1
    outer loop
      vertex 39.9949 43.6468 0
      vertex 24.8617 27.1318 0
      vertex 38.053 45.3498 0
    endloop
  endfacet
  facet normal 0 0 -1
    outer loop
      vertex 23.6546 28.1904 0
      vertex 38.053 45.3498 0
      vertex 24.8617 27.1318 0
    endloop
  endfacet
  facet normal -0 0 -1
    outer loop
      vertex 38.053 45.3498 0
      vertex 23.6546 28.1904 0
      vertex 36.0387 46.9665 0
    endloop
  endfacet
  facet normal 0 0 -1
    outer loop
      vertex 22.4024 29.1954 0
      vertex 36.0387 46.9665 0
      vertex 23.6546 28.1904 0
    endloop
  endfacet
  facet normal -0 0 -1
    outer loop
      vertex 36.0387 46.9665 0
      vertex 22.4024 29.1954 0
      vertex 33.9557 48.4938 0
    endloop
  endfacet
  facet normal 0 0 -1
    outer loop
      vertex 21.1076 30.1448 0
      vertex 33.9557 48.4938 0
      vertex 22.4024 29.1954 0
    endloop
  endfacet
  facet normal -0 0 -1
    outer loop
      vertex 33.9557 48.4938 0
      vertex 21.1076 30.1448 0
      vertex 31.8081 49.9288 0
    endloop
  endfacet
  facet normal 0 0 -1
    outer loop
      vertex 19.7726 31.0368 0
      vertex 31.8081 49.9288 0
      vertex 21.1076 30.1448 0
    endloop
  endfacet
  facet normal -0 0 -1
    outer loop
      vertex 31.8081 49.9288 0
      vertex 19.7726 31.0368 0
      vertex 29.6 51.2687 0
    endloop
  endfacet
  facet normal 0 0 -1
    outer loop
      vertex 18.4 31.8697 0
      vertex 29.6 51.2687 0
      vertex 19.7726 31.0368 0
    endloop
  endfacet
  facet normal -0 0 -1
    outer loop
      vertex 29.6 51.2687 0
      vertex 18.4 31.8697 0
      vertex 27.3355 52.511 0
    endloop
  endfacet
  facet normal 0 0 -1
    outer loop
      vertex 16.9923 32.642 0
      vertex 27.3355 52.511 0
      vertex 18.4 31.8697 0
    endloop
  endfacet
  facet normal -0 0 -1
    outer loop
      vertex 27.3355 52.511 0
      vertex 16.9923 32.642 0
      vertex 25.019 53.6534 0
    endloop
  endfacet
  facet normal 0 0 -1
    outer loop
      vertex 15.5524 33.3521 0
      vertex 25.019 53.6534 0
      vertex 16.9923 32.642 0
    endloop
  endfacet
  facet normal -0 0 -1
    outer loop
      vertex 25.019 53.6534 0
      vertex 15.5524 33.3521 0
      vertex 22.6549 54.6937 0
    endloop
  endfacet
  facet normal 0 0 -1
    outer loop
      vertex 14.0827 33.9988 0
      vertex 22.6549 54.6937 0
      vertex 15.5524 33.3521 0
    endloop
  endfacet
  facet normal -0 0 -1
    outer loop
      vertex 22.6549 54.6937 0
      vertex 14.0827 33.9988 0
      vertex 20.2476 55.6298 0
    endloop
  endfacet
  facet normal 0 0 -1
    outer loop
      vertex 12.5863 34.5807 0
      vertex 20.2476 55.6298 0
      vertex 14.0827 33.9988 0
    endloop
  endfacet
  facet normal -0 0 -1
    outer loop
      vertex 20.2476 55.6298 0
      vertex 12.5863 34.5807 0
      vertex 17.8018 56.46 0
    endloop
  endfacet
  facet normal 0 0 -1
    outer loop
      vertex 11.066 35.0968 0
      vertex 17.8018 56.46 0
      vertex 12.5863 34.5807 0
    endloop
  endfacet
  facet normal -0 0 -1
    outer loop
      vertex 17.8018 56.46 0
      vertex 11.066 35.0968 0
      vertex 15.3221 57.1828 0
    endloop
  endfacet
  facet normal 0 0 -1
    outer loop
      vertex 9.52454 35.5461 0
      vertex 15.3221 57.1828 0
      vertex 11.066 35.0968 0
    endloop
  endfacet
  facet normal -0 0 -1
    outer loop
      vertex 15.3221 57.1828 0
      vertex 9.52454 35.5461 0
      vertex 12.8132 57.7967 0
    endloop
  endfacet
  facet normal 0 0 -1
    outer loop
      vertex 7.96498 35.9277 0
      vertex 12.8132 57.7967 0
      vertex 9.52454 35.5461 0
    endloop
  endfacet
  facet normal -0 0 -1
    outer loop
      vertex 12.8132 57.7967 0
      vertex 7.96498 35.9277 0
      vertex 10.28 58.3006 0
    endloop
  endfacet
  facet normal 0 0 -1
    outer loop
      vertex 6.39025 36.2409 0
      vertex 10.28 58.3006 0
      vertex 7.96498 35.9277 0
    endloop
  endfacet
  facet normal -0 0 -1
    outer loop
      vertex 10.28 58.3006 0
      vertex 6.39025 36.2409 0
      vertex 7.72715 58.6935 0
    endloop
  endfacet
  facet normal 0 0 -1
    outer loop
      vertex 4.80336 36.4852 0
      vertex 7.72715 58.6935 0
      vertex 6.39025 36.2409 0
    endloop
  endfacet
  facet normal -0 0 -1
    outer loop
      vertex 7.72715 58.6935 0
      vertex 4.80336 36.4852 0
      vertex 5.15962 58.9747 0
    endloop
  endfacet
  facet normal 0 0 -1
    outer loop
      vertex 3.20733 36.66 0
      vertex 5.15962 58.9747 0
      vertex 4.80336 36.4852 0
    endloop
  endfacet
  facet normal 0 0 -1
    outer loop
      vertex 3.20733 36.66 0
      vertex 2.58227 59.1437 0
      vertex 5.15962 58.9747 0
    endloop
  endfacet
  facet normal 0 0 -1
    outer loop
      vertex 1.60519 36.765 0
      vertex 2.58227 59.1437 0
      vertex 3.20733 36.66 0
    endloop
  endfacet
  facet normal 0 0 -1
    outer loop
      vertex 0 36.8 0
      vertex 2.58227 59.1437 0
      vertex 1.60519 36.765 0
    endloop
  endfacet
  facet normal 0 0 -1
    outer loop
      vertex 0 36.8 0
      vertex 0 59.2 0
      vertex 2.58227 59.1437 0
    endloop
  endfacet
  facet normal 0 0 -1
    outer loop
      vertex -1.60519 36.765 0
      vertex 0 59.2 0
      vertex 0 36.8 0
    endloop
  endfacet
  facet normal 0 0 -1
    outer loop
      vertex -1.60519 36.765 0
      vertex -2.58227 59.1437 0
      vertex 0 59.2 0
    endloop
  endfacet
  facet normal 0 0 -1
    outer loop
      vertex -3.20733 36.66 0
      vertex -2.58227 59.1437 0
      vertex -1.60519 36.765 0
    endloop
  endfacet
  facet normal 0 0 -1
    outer loop
      vertex -5.15962 58.9747 0
      vertex -3.20733 36.66 0
      vertex -4.80336 36.4852 0
    endloop
  endfacet
  facet normal 0 0 -1
    outer loop
      vertex -3.20733 36.66 0
      vertex -5.15962 58.9747 0
      vertex -2.58227 59.1437 0
    endloop
  endfacet
  facet normal 0 0 -1
    outer loop
      vertex -7.72715 58.6935 0
      vertex -4.80336 36.4852 0
      vertex -6.39025 36.2409 0
    endloop
  endfacet
  facet normal 0 0 -1
    outer loop
      vertex -4.80336 36.4852 0
      vertex -7.72715 58.6935 0
      vertex -5.15962 58.9747 0
    endloop
  endfacet
  facet normal 0 0 -1
    outer loop
      vertex -10.28 58.3006 0
      vertex -6.39025 36.2409 0
      vertex -7.96498 35.9277 0
    endloop
  endfacet
  facet normal 0 0 -1
    outer loop
      vertex -12.8132 57.7967 0
      vertex -7.96498 35.9277 0
      vertex -9.52454 35.5461 0
    endloop
  endfacet
  facet normal 0 0 -1
    outer loop
      vertex -6.39025 36.2409 0
      vertex -10.28 58.3006 0
      vertex -7.72715 58.6935 0
    endloop
  endfacet
  facet normal 0 0 -1
    outer loop
      vertex -15.3221 57.1828 0
      vertex -9.52454 35.5461 0
      vertex -11.066 35.0968 0
    endloop
  endfacet
  facet normal 0 0 -1
    outer loop
      vertex -17.8018 56.46 0
      vertex -11.066 35.0968 0
      vertex -12.5863 34.5807 0
    endloop
  endfacet
  facet normal 0 0 -1
    outer loop
      vertex -7.96498 35.9277 0
      vertex -12.8132 57.7967 0
      vertex -10.28 58.3006 0
    endloop
  endfacet
  facet normal 0 0 -1
    outer loop
      vertex -20.2476 55.6298 0
      vertex -12.5863 34.5807 0
      vertex -14.0827 33.9988 0
    endloop
  endfacet
  facet normal 0 0 -1
    outer loop
      vertex -9.52454 35.5461 0
      vertex -15.3221 57.1828 0
      vertex -12.8132 57.7967 0
    endloop
  endfacet
  facet normal 0 0 -1
    outer loop
      vertex -22.6549 54.6937 0
      vertex -14.0827 33.9988 0
      vertex -15.5524 33.3521 0
    endloop
  endfacet
  facet normal 0 0 -1
    outer loop
      vertex -25.019 53.6534 0
      vertex -15.5524 33.3521 0
      vertex -16.9923 32.642 0
    endloop
  endfacet
  facet normal 0 0 -1
    outer loop
      vertex -11.066 35.0968 0
      vertex -17.8018 56.46 0
      vertex -15.3221 57.1828 0
    endloop
  endfacet
  facet normal 0 0 -1
    outer loop
      vertex -27.3355 52.511 0
      vertex -16.9923 32.642 0
      vertex -18.4 31.8697 0
    endloop
  endfacet
  facet normal 0 0 -1
    outer loop
      vertex -29.6 51.2687 0
      vertex -18.4 31.8697 0
      vertex -19.7726 31.0368 0
    endloop
  endfacet
  facet normal 0 0 -1
    outer loop
      vertex -12.5863 34.5807 0
      vertex -20.2476 55.6298 0
      vertex -17.8018 56.46 0
    endloop
  endfacet
  facet normal 0 0 -1
    outer loop
      vertex -31.8081 49.9288 0
      vertex -19.7726 31.0368 0
      vertex -21.1076 30.1448 0
    endloop
  endfacet
  facet normal 0 0 -1
    outer loop
      vertex -33.9557 48.4938 0
      vertex -21.1076 30.1448 0
      vertex -22.4024 29.1954 0
    endloop
  endfacet
  facet normal 0 0 -1
    outer loop
      vertex -14.0827 33.9988 0
      vertex -22.6549 54.6937 0
      vertex -20.2476 55.6298 0
    endloop
  endfacet
  facet normal 0 0 -1
    outer loop
      vertex -36.0387 46.9665 0
      vertex -22.4024 29.1954 0
      vertex -23.6546 28.1904 0
    endloop
  endfacet
  facet normal 0 0 -1
    outer loop
      vertex -38.053 45.3498 0
      vertex -23.6546 28.1904 0
      vertex -24.8617 27.1318 0
    endloop
  endfacet
  facet normal 0 0 -1
    outer loop
      vertex -15.5524 33.3521 0
      vertex -25.019 53.6534 0
      vertex -22.6549 54.6937 0
    endloop
  endfacet
  facet normal 0 0 -1
    outer loop
      vertex -39.9949 43.6468 0
      vertex -24.8617 27.1318 0
      vertex -26.0215 26.0215 0
    endloop
  endfacet
  facet normal 0 0 -1
    outer loop
      vertex -41.8607 41.8607 0
      vertex -26.0215 26.0215 0
      vertex -27.1318 24.8617 0
    endloop
  endfacet
  facet normal 0 0 -1
    outer loop
      vertex -16.9923 32.642 0
      vertex -27.3355 52.511 0
      vertex -25.019 53.6534 0
    endloop
  endfacet
  facet normal 0 0 -1
    outer loop
      vertex -43.6468 39.9949 0
      vertex -27.1318 24.8617 0
      vertex -28.1904 23.6546 0
    endloop
  endfacet
  facet normal 0 0 -1
    outer loop
      vertex -45.3498 38.053 0
      vertex -28.1904 23.6546 0
      vertex -29.1954 22.4024 0
    endloop
  endfacet
  facet normal 0 0 -1
    outer loop
      vertex -18.4 31.8697 0
      vertex -29.6 51.2687 0
      vertex -27.3355 52.511 0
    endloop
  endfacet
  facet normal 0 0 -1
    outer loop
      vertex -46.9665 36.0387 0
      vertex -29.1954 22.4024 0
      vertex -30.1448 21.1076 0
    endloop
  endfacet
  facet normal 0 0 -1
    outer loop
      vertex -48.4938 33.9557 0
      vertex -30.1448 21.1076 0
      vertex -31.0368 19.7726 0
    endloop
  endfacet
  facet normal 0 0 -1
    outer loop
      vertex -19.7726 31.0368 0
      vertex -31.8081 49.9288 0
      vertex -29.6 51.2687 0
    endloop
  endfacet
  facet normal 0 0 -1
    outer loop
      vertex -49.9288 31.8081 0
      vertex -31.0368 19.7726 0
      vertex -31.8697 18.4 0
    endloop
  endfacet
  facet normal 0 0 -1
    outer loop
      vertex -51.2687 29.6 0
      vertex -31.8697 18.4 0
      vertex -32.642 16.9923 0
    endloop
  endfacet
  facet normal 0 0 -1
    outer loop
      vertex -52.511 27.3355 0
      vertex -32.642 16.9923 0
      vertex -33.3521 15.5524 0
    endloop
  endfacet
  facet normal 0 0 -1
    outer loop
      vertex -21.1076 30.1448 0
      vertex -33.9557 48.4938 0
      vertex -31.8081 49.9288 0
    endloop
  endfacet
  facet normal 0 0 -1
    outer loop
      vertex -53.6534 25.019 0
      vertex -33.3521 15.5524 0
      vertex -33.9988 14.0827 0
    endloop
  endfacet
  facet normal 0 0 -1
    outer loop
      vertex -54.6937 22.6549 0
      vertex -33.9988 14.0827 0
      vertex -34.5807 12.5863 0
    endloop
  endfacet
  facet normal 0 0 -1
    outer loop
      vertex -55.6298 20.2476 0
      vertex -34.5807 12.5863 0
      vertex -35.0968 11.066 0
    endloop
  endfacet
  facet normal 0 0 -1
    outer loop
      vertex -56.46 17.8018 0
      vertex -35.0968 11.066 0
      vertex -35.5461 9.52454 0
    endloop
  endfacet
  facet normal 0 0 -1
    outer loop
      vertex -57.1828 15.3221 0
      vertex -35.5461 9.52454 0
      vertex -35.9277 7.96498 0
    endloop
  endfacet
  facet normal 0 0 -1
    outer loop
      vertex -22.4024 29.1954 0
      vertex -36.0387 46.9665 0
      vertex -33.9557 48.4938 0
    endloop
  endfacet
  facet normal 0 0 -1
    outer loop
      vertex -57.7967 12.8132 0
      vertex -35.9277 7.96498 0
      vertex -36.2409 6.39025 0
    endloop
  endfacet
  facet normal 0 0 -1
    outer loop
      vertex -58.3006 10.28 0
      vertex -36.2409 6.39025 0
      vertex -36.4852 4.80336 0
    endloop
  endfacet
  facet normal 0 0 -1
    outer loop
      vertex -58.6935 7.72715 0
      vertex -36.4852 4.80336 0
      vertex -36.66 3.20733 0
    endloop
  endfacet
  facet normal 0 0 -1
    outer loop
      vertex -58.9747 5.15962 0
      vertex -36.66 3.20733 0
      vertex -36.765 1.60519 0
    endloop
  endfacet
  facet normal 0 0 -1
    outer loop
      vertex -59.1437 2.58227 0
      vertex -36.765 1.60519 0
      vertex -36.8 0 0
    endloop
  endfacet
  facet normal -0 0 -1
    outer loop
      vertex -33.3521 -15.5524 0
      vertex -53.6534 -25.019 0
      vertex -33.9988 -14.0827 0
    endloop
  endfacet
  facet normal 0 0 -1
    outer loop
      vertex -23.6546 28.1904 0
      vertex -38.053 45.3498 0
      vertex -36.0387 46.9665 0
    endloop
  endfacet
  facet normal 0 0 -1
    outer loop
      vertex -54.6937 -22.6549 0
      vertex -33.9988 -14.0827 0
      vertex -53.6534 -25.019 0
    endloop
  endfacet
  facet normal 0 0 -1
    outer loop
      vertex -24.8617 27.1318 0
      vertex -39.9949 43.6468 0
      vertex -38.053 45.3498 0
    endloop
  endfacet
  facet normal -0 0 -1
    outer loop
      vertex -33.9988 -14.0827 0
      vertex -54.6937 -22.6549 0
      vertex -34.5807 -12.5863 0
    endloop
  endfacet
  facet normal 0 0 -1
    outer loop
      vertex -26.0215 26.0215 0
      vertex -41.8607 41.8607 0
      vertex -39.9949 43.6468 0
    endloop
  endfacet
  facet normal 0 0 -1
    outer loop
      vertex -55.6298 -20.2476 0
      vertex -34.5807 -12.5863 0
      vertex -54.6937 -22.6549 0
    endloop
  endfacet
  facet normal 0 0 -1
    outer loop
      vertex -27.1318 24.8617 0
      vertex -43.6468 39.9949 0
      vertex -41.8607 41.8607 0
    endloop
  endfacet
  facet normal -0 0 -1
    outer loop
      vertex -34.5807 -12.5863 0
      vertex -55.6298 -20.2476 0
      vertex -35.0968 -11.066 0
    endloop
  endfacet
  facet normal 0 0 -1
    outer loop
      vertex -28.1904 23.6546 0
      vertex -45.3498 38.053 0
      vertex -43.6468 39.9949 0
    endloop
  endfacet
  facet normal 0 0 -1
    outer loop
      vertex -56.46 -17.8018 0
      vertex -35.0968 -11.066 0
      vertex -55.6298 -20.2476 0
    endloop
  endfacet
  facet normal 0 0 -1
    outer loop
      vertex -29.1954 22.4024 0
      vertex -46.9665 36.0387 0
      vertex -45.3498 38.053 0
    endloop
  endfacet
  facet normal -0 0 -1
    outer loop
      vertex -35.0968 -11.066 0
      vertex -56.46 -17.8018 0
      vertex -35.5461 -9.52454 0
    endloop
  endfacet
  facet normal 0 0 -1
    outer loop
      vertex -30.1448 21.1076 0
      vertex -48.4938 33.9557 0
      vertex -46.9665 36.0387 0
    endloop
  endfacet
  facet normal 0 0 -1
    outer loop
      vertex -57.1828 -15.3221 0
      vertex -35.5461 -9.52454 0
      vertex -56.46 -17.8018 0
    endloop
  endfacet
  facet normal 0 0 -1
    outer loop
      vertex -31.0368 19.7726 0
      vertex -49.9288 31.8081 0
      vertex -48.4938 33.9557 0
    endloop
  endfacet
  facet normal -0 0 -1
    outer loop
      vertex -35.5461 -9.52454 0
      vertex -57.1828 -15.3221 0
      vertex -35.9277 -7.96498 0
    endloop
  endfacet
  facet normal 0 0 -1
    outer loop
      vertex -31.8697 18.4 0
      vertex -51.2687 29.6 0
      vertex -49.9288 31.8081 0
    endloop
  endfacet
  facet normal 0 0 -1
    outer loop
      vertex -57.7967 -12.8132 0
      vertex -35.9277 -7.96498 0
      vertex -57.1828 -15.3221 0
    endloop
  endfacet
  facet normal 0 0 -1
    outer loop
      vertex -32.642 16.9923 0
      vertex -52.511 27.3355 0
      vertex -51.2687 29.6 0
    endloop
  endfacet
  facet normal -0 0 -1
    outer loop
      vertex -35.9277 -7.96498 0
      vertex -57.7967 -12.8132 0
      vertex -36.2409 -6.39025 0
    endloop
  endfacet
  facet normal 0 0 -1
    outer loop
      vertex -33.3521 15.5524 0
      vertex -53.6534 25.019 0
      vertex -52.511 27.3355 0
    endloop
  endfacet
  facet normal 0 0 -1
    outer loop
      vertex -58.3006 -10.28 0
      vertex -36.2409 -6.39025 0
      vertex -57.7967 -12.8132 0
    endloop
  endfacet
  facet normal 0 0 -1
    outer loop
      vertex -33.9988 14.0827 0
      vertex -54.6937 22.6549 0
      vertex -53.6534 25.019 0
    endloop
  endfacet
  facet normal -0 0 -1
    outer loop
      vertex -36.2409 -6.39025 0
      vertex -58.3006 -10.28 0
      vertex -36.4852 -4.80336 0
    endloop
  endfacet
  facet normal 0 0 -1
    outer loop
      vertex -34.5807 12.5863 0
      vertex -55.6298 20.2476 0
      vertex -54.6937 22.6549 0
    endloop
  endfacet
  facet normal 0 0 -1
    outer loop
      vertex -58.6935 -7.72715 0
      vertex -36.4852 -4.80336 0
      vertex -58.3006 -10.28 0
    endloop
  endfacet
  facet normal 0 0 -1
    outer loop
      vertex -35.0968 11.066 0
      vertex -56.46 17.8018 0
      vertex -55.6298 20.2476 0
    endloop
  endfacet
  facet normal -0 0 -1
    outer loop
      vertex -36.4852 -4.80336 0
      vertex -58.6935 -7.72715 0
      vertex -36.66 -3.20733 0
    endloop
  endfacet
  facet normal 0 0 -1
    outer loop
      vertex -35.5461 9.52454 0
      vertex -57.1828 15.3221 0
      vertex -56.46 17.8018 0
    endloop
  endfacet
  facet normal 0 0 -1
    outer loop
      vertex -58.9747 -5.15962 0
      vertex -36.66 -3.20733 0
      vertex -58.6935 -7.72715 0
    endloop
  endfacet
  facet normal 0 0 -1
    outer loop
      vertex -35.9277 7.96498 0
      vertex -57.7967 12.8132 0
      vertex -57.1828 15.3221 0
    endloop
  endfacet
  facet normal -0 0 -1
    outer loop
      vertex -36.66 -3.20733 0
      vertex -58.9747 -5.15962 0
      vertex -36.765 -1.60519 0
    endloop
  endfacet
  facet normal 0 0 -1
    outer loop
      vertex -36.2409 6.39025 0
      vertex -58.3006 10.28 0
      vertex -57.7967 12.8132 0
    endloop
  endfacet
  facet normal 0 0 -1
    outer loop
      vertex -59.1437 -2.58227 0
      vertex -36.765 -1.60519 0
      vertex -58.9747 -5.15962 0
    endloop
  endfacet
  facet normal 0 0 -1
    outer loop
      vertex -36.4852 4.80336 0
      vertex -58.6935 7.72715 0
      vertex -58.3006 10.28 0
    endloop
  endfacet
  facet normal -0 0 -1
    outer loop
      vertex -36.765 -1.60519 0
      vertex -59.1437 -2.58227 0
      vertex -36.8 0 0
    endloop
  endfacet
  facet normal 0 0 -1
    outer loop
      vertex -36.66 3.20733 0
      vertex -58.9747 5.15962 0
      vertex -58.6935 7.72715 0
    endloop
  endfacet
  facet normal 0 0 -1
    outer loop
      vertex -59.2 0 0
      vertex -36.8 0 0
      vertex -59.1437 -2.58227 0
    endloop
  endfacet
  facet normal 0 0 -1
    outer loop
      vertex -36.765 1.60519 0
      vertex -59.1437 2.58227 0
      vertex -58.9747 5.15962 0
    endloop
  endfacet
  facet normal 0 0 -1
    outer loop
      vertex -36.8 0 0
      vertex -59.2 0 0
      vertex -59.1437 2.58227 0
    endloop
  endfacet
  facet normal 0.237677 0.971344 -0
    outer loop
      vertex 15.3221 57.1828 0
      vertex 12.8132 57.7967 54
      vertex 15.3221 57.1828 54
    endloop
  endfacet
  facet normal 0.237677 0.971344 0
    outer loop
      vertex 12.8132 57.7967 54
      vertex 15.3221 57.1828 0
      vertex 12.8132 57.7967 0
    endloop
  endfacet
  facet normal 0.625936 -0.779874 0
    outer loop
      vertex 36.0387 -46.9665 0
      vertex 38.053 -45.3498 54
      vertex 36.0387 -46.9665 54
    endloop
  endfacet
  facet normal 0.625936 -0.779874 0
    outer loop
      vertex 38.053 -45.3498 54
      vertex 36.0387 -46.9665 0
      vertex 38.053 -45.3498 0
    endloop
  endfacet
  facet normal -0.659346 -0.75184 0
    outer loop
      vertex -39.9949 -43.6468 0
      vertex -38.053 -45.3498 54
      vertex -39.9949 -43.6468 54
    endloop
  endfacet
  facet normal -0.659346 -0.75184 -0
    outer loop
      vertex -38.053 -45.3498 54
      vertex -39.9949 -43.6468 0
      vertex -38.053 -45.3498 0
    endloop
  endfacet
  facet normal -0.854917 -0.518764 0
    outer loop
      vertex -51.2687 -29.6 0
      vertex -50.6227 -30.6646 42
      vertex -51.2687 -29.6 42
    endloop
  endfacet
  facet normal -0.854913 -0.518771 -2.29906e-07
    outer loop
      vertex -49.9288 -31.8081 0
      vertex -50.6227 -30.6646 42
      vertex -51.2687 -29.6 0
    endloop
  endfacet
  facet normal -0.854909 -0.518777 -0
    outer loop
      vertex -49.9288 -31.8081 54
      vertex -50.6227 -30.6646 42
      vertex -49.9288 -31.8081 0
    endloop
  endfacet
  facet normal -0.854909 -0.518777 0
    outer loop
      vertex -50.6227 -30.6646 42
      vertex -49.9288 -31.8081 54
      vertex -50.6227 -30.6646 54
    endloop
  endfacet
  facet normal -0.915301 0.40277 0
    outer loop
      vertex -54.6937 22.6549 0
      vertex -53.6534 25.019 54
      vertex -53.6534 25.019 0
    endloop
  endfacet
  facet normal -0.915301 0.40277 0
    outer loop
      vertex -53.6534 25.019 54
      vertex -54.6937 22.6549 0
      vertex -54.6937 22.6549 54
    endloop
  endfacet
  facet normal -0.896868 -0.442298 0
    outer loop
      vertex -52.511 -27.3355 0
      vertex -53.6534 -25.019 54
      vertex -53.6534 -25.019 0
    endloop
  endfacet
  facet normal -0.896868 -0.442298 0
    outer loop
      vertex -53.6534 -25.019 54
      vertex -52.511 -27.3355 0
      vertex -52.511 -27.3355 54
    endloop
  endfacet
  facet normal 0 0 1
    outer loop
      vertex -20.4174 -32.0489 1.6
      vertex -19.5146 -32.6003 1.6
      vertex -19.3919 -32.6712 1.6
    endloop
  endfacet
  facet normal 0 0 1
    outer loop
      vertex -20.4174 -32.0489 1.6
      vertex -29.1131 -49.2253 1.6
      vertex -19.5146 -32.6003 1.6
    endloop
  endfacet
  facet normal 0 0 1
    outer loop
      vertex -30.7335 -48.242 1.6
      vertex -20.4174 -32.0489 1.6
      vertex -21.7959 -31.1278 1.6
    endloop
  endfacet
  facet normal 0 0 1
    outer loop
      vertex -32.8086 -46.8555 1.6
      vertex -21.7959 -31.1278 1.6
      vertex -23.1329 -30.1474 1.6
    endloop
  endfacet
  facet normal 0 0 1
    outer loop
      vertex -34.8212 -45.3798 1.6
      vertex -23.1329 -30.1474 1.6
      vertex -24.4259 -29.1097 1.6
    endloop
  endfacet
  facet normal 0 0 1
    outer loop
      vertex -36.7674 -43.8177 1.6
      vertex -24.4259 -29.1097 1.6
      vertex -25.6724 -28.0165 1.6
    endloop
  endfacet
  facet normal 0 0 1
    outer loop
      vertex -38.6438 -42.1723 1.6
      vertex -25.6724 -28.0165 1.6
      vertex -26.8701 -26.8701 1.6
    endloop
  endfacet
  facet normal 0 0 1
    outer loop
      vertex -40.4465 -40.4465 1.6
      vertex -26.8701 -26.8701 1.6
      vertex -28.0165 -25.6724 1.6
    endloop
  endfacet
  facet normal 0 0 1
    outer loop
      vertex -42.1723 -38.6438 1.6
      vertex -28.0165 -25.6724 1.6
      vertex -29.1097 -24.4259 1.6
    endloop
  endfacet
  facet normal 0 0 1
    outer loop
      vertex -43.8177 -36.7674 1.6
      vertex -29.1097 -24.4259 1.6
      vertex -30.1474 -23.1329 1.6
    endloop
  endfacet
  facet normal 0 0 1
    outer loop
      vertex -20.4174 -32.0489 1.6
      vertex -30.7335 -48.242 1.6
      vertex -29.1131 -49.2253 1.6
    endloop
  endfacet
  facet normal 0 0 1
    outer loop
      vertex -45.3798 -34.8212 1.6
      vertex -30.1474 -23.1329 1.6
      vertex -31.1278 -21.7959 1.6
    endloop
  endfacet
  facet normal 0 0 1
    outer loop
      vertex -46.8555 -32.8086 1.6
      vertex -31.1278 -21.7959 1.6
      vertex -32.0489 -20.4174 1.6
    endloop
  endfacet
  facet normal 0 0 1
    outer loop
      vertex -21.7959 -31.1278 1.6
      vertex -32.8086 -46.8555 1.6
      vertex -30.7335 -48.242 1.6
    endloop
  endfacet
  facet normal 0 0 1
    outer loop
      vertex -48.242 -30.7335 1.6
      vertex -32.0489 -20.4174 1.6
      vertex -32.909 -19 1.6
    endloop
  endfacet
  facet normal 0 0 1
    outer loop
      vertex -49.5367 -28.6 1.6
      vertex -32.909 -19 1.6
      vertex -33.7064 -17.5464 1.6
    endloop
  endfacet
  facet normal 0 0 1
    outer loop
      vertex -50.737 -26.412 1.6
      vertex -33.7064 -17.5464 1.6
      vertex -34.4397 -16.0595 1.6
    endloop
  endfacet
  facet normal 0 0 1
    outer loop
      vertex -23.1329 -30.1474 1.6
      vertex -34.8212 -45.3798 1.6
      vertex -32.8086 -46.8555 1.6
    endloop
  endfacet
  facet normal 0 0 1
    outer loop
      vertex -51.8408 -24.1738 1.6
      vertex -34.4397 -16.0595 1.6
      vertex -35.1074 -14.542 1.6
    endloop
  endfacet
  facet normal 0 0 1
    outer loop
      vertex -52.8459 -21.8895 1.6
      vertex -35.1074 -14.542 1.6
      vertex -35.7083 -12.9968 1.6
    endloop
  endfacet
  facet normal 0 0 1
    outer loop
      vertex -53.7504 -19.5636 1.6
      vertex -35.7083 -12.9968 1.6
      vertex -36.2412 -11.4268 1.6
    endloop
  endfacet
  facet normal 0 0 1
    outer loop
      vertex -54.5526 -17.2004 1.6
      vertex -36.2412 -11.4268 1.6
      vertex -36.7052 -9.83512 1.6
    endloop
  endfacet
  facet normal 0 0 1
    outer loop
      vertex -24.4259 -29.1097 1.6
      vertex -36.7674 -43.8177 1.6
      vertex -34.8212 -45.3798 1.6
    endloop
  endfacet
  facet normal 0 0 1
    outer loop
      vertex -55.251 -14.8044 1.6
      vertex -36.7052 -9.83512 1.6
      vertex -37.0992 -8.2247 1.6
    endloop
  endfacet
  facet normal 0 0 1
    outer loop
      vertex -55.8441 -12.3803 1.6
      vertex -37.0992 -8.2247 1.6
      vertex -37.4227 -6.59863 1.6
    endloop
  endfacet
  facet normal 0 0 1
    outer loop
      vertex -56.331 -9.93268 1.6
      vertex -37.4227 -6.59863 1.6
      vertex -37.6749 -4.96 1.6
    endloop
  endfacet
  facet normal 0 0 1
    outer loop
      vertex -56.7106 -7.4661 1.6
      vertex -37.6749 -4.96 1.6
      vertex -37.8554 -3.31192 1.6
    endloop
  endfacet
  facet normal 0 0 1
    outer loop
      vertex -56.9823 -4.98531 1.6
      vertex -37.8554 -3.31192 1.6
      vertex -37.9638 -1.65754 1.6
    endloop
  endfacet
  facet normal -0 0 1
    outer loop
      vertex -37.99 -0.599999 1.6
      vertex -37.9638 -1.65754 1.6
      vertex -37.99 -0.458297 1.6
    endloop
  endfacet
  facet normal 0 0 1
    outer loop
      vertex -25.6724 -28.0165 1.6
      vertex -38.6438 -42.1723 1.6
      vertex -36.7674 -43.8177 1.6
    endloop
  endfacet
  facet normal 0 0 1
    outer loop
      vertex -57.1456 -2.49503 1.6
      vertex -37.9638 -1.65754 1.6
      vertex -37.99 -0.599999 1.6
    endloop
  endfacet
  facet normal 0 0 1
    outer loop
      vertex -26.8701 -26.8701 1.6
      vertex -40.4465 -40.4465 1.6
      vertex -38.6438 -42.1723 1.6
    endloop
  endfacet
  facet normal 0 0 1
    outer loop
      vertex -28.0165 -25.6724 1.6
      vertex -42.1723 -38.6438 1.6
      vertex -40.4465 -40.4465 1.6
    endloop
  endfacet
  facet normal 0 0 1
    outer loop
      vertex -29.1097 -24.4259 1.6
      vertex -43.8177 -36.7674 1.6
      vertex -42.1723 -38.6438 1.6
    endloop
  endfacet
  facet normal 0 0 1
    outer loop
      vertex -30.1474 -23.1329 1.6
      vertex -45.3798 -34.8212 1.6
      vertex -43.8177 -36.7674 1.6
    endloop
  endfacet
  facet normal 0 0 1
    outer loop
      vertex -31.1278 -21.7959 1.6
      vertex -46.8555 -32.8086 1.6
      vertex -45.3798 -34.8212 1.6
    endloop
  endfacet
  facet normal 0 0 1
    outer loop
      vertex -32.0489 -20.4174 1.6
      vertex -48.242 -30.7335 1.6
      vertex -46.8555 -32.8086 1.6
    endloop
  endfacet
  facet normal 0 0 1
    outer loop
      vertex -32.909 -19 1.6
      vertex -49.5367 -28.6 1.6
      vertex -48.242 -30.7335 1.6
    endloop
  endfacet
  facet normal 0 0 1
    outer loop
      vertex -33.7064 -17.5464 1.6
      vertex -50.737 -26.412 1.6
      vertex -49.5367 -28.6 1.6
    endloop
  endfacet
  facet normal 0 0 1
    outer loop
      vertex -34.4397 -16.0595 1.6
      vertex -51.8408 -24.1738 1.6
      vertex -50.737 -26.412 1.6
    endloop
  endfacet
  facet normal 0 0 1
    outer loop
      vertex -35.1074 -14.542 1.6
      vertex -52.8459 -21.8895 1.6
      vertex -51.8408 -24.1738 1.6
    endloop
  endfacet
  facet normal 0 0 1
    outer loop
      vertex -35.7083 -12.9968 1.6
      vertex -53.7504 -19.5636 1.6
      vertex -52.8459 -21.8895 1.6
    endloop
  endfacet
  facet normal 0 0 1
    outer loop
      vertex -36.2412 -11.4268 1.6
      vertex -54.5526 -17.2004 1.6
      vertex -53.7504 -19.5636 1.6
    endloop
  endfacet
  facet normal 0 0 1
    outer loop
      vertex -36.7052 -9.83512 1.6
      vertex -55.251 -14.8044 1.6
      vertex -54.5526 -17.2004 1.6
    endloop
  endfacet
  facet normal 0 0 1
    outer loop
      vertex -37.0992 -8.2247 1.6
      vertex -55.8441 -12.3803 1.6
      vertex -55.251 -14.8044 1.6
    endloop
  endfacet
  facet normal 0 0 1
    outer loop
      vertex -37.4227 -6.59863 1.6
      vertex -56.331 -9.93268 1.6
      vertex -55.8441 -12.3803 1.6
    endloop
  endfacet
  facet normal 0 0 1
    outer loop
      vertex -37.6749 -4.96 1.6
      vertex -56.7106 -7.4661 1.6
      vertex -56.331 -9.93268 1.6
    endloop
  endfacet
  facet normal 0 0 1
    outer loop
      vertex -37.8554 -3.31192 1.6
      vertex -56.9823 -4.98531 1.6
      vertex -56.7106 -7.4661 1.6
    endloop
  endfacet
  facet normal 0 0 1
    outer loop
      vertex -37.9638 -1.65754 1.6
      vertex -57.1456 -2.49503 1.6
      vertex -56.9823 -4.98531 1.6
    endloop
  endfacet
  facet normal 0 -0 1
    outer loop
      vertex -57.1456 -2.49503 1.6
      vertex -37.99 -0.599999 1.6
      vertex -57.1869 -0.599999 1.6
    endloop
  endfacet
  facet normal -0 0 1
    outer loop
      vertex -19.5146 32.6003 1.6
      vertex -20.4174 32.0489 1.6
      vertex -19.3919 32.6712 1.6
    endloop
  endfacet
  facet normal 0 0 1
    outer loop
      vertex -29.1131 49.2253 1.6
      vertex -20.4174 32.0489 1.6
      vertex -19.5146 32.6003 1.6
    endloop
  endfacet
  facet normal -0 0 1
    outer loop
      vertex -30.7335 48.242 1.6
      vertex -20.4174 32.0489 1.6
      vertex -29.1131 49.2253 1.6
    endloop
  endfacet
  facet normal 0 0 1
    outer loop
      vertex -20.4174 32.0489 1.6
      vertex -30.7335 48.242 1.6
      vertex -21.7959 31.1278 1.6
    endloop
  endfacet
  facet normal -0 0 1
    outer loop
      vertex -32.8086 46.8555 1.6
      vertex -21.7959 31.1278 1.6
      vertex -30.7335 48.242 1.6
    endloop
  endfacet
  facet normal 0 0 1
    outer loop
      vertex -21.7959 31.1278 1.6
      vertex -32.8086 46.8555 1.6
      vertex -23.1329 30.1474 1.6
    endloop
  endfacet
  facet normal -0 0 1
    outer loop
      vertex -34.8212 45.3798 1.6
      vertex -23.1329 30.1474 1.6
      vertex -32.8086 46.8555 1.6
    endloop
  endfacet
  facet normal 0 0 1
    outer loop
      vertex -23.1329 30.1474 1.6
      vertex -34.8212 45.3798 1.6
      vertex -24.4259 29.1097 1.6
    endloop
  endfacet
  facet normal -0 0 1
    outer loop
      vertex -36.7674 43.8177 1.6
      vertex -24.4259 29.1097 1.6
      vertex -34.8212 45.3798 1.6
    endloop
  endfacet
  facet normal 0 0 1
    outer loop
      vertex -24.4259 29.1097 1.6
      vertex -36.7674 43.8177 1.6
      vertex -25.6724 28.0165 1.6
    endloop
  endfacet
  facet normal -0 0 1
    outer loop
      vertex -38.6438 42.1723 1.6
      vertex -25.6724 28.0165 1.6
      vertex -36.7674 43.8177 1.6
    endloop
  endfacet
  facet normal 0 0 1
    outer loop
      vertex -25.6724 28.0165 1.6
      vertex -38.6438 42.1723 1.6
      vertex -26.8701 26.8701 1.6
    endloop
  endfacet
  facet normal -0 0 1
    outer loop
      vertex -40.4465 40.4465 1.6
      vertex -26.8701 26.8701 1.6
      vertex -38.6438 42.1723 1.6
    endloop
  endfacet
  facet normal 0 0 1
    outer loop
      vertex -26.8701 26.8701 1.6
      vertex -40.4465 40.4465 1.6
      vertex -28.0165 25.6724 1.6
    endloop
  endfacet
  facet normal -0 0 1
    outer loop
      vertex -42.1723 38.6438 1.6
      vertex -28.0165 25.6724 1.6
      vertex -40.4465 40.4465 1.6
    endloop
  endfacet
  facet normal 0 0 1
    outer loop
      vertex -28.0165 25.6724 1.6
      vertex -42.1723 38.6438 1.6
      vertex -29.1097 24.4259 1.6
    endloop
  endfacet
  facet normal -0 0 1
    outer loop
      vertex -43.8177 36.7674 1.6
      vertex -29.1097 24.4259 1.6
      vertex -42.1723 38.6438 1.6
    endloop
  endfacet
  facet normal 0 0 1
    outer loop
      vertex -29.1097 24.4259 1.6
      vertex -43.8177 36.7674 1.6
      vertex -30.1474 23.1329 1.6
    endloop
  endfacet
  facet normal -0 0 1
    outer loop
      vertex -45.3798 34.8212 1.6
      vertex -30.1474 23.1329 1.6
      vertex -43.8177 36.7674 1.6
    endloop
  endfacet
  facet normal 0 0 1
    outer loop
      vertex -30.1474 23.1329 1.6
      vertex -45.3798 34.8212 1.6
      vertex -31.1278 21.7959 1.6
    endloop
  endfacet
  facet normal -0 0 1
    outer loop
      vertex -46.8555 32.8086 1.6
      vertex -31.1278 21.7959 1.6
      vertex -45.3798 34.8212 1.6
    endloop
  endfacet
  facet normal 0 0 1
    outer loop
      vertex -31.1278 21.7959 1.6
      vertex -46.8555 32.8086 1.6
      vertex -32.0489 20.4174 1.6
    endloop
  endfacet
  facet normal -0 0 1
    outer loop
      vertex -48.242 30.7335 1.6
      vertex -32.0489 20.4174 1.6
      vertex -46.8555 32.8086 1.6
    endloop
  endfacet
  facet normal 0 0 1
    outer loop
      vertex -32.0489 20.4174 1.6
      vertex -48.242 30.7335 1.6
      vertex -32.909 19 1.6
    endloop
  endfacet
  facet normal -0 0 1
    outer loop
      vertex -49.5367 28.6 1.6
      vertex -32.909 19 1.6
      vertex -48.242 30.7335 1.6
    endloop
  endfacet
  facet normal 0 0 1
    outer loop
      vertex -32.909 19 1.6
      vertex -49.5367 28.6 1.6
      vertex -33.7064 17.5464 1.6
    endloop
  endfacet
  facet normal -0 0 1
    outer loop
      vertex -50.737 26.412 1.6
      vertex -33.7064 17.5464 1.6
      vertex -49.5367 28.6 1.6
    endloop
  endfacet
  facet normal 0 0 1
    outer loop
      vertex -33.7064 17.5464 1.6
      vertex -50.737 26.412 1.6
      vertex -34.4397 16.0595 1.6
    endloop
  endfacet
  facet normal -0 0 1
    outer loop
      vertex -51.8408 24.1738 1.6
      vertex -34.4397 16.0595 1.6
      vertex -50.737 26.412 1.6
    endloop
  endfacet
  facet normal 0 0 1
    outer loop
      vertex -34.4397 16.0595 1.6
      vertex -51.8408 24.1738 1.6
      vertex -35.1074 14.542 1.6
    endloop
  endfacet
  facet normal -0 0 1
    outer loop
      vertex -52.8459 21.8895 1.6
      vertex -35.1074 14.542 1.6
      vertex -51.8408 24.1738 1.6
    endloop
  endfacet
  facet normal 0 0 1
    outer loop
      vertex -35.1074 14.542 1.6
      vertex -52.8459 21.8895 1.6
      vertex -35.7083 12.9968 1.6
    endloop
  endfacet
  facet normal -0 0 1
    outer loop
      vertex -53.7504 19.5636 1.6
      vertex -35.7083 12.9968 1.6
      vertex -52.8459 21.8895 1.6
    endloop
  endfacet
  facet normal 0 0 1
    outer loop
      vertex -35.7083 12.9968 1.6
      vertex -53.7504 19.5636 1.6
      vertex -36.2412 11.4268 1.6
    endloop
  endfacet
  facet normal -0 0 1
    outer loop
      vertex -54.5526 17.2004 1.6
      vertex -36.2412 11.4268 1.6
      vertex -53.7504 19.5636 1.6
    endloop
  endfacet
  facet normal 0 0 1
    outer loop
      vertex -36.2412 11.4268 1.6
      vertex -54.5526 17.2004 1.6
      vertex -36.7052 9.83512 1.6
    endloop
  endfacet
  facet normal -0 0 1
    outer loop
      vertex -55.251 14.8044 1.6
      vertex -36.7052 9.83512 1.6
      vertex -54.5526 17.2004 1.6
    endloop
  endfacet
  facet normal 0 0 1
    outer loop
      vertex -36.7052 9.83512 1.6
      vertex -55.251 14.8044 1.6
      vertex -37.0992 8.2247 1.6
    endloop
  endfacet
  facet normal -0 0 1
    outer loop
      vertex -55.8441 12.3803 1.6
      vertex -37.0992 8.2247 1.6
      vertex -55.251 14.8044 1.6
    endloop
  endfacet
  facet normal 0 0 1
    outer loop
      vertex -37.0992 8.2247 1.6
      vertex -55.8441 12.3803 1.6
      vertex -37.4227 6.59863 1.6
    endloop
  endfacet
  facet normal -0 0 1
    outer loop
      vertex -56.331 9.93268 1.6
      vertex -37.4227 6.59863 1.6
      vertex -55.8441 12.3803 1.6
    endloop
  endfacet
  facet normal 0 0 1
    outer loop
      vertex -37.4227 6.59863 1.6
      vertex -56.331 9.93268 1.6
      vertex -37.6749 4.96 1.6
    endloop
  endfacet
  facet normal -0 0 1
    outer loop
      vertex -56.7106 7.4661 1.6
      vertex -37.6749 4.96 1.6
      vertex -56.331 9.93268 1.6
    endloop
  endfacet
  facet normal 0 0 1
    outer loop
      vertex -37.6749 4.96 1.6
      vertex -56.7106 7.4661 1.6
      vertex -37.8554 3.31192 1.6
    endloop
  endfacet
  facet normal -0 0 1
    outer loop
      vertex -56.9823 4.98531 1.6
      vertex -37.8554 3.31192 1.6
      vertex -56.7106 7.4661 1.6
    endloop
  endfacet
  facet normal 0 0 1
    outer loop
      vertex -37.8554 3.31192 1.6
      vertex -56.9823 4.98531 1.6
      vertex -37.9638 1.65754 1.6
    endloop
  endfacet
  facet normal -0 0 1
    outer loop
      vertex -57.1456 2.49503 1.6
      vertex -37.9638 1.65754 1.6
      vertex -56.9823 4.98531 1.6
    endloop
  endfacet
  facet normal 0 0 1
    outer loop
      vertex -37.9638 1.65754 1.6
      vertex -57.1456 2.49503 1.6
      vertex -37.99 0.599999 1.6
    endloop
  endfacet
  facet normal 0 0 1
    outer loop
      vertex -37.99 0.599999 1.6
      vertex -57.1456 2.49503 1.6
      vertex -57.1869 0.599999 1.6
    endloop
  endfacet
  facet normal 0 0 1
    outer loop
      vertex -37.9638 1.65754 1.6
      vertex -37.99 0.599999 1.6
      vertex -37.99 0.458297 1.6
    endloop
  endfacet
  facet normal 0 0 1
    outer loop
      vertex 17.5464 33.7064 1.6
      vertex 26.412 50.737 1.6
      vertex 24.1738 51.8408 1.6
    endloop
  endfacet
  facet normal 0 0 1
    outer loop
      vertex 16.0595 34.4397 1.6
      vertex 24.1738 51.8408 1.6
      vertex 21.8895 52.8459 1.6
    endloop
  endfacet
  facet normal 0 0 1
    outer loop
      vertex 14.542 35.1074 1.6
      vertex 21.8895 52.8459 1.6
      vertex 19.5636 53.7504 1.6
    endloop
  endfacet
  facet normal 0 -0 1
    outer loop
      vertex 17.5464 33.7064 1.6
      vertex 24.1738 51.8408 1.6
      vertex 16.0595 34.4397 1.6
    endloop
  endfacet
  facet normal 0 0 1
    outer loop
      vertex 28.0738 49.8253 1.6
      vertex 17.5464 33.7064 1.6
      vertex 18.4754 33.2003 1.6
    endloop
  endfacet
  facet normal 0 0 1
    outer loop
      vertex 12.9968 35.7083 1.6
      vertex 19.5636 53.7504 1.6
      vertex 17.2004 54.5526 1.6
    endloop
  endfacet
  facet normal 0 0 1
    outer loop
      vertex 26.412 50.737 1.6
      vertex 17.5464 33.7064 1.6
      vertex 28.0738 49.8253 1.6
    endloop
  endfacet
  facet normal 0 0 1
    outer loop
      vertex 11.4268 36.2412 1.6
      vertex 17.2004 54.5526 1.6
      vertex 14.8044 55.251 1.6
    endloop
  endfacet
  facet normal 0 0 1
    outer loop
      vertex 21.8895 52.8459 1.6
      vertex 14.542 35.1074 1.6
      vertex 16.0595 34.4397 1.6
    endloop
  endfacet
  facet normal 0 0 1
    outer loop
      vertex 19.5636 53.7504 1.6
      vertex 12.9968 35.7083 1.6
      vertex 14.542 35.1074 1.6
    endloop
  endfacet
  facet normal 0 0 1
    outer loop
      vertex 9.83512 36.7052 1.6
      vertex 14.8044 55.251 1.6
      vertex 12.3803 55.8441 1.6
    endloop
  endfacet
  facet normal 0 0 1
    outer loop
      vertex 17.2004 54.5526 1.6
      vertex 11.4268 36.2412 1.6
      vertex 12.9968 35.7083 1.6
    endloop
  endfacet
  facet normal 0 0 1
    outer loop
      vertex 8.2247 37.0992 1.6
      vertex 12.3803 55.8441 1.6
      vertex 9.93268 56.331 1.6
    endloop
  endfacet
  facet normal 0 0 1
    outer loop
      vertex 14.8044 55.251 1.6
      vertex 9.83512 36.7052 1.6
      vertex 11.4268 36.2412 1.6
    endloop
  endfacet
  facet normal 0 0 1
    outer loop
      vertex 12.3803 55.8441 1.6
      vertex 8.2247 37.0992 1.6
      vertex 9.83512 36.7052 1.6
    endloop
  endfacet
  facet normal 0 0 1
    outer loop
      vertex 6.59863 37.4227 1.6
      vertex 9.93268 56.331 1.6
      vertex 7.4661 56.7106 1.6
    endloop
  endfacet
  facet normal 0 0 1
    outer loop
      vertex 9.93268 56.331 1.6
      vertex 6.59863 37.4227 1.6
      vertex 8.2247 37.0992 1.6
    endloop
  endfacet
  facet normal 0 0 1
    outer loop
      vertex 4.96 37.6749 1.6
      vertex 7.4661 56.7106 1.6
      vertex 4.98531 56.9823 1.6
    endloop
  endfacet
  facet normal 0 0 1
    outer loop
      vertex 7.4661 56.7106 1.6
      vertex 4.96 37.6749 1.6
      vertex 6.59863 37.4227 1.6
    endloop
  endfacet
  facet normal 0 0 1
    outer loop
      vertex 4.98531 56.9823 1.6
      vertex 3.31192 37.8554 1.6
      vertex 4.96 37.6749 1.6
    endloop
  endfacet
  facet normal 0 0 1
    outer loop
      vertex 2.49503 57.1456 1.6
      vertex 3.31192 37.8554 1.6
      vertex 4.98531 56.9823 1.6
    endloop
  endfacet
  facet normal 0 0 1
    outer loop
      vertex 2.49503 57.1456 1.6
      vertex 1.65754 37.9638 1.6
      vertex 3.31192 37.8554 1.6
    endloop
  endfacet
  facet normal 0 0 1
    outer loop
      vertex 0 57.2 1.6
      vertex 1.65754 37.9638 1.6
      vertex 2.49503 57.1456 1.6
    endloop
  endfacet
  facet normal 0 0 1
    outer loop
      vertex 0 57.2 1.6
      vertex 0 38 1.6
      vertex 1.65754 37.9638 1.6
    endloop
  endfacet
  facet normal 0 0 1
    outer loop
      vertex 0 57.2 1.6
      vertex -1.65754 37.9638 1.6
      vertex 0 38 1.6
    endloop
  endfacet
  facet normal -0 0 1
    outer loop
      vertex -2.49503 57.1456 1.6
      vertex -1.65754 37.9638 1.6
      vertex 0 57.2 1.6
    endloop
  endfacet
  facet normal 0 0 1
    outer loop
      vertex -2.49503 57.1456 1.6
      vertex -3.31192 37.8554 1.6
      vertex -1.65754 37.9638 1.6
    endloop
  endfacet
  facet normal -0 0 1
    outer loop
      vertex -4.98531 56.9823 1.6
      vertex -3.31192 37.8554 1.6
      vertex -2.49503 57.1456 1.6
    endloop
  endfacet
  facet normal 0 0 1
    outer loop
      vertex -3.31192 37.8554 1.6
      vertex -4.98531 56.9823 1.6
      vertex -4.96 37.6749 1.6
    endloop
  endfacet
  facet normal -0 0 1
    outer loop
      vertex -7.4661 56.7106 1.6
      vertex -4.96 37.6749 1.6
      vertex -4.98531 56.9823 1.6
    endloop
  endfacet
  facet normal 0 0 1
    outer loop
      vertex -4.96 37.6749 1.6
      vertex -7.4661 56.7106 1.6
      vertex -6.59863 37.4227 1.6
    endloop
  endfacet
  facet normal -0 0 1
    outer loop
      vertex -9.93268 56.331 1.6
      vertex -6.59863 37.4227 1.6
      vertex -7.4661 56.7106 1.6
    endloop
  endfacet
  facet normal 0 0 1
    outer loop
      vertex -6.59863 37.4227 1.6
      vertex -9.93268 56.331 1.6
      vertex -8.2247 37.0992 1.6
    endloop
  endfacet
  facet normal -0 0 1
    outer loop
      vertex -12.3803 55.8441 1.6
      vertex -8.2247 37.0992 1.6
      vertex -9.93268 56.331 1.6
    endloop
  endfacet
  facet normal 0 0 1
    outer loop
      vertex -8.2247 37.0992 1.6
      vertex -12.3803 55.8441 1.6
      vertex -9.83512 36.7052 1.6
    endloop
  endfacet
  facet normal -0 0 1
    outer loop
      vertex -14.8044 55.251 1.6
      vertex -9.83512 36.7052 1.6
      vertex -12.3803 55.8441 1.6
    endloop
  endfacet
  facet normal 0 0 1
    outer loop
      vertex -9.83512 36.7052 1.6
      vertex -14.8044 55.251 1.6
      vertex -11.4268 36.2412 1.6
    endloop
  endfacet
  facet normal -0 0 1
    outer loop
      vertex -17.2004 54.5526 1.6
      vertex -11.4268 36.2412 1.6
      vertex -14.8044 55.251 1.6
    endloop
  endfacet
  facet normal 0 0 1
    outer loop
      vertex -11.4268 36.2412 1.6
      vertex -17.2004 54.5526 1.6
      vertex -12.9968 35.7083 1.6
    endloop
  endfacet
  facet normal -0 0 1
    outer loop
      vertex -19.5636 53.7504 1.6
      vertex -12.9968 35.7083 1.6
      vertex -17.2004 54.5526 1.6
    endloop
  endfacet
  facet normal 0 0 1
    outer loop
      vertex -12.9968 35.7083 1.6
      vertex -19.5636 53.7504 1.6
      vertex -14.542 35.1074 1.6
    endloop
  endfacet
  facet normal -0 0 1
    outer loop
      vertex -21.8895 52.8459 1.6
      vertex -14.542 35.1074 1.6
      vertex -19.5636 53.7504 1.6
    endloop
  endfacet
  facet normal 0 0 1
    outer loop
      vertex -14.542 35.1074 1.6
      vertex -21.8895 52.8459 1.6
      vertex -16.0595 34.4397 1.6
    endloop
  endfacet
  facet normal -0 0 1
    outer loop
      vertex -24.1738 51.8408 1.6
      vertex -16.0595 34.4397 1.6
      vertex -21.8895 52.8459 1.6
    endloop
  endfacet
  facet normal 0 0 1
    outer loop
      vertex -16.0595 34.4397 1.6
      vertex -24.1738 51.8408 1.6
      vertex -17.5464 33.7064 1.6
    endloop
  endfacet
  facet normal -0 0 1
    outer loop
      vertex -26.412 50.737 1.6
      vertex -17.5464 33.7064 1.6
      vertex -24.1738 51.8408 1.6
    endloop
  endfacet
  facet normal 0 0 1
    outer loop
      vertex -17.5464 33.7064 1.6
      vertex -26.412 50.737 1.6
      vertex -18.4754 33.2003 1.6
    endloop
  endfacet
  facet normal 0 0 1
    outer loop
      vertex -18.4754 33.2003 1.6
      vertex -26.412 50.737 1.6
      vertex -28.0738 49.8253 1.6
    endloop
  endfacet
  facet normal 0 0 1
    outer loop
      vertex 18.5981 33.1294 1.6
      vertex 18.4754 33.2003 1.6
      vertex 17.5464 33.7064 1.6
    endloop
  endfacet
  facet normal 0 0 1
    outer loop
      vertex -17.5464 33.7064 1.6
      vertex -18.4754 33.2003 1.6
      vertex -18.5981 33.1294 1.6
    endloop
  endfacet
  facet normal 0 0 1
    outer loop
      vertex 18.5981 -33.1294 1.6
      vertex 17.5464 -33.7064 1.6
      vertex 18.4754 -33.2003 1.6
    endloop
  endfacet
  facet normal 0 0 1
    outer loop
      vertex 17.5464 -33.7064 1.6
      vertex 26.412 -50.737 1.6
      vertex 28.0738 -49.8253 1.6
    endloop
  endfacet
  facet normal 0 0 1
    outer loop
      vertex 26.412 -50.737 1.6
      vertex 17.5464 -33.7064 1.6
      vertex 24.1738 -51.8408 1.6
    endloop
  endfacet
  facet normal 0 0 1
    outer loop
      vertex 24.1738 -51.8408 1.6
      vertex 16.0595 -34.4397 1.6
      vertex 21.8895 -52.8459 1.6
    endloop
  endfacet
  facet normal -0 0 1
    outer loop
      vertex 17.5464 -33.7064 1.6
      vertex 28.0738 -49.8253 1.6
      vertex 18.4754 -33.2003 1.6
    endloop
  endfacet
  facet normal 0 0 1
    outer loop
      vertex 24.1738 -51.8408 1.6
      vertex 17.5464 -33.7064 1.6
      vertex 16.0595 -34.4397 1.6
    endloop
  endfacet
  facet normal -0 0 1
    outer loop
      vertex 14.542 -35.1074 1.6
      vertex 21.8895 -52.8459 1.6
      vertex 16.0595 -34.4397 1.6
    endloop
  endfacet
  facet normal 0 0 1
    outer loop
      vertex 21.8895 -52.8459 1.6
      vertex 14.542 -35.1074 1.6
      vertex 19.5636 -53.7504 1.6
    endloop
  endfacet
  facet normal -0 0 1
    outer loop
      vertex 12.9968 -35.7083 1.6
      vertex 19.5636 -53.7504 1.6
      vertex 14.542 -35.1074 1.6
    endloop
  endfacet
  facet normal 0 0 1
    outer loop
      vertex 19.5636 -53.7504 1.6
      vertex 12.9968 -35.7083 1.6
      vertex 17.2004 -54.5526 1.6
    endloop
  endfacet
  facet normal -0 0 1
    outer loop
      vertex 11.4268 -36.2412 1.6
      vertex 17.2004 -54.5526 1.6
      vertex 12.9968 -35.7083 1.6
    endloop
  endfacet
  facet normal 0 0 1
    outer loop
      vertex 17.2004 -54.5526 1.6
      vertex 11.4268 -36.2412 1.6
      vertex 14.8044 -55.251 1.6
    endloop
  endfacet
  facet normal -0 0 1
    outer loop
      vertex 9.83512 -36.7052 1.6
      vertex 14.8044 -55.251 1.6
      vertex 11.4268 -36.2412 1.6
    endloop
  endfacet
  facet normal 0 0 1
    outer loop
      vertex 14.8044 -55.251 1.6
      vertex 9.83512 -36.7052 1.6
      vertex 12.3803 -55.8441 1.6
    endloop
  endfacet
  facet normal -0 0 1
    outer loop
      vertex 8.2247 -37.0992 1.6
      vertex 12.3803 -55.8441 1.6
      vertex 9.83512 -36.7052 1.6
    endloop
  endfacet
  facet normal 0 0 1
    outer loop
      vertex 12.3803 -55.8441 1.6
      vertex 8.2247 -37.0992 1.6
      vertex 9.93268 -56.331 1.6
    endloop
  endfacet
  facet normal -0 0 1
    outer loop
      vertex 6.59863 -37.4227 1.6
      vertex 9.93268 -56.331 1.6
      vertex 8.2247 -37.0992 1.6
    endloop
  endfacet
  facet normal 0 0 1
    outer loop
      vertex 9.93268 -56.331 1.6
      vertex 6.59863 -37.4227 1.6
      vertex 7.4661 -56.7106 1.6
    endloop
  endfacet
  facet normal -0 0 1
    outer loop
      vertex 4.96 -37.6749 1.6
      vertex 7.4661 -56.7106 1.6
      vertex 6.59863 -37.4227 1.6
    endloop
  endfacet
  facet normal 0 0 1
    outer loop
      vertex 7.4661 -56.7106 1.6
      vertex 4.96 -37.6749 1.6
      vertex 4.98531 -56.9823 1.6
    endloop
  endfacet
  facet normal -0 0 1
    outer loop
      vertex 3.31192 -37.8554 1.6
      vertex 4.98531 -56.9823 1.6
      vertex 4.96 -37.6749 1.6
    endloop
  endfacet
  facet normal 0 0 1
    outer loop
      vertex 3.31192 -37.8554 1.6
      vertex 2.49503 -57.1456 1.6
      vertex 4.98531 -56.9823 1.6
    endloop
  endfacet
  facet normal -0 0 1
    outer loop
      vertex 1.65754 -37.9638 1.6
      vertex 2.49503 -57.1456 1.6
      vertex 3.31192 -37.8554 1.6
    endloop
  endfacet
  facet normal -0 0 1
    outer loop
      vertex 0 -38 1.6
      vertex 2.49503 -57.1456 1.6
      vertex 1.65754 -37.9638 1.6
    endloop
  endfacet
  facet normal 0 0 1
    outer loop
      vertex 0 -38 1.6
      vertex 0 -57.2 1.6
      vertex 2.49503 -57.1456 1.6
    endloop
  endfacet
  facet normal 0 0 1
    outer loop
      vertex -1.65754 -37.9638 1.6
      vertex 0 -57.2 1.6
      vertex 0 -38 1.6
    endloop
  endfacet
  facet normal 0 0 1
    outer loop
      vertex -1.65754 -37.9638 1.6
      vertex -2.49503 -57.1456 1.6
      vertex 0 -57.2 1.6
    endloop
  endfacet
  facet normal 0 0 1
    outer loop
      vertex -3.31192 -37.8554 1.6
      vertex -2.49503 -57.1456 1.6
      vertex -1.65754 -37.9638 1.6
    endloop
  endfacet
  facet normal 0 0 1
    outer loop
      vertex -4.98531 -56.9823 1.6
      vertex -3.31192 -37.8554 1.6
      vertex -4.96 -37.6749 1.6
    endloop
  endfacet
  facet normal 0 0 1
    outer loop
      vertex -3.31192 -37.8554 1.6
      vertex -4.98531 -56.9823 1.6
      vertex -2.49503 -57.1456 1.6
    endloop
  endfacet
  facet normal 0 0 1
    outer loop
      vertex -7.4661 -56.7106 1.6
      vertex -4.96 -37.6749 1.6
      vertex -6.59863 -37.4227 1.6
    endloop
  endfacet
  facet normal 0 0 1
    outer loop
      vertex -4.96 -37.6749 1.6
      vertex -7.4661 -56.7106 1.6
      vertex -4.98531 -56.9823 1.6
    endloop
  endfacet
  facet normal 0 0 1
    outer loop
      vertex -9.93268 -56.331 1.6
      vertex -6.59863 -37.4227 1.6
      vertex -8.2247 -37.0992 1.6
    endloop
  endfacet
  facet normal 0 0 1
    outer loop
      vertex -12.3803 -55.8441 1.6
      vertex -8.2247 -37.0992 1.6
      vertex -9.83512 -36.7052 1.6
    endloop
  endfacet
  facet normal 0 0 1
    outer loop
      vertex -6.59863 -37.4227 1.6
      vertex -9.93268 -56.331 1.6
      vertex -7.4661 -56.7106 1.6
    endloop
  endfacet
  facet normal 0 0 1
    outer loop
      vertex -14.8044 -55.251 1.6
      vertex -9.83512 -36.7052 1.6
      vertex -11.4268 -36.2412 1.6
    endloop
  endfacet
  facet normal 0 0 1
    outer loop
      vertex -8.2247 -37.0992 1.6
      vertex -12.3803 -55.8441 1.6
      vertex -9.93268 -56.331 1.6
    endloop
  endfacet
  facet normal 0 0 1
    outer loop
      vertex -17.2004 -54.5526 1.6
      vertex -11.4268 -36.2412 1.6
      vertex -12.9968 -35.7083 1.6
    endloop
  endfacet
  facet normal 0 0 1
    outer loop
      vertex -19.5636 -53.7504 1.6
      vertex -12.9968 -35.7083 1.6
      vertex -14.542 -35.1074 1.6
    endloop
  endfacet
  facet normal 0 0 1
    outer loop
      vertex -9.83512 -36.7052 1.6
      vertex -14.8044 -55.251 1.6
      vertex -12.3803 -55.8441 1.6
    endloop
  endfacet
  facet normal 0 0 1
    outer loop
      vertex -21.8895 -52.8459 1.6
      vertex -14.542 -35.1074 1.6
      vertex -16.0595 -34.4397 1.6
    endloop
  endfacet
  facet normal 0 0 1
    outer loop
      vertex -11.4268 -36.2412 1.6
      vertex -17.2004 -54.5526 1.6
      vertex -14.8044 -55.251 1.6
    endloop
  endfacet
  facet normal 0 0 1
    outer loop
      vertex -24.1738 -51.8408 1.6
      vertex -16.0595 -34.4397 1.6
      vertex -17.5464 -33.7064 1.6
    endloop
  endfacet
  facet normal 0 0 1
    outer loop
      vertex -26.412 -50.737 1.6
      vertex -17.5464 -33.7064 1.6
      vertex -18.4754 -33.2003 1.6
    endloop
  endfacet
  facet normal 0 0 1
    outer loop
      vertex -12.9968 -35.7083 1.6
      vertex -19.5636 -53.7504 1.6
      vertex -17.2004 -54.5526 1.6
    endloop
  endfacet
  facet normal 0 0 1
    outer loop
      vertex -14.542 -35.1074 1.6
      vertex -21.8895 -52.8459 1.6
      vertex -19.5636 -53.7504 1.6
    endloop
  endfacet
  facet normal 0 0 1
    outer loop
      vertex -16.0595 -34.4397 1.6
      vertex -24.1738 -51.8408 1.6
      vertex -21.8895 -52.8459 1.6
    endloop
  endfacet
  facet normal 0 0 1
    outer loop
      vertex -17.5464 -33.7064 1.6
      vertex -26.412 -50.737 1.6
      vertex -24.1738 -51.8408 1.6
    endloop
  endfacet
  facet normal 0 -0 1
    outer loop
      vertex -26.412 -50.737 1.6
      vertex -18.4754 -33.2003 1.6
      vertex -28.0738 -49.8253 1.6
    endloop
  endfacet
  facet normal 0 0 1
    outer loop
      vertex -17.5464 -33.7064 1.6
      vertex -18.5981 -33.1294 1.6
      vertex -18.4754 -33.2003 1.6
    endloop
  endfacet
  facet normal 0 0 1
    outer loop
      vertex 37.9638 1.65754 1.6
      vertex 57.1456 2.49503 1.6
      vertex 56.9823 4.98531 1.6
    endloop
  endfacet
  facet normal 0 0 1
    outer loop
      vertex 37.8554 3.31192 1.6
      vertex 56.9823 4.98531 1.6
      vertex 56.7106 7.4661 1.6
    endloop
  endfacet
  facet normal 0 0 1
    outer loop
      vertex 37.6749 4.96 1.6
      vertex 56.7106 7.4661 1.6
      vertex 56.331 9.93268 1.6
    endloop
  endfacet
  facet normal 0 0 1
    outer loop
      vertex 37.4227 6.59863 1.6
      vertex 56.331 9.93268 1.6
      vertex 55.8441 12.3803 1.6
    endloop
  endfacet
  facet normal 0 0 1
    outer loop
      vertex 37.0992 8.2247 1.6
      vertex 55.8441 12.3803 1.6
      vertex 55.251 14.8044 1.6
    endloop
  endfacet
  facet normal 0 0 1
    outer loop
      vertex 36.7052 9.83512 1.6
      vertex 55.251 14.8044 1.6
      vertex 54.5526 17.2004 1.6
    endloop
  endfacet
  facet normal 0 0 1
    outer loop
      vertex 36.2412 11.4268 1.6
      vertex 54.5526 17.2004 1.6
      vertex 53.7504 19.5636 1.6
    endloop
  endfacet
  facet normal 0 0 1
    outer loop
      vertex 35.7083 12.9968 1.6
      vertex 53.7504 19.5636 1.6
      vertex 52.8459 21.8895 1.6
    endloop
  endfacet
  facet normal 0 0 1
    outer loop
      vertex 35.1074 14.542 1.6
      vertex 52.8459 21.8895 1.6
      vertex 51.8408 24.1738 1.6
    endloop
  endfacet
  facet normal 0 0 1
    outer loop
      vertex 34.4397 16.0595 1.6
      vertex 51.8408 24.1738 1.6
      vertex 50.737 26.412 1.6
    endloop
  endfacet
  facet normal 0 0 1
    outer loop
      vertex 33.7064 17.5464 1.6
      vertex 50.737 26.412 1.6
      vertex 49.5367 28.6 1.6
    endloop
  endfacet
  facet normal 0 0 1
    outer loop
      vertex 32.909 19 1.6
      vertex 49.5367 28.6 1.6
      vertex 48.242 30.7335 1.6
    endloop
  endfacet
  facet normal 0 0 1
    outer loop
      vertex 32.0489 20.4174 1.6
      vertex 48.242 30.7335 1.6
      vertex 46.8555 32.8086 1.6
    endloop
  endfacet
  facet normal 0 0 1
    outer loop
      vertex 31.1278 21.7959 1.6
      vertex 46.8555 32.8086 1.6
      vertex 45.3798 34.8212 1.6
    endloop
  endfacet
  facet normal 0 0 1
    outer loop
      vertex 30.1474 23.1329 1.6
      vertex 45.3798 34.8212 1.6
      vertex 43.8177 36.7674 1.6
    endloop
  endfacet
  facet normal 0 0 1
    outer loop
      vertex 29.1097 24.4259 1.6
      vertex 43.8177 36.7674 1.6
      vertex 42.1723 38.6438 1.6
    endloop
  endfacet
  facet normal 0 0 1
    outer loop
      vertex 28.0165 25.6724 1.6
      vertex 42.1723 38.6438 1.6
      vertex 40.4465 40.4465 1.6
    endloop
  endfacet
  facet normal 0 0 1
    outer loop
      vertex 26.8701 26.8701 1.6
      vertex 40.4465 40.4465 1.6
      vertex 38.6438 42.1723 1.6
    endloop
  endfacet
  facet normal 0 0 1
    outer loop
      vertex 51.8408 24.1738 1.6
      vertex 34.4397 16.0595 1.6
      vertex 35.1074 14.542 1.6
    endloop
  endfacet
  facet normal 0 0 1
    outer loop
      vertex 37.99 0.599999 1.6
      vertex 37.9638 1.65754 1.6
      vertex 37.99 0.458297 1.6
    endloop
  endfacet
  facet normal 0 0 1
    outer loop
      vertex 57.1869 0.599999 1.6
      vertex 37.9638 1.65754 1.6
      vertex 37.99 0.599999 1.6
    endloop
  endfacet
  facet normal 0 0 1
    outer loop
      vertex 57.1456 2.49503 1.6
      vertex 37.9638 1.65754 1.6
      vertex 57.1869 0.599999 1.6
    endloop
  endfacet
  facet normal 0 -0 1
    outer loop
      vertex 37.9638 1.65754 1.6
      vertex 56.9823 4.98531 1.6
      vertex 37.8554 3.31192 1.6
    endloop
  endfacet
  facet normal 0 0 1
    outer loop
      vertex 56.7106 7.4661 1.6
      vertex 37.6749 4.96 1.6
      vertex 37.8554 3.31192 1.6
    endloop
  endfacet
  facet normal 0 0 1
    outer loop
      vertex 56.331 9.93268 1.6
      vertex 37.4227 6.59863 1.6
      vertex 37.6749 4.96 1.6
    endloop
  endfacet
  facet normal 0 0 1
    outer loop
      vertex 25.6724 28.0165 1.6
      vertex 38.6438 42.1723 1.6
      vertex 36.7674 43.8177 1.6
    endloop
  endfacet
  facet normal 0 0 1
    outer loop
      vertex 55.8441 12.3803 1.6
      vertex 37.0992 8.2247 1.6
      vertex 37.4227 6.59863 1.6
    endloop
  endfacet
  facet normal 0 0 1
    outer loop
      vertex 55.251 14.8044 1.6
      vertex 36.7052 9.83512 1.6
      vertex 37.0992 8.2247 1.6
    endloop
  endfacet
  facet normal 0 0 1
    outer loop
      vertex 54.5526 17.2004 1.6
      vertex 36.2412 11.4268 1.6
      vertex 36.7052 9.83512 1.6
    endloop
  endfacet
  facet normal 0 0 1
    outer loop
      vertex 53.7504 19.5636 1.6
      vertex 35.7083 12.9968 1.6
      vertex 36.2412 11.4268 1.6
    endloop
  endfacet
  facet normal 0 0 1
    outer loop
      vertex 24.4259 29.1097 1.6
      vertex 36.7674 43.8177 1.6
      vertex 34.8212 45.3798 1.6
    endloop
  endfacet
  facet normal 0 0 1
    outer loop
      vertex 52.8459 21.8895 1.6
      vertex 35.1074 14.542 1.6
      vertex 35.7083 12.9968 1.6
    endloop
  endfacet
  facet normal 0 0 1
    outer loop
      vertex 50.737 26.412 1.6
      vertex 33.7064 17.5464 1.6
      vertex 34.4397 16.0595 1.6
    endloop
  endfacet
  facet normal 0 0 1
    outer loop
      vertex 49.5367 28.6 1.6
      vertex 32.909 19 1.6
      vertex 33.7064 17.5464 1.6
    endloop
  endfacet
  facet normal 0 0 1
    outer loop
      vertex 23.1329 30.1474 1.6
      vertex 34.8212 45.3798 1.6
      vertex 32.8086 46.8555 1.6
    endloop
  endfacet
  facet normal 0 0 1
    outer loop
      vertex 48.242 30.7335 1.6
      vertex 32.0489 20.4174 1.6
      vertex 32.909 19 1.6
    endloop
  endfacet
  facet normal 0 0 1
    outer loop
      vertex 46.8555 32.8086 1.6
      vertex 31.1278 21.7959 1.6
      vertex 32.0489 20.4174 1.6
    endloop
  endfacet
  facet normal 0 0 1
    outer loop
      vertex 21.7959 31.1278 1.6
      vertex 32.8086 46.8555 1.6
      vertex 30.7335 48.242 1.6
    endloop
  endfacet
  facet normal 0 0 1
    outer loop
      vertex 45.3798 34.8212 1.6
      vertex 30.1474 23.1329 1.6
      vertex 31.1278 21.7959 1.6
    endloop
  endfacet
  facet normal 0 0 1
    outer loop
      vertex 20.4174 32.0489 1.6
      vertex 30.7335 48.242 1.6
      vertex 29.1131 49.2253 1.6
    endloop
  endfacet
  facet normal 0 0 1
    outer loop
      vertex 43.8177 36.7674 1.6
      vertex 29.1097 24.4259 1.6
      vertex 30.1474 23.1329 1.6
    endloop
  endfacet
  facet normal 0 0 1
    outer loop
      vertex 42.1723 38.6438 1.6
      vertex 28.0165 25.6724 1.6
      vertex 29.1097 24.4259 1.6
    endloop
  endfacet
  facet normal 0 0 1
    outer loop
      vertex 40.4465 40.4465 1.6
      vertex 26.8701 26.8701 1.6
      vertex 28.0165 25.6724 1.6
    endloop
  endfacet
  facet normal 0 0 1
    outer loop
      vertex 38.6438 42.1723 1.6
      vertex 25.6724 28.0165 1.6
      vertex 26.8701 26.8701 1.6
    endloop
  endfacet
  facet normal 0 0 1
    outer loop
      vertex 36.7674 43.8177 1.6
      vertex 24.4259 29.1097 1.6
      vertex 25.6724 28.0165 1.6
    endloop
  endfacet
  facet normal 0 0 1
    outer loop
      vertex 34.8212 45.3798 1.6
      vertex 23.1329 30.1474 1.6
      vertex 24.4259 29.1097 1.6
    endloop
  endfacet
  facet normal 0 0 1
    outer loop
      vertex 32.8086 46.8555 1.6
      vertex 21.7959 31.1278 1.6
      vertex 23.1329 30.1474 1.6
    endloop
  endfacet
  facet normal 0 0 1
    outer loop
      vertex 30.7335 48.242 1.6
      vertex 20.4174 32.0489 1.6
      vertex 21.7959 31.1278 1.6
    endloop
  endfacet
  facet normal -0 0 1
    outer loop
      vertex 19.5146 32.6003 1.6
      vertex 20.4174 32.0489 1.6
      vertex 29.1131 49.2253 1.6
    endloop
  endfacet
  facet normal 0 0 1
    outer loop
      vertex 20.4174 32.0489 1.6
      vertex 19.5146 32.6003 1.6
      vertex 19.3919 32.6712 1.6
    endloop
  endfacet
  facet normal 0 0 1
    outer loop
      vertex 37.99 -0.458297 1.6
      vertex 37.9638 -1.65754 1.6
      vertex 37.99 -0.599999 1.6
    endloop
  endfacet
  facet normal -0 0 1
    outer loop
      vertex 37.9638 -1.65754 1.6
      vertex 57.1456 -2.49503 1.6
      vertex 57.1869 -0.599999 1.6
    endloop
  endfacet
  facet normal 0 0 1
    outer loop
      vertex 57.1456 -2.49503 1.6
      vertex 37.9638 -1.65754 1.6
      vertex 56.9823 -4.98531 1.6
    endloop
  endfacet
  facet normal 0 0 1
    outer loop
      vertex 56.9823 -4.98531 1.6
      vertex 37.8554 -3.31192 1.6
      vertex 56.7106 -7.4661 1.6
    endloop
  endfacet
  facet normal -0 0 1
    outer loop
      vertex 37.6749 -4.96 1.6
      vertex 56.7106 -7.4661 1.6
      vertex 37.8554 -3.31192 1.6
    endloop
  endfacet
  facet normal -0 0 1
    outer loop
      vertex 37.4227 -6.59863 1.6
      vertex 56.331 -9.93268 1.6
      vertex 37.6749 -4.96 1.6
    endloop
  endfacet
  facet normal 0 0 1
    outer loop
      vertex 56.331 -9.93268 1.6
      vertex 37.4227 -6.59863 1.6
      vertex 55.8441 -12.3803 1.6
    endloop
  endfacet
  facet normal 0 0 1
    outer loop
      vertex 55.8441 -12.3803 1.6
      vertex 37.0992 -8.2247 1.6
      vertex 55.251 -14.8044 1.6
    endloop
  endfacet
  facet normal -0 0 1
    outer loop
      vertex 36.7052 -9.83512 1.6
      vertex 55.251 -14.8044 1.6
      vertex 37.0992 -8.2247 1.6
    endloop
  endfacet
  facet normal -0 0 1
    outer loop
      vertex 36.2412 -11.4268 1.6
      vertex 54.5526 -17.2004 1.6
      vertex 36.7052 -9.83512 1.6
    endloop
  endfacet
  facet normal 0 0 1
    outer loop
      vertex 54.5526 -17.2004 1.6
      vertex 36.2412 -11.4268 1.6
      vertex 53.7504 -19.5636 1.6
    endloop
  endfacet
  facet normal 0 0 1
    outer loop
      vertex 53.7504 -19.5636 1.6
      vertex 35.7083 -12.9968 1.6
      vertex 52.8459 -21.8895 1.6
    endloop
  endfacet
  facet normal -0 0 1
    outer loop
      vertex 35.1074 -14.542 1.6
      vertex 52.8459 -21.8895 1.6
      vertex 35.7083 -12.9968 1.6
    endloop
  endfacet
  facet normal -0 0 1
    outer loop
      vertex 34.4397 -16.0595 1.6
      vertex 51.8408 -24.1738 1.6
      vertex 35.1074 -14.542 1.6
    endloop
  endfacet
  facet normal 0 0 1
    outer loop
      vertex 51.8408 -24.1738 1.6
      vertex 34.4397 -16.0595 1.6
      vertex 50.737 -26.412 1.6
    endloop
  endfacet
  facet normal 0 0 1
    outer loop
      vertex 50.737 -26.412 1.6
      vertex 33.7064 -17.5464 1.6
      vertex 49.5367 -28.6 1.6
    endloop
  endfacet
  facet normal -0 0 1
    outer loop
      vertex 32.909 -19 1.6
      vertex 49.5367 -28.6 1.6
      vertex 33.7064 -17.5464 1.6
    endloop
  endfacet
  facet normal -0 0 1
    outer loop
      vertex 32.0489 -20.4174 1.6
      vertex 48.242 -30.7335 1.6
      vertex 32.909 -19 1.6
    endloop
  endfacet
  facet normal 0 0 1
    outer loop
      vertex 48.242 -30.7335 1.6
      vertex 32.0489 -20.4174 1.6
      vertex 46.8555 -32.8086 1.6
    endloop
  endfacet
  facet normal 0 0 1
    outer loop
      vertex 37.9638 -1.65754 1.6
      vertex 57.1869 -0.599999 1.6
      vertex 37.99 -0.599999 1.6
    endloop
  endfacet
  facet normal 0 0 1
    outer loop
      vertex 56.9823 -4.98531 1.6
      vertex 37.9638 -1.65754 1.6
      vertex 37.8554 -3.31192 1.6
    endloop
  endfacet
  facet normal 0 0 1
    outer loop
      vertex 56.7106 -7.4661 1.6
      vertex 37.6749 -4.96 1.6
      vertex 56.331 -9.93268 1.6
    endloop
  endfacet
  facet normal -0 0 1
    outer loop
      vertex 37.0992 -8.2247 1.6
      vertex 55.8441 -12.3803 1.6
      vertex 37.4227 -6.59863 1.6
    endloop
  endfacet
  facet normal 0 0 1
    outer loop
      vertex 55.251 -14.8044 1.6
      vertex 36.7052 -9.83512 1.6
      vertex 54.5526 -17.2004 1.6
    endloop
  endfacet
  facet normal -0 0 1
    outer loop
      vertex 35.7083 -12.9968 1.6
      vertex 53.7504 -19.5636 1.6
      vertex 36.2412 -11.4268 1.6
    endloop
  endfacet
  facet normal 0 0 1
    outer loop
      vertex 52.8459 -21.8895 1.6
      vertex 35.1074 -14.542 1.6
      vertex 51.8408 -24.1738 1.6
    endloop
  endfacet
  facet normal -0 0 1
    outer loop
      vertex 33.7064 -17.5464 1.6
      vertex 50.737 -26.412 1.6
      vertex 34.4397 -16.0595 1.6
    endloop
  endfacet
  facet normal 0 0 1
    outer loop
      vertex 49.5367 -28.6 1.6
      vertex 32.909 -19 1.6
      vertex 48.242 -30.7335 1.6
    endloop
  endfacet
  facet normal -0 0 1
    outer loop
      vertex 31.1278 -21.7959 1.6
      vertex 46.8555 -32.8086 1.6
      vertex 32.0489 -20.4174 1.6
    endloop
  endfacet
  facet normal 0 0 1
    outer loop
      vertex 46.8555 -32.8086 1.6
      vertex 31.1278 -21.7959 1.6
      vertex 45.3798 -34.8212 1.6
    endloop
  endfacet
  facet normal -0 0 1
    outer loop
      vertex 30.1474 -23.1329 1.6
      vertex 45.3798 -34.8212 1.6
      vertex 31.1278 -21.7959 1.6
    endloop
  endfacet
  facet normal 0 0 1
    outer loop
      vertex 45.3798 -34.8212 1.6
      vertex 30.1474 -23.1329 1.6
      vertex 43.8177 -36.7674 1.6
    endloop
  endfacet
  facet normal -0 0 1
    outer loop
      vertex 29.1097 -24.4259 1.6
      vertex 43.8177 -36.7674 1.6
      vertex 30.1474 -23.1329 1.6
    endloop
  endfacet
  facet normal 0 0 1
    outer loop
      vertex 43.8177 -36.7674 1.6
      vertex 29.1097 -24.4259 1.6
      vertex 42.1723 -38.6438 1.6
    endloop
  endfacet
  facet normal -0 0 1
    outer loop
      vertex 28.0165 -25.6724 1.6
      vertex 42.1723 -38.6438 1.6
      vertex 29.1097 -24.4259 1.6
    endloop
  endfacet
  facet normal 0 0 1
    outer loop
      vertex 42.1723 -38.6438 1.6
      vertex 28.0165 -25.6724 1.6
      vertex 40.4465 -40.4465 1.6
    endloop
  endfacet
  facet normal -0 0 1
    outer loop
      vertex 26.8701 -26.8701 1.6
      vertex 40.4465 -40.4465 1.6
      vertex 28.0165 -25.6724 1.6
    endloop
  endfacet
  facet normal 0 0 1
    outer loop
      vertex 40.4465 -40.4465 1.6
      vertex 26.8701 -26.8701 1.6
      vertex 38.6438 -42.1723 1.6
    endloop
  endfacet
  facet normal -0 0 1
    outer loop
      vertex 25.6724 -28.0165 1.6
      vertex 38.6438 -42.1723 1.6
      vertex 26.8701 -26.8701 1.6
    endloop
  endfacet
  facet normal 0 0 1
    outer loop
      vertex 38.6438 -42.1723 1.6
      vertex 25.6724 -28.0165 1.6
      vertex 36.7674 -43.8177 1.6
    endloop
  endfacet
  facet normal -0 0 1
    outer loop
      vertex 24.4259 -29.1097 1.6
      vertex 36.7674 -43.8177 1.6
      vertex 25.6724 -28.0165 1.6
    endloop
  endfacet
  facet normal 0 0 1
    outer loop
      vertex 36.7674 -43.8177 1.6
      vertex 24.4259 -29.1097 1.6
      vertex 34.8212 -45.3798 1.6
    endloop
  endfacet
  facet normal -0 0 1
    outer loop
      vertex 23.1329 -30.1474 1.6
      vertex 34.8212 -45.3798 1.6
      vertex 24.4259 -29.1097 1.6
    endloop
  endfacet
  facet normal 0 0 1
    outer loop
      vertex 34.8212 -45.3798 1.6
      vertex 23.1329 -30.1474 1.6
      vertex 32.8086 -46.8555 1.6
    endloop
  endfacet
  facet normal -0 0 1
    outer loop
      vertex 21.7959 -31.1278 1.6
      vertex 32.8086 -46.8555 1.6
      vertex 23.1329 -30.1474 1.6
    endloop
  endfacet
  facet normal 0 0 1
    outer loop
      vertex 32.8086 -46.8555 1.6
      vertex 21.7959 -31.1278 1.6
      vertex 30.7335 -48.242 1.6
    endloop
  endfacet
  facet normal -0 0 1
    outer loop
      vertex 20.4174 -32.0489 1.6
      vertex 30.7335 -48.242 1.6
      vertex 21.7959 -31.1278 1.6
    endloop
  endfacet
  facet normal 0 0 1
    outer loop
      vertex 30.7335 -48.242 1.6
      vertex 20.4174 -32.0489 1.6
      vertex 29.1131 -49.2253 1.6
    endloop
  endfacet
  facet normal 0 0 1
    outer loop
      vertex 20.4174 -32.0489 1.6
      vertex 19.5146 -32.6003 1.6
      vertex 29.1131 -49.2253 1.6
    endloop
  endfacet
  facet normal 0 -0 1
    outer loop
      vertex 19.5146 -32.6003 1.6
      vertex 20.4174 -32.0489 1.6
      vertex 19.3919 -32.6712 1.6
    endloop
  endfacet
  facet normal -0.997859 -0.065397 0
    outer loop
      vertex 36.765 1.60519 0
      vertex 36.66 3.20733 54
      vertex 36.66 3.20733 0
    endloop
  endfacet
  facet normal -0.997859 -0.065397 0
    outer loop
      vertex 36.66 3.20733 54
      vertex 36.765 1.60519 0
      vertex 36.765 1.60519 54
    endloop
  endfacet
  facet normal -0.999762 -0.0217991 0
    outer loop
      vertex 36.8 0 0
      vertex 36.765 1.60519 54
      vertex 36.765 1.60519 0
    endloop
  endfacet
  facet normal -0.999762 -0.0217991 0
    outer loop
      vertex 36.765 1.60519 54
      vertex 36.8 0 0
      vertex 36.8 0 54
    endloop
  endfacet
  facet normal -0.994056 -0.108871 0
    outer loop
      vertex 36.66 3.20733 0
      vertex 36.4852 4.80336 54
      vertex 36.4852 4.80336 0
    endloop
  endfacet
  facet normal -0.994056 -0.108871 0
    outer loop
      vertex 36.4852 4.80336 54
      vertex 36.66 3.20733 0
      vertex 36.66 3.20733 54
    endloop
  endfacet
  facet normal 0.362428 -0.932012 0
    outer loop
      vertex -14.0827 33.9988 0
      vertex -12.5863 34.5807 54
      vertex -14.0827 33.9988 54
    endloop
  endfacet
  facet normal 0.362428 -0.932012 0
    outer loop
      vertex -12.5863 34.5807 54
      vertex -14.0827 33.9988 0
      vertex -12.5863 34.5807 0
    endloop
  endfacet
  facet normal 0.988356 -0.152156 0
    outer loop
      vertex -36.4852 4.80336 54
      vertex -36.2409 6.39025 0
      vertex -36.2409 6.39025 54
    endloop
  endfacet
  facet normal 0.988356 -0.152156 0
    outer loop
      vertex -36.2409 6.39025 0
      vertex -36.4852 4.80336 54
      vertex -36.4852 4.80336 0
    endloop
  endfacet
  facet normal -0.065397 0.997859 0
    outer loop
      vertex 3.20733 -36.66 0
      vertex 1.60519 -36.765 54
      vertex 3.20733 -36.66 54
    endloop
  endfacet
  facet normal -0.065397 0.997859 0
    outer loop
      vertex 1.60519 -36.765 54
      vertex 3.20733 -36.66 0
      vertex 1.60519 -36.765 0
    endloop
  endfacet
  facet normal -0.442299 -0.896868 0
    outer loop
      vertex 15.5524 33.3521 0
      vertex 16.9923 32.642 54
      vertex 15.5524 33.3521 54
    endloop
  endfacet
  facet normal -0.442299 -0.896868 -0
    outer loop
      vertex 16.9923 32.642 54
      vertex 15.5524 33.3521 0
      vertex 16.9923 32.642 0
    endloop
  endfacet
  facet normal -0.876724 -0.480993 0
    outer loop
      vertex 32.642 16.9923 0
      vertex 31.8697 18.4 54
      vertex 31.8697 18.4 0
    endloop
  endfacet
  facet normal -0.876724 -0.480993 0
    outer loop
      vertex 31.8697 18.4 54
      vertex 32.642 16.9923 0
      vertex 32.642 16.9923 54
    endloop
  endfacet
  facet normal -0.915308 0.402755 0
    outer loop
      vertex 33.3521 -15.5524 0
      vertex 33.9988 -14.0827 54
      vertex 33.9988 -14.0827 0
    endloop
  endfacet
  facet normal -0.915308 0.402755 0
    outer loop
      vertex 33.9988 -14.0827 54
      vertex 33.3521 -15.5524 0
      vertex 33.3521 -15.5524 54
    endloop
  endfacet
  facet normal -0.362428 0.932012 0
    outer loop
      vertex 14.0827 -33.9988 0
      vertex 12.5863 -34.5807 54
      vertex 14.0827 -33.9988 54
    endloop
  endfacet
  facet normal -0.362428 0.932012 0
    outer loop
      vertex 12.5863 -34.5807 54
      vertex 14.0827 -33.9988 0
      vertex 12.5863 -34.5807 0
    endloop
  endfacet
  facet normal -0.831475 0.555562 0
    outer loop
      vertex 30.1448 -21.1076 0
      vertex 31.0368 -19.7726 54
      vertex 31.0368 -19.7726 0
    endloop
  endfacet
  facet normal -0.831475 0.555562 0
    outer loop
      vertex 31.0368 -19.7726 54
      vertex 30.1448 -21.1076 0
      vertex 30.1448 -21.1076 54
    endloop
  endfacet
  facet normal -0.480993 -0.876724 0
    outer loop
      vertex 16.9923 32.642 0
      vertex 18.4 31.8697 54
      vertex 16.9923 32.642 54
    endloop
  endfacet
  facet normal -0.480993 -0.876724 -0
    outer loop
      vertex 18.4 31.8697 54
      vertex 16.9923 32.642 0
      vertex 18.4 31.8697 0
    endloop
  endfacet
  facet normal 0.237673 0.971345 -0
    outer loop
      vertex -7.96498 -35.9277 0
      vertex -9.52454 -35.5461 54
      vertex -7.96498 -35.9277 54
    endloop
  endfacet
  facet normal 0.237673 0.971345 0
    outer loop
      vertex -9.52454 -35.5461 54
      vertex -7.96498 -35.9277 0
      vertex -9.52454 -35.5461 0
    endloop
  endfacet
  facet normal -0.691524 -0.722354 0
    outer loop
      vertex 24.8617 27.1318 0
      vertex 26.0215 26.0215 54
      vertex 24.8617 27.1318 54
    endloop
  endfacet
  facet normal -0.691524 -0.722354 -0
    outer loop
      vertex 26.0215 26.0215 54
      vertex 24.8617 27.1318 0
      vertex 26.0215 26.0215 0
    endloop
  endfacet
  facet normal 0.402755 -0.915308 0
    outer loop
      vertex -15.5524 33.3521 0
      vertex -14.0827 33.9988 54
      vertex -15.5524 33.3521 54
    endloop
  endfacet
  facet normal 0.402755 -0.915308 0
    outer loop
      vertex -14.0827 33.9988 54
      vertex -15.5524 33.3521 0
      vertex -14.0827 33.9988 0
    endloop
  endfacet
  facet normal 0.946925 -0.321455 0
    outer loop
      vertex -35.0968 11.066 54
      vertex -34.5807 12.5863 0
      vertex -34.5807 12.5863 54
    endloop
  endfacet
  facet normal 0.946925 -0.321455 0
    outer loop
      vertex -34.5807 12.5863 0
      vertex -35.0968 11.066 54
      vertex -35.0968 11.066 0
    endloop
  endfacet
  facet normal 0.806441 0.591315 0
    outer loop
      vertex -29.1954 -22.4024 54
      vertex -30.1448 -21.1076 0
      vertex -30.1448 -21.1076 54
    endloop
  endfacet
  facet normal 0.806441 0.591315 0
    outer loop
      vertex -30.1448 -21.1076 0
      vertex -29.1954 -22.4024 54
      vertex -29.1954 -22.4024 0
    endloop
  endfacet
  facet normal -0.779883 -0.625925 0
    outer loop
      vertex 29.1954 22.4024 0
      vertex 28.1904 23.6546 54
      vertex 28.1904 23.6546 0
    endloop
  endfacet
  facet normal -0.779883 -0.625925 0
    outer loop
      vertex 28.1904 23.6546 54
      vertex 29.1954 22.4024 0
      vertex 29.1954 22.4024 54
    endloop
  endfacet
  facet normal -0.988356 -0.152156 0
    outer loop
      vertex 36.4852 4.80336 0
      vertex 36.2409 6.39025 54
      vertex 36.2409 6.39025 0
    endloop
  endfacet
  facet normal -0.988356 -0.152156 0
    outer loop
      vertex 36.2409 6.39025 54
      vertex 36.4852 4.80336 0
      vertex 36.4852 4.80336 54
    endloop
  endfacet
  facet normal 0.994056 0.108871 0
    outer loop
      vertex -36.4852 -4.80336 54
      vertex -36.66 -3.20733 0
      vertex -36.66 -3.20733 54
    endloop
  endfacet
  facet normal 0.994056 0.108871 0
    outer loop
      vertex -36.66 -3.20733 0
      vertex -36.4852 -4.80336 54
      vertex -36.4852 -4.80336 0
    endloop
  endfacet
  facet normal -0.988356 0.152156 0
    outer loop
      vertex 36.2409 -6.39025 0
      vertex 36.4852 -4.80336 54
      vertex 36.4852 -4.80336 0
    endloop
  endfacet
  facet normal -0.988356 0.152156 0
    outer loop
      vertex 36.4852 -4.80336 54
      vertex 36.2409 -6.39025 0
      vertex 36.2409 -6.39025 54
    endloop
  endfacet
  facet normal 0.932012 0.362428 0
    outer loop
      vertex -33.9988 -14.0827 54
      vertex -34.5807 -12.5863 0
      vertex -34.5807 -12.5863 54
    endloop
  endfacet
  facet normal 0.932012 0.362428 0
    outer loop
      vertex -34.5807 -12.5863 0
      vertex -33.9988 -14.0827 54
      vertex -33.9988 -14.0827 0
    endloop
  endfacet
  facet normal 0.0217991 -0.999762 0
    outer loop
      vertex -1.60519 36.765 0
      vertex 0 36.8 54
      vertex -1.60519 36.765 54
    endloop
  endfacet
  facet normal 0.0217991 -0.999762 0
    outer loop
      vertex 0 36.8 54
      vertex -1.60519 36.765 0
      vertex 0 36.8 0
    endloop
  endfacet
  facet normal -0.946925 -0.321455 0
    outer loop
      vertex 35.0968 11.066 0
      vertex 34.5807 12.5863 54
      vertex 34.5807 12.5863 0
    endloop
  endfacet
  facet normal -0.946925 -0.321455 0
    outer loop
      vertex 34.5807 12.5863 54
      vertex 35.0968 11.066 0
      vertex 35.0968 11.066 54
    endloop
  endfacet
  facet normal -0.722354 0.691524 0
    outer loop
      vertex 26.0215 -26.0215 0
      vertex 27.1318 -24.8617 54
      vertex 27.1318 -24.8617 0
    endloop
  endfacet
  facet normal -0.722354 0.691524 0
    outer loop
      vertex 27.1318 -24.8617 54
      vertex 26.0215 -26.0215 0
      vertex 26.0215 -26.0215 54
    endloop
  endfacet
  facet normal 0.19507 0.980789 -0
    outer loop
      vertex -6.39025 -36.2409 0
      vertex -7.96498 -35.9277 54
      vertex -6.39025 -36.2409 54
    endloop
  endfacet
  facet normal 0.19507 0.980789 0
    outer loop
      vertex -7.96498 -35.9277 54
      vertex -6.39025 -36.2409 0
      vertex -7.96498 -35.9277 0
    endloop
  endfacet
  facet normal -0.946925 0.321455 0
    outer loop
      vertex 34.5807 -12.5863 0
      vertex 35.0968 -11.066 54
      vertex 35.0968 -11.066 0
    endloop
  endfacet
  facet normal -0.946925 0.321455 0
    outer loop
      vertex 35.0968 -11.066 54
      vertex 34.5807 -12.5863 0
      vertex 34.5807 -12.5863 54
    endloop
  endfacet
  facet normal 0.751839 -0.659346 0
    outer loop
      vertex -28.1904 23.6546 54
      vertex -27.1318 24.8617 0
      vertex -27.1318 24.8617 54
    endloop
  endfacet
  facet normal 0.751839 -0.659346 0
    outer loop
      vertex -27.1318 24.8617 0
      vertex -28.1904 23.6546 54
      vertex -28.1904 23.6546 0
    endloop
  endfacet
  facet normal -0.480993 0.876724 0
    outer loop
      vertex 18.4 -31.8697 0
      vertex 16.9923 -32.642 54
      vertex 18.4 -31.8697 54
    endloop
  endfacet
  facet normal -0.480993 0.876724 0
    outer loop
      vertex 16.9923 -32.642 54
      vertex 18.4 -31.8697 0
      vertex 16.9923 -32.642 0
    endloop
  endfacet
  facet normal 0.980789 -0.19507 0
    outer loop
      vertex -36.2409 6.39025 54
      vertex -35.9277 7.96498 0
      vertex -35.9277 7.96498 54
    endloop
  endfacet
  facet normal 0.980789 -0.19507 0
    outer loop
      vertex -35.9277 7.96498 0
      vertex -36.2409 6.39025 54
      vertex -36.2409 6.39025 0
    endloop
  endfacet
  facet normal 0.152156 0.988356 -0
    outer loop
      vertex -4.80336 -36.4852 0
      vertex -6.39025 -36.2409 54
      vertex -4.80336 -36.4852 54
    endloop
  endfacet
  facet normal 0.152156 0.988356 0
    outer loop
      vertex -6.39025 -36.2409 54
      vertex -4.80336 -36.4852 0
      vertex -6.39025 -36.2409 0
    endloop
  endfacet
  facet normal -0.854916 0.518767 0
    outer loop
      vertex 31.0368 -19.7726 0
      vertex 31.8697 -18.4 54
      vertex 31.8697 -18.4 0
    endloop
  endfacet
  facet normal -0.854916 0.518767 0
    outer loop
      vertex 31.8697 -18.4 54
      vertex 31.0368 -19.7726 0
      vertex 31.0368 -19.7726 54
    endloop
  endfacet
  facet normal -0.402755 0.915308 0
    outer loop
      vertex 15.5524 -33.3521 0
      vertex 14.0827 -33.9988 54
      vertex 15.5524 -33.3521 54
    endloop
  endfacet
  facet normal -0.402755 0.915308 0
    outer loop
      vertex 14.0827 -33.9988 54
      vertex 15.5524 -33.3521 0
      vertex 14.0827 -33.9988 0
    endloop
  endfacet
  facet normal 0.591315 0.806441 -0
    outer loop
      vertex -21.1076 -30.1448 0
      vertex -22.4024 -29.1954 54
      vertex -21.1076 -30.1448 54
    endloop
  endfacet
  facet normal 0.591315 0.806441 0
    outer loop
      vertex -22.4024 -29.1954 54
      vertex -21.1076 -30.1448 0
      vertex -22.4024 -29.1954 0
    endloop
  endfacet
  facet normal -0.971345 0.237673 0
    outer loop
      vertex 35.5461 -9.52454 0
      vertex 35.9277 -7.96498 54
      vertex 35.9277 -7.96498 0
    endloop
  endfacet
  facet normal -0.971345 0.237673 0
    outer loop
      vertex 35.9277 -7.96498 54
      vertex 35.5461 -9.52454 0
      vertex 35.5461 -9.52454 54
    endloop
  endfacet
  facet normal 0.442299 -0.896868 0
    outer loop
      vertex -16.9923 32.642 0
      vertex -15.5524 33.3521 54
      vertex -16.9923 32.642 54
    endloop
  endfacet
  facet normal 0.442299 -0.896868 0
    outer loop
      vertex -15.5524 33.3521 54
      vertex -16.9923 32.642 0
      vertex -15.5524 33.3521 0
    endloop
  endfacet
  facet normal 0.480993 -0.876724 0
    outer loop
      vertex -18.4 31.8697 0
      vertex -16.9923 32.642 54
      vertex -18.4 31.8697 54
    endloop
  endfacet
  facet normal 0.480993 -0.876724 0
    outer loop
      vertex -16.9923 32.642 54
      vertex -18.4 31.8697 0
      vertex -16.9923 32.642 0
    endloop
  endfacet
  facet normal 0.946925 0.321455 0
    outer loop
      vertex -34.5807 -12.5863 54
      vertex -35.0968 -11.066 0
      vertex -35.0968 -11.066 54
    endloop
  endfacet
  facet normal 0.946925 0.321455 0
    outer loop
      vertex -35.0968 -11.066 0
      vertex -34.5807 -12.5863 54
      vertex -34.5807 -12.5863 0
    endloop
  endfacet
  facet normal 0.960049 -0.279832 0
    outer loop
      vertex -35.5461 9.52454 54
      vertex -35.0968 11.066 0
      vertex -35.0968 11.066 54
    endloop
  endfacet
  facet normal 0.960049 -0.279832 0
    outer loop
      vertex -35.0968 11.066 0
      vertex -35.5461 9.52454 54
      vertex -35.5461 9.52454 0
    endloop
  endfacet
  facet normal -0.971345 -0.237673 0
    outer loop
      vertex 35.9277 7.96498 0
      vertex 35.5461 9.52454 54
      vertex 35.5461 9.52454 0
    endloop
  endfacet
  facet normal -0.971345 -0.237673 0
    outer loop
      vertex 35.5461 9.52454 54
      vertex 35.9277 7.96498 0
      vertex 35.9277 7.96498 54
    endloop
  endfacet
  facet normal 0.854916 -0.518767 0
    outer loop
      vertex -31.8697 18.4 54
      vertex -31.0368 19.7726 0
      vertex -31.0368 19.7726 54
    endloop
  endfacet
  facet normal 0.854916 -0.518767 0
    outer loop
      vertex -31.0368 19.7726 0
      vertex -31.8697 18.4 54
      vertex -31.8697 18.4 0
    endloop
  endfacet
  facet normal -0.0217991 0.999762 0
    outer loop
      vertex 1.60519 -36.765 0
      vertex 0 -36.8 54
      vertex 1.60519 -36.765 54
    endloop
  endfacet
  facet normal -0.0217991 0.999762 0
    outer loop
      vertex 0 -36.8 54
      vertex 1.60519 -36.765 0
      vertex 0 -36.8 0
    endloop
  endfacet
  facet normal -0.152156 0.988356 0
    outer loop
      vertex 6.39025 -36.2409 0
      vertex 4.80336 -36.4852 54
      vertex 6.39025 -36.2409 54
    endloop
  endfacet
  facet normal -0.152156 0.988356 0
    outer loop
      vertex 4.80336 -36.4852 54
      vertex 6.39025 -36.2409 0
      vertex 4.80336 -36.4852 0
    endloop
  endfacet
  facet normal -0.237673 -0.971345 0
    outer loop
      vertex 7.96498 35.9277 0
      vertex 9.52454 35.5461 54
      vertex 7.96498 35.9277 54
    endloop
  endfacet
  facet normal -0.237673 -0.971345 -0
    outer loop
      vertex 9.52454 35.5461 54
      vertex 7.96498 35.9277 0
      vertex 9.52454 35.5461 0
    endloop
  endfacet
  facet normal -0.279832 0.960049 0
    outer loop
      vertex 11.066 -35.0968 0
      vertex 9.52454 -35.5461 54
      vertex 11.066 -35.0968 54
    endloop
  endfacet
  facet normal -0.279832 0.960049 0
    outer loop
      vertex 9.52454 -35.5461 54
      vertex 11.066 -35.0968 0
      vertex 9.52454 -35.5461 0
    endloop
  endfacet
  facet normal -0.691524 0.722354 0
    outer loop
      vertex 26.0215 -26.0215 0
      vertex 24.8617 -27.1318 54
      vertex 26.0215 -26.0215 54
    endloop
  endfacet
  facet normal -0.691524 0.722354 0
    outer loop
      vertex 24.8617 -27.1318 54
      vertex 26.0215 -26.0215 0
      vertex 24.8617 -27.1318 0
    endloop
  endfacet
  facet normal -0.751839 -0.659346 0
    outer loop
      vertex 28.1904 23.6546 0
      vertex 27.1318 24.8617 54
      vertex 27.1318 24.8617 0
    endloop
  endfacet
  facet normal -0.751839 -0.659346 0
    outer loop
      vertex 27.1318 24.8617 54
      vertex 28.1904 23.6546 0
      vertex 28.1904 23.6546 54
    endloop
  endfacet
  facet normal 0.751839 0.659346 0
    outer loop
      vertex -27.1318 -24.8617 54
      vertex -28.1904 -23.6546 0
      vertex -28.1904 -23.6546 54
    endloop
  endfacet
  facet normal 0.751839 0.659346 0
    outer loop
      vertex -28.1904 -23.6546 0
      vertex -27.1318 -24.8617 54
      vertex -27.1318 -24.8617 0
    endloop
  endfacet
  facet normal -0.999762 0.0217991 0
    outer loop
      vertex 36.765 -1.60519 0
      vertex 36.8 0 54
      vertex 36.8 0 0
    endloop
  endfacet
  facet normal -0.999762 0.0217991 0
    outer loop
      vertex 36.8 0 54
      vertex 36.765 -1.60519 0
      vertex 36.765 -1.60519 54
    endloop
  endfacet
  facet normal -0.722354 -0.691524 0
    outer loop
      vertex 27.1318 24.8617 0
      vertex 26.0215 26.0215 54
      vertex 26.0215 26.0215 0
    endloop
  endfacet
  facet normal -0.722354 -0.691524 0
    outer loop
      vertex 26.0215 26.0215 54
      vertex 27.1318 24.8617 0
      vertex 27.1318 24.8617 54
    endloop
  endfacet
  facet normal -0.108871 0.994056 0
    outer loop
      vertex 4.80336 -36.4852 0
      vertex 3.20733 -36.66 54
      vertex 4.80336 -36.4852 54
    endloop
  endfacet
  facet normal -0.108871 0.994056 0
    outer loop
      vertex 3.20733 -36.66 54
      vertex 4.80336 -36.4852 0
      vertex 3.20733 -36.66 0
    endloop
  endfacet
  facet normal -0.152156 -0.988356 0
    outer loop
      vertex 4.80336 36.4852 0
      vertex 6.39025 36.2409 54
      vertex 4.80336 36.4852 54
    endloop
  endfacet
  facet normal -0.152156 -0.988356 -0
    outer loop
      vertex 6.39025 36.2409 54
      vertex 4.80336 36.4852 0
      vertex 6.39025 36.2409 0
    endloop
  endfacet
  facet normal 0.896868 -0.442299 0
    outer loop
      vertex -33.3521 15.5524 54
      vertex -32.642 16.9923 0
      vertex -32.642 16.9923 54
    endloop
  endfacet
  facet normal 0.896868 -0.442299 0
    outer loop
      vertex -32.642 16.9923 0
      vertex -33.3521 15.5524 54
      vertex -33.3521 15.5524 0
    endloop
  endfacet
  facet normal -0.994056 0.108871 0
    outer loop
      vertex 36.4852 -4.80336 0
      vertex 36.66 -3.20733 54
      vertex 36.66 -3.20733 0
    endloop
  endfacet
  facet normal -0.994056 0.108871 0
    outer loop
      vertex 36.66 -3.20733 54
      vertex 36.4852 -4.80336 0
      vertex 36.4852 -4.80336 54
    endloop
  endfacet
  facet normal 0.321455 0.946925 -0
    outer loop
      vertex -11.066 -35.0968 0
      vertex -12.5863 -34.5807 54
      vertex -11.066 -35.0968 54
    endloop
  endfacet
  facet normal 0.321455 0.946925 0
    outer loop
      vertex -12.5863 -34.5807 54
      vertex -11.066 -35.0968 0
      vertex -12.5863 -34.5807 0
    endloop
  endfacet
  facet normal 0.555562 -0.831475 0
    outer loop
      vertex -21.1076 30.1448 0
      vertex -19.7726 31.0368 54
      vertex -21.1076 30.1448 54
    endloop
  endfacet
  facet normal 0.555562 -0.831475 0
    outer loop
      vertex -19.7726 31.0368 54
      vertex -21.1076 30.1448 0
      vertex -19.7726 31.0368 0
    endloop
  endfacet
  facet normal 0.442299 0.896868 -0
    outer loop
      vertex -15.5524 -33.3521 0
      vertex -16.9923 -32.642 54
      vertex -15.5524 -33.3521 54
    endloop
  endfacet
  facet normal 0.442299 0.896868 0
    outer loop
      vertex -16.9923 -32.642 54
      vertex -15.5524 -33.3521 0
      vertex -16.9923 -32.642 0
    endloop
  endfacet
  facet normal 0.779883 -0.625925 0
    outer loop
      vertex -29.1954 22.4024 54
      vertex -28.1904 23.6546 0
      vertex -28.1904 23.6546 54
    endloop
  endfacet
  facet normal 0.779883 -0.625925 0
    outer loop
      vertex -28.1904 23.6546 0
      vertex -29.1954 22.4024 54
      vertex -29.1954 22.4024 0
    endloop
  endfacet
  facet normal -0.19507 -0.980789 0
    outer loop
      vertex 6.39025 36.2409 0
      vertex 7.96498 35.9277 54
      vertex 6.39025 36.2409 54
    endloop
  endfacet
  facet normal -0.19507 -0.980789 -0
    outer loop
      vertex 7.96498 35.9277 54
      vertex 6.39025 36.2409 0
      vertex 7.96498 35.9277 0
    endloop
  endfacet
  facet normal 0.659346 -0.751839 0
    outer loop
      vertex -24.8617 27.1318 0
      vertex -23.6546 28.1904 54
      vertex -24.8617 27.1318 54
    endloop
  endfacet
  facet normal 0.659346 -0.751839 0
    outer loop
      vertex -23.6546 28.1904 54
      vertex -24.8617 27.1318 0
      vertex -23.6546 28.1904 0
    endloop
  endfacet
  facet normal -0.518767 0.854916 0
    outer loop
      vertex 19.7726 -31.0368 0
      vertex 18.4 -31.8697 54
      vertex 19.7726 -31.0368 54
    endloop
  endfacet
  facet normal -0.518767 0.854916 0
    outer loop
      vertex 18.4 -31.8697 54
      vertex 19.7726 -31.0368 0
      vertex 18.4 -31.8697 0
    endloop
  endfacet
  facet normal 0.997859 0.065397 0
    outer loop
      vertex -36.66 -3.20733 54
      vertex -36.765 -1.60519 0
      vertex -36.765 -1.60519 54
    endloop
  endfacet
  facet normal 0.997859 0.065397 0
    outer loop
      vertex -36.765 -1.60519 0
      vertex -36.66 -3.20733 54
      vertex -36.66 -3.20733 0
    endloop
  endfacet
  facet normal -0.555562 0.831475 0
    outer loop
      vertex 21.1076 -30.1448 0
      vertex 19.7726 -31.0368 54
      vertex 21.1076 -30.1448 54
    endloop
  endfacet
  facet normal -0.555562 0.831475 0
    outer loop
      vertex 19.7726 -31.0368 54
      vertex 21.1076 -30.1448 0
      vertex 19.7726 -31.0368 0
    endloop
  endfacet
  facet normal -0.806441 0.591315 0
    outer loop
      vertex 29.1954 -22.4024 0
      vertex 30.1448 -21.1076 54
      vertex 30.1448 -21.1076 0
    endloop
  endfacet
  facet normal -0.806441 0.591315 0
    outer loop
      vertex 30.1448 -21.1076 54
      vertex 29.1954 -22.4024 0
      vertex 29.1954 -22.4024 54
    endloop
  endfacet
  facet normal -0.854916 -0.518767 0
    outer loop
      vertex 31.8697 18.4 0
      vertex 31.0368 19.7726 54
      vertex 31.0368 19.7726 0
    endloop
  endfacet
  facet normal -0.854916 -0.518767 0
    outer loop
      vertex 31.0368 19.7726 54
      vertex 31.8697 18.4 0
      vertex 31.8697 18.4 54
    endloop
  endfacet
  facet normal -0.659346 0.751839 0
    outer loop
      vertex 24.8617 -27.1318 0
      vertex 23.6546 -28.1904 54
      vertex 24.8617 -27.1318 54
    endloop
  endfacet
  facet normal -0.659346 0.751839 0
    outer loop
      vertex 23.6546 -28.1904 54
      vertex 24.8617 -27.1318 0
      vertex 23.6546 -28.1904 0
    endloop
  endfacet
  facet normal 0.518767 0.854916 -0
    outer loop
      vertex -18.4 -31.8697 0
      vertex -19.7726 -31.0368 54
      vertex -18.4 -31.8697 54
    endloop
  endfacet
  facet normal 0.518767 0.854916 0
    outer loop
      vertex -19.7726 -31.0368 54
      vertex -18.4 -31.8697 0
      vertex -19.7726 -31.0368 0
    endloop
  endfacet
  facet normal -0.831475 -0.555562 0
    outer loop
      vertex 31.0368 19.7726 0
      vertex 30.1448 21.1076 54
      vertex 30.1448 21.1076 0
    endloop
  endfacet
  facet normal -0.831475 -0.555562 0
    outer loop
      vertex 30.1448 21.1076 54
      vertex 31.0368 19.7726 0
      vertex 31.0368 19.7726 54
    endloop
  endfacet
  facet normal 0.779883 0.625925 0
    outer loop
      vertex -28.1904 -23.6546 54
      vertex -29.1954 -22.4024 0
      vertex -29.1954 -22.4024 54
    endloop
  endfacet
  facet normal 0.779883 0.625925 0
    outer loop
      vertex -29.1954 -22.4024 0
      vertex -28.1904 -23.6546 54
      vertex -28.1904 -23.6546 0
    endloop
  endfacet
  facet normal 0.108871 -0.994056 0
    outer loop
      vertex -4.80336 36.4852 0
      vertex -3.20733 36.66 54
      vertex -4.80336 36.4852 54
    endloop
  endfacet
  facet normal 0.108871 -0.994056 0
    outer loop
      vertex -3.20733 36.66 54
      vertex -4.80336 36.4852 0
      vertex -3.20733 36.66 0
    endloop
  endfacet
  facet normal -0.321455 -0.946925 0
    outer loop
      vertex 11.066 35.0968 0
      vertex 12.5863 34.5807 54
      vertex 11.066 35.0968 54
    endloop
  endfacet
  facet normal -0.321455 -0.946925 -0
    outer loop
      vertex 12.5863 34.5807 54
      vertex 11.066 35.0968 0
      vertex 12.5863 34.5807 0
    endloop
  endfacet
  facet normal -0.108871 -0.994056 0
    outer loop
      vertex 3.20733 36.66 0
      vertex 4.80336 36.4852 54
      vertex 3.20733 36.66 54
    endloop
  endfacet
  facet normal -0.108871 -0.994056 -0
    outer loop
      vertex 4.80336 36.4852 54
      vertex 3.20733 36.66 0
      vertex 4.80336 36.4852 0
    endloop
  endfacet
  facet normal 0.152156 -0.988356 0
    outer loop
      vertex -6.39025 36.2409 0
      vertex -4.80336 36.4852 54
      vertex -6.39025 36.2409 54
    endloop
  endfacet
  facet normal 0.152156 -0.988356 0
    outer loop
      vertex -4.80336 36.4852 54
      vertex -6.39025 36.2409 0
      vertex -4.80336 36.4852 0
    endloop
  endfacet
  facet normal 0.831475 -0.555562 0
    outer loop
      vertex -31.0368 19.7726 54
      vertex -30.1448 21.1076 0
      vertex -30.1448 21.1076 54
    endloop
  endfacet
  facet normal 0.831475 -0.555562 0
    outer loop
      vertex -30.1448 21.1076 0
      vertex -31.0368 19.7726 54
      vertex -31.0368 19.7726 0
    endloop
  endfacet
  facet normal -0.915308 -0.402755 0
    outer loop
      vertex 33.9988 14.0827 0
      vertex 33.3521 15.5524 54
      vertex 33.3521 15.5524 0
    endloop
  endfacet
  facet normal -0.915308 -0.402755 0
    outer loop
      vertex 33.3521 15.5524 54
      vertex 33.9988 14.0827 0
      vertex 33.9988 14.0827 54
    endloop
  endfacet
  facet normal 0.518767 -0.854916 0
    outer loop
      vertex -19.7726 31.0368 0
      vertex -18.4 31.8697 54
      vertex -19.7726 31.0368 54
    endloop
  endfacet
  facet normal 0.518767 -0.854916 0
    outer loop
      vertex -18.4 31.8697 54
      vertex -19.7726 31.0368 0
      vertex -18.4 31.8697 0
    endloop
  endfacet
  facet normal 0.722354 0.691524 0
    outer loop
      vertex -26.0215 -26.0215 54
      vertex -27.1318 -24.8617 0
      vertex -27.1318 -24.8617 54
    endloop
  endfacet
  facet normal 0.722354 0.691524 0
    outer loop
      vertex -27.1318 -24.8617 0
      vertex -26.0215 -26.0215 54
      vertex -26.0215 -26.0215 0
    endloop
  endfacet
  facet normal -0.402755 -0.915308 0
    outer loop
      vertex 14.0827 33.9988 0
      vertex 15.5524 33.3521 54
      vertex 14.0827 33.9988 54
    endloop
  endfacet
  facet normal -0.402755 -0.915308 -0
    outer loop
      vertex 15.5524 33.3521 54
      vertex 14.0827 33.9988 0
      vertex 15.5524 33.3521 0
    endloop
  endfacet
  facet normal 0.997859 -0.065397 0
    outer loop
      vertex -36.765 1.60519 54
      vertex -36.66 3.20733 0
      vertex -36.66 3.20733 54
    endloop
  endfacet
  facet normal 0.997859 -0.065397 0
    outer loop
      vertex -36.66 3.20733 0
      vertex -36.765 1.60519 54
      vertex -36.765 1.60519 0
    endloop
  endfacet
  facet normal 0.321455 -0.946925 0
    outer loop
      vertex -12.5863 34.5807 0
      vertex -11.066 35.0968 54
      vertex -12.5863 34.5807 54
    endloop
  endfacet
  facet normal 0.321455 -0.946925 0
    outer loop
      vertex -11.066 35.0968 54
      vertex -12.5863 34.5807 0
      vertex -11.066 35.0968 0
    endloop
  endfacet
  facet normal -0.591315 -0.806441 0
    outer loop
      vertex 21.1076 30.1448 0
      vertex 22.4024 29.1954 54
      vertex 21.1076 30.1448 54
    endloop
  endfacet
  facet normal -0.591315 -0.806441 -0
    outer loop
      vertex 22.4024 29.1954 54
      vertex 21.1076 30.1448 0
      vertex 22.4024 29.1954 0
    endloop
  endfacet
  facet normal 0.932012 -0.362428 0
    outer loop
      vertex -34.5807 12.5863 54
      vertex -33.9988 14.0827 0
      vertex -33.9988 14.0827 54
    endloop
  endfacet
  facet normal 0.932012 -0.362428 0
    outer loop
      vertex -33.9988 14.0827 0
      vertex -34.5807 12.5863 54
      vertex -34.5807 12.5863 0
    endloop
  endfacet
  facet normal 0.480993 0.876724 -0
    outer loop
      vertex -16.9923 -32.642 0
      vertex -18.4 -31.8697 54
      vertex -16.9923 -32.642 54
    endloop
  endfacet
  facet normal 0.480993 0.876724 0
    outer loop
      vertex -18.4 -31.8697 54
      vertex -16.9923 -32.642 0
      vertex -18.4 -31.8697 0
    endloop
  endfacet
  facet normal -0.751839 0.659346 0
    outer loop
      vertex 27.1318 -24.8617 0
      vertex 28.1904 -23.6546 54
      vertex 28.1904 -23.6546 0
    endloop
  endfacet
  facet normal -0.751839 0.659346 0
    outer loop
      vertex 28.1904 -23.6546 54
      vertex 27.1318 -24.8617 0
      vertex 27.1318 -24.8617 54
    endloop
  endfacet
  facet normal -0.960049 0.279832 0
    outer loop
      vertex 35.0968 -11.066 0
      vertex 35.5461 -9.52454 54
      vertex 35.5461 -9.52454 0
    endloop
  endfacet
  facet normal -0.960049 0.279832 0
    outer loop
      vertex 35.5461 -9.52454 54
      vertex 35.0968 -11.066 0
      vertex 35.0968 -11.066 54
    endloop
  endfacet
  facet normal -0.896868 -0.442299 0
    outer loop
      vertex 33.3521 15.5524 0
      vertex 32.642 16.9923 54
      vertex 32.642 16.9923 0
    endloop
  endfacet
  facet normal -0.896868 -0.442299 0
    outer loop
      vertex 32.642 16.9923 54
      vertex 33.3521 15.5524 0
      vertex 33.3521 15.5524 54
    endloop
  endfacet
  facet normal -0.960049 -0.279832 0
    outer loop
      vertex 35.5461 9.52454 0
      vertex 35.0968 11.066 54
      vertex 35.0968 11.066 0
    endloop
  endfacet
  facet normal -0.960049 -0.279832 0
    outer loop
      vertex 35.0968 11.066 54
      vertex 35.5461 9.52454 0
      vertex 35.5461 9.52454 54
    endloop
  endfacet
  facet normal 0.971345 -0.237673 0
    outer loop
      vertex -35.9277 7.96498 54
      vertex -35.5461 9.52454 0
      vertex -35.5461 9.52454 54
    endloop
  endfacet
  facet normal 0.971345 -0.237673 0
    outer loop
      vertex -35.5461 9.52454 0
      vertex -35.9277 7.96498 54
      vertex -35.9277 7.96498 0
    endloop
  endfacet
  facet normal 0.915308 0.402755 0
    outer loop
      vertex -33.3521 -15.5524 54
      vertex -33.9988 -14.0827 0
      vertex -33.9988 -14.0827 54
    endloop
  endfacet
  facet normal 0.915308 0.402755 0
    outer loop
      vertex -33.9988 -14.0827 0
      vertex -33.3521 -15.5524 54
      vertex -33.3521 -15.5524 0
    endloop
  endfacet
  facet normal -0.555562 -0.831475 0
    outer loop
      vertex 19.7726 31.0368 0
      vertex 21.1076 30.1448 54
      vertex 19.7726 31.0368 54
    endloop
  endfacet
  facet normal -0.555562 -0.831475 -0
    outer loop
      vertex 21.1076 30.1448 54
      vertex 19.7726 31.0368 0
      vertex 21.1076 30.1448 0
    endloop
  endfacet
  facet normal 0.691524 0.722354 -0
    outer loop
      vertex -24.8617 -27.1318 0
      vertex -26.0215 -26.0215 54
      vertex -24.8617 -27.1318 54
    endloop
  endfacet
  facet normal 0.691524 0.722354 0
    outer loop
      vertex -26.0215 -26.0215 54
      vertex -24.8617 -27.1318 0
      vertex -26.0215 -26.0215 0
    endloop
  endfacet
  facet normal 0.065397 -0.997859 0
    outer loop
      vertex -3.20733 36.66 0
      vertex -1.60519 36.765 54
      vertex -3.20733 36.66 54
    endloop
  endfacet
  facet normal 0.065397 -0.997859 0
    outer loop
      vertex -1.60519 36.765 54
      vertex -3.20733 36.66 0
      vertex -1.60519 36.765 0
    endloop
  endfacet
  facet normal 0.999762 -0.0217991 0
    outer loop
      vertex -36.8 0 54
      vertex -36.765 1.60519 0
      vertex -36.765 1.60519 54
    endloop
  endfacet
  facet normal 0.999762 -0.0217991 0
    outer loop
      vertex -36.765 1.60519 0
      vertex -36.8 0 54
      vertex -36.8 0 0
    endloop
  endfacet
  facet normal 0.591315 -0.806441 0
    outer loop
      vertex -22.4024 29.1954 0
      vertex -21.1076 30.1448 54
      vertex -22.4024 29.1954 54
    endloop
  endfacet
  facet normal 0.591315 -0.806441 0
    outer loop
      vertex -21.1076 30.1448 54
      vertex -22.4024 29.1954 0
      vertex -21.1076 30.1448 0
    endloop
  endfacet
  facet normal -0.997859 0.065397 0
    outer loop
      vertex 36.66 -3.20733 0
      vertex 36.765 -1.60519 54
      vertex 36.765 -1.60519 0
    endloop
  endfacet
  facet normal -0.997859 0.065397 0
    outer loop
      vertex 36.765 -1.60519 54
      vertex 36.66 -3.20733 0
      vertex 36.66 -3.20733 54
    endloop
  endfacet
  facet normal -0.659346 -0.751839 0
    outer loop
      vertex 23.6546 28.1904 0
      vertex 24.8617 27.1318 54
      vertex 23.6546 28.1904 54
    endloop
  endfacet
  facet normal -0.659346 -0.751839 -0
    outer loop
      vertex 24.8617 27.1318 54
      vertex 23.6546 28.1904 0
      vertex 24.8617 27.1318 0
    endloop
  endfacet
  facet normal -0.279832 -0.960049 0
    outer loop
      vertex 9.52454 35.5461 0
      vertex 11.066 35.0968 54
      vertex 9.52454 35.5461 54
    endloop
  endfacet
  facet normal -0.279832 -0.960049 -0
    outer loop
      vertex 11.066 35.0968 54
      vertex 9.52454 35.5461 0
      vertex 11.066 35.0968 0
    endloop
  endfacet
  facet normal -0.806441 -0.591315 0
    outer loop
      vertex 30.1448 21.1076 0
      vertex 29.1954 22.4024 54
      vertex 29.1954 22.4024 0
    endloop
  endfacet
  facet normal -0.806441 -0.591315 0
    outer loop
      vertex 29.1954 22.4024 54
      vertex 30.1448 21.1076 0
      vertex 30.1448 21.1076 54
    endloop
  endfacet
  facet normal -0.237673 0.971345 0
    outer loop
      vertex 9.52454 -35.5461 0
      vertex 7.96498 -35.9277 54
      vertex 9.52454 -35.5461 54
    endloop
  endfacet
  facet normal -0.237673 0.971345 0
    outer loop
      vertex 7.96498 -35.9277 54
      vertex 9.52454 -35.5461 0
      vertex 7.96498 -35.9277 0
    endloop
  endfacet
  facet normal -0.19507 0.980789 0
    outer loop
      vertex 7.96498 -35.9277 0
      vertex 6.39025 -36.2409 54
      vertex 7.96498 -35.9277 54
    endloop
  endfacet
  facet normal -0.19507 0.980789 0
    outer loop
      vertex 6.39025 -36.2409 54
      vertex 7.96498 -35.9277 0
      vertex 6.39025 -36.2409 0
    endloop
  endfacet
  facet normal 0.722354 -0.691524 0
    outer loop
      vertex -27.1318 24.8617 54
      vertex -26.0215 26.0215 0
      vertex -26.0215 26.0215 54
    endloop
  endfacet
  facet normal 0.722354 -0.691524 0
    outer loop
      vertex -26.0215 26.0215 0
      vertex -27.1318 24.8617 54
      vertex -27.1318 24.8617 0
    endloop
  endfacet
  facet normal 0.691524 -0.722354 0
    outer loop
      vertex -26.0215 26.0215 0
      vertex -24.8617 27.1318 54
      vertex -26.0215 26.0215 54
    endloop
  endfacet
  facet normal 0.691524 -0.722354 0
    outer loop
      vertex -24.8617 27.1318 54
      vertex -26.0215 26.0215 0
      vertex -24.8617 27.1318 0
    endloop
  endfacet
  facet normal 0.0217991 0.999762 -0
    outer loop
      vertex 0 -36.8 0
      vertex -1.60519 -36.765 54
      vertex 0 -36.8 54
    endloop
  endfacet
  facet normal 0.0217991 0.999762 0
    outer loop
      vertex -1.60519 -36.765 54
      vertex 0 -36.8 0
      vertex -1.60519 -36.765 0
    endloop
  endfacet
  facet normal 0.999762 0.0217991 0
    outer loop
      vertex -36.765 -1.60519 54
      vertex -36.8 0 0
      vertex -36.8 0 54
    endloop
  endfacet
  facet normal 0.999762 0.0217991 0
    outer loop
      vertex -36.8 0 0
      vertex -36.765 -1.60519 54
      vertex -36.765 -1.60519 0
    endloop
  endfacet
  facet normal -0.442299 0.896868 0
    outer loop
      vertex 16.9923 -32.642 0
      vertex 15.5524 -33.3521 54
      vertex 16.9923 -32.642 54
    endloop
  endfacet
  facet normal -0.442299 0.896868 0
    outer loop
      vertex 15.5524 -33.3521 54
      vertex 16.9923 -32.642 0
      vertex 15.5524 -33.3521 0
    endloop
  endfacet
  facet normal -0.779883 0.625925 0
    outer loop
      vertex 28.1904 -23.6546 0
      vertex 29.1954 -22.4024 54
      vertex 29.1954 -22.4024 0
    endloop
  endfacet
  facet normal -0.779883 0.625925 0
    outer loop
      vertex 29.1954 -22.4024 54
      vertex 28.1904 -23.6546 0
      vertex 28.1904 -23.6546 54
    endloop
  endfacet
  facet normal -0.876724 0.480993 0
    outer loop
      vertex 31.8697 -18.4 0
      vertex 32.642 -16.9923 54
      vertex 32.642 -16.9923 0
    endloop
  endfacet
  facet normal -0.876724 0.480993 0
    outer loop
      vertex 32.642 -16.9923 54
      vertex 31.8697 -18.4 0
      vertex 31.8697 -18.4 54
    endloop
  endfacet
  facet normal -0.980789 -0.19507 0
    outer loop
      vertex 36.2409 6.39025 0
      vertex 35.9277 7.96498 54
      vertex 35.9277 7.96498 0
    endloop
  endfacet
  facet normal -0.980789 -0.19507 0
    outer loop
      vertex 35.9277 7.96498 54
      vertex 36.2409 6.39025 0
      vertex 36.2409 6.39025 54
    endloop
  endfacet
  facet normal 0.988356 0.152156 0
    outer loop
      vertex -36.2409 -6.39025 54
      vertex -36.4852 -4.80336 0
      vertex -36.4852 -4.80336 54
    endloop
  endfacet
  facet normal 0.988356 0.152156 0
    outer loop
      vertex -36.4852 -4.80336 0
      vertex -36.2409 -6.39025 54
      vertex -36.2409 -6.39025 0
    endloop
  endfacet
  facet normal -0.065397 -0.997859 0
    outer loop
      vertex 1.60519 36.765 0
      vertex 3.20733 36.66 54
      vertex 1.60519 36.765 54
    endloop
  endfacet
  facet normal -0.065397 -0.997859 -0
    outer loop
      vertex 3.20733 36.66 54
      vertex 1.60519 36.765 0
      vertex 3.20733 36.66 0
    endloop
  endfacet
  facet normal 0.402755 0.915308 -0
    outer loop
      vertex -14.0827 -33.9988 0
      vertex -15.5524 -33.3521 54
      vertex -14.0827 -33.9988 54
    endloop
  endfacet
  facet normal 0.402755 0.915308 0
    outer loop
      vertex -15.5524 -33.3521 54
      vertex -14.0827 -33.9988 0
      vertex -15.5524 -33.3521 0
    endloop
  endfacet
  facet normal 0.555562 0.831475 -0
    outer loop
      vertex -19.7726 -31.0368 0
      vertex -21.1076 -30.1448 54
      vertex -19.7726 -31.0368 54
    endloop
  endfacet
  facet normal 0.555562 0.831475 0
    outer loop
      vertex -21.1076 -30.1448 54
      vertex -19.7726 -31.0368 0
      vertex -21.1076 -30.1448 0
    endloop
  endfacet
  facet normal 0.625925 -0.779883 0
    outer loop
      vertex -23.6546 28.1904 0
      vertex -22.4024 29.1954 54
      vertex -23.6546 28.1904 54
    endloop
  endfacet
  facet normal 0.625925 -0.779883 0
    outer loop
      vertex -22.4024 29.1954 54
      vertex -23.6546 28.1904 0
      vertex -22.4024 29.1954 0
    endloop
  endfacet
  facet normal 0.980789 0.19507 0
    outer loop
      vertex -35.9277 -7.96498 54
      vertex -36.2409 -6.39025 0
      vertex -36.2409 -6.39025 54
    endloop
  endfacet
  facet normal 0.980789 0.19507 0
    outer loop
      vertex -36.2409 -6.39025 0
      vertex -35.9277 -7.96498 54
      vertex -35.9277 -7.96498 0
    endloop
  endfacet
  facet normal -0.932012 -0.362428 0
    outer loop
      vertex 34.5807 12.5863 0
      vertex 33.9988 14.0827 54
      vertex 33.9988 14.0827 0
    endloop
  endfacet
  facet normal -0.932012 -0.362428 0
    outer loop
      vertex 33.9988 14.0827 54
      vertex 34.5807 12.5863 0
      vertex 34.5807 12.5863 54
    endloop
  endfacet
  facet normal -0.518767 -0.854916 0
    outer loop
      vertex 18.4 31.8697 0
      vertex 19.7726 31.0368 54
      vertex 18.4 31.8697 54
    endloop
  endfacet
  facet normal -0.518767 -0.854916 -0
    outer loop
      vertex 19.7726 31.0368 54
      vertex 18.4 31.8697 0
      vertex 19.7726 31.0368 0
    endloop
  endfacet
  facet normal -0.0217991 -0.999762 0
    outer loop
      vertex 0 36.8 0
      vertex 1.60519 36.765 54
      vertex 0 36.8 54
    endloop
  endfacet
  facet normal -0.0217991 -0.999762 -0
    outer loop
      vertex 1.60519 36.765 54
      vertex 0 36.8 0
      vertex 1.60519 36.765 0
    endloop
  endfacet
  facet normal 0.108871 0.994056 -0
    outer loop
      vertex -3.20733 -36.66 0
      vertex -4.80336 -36.4852 54
      vertex -3.20733 -36.66 54
    endloop
  endfacet
  facet normal 0.108871 0.994056 0
    outer loop
      vertex -4.80336 -36.4852 54
      vertex -3.20733 -36.66 0
      vertex -4.80336 -36.4852 0
    endloop
  endfacet
  facet normal 0.279832 0.960049 -0
    outer loop
      vertex -9.52454 -35.5461 0
      vertex -11.066 -35.0968 54
      vertex -9.52454 -35.5461 54
    endloop
  endfacet
  facet normal 0.279832 0.960049 0
    outer loop
      vertex -11.066 -35.0968 54
      vertex -9.52454 -35.5461 0
      vertex -11.066 -35.0968 0
    endloop
  endfacet
  facet normal 0.876724 -0.480993 0
    outer loop
      vertex -32.642 16.9923 54
      vertex -31.8697 18.4 0
      vertex -31.8697 18.4 54
    endloop
  endfacet
  facet normal 0.876724 -0.480993 0
    outer loop
      vertex -31.8697 18.4 0
      vertex -32.642 16.9923 54
      vertex -32.642 16.9923 0
    endloop
  endfacet
  facet normal 0.831475 0.555562 0
    outer loop
      vertex -30.1448 -21.1076 54
      vertex -31.0368 -19.7726 0
      vertex -31.0368 -19.7726 54
    endloop
  endfacet
  facet normal 0.831475 0.555562 0
    outer loop
      vertex -31.0368 -19.7726 0
      vertex -30.1448 -21.1076 54
      vertex -30.1448 -21.1076 0
    endloop
  endfacet
  facet normal -0.321455 0.946925 0
    outer loop
      vertex 12.5863 -34.5807 0
      vertex 11.066 -35.0968 54
      vertex 12.5863 -34.5807 54
    endloop
  endfacet
  facet normal -0.321455 0.946925 0
    outer loop
      vertex 11.066 -35.0968 54
      vertex 12.5863 -34.5807 0
      vertex 11.066 -35.0968 0
    endloop
  endfacet
  facet normal -0.591315 0.806441 0
    outer loop
      vertex 22.4024 -29.1954 0
      vertex 21.1076 -30.1448 54
      vertex 22.4024 -29.1954 54
    endloop
  endfacet
  facet normal -0.591315 0.806441 0
    outer loop
      vertex 21.1076 -30.1448 54
      vertex 22.4024 -29.1954 0
      vertex 21.1076 -30.1448 0
    endloop
  endfacet
  facet normal 0.237673 -0.971345 0
    outer loop
      vertex -9.52454 35.5461 0
      vertex -7.96498 35.9277 54
      vertex -9.52454 35.5461 54
    endloop
  endfacet
  facet normal 0.237673 -0.971345 0
    outer loop
      vertex -7.96498 35.9277 54
      vertex -9.52454 35.5461 0
      vertex -7.96498 35.9277 0
    endloop
  endfacet
  facet normal 0.971345 0.237673 0
    outer loop
      vertex -35.5461 -9.52454 54
      vertex -35.9277 -7.96498 0
      vertex -35.9277 -7.96498 54
    endloop
  endfacet
  facet normal 0.971345 0.237673 0
    outer loop
      vertex -35.9277 -7.96498 0
      vertex -35.5461 -9.52454 54
      vertex -35.5461 -9.52454 0
    endloop
  endfacet
  facet normal 0.994056 -0.108871 0
    outer loop
      vertex -36.66 3.20733 54
      vertex -36.4852 4.80336 0
      vertex -36.4852 4.80336 54
    endloop
  endfacet
  facet normal 0.994056 -0.108871 0
    outer loop
      vertex -36.4852 4.80336 0
      vertex -36.66 3.20733 54
      vertex -36.66 3.20733 0
    endloop
  endfacet
  facet normal 0.065397 0.997859 -0
    outer loop
      vertex -1.60519 -36.765 0
      vertex -3.20733 -36.66 54
      vertex -1.60519 -36.765 54
    endloop
  endfacet
  facet normal 0.065397 0.997859 0
    outer loop
      vertex -3.20733 -36.66 54
      vertex -1.60519 -36.765 0
      vertex -3.20733 -36.66 0
    endloop
  endfacet
  facet normal 0.806441 -0.591315 0
    outer loop
      vertex -30.1448 21.1076 54
      vertex -29.1954 22.4024 0
      vertex -29.1954 22.4024 54
    endloop
  endfacet
  facet normal 0.806441 -0.591315 0
    outer loop
      vertex -29.1954 22.4024 0
      vertex -30.1448 21.1076 54
      vertex -30.1448 21.1076 0
    endloop
  endfacet
  facet normal -0.362428 -0.932012 0
    outer loop
      vertex 12.5863 34.5807 0
      vertex 14.0827 33.9988 54
      vertex 12.5863 34.5807 54
    endloop
  endfacet
  facet normal -0.362428 -0.932012 -0
    outer loop
      vertex 14.0827 33.9988 54
      vertex 12.5863 34.5807 0
      vertex 14.0827 33.9988 0
    endloop
  endfacet
  facet normal 0.279832 -0.960049 0
    outer loop
      vertex -11.066 35.0968 0
      vertex -9.52454 35.5461 54
      vertex -11.066 35.0968 54
    endloop
  endfacet
  facet normal 0.279832 -0.960049 0
    outer loop
      vertex -9.52454 35.5461 54
      vertex -11.066 35.0968 0
      vertex -9.52454 35.5461 0
    endloop
  endfacet
  facet normal -0.625925 0.779883 0
    outer loop
      vertex 23.6546 -28.1904 0
      vertex 22.4024 -29.1954 54
      vertex 23.6546 -28.1904 54
    endloop
  endfacet
  facet normal -0.625925 0.779883 0
    outer loop
      vertex 22.4024 -29.1954 54
      vertex 23.6546 -28.1904 0
      vertex 22.4024 -29.1954 0
    endloop
  endfacet
  facet normal 0.854916 0.518767 0
    outer loop
      vertex -31.0368 -19.7726 54
      vertex -31.8697 -18.4 0
      vertex -31.8697 -18.4 54
    endloop
  endfacet
  facet normal 0.854916 0.518767 0
    outer loop
      vertex -31.8697 -18.4 0
      vertex -31.0368 -19.7726 54
      vertex -31.0368 -19.7726 0
    endloop
  endfacet
  facet normal 0.362428 0.932012 -0
    outer loop
      vertex -12.5863 -34.5807 0
      vertex -14.0827 -33.9988 54
      vertex -12.5863 -34.5807 54
    endloop
  endfacet
  facet normal 0.362428 0.932012 0
    outer loop
      vertex -14.0827 -33.9988 54
      vertex -12.5863 -34.5807 0
      vertex -14.0827 -33.9988 0
    endloop
  endfacet
  facet normal -0.896868 0.442299 0
    outer loop
      vertex 32.642 -16.9923 0
      vertex 33.3521 -15.5524 54
      vertex 33.3521 -15.5524 0
    endloop
  endfacet
  facet normal -0.896868 0.442299 0
    outer loop
      vertex 33.3521 -15.5524 54
      vertex 32.642 -16.9923 0
      vertex 32.642 -16.9923 54
    endloop
  endfacet
  facet normal -0.980789 0.19507 0
    outer loop
      vertex 35.9277 -7.96498 0
      vertex 36.2409 -6.39025 54
      vertex 36.2409 -6.39025 0
    endloop
  endfacet
  facet normal -0.980789 0.19507 0
    outer loop
      vertex 36.2409 -6.39025 54
      vertex 35.9277 -7.96498 0
      vertex 35.9277 -7.96498 54
    endloop
  endfacet
  facet normal 0.876724 0.480993 0
    outer loop
      vertex -31.8697 -18.4 54
      vertex -32.642 -16.9923 0
      vertex -32.642 -16.9923 54
    endloop
  endfacet
  facet normal 0.876724 0.480993 0
    outer loop
      vertex -32.642 -16.9923 0
      vertex -31.8697 -18.4 54
      vertex -31.8697 -18.4 0
    endloop
  endfacet
  facet normal -0.932012 0.362428 0
    outer loop
      vertex 33.9988 -14.0827 0
      vertex 34.5807 -12.5863 54
      vertex 34.5807 -12.5863 0
    endloop
  endfacet
  facet normal -0.932012 0.362428 0
    outer loop
      vertex 34.5807 -12.5863 54
      vertex 33.9988 -14.0827 0
      vertex 33.9988 -14.0827 54
    endloop
  endfacet
  facet normal 0.659346 0.751839 -0
    outer loop
      vertex -23.6546 -28.1904 0
      vertex -24.8617 -27.1318 54
      vertex -23.6546 -28.1904 54
    endloop
  endfacet
  facet normal 0.659346 0.751839 0
    outer loop
      vertex -24.8617 -27.1318 54
      vertex -23.6546 -28.1904 0
      vertex -24.8617 -27.1318 0
    endloop
  endfacet
  facet normal 0.960049 0.279832 0
    outer loop
      vertex -35.0968 -11.066 54
      vertex -35.5461 -9.52454 0
      vertex -35.5461 -9.52454 54
    endloop
  endfacet
  facet normal 0.960049 0.279832 0
    outer loop
      vertex -35.5461 -9.52454 0
      vertex -35.0968 -11.066 54
      vertex -35.0968 -11.066 0
    endloop
  endfacet
  facet normal -0.625925 -0.779883 0
    outer loop
      vertex 22.4024 29.1954 0
      vertex 23.6546 28.1904 54
      vertex 22.4024 29.1954 54
    endloop
  endfacet
  facet normal -0.625925 -0.779883 -0
    outer loop
      vertex 23.6546 28.1904 54
      vertex 22.4024 29.1954 0
      vertex 23.6546 28.1904 0
    endloop
  endfacet
  facet normal 0.19507 -0.980789 0
    outer loop
      vertex -7.96498 35.9277 0
      vertex -6.39025 36.2409 54
      vertex -7.96498 35.9277 54
    endloop
  endfacet
  facet normal 0.19507 -0.980789 0
    outer loop
      vertex -6.39025 36.2409 54
      vertex -7.96498 35.9277 0
      vertex -6.39025 36.2409 0
    endloop
  endfacet
  facet normal 0.915308 -0.402755 0
    outer loop
      vertex -33.9988 14.0827 54
      vertex -33.3521 15.5524 0
      vertex -33.3521 15.5524 54
    endloop
  endfacet
  facet normal 0.915308 -0.402755 0
    outer loop
      vertex -33.3521 15.5524 0
      vertex -33.9988 14.0827 54
      vertex -33.9988 14.0827 0
    endloop
  endfacet
  facet normal 0.896868 0.442299 0
    outer loop
      vertex -32.642 -16.9923 54
      vertex -33.3521 -15.5524 0
      vertex -33.3521 -15.5524 54
    endloop
  endfacet
  facet normal 0.896868 0.442299 0
    outer loop
      vertex -33.3521 -15.5524 0
      vertex -32.642 -16.9923 54
      vertex -32.642 -16.9923 0
    endloop
  endfacet
  facet normal 0.625925 0.779883 -0
    outer loop
      vertex -22.4024 -29.1954 0
      vertex -23.6546 -28.1904 54
      vertex -22.4024 -29.1954 54
    endloop
  endfacet
  facet normal 0.625925 0.779883 0
    outer loop
      vertex -23.6546 -28.1904 54
      vertex -22.4024 -29.1954 0
      vertex -23.6546 -28.1904 0
    endloop
  endfacet
  facet normal 0 0 1
    outer loop
      vertex 50.552 30.513 54
      vertex 48.242 30.7335 54
      vertex 50.4843 30.2605 54
    endloop
  endfacet
  facet normal -0 0 1
    outer loop
      vertex 48.242 30.7335 54
      vertex 50.552 30.513 54
      vertex 49.9288 31.8081 54
    endloop
  endfacet
  facet normal 0 0 1
    outer loop
      vertex 49.9288 31.8081 54
      vertex 50.552 30.513 54
      vertex 50.6227 30.6646 54
    endloop
  endfacet
  facet normal 0 0 1
    outer loop
      vertex 37.99 0.458297 54
      vertex 57.1869 0.599999 54
      vertex 37.99 0.599999 54
    endloop
  endfacet
  facet normal 0 0 1
    outer loop
      vertex 57.1869 0.599999 54
      vertex 37.99 0.458297 54
      vertex 57.1869 -0.599999 54
    endloop
  endfacet
  facet normal -0 0 1
    outer loop
      vertex 37.99 -0.458297 54
      vertex 57.1869 -0.599999 54
      vertex 37.99 0.458297 54
    endloop
  endfacet
  facet normal 0 0 1
    outer loop
      vertex 57.1869 -0.599999 54
      vertex 37.99 -0.458297 54
      vertex 37.99 -0.599999 54
    endloop
  endfacet
  facet normal -0 0 1
    outer loop
      vertex 57.1869 0.599999 54
      vertex 59.2 0 54
      vertex 59.1437 2.58227 54
    endloop
  endfacet
  facet normal 0 0 1
    outer loop
      vertex 57.1456 2.49503 54
      vertex 59.1437 2.58227 54
      vertex 58.9747 5.15962 54
    endloop
  endfacet
  facet normal 0 0 1
    outer loop
      vertex 57.1869 -0.599999 54
      vertex 59.2 0 54
      vertex 57.1869 0.599999 54
    endloop
  endfacet
  facet normal 0 0 1
    outer loop
      vertex 56.9823 4.98531 54
      vertex 58.9747 5.15962 54
      vertex 58.6935 7.72715 54
    endloop
  endfacet
  facet normal 0 0 1
    outer loop
      vertex 59.2 0 54
      vertex 57.1869 -0.599999 54
      vertex 59.1437 -2.58227 54
    endloop
  endfacet
  facet normal 0 0 1
    outer loop
      vertex 56.7106 7.4661 54
      vertex 58.6935 7.72715 54
      vertex 58.3006 10.28 54
    endloop
  endfacet
  facet normal -0 0 1
    outer loop
      vertex 57.1456 -2.49503 54
      vertex 59.1437 -2.58227 54
      vertex 57.1869 -0.599999 54
    endloop
  endfacet
  facet normal 0 0 1
    outer loop
      vertex 56.331 9.93268 54
      vertex 58.3006 10.28 54
      vertex 57.7967 12.8132 54
    endloop
  endfacet
  facet normal 0 0 1
    outer loop
      vertex 59.1437 -2.58227 54
      vertex 57.1456 -2.49503 54
      vertex 58.9747 -5.15962 54
    endloop
  endfacet
  facet normal -0 0 1
    outer loop
      vertex 56.9823 -4.98531 54
      vertex 58.9747 -5.15962 54
      vertex 57.1456 -2.49503 54
    endloop
  endfacet
  facet normal 0 0 1
    outer loop
      vertex 55.8441 12.3803 54
      vertex 57.7967 12.8132 54
      vertex 57.1828 15.3221 54
    endloop
  endfacet
  facet normal 0 0 1
    outer loop
      vertex 59.1437 2.58227 54
      vertex 57.1456 2.49503 54
      vertex 57.1869 0.599999 54
    endloop
  endfacet
  facet normal 0 0 1
    outer loop
      vertex 58.9747 5.15962 54
      vertex 56.9823 4.98531 54
      vertex 57.1456 2.49503 54
    endloop
  endfacet
  facet normal 0 0 1
    outer loop
      vertex 58.6935 7.72715 54
      vertex 56.7106 7.4661 54
      vertex 56.9823 4.98531 54
    endloop
  endfacet
  facet normal 0 0 1
    outer loop
      vertex 55.251 14.8044 54
      vertex 57.1828 15.3221 54
      vertex 56.46 17.8018 54
    endloop
  endfacet
  facet normal 0 0 1
    outer loop
      vertex 58.3006 10.28 54
      vertex 56.331 9.93268 54
      vertex 56.7106 7.4661 54
    endloop
  endfacet
  facet normal 0 0 1
    outer loop
      vertex 57.7967 12.8132 54
      vertex 55.8441 12.3803 54
      vertex 56.331 9.93268 54
    endloop
  endfacet
  facet normal 0 0 1
    outer loop
      vertex 54.5526 17.2004 54
      vertex 56.46 17.8018 54
      vertex 55.6298 20.2476 54
    endloop
  endfacet
  facet normal 0 0 1
    outer loop
      vertex 57.1828 15.3221 54
      vertex 55.251 14.8044 54
      vertex 55.8441 12.3803 54
    endloop
  endfacet
  facet normal 0 0 1
    outer loop
      vertex 53.7504 19.5636 54
      vertex 55.6298 20.2476 54
      vertex 54.6937 22.6549 54
    endloop
  endfacet
  facet normal 0 0 1
    outer loop
      vertex 56.46 17.8018 54
      vertex 54.5526 17.2004 54
      vertex 55.251 14.8044 54
    endloop
  endfacet
  facet normal 0 0 1
    outer loop
      vertex 55.6298 20.2476 54
      vertex 53.7504 19.5636 54
      vertex 54.5526 17.2004 54
    endloop
  endfacet
  facet normal 0 0 1
    outer loop
      vertex 52.8459 21.8895 54
      vertex 54.6937 22.6549 54
      vertex 53.6534 25.019 54
    endloop
  endfacet
  facet normal 0 0 1
    outer loop
      vertex 54.6937 22.6549 54
      vertex 52.8459 21.8895 54
      vertex 53.7504 19.5636 54
    endloop
  endfacet
  facet normal 0 0 1
    outer loop
      vertex 51.8408 24.1738 54
      vertex 53.6534 25.019 54
      vertex 52.511 27.3355 54
    endloop
  endfacet
  facet normal 0 0 1
    outer loop
      vertex 51.701 28.5228 54
      vertex 52.511 27.3355 54
      vertex 51.8677 28.5082 54
    endloop
  endfacet
  facet normal 0 0 1
    outer loop
      vertex 53.6534 25.019 54
      vertex 51.8408 24.1738 54
      vertex 52.8459 21.8895 54
    endloop
  endfacet
  facet normal 0 0 1
    outer loop
      vertex 52.511 27.3355 54
      vertex 51.701 28.5228 54
      vertex 50.737 26.412 54
    endloop
  endfacet
  facet normal 0 0 1
    outer loop
      vertex 50.737 26.412 54
      vertex 51.701 28.5228 54
      vertex 51.4485 28.5905 54
    endloop
  endfacet
  facet normal 0 0 1
    outer loop
      vertex 50.737 26.412 54
      vertex 51.4485 28.5905 54
      vertex 51.2115 28.701 54
    endloop
  endfacet
  facet normal 0 0 1
    outer loop
      vertex 49.5367 28.6 54
      vertex 51.2115 28.701 54
      vertex 50.9973 28.8509 54
    endloop
  endfacet
  facet normal 0 0 1
    outer loop
      vertex 49.5367 28.6 54
      vertex 50.9973 28.8509 54
      vertex 50.8125 29.0358 54
    endloop
  endfacet
  facet normal 0 0 1
    outer loop
      vertex 52.511 27.3355 54
      vertex 50.737 26.412 54
      vertex 51.8408 24.1738 54
    endloop
  endfacet
  facet normal 0 0 1
    outer loop
      vertex 49.5367 28.6 54
      vertex 50.8125 29.0358 54
      vertex 50.6625 29.25 54
    endloop
  endfacet
  facet normal 0 0 1
    outer loop
      vertex 49.5367 28.6 54
      vertex 50.6625 29.25 54
      vertex 50.552 29.487 54
    endloop
  endfacet
  facet normal 0 0 1
    outer loop
      vertex 49.5367 28.6 54
      vertex 50.552 29.487 54
      vertex 50.4843 29.7395 54
    endloop
  endfacet
  facet normal 0 0 1
    outer loop
      vertex 49.5367 28.6 54
      vertex 50.4843 29.7395 54
      vertex 50.4615 30 54
    endloop
  endfacet
  facet normal 0 0 1
    outer loop
      vertex 50.4843 30.2605 54
      vertex 48.242 30.7335 54
      vertex 50.4615 30 54
    endloop
  endfacet
  facet normal 0 0 1
    outer loop
      vertex 51.2115 28.701 54
      vertex 49.5367 28.6 54
      vertex 50.737 26.412 54
    endloop
  endfacet
  facet normal 0 0 1
    outer loop
      vertex 48.242 30.7335 54
      vertex 49.9288 31.8081 54
      vertex 48.4938 33.9557 54
    endloop
  endfacet
  facet normal 0 0 1
    outer loop
      vertex 50.4615 30 54
      vertex 48.242 30.7335 54
      vertex 49.5367 28.6 54
    endloop
  endfacet
  facet normal 0 0 1
    outer loop
      vertex 46.8555 32.8086 54
      vertex 48.4938 33.9557 54
      vertex 46.9665 36.0387 54
    endloop
  endfacet
  facet normal 0 0 1
    outer loop
      vertex 48.4938 33.9557 54
      vertex 46.8555 32.8086 54
      vertex 48.242 30.7335 54
    endloop
  endfacet
  facet normal 0 0 1
    outer loop
      vertex 46.9665 36.0387 54
      vertex 45.3798 34.8212 54
      vertex 46.8555 32.8086 54
    endloop
  endfacet
  facet normal 0 0 1
    outer loop
      vertex 45.3498 38.053 54
      vertex 45.3798 34.8212 54
      vertex 46.9665 36.0387 54
    endloop
  endfacet
  facet normal 0 0 1
    outer loop
      vertex 45.3498 38.053 54
      vertex 43.8177 36.7674 54
      vertex 45.3798 34.8212 54
    endloop
  endfacet
  facet normal 0 0 1
    outer loop
      vertex 43.6468 39.9949 54
      vertex 43.8177 36.7674 54
      vertex 45.3498 38.053 54
    endloop
  endfacet
  facet normal 0 0 1
    outer loop
      vertex 43.6468 39.9949 54
      vertex 42.1723 38.6438 54
      vertex 43.8177 36.7674 54
    endloop
  endfacet
  facet normal 0 0 1
    outer loop
      vertex 41.8607 41.8607 54
      vertex 42.1723 38.6438 54
      vertex 43.6468 39.9949 54
    endloop
  endfacet
  facet normal 0 0 1
    outer loop
      vertex 41.8607 41.8607 54
      vertex 40.4465 40.4465 54
      vertex 42.1723 38.6438 54
    endloop
  endfacet
  facet normal 0 0 1
    outer loop
      vertex 39.9949 43.6468 54
      vertex 40.4465 40.4465 54
      vertex 41.8607 41.8607 54
    endloop
  endfacet
  facet normal 0 0 1
    outer loop
      vertex 39.9949 43.6468 54
      vertex 38.6438 42.1723 54
      vertex 40.4465 40.4465 54
    endloop
  endfacet
  facet normal 0 0 1
    outer loop
      vertex 38.053 45.3498 54
      vertex 38.6438 42.1723 54
      vertex 39.9949 43.6468 54
    endloop
  endfacet
  facet normal 0 0 1
    outer loop
      vertex 38.053 45.3498 54
      vertex 36.7674 43.8177 54
      vertex 38.6438 42.1723 54
    endloop
  endfacet
  facet normal 0 0 1
    outer loop
      vertex 36.0387 46.9665 54
      vertex 36.7674 43.8177 54
      vertex 38.053 45.3498 54
    endloop
  endfacet
  facet normal 0 0 1
    outer loop
      vertex 36.0387 46.9665 54
      vertex 34.8212 45.3798 54
      vertex 36.7674 43.8177 54
    endloop
  endfacet
  facet normal 0 0 1
    outer loop
      vertex 33.9557 48.4938 54
      vertex 34.8212 45.3798 54
      vertex 36.0387 46.9665 54
    endloop
  endfacet
  facet normal 0 0 1
    outer loop
      vertex 33.9557 48.4938 54
      vertex 32.8086 46.8555 54
      vertex 34.8212 45.3798 54
    endloop
  endfacet
  facet normal 0 0 1
    outer loop
      vertex 31.8081 49.9288 54
      vertex 32.8086 46.8555 54
      vertex 33.9557 48.4938 54
    endloop
  endfacet
  facet normal 0 0 1
    outer loop
      vertex 31.8081 49.9288 54
      vertex 30.7335 48.242 54
      vertex 32.8086 46.8555 54
    endloop
  endfacet
  facet normal 0 0 1
    outer loop
      vertex 29.1131 49.2253 54
      vertex 31.8081 49.9288 54
      vertex 29.6 51.2687 54
    endloop
  endfacet
  facet normal 0 0 1
    outer loop
      vertex 31.8081 49.9288 54
      vertex 29.1131 49.2253 54
      vertex 30.7335 48.242 54
    endloop
  endfacet
  facet normal 0 0 1
    outer loop
      vertex 29.6 51.2687 54
      vertex 28.0738 49.8253 54
      vertex 29.1131 49.2253 54
    endloop
  endfacet
  facet normal 0 0 1
    outer loop
      vertex 27.3355 52.511 54
      vertex 28.0738 49.8253 54
      vertex 29.6 51.2687 54
    endloop
  endfacet
  facet normal 0 0 1
    outer loop
      vertex 27.3355 52.511 54
      vertex 26.412 50.737 54
      vertex 28.0738 49.8253 54
    endloop
  endfacet
  facet normal 0 0 1
    outer loop
      vertex 25.019 53.6534 54
      vertex 26.412 50.737 54
      vertex 27.3355 52.511 54
    endloop
  endfacet
  facet normal 0 0 1
    outer loop
      vertex 25.019 53.6534 54
      vertex 24.1738 51.8408 54
      vertex 26.412 50.737 54
    endloop
  endfacet
  facet normal 0 0 1
    outer loop
      vertex 22.6549 54.6937 54
      vertex 24.1738 51.8408 54
      vertex 25.019 53.6534 54
    endloop
  endfacet
  facet normal 0 0 1
    outer loop
      vertex 22.6549 54.6937 54
      vertex 21.8895 52.8459 54
      vertex 24.1738 51.8408 54
    endloop
  endfacet
  facet normal 0 0 1
    outer loop
      vertex 20.2476 55.6298 54
      vertex 21.8895 52.8459 54
      vertex 22.6549 54.6937 54
    endloop
  endfacet
  facet normal 0 0 1
    outer loop
      vertex 20.2476 55.6298 54
      vertex 19.5636 53.7504 54
      vertex 21.8895 52.8459 54
    endloop
  endfacet
  facet normal 0 0 1
    outer loop
      vertex 17.8018 56.46 54
      vertex 19.5636 53.7504 54
      vertex 20.2476 55.6298 54
    endloop
  endfacet
  facet normal 0 0 1
    outer loop
      vertex 17.8018 56.46 54
      vertex 17.2004 54.5526 54
      vertex 19.5636 53.7504 54
    endloop
  endfacet
  facet normal 0 0 1
    outer loop
      vertex 15.3221 57.1828 54
      vertex 17.2004 54.5526 54
      vertex 17.8018 56.46 54
    endloop
  endfacet
  facet normal 0 0 1
    outer loop
      vertex 15.3221 57.1828 54
      vertex 14.8044 55.251 54
      vertex 17.2004 54.5526 54
    endloop
  endfacet
  facet normal 0 0 1
    outer loop
      vertex 12.8132 57.7967 54
      vertex 14.8044 55.251 54
      vertex 15.3221 57.1828 54
    endloop
  endfacet
  facet normal 0 0 1
    outer loop
      vertex 12.8132 57.7967 54
      vertex 12.3803 55.8441 54
      vertex 14.8044 55.251 54
    endloop
  endfacet
  facet normal 0 0 1
    outer loop
      vertex 10.28 58.3006 54
      vertex 12.3803 55.8441 54
      vertex 12.8132 57.7967 54
    endloop
  endfacet
  facet normal 0 0 1
    outer loop
      vertex 10.28 58.3006 54
      vertex 9.93268 56.331 54
      vertex 12.3803 55.8441 54
    endloop
  endfacet
  facet normal 0 0 1
    outer loop
      vertex 7.72715 58.6935 54
      vertex 9.93268 56.331 54
      vertex 10.28 58.3006 54
    endloop
  endfacet
  facet normal 0 0 1
    outer loop
      vertex 7.72715 58.6935 54
      vertex 7.4661 56.7106 54
      vertex 9.93268 56.331 54
    endloop
  endfacet
  facet normal 0 0 1
    outer loop
      vertex 5.15962 58.9747 54
      vertex 7.4661 56.7106 54
      vertex 7.72715 58.6935 54
    endloop
  endfacet
  facet normal 0 0 1
    outer loop
      vertex 5.15962 58.9747 54
      vertex 4.98531 56.9823 54
      vertex 7.4661 56.7106 54
    endloop
  endfacet
  facet normal 0 0 1
    outer loop
      vertex 2.58227 59.1437 54
      vertex 4.98531 56.9823 54
      vertex 5.15962 58.9747 54
    endloop
  endfacet
  facet normal 0 0 1
    outer loop
      vertex 2.58227 59.1437 54
      vertex 2.49503 57.1456 54
      vertex 4.98531 56.9823 54
    endloop
  endfacet
  facet normal 0 0 1
    outer loop
      vertex 1.14907 59.0358 54
      vertex 2.58227 59.1437 54
      vertex 1.24501 59.1728 54
    endloop
  endfacet
  facet normal 0 0 1
    outer loop
      vertex 2.58227 59.1437 54
      vertex 1.14907 59.0358 54
      vertex 2.49503 57.1456 54
    endloop
  endfacet
  facet normal -0 0 1
    outer loop
      vertex 0.964181 58.8509 54
      vertex 2.49503 57.1456 54
      vertex 1.14907 59.0358 54
    endloop
  endfacet
  facet normal -0 0 1
    outer loop
      vertex 0.75 58.701 54
      vertex 2.49503 57.1456 54
      vertex 0.964181 58.8509 54
    endloop
  endfacet
  facet normal 0 0 1
    outer loop
      vertex 0 57.2 54
      vertex 0.75 58.701 54
      vertex 0.51303 58.5905 54
    endloop
  endfacet
  facet normal 0 0 1
    outer loop
      vertex 0 57.2 54
      vertex 0.51303 58.5905 54
      vertex 0.260471 58.5228 54
    endloop
  endfacet
  facet normal 0 0 1
    outer loop
      vertex 0 57.2 54
      vertex 0.260471 58.5228 54
      vertex 0 58.5 54
    endloop
  endfacet
  facet normal 0 0 1
    outer loop
      vertex 0.75 58.701 54
      vertex 0 57.2 54
      vertex 2.49503 57.1456 54
    endloop
  endfacet
  facet normal 0 0 1
    outer loop
      vertex -0.260471 58.5228 54
      vertex 0 57.2 54
      vertex 0 58.5 54
    endloop
  endfacet
  facet normal 0 0 1
    outer loop
      vertex -0.51303 58.5905 54
      vertex 0 57.2 54
      vertex -0.260471 58.5228 54
    endloop
  endfacet
  facet normal 0 0 1
    outer loop
      vertex -0.75 58.701 54
      vertex 0 57.2 54
      vertex -0.51303 58.5905 54
    endloop
  endfacet
  facet normal 0 0 1
    outer loop
      vertex -2.49503 57.1456 54
      vertex -0.75 58.701 54
      vertex -0.964181 58.8509 54
    endloop
  endfacet
  facet normal 0 0 1
    outer loop
      vertex -2.49503 57.1456 54
      vertex -0.964181 58.8509 54
      vertex -1.14907 59.0358 54
    endloop
  endfacet
  facet normal -0 0 1
    outer loop
      vertex -2.58227 59.1437 54
      vertex -1.14907 59.0358 54
      vertex -1.24501 59.1728 54
    endloop
  endfacet
  facet normal 0 0 1
    outer loop
      vertex -0.75 58.701 54
      vertex -2.49503 57.1456 54
      vertex 0 57.2 54
    endloop
  endfacet
  facet normal 0 0 1
    outer loop
      vertex -1.14907 59.0358 54
      vertex -2.58227 59.1437 54
      vertex -2.49503 57.1456 54
    endloop
  endfacet
  facet normal 0 0 1
    outer loop
      vertex -2.58227 59.1437 54
      vertex -4.98531 56.9823 54
      vertex -2.49503 57.1456 54
    endloop
  endfacet
  facet normal -0 0 1
    outer loop
      vertex -5.15962 58.9747 54
      vertex -4.98531 56.9823 54
      vertex -2.58227 59.1437 54
    endloop
  endfacet
  facet normal 0 0 1
    outer loop
      vertex -5.15962 58.9747 54
      vertex -7.4661 56.7106 54
      vertex -4.98531 56.9823 54
    endloop
  endfacet
  facet normal -0 0 1
    outer loop
      vertex -7.72715 58.6935 54
      vertex -7.4661 56.7106 54
      vertex -5.15962 58.9747 54
    endloop
  endfacet
  facet normal 0 0 1
    outer loop
      vertex -7.72715 58.6935 54
      vertex -9.93268 56.331 54
      vertex -7.4661 56.7106 54
    endloop
  endfacet
  facet normal -0 0 1
    outer loop
      vertex -10.28 58.3006 54
      vertex -9.93268 56.331 54
      vertex -7.72715 58.6935 54
    endloop
  endfacet
  facet normal 0 0 1
    outer loop
      vertex -10.28 58.3006 54
      vertex -12.3803 55.8441 54
      vertex -9.93268 56.331 54
    endloop
  endfacet
  facet normal -0 0 1
    outer loop
      vertex -12.8132 57.7967 54
      vertex -12.3803 55.8441 54
      vertex -10.28 58.3006 54
    endloop
  endfacet
  facet normal 0 0 1
    outer loop
      vertex -12.8132 57.7967 54
      vertex -14.8044 55.251 54
      vertex -12.3803 55.8441 54
    endloop
  endfacet
  facet normal -0 0 1
    outer loop
      vertex -15.3221 57.1828 54
      vertex -14.8044 55.251 54
      vertex -12.8132 57.7967 54
    endloop
  endfacet
  facet normal 0 0 1
    outer loop
      vertex -15.3221 57.1828 54
      vertex -17.2004 54.5526 54
      vertex -14.8044 55.251 54
    endloop
  endfacet
  facet normal -0 0 1
    outer loop
      vertex -17.8018 56.46 54
      vertex -17.2004 54.5526 54
      vertex -15.3221 57.1828 54
    endloop
  endfacet
  facet normal 0 0 1
    outer loop
      vertex -17.8018 56.46 54
      vertex -19.5636 53.7504 54
      vertex -17.2004 54.5526 54
    endloop
  endfacet
  facet normal -0 0 1
    outer loop
      vertex -20.2476 55.6298 54
      vertex -19.5636 53.7504 54
      vertex -17.8018 56.46 54
    endloop
  endfacet
  facet normal 0 0 1
    outer loop
      vertex -20.2476 55.6298 54
      vertex -21.8895 52.8459 54
      vertex -19.5636 53.7504 54
    endloop
  endfacet
  facet normal -0 0 1
    outer loop
      vertex -22.6549 54.6937 54
      vertex -21.8895 52.8459 54
      vertex -20.2476 55.6298 54
    endloop
  endfacet
  facet normal 0 0 1
    outer loop
      vertex -22.6549 54.6937 54
      vertex -24.1738 51.8408 54
      vertex -21.8895 52.8459 54
    endloop
  endfacet
  facet normal -0 0 1
    outer loop
      vertex -25.019 53.6534 54
      vertex -24.1738 51.8408 54
      vertex -22.6549 54.6937 54
    endloop
  endfacet
  facet normal 0 0 1
    outer loop
      vertex -25.019 53.6534 54
      vertex -26.412 50.737 54
      vertex -24.1738 51.8408 54
    endloop
  endfacet
  facet normal -0 0 1
    outer loop
      vertex -27.3355 52.511 54
      vertex -26.412 50.737 54
      vertex -25.019 53.6534 54
    endloop
  endfacet
  facet normal 0 0 1
    outer loop
      vertex -27.3355 52.511 54
      vertex -28.0738 49.8253 54
      vertex -26.412 50.737 54
    endloop
  endfacet
  facet normal -0 0 1
    outer loop
      vertex -29.6 51.2687 54
      vertex -28.0738 49.8253 54
      vertex -27.3355 52.511 54
    endloop
  endfacet
  facet normal 0 0 1
    outer loop
      vertex -28.0738 49.8253 54
      vertex -29.6 51.2687 54
      vertex -29.1131 49.2253 54
    endloop
  endfacet
  facet normal -0 0 1
    outer loop
      vertex -31.8081 49.9288 54
      vertex -29.1131 49.2253 54
      vertex -29.6 51.2687 54
    endloop
  endfacet
  facet normal 0 0 1
    outer loop
      vertex -29.1131 49.2253 54
      vertex -31.8081 49.9288 54
      vertex -30.7335 48.242 54
    endloop
  endfacet
  facet normal 0 0 1
    outer loop
      vertex -31.8081 49.9288 54
      vertex -32.8086 46.8555 54
      vertex -30.7335 48.242 54
    endloop
  endfacet
  facet normal -0 0 1
    outer loop
      vertex -33.9557 48.4938 54
      vertex -32.8086 46.8555 54
      vertex -31.8081 49.9288 54
    endloop
  endfacet
  facet normal 0 0 1
    outer loop
      vertex -33.9557 48.4938 54
      vertex -34.8212 45.3798 54
      vertex -32.8086 46.8555 54
    endloop
  endfacet
  facet normal -0 0 1
    outer loop
      vertex -36.0387 46.9665 54
      vertex -34.8212 45.3798 54
      vertex -33.9557 48.4938 54
    endloop
  endfacet
  facet normal 0 0 1
    outer loop
      vertex -36.0387 46.9665 54
      vertex -36.7674 43.8177 54
      vertex -34.8212 45.3798 54
    endloop
  endfacet
  facet normal -0 0 1
    outer loop
      vertex -38.053 45.3498 54
      vertex -36.7674 43.8177 54
      vertex -36.0387 46.9665 54
    endloop
  endfacet
  facet normal 0 0 1
    outer loop
      vertex -38.053 45.3498 54
      vertex -38.6438 42.1723 54
      vertex -36.7674 43.8177 54
    endloop
  endfacet
  facet normal -0 0 1
    outer loop
      vertex -39.9949 43.6468 54
      vertex -38.6438 42.1723 54
      vertex -38.053 45.3498 54
    endloop
  endfacet
  facet normal 0 0 1
    outer loop
      vertex -39.9949 43.6468 54
      vertex -40.4465 40.4465 54
      vertex -38.6438 42.1723 54
    endloop
  endfacet
  facet normal -0 0 1
    outer loop
      vertex -41.8607 41.8607 54
      vertex -40.4465 40.4465 54
      vertex -39.9949 43.6468 54
    endloop
  endfacet
  facet normal 0 0 1
    outer loop
      vertex -41.8607 41.8607 54
      vertex -42.1723 38.6438 54
      vertex -40.4465 40.4465 54
    endloop
  endfacet
  facet normal -0 0 1
    outer loop
      vertex -43.6468 39.9949 54
      vertex -42.1723 38.6438 54
      vertex -41.8607 41.8607 54
    endloop
  endfacet
  facet normal 0 0 1
    outer loop
      vertex -43.6468 39.9949 54
      vertex -43.8177 36.7674 54
      vertex -42.1723 38.6438 54
    endloop
  endfacet
  facet normal -0 0 1
    outer loop
      vertex -45.3498 38.053 54
      vertex -43.8177 36.7674 54
      vertex -43.6468 39.9949 54
    endloop
  endfacet
  facet normal 0 0 1
    outer loop
      vertex -45.3498 38.053 54
      vertex -45.3798 34.8212 54
      vertex -43.8177 36.7674 54
    endloop
  endfacet
  facet normal -0 0 1
    outer loop
      vertex -46.9665 36.0387 54
      vertex -45.3798 34.8212 54
      vertex -45.3498 38.053 54
    endloop
  endfacet
  facet normal 0 0 1
    outer loop
      vertex -45.3798 34.8212 54
      vertex -46.9665 36.0387 54
      vertex -46.8555 32.8086 54
    endloop
  endfacet
  facet normal -0 0 1
    outer loop
      vertex -48.4938 33.9557 54
      vertex -46.8555 32.8086 54
      vertex -46.9665 36.0387 54
    endloop
  endfacet
  facet normal 0 0 1
    outer loop
      vertex -46.8555 32.8086 54
      vertex -48.4938 33.9557 54
      vertex -48.242 30.7335 54
    endloop
  endfacet
  facet normal -0 0 1
    outer loop
      vertex -49.9288 31.8081 54
      vertex -48.242 30.7335 54
      vertex -48.4938 33.9557 54
    endloop
  endfacet
  facet normal 0 0 1
    outer loop
      vertex -50.552 30.513 54
      vertex -48.242 30.7335 54
      vertex -49.9288 31.8081 54
    endloop
  endfacet
  facet normal 0 -0 1
    outer loop
      vertex -50.4615 30 54
      vertex -48.242 30.7335 54
      vertex -50.4843 30.2605 54
    endloop
  endfacet
  facet normal -0 0 1
    outer loop
      vertex -50.4843 29.7395 54
      vertex -49.5367 28.6 54
      vertex -50.4615 30 54
    endloop
  endfacet
  facet normal -0 0 1
    outer loop
      vertex -50.552 29.487 54
      vertex -49.5367 28.6 54
      vertex -50.4843 29.7395 54
    endloop
  endfacet
  facet normal -0 0 1
    outer loop
      vertex -50.6625 29.25 54
      vertex -49.5367 28.6 54
      vertex -50.552 29.487 54
    endloop
  endfacet
  facet normal -0 0 1
    outer loop
      vertex -50.8125 29.0358 54
      vertex -49.5367 28.6 54
      vertex -50.6625 29.25 54
    endloop
  endfacet
  facet normal -0 0 1
    outer loop
      vertex -50.9973 28.8509 54
      vertex -49.5367 28.6 54
      vertex -50.8125 29.0358 54
    endloop
  endfacet
  facet normal -0 0 1
    outer loop
      vertex -51.2115 28.701 54
      vertex -49.5367 28.6 54
      vertex -50.9973 28.8509 54
    endloop
  endfacet
  facet normal 0 0 1
    outer loop
      vertex -49.5367 28.6 54
      vertex -51.2115 28.701 54
      vertex -50.737 26.412 54
    endloop
  endfacet
  facet normal -0 0 1
    outer loop
      vertex -51.4485 28.5905 54
      vertex -50.737 26.412 54
      vertex -51.2115 28.701 54
    endloop
  endfacet
  facet normal -0 0 1
    outer loop
      vertex -51.701 28.5228 54
      vertex -50.737 26.412 54
      vertex -51.4485 28.5905 54
    endloop
  endfacet
  facet normal -0 0 1
    outer loop
      vertex -52.511 27.3355 54
      vertex -50.737 26.412 54
      vertex -51.701 28.5228 54
    endloop
  endfacet
  facet normal 0 0 1
    outer loop
      vertex -52.511 27.3355 54
      vertex -51.701 28.5228 54
      vertex -51.8677 28.5082 54
    endloop
  endfacet
  facet normal 0 0 1
    outer loop
      vertex -50.737 26.412 54
      vertex -52.511 27.3355 54
      vertex -51.8408 24.1738 54
    endloop
  endfacet
  facet normal -0 0 1
    outer loop
      vertex -53.6534 25.019 54
      vertex -51.8408 24.1738 54
      vertex -52.511 27.3355 54
    endloop
  endfacet
  facet normal 0 0 1
    outer loop
      vertex -51.8408 24.1738 54
      vertex -53.6534 25.019 54
      vertex -52.8459 21.8895 54
    endloop
  endfacet
  facet normal -0 0 1
    outer loop
      vertex -54.6937 22.6549 54
      vertex -52.8459 21.8895 54
      vertex -53.6534 25.019 54
    endloop
  endfacet
  facet normal 0 0 1
    outer loop
      vertex -52.8459 21.8895 54
      vertex -54.6937 22.6549 54
      vertex -53.7504 19.5636 54
    endloop
  endfacet
  facet normal -0 0 1
    outer loop
      vertex -55.6298 20.2476 54
      vertex -53.7504 19.5636 54
      vertex -54.6937 22.6549 54
    endloop
  endfacet
  facet normal 0 0 1
    outer loop
      vertex -53.7504 19.5636 54
      vertex -55.6298 20.2476 54
      vertex -54.5526 17.2004 54
    endloop
  endfacet
  facet normal -0 0 1
    outer loop
      vertex -56.46 17.8018 54
      vertex -54.5526 17.2004 54
      vertex -55.6298 20.2476 54
    endloop
  endfacet
  facet normal 0 0 1
    outer loop
      vertex -54.5526 17.2004 54
      vertex -56.46 17.8018 54
      vertex -55.251 14.8044 54
    endloop
  endfacet
  facet normal -0 0 1
    outer loop
      vertex -57.1828 15.3221 54
      vertex -55.251 14.8044 54
      vertex -56.46 17.8018 54
    endloop
  endfacet
  facet normal 0 0 1
    outer loop
      vertex -55.251 14.8044 54
      vertex -57.1828 15.3221 54
      vertex -55.8441 12.3803 54
    endloop
  endfacet
  facet normal -0 0 1
    outer loop
      vertex -57.7967 12.8132 54
      vertex -55.8441 12.3803 54
      vertex -57.1828 15.3221 54
    endloop
  endfacet
  facet normal 0 0 1
    outer loop
      vertex -55.8441 12.3803 54
      vertex -57.7967 12.8132 54
      vertex -56.331 9.93268 54
    endloop
  endfacet
  facet normal -0 0 1
    outer loop
      vertex -58.3006 10.28 54
      vertex -56.331 9.93268 54
      vertex -57.7967 12.8132 54
    endloop
  endfacet
  facet normal 0 0 1
    outer loop
      vertex -56.331 9.93268 54
      vertex -58.3006 10.28 54
      vertex -56.7106 7.4661 54
    endloop
  endfacet
  facet normal -0 0 1
    outer loop
      vertex -58.6935 7.72715 54
      vertex -56.7106 7.4661 54
      vertex -58.3006 10.28 54
    endloop
  endfacet
  facet normal -0 0 1
    outer loop
      vertex -58.9747 5.15962 54
      vertex -56.9823 4.98531 54
      vertex -58.6935 7.72715 54
    endloop
  endfacet
  facet normal 0 0 1
    outer loop
      vertex -56.7106 7.4661 54
      vertex -58.6935 7.72715 54
      vertex -56.9823 4.98531 54
    endloop
  endfacet
  facet normal 0 0 1
    outer loop
      vertex 58.9747 -5.15962 54
      vertex 56.9823 -4.98531 54
      vertex 58.6935 -7.72715 54
    endloop
  endfacet
  facet normal -0 0 1
    outer loop
      vertex 56.7106 -7.4661 54
      vertex 58.6935 -7.72715 54
      vertex 56.9823 -4.98531 54
    endloop
  endfacet
  facet normal 0 0 1
    outer loop
      vertex 58.6935 -7.72715 54
      vertex 56.7106 -7.4661 54
      vertex 58.3006 -10.28 54
    endloop
  endfacet
  facet normal -0 0 1
    outer loop
      vertex 56.331 -9.93268 54
      vertex 58.3006 -10.28 54
      vertex 56.7106 -7.4661 54
    endloop
  endfacet
  facet normal 0 0 1
    outer loop
      vertex 58.3006 -10.28 54
      vertex 56.331 -9.93268 54
      vertex 57.7967 -12.8132 54
    endloop
  endfacet
  facet normal -0 0 1
    outer loop
      vertex 55.8441 -12.3803 54
      vertex 57.7967 -12.8132 54
      vertex 56.331 -9.93268 54
    endloop
  endfacet
  facet normal 0 0 1
    outer loop
      vertex 57.7967 -12.8132 54
      vertex 55.8441 -12.3803 54
      vertex 57.1828 -15.3221 54
    endloop
  endfacet
  facet normal -0 0 1
    outer loop
      vertex 55.251 -14.8044 54
      vertex 57.1828 -15.3221 54
      vertex 55.8441 -12.3803 54
    endloop
  endfacet
  facet normal 0 0 1
    outer loop
      vertex 57.1828 -15.3221 54
      vertex 55.251 -14.8044 54
      vertex 56.46 -17.8018 54
    endloop
  endfacet
  facet normal -0 0 1
    outer loop
      vertex 54.5526 -17.2004 54
      vertex 56.46 -17.8018 54
      vertex 55.251 -14.8044 54
    endloop
  endfacet
  facet normal 0 0 1
    outer loop
      vertex 56.46 -17.8018 54
      vertex 54.5526 -17.2004 54
      vertex 55.6298 -20.2476 54
    endloop
  endfacet
  facet normal -0 0 1
    outer loop
      vertex 53.7504 -19.5636 54
      vertex 55.6298 -20.2476 54
      vertex 54.5526 -17.2004 54
    endloop
  endfacet
  facet normal 0 0 1
    outer loop
      vertex 55.6298 -20.2476 54
      vertex 53.7504 -19.5636 54
      vertex 54.6937 -22.6549 54
    endloop
  endfacet
  facet normal -0 0 1
    outer loop
      vertex 52.8459 -21.8895 54
      vertex 54.6937 -22.6549 54
      vertex 53.7504 -19.5636 54
    endloop
  endfacet
  facet normal 0 0 1
    outer loop
      vertex 54.6937 -22.6549 54
      vertex 52.8459 -21.8895 54
      vertex 53.6534 -25.019 54
    endloop
  endfacet
  facet normal -0 0 1
    outer loop
      vertex 51.8408 -24.1738 54
      vertex 53.6534 -25.019 54
      vertex 52.8459 -21.8895 54
    endloop
  endfacet
  facet normal 0 0 1
    outer loop
      vertex 53.6534 -25.019 54
      vertex 51.8408 -24.1738 54
      vertex 52.511 -27.3355 54
    endloop
  endfacet
  facet normal -0 0 1
    outer loop
      vertex 50.737 -26.412 54
      vertex 52.511 -27.3355 54
      vertex 51.8408 -24.1738 54
    endloop
  endfacet
  facet normal 0 -0 1
    outer loop
      vertex 51.701 -28.5228 54
      vertex 52.511 -27.3355 54
      vertex 50.737 -26.412 54
    endloop
  endfacet
  facet normal 0 0 1
    outer loop
      vertex 52.511 -27.3355 54
      vertex 51.701 -28.5228 54
      vertex 51.8677 -28.5082 54
    endloop
  endfacet
  facet normal 0 0 1
    outer loop
      vertex 51.701 -28.5228 54
      vertex 50.737 -26.412 54
      vertex 51.4485 -28.5905 54
    endloop
  endfacet
  facet normal 0 0 1
    outer loop
      vertex 51.4485 -28.5905 54
      vertex 50.737 -26.412 54
      vertex 51.2115 -28.701 54
    endloop
  endfacet
  facet normal -0 0 1
    outer loop
      vertex 49.5367 -28.6 54
      vertex 51.2115 -28.701 54
      vertex 50.737 -26.412 54
    endloop
  endfacet
  facet normal 0 0 1
    outer loop
      vertex 51.2115 -28.701 54
      vertex 49.5367 -28.6 54
      vertex 50.9973 -28.8509 54
    endloop
  endfacet
  facet normal 0 0 1
    outer loop
      vertex 50.9973 -28.8509 54
      vertex 49.5367 -28.6 54
      vertex 50.8125 -29.0358 54
    endloop
  endfacet
  facet normal 0 0 1
    outer loop
      vertex 50.8125 -29.0358 54
      vertex 49.5367 -28.6 54
      vertex 50.6625 -29.25 54
    endloop
  endfacet
  facet normal 0 0 1
    outer loop
      vertex 50.6625 -29.25 54
      vertex 49.5367 -28.6 54
      vertex 50.552 -29.487 54
    endloop
  endfacet
  facet normal 0 0 1
    outer loop
      vertex 50.552 -29.487 54
      vertex 49.5367 -28.6 54
      vertex 50.4843 -29.7395 54
    endloop
  endfacet
  facet normal 0 0 1
    outer loop
      vertex 50.4843 -29.7395 54
      vertex 49.5367 -28.6 54
      vertex 50.4615 -30 54
    endloop
  endfacet
  facet normal 0 0 1
    outer loop
      vertex 48.242 -30.7335 54
      vertex 50.4615 -30 54
      vertex 49.5367 -28.6 54
    endloop
  endfacet
  facet normal 0 0 1
    outer loop
      vertex 50.4615 -30 54
      vertex 48.242 -30.7335 54
      vertex 49.9288 -31.8081 54
    endloop
  endfacet
  facet normal 0 0 1
    outer loop
      vertex 49.9288 -31.8081 54
      vertex 48.242 -30.7335 54
      vertex 48.4938 -33.9557 54
    endloop
  endfacet
  facet normal -0 0 1
    outer loop
      vertex 46.8555 -32.8086 54
      vertex 48.4938 -33.9557 54
      vertex 48.242 -30.7335 54
    endloop
  endfacet
  facet normal 0 0 1
    outer loop
      vertex 48.4938 -33.9557 54
      vertex 46.8555 -32.8086 54
      vertex 46.9665 -36.0387 54
    endloop
  endfacet
  facet normal -0 0 1
    outer loop
      vertex 45.3798 -34.8212 54
      vertex 46.9665 -36.0387 54
      vertex 46.8555 -32.8086 54
    endloop
  endfacet
  facet normal 0 0 1
    outer loop
      vertex 45.3798 -34.8212 54
      vertex 45.3498 -38.053 54
      vertex 46.9665 -36.0387 54
    endloop
  endfacet
  facet normal -0 0 1
    outer loop
      vertex 43.8177 -36.7674 54
      vertex 45.3498 -38.053 54
      vertex 45.3798 -34.8212 54
    endloop
  endfacet
  facet normal 0 0 1
    outer loop
      vertex 43.8177 -36.7674 54
      vertex 43.6468 -39.9949 54
      vertex 45.3498 -38.053 54
    endloop
  endfacet
  facet normal -0 0 1
    outer loop
      vertex 42.1723 -38.6438 54
      vertex 43.6468 -39.9949 54
      vertex 43.8177 -36.7674 54
    endloop
  endfacet
  facet normal 0 0 1
    outer loop
      vertex 42.1723 -38.6438 54
      vertex 41.8607 -41.8607 54
      vertex 43.6468 -39.9949 54
    endloop
  endfacet
  facet normal -0 0 1
    outer loop
      vertex 40.4465 -40.4465 54
      vertex 41.8607 -41.8607 54
      vertex 42.1723 -38.6438 54
    endloop
  endfacet
  facet normal 0 0 1
    outer loop
      vertex 40.4465 -40.4465 54
      vertex 39.9949 -43.6468 54
      vertex 41.8607 -41.8607 54
    endloop
  endfacet
  facet normal -0 0 1
    outer loop
      vertex 38.6438 -42.1723 54
      vertex 39.9949 -43.6468 54
      vertex 40.4465 -40.4465 54
    endloop
  endfacet
  facet normal 0 0 1
    outer loop
      vertex 38.6438 -42.1723 54
      vertex 38.053 -45.3498 54
      vertex 39.9949 -43.6468 54
    endloop
  endfacet
  facet normal -0 0 1
    outer loop
      vertex 36.7674 -43.8177 54
      vertex 38.053 -45.3498 54
      vertex 38.6438 -42.1723 54
    endloop
  endfacet
  facet normal 0 0 1
    outer loop
      vertex 36.7674 -43.8177 54
      vertex 36.0387 -46.9665 54
      vertex 38.053 -45.3498 54
    endloop
  endfacet
  facet normal -0 0 1
    outer loop
      vertex 34.8212 -45.3798 54
      vertex 36.0387 -46.9665 54
      vertex 36.7674 -43.8177 54
    endloop
  endfacet
  facet normal 0 0 1
    outer loop
      vertex 34.8212 -45.3798 54
      vertex 33.9557 -48.4938 54
      vertex 36.0387 -46.9665 54
    endloop
  endfacet
  facet normal -0 0 1
    outer loop
      vertex 32.8086 -46.8555 54
      vertex 33.9557 -48.4938 54
      vertex 34.8212 -45.3798 54
    endloop
  endfacet
  facet normal 0 0 1
    outer loop
      vertex 32.8086 -46.8555 54
      vertex 31.8081 -49.9288 54
      vertex 33.9557 -48.4938 54
    endloop
  endfacet
  facet normal -0 0 1
    outer loop
      vertex 30.7335 -48.242 54
      vertex 31.8081 -49.9288 54
      vertex 32.8086 -46.8555 54
    endloop
  endfacet
  facet normal -0 0 1
    outer loop
      vertex 29.1131 -49.2253 54
      vertex 31.8081 -49.9288 54
      vertex 30.7335 -48.242 54
    endloop
  endfacet
  facet normal 0 0 1
    outer loop
      vertex 31.8081 -49.9288 54
      vertex 29.1131 -49.2253 54
      vertex 29.6 -51.2687 54
    endloop
  endfacet
  facet normal -0 0 1
    outer loop
      vertex 28.0738 -49.8253 54
      vertex 29.6 -51.2687 54
      vertex 29.1131 -49.2253 54
    endloop
  endfacet
  facet normal 0 0 1
    outer loop
      vertex 28.0738 -49.8253 54
      vertex 27.3355 -52.511 54
      vertex 29.6 -51.2687 54
    endloop
  endfacet
  facet normal -0 0 1
    outer loop
      vertex 26.412 -50.737 54
      vertex 27.3355 -52.511 54
      vertex 28.0738 -49.8253 54
    endloop
  endfacet
  facet normal 0 0 1
    outer loop
      vertex 26.412 -50.737 54
      vertex 25.019 -53.6534 54
      vertex 27.3355 -52.511 54
    endloop
  endfacet
  facet normal -0 0 1
    outer loop
      vertex 24.1738 -51.8408 54
      vertex 25.019 -53.6534 54
      vertex 26.412 -50.737 54
    endloop
  endfacet
  facet normal 0 0 1
    outer loop
      vertex 24.1738 -51.8408 54
      vertex 22.6549 -54.6937 54
      vertex 25.019 -53.6534 54
    endloop
  endfacet
  facet normal -0 0 1
    outer loop
      vertex 21.8895 -52.8459 54
      vertex 22.6549 -54.6937 54
      vertex 24.1738 -51.8408 54
    endloop
  endfacet
  facet normal 0 0 1
    outer loop
      vertex 21.8895 -52.8459 54
      vertex 20.2476 -55.6298 54
      vertex 22.6549 -54.6937 54
    endloop
  endfacet
  facet normal -0 0 1
    outer loop
      vertex 19.5636 -53.7504 54
      vertex 20.2476 -55.6298 54
      vertex 21.8895 -52.8459 54
    endloop
  endfacet
  facet normal 0 0 1
    outer loop
      vertex 19.5636 -53.7504 54
      vertex 17.8018 -56.46 54
      vertex 20.2476 -55.6298 54
    endloop
  endfacet
  facet normal -0 0 1
    outer loop
      vertex 17.2004 -54.5526 54
      vertex 17.8018 -56.46 54
      vertex 19.5636 -53.7504 54
    endloop
  endfacet
  facet normal 0 0 1
    outer loop
      vertex 17.2004 -54.5526 54
      vertex 15.3221 -57.1828 54
      vertex 17.8018 -56.46 54
    endloop
  endfacet
  facet normal -0 0 1
    outer loop
      vertex 14.8044 -55.251 54
      vertex 15.3221 -57.1828 54
      vertex 17.2004 -54.5526 54
    endloop
  endfacet
  facet normal 0 0 1
    outer loop
      vertex 14.8044 -55.251 54
      vertex 12.8132 -57.7967 54
      vertex 15.3221 -57.1828 54
    endloop
  endfacet
  facet normal -0 0 1
    outer loop
      vertex 12.3803 -55.8441 54
      vertex 12.8132 -57.7967 54
      vertex 14.8044 -55.251 54
    endloop
  endfacet
  facet normal 0 0 1
    outer loop
      vertex 12.3803 -55.8441 54
      vertex 10.28 -58.3006 54
      vertex 12.8132 -57.7967 54
    endloop
  endfacet
  facet normal -0 0 1
    outer loop
      vertex 9.93268 -56.331 54
      vertex 10.28 -58.3006 54
      vertex 12.3803 -55.8441 54
    endloop
  endfacet
  facet normal 0 0 1
    outer loop
      vertex 9.93268 -56.331 54
      vertex 7.72715 -58.6935 54
      vertex 10.28 -58.3006 54
    endloop
  endfacet
  facet normal -0 0 1
    outer loop
      vertex 7.4661 -56.7106 54
      vertex 7.72715 -58.6935 54
      vertex 9.93268 -56.331 54
    endloop
  endfacet
  facet normal 0 0 1
    outer loop
      vertex 7.4661 -56.7106 54
      vertex 5.15962 -58.9747 54
      vertex 7.72715 -58.6935 54
    endloop
  endfacet
  facet normal -0 0 1
    outer loop
      vertex 4.98531 -56.9823 54
      vertex 5.15962 -58.9747 54
      vertex 7.4661 -56.7106 54
    endloop
  endfacet
  facet normal 0 0 1
    outer loop
      vertex 4.98531 -56.9823 54
      vertex 2.58227 -59.1437 54
      vertex 5.15962 -58.9747 54
    endloop
  endfacet
  facet normal -0 0 1
    outer loop
      vertex 2.49503 -57.1456 54
      vertex 2.58227 -59.1437 54
      vertex 4.98531 -56.9823 54
    endloop
  endfacet
  facet normal -0 0 1
    outer loop
      vertex 1.14907 -59.0358 54
      vertex 2.58227 -59.1437 54
      vertex 2.49503 -57.1456 54
    endloop
  endfacet
  facet normal 0 0 1
    outer loop
      vertex 2.58227 -59.1437 54
      vertex 1.14907 -59.0358 54
      vertex 1.24501 -59.1728 54
    endloop
  endfacet
  facet normal 0 0 1
    outer loop
      vertex 2.49503 -57.1456 54
      vertex 0.964181 -58.8509 54
      vertex 1.14907 -59.0358 54
    endloop
  endfacet
  facet normal 0 0 1
    outer loop
      vertex 2.49503 -57.1456 54
      vertex 0.75 -58.701 54
      vertex 0.964181 -58.8509 54
    endloop
  endfacet
  facet normal -0 0 1
    outer loop
      vertex 0 -57.2 54
      vertex 0.75 -58.701 54
      vertex 2.49503 -57.1456 54
    endloop
  endfacet
  facet normal 0 0 1
    outer loop
      vertex 0.75 -58.701 54
      vertex 0 -57.2 54
      vertex 0.51303 -58.5905 54
    endloop
  endfacet
  facet normal 0 0 1
    outer loop
      vertex 0.51303 -58.5905 54
      vertex 0 -57.2 54
      vertex 0.260471 -58.5228 54
    endloop
  endfacet
  facet normal 0 0 1
    outer loop
      vertex 0 -57.2 54
      vertex 0 -58.5 54
      vertex 0.260471 -58.5228 54
    endloop
  endfacet
  facet normal 0 0 1
    outer loop
      vertex 0 -57.2 54
      vertex -0.260471 -58.5228 54
      vertex 0 -58.5 54
    endloop
  endfacet
  facet normal 0 0 1
    outer loop
      vertex 0 -57.2 54
      vertex -0.51303 -58.5905 54
      vertex -0.260471 -58.5228 54
    endloop
  endfacet
  facet normal 0 0 1
    outer loop
      vertex 0 -57.2 54
      vertex -0.75 -58.701 54
      vertex -0.51303 -58.5905 54
    endloop
  endfacet
  facet normal 0 0 1
    outer loop
      vertex -2.49503 -57.1456 54
      vertex -0.75 -58.701 54
      vertex 0 -57.2 54
    endloop
  endfacet
  facet normal 0 0 1
    outer loop
      vertex -0.75 -58.701 54
      vertex -2.49503 -57.1456 54
      vertex -0.964181 -58.8509 54
    endloop
  endfacet
  facet normal 0 0 1
    outer loop
      vertex -0.964181 -58.8509 54
      vertex -2.49503 -57.1456 54
      vertex -1.14907 -59.0358 54
    endloop
  endfacet
  facet normal 0 0 1
    outer loop
      vertex -2.58227 -59.1437 54
      vertex -1.14907 -59.0358 54
      vertex -2.49503 -57.1456 54
    endloop
  endfacet
  facet normal 0 0 1
    outer loop
      vertex -1.14907 -59.0358 54
      vertex -2.58227 -59.1437 54
      vertex -1.24501 -59.1728 54
    endloop
  endfacet
  facet normal 0 0 1
    outer loop
      vertex -4.98531 -56.9823 54
      vertex -2.58227 -59.1437 54
      vertex -2.49503 -57.1456 54
    endloop
  endfacet
  facet normal 0 0 1
    outer loop
      vertex -4.98531 -56.9823 54
      vertex -5.15962 -58.9747 54
      vertex -2.58227 -59.1437 54
    endloop
  endfacet
  facet normal 0 0 1
    outer loop
      vertex -7.4661 -56.7106 54
      vertex -5.15962 -58.9747 54
      vertex -4.98531 -56.9823 54
    endloop
  endfacet
  facet normal 0 0 1
    outer loop
      vertex -7.4661 -56.7106 54
      vertex -7.72715 -58.6935 54
      vertex -5.15962 -58.9747 54
    endloop
  endfacet
  facet normal 0 0 1
    outer loop
      vertex -9.93268 -56.331 54
      vertex -7.72715 -58.6935 54
      vertex -7.4661 -56.7106 54
    endloop
  endfacet
  facet normal 0 0 1
    outer loop
      vertex -9.93268 -56.331 54
      vertex -10.28 -58.3006 54
      vertex -7.72715 -58.6935 54
    endloop
  endfacet
  facet normal 0 0 1
    outer loop
      vertex -12.3803 -55.8441 54
      vertex -10.28 -58.3006 54
      vertex -9.93268 -56.331 54
    endloop
  endfacet
  facet normal 0 0 1
    outer loop
      vertex -12.3803 -55.8441 54
      vertex -12.8132 -57.7967 54
      vertex -10.28 -58.3006 54
    endloop
  endfacet
  facet normal 0 0 1
    outer loop
      vertex -14.8044 -55.251 54
      vertex -12.8132 -57.7967 54
      vertex -12.3803 -55.8441 54
    endloop
  endfacet
  facet normal 0 0 1
    outer loop
      vertex -14.8044 -55.251 54
      vertex -15.3221 -57.1828 54
      vertex -12.8132 -57.7967 54
    endloop
  endfacet
  facet normal 0 0 1
    outer loop
      vertex -17.2004 -54.5526 54
      vertex -15.3221 -57.1828 54
      vertex -14.8044 -55.251 54
    endloop
  endfacet
  facet normal 0 0 1
    outer loop
      vertex -17.2004 -54.5526 54
      vertex -17.8018 -56.46 54
      vertex -15.3221 -57.1828 54
    endloop
  endfacet
  facet normal 0 0 1
    outer loop
      vertex -19.5636 -53.7504 54
      vertex -17.8018 -56.46 54
      vertex -17.2004 -54.5526 54
    endloop
  endfacet
  facet normal 0 0 1
    outer loop
      vertex -19.5636 -53.7504 54
      vertex -20.2476 -55.6298 54
      vertex -17.8018 -56.46 54
    endloop
  endfacet
  facet normal 0 0 1
    outer loop
      vertex -21.8895 -52.8459 54
      vertex -20.2476 -55.6298 54
      vertex -19.5636 -53.7504 54
    endloop
  endfacet
  facet normal 0 0 1
    outer loop
      vertex -21.8895 -52.8459 54
      vertex -22.6549 -54.6937 54
      vertex -20.2476 -55.6298 54
    endloop
  endfacet
  facet normal 0 0 1
    outer loop
      vertex -24.1738 -51.8408 54
      vertex -22.6549 -54.6937 54
      vertex -21.8895 -52.8459 54
    endloop
  endfacet
  facet normal 0 0 1
    outer loop
      vertex -24.1738 -51.8408 54
      vertex -25.019 -53.6534 54
      vertex -22.6549 -54.6937 54
    endloop
  endfacet
  facet normal 0 0 1
    outer loop
      vertex -26.412 -50.737 54
      vertex -25.019 -53.6534 54
      vertex -24.1738 -51.8408 54
    endloop
  endfacet
  facet normal 0 0 1
    outer loop
      vertex -26.412 -50.737 54
      vertex -27.3355 -52.511 54
      vertex -25.019 -53.6534 54
    endloop
  endfacet
  facet normal 0 0 1
    outer loop
      vertex -28.0738 -49.8253 54
      vertex -27.3355 -52.511 54
      vertex -26.412 -50.737 54
    endloop
  endfacet
  facet normal 0 0 1
    outer loop
      vertex -29.6 -51.2687 54
      vertex -28.0738 -49.8253 54
      vertex -29.1131 -49.2253 54
    endloop
  endfacet
  facet normal 0 0 1
    outer loop
      vertex -28.0738 -49.8253 54
      vertex -29.6 -51.2687 54
      vertex -27.3355 -52.511 54
    endloop
  endfacet
  facet normal 0 0 1
    outer loop
      vertex -31.8081 -49.9288 54
      vertex -29.1131 -49.2253 54
      vertex -30.7335 -48.242 54
    endloop
  endfacet
  facet normal 0 0 1
    outer loop
      vertex -29.1131 -49.2253 54
      vertex -31.8081 -49.9288 54
      vertex -29.6 -51.2687 54
    endloop
  endfacet
  facet normal 0 0 1
    outer loop
      vertex -32.8086 -46.8555 54
      vertex -31.8081 -49.9288 54
      vertex -30.7335 -48.242 54
    endloop
  endfacet
  facet normal 0 0 1
    outer loop
      vertex -32.8086 -46.8555 54
      vertex -33.9557 -48.4938 54
      vertex -31.8081 -49.9288 54
    endloop
  endfacet
  facet normal 0 0 1
    outer loop
      vertex -34.8212 -45.3798 54
      vertex -33.9557 -48.4938 54
      vertex -32.8086 -46.8555 54
    endloop
  endfacet
  facet normal 0 0 1
    outer loop
      vertex -34.8212 -45.3798 54
      vertex -36.0387 -46.9665 54
      vertex -33.9557 -48.4938 54
    endloop
  endfacet
  facet normal 0 0 1
    outer loop
      vertex -36.7674 -43.8177 54
      vertex -36.0387 -46.9665 54
      vertex -34.8212 -45.3798 54
    endloop
  endfacet
  facet normal 0 0 1
    outer loop
      vertex -36.7674 -43.8177 54
      vertex -38.053 -45.3498 54
      vertex -36.0387 -46.9665 54
    endloop
  endfacet
  facet normal 0 0 1
    outer loop
      vertex -38.6438 -42.1723 54
      vertex -38.053 -45.3498 54
      vertex -36.7674 -43.8177 54
    endloop
  endfacet
  facet normal 0 0 1
    outer loop
      vertex -38.6438 -42.1723 54
      vertex -39.9949 -43.6468 54
      vertex -38.053 -45.3498 54
    endloop
  endfacet
  facet normal 0 0 1
    outer loop
      vertex -40.4465 -40.4465 54
      vertex -39.9949 -43.6468 54
      vertex -38.6438 -42.1723 54
    endloop
  endfacet
  facet normal 0 0 1
    outer loop
      vertex -40.4465 -40.4465 54
      vertex -41.8607 -41.8607 54
      vertex -39.9949 -43.6468 54
    endloop
  endfacet
  facet normal 0 0 1
    outer loop
      vertex -42.1723 -38.6438 54
      vertex -41.8607 -41.8607 54
      vertex -40.4465 -40.4465 54
    endloop
  endfacet
  facet normal 0 0 1
    outer loop
      vertex -42.1723 -38.6438 54
      vertex -43.6468 -39.9949 54
      vertex -41.8607 -41.8607 54
    endloop
  endfacet
  facet normal 0 0 1
    outer loop
      vertex -43.8177 -36.7674 54
      vertex -43.6468 -39.9949 54
      vertex -42.1723 -38.6438 54
    endloop
  endfacet
  facet normal 0 0 1
    outer loop
      vertex -43.8177 -36.7674 54
      vertex -45.3498 -38.053 54
      vertex -43.6468 -39.9949 54
    endloop
  endfacet
  facet normal 0 0 1
    outer loop
      vertex -45.3798 -34.8212 54
      vertex -45.3498 -38.053 54
      vertex -43.8177 -36.7674 54
    endloop
  endfacet
  facet normal 0 0 1
    outer loop
      vertex -46.9665 -36.0387 54
      vertex -45.3798 -34.8212 54
      vertex -46.8555 -32.8086 54
    endloop
  endfacet
  facet normal 0 0 1
    outer loop
      vertex -45.3798 -34.8212 54
      vertex -46.9665 -36.0387 54
      vertex -45.3498 -38.053 54
    endloop
  endfacet
  facet normal 0 0 1
    outer loop
      vertex -48.4938 -33.9557 54
      vertex -46.8555 -32.8086 54
      vertex -48.242 -30.7335 54
    endloop
  endfacet
  facet normal 0 0 1
    outer loop
      vertex -46.8555 -32.8086 54
      vertex -48.4938 -33.9557 54
      vertex -46.9665 -36.0387 54
    endloop
  endfacet
  facet normal -0 0 1
    outer loop
      vertex -50.4615 -30 54
      vertex -48.242 -30.7335 54
      vertex -49.5367 -28.6 54
    endloop
  endfacet
  facet normal 0 0 1
    outer loop
      vertex -48.242 -30.7335 54
      vertex -49.9288 -31.8081 54
      vertex -48.4938 -33.9557 54
    endloop
  endfacet
  facet normal 0 0 1
    outer loop
      vertex -48.242 -30.7335 54
      vertex -50.4615 -30 54
      vertex -50.4843 -30.2605 54
    endloop
  endfacet
  facet normal 0 0 1
    outer loop
      vertex -49.5367 -28.6 54
      vertex -50.4843 -29.7395 54
      vertex -50.4615 -30 54
    endloop
  endfacet
  facet normal 0 0 1
    outer loop
      vertex -49.5367 -28.6 54
      vertex -50.552 -29.487 54
      vertex -50.4843 -29.7395 54
    endloop
  endfacet
  facet normal 0 0 1
    outer loop
      vertex -49.5367 -28.6 54
      vertex -50.6625 -29.25 54
      vertex -50.552 -29.487 54
    endloop
  endfacet
  facet normal 0 0 1
    outer loop
      vertex -51.2115 -28.701 54
      vertex -49.5367 -28.6 54
      vertex -50.737 -26.412 54
    endloop
  endfacet
  facet normal 0 0 1
    outer loop
      vertex -49.5367 -28.6 54
      vertex -50.8125 -29.0358 54
      vertex -50.6625 -29.25 54
    endloop
  endfacet
  facet normal 0 0 1
    outer loop
      vertex -49.5367 -28.6 54
      vertex -50.9973 -28.8509 54
      vertex -50.8125 -29.0358 54
    endloop
  endfacet
  facet normal 0 0 1
    outer loop
      vertex -49.5367 -28.6 54
      vertex -51.2115 -28.701 54
      vertex -50.9973 -28.8509 54
    endloop
  endfacet
  facet normal 0 0 1
    outer loop
      vertex -50.737 -26.412 54
      vertex -51.4485 -28.5905 54
      vertex -51.2115 -28.701 54
    endloop
  endfacet
  facet normal 0 0 1
    outer loop
      vertex -50.737 -26.412 54
      vertex -51.701 -28.5228 54
      vertex -51.4485 -28.5905 54
    endloop
  endfacet
  facet normal 0 0 1
    outer loop
      vertex -52.511 -27.3355 54
      vertex -50.737 -26.412 54
      vertex -51.8408 -24.1738 54
    endloop
  endfacet
  facet normal 0 0 1
    outer loop
      vertex -50.737 -26.412 54
      vertex -52.511 -27.3355 54
      vertex -51.701 -28.5228 54
    endloop
  endfacet
  facet normal 0 0 1
    outer loop
      vertex -51.701 -28.5228 54
      vertex -52.511 -27.3355 54
      vertex -51.8677 -28.5082 54
    endloop
  endfacet
  facet normal 0 0 1
    outer loop
      vertex -53.6534 -25.019 54
      vertex -51.8408 -24.1738 54
      vertex -52.8459 -21.8895 54
    endloop
  endfacet
  facet normal 0 0 1
    outer loop
      vertex -51.8408 -24.1738 54
      vertex -53.6534 -25.019 54
      vertex -52.511 -27.3355 54
    endloop
  endfacet
  facet normal 0 0 1
    outer loop
      vertex -54.6937 -22.6549 54
      vertex -52.8459 -21.8895 54
      vertex -53.7504 -19.5636 54
    endloop
  endfacet
  facet normal 0 0 1
    outer loop
      vertex -55.6298 -20.2476 54
      vertex -53.7504 -19.5636 54
      vertex -54.5526 -17.2004 54
    endloop
  endfacet
  facet normal 0 0 1
    outer loop
      vertex -52.8459 -21.8895 54
      vertex -54.6937 -22.6549 54
      vertex -53.6534 -25.019 54
    endloop
  endfacet
  facet normal 0 0 1
    outer loop
      vertex -56.46 -17.8018 54
      vertex -54.5526 -17.2004 54
      vertex -55.251 -14.8044 54
    endloop
  endfacet
  facet normal 0 0 1
    outer loop
      vertex -53.7504 -19.5636 54
      vertex -55.6298 -20.2476 54
      vertex -54.6937 -22.6549 54
    endloop
  endfacet
  facet normal 0 0 1
    outer loop
      vertex -57.1828 -15.3221 54
      vertex -55.251 -14.8044 54
      vertex -55.8441 -12.3803 54
    endloop
  endfacet
  facet normal 0 0 1
    outer loop
      vertex -57.7967 -12.8132 54
      vertex -55.8441 -12.3803 54
      vertex -56.331 -9.93268 54
    endloop
  endfacet
  facet normal 0 0 1
    outer loop
      vertex -54.5526 -17.2004 54
      vertex -56.46 -17.8018 54
      vertex -55.6298 -20.2476 54
    endloop
  endfacet
  facet normal 0 0 1
    outer loop
      vertex -58.3006 -10.28 54
      vertex -56.331 -9.93268 54
      vertex -56.7106 -7.4661 54
    endloop
  endfacet
  facet normal 0 0 1
    outer loop
      vertex -58.6935 -7.72715 54
      vertex -56.7106 -7.4661 54
      vertex -56.9823 -4.98531 54
    endloop
  endfacet
  facet normal 0 0 1
    outer loop
      vertex -58.9747 -5.15962 54
      vertex -56.9823 -4.98531 54
      vertex -57.1456 -2.49503 54
    endloop
  endfacet
  facet normal 0 0 1
    outer loop
      vertex -55.251 -14.8044 54
      vertex -57.1828 -15.3221 54
      vertex -56.46 -17.8018 54
    endloop
  endfacet
  facet normal 0 0 1
    outer loop
      vertex -59.1437 -2.58227 54
      vertex -57.1456 -2.49503 54
      vertex -57.1869 -0.599999 54
    endloop
  endfacet
  facet normal 0 0 1
    outer loop
      vertex -56.9823 4.98531 54
      vertex -58.9747 5.15962 54
      vertex -57.1456 2.49503 54
    endloop
  endfacet
  facet normal 0 0 1
    outer loop
      vertex -55.8441 -12.3803 54
      vertex -57.7967 -12.8132 54
      vertex -57.1828 -15.3221 54
    endloop
  endfacet
  facet normal -0 0 1
    outer loop
      vertex -59.1437 2.58227 54
      vertex -57.1456 2.49503 54
      vertex -58.9747 5.15962 54
    endloop
  endfacet
  facet normal 0 0 1
    outer loop
      vertex -56.331 -9.93268 54
      vertex -58.3006 -10.28 54
      vertex -57.7967 -12.8132 54
    endloop
  endfacet
  facet normal 0 0 1
    outer loop
      vertex -57.1456 2.49503 54
      vertex -59.1437 2.58227 54
      vertex -57.1869 0.599999 54
    endloop
  endfacet
  facet normal 0 0 1
    outer loop
      vertex -56.7106 -7.4661 54
      vertex -58.6935 -7.72715 54
      vertex -58.3006 -10.28 54
    endloop
  endfacet
  facet normal 0 0 1
    outer loop
      vertex -59.2 0 54
      vertex -57.1869 0.599999 54
      vertex -59.1437 2.58227 54
    endloop
  endfacet
  facet normal 0 0 1
    outer loop
      vertex -56.9823 -4.98531 54
      vertex -58.9747 -5.15962 54
      vertex -58.6935 -7.72715 54
    endloop
  endfacet
  facet normal 0 0 1
    outer loop
      vertex -57.1869 0.599999 54
      vertex -59.2 0 54
      vertex -57.1869 -0.599999 54
    endloop
  endfacet
  facet normal 0 0 1
    outer loop
      vertex -57.1456 -2.49503 54
      vertex -59.1437 -2.58227 54
      vertex -58.9747 -5.15962 54
    endloop
  endfacet
  facet normal 0 0 1
    outer loop
      vertex -57.1869 -0.599999 54
      vertex -59.2 0 54
      vertex -59.1437 -2.58227 54
    endloop
  endfacet
  facet normal 0 0 1
    outer loop
      vertex -48.242 30.7335 54
      vertex -50.4615 30 54
      vertex -49.5367 28.6 54
    endloop
  endfacet
  facet normal 0 0 1
    outer loop
      vertex -48.242 30.7335 54
      vertex -50.552 30.513 54
      vertex -50.4843 30.2605 54
    endloop
  endfacet
  facet normal 0 -0 1
    outer loop
      vertex -50.552 30.513 54
      vertex -49.9288 31.8081 54
      vertex -50.6227 30.6646 54
    endloop
  endfacet
  facet normal -0 0 1
    outer loop
      vertex -57.1869 0.599999 54
      vertex -37.99 0.458297 54
      vertex -37.99 0.599999 54
    endloop
  endfacet
  facet normal 0 0 1
    outer loop
      vertex -37.99 0.458297 54
      vertex -57.1869 0.599999 54
      vertex -37.99 -0.458297 54
    endloop
  endfacet
  facet normal 0 0 1
    outer loop
      vertex -57.1869 -0.599999 54
      vertex -37.99 -0.458297 54
      vertex -57.1869 0.599999 54
    endloop
  endfacet
  facet normal 0 0 1
    outer loop
      vertex -37.99 -0.458297 54
      vertex -57.1869 -0.599999 54
      vertex -37.99 -0.599999 54
    endloop
  endfacet
  facet normal -0 0 1
    outer loop
      vertex -50.552 -30.513 54
      vertex -48.242 -30.7335 54
      vertex -50.4843 -30.2605 54
    endloop
  endfacet
  facet normal 0 0 1
    outer loop
      vertex -48.242 -30.7335 54
      vertex -50.552 -30.513 54
      vertex -49.9288 -31.8081 54
    endloop
  endfacet
  facet normal 0 0 1
    outer loop
      vertex -49.9288 -31.8081 54
      vertex -50.552 -30.513 54
      vertex -50.6227 -30.6646 54
    endloop
  endfacet
  facet normal 0 0 1
    outer loop
      vertex -28.0738 49.8253 54
      vertex -18.5981 33.1294 54
      vertex -18.4754 33.2003 54
    endloop
  endfacet
  facet normal 0 0 1
    outer loop
      vertex -18.5981 33.1294 54
      vertex -28.0738 49.8253 54
      vertex -19.3919 32.6712 54
    endloop
  endfacet
  facet normal -0 0 1
    outer loop
      vertex -29.1131 49.2253 54
      vertex -19.3919 32.6712 54
      vertex -28.0738 49.8253 54
    endloop
  endfacet
  facet normal 0 0 1
    outer loop
      vertex -19.3919 32.6712 54
      vertex -29.1131 49.2253 54
      vertex -19.5146 32.6003 54
    endloop
  endfacet
  facet normal -0 0 1
    outer loop
      vertex 19.3919 -32.6712 54
      vertex 29.1131 -49.2253 54
      vertex 19.5146 -32.6003 54
    endloop
  endfacet
  facet normal 0 0 1
    outer loop
      vertex 29.1131 -49.2253 54
      vertex 19.3919 -32.6712 54
      vertex 28.0738 -49.8253 54
    endloop
  endfacet
  facet normal -0 0 1
    outer loop
      vertex 18.5981 -33.1294 54
      vertex 28.0738 -49.8253 54
      vertex 19.3919 -32.6712 54
    endloop
  endfacet
  facet normal 0 0 1
    outer loop
      vertex 28.0738 -49.8253 54
      vertex 18.5981 -33.1294 54
      vertex 18.4754 -33.2003 54
    endloop
  endfacet
  facet normal -0 0 1
    outer loop
      vertex 36.765 1.60519 54
      vertex 37.99 0.458297 54
      vertex 37.9638 1.65754 54
    endloop
  endfacet
  facet normal 0 0 1
    outer loop
      vertex 37.99 0.458297 54
      vertex 36.8 0 54
      vertex 37.99 -0.458297 54
    endloop
  endfacet
  facet normal 0 0 1
    outer loop
      vertex 36.765 1.60519 54
      vertex 37.9638 1.65754 54
      vertex 37.8554 3.31192 54
    endloop
  endfacet
  facet normal 0 0 1
    outer loop
      vertex 36.765 -1.60519 54
      vertex 37.99 -0.458297 54
      vertex 36.8 0 54
    endloop
  endfacet
  facet normal 0 0 1
    outer loop
      vertex 36.66 3.20733 54
      vertex 37.8554 3.31192 54
      vertex 37.6749 4.96 54
    endloop
  endfacet
  facet normal 0 0 1
    outer loop
      vertex 37.99 -0.458297 54
      vertex 36.765 -1.60519 54
      vertex 37.9638 -1.65754 54
    endloop
  endfacet
  facet normal 0 0 1
    outer loop
      vertex 36.4852 4.80336 54
      vertex 37.6749 4.96 54
      vertex 37.4227 6.59863 54
    endloop
  endfacet
  facet normal 0 0 1
    outer loop
      vertex 37.9638 -1.65754 54
      vertex 36.765 -1.60519 54
      vertex 37.8554 -3.31192 54
    endloop
  endfacet
  facet normal 0 0 1
    outer loop
      vertex 36.2409 6.39025 54
      vertex 37.4227 6.59863 54
      vertex 37.0992 8.2247 54
    endloop
  endfacet
  facet normal -0 0 1
    outer loop
      vertex 36.66 -3.20733 54
      vertex 37.8554 -3.31192 54
      vertex 36.765 -1.60519 54
    endloop
  endfacet
  facet normal 0 0 1
    outer loop
      vertex 37.8554 -3.31192 54
      vertex 36.66 -3.20733 54
      vertex 37.6749 -4.96 54
    endloop
  endfacet
  facet normal 0 0 1
    outer loop
      vertex 37.99 0.458297 54
      vertex 36.765 1.60519 54
      vertex 36.8 0 54
    endloop
  endfacet
  facet normal 0 0 1
    outer loop
      vertex 35.9277 7.96498 54
      vertex 37.0992 8.2247 54
      vertex 36.7052 9.83512 54
    endloop
  endfacet
  facet normal 0 0 1
    outer loop
      vertex 37.8554 3.31192 54
      vertex 36.66 3.20733 54
      vertex 36.765 1.60519 54
    endloop
  endfacet
  facet normal 0 0 1
    outer loop
      vertex 37.6749 4.96 54
      vertex 36.4852 4.80336 54
      vertex 36.66 3.20733 54
    endloop
  endfacet
  facet normal 0 0 1
    outer loop
      vertex 35.5461 9.52454 54
      vertex 36.7052 9.83512 54
      vertex 36.2412 11.4268 54
    endloop
  endfacet
  facet normal 0 0 1
    outer loop
      vertex 37.4227 6.59863 54
      vertex 36.2409 6.39025 54
      vertex 36.4852 4.80336 54
    endloop
  endfacet
  facet normal 0 0 1
    outer loop
      vertex 37.0992 8.2247 54
      vertex 35.9277 7.96498 54
      vertex 36.2409 6.39025 54
    endloop
  endfacet
  facet normal 0 0 1
    outer loop
      vertex 35.0968 11.066 54
      vertex 36.2412 11.4268 54
      vertex 35.7083 12.9968 54
    endloop
  endfacet
  facet normal 0 0 1
    outer loop
      vertex 36.7052 9.83512 54
      vertex 35.5461 9.52454 54
      vertex 35.9277 7.96498 54
    endloop
  endfacet
  facet normal 0 0 1
    outer loop
      vertex 34.5807 12.5863 54
      vertex 35.7083 12.9968 54
      vertex 35.1074 14.542 54
    endloop
  endfacet
  facet normal 0 0 1
    outer loop
      vertex 36.2412 11.4268 54
      vertex 35.0968 11.066 54
      vertex 35.5461 9.52454 54
    endloop
  endfacet
  facet normal 0 0 1
    outer loop
      vertex 35.7083 12.9968 54
      vertex 34.5807 12.5863 54
      vertex 35.0968 11.066 54
    endloop
  endfacet
  facet normal 0 0 1
    outer loop
      vertex 33.9988 14.0827 54
      vertex 35.1074 14.542 54
      vertex 34.4397 16.0595 54
    endloop
  endfacet
  facet normal 0 0 1
    outer loop
      vertex 35.1074 14.542 54
      vertex 33.9988 14.0827 54
      vertex 34.5807 12.5863 54
    endloop
  endfacet
  facet normal 0 0 1
    outer loop
      vertex 33.3521 15.5524 54
      vertex 34.4397 16.0595 54
      vertex 33.7064 17.5464 54
    endloop
  endfacet
  facet normal 0 0 1
    outer loop
      vertex 34.4397 16.0595 54
      vertex 33.3521 15.5524 54
      vertex 33.9988 14.0827 54
    endloop
  endfacet
  facet normal 0 0 1
    outer loop
      vertex 32.642 16.9923 54
      vertex 33.7064 17.5464 54
      vertex 32.909 19 54
    endloop
  endfacet
  facet normal 0 0 1
    outer loop
      vertex 33.7064 17.5464 54
      vertex 32.642 16.9923 54
      vertex 33.3521 15.5524 54
    endloop
  endfacet
  facet normal 0 0 1
    outer loop
      vertex 31.8697 18.4 54
      vertex 32.909 19 54
      vertex 32.0489 20.4174 54
    endloop
  endfacet
  facet normal 0 0 1
    outer loop
      vertex 32.909 19 54
      vertex 31.8697 18.4 54
      vertex 32.642 16.9923 54
    endloop
  endfacet
  facet normal 0 0 1
    outer loop
      vertex 31.0368 19.7726 54
      vertex 32.0489 20.4174 54
      vertex 31.1278 21.7959 54
    endloop
  endfacet
  facet normal 0 0 1
    outer loop
      vertex 32.0489 20.4174 54
      vertex 31.0368 19.7726 54
      vertex 31.8697 18.4 54
    endloop
  endfacet
  facet normal 0 0 1
    outer loop
      vertex 30.1448 21.1076 54
      vertex 31.1278 21.7959 54
      vertex 30.1474 23.1329 54
    endloop
  endfacet
  facet normal 0 0 1
    outer loop
      vertex 31.1278 21.7959 54
      vertex 30.1448 21.1076 54
      vertex 31.0368 19.7726 54
    endloop
  endfacet
  facet normal 0 0 1
    outer loop
      vertex 30.1474 23.1329 54
      vertex 29.1954 22.4024 54
      vertex 30.1448 21.1076 54
    endloop
  endfacet
  facet normal 0 0 1
    outer loop
      vertex 29.1097 24.4259 54
      vertex 29.1954 22.4024 54
      vertex 30.1474 23.1329 54
    endloop
  endfacet
  facet normal 0 0 1
    outer loop
      vertex 29.1097 24.4259 54
      vertex 28.1904 23.6546 54
      vertex 29.1954 22.4024 54
    endloop
  endfacet
  facet normal 0 0 1
    outer loop
      vertex 28.0165 25.6724 54
      vertex 28.1904 23.6546 54
      vertex 29.1097 24.4259 54
    endloop
  endfacet
  facet normal 0 0 1
    outer loop
      vertex 28.0165 25.6724 54
      vertex 27.1318 24.8617 54
      vertex 28.1904 23.6546 54
    endloop
  endfacet
  facet normal 0 0 1
    outer loop
      vertex 26.8701 26.8701 54
      vertex 27.1318 24.8617 54
      vertex 28.0165 25.6724 54
    endloop
  endfacet
  facet normal 0 0 1
    outer loop
      vertex 26.8701 26.8701 54
      vertex 26.0215 26.0215 54
      vertex 27.1318 24.8617 54
    endloop
  endfacet
  facet normal 0 0 1
    outer loop
      vertex 25.6724 28.0165 54
      vertex 26.0215 26.0215 54
      vertex 26.8701 26.8701 54
    endloop
  endfacet
  facet normal 0 0 1
    outer loop
      vertex 25.6724 28.0165 54
      vertex 24.8617 27.1318 54
      vertex 26.0215 26.0215 54
    endloop
  endfacet
  facet normal 0 0 1
    outer loop
      vertex 24.4259 29.1097 54
      vertex 24.8617 27.1318 54
      vertex 25.6724 28.0165 54
    endloop
  endfacet
  facet normal 0 0 1
    outer loop
      vertex 24.4259 29.1097 54
      vertex 23.6546 28.1904 54
      vertex 24.8617 27.1318 54
    endloop
  endfacet
  facet normal 0 0 1
    outer loop
      vertex 23.1329 30.1474 54
      vertex 23.6546 28.1904 54
      vertex 24.4259 29.1097 54
    endloop
  endfacet
  facet normal 0 0 1
    outer loop
      vertex 23.1329 30.1474 54
      vertex 22.4024 29.1954 54
      vertex 23.6546 28.1904 54
    endloop
  endfacet
  facet normal 0 0 1
    outer loop
      vertex 21.7959 31.1278 54
      vertex 22.4024 29.1954 54
      vertex 23.1329 30.1474 54
    endloop
  endfacet
  facet normal 0 0 1
    outer loop
      vertex 21.7959 31.1278 54
      vertex 21.1076 30.1448 54
      vertex 22.4024 29.1954 54
    endloop
  endfacet
  facet normal 0 0 1
    outer loop
      vertex 20.4174 32.0489 54
      vertex 21.1076 30.1448 54
      vertex 21.7959 31.1278 54
    endloop
  endfacet
  facet normal 0 0 1
    outer loop
      vertex 20.4174 32.0489 54
      vertex 19.7726 31.0368 54
      vertex 21.1076 30.1448 54
    endloop
  endfacet
  facet normal 0 0 1
    outer loop
      vertex 19.3919 32.6712 54
      vertex 19.7726 31.0368 54
      vertex 20.4174 32.0489 54
    endloop
  endfacet
  facet normal 0 0 1
    outer loop
      vertex 18.4 31.8697 54
      vertex 19.3919 32.6712 54
      vertex 18.5981 33.1294 54
    endloop
  endfacet
  facet normal 0 0 1
    outer loop
      vertex 19.3919 32.6712 54
      vertex 18.4 31.8697 54
      vertex 19.7726 31.0368 54
    endloop
  endfacet
  facet normal 0 0 1
    outer loop
      vertex 16.9923 32.642 54
      vertex 18.5981 33.1294 54
      vertex 17.5464 33.7064 54
    endloop
  endfacet
  facet normal 0 0 1
    outer loop
      vertex 18.5981 33.1294 54
      vertex 16.9923 32.642 54
      vertex 18.4 31.8697 54
    endloop
  endfacet
  facet normal 0 0 1
    outer loop
      vertex 16.0595 34.4397 54
      vertex 16.9923 32.642 54
      vertex 17.5464 33.7064 54
    endloop
  endfacet
  facet normal 0 0 1
    outer loop
      vertex 16.0595 34.4397 54
      vertex 15.5524 33.3521 54
      vertex 16.9923 32.642 54
    endloop
  endfacet
  facet normal 0 0 1
    outer loop
      vertex 14.542 35.1074 54
      vertex 15.5524 33.3521 54
      vertex 16.0595 34.4397 54
    endloop
  endfacet
  facet normal 0 0 1
    outer loop
      vertex 14.542 35.1074 54
      vertex 14.0827 33.9988 54
      vertex 15.5524 33.3521 54
    endloop
  endfacet
  facet normal 0 0 1
    outer loop
      vertex 12.9968 35.7083 54
      vertex 14.0827 33.9988 54
      vertex 14.542 35.1074 54
    endloop
  endfacet
  facet normal 0 0 1
    outer loop
      vertex 12.9968 35.7083 54
      vertex 12.5863 34.5807 54
      vertex 14.0827 33.9988 54
    endloop
  endfacet
  facet normal 0 0 1
    outer loop
      vertex 11.4268 36.2412 54
      vertex 12.5863 34.5807 54
      vertex 12.9968 35.7083 54
    endloop
  endfacet
  facet normal 0 0 1
    outer loop
      vertex 11.4268 36.2412 54
      vertex 11.066 35.0968 54
      vertex 12.5863 34.5807 54
    endloop
  endfacet
  facet normal 0 0 1
    outer loop
      vertex 9.83512 36.7052 54
      vertex 11.066 35.0968 54
      vertex 11.4268 36.2412 54
    endloop
  endfacet
  facet normal 0 0 1
    outer loop
      vertex 9.83512 36.7052 54
      vertex 9.52454 35.5461 54
      vertex 11.066 35.0968 54
    endloop
  endfacet
  facet normal 0 0 1
    outer loop
      vertex 8.2247 37.0992 54
      vertex 9.52454 35.5461 54
      vertex 9.83512 36.7052 54
    endloop
  endfacet
  facet normal 0 0 1
    outer loop
      vertex 8.2247 37.0992 54
      vertex 7.96498 35.9277 54
      vertex 9.52454 35.5461 54
    endloop
  endfacet
  facet normal 0 0 1
    outer loop
      vertex 6.59863 37.4227 54
      vertex 7.96498 35.9277 54
      vertex 8.2247 37.0992 54
    endloop
  endfacet
  facet normal 0 0 1
    outer loop
      vertex 6.59863 37.4227 54
      vertex 6.39025 36.2409 54
      vertex 7.96498 35.9277 54
    endloop
  endfacet
  facet normal 0 0 1
    outer loop
      vertex 4.96 37.6749 54
      vertex 6.39025 36.2409 54
      vertex 6.59863 37.4227 54
    endloop
  endfacet
  facet normal 0 0 1
    outer loop
      vertex 4.96 37.6749 54
      vertex 4.80336 36.4852 54
      vertex 6.39025 36.2409 54
    endloop
  endfacet
  facet normal 0 0 1
    outer loop
      vertex 3.31192 37.8554 54
      vertex 4.80336 36.4852 54
      vertex 4.96 37.6749 54
    endloop
  endfacet
  facet normal 0 0 1
    outer loop
      vertex 3.31192 37.8554 54
      vertex 3.20733 36.66 54
      vertex 4.80336 36.4852 54
    endloop
  endfacet
  facet normal 0 0 1
    outer loop
      vertex 1.65754 37.9638 54
      vertex 3.20733 36.66 54
      vertex 3.31192 37.8554 54
    endloop
  endfacet
  facet normal 0 0 1
    outer loop
      vertex 1.65754 37.9638 54
      vertex 1.60519 36.765 54
      vertex 3.20733 36.66 54
    endloop
  endfacet
  facet normal 0 0 1
    outer loop
      vertex 0 38 54
      vertex 1.60519 36.765 54
      vertex 1.65754 37.9638 54
    endloop
  endfacet
  facet normal 0 0 1
    outer loop
      vertex 0 38 54
      vertex 0 36.8 54
      vertex 1.60519 36.765 54
    endloop
  endfacet
  facet normal 0 0 1
    outer loop
      vertex 0 38 54
      vertex -1.60519 36.765 54
      vertex 0 36.8 54
    endloop
  endfacet
  facet normal -0 0 1
    outer loop
      vertex -1.65754 37.9638 54
      vertex -1.60519 36.765 54
      vertex 0 38 54
    endloop
  endfacet
  facet normal 0 0 1
    outer loop
      vertex -1.65754 37.9638 54
      vertex -3.20733 36.66 54
      vertex -1.60519 36.765 54
    endloop
  endfacet
  facet normal -0 0 1
    outer loop
      vertex -3.31192 37.8554 54
      vertex -3.20733 36.66 54
      vertex -1.65754 37.9638 54
    endloop
  endfacet
  facet normal 0 0 1
    outer loop
      vertex -3.31192 37.8554 54
      vertex -4.80336 36.4852 54
      vertex -3.20733 36.66 54
    endloop
  endfacet
  facet normal -0 0 1
    outer loop
      vertex -4.96 37.6749 54
      vertex -4.80336 36.4852 54
      vertex -3.31192 37.8554 54
    endloop
  endfacet
  facet normal 0 0 1
    outer loop
      vertex -4.96 37.6749 54
      vertex -6.39025 36.2409 54
      vertex -4.80336 36.4852 54
    endloop
  endfacet
  facet normal -0 0 1
    outer loop
      vertex -6.59863 37.4227 54
      vertex -6.39025 36.2409 54
      vertex -4.96 37.6749 54
    endloop
  endfacet
  facet normal 0 0 1
    outer loop
      vertex -6.59863 37.4227 54
      vertex -7.96498 35.9277 54
      vertex -6.39025 36.2409 54
    endloop
  endfacet
  facet normal -0 0 1
    outer loop
      vertex -8.2247 37.0992 54
      vertex -7.96498 35.9277 54
      vertex -6.59863 37.4227 54
    endloop
  endfacet
  facet normal 0 0 1
    outer loop
      vertex -8.2247 37.0992 54
      vertex -9.52454 35.5461 54
      vertex -7.96498 35.9277 54
    endloop
  endfacet
  facet normal -0 0 1
    outer loop
      vertex -9.83512 36.7052 54
      vertex -9.52454 35.5461 54
      vertex -8.2247 37.0992 54
    endloop
  endfacet
  facet normal 0 0 1
    outer loop
      vertex -9.83512 36.7052 54
      vertex -11.066 35.0968 54
      vertex -9.52454 35.5461 54
    endloop
  endfacet
  facet normal -0 0 1
    outer loop
      vertex -11.4268 36.2412 54
      vertex -11.066 35.0968 54
      vertex -9.83512 36.7052 54
    endloop
  endfacet
  facet normal 0 0 1
    outer loop
      vertex -11.4268 36.2412 54
      vertex -12.5863 34.5807 54
      vertex -11.066 35.0968 54
    endloop
  endfacet
  facet normal -0 0 1
    outer loop
      vertex -12.9968 35.7083 54
      vertex -12.5863 34.5807 54
      vertex -11.4268 36.2412 54
    endloop
  endfacet
  facet normal 0 0 1
    outer loop
      vertex -12.9968 35.7083 54
      vertex -14.0827 33.9988 54
      vertex -12.5863 34.5807 54
    endloop
  endfacet
  facet normal -0 0 1
    outer loop
      vertex -14.542 35.1074 54
      vertex -14.0827 33.9988 54
      vertex -12.9968 35.7083 54
    endloop
  endfacet
  facet normal 0 0 1
    outer loop
      vertex -14.542 35.1074 54
      vertex -15.5524 33.3521 54
      vertex -14.0827 33.9988 54
    endloop
  endfacet
  facet normal -0 0 1
    outer loop
      vertex -16.0595 34.4397 54
      vertex -15.5524 33.3521 54
      vertex -14.542 35.1074 54
    endloop
  endfacet
  facet normal 0 0 1
    outer loop
      vertex -16.0595 34.4397 54
      vertex -16.9923 32.642 54
      vertex -15.5524 33.3521 54
    endloop
  endfacet
  facet normal -0 0 1
    outer loop
      vertex -17.5464 33.7064 54
      vertex -16.9923 32.642 54
      vertex -16.0595 34.4397 54
    endloop
  endfacet
  facet normal -0 0 1
    outer loop
      vertex -18.5981 33.1294 54
      vertex -16.9923 32.642 54
      vertex -17.5464 33.7064 54
    endloop
  endfacet
  facet normal 0 0 1
    outer loop
      vertex -16.9923 32.642 54
      vertex -18.5981 33.1294 54
      vertex -18.4 31.8697 54
    endloop
  endfacet
  facet normal -0 0 1
    outer loop
      vertex -19.3919 32.6712 54
      vertex -18.4 31.8697 54
      vertex -18.5981 33.1294 54
    endloop
  endfacet
  facet normal 0 0 1
    outer loop
      vertex -19.3919 32.6712 54
      vertex -19.7726 31.0368 54
      vertex -18.4 31.8697 54
    endloop
  endfacet
  facet normal -0 0 1
    outer loop
      vertex -20.4174 32.0489 54
      vertex -19.7726 31.0368 54
      vertex -19.3919 32.6712 54
    endloop
  endfacet
  facet normal 0 0 1
    outer loop
      vertex -20.4174 32.0489 54
      vertex -21.1076 30.1448 54
      vertex -19.7726 31.0368 54
    endloop
  endfacet
  facet normal -0 0 1
    outer loop
      vertex -21.7959 31.1278 54
      vertex -21.1076 30.1448 54
      vertex -20.4174 32.0489 54
    endloop
  endfacet
  facet normal 0 0 1
    outer loop
      vertex -21.7959 31.1278 54
      vertex -22.4024 29.1954 54
      vertex -21.1076 30.1448 54
    endloop
  endfacet
  facet normal -0 0 1
    outer loop
      vertex -23.1329 30.1474 54
      vertex -22.4024 29.1954 54
      vertex -21.7959 31.1278 54
    endloop
  endfacet
  facet normal 0 0 1
    outer loop
      vertex -23.1329 30.1474 54
      vertex -23.6546 28.1904 54
      vertex -22.4024 29.1954 54
    endloop
  endfacet
  facet normal -0 0 1
    outer loop
      vertex -24.4259 29.1097 54
      vertex -23.6546 28.1904 54
      vertex -23.1329 30.1474 54
    endloop
  endfacet
  facet normal 0 0 1
    outer loop
      vertex -24.4259 29.1097 54
      vertex -24.8617 27.1318 54
      vertex -23.6546 28.1904 54
    endloop
  endfacet
  facet normal -0 0 1
    outer loop
      vertex -25.6724 28.0165 54
      vertex -24.8617 27.1318 54
      vertex -24.4259 29.1097 54
    endloop
  endfacet
  facet normal 0 0 1
    outer loop
      vertex -25.6724 28.0165 54
      vertex -26.0215 26.0215 54
      vertex -24.8617 27.1318 54
    endloop
  endfacet
  facet normal -0 0 1
    outer loop
      vertex -26.8701 26.8701 54
      vertex -26.0215 26.0215 54
      vertex -25.6724 28.0165 54
    endloop
  endfacet
  facet normal 0 0 1
    outer loop
      vertex -26.8701 26.8701 54
      vertex -27.1318 24.8617 54
      vertex -26.0215 26.0215 54
    endloop
  endfacet
  facet normal -0 0 1
    outer loop
      vertex -28.0165 25.6724 54
      vertex -27.1318 24.8617 54
      vertex -26.8701 26.8701 54
    endloop
  endfacet
  facet normal 0 0 1
    outer loop
      vertex -28.0165 25.6724 54
      vertex -28.1904 23.6546 54
      vertex -27.1318 24.8617 54
    endloop
  endfacet
  facet normal -0 0 1
    outer loop
      vertex -29.1097 24.4259 54
      vertex -28.1904 23.6546 54
      vertex -28.0165 25.6724 54
    endloop
  endfacet
  facet normal 0 0 1
    outer loop
      vertex -29.1097 24.4259 54
      vertex -29.1954 22.4024 54
      vertex -28.1904 23.6546 54
    endloop
  endfacet
  facet normal -0 0 1
    outer loop
      vertex -30.1474 23.1329 54
      vertex -29.1954 22.4024 54
      vertex -29.1097 24.4259 54
    endloop
  endfacet
  facet normal 0 0 1
    outer loop
      vertex -29.1954 22.4024 54
      vertex -30.1474 23.1329 54
      vertex -30.1448 21.1076 54
    endloop
  endfacet
  facet normal -0 0 1
    outer loop
      vertex -31.1278 21.7959 54
      vertex -30.1448 21.1076 54
      vertex -30.1474 23.1329 54
    endloop
  endfacet
  facet normal 0 0 1
    outer loop
      vertex -30.1448 21.1076 54
      vertex -31.1278 21.7959 54
      vertex -31.0368 19.7726 54
    endloop
  endfacet
  facet normal -0 0 1
    outer loop
      vertex -32.0489 20.4174 54
      vertex -31.0368 19.7726 54
      vertex -31.1278 21.7959 54
    endloop
  endfacet
  facet normal 0 0 1
    outer loop
      vertex -31.0368 19.7726 54
      vertex -32.0489 20.4174 54
      vertex -31.8697 18.4 54
    endloop
  endfacet
  facet normal -0 0 1
    outer loop
      vertex -32.909 19 54
      vertex -31.8697 18.4 54
      vertex -32.0489 20.4174 54
    endloop
  endfacet
  facet normal 0 0 1
    outer loop
      vertex -31.8697 18.4 54
      vertex -32.909 19 54
      vertex -32.642 16.9923 54
    endloop
  endfacet
  facet normal -0 0 1
    outer loop
      vertex -33.7064 17.5464 54
      vertex -32.642 16.9923 54
      vertex -32.909 19 54
    endloop
  endfacet
  facet normal 0 0 1
    outer loop
      vertex -32.642 16.9923 54
      vertex -33.7064 17.5464 54
      vertex -33.3521 15.5524 54
    endloop
  endfacet
  facet normal -0 0 1
    outer loop
      vertex -34.4397 16.0595 54
      vertex -33.3521 15.5524 54
      vertex -33.7064 17.5464 54
    endloop
  endfacet
  facet normal 0 0 1
    outer loop
      vertex -33.3521 15.5524 54
      vertex -34.4397 16.0595 54
      vertex -33.9988 14.0827 54
    endloop
  endfacet
  facet normal -0 0 1
    outer loop
      vertex -35.1074 14.542 54
      vertex -33.9988 14.0827 54
      vertex -34.4397 16.0595 54
    endloop
  endfacet
  facet normal 0 0 1
    outer loop
      vertex -33.9988 14.0827 54
      vertex -35.1074 14.542 54
      vertex -34.5807 12.5863 54
    endloop
  endfacet
  facet normal -0 0 1
    outer loop
      vertex -35.7083 12.9968 54
      vertex -34.5807 12.5863 54
      vertex -35.1074 14.542 54
    endloop
  endfacet
  facet normal 0 0 1
    outer loop
      vertex -34.5807 12.5863 54
      vertex -35.7083 12.9968 54
      vertex -35.0968 11.066 54
    endloop
  endfacet
  facet normal -0 0 1
    outer loop
      vertex -36.2412 11.4268 54
      vertex -35.0968 11.066 54
      vertex -35.7083 12.9968 54
    endloop
  endfacet
  facet normal 0 0 1
    outer loop
      vertex -35.0968 11.066 54
      vertex -36.2412 11.4268 54
      vertex -35.5461 9.52454 54
    endloop
  endfacet
  facet normal -0 0 1
    outer loop
      vertex -36.7052 9.83512 54
      vertex -35.5461 9.52454 54
      vertex -36.2412 11.4268 54
    endloop
  endfacet
  facet normal 0 0 1
    outer loop
      vertex -35.5461 9.52454 54
      vertex -36.7052 9.83512 54
      vertex -35.9277 7.96498 54
    endloop
  endfacet
  facet normal -0 0 1
    outer loop
      vertex -37.0992 8.2247 54
      vertex -35.9277 7.96498 54
      vertex -36.7052 9.83512 54
    endloop
  endfacet
  facet normal 0 0 1
    outer loop
      vertex -35.9277 7.96498 54
      vertex -37.0992 8.2247 54
      vertex -36.2409 6.39025 54
    endloop
  endfacet
  facet normal -0 0 1
    outer loop
      vertex -37.4227 6.59863 54
      vertex -36.2409 6.39025 54
      vertex -37.0992 8.2247 54
    endloop
  endfacet
  facet normal 0 0 1
    outer loop
      vertex -36.2409 6.39025 54
      vertex -37.4227 6.59863 54
      vertex -36.4852 4.80336 54
    endloop
  endfacet
  facet normal -0 0 1
    outer loop
      vertex -37.6749 4.96 54
      vertex -36.4852 4.80336 54
      vertex -37.4227 6.59863 54
    endloop
  endfacet
  facet normal 0 0 1
    outer loop
      vertex -36.4852 4.80336 54
      vertex -37.6749 4.96 54
      vertex -36.66 3.20733 54
    endloop
  endfacet
  facet normal 0 0 1
    outer loop
      vertex 50.552 -30.513 54
      vertex 49.9288 -31.8081 54
      vertex 50.6227 -30.6646 54
    endloop
  endfacet
  facet normal 0 0 1
    outer loop
      vertex 50.4843 -30.2605 54
      vertex 49.9288 -31.8081 54
      vertex 50.552 -30.513 54
    endloop
  endfacet
  facet normal 0 0 1
    outer loop
      vertex 49.9288 -31.8081 54
      vertex 50.4843 -30.2605 54
      vertex 50.4615 -30 54
    endloop
  endfacet
  facet normal -0 0 1
    outer loop
      vertex 36.4852 -4.80336 54
      vertex 37.6749 -4.96 54
      vertex 36.66 -3.20733 54
    endloop
  endfacet
  facet normal 0 0 1
    outer loop
      vertex 37.6749 -4.96 54
      vertex 36.4852 -4.80336 54
      vertex 37.4227 -6.59863 54
    endloop
  endfacet
  facet normal -0 0 1
    outer loop
      vertex 36.2409 -6.39025 54
      vertex 37.4227 -6.59863 54
      vertex 36.4852 -4.80336 54
    endloop
  endfacet
  facet normal 0 0 1
    outer loop
      vertex 37.4227 -6.59863 54
      vertex 36.2409 -6.39025 54
      vertex 37.0992 -8.2247 54
    endloop
  endfacet
  facet normal -0 0 1
    outer loop
      vertex 35.9277 -7.96498 54
      vertex 37.0992 -8.2247 54
      vertex 36.2409 -6.39025 54
    endloop
  endfacet
  facet normal 0 0 1
    outer loop
      vertex 37.0992 -8.2247 54
      vertex 35.9277 -7.96498 54
      vertex 36.7052 -9.83512 54
    endloop
  endfacet
  facet normal -0 0 1
    outer loop
      vertex 35.5461 -9.52454 54
      vertex 36.7052 -9.83512 54
      vertex 35.9277 -7.96498 54
    endloop
  endfacet
  facet normal 0 0 1
    outer loop
      vertex 36.7052 -9.83512 54
      vertex 35.5461 -9.52454 54
      vertex 36.2412 -11.4268 54
    endloop
  endfacet
  facet normal -0 0 1
    outer loop
      vertex 35.0968 -11.066 54
      vertex 36.2412 -11.4268 54
      vertex 35.5461 -9.52454 54
    endloop
  endfacet
  facet normal 0 0 1
    outer loop
      vertex 36.2412 -11.4268 54
      vertex 35.0968 -11.066 54
      vertex 35.7083 -12.9968 54
    endloop
  endfacet
  facet normal -0 0 1
    outer loop
      vertex 34.5807 -12.5863 54
      vertex 35.7083 -12.9968 54
      vertex 35.0968 -11.066 54
    endloop
  endfacet
  facet normal 0 0 1
    outer loop
      vertex 35.7083 -12.9968 54
      vertex 34.5807 -12.5863 54
      vertex 35.1074 -14.542 54
    endloop
  endfacet
  facet normal -0 0 1
    outer loop
      vertex 33.9988 -14.0827 54
      vertex 35.1074 -14.542 54
      vertex 34.5807 -12.5863 54
    endloop
  endfacet
  facet normal 0 0 1
    outer loop
      vertex 35.1074 -14.542 54
      vertex 33.9988 -14.0827 54
      vertex 34.4397 -16.0595 54
    endloop
  endfacet
  facet normal -0 0 1
    outer loop
      vertex 33.3521 -15.5524 54
      vertex 34.4397 -16.0595 54
      vertex 33.9988 -14.0827 54
    endloop
  endfacet
  facet normal 0 0 1
    outer loop
      vertex 34.4397 -16.0595 54
      vertex 33.3521 -15.5524 54
      vertex 33.7064 -17.5464 54
    endloop
  endfacet
  facet normal -0 0 1
    outer loop
      vertex 32.642 -16.9923 54
      vertex 33.7064 -17.5464 54
      vertex 33.3521 -15.5524 54
    endloop
  endfacet
  facet normal 0 0 1
    outer loop
      vertex 33.7064 -17.5464 54
      vertex 32.642 -16.9923 54
      vertex 32.909 -19 54
    endloop
  endfacet
  facet normal -0 0 1
    outer loop
      vertex 31.8697 -18.4 54
      vertex 32.909 -19 54
      vertex 32.642 -16.9923 54
    endloop
  endfacet
  facet normal 0 0 1
    outer loop
      vertex 32.909 -19 54
      vertex 31.8697 -18.4 54
      vertex 32.0489 -20.4174 54
    endloop
  endfacet
  facet normal -0 0 1
    outer loop
      vertex 31.0368 -19.7726 54
      vertex 32.0489 -20.4174 54
      vertex 31.8697 -18.4 54
    endloop
  endfacet
  facet normal 0 0 1
    outer loop
      vertex 32.0489 -20.4174 54
      vertex 31.0368 -19.7726 54
      vertex 31.1278 -21.7959 54
    endloop
  endfacet
  facet normal -0 0 1
    outer loop
      vertex 30.1448 -21.1076 54
      vertex 31.1278 -21.7959 54
      vertex 31.0368 -19.7726 54
    endloop
  endfacet
  facet normal 0 0 1
    outer loop
      vertex 31.1278 -21.7959 54
      vertex 30.1448 -21.1076 54
      vertex 30.1474 -23.1329 54
    endloop
  endfacet
  facet normal -0 0 1
    outer loop
      vertex 29.1954 -22.4024 54
      vertex 30.1474 -23.1329 54
      vertex 30.1448 -21.1076 54
    endloop
  endfacet
  facet normal 0 0 1
    outer loop
      vertex 29.1954 -22.4024 54
      vertex 29.1097 -24.4259 54
      vertex 30.1474 -23.1329 54
    endloop
  endfacet
  facet normal -0 0 1
    outer loop
      vertex 28.1904 -23.6546 54
      vertex 29.1097 -24.4259 54
      vertex 29.1954 -22.4024 54
    endloop
  endfacet
  facet normal 0 0 1
    outer loop
      vertex 28.1904 -23.6546 54
      vertex 28.0165 -25.6724 54
      vertex 29.1097 -24.4259 54
    endloop
  endfacet
  facet normal -0 0 1
    outer loop
      vertex 27.1318 -24.8617 54
      vertex 28.0165 -25.6724 54
      vertex 28.1904 -23.6546 54
    endloop
  endfacet
  facet normal 0 0 1
    outer loop
      vertex 27.1318 -24.8617 54
      vertex 26.8701 -26.8701 54
      vertex 28.0165 -25.6724 54
    endloop
  endfacet
  facet normal -0 0 1
    outer loop
      vertex 26.0215 -26.0215 54
      vertex 26.8701 -26.8701 54
      vertex 27.1318 -24.8617 54
    endloop
  endfacet
  facet normal 0 0 1
    outer loop
      vertex 26.0215 -26.0215 54
      vertex 25.6724 -28.0165 54
      vertex 26.8701 -26.8701 54
    endloop
  endfacet
  facet normal -0 0 1
    outer loop
      vertex 24.8617 -27.1318 54
      vertex 25.6724 -28.0165 54
      vertex 26.0215 -26.0215 54
    endloop
  endfacet
  facet normal 0 0 1
    outer loop
      vertex 24.8617 -27.1318 54
      vertex 24.4259 -29.1097 54
      vertex 25.6724 -28.0165 54
    endloop
  endfacet
  facet normal -0 0 1
    outer loop
      vertex 23.6546 -28.1904 54
      vertex 24.4259 -29.1097 54
      vertex 24.8617 -27.1318 54
    endloop
  endfacet
  facet normal 0 0 1
    outer loop
      vertex 23.6546 -28.1904 54
      vertex 23.1329 -30.1474 54
      vertex 24.4259 -29.1097 54
    endloop
  endfacet
  facet normal -0 0 1
    outer loop
      vertex 22.4024 -29.1954 54
      vertex 23.1329 -30.1474 54
      vertex 23.6546 -28.1904 54
    endloop
  endfacet
  facet normal 0 0 1
    outer loop
      vertex 22.4024 -29.1954 54
      vertex 21.7959 -31.1278 54
      vertex 23.1329 -30.1474 54
    endloop
  endfacet
  facet normal -0 0 1
    outer loop
      vertex 21.1076 -30.1448 54
      vertex 21.7959 -31.1278 54
      vertex 22.4024 -29.1954 54
    endloop
  endfacet
  facet normal 0 0 1
    outer loop
      vertex 21.1076 -30.1448 54
      vertex 20.4174 -32.0489 54
      vertex 21.7959 -31.1278 54
    endloop
  endfacet
  facet normal -0 0 1
    outer loop
      vertex 19.7726 -31.0368 54
      vertex 20.4174 -32.0489 54
      vertex 21.1076 -30.1448 54
    endloop
  endfacet
  facet normal 0 0 1
    outer loop
      vertex 19.7726 -31.0368 54
      vertex 19.3919 -32.6712 54
      vertex 20.4174 -32.0489 54
    endloop
  endfacet
  facet normal -0 0 1
    outer loop
      vertex 18.4 -31.8697 54
      vertex 19.3919 -32.6712 54
      vertex 19.7726 -31.0368 54
    endloop
  endfacet
  facet normal 0 0 1
    outer loop
      vertex 19.3919 -32.6712 54
      vertex 18.4 -31.8697 54
      vertex 18.5981 -33.1294 54
    endloop
  endfacet
  facet normal -0 0 1
    outer loop
      vertex 16.9923 -32.642 54
      vertex 18.5981 -33.1294 54
      vertex 18.4 -31.8697 54
    endloop
  endfacet
  facet normal 0 0 1
    outer loop
      vertex 18.5981 -33.1294 54
      vertex 16.9923 -32.642 54
      vertex 17.5464 -33.7064 54
    endloop
  endfacet
  facet normal 0 0 1
    outer loop
      vertex 16.9923 -32.642 54
      vertex 16.0595 -34.4397 54
      vertex 17.5464 -33.7064 54
    endloop
  endfacet
  facet normal -0 0 1
    outer loop
      vertex 15.5524 -33.3521 54
      vertex 16.0595 -34.4397 54
      vertex 16.9923 -32.642 54
    endloop
  endfacet
  facet normal 0 0 1
    outer loop
      vertex 15.5524 -33.3521 54
      vertex 14.542 -35.1074 54
      vertex 16.0595 -34.4397 54
    endloop
  endfacet
  facet normal -0 0 1
    outer loop
      vertex 14.0827 -33.9988 54
      vertex 14.542 -35.1074 54
      vertex 15.5524 -33.3521 54
    endloop
  endfacet
  facet normal 0 0 1
    outer loop
      vertex 14.0827 -33.9988 54
      vertex 12.9968 -35.7083 54
      vertex 14.542 -35.1074 54
    endloop
  endfacet
  facet normal -0 0 1
    outer loop
      vertex 12.5863 -34.5807 54
      vertex 12.9968 -35.7083 54
      vertex 14.0827 -33.9988 54
    endloop
  endfacet
  facet normal 0 0 1
    outer loop
      vertex 12.5863 -34.5807 54
      vertex 11.4268 -36.2412 54
      vertex 12.9968 -35.7083 54
    endloop
  endfacet
  facet normal -0 0 1
    outer loop
      vertex 11.066 -35.0968 54
      vertex 11.4268 -36.2412 54
      vertex 12.5863 -34.5807 54
    endloop
  endfacet
  facet normal 0 0 1
    outer loop
      vertex 11.066 -35.0968 54
      vertex 9.83512 -36.7052 54
      vertex 11.4268 -36.2412 54
    endloop
  endfacet
  facet normal -0 0 1
    outer loop
      vertex 9.52454 -35.5461 54
      vertex 9.83512 -36.7052 54
      vertex 11.066 -35.0968 54
    endloop
  endfacet
  facet normal 0 0 1
    outer loop
      vertex 9.52454 -35.5461 54
      vertex 8.2247 -37.0992 54
      vertex 9.83512 -36.7052 54
    endloop
  endfacet
  facet normal -0 0 1
    outer loop
      vertex 7.96498 -35.9277 54
      vertex 8.2247 -37.0992 54
      vertex 9.52454 -35.5461 54
    endloop
  endfacet
  facet normal 0 0 1
    outer loop
      vertex 7.96498 -35.9277 54
      vertex 6.59863 -37.4227 54
      vertex 8.2247 -37.0992 54
    endloop
  endfacet
  facet normal -0 0 1
    outer loop
      vertex 6.39025 -36.2409 54
      vertex 6.59863 -37.4227 54
      vertex 7.96498 -35.9277 54
    endloop
  endfacet
  facet normal 0 0 1
    outer loop
      vertex 6.39025 -36.2409 54
      vertex 4.96 -37.6749 54
      vertex 6.59863 -37.4227 54
    endloop
  endfacet
  facet normal -0 0 1
    outer loop
      vertex 4.80336 -36.4852 54
      vertex 4.96 -37.6749 54
      vertex 6.39025 -36.2409 54
    endloop
  endfacet
  facet normal 0 0 1
    outer loop
      vertex 4.80336 -36.4852 54
      vertex 3.31192 -37.8554 54
      vertex 4.96 -37.6749 54
    endloop
  endfacet
  facet normal -0 0 1
    outer loop
      vertex 3.20733 -36.66 54
      vertex 3.31192 -37.8554 54
      vertex 4.80336 -36.4852 54
    endloop
  endfacet
  facet normal 0 0 1
    outer loop
      vertex 3.20733 -36.66 54
      vertex 1.65754 -37.9638 54
      vertex 3.31192 -37.8554 54
    endloop
  endfacet
  facet normal -0 0 1
    outer loop
      vertex 1.60519 -36.765 54
      vertex 1.65754 -37.9638 54
      vertex 3.20733 -36.66 54
    endloop
  endfacet
  facet normal -0 0 1
    outer loop
      vertex 0 -36.8 54
      vertex 1.65754 -37.9638 54
      vertex 1.60519 -36.765 54
    endloop
  endfacet
  facet normal 0 0 1
    outer loop
      vertex 0 -36.8 54
      vertex 0 -38 54
      vertex 1.65754 -37.9638 54
    endloop
  endfacet
  facet normal 0 0 1
    outer loop
      vertex -1.60519 -36.765 54
      vertex 0 -38 54
      vertex 0 -36.8 54
    endloop
  endfacet
  facet normal 0 0 1
    outer loop
      vertex -1.60519 -36.765 54
      vertex -1.65754 -37.9638 54
      vertex 0 -38 54
    endloop
  endfacet
  facet normal 0 0 1
    outer loop
      vertex -3.20733 -36.66 54
      vertex -1.65754 -37.9638 54
      vertex -1.60519 -36.765 54
    endloop
  endfacet
  facet normal 0 0 1
    outer loop
      vertex -3.20733 -36.66 54
      vertex -3.31192 -37.8554 54
      vertex -1.65754 -37.9638 54
    endloop
  endfacet
  facet normal 0 0 1
    outer loop
      vertex -4.80336 -36.4852 54
      vertex -3.31192 -37.8554 54
      vertex -3.20733 -36.66 54
    endloop
  endfacet
  facet normal 0 0 1
    outer loop
      vertex -4.80336 -36.4852 54
      vertex -4.96 -37.6749 54
      vertex -3.31192 -37.8554 54
    endloop
  endfacet
  facet normal 0 0 1
    outer loop
      vertex -6.39025 -36.2409 54
      vertex -4.96 -37.6749 54
      vertex -4.80336 -36.4852 54
    endloop
  endfacet
  facet normal 0 0 1
    outer loop
      vertex -6.39025 -36.2409 54
      vertex -6.59863 -37.4227 54
      vertex -4.96 -37.6749 54
    endloop
  endfacet
  facet normal 0 0 1
    outer loop
      vertex -7.96498 -35.9277 54
      vertex -6.59863 -37.4227 54
      vertex -6.39025 -36.2409 54
    endloop
  endfacet
  facet normal 0 0 1
    outer loop
      vertex -7.96498 -35.9277 54
      vertex -8.2247 -37.0992 54
      vertex -6.59863 -37.4227 54
    endloop
  endfacet
  facet normal 0 0 1
    outer loop
      vertex -9.52454 -35.5461 54
      vertex -8.2247 -37.0992 54
      vertex -7.96498 -35.9277 54
    endloop
  endfacet
  facet normal 0 0 1
    outer loop
      vertex -9.52454 -35.5461 54
      vertex -9.83512 -36.7052 54
      vertex -8.2247 -37.0992 54
    endloop
  endfacet
  facet normal 0 0 1
    outer loop
      vertex -11.066 -35.0968 54
      vertex -9.83512 -36.7052 54
      vertex -9.52454 -35.5461 54
    endloop
  endfacet
  facet normal 0 0 1
    outer loop
      vertex -11.066 -35.0968 54
      vertex -11.4268 -36.2412 54
      vertex -9.83512 -36.7052 54
    endloop
  endfacet
  facet normal 0 0 1
    outer loop
      vertex -12.5863 -34.5807 54
      vertex -11.4268 -36.2412 54
      vertex -11.066 -35.0968 54
    endloop
  endfacet
  facet normal 0 0 1
    outer loop
      vertex -12.5863 -34.5807 54
      vertex -12.9968 -35.7083 54
      vertex -11.4268 -36.2412 54
    endloop
  endfacet
  facet normal 0 0 1
    outer loop
      vertex -14.0827 -33.9988 54
      vertex -12.9968 -35.7083 54
      vertex -12.5863 -34.5807 54
    endloop
  endfacet
  facet normal 0 0 1
    outer loop
      vertex -14.0827 -33.9988 54
      vertex -14.542 -35.1074 54
      vertex -12.9968 -35.7083 54
    endloop
  endfacet
  facet normal 0 0 1
    outer loop
      vertex -15.5524 -33.3521 54
      vertex -14.542 -35.1074 54
      vertex -14.0827 -33.9988 54
    endloop
  endfacet
  facet normal 0 0 1
    outer loop
      vertex -15.5524 -33.3521 54
      vertex -16.0595 -34.4397 54
      vertex -14.542 -35.1074 54
    endloop
  endfacet
  facet normal 0 0 1
    outer loop
      vertex -16.9923 -32.642 54
      vertex -16.0595 -34.4397 54
      vertex -15.5524 -33.3521 54
    endloop
  endfacet
  facet normal 0 0 1
    outer loop
      vertex -16.9923 -32.642 54
      vertex -17.5464 -33.7064 54
      vertex -16.0595 -34.4397 54
    endloop
  endfacet
  facet normal 0 0 1
    outer loop
      vertex -18.5981 -33.1294 54
      vertex -16.9923 -32.642 54
      vertex -18.4 -31.8697 54
    endloop
  endfacet
  facet normal 0 0 1
    outer loop
      vertex -16.9923 -32.642 54
      vertex -18.5981 -33.1294 54
      vertex -17.5464 -33.7064 54
    endloop
  endfacet
  facet normal 0 0 1
    outer loop
      vertex -18.4 -31.8697 54
      vertex -19.3919 -32.6712 54
      vertex -18.5981 -33.1294 54
    endloop
  endfacet
  facet normal 0 0 1
    outer loop
      vertex -19.7726 -31.0368 54
      vertex -19.3919 -32.6712 54
      vertex -18.4 -31.8697 54
    endloop
  endfacet
  facet normal 0 0 1
    outer loop
      vertex -19.7726 -31.0368 54
      vertex -20.4174 -32.0489 54
      vertex -19.3919 -32.6712 54
    endloop
  endfacet
  facet normal 0 0 1
    outer loop
      vertex -21.1076 -30.1448 54
      vertex -20.4174 -32.0489 54
      vertex -19.7726 -31.0368 54
    endloop
  endfacet
  facet normal 0 0 1
    outer loop
      vertex -21.1076 -30.1448 54
      vertex -21.7959 -31.1278 54
      vertex -20.4174 -32.0489 54
    endloop
  endfacet
  facet normal 0 0 1
    outer loop
      vertex -22.4024 -29.1954 54
      vertex -21.7959 -31.1278 54
      vertex -21.1076 -30.1448 54
    endloop
  endfacet
  facet normal 0 0 1
    outer loop
      vertex -22.4024 -29.1954 54
      vertex -23.1329 -30.1474 54
      vertex -21.7959 -31.1278 54
    endloop
  endfacet
  facet normal 0 0 1
    outer loop
      vertex -23.6546 -28.1904 54
      vertex -23.1329 -30.1474 54
      vertex -22.4024 -29.1954 54
    endloop
  endfacet
  facet normal 0 0 1
    outer loop
      vertex -23.6546 -28.1904 54
      vertex -24.4259 -29.1097 54
      vertex -23.1329 -30.1474 54
    endloop
  endfacet
  facet normal 0 0 1
    outer loop
      vertex -24.8617 -27.1318 54
      vertex -24.4259 -29.1097 54
      vertex -23.6546 -28.1904 54
    endloop
  endfacet
  facet normal 0 0 1
    outer loop
      vertex -24.8617 -27.1318 54
      vertex -25.6724 -28.0165 54
      vertex -24.4259 -29.1097 54
    endloop
  endfacet
  facet normal 0 0 1
    outer loop
      vertex -26.0215 -26.0215 54
      vertex -25.6724 -28.0165 54
      vertex -24.8617 -27.1318 54
    endloop
  endfacet
  facet normal 0 0 1
    outer loop
      vertex -26.0215 -26.0215 54
      vertex -26.8701 -26.8701 54
      vertex -25.6724 -28.0165 54
    endloop
  endfacet
  facet normal 0 0 1
    outer loop
      vertex -27.1318 -24.8617 54
      vertex -26.8701 -26.8701 54
      vertex -26.0215 -26.0215 54
    endloop
  endfacet
  facet normal 0 0 1
    outer loop
      vertex -27.1318 -24.8617 54
      vertex -28.0165 -25.6724 54
      vertex -26.8701 -26.8701 54
    endloop
  endfacet
  facet normal 0 0 1
    outer loop
      vertex -28.1904 -23.6546 54
      vertex -28.0165 -25.6724 54
      vertex -27.1318 -24.8617 54
    endloop
  endfacet
  facet normal 0 0 1
    outer loop
      vertex -28.1904 -23.6546 54
      vertex -29.1097 -24.4259 54
      vertex -28.0165 -25.6724 54
    endloop
  endfacet
  facet normal 0 0 1
    outer loop
      vertex -29.1954 -22.4024 54
      vertex -29.1097 -24.4259 54
      vertex -28.1904 -23.6546 54
    endloop
  endfacet
  facet normal 0 0 1
    outer loop
      vertex -30.1474 -23.1329 54
      vertex -29.1954 -22.4024 54
      vertex -30.1448 -21.1076 54
    endloop
  endfacet
  facet normal 0 0 1
    outer loop
      vertex -29.1954 -22.4024 54
      vertex -30.1474 -23.1329 54
      vertex -29.1097 -24.4259 54
    endloop
  endfacet
  facet normal 0 0 1
    outer loop
      vertex -31.1278 -21.7959 54
      vertex -30.1448 -21.1076 54
      vertex -31.0368 -19.7726 54
    endloop
  endfacet
  facet normal 0 0 1
    outer loop
      vertex -30.1448 -21.1076 54
      vertex -31.1278 -21.7959 54
      vertex -30.1474 -23.1329 54
    endloop
  endfacet
  facet normal 0 0 1
    outer loop
      vertex -32.0489 -20.4174 54
      vertex -31.0368 -19.7726 54
      vertex -31.8697 -18.4 54
    endloop
  endfacet
  facet normal 0 0 1
    outer loop
      vertex -31.0368 -19.7726 54
      vertex -32.0489 -20.4174 54
      vertex -31.1278 -21.7959 54
    endloop
  endfacet
  facet normal 0 0 1
    outer loop
      vertex -32.909 -19 54
      vertex -31.8697 -18.4 54
      vertex -32.642 -16.9923 54
    endloop
  endfacet
  facet normal 0 0 1
    outer loop
      vertex -31.8697 -18.4 54
      vertex -32.909 -19 54
      vertex -32.0489 -20.4174 54
    endloop
  endfacet
  facet normal 0 0 1
    outer loop
      vertex -33.7064 -17.5464 54
      vertex -32.642 -16.9923 54
      vertex -33.3521 -15.5524 54
    endloop
  endfacet
  facet normal 0 0 1
    outer loop
      vertex -32.642 -16.9923 54
      vertex -33.7064 -17.5464 54
      vertex -32.909 -19 54
    endloop
  endfacet
  facet normal 0 0 1
    outer loop
      vertex -34.4397 -16.0595 54
      vertex -33.3521 -15.5524 54
      vertex -33.9988 -14.0827 54
    endloop
  endfacet
  facet normal 0 0 1
    outer loop
      vertex -33.3521 -15.5524 54
      vertex -34.4397 -16.0595 54
      vertex -33.7064 -17.5464 54
    endloop
  endfacet
  facet normal 0 0 1
    outer loop
      vertex -35.1074 -14.542 54
      vertex -33.9988 -14.0827 54
      vertex -34.5807 -12.5863 54
    endloop
  endfacet
  facet normal 0 0 1
    outer loop
      vertex -35.7083 -12.9968 54
      vertex -34.5807 -12.5863 54
      vertex -35.0968 -11.066 54
    endloop
  endfacet
  facet normal 0 0 1
    outer loop
      vertex -33.9988 -14.0827 54
      vertex -35.1074 -14.542 54
      vertex -34.4397 -16.0595 54
    endloop
  endfacet
  facet normal 0 0 1
    outer loop
      vertex -36.2412 -11.4268 54
      vertex -35.0968 -11.066 54
      vertex -35.5461 -9.52454 54
    endloop
  endfacet
  facet normal 0 0 1
    outer loop
      vertex -34.5807 -12.5863 54
      vertex -35.7083 -12.9968 54
      vertex -35.1074 -14.542 54
    endloop
  endfacet
  facet normal 0 0 1
    outer loop
      vertex -36.7052 -9.83512 54
      vertex -35.5461 -9.52454 54
      vertex -35.9277 -7.96498 54
    endloop
  endfacet
  facet normal 0 0 1
    outer loop
      vertex -37.0992 -8.2247 54
      vertex -35.9277 -7.96498 54
      vertex -36.2409 -6.39025 54
    endloop
  endfacet
  facet normal 0 0 1
    outer loop
      vertex -35.0968 -11.066 54
      vertex -36.2412 -11.4268 54
      vertex -35.7083 -12.9968 54
    endloop
  endfacet
  facet normal 0 0 1
    outer loop
      vertex -37.4227 -6.59863 54
      vertex -36.2409 -6.39025 54
      vertex -36.4852 -4.80336 54
    endloop
  endfacet
  facet normal 0 0 1
    outer loop
      vertex -37.6749 -4.96 54
      vertex -36.4852 -4.80336 54
      vertex -36.66 -3.20733 54
    endloop
  endfacet
  facet normal 0 0 1
    outer loop
      vertex -35.5461 -9.52454 54
      vertex -36.7052 -9.83512 54
      vertex -36.2412 -11.4268 54
    endloop
  endfacet
  facet normal 0 0 1
    outer loop
      vertex -37.8554 -3.31192 54
      vertex -36.66 -3.20733 54
      vertex -36.765 -1.60519 54
    endloop
  endfacet
  facet normal -0 0 1
    outer loop
      vertex -37.99 -0.458297 54
      vertex -36.765 -1.60519 54
      vertex -36.8 0 54
    endloop
  endfacet
  facet normal -0 0 1
    outer loop
      vertex -37.8554 3.31192 54
      vertex -36.66 3.20733 54
      vertex -37.6749 4.96 54
    endloop
  endfacet
  facet normal 0 0 1
    outer loop
      vertex -35.9277 -7.96498 54
      vertex -37.0992 -8.2247 54
      vertex -36.7052 -9.83512 54
    endloop
  endfacet
  facet normal 0 0 1
    outer loop
      vertex -36.66 3.20733 54
      vertex -37.8554 3.31192 54
      vertex -36.765 1.60519 54
    endloop
  endfacet
  facet normal 0 0 1
    outer loop
      vertex -36.2409 -6.39025 54
      vertex -37.4227 -6.59863 54
      vertex -37.0992 -8.2247 54
    endloop
  endfacet
  facet normal -0 0 1
    outer loop
      vertex -37.9638 1.65754 54
      vertex -36.765 1.60519 54
      vertex -37.8554 3.31192 54
    endloop
  endfacet
  facet normal 0 0 1
    outer loop
      vertex -36.4852 -4.80336 54
      vertex -37.6749 -4.96 54
      vertex -37.4227 -6.59863 54
    endloop
  endfacet
  facet normal 0 0 1
    outer loop
      vertex -37.99 0.458297 54
      vertex -36.765 1.60519 54
      vertex -37.9638 1.65754 54
    endloop
  endfacet
  facet normal 0 0 1
    outer loop
      vertex -36.66 -3.20733 54
      vertex -37.8554 -3.31192 54
      vertex -37.6749 -4.96 54
    endloop
  endfacet
  facet normal 0 0 1
    outer loop
      vertex -36.765 1.60519 54
      vertex -37.99 0.458297 54
      vertex -36.8 0 54
    endloop
  endfacet
  facet normal 0 0 1
    outer loop
      vertex -36.765 -1.60519 54
      vertex -37.9638 -1.65754 54
      vertex -37.8554 -3.31192 54
    endloop
  endfacet
  facet normal 0 0 1
    outer loop
      vertex -37.99 -0.458297 54
      vertex -36.8 0 54
      vertex -37.99 0.458297 54
    endloop
  endfacet
  facet normal 0 0 1
    outer loop
      vertex -36.765 -1.60519 54
      vertex -37.99 -0.458297 54
      vertex -37.9638 -1.65754 54
    endloop
  endfacet
  facet normal 0 0 1
    outer loop
      vertex 19.3919 32.6712 54
      vertex 29.1131 49.2253 54
      vertex 28.0738 49.8253 54
    endloop
  endfacet
  facet normal 0 0 1
    outer loop
      vertex 29.1131 49.2253 54
      vertex 19.3919 32.6712 54
      vertex 19.5146 32.6003 54
    endloop
  endfacet
  facet normal 0 0 1
    outer loop
      vertex 28.0738 49.8253 54
      vertex 18.5981 33.1294 54
      vertex 19.3919 32.6712 54
    endloop
  endfacet
  facet normal 0 -0 1
    outer loop
      vertex 18.5981 33.1294 54
      vertex 28.0738 49.8253 54
      vertex 18.4754 33.2003 54
    endloop
  endfacet
  facet normal 0 0 1
    outer loop
      vertex -28.0738 -49.8253 54
      vertex -18.5981 -33.1294 54
      vertex -19.3919 -32.6712 54
    endloop
  endfacet
  facet normal 0 0 1
    outer loop
      vertex -18.5981 -33.1294 54
      vertex -28.0738 -49.8253 54
      vertex -18.4754 -33.2003 54
    endloop
  endfacet
  facet normal 0 0 1
    outer loop
      vertex -29.1131 -49.2253 54
      vertex -19.3919 -32.6712 54
      vertex -19.5146 -32.6003 54
    endloop
  endfacet
  facet normal 0 0 1
    outer loop
      vertex -19.3919 -32.6712 54
      vertex -29.1131 -49.2253 54
      vertex -28.0738 -49.8253 54
    endloop
  endfacet
  facet normal -0.997857 0.0654344 0
    outer loop
      vertex 56.9823 -4.98531 1.6
      vertex 57.1456 -2.49503 54
      vertex 57.1456 -2.49503 1.6
    endloop
  endfacet
  facet normal -0.997857 0.0654344 0
    outer loop
      vertex 57.1456 -2.49503 54
      vertex 56.9823 -4.98531 1.6
      vertex 56.9823 -4.98531 54
    endloop
  endfacet
  facet normal 0.94693 -0.32144 0
    outer loop
      vertex -54.5526 17.2004 54
      vertex -53.7504 19.5636 1.6
      vertex -53.7504 19.5636 54
    endloop
  endfacet
  facet normal 0.94693 -0.32144 0
    outer loop
      vertex -53.7504 19.5636 1.6
      vertex -54.5526 17.2004 54
      vertex -54.5526 17.2004 1.6
    endloop
  endfacet
  facet normal 0.751871 0.65931 0
    outer loop
      vertex -42.1723 -38.6438 54
      vertex -43.8177 -36.7674 1.6
      vertex -43.8177 -36.7674 54
    endloop
  endfacet
  facet normal 0.751871 0.65931 0
    outer loop
      vertex -43.8177 -36.7674 1.6
      vertex -42.1723 -38.6438 54
      vertex -42.1723 -38.6438 1.6
    endloop
  endfacet
  facet normal -0.55556 0.831477 0
    outer loop
      vertex 32.8086 -46.8555 1.6
      vertex 30.7335 -48.242 54
      vertex 32.8086 -46.8555 54
    endloop
  endfacet
  facet normal -0.55556 0.831477 0
    outer loop
      vertex 30.7335 -48.242 54
      vertex 32.8086 -46.8555 1.6
      vertex 30.7335 -48.242 1.6
    endloop
  endfacet
  facet normal 0.854901 -0.518791 0
    outer loop
      vertex -49.5367 28.6 54
      vertex -48.242 30.7335 1.6
      vertex -48.242 30.7335 54
    endloop
  endfacet
  facet normal 0.854901 -0.518791 0
    outer loop
      vertex -48.242 30.7335 1.6
      vertex -49.5367 28.6 54
      vertex -49.5367 28.6 1.6
    endloop
  endfacet
  facet normal -0.55556 -0.831477 0
    outer loop
      vertex 30.7335 48.242 1.6
      vertex 32.8086 46.8555 54
      vertex 30.7335 48.242 54
    endloop
  endfacet
  facet normal -0.55556 -0.831477 -0
    outer loop
      vertex 32.8086 46.8555 54
      vertex 30.7335 48.242 1.6
      vertex 32.8086 46.8555 1.6
    endloop
  endfacet
  facet normal -0.0217982 -0.999762 0
    outer loop
      vertex 0 57.2 1.6
      vertex 2.49503 57.1456 54
      vertex 0 57.2 54
    endloop
  endfacet
  facet normal -0.0217982 -0.999762 -0
    outer loop
      vertex 2.49503 57.1456 54
      vertex 0 57.2 1.6
      vertex 2.49503 57.1456 1.6
    endloop
  endfacet
  facet normal -0.0654344 -0.997857 0
    outer loop
      vertex 2.49503 57.1456 1.6
      vertex 4.98531 56.9823 54
      vertex 2.49503 57.1456 54
    endloop
  endfacet
  facet normal -0.0654344 -0.997857 -0
    outer loop
      vertex 4.98531 56.9823 54
      vertex 2.49503 57.1456 1.6
      vertex 4.98531 56.9823 1.6
    endloop
  endfacet
  facet normal -0.152107 -0.988364 0
    outer loop
      vertex 7.4661 56.7106 1.6
      vertex 9.93268 56.331 54
      vertex 7.4661 56.7106 54
    endloop
  endfacet
  facet normal -0.152107 -0.988364 -0
    outer loop
      vertex 9.93268 56.331 54
      vertex 7.4661 56.7106 1.6
      vertex 9.93268 56.331 1.6
    endloop
  endfacet
  facet normal -0.237658 -0.971349 0
    outer loop
      vertex 12.3803 55.8441 1.6
      vertex 14.8044 55.251 54
      vertex 12.3803 55.8441 54
    endloop
  endfacet
  facet normal -0.237658 -0.971349 -0
    outer loop
      vertex 14.8044 55.251 54
      vertex 12.3803 55.8441 1.6
      vertex 14.8044 55.251 1.6
    endloop
  endfacet
  facet normal 0.108871 0.994056 -0
    outer loop
      vertex -4.98531 -56.9823 1.6
      vertex -7.4661 -56.7106 54
      vertex -4.98531 -56.9823 54
    endloop
  endfacet
  facet normal 0.108871 0.994056 0
    outer loop
      vertex -7.4661 -56.7106 54
      vertex -4.98531 -56.9823 1.6
      vertex -7.4661 -56.7106 1.6
    endloop
  endfacet
  facet normal -0.831477 -0.55556 0
    outer loop
      vertex 48.242 30.7335 1.6
      vertex 46.8555 32.8086 54
      vertex 46.8555 32.8086 1.6
    endloop
  endfacet
  facet normal -0.831477 -0.55556 0
    outer loop
      vertex 46.8555 32.8086 54
      vertex 48.242 30.7335 1.6
      vertex 48.242 30.7335 54
    endloop
  endfacet
  facet normal -0.960047 0.27984 0
    outer loop
      vertex 54.5526 -17.2004 1.6
      vertex 55.251 -14.8044 54
      vertex 55.251 -14.8044 1.6
    endloop
  endfacet
  facet normal -0.960047 0.27984 0
    outer loop
      vertex 55.251 -14.8044 54
      vertex 54.5526 -17.2004 1.6
      vertex 54.5526 -17.2004 54
    endloop
  endfacet
  facet normal 0.691532 0.722346 -0
    outer loop
      vertex -38.6438 -42.1723 1.6
      vertex -40.4465 -40.4465 54
      vertex -38.6438 -42.1723 54
    endloop
  endfacet
  facet normal 0.691532 0.722346 0
    outer loop
      vertex -40.4465 -40.4465 54
      vertex -38.6438 -42.1723 1.6
      vertex -40.4465 -40.4465 1.6
    endloop
  endfacet
  facet normal -0.854901 0.518791 0
    outer loop
      vertex 48.242 -30.7335 1.6
      vertex 49.5367 -28.6 54
      vertex 49.5367 -28.6 1.6
    endloop
  endfacet
  facet normal -0.854901 0.518791 0
    outer loop
      vertex 49.5367 -28.6 54
      vertex 48.242 -30.7335 1.6
      vertex 48.242 -30.7335 54
    endloop
  endfacet
  facet normal -0.806444 0.59131 0
    outer loop
      vertex 45.3798 -34.8212 1.6
      vertex 46.8555 -32.8086 54
      vertex 46.8555 -32.8086 1.6
    endloop
  endfacet
  facet normal -0.806444 0.59131 0
    outer loop
      vertex 46.8555 -32.8086 54
      vertex 45.3798 -34.8212 1.6
      vertex 45.3798 -34.8212 54
    endloop
  endfacet
  facet normal 0.932007 -0.36244 0
    outer loop
      vertex -53.7504 19.5636 54
      vertex -52.8459 21.8895 1.6
      vertex -52.8459 21.8895 54
    endloop
  endfacet
  facet normal 0.932007 -0.36244 0
    outer loop
      vertex -52.8459 21.8895 1.6
      vertex -53.7504 19.5636 54
      vertex -53.7504 19.5636 1.6
    endloop
  endfacet
  facet normal 0.980782 0.195105 0
    outer loop
      vertex -55.8441 -12.3803 54
      vertex -56.331 -9.93268 1.6
      vertex -56.331 -9.93268 54
    endloop
  endfacet
  facet normal 0.980782 0.195105 0
    outer loop
      vertex -56.331 -9.93268 1.6
      vertex -55.8441 -12.3803 54
      vertex -55.8441 -12.3803 1.6
    endloop
  endfacet
  facet normal 0.722346 -0.691532 0
    outer loop
      vertex -42.1723 38.6438 54
      vertex -40.4465 40.4465 1.6
      vertex -40.4465 40.4465 54
    endloop
  endfacet
  facet normal 0.722346 -0.691532 0
    outer loop
      vertex -40.4465 40.4465 1.6
      vertex -42.1723 38.6438 54
      vertex -42.1723 38.6438 1.6
    endloop
  endfacet
  facet normal -0.0217982 0.999762 0
    outer loop
      vertex 2.49503 -57.1456 1.6
      vertex 0 -57.2 54
      vertex 2.49503 -57.1456 54
    endloop
  endfacet
  facet normal -0.0217982 0.999762 0
    outer loop
      vertex 0 -57.2 54
      vertex 2.49503 -57.1456 1.6
      vertex 0 -57.2 1.6
    endloop
  endfacet
  facet normal 0.51878 0.854908 -0
    outer loop
      vertex -29.1131 -49.2253 1.6
      vertex -30.7335 -48.242 54
      vertex -29.1131 -49.2253 54
    endloop
  endfacet
  facet normal 0.51878 0.854908 0
    outer loop
      vertex -30.7335 -48.242 54
      vertex -29.1131 -49.2253 1.6
      vertex -30.7335 -48.242 1.6
    endloop
  endfacet
  facet normal 0.915314 0.402741 0
    outer loop
      vertex -51.8408 -24.1738 54
      vertex -52.8459 -21.8895 1.6
      vertex -52.8459 -21.8895 54
    endloop
  endfacet
  facet normal 0.915314 0.402741 0
    outer loop
      vertex -52.8459 -21.8895 1.6
      vertex -51.8408 -24.1738 54
      vertex -51.8408 -24.1738 1.6
    endloop
  endfacet
  facet normal -0.108871 -0.994056 0
    outer loop
      vertex 4.98531 56.9823 1.6
      vertex 7.4661 56.7106 54
      vertex 4.98531 56.9823 54
    endloop
  endfacet
  facet normal -0.108871 -0.994056 -0
    outer loop
      vertex 7.4661 56.7106 54
      vertex 4.98531 56.9823 1.6
      vertex 7.4661 56.7106 1.6
    endloop
  endfacet
  facet normal -0.994056 -0.108871 0
    outer loop
      vertex 56.9823 4.98531 1.6
      vertex 56.7106 7.4661 54
      vertex 56.7106 7.4661 1.6
    endloop
  endfacet
  facet normal -0.994056 -0.108871 0
    outer loop
      vertex 56.7106 7.4661 54
      vertex 56.9823 4.98531 1.6
      vertex 56.9823 4.98531 54
    endloop
  endfacet
  facet normal -0.51878 -0.854908 0
    outer loop
      vertex 29.1131 49.2253 1.6
      vertex 30.7335 48.242 54
      vertex 29.1131 49.2253 54
    endloop
  endfacet
  facet normal -0.51878 -0.854908 -0
    outer loop
      vertex 30.7335 48.242 54
      vertex 29.1131 49.2253 1.6
      vertex 30.7335 48.242 1.6
    endloop
  endfacet
  facet normal 0.402741 -0.915314 0
    outer loop
      vertex -24.1738 51.8408 1.6
      vertex -21.8895 52.8459 54
      vertex -24.1738 51.8408 54
    endloop
  endfacet
  facet normal 0.402741 -0.915314 0
    outer loop
      vertex -21.8895 52.8459 54
      vertex -24.1738 51.8408 1.6
      vertex -21.8895 52.8459 1.6
    endloop
  endfacet
  facet normal 0.94693 0.32144 0
    outer loop
      vertex -53.7504 -19.5636 54
      vertex -54.5526 -17.2004 1.6
      vertex -54.5526 -17.2004 54
    endloop
  endfacet
  facet normal 0.94693 0.32144 0
    outer loop
      vertex -54.5526 -17.2004 1.6
      vertex -53.7504 -19.5636 54
      vertex -53.7504 -19.5636 1.6
    endloop
  endfacet
  facet normal 0.831477 0.55556 0
    outer loop
      vertex -46.8555 -32.8086 54
      vertex -48.242 -30.7335 1.6
      vertex -48.242 -30.7335 54
    endloop
  endfacet
  facet normal 0.831477 0.55556 0
    outer loop
      vertex -48.242 -30.7335 1.6
      vertex -46.8555 -32.8086 54
      vertex -46.8555 -32.8086 1.6
    endloop
  endfacet
  facet normal -0.999763 -0.0217887 0
    outer loop
      vertex 57.1869 0.599999 1.6
      vertex 57.1456 2.49503 54
      vertex 57.1456 2.49503 1.6
    endloop
  endfacet
  facet normal -0.999763 -0.0217887 0
    outer loop
      vertex 57.1456 2.49503 54
      vertex 57.1869 0.599999 1.6
      vertex 57.1869 0.599999 54
    endloop
  endfacet
  facet normal 0.0654344 -0.997857 0
    outer loop
      vertex -4.98531 56.9823 1.6
      vertex -2.49503 57.1456 54
      vertex -4.98531 56.9823 54
    endloop
  endfacet
  facet normal 0.0654344 -0.997857 0
    outer loop
      vertex -2.49503 57.1456 54
      vertex -4.98531 56.9823 1.6
      vertex -2.49503 57.1456 1.6
    endloop
  endfacet
  facet normal -0.87674 -0.480965 0
    outer loop
      vertex 50.737 26.412 1.6
      vertex 49.5367 28.6 54
      vertex 49.5367 28.6 1.6
    endloop
  endfacet
  facet normal -0.87674 -0.480965 0
    outer loop
      vertex 49.5367 28.6 54
      vertex 50.737 26.412 1.6
      vertex 50.737 26.412 54
    endloop
  endfacet
  facet normal -0.854901 -0.518791 0
    outer loop
      vertex 49.5367 28.6 1.6
      vertex 48.242 30.7335 54
      vertex 48.242 30.7335 1.6
    endloop
  endfacet
  facet normal -0.854901 -0.518791 0
    outer loop
      vertex 48.242 30.7335 54
      vertex 49.5367 28.6 1.6
      vertex 49.5367 28.6 54
    endloop
  endfacet
  facet normal -0.932007 -0.36244 0
    outer loop
      vertex 53.7504 19.5636 1.6
      vertex 52.8459 21.8895 54
      vertex 52.8459 21.8895 1.6
    endloop
  endfacet
  facet normal -0.932007 -0.36244 0
    outer loop
      vertex 52.8459 21.8895 54
      vertex 53.7504 19.5636 1.6
      vertex 53.7504 19.5636 54
    endloop
  endfacet
  facet normal 0.896866 -0.442302 0
    outer loop
      vertex -51.8408 24.1738 54
      vertex -50.737 26.412 1.6
      vertex -50.737 26.412 54
    endloop
  endfacet
  facet normal 0.896866 -0.442302 0
    outer loop
      vertex -50.737 26.412 1.6
      vertex -51.8408 24.1738 54
      vertex -51.8408 24.1738 1.6
    endloop
  endfacet
  facet normal -0.980782 0.195105 0
    outer loop
      vertex 55.8441 -12.3803 1.6
      vertex 56.331 -9.93268 54
      vertex 56.331 -9.93268 1.6
    endloop
  endfacet
  facet normal -0.980782 0.195105 0
    outer loop
      vertex 56.331 -9.93268 54
      vertex 55.8441 -12.3803 1.6
      vertex 55.8441 -12.3803 54
    endloop
  endfacet
  facet normal 0.988364 -0.152107 0
    outer loop
      vertex -56.7106 7.4661 54
      vertex -56.331 9.93268 1.6
      vertex -56.331 9.93268 54
    endloop
  endfacet
  facet normal 0.988364 -0.152107 0
    outer loop
      vertex -56.331 9.93268 1.6
      vertex -56.7106 7.4661 54
      vertex -56.7106 7.4661 1.6
    endloop
  endfacet
  facet normal 0.195105 0.980782 -0
    outer loop
      vertex -9.93268 -56.331 1.6
      vertex -12.3803 -55.8441 54
      vertex -9.93268 -56.331 54
    endloop
  endfacet
  facet normal 0.195105 0.980782 0
    outer loop
      vertex -12.3803 -55.8441 54
      vertex -9.93268 -56.331 1.6
      vertex -12.3803 -55.8441 1.6
    endloop
  endfacet
  facet normal 0.779863 -0.62595 0
    outer loop
      vertex -45.3798 34.8212 54
      vertex -43.8177 36.7674 1.6
      vertex -43.8177 36.7674 54
    endloop
  endfacet
  facet normal 0.779863 -0.62595 0
    outer loop
      vertex -43.8177 36.7674 1.6
      vertex -45.3798 34.8212 54
      vertex -45.3798 34.8212 1.6
    endloop
  endfacet
  facet normal 0.62595 -0.779863 0
    outer loop
      vertex -36.7674 43.8177 1.6
      vertex -34.8212 45.3798 54
      vertex -36.7674 43.8177 54
    endloop
  endfacet
  facet normal 0.62595 -0.779863 0
    outer loop
      vertex -34.8212 45.3798 54
      vertex -36.7674 43.8177 1.6
      vertex -34.8212 45.3798 1.6
    endloop
  endfacet
  facet normal -0.999763 0.0217887 0
    outer loop
      vertex 57.1456 -2.49503 1.6
      vertex 57.1869 -0.599999 54
      vertex 57.1869 -0.599999 1.6
    endloop
  endfacet
  facet normal -0.999763 0.0217887 0
    outer loop
      vertex 57.1869 -0.599999 54
      vertex 57.1456 -2.49503 1.6
      vertex 57.1456 -2.49503 54
    endloop
  endfacet
  facet normal 0.988364 0.152107 0
    outer loop
      vertex -56.331 -9.93268 54
      vertex -56.7106 -7.4661 1.6
      vertex -56.7106 -7.4661 54
    endloop
  endfacet
  facet normal 0.988364 0.152107 0
    outer loop
      vertex -56.7106 -7.4661 1.6
      vertex -56.331 -9.93268 54
      vertex -56.331 -9.93268 1.6
    endloop
  endfacet
  facet normal -0.152107 0.988364 0
    outer loop
      vertex 9.93268 -56.331 1.6
      vertex 7.4661 -56.7106 54
      vertex 9.93268 -56.331 54
    endloop
  endfacet
  facet normal -0.152107 0.988364 0
    outer loop
      vertex 7.4661 -56.7106 54
      vertex 9.93268 -56.331 1.6
      vertex 7.4661 -56.7106 1.6
    endloop
  endfacet
  facet normal -0.751871 0.65931 0
    outer loop
      vertex 42.1723 -38.6438 1.6
      vertex 43.8177 -36.7674 54
      vertex 43.8177 -36.7674 1.6
    endloop
  endfacet
  facet normal -0.751871 0.65931 0
    outer loop
      vertex 43.8177 -36.7674 54
      vertex 42.1723 -38.6438 1.6
      vertex 42.1723 -38.6438 54
    endloop
  endfacet
  facet normal 0.195105 -0.980782 0
    outer loop
      vertex -12.3803 55.8441 1.6
      vertex -9.93268 56.331 54
      vertex -12.3803 55.8441 54
    endloop
  endfacet
  facet normal 0.195105 -0.980782 0
    outer loop
      vertex -9.93268 56.331 54
      vertex -12.3803 55.8441 1.6
      vertex -9.93268 56.331 1.6
    endloop
  endfacet
  facet normal -0.997857 -0.0654344 0
    outer loop
      vertex 57.1456 2.49503 1.6
      vertex 56.9823 4.98531 54
      vertex 56.9823 4.98531 1.6
    endloop
  endfacet
  facet normal -0.997857 -0.0654344 0
    outer loop
      vertex 56.9823 4.98531 54
      vertex 57.1456 2.49503 1.6
      vertex 57.1456 2.49503 54
    endloop
  endfacet
  facet normal 0.722346 0.691532 0
    outer loop
      vertex -40.4465 -40.4465 54
      vertex -42.1723 -38.6438 1.6
      vertex -42.1723 -38.6438 54
    endloop
  endfacet
  facet normal 0.722346 0.691532 0
    outer loop
      vertex -42.1723 -38.6438 1.6
      vertex -40.4465 -40.4465 54
      vertex -40.4465 -40.4465 1.6
    endloop
  endfacet
  facet normal -0.94693 0.32144 0
    outer loop
      vertex 53.7504 -19.5636 1.6
      vertex 54.5526 -17.2004 54
      vertex 54.5526 -17.2004 1.6
    endloop
  endfacet
  facet normal -0.94693 0.32144 0
    outer loop
      vertex 54.5526 -17.2004 54
      vertex 53.7504 -19.5636 1.6
      vertex 53.7504 -19.5636 54
    endloop
  endfacet
  facet normal 0.932007 0.36244 0
    outer loop
      vertex -52.8459 -21.8895 54
      vertex -53.7504 -19.5636 1.6
      vertex -53.7504 -19.5636 54
    endloop
  endfacet
  facet normal 0.932007 0.36244 0
    outer loop
      vertex -53.7504 -19.5636 1.6
      vertex -52.8459 -21.8895 54
      vertex -52.8459 -21.8895 1.6
    endloop
  endfacet
  facet normal 0.960047 -0.27984 0
    outer loop
      vertex -55.251 14.8044 54
      vertex -54.5526 17.2004 1.6
      vertex -54.5526 17.2004 54
    endloop
  endfacet
  facet normal 0.960047 -0.27984 0
    outer loop
      vertex -54.5526 17.2004 1.6
      vertex -55.251 14.8044 54
      vertex -55.251 14.8044 1.6
    endloop
  endfacet
  facet normal 0.152107 -0.988364 0
    outer loop
      vertex -9.93268 56.331 1.6
      vertex -7.4661 56.7106 54
      vertex -9.93268 56.331 54
    endloop
  endfacet
  facet normal 0.152107 -0.988364 0
    outer loop
      vertex -7.4661 56.7106 54
      vertex -9.93268 56.331 1.6
      vertex -7.4661 56.7106 1.6
    endloop
  endfacet
  facet normal -0.36244 0.932007 0
    outer loop
      vertex 21.8895 -52.8459 1.6
      vertex 19.5636 -53.7504 54
      vertex 21.8895 -52.8459 54
    endloop
  endfacet
  facet normal -0.36244 0.932007 0
    outer loop
      vertex 19.5636 -53.7504 54
      vertex 21.8895 -52.8459 1.6
      vertex 19.5636 -53.7504 1.6
    endloop
  endfacet
  facet normal 0.896866 0.442302 0
    outer loop
      vertex -50.737 -26.412 54
      vertex -51.8408 -24.1738 1.6
      vertex -51.8408 -24.1738 54
    endloop
  endfacet
  facet normal 0.896866 0.442302 0
    outer loop
      vertex -51.8408 -24.1738 1.6
      vertex -50.737 -26.412 54
      vertex -50.737 -26.412 1.6
    endloop
  endfacet
  facet normal -0.27984 0.960047 0
    outer loop
      vertex 17.2004 -54.5526 1.6
      vertex 14.8044 -55.251 54
      vertex 17.2004 -54.5526 54
    endloop
  endfacet
  facet normal -0.27984 0.960047 0
    outer loop
      vertex 14.8044 -55.251 54
      vertex 17.2004 -54.5526 1.6
      vertex 14.8044 -55.251 1.6
    endloop
  endfacet
  facet normal -0.87674 0.480965 0
    outer loop
      vertex 49.5367 -28.6 1.6
      vertex 50.737 -26.412 54
      vertex 50.737 -26.412 1.6
    endloop
  endfacet
  facet normal -0.87674 0.480965 0
    outer loop
      vertex 50.737 -26.412 54
      vertex 49.5367 -28.6 1.6
      vertex 49.5367 -28.6 54
    endloop
  endfacet
  facet normal -0.915314 -0.402741 0
    outer loop
      vertex 52.8459 21.8895 1.6
      vertex 51.8408 24.1738 54
      vertex 51.8408 24.1738 1.6
    endloop
  endfacet
  facet normal -0.915314 -0.402741 0
    outer loop
      vertex 51.8408 24.1738 54
      vertex 52.8459 21.8895 1.6
      vertex 52.8459 21.8895 54
    endloop
  endfacet
  facet normal -0.980782 -0.195105 0
    outer loop
      vertex 56.331 9.93268 1.6
      vertex 55.8441 12.3803 54
      vertex 55.8441 12.3803 1.6
    endloop
  endfacet
  facet normal -0.980782 -0.195105 0
    outer loop
      vertex 55.8441 12.3803 54
      vertex 56.331 9.93268 1.6
      vertex 56.331 9.93268 54
    endloop
  endfacet
  facet normal 0.480991 0.876726 -0
    outer loop
      vertex -26.412 -50.737 1.6
      vertex -28.0738 -49.8253 54
      vertex -26.412 -50.737 54
    endloop
  endfacet
  facet normal 0.480991 0.876726 0
    outer loop
      vertex -28.0738 -49.8253 54
      vertex -26.412 -50.737 1.6
      vertex -28.0738 -49.8253 1.6
    endloop
  endfacet
  facet normal 0.0217982 0.999762 -0
    outer loop
      vertex 0 -57.2 1.6
      vertex -2.49503 -57.1456 54
      vertex 0 -57.2 54
    endloop
  endfacet
  facet normal 0.0217982 0.999762 0
    outer loop
      vertex -2.49503 -57.1456 54
      vertex 0 -57.2 1.6
      vertex -2.49503 -57.1456 1.6
    endloop
  endfacet
  facet normal 0.0654344 0.997857 -0
    outer loop
      vertex -2.49503 -57.1456 1.6
      vertex -4.98531 -56.9823 54
      vertex -2.49503 -57.1456 54
    endloop
  endfacet
  facet normal 0.0654344 0.997857 0
    outer loop
      vertex -4.98531 -56.9823 54
      vertex -2.49503 -57.1456 1.6
      vertex -4.98531 -56.9823 1.6
    endloop
  endfacet
  facet normal -0.994056 0.108871 0
    outer loop
      vertex 56.7106 -7.4661 1.6
      vertex 56.9823 -4.98531 54
      vertex 56.9823 -4.98531 1.6
    endloop
  endfacet
  facet normal -0.994056 0.108871 0
    outer loop
      vertex 56.9823 -4.98531 54
      vertex 56.7106 -7.4661 1.6
      vertex 56.7106 -7.4661 54
    endloop
  endfacet
  facet normal -0.51878 0.854908 0
    outer loop
      vertex 30.7335 -48.242 1.6
      vertex 29.1131 -49.2253 54
      vertex 30.7335 -48.242 54
    endloop
  endfacet
  facet normal -0.51878 0.854908 0
    outer loop
      vertex 29.1131 -49.2253 54
      vertex 30.7335 -48.242 1.6
      vertex 29.1131 -49.2253 1.6
    endloop
  endfacet
  facet normal 0.402741 0.915314 -0
    outer loop
      vertex -21.8895 -52.8459 1.6
      vertex -24.1738 -51.8408 54
      vertex -21.8895 -52.8459 54
    endloop
  endfacet
  facet normal 0.402741 0.915314 0
    outer loop
      vertex -24.1738 -51.8408 54
      vertex -21.8895 -52.8459 1.6
      vertex -24.1738 -51.8408 1.6
    endloop
  endfacet
  facet normal 0.108871 -0.994056 0
    outer loop
      vertex -7.4661 56.7106 1.6
      vertex -4.98531 56.9823 54
      vertex -7.4661 56.7106 54
    endloop
  endfacet
  facet normal 0.108871 -0.994056 0
    outer loop
      vertex -4.98531 56.9823 54
      vertex -7.4661 56.7106 1.6
      vertex -4.98531 56.9823 1.6
    endloop
  endfacet
  facet normal -0.94693 -0.32144 0
    outer loop
      vertex 54.5526 17.2004 1.6
      vertex 53.7504 19.5636 54
      vertex 53.7504 19.5636 1.6
    endloop
  endfacet
  facet normal -0.94693 -0.32144 0
    outer loop
      vertex 53.7504 19.5636 54
      vertex 54.5526 17.2004 1.6
      vertex 54.5526 17.2004 54
    endloop
  endfacet
  facet normal -0.442302 -0.896866 0
    outer loop
      vertex 24.1738 51.8408 1.6
      vertex 26.412 50.737 54
      vertex 24.1738 51.8408 54
    endloop
  endfacet
  facet normal -0.442302 -0.896866 -0
    outer loop
      vertex 26.412 50.737 54
      vertex 24.1738 51.8408 1.6
      vertex 26.412 50.737 1.6
    endloop
  endfacet
  facet normal -0.988364 -0.152107 0
    outer loop
      vertex 56.7106 7.4661 1.6
      vertex 56.331 9.93268 54
      vertex 56.331 9.93268 1.6
    endloop
  endfacet
  facet normal -0.988364 -0.152107 0
    outer loop
      vertex 56.331 9.93268 54
      vertex 56.7106 7.4661 1.6
      vertex 56.7106 7.4661 54
    endloop
  endfacet
  facet normal 0.36244 -0.932007 0
    outer loop
      vertex -21.8895 52.8459 1.6
      vertex -19.5636 53.7504 54
      vertex -21.8895 52.8459 54
    endloop
  endfacet
  facet normal 0.36244 -0.932007 0
    outer loop
      vertex -19.5636 53.7504 54
      vertex -21.8895 52.8459 1.6
      vertex -19.5636 53.7504 1.6
    endloop
  endfacet
  facet normal 0.32144 -0.94693 0
    outer loop
      vertex -19.5636 53.7504 1.6
      vertex -17.2004 54.5526 54
      vertex -19.5636 53.7504 54
    endloop
  endfacet
  facet normal 0.32144 -0.94693 0
    outer loop
      vertex -17.2004 54.5526 54
      vertex -19.5636 53.7504 1.6
      vertex -17.2004 54.5526 1.6
    endloop
  endfacet
  facet normal -0.195105 -0.980782 0
    outer loop
      vertex 9.93268 56.331 1.6
      vertex 12.3803 55.8441 54
      vertex 9.93268 56.331 54
    endloop
  endfacet
  facet normal -0.195105 -0.980782 -0
    outer loop
      vertex 12.3803 55.8441 54
      vertex 9.93268 56.331 1.6
      vertex 12.3803 55.8441 1.6
    endloop
  endfacet
  facet normal -0.62595 0.779863 0
    outer loop
      vertex 36.7674 -43.8177 1.6
      vertex 34.8212 -45.3798 54
      vertex 36.7674 -43.8177 54
    endloop
  endfacet
  facet normal -0.62595 0.779863 0
    outer loop
      vertex 34.8212 -45.3798 54
      vertex 36.7674 -43.8177 1.6
      vertex 34.8212 -45.3798 1.6
    endloop
  endfacet
  facet normal -0.65931 -0.751871 0
    outer loop
      vertex 36.7674 43.8177 1.6
      vertex 38.6438 42.1723 54
      vertex 36.7674 43.8177 54
    endloop
  endfacet
  facet normal -0.65931 -0.751871 -0
    outer loop
      vertex 38.6438 42.1723 54
      vertex 36.7674 43.8177 1.6
      vertex 38.6438 42.1723 1.6
    endloop
  endfacet
  facet normal -0.691532 -0.722346 0
    outer loop
      vertex 38.6438 42.1723 1.6
      vertex 40.4465 40.4465 54
      vertex 38.6438 42.1723 54
    endloop
  endfacet
  facet normal -0.691532 -0.722346 -0
    outer loop
      vertex 40.4465 40.4465 54
      vertex 38.6438 42.1723 1.6
      vertex 40.4465 40.4465 1.6
    endloop
  endfacet
  facet normal -0.896866 -0.442302 0
    outer loop
      vertex 51.8408 24.1738 1.6
      vertex 50.737 26.412 54
      vertex 50.737 26.412 1.6
    endloop
  endfacet
  facet normal -0.896866 -0.442302 0
    outer loop
      vertex 50.737 26.412 54
      vertex 51.8408 24.1738 1.6
      vertex 51.8408 24.1738 54
    endloop
  endfacet
  facet normal -0.195105 0.980782 0
    outer loop
      vertex 12.3803 -55.8441 1.6
      vertex 9.93268 -56.331 54
      vertex 12.3803 -55.8441 54
    endloop
  endfacet
  facet normal -0.195105 0.980782 0
    outer loop
      vertex 9.93268 -56.331 54
      vertex 12.3803 -55.8441 1.6
      vertex 9.93268 -56.331 1.6
    endloop
  endfacet
  facet normal -0.988364 0.152107 0
    outer loop
      vertex 56.331 -9.93268 1.6
      vertex 56.7106 -7.4661 54
      vertex 56.7106 -7.4661 1.6
    endloop
  endfacet
  facet normal -0.988364 0.152107 0
    outer loop
      vertex 56.7106 -7.4661 54
      vertex 56.331 -9.93268 1.6
      vertex 56.331 -9.93268 54
    endloop
  endfacet
  facet normal 0.65931 0.751871 -0
    outer loop
      vertex -36.7674 -43.8177 1.6
      vertex -38.6438 -42.1723 54
      vertex -36.7674 -43.8177 54
    endloop
  endfacet
  facet normal 0.65931 0.751871 0
    outer loop
      vertex -38.6438 -42.1723 54
      vertex -36.7674 -43.8177 1.6
      vertex -38.6438 -42.1723 1.6
    endloop
  endfacet
  facet normal -0.779863 0.62595 0
    outer loop
      vertex 43.8177 -36.7674 1.6
      vertex 45.3798 -34.8212 54
      vertex 45.3798 -34.8212 1.6
    endloop
  endfacet
  facet normal -0.779863 0.62595 0
    outer loop
      vertex 45.3798 -34.8212 54
      vertex 43.8177 -36.7674 1.6
      vertex 43.8177 -36.7674 54
    endloop
  endfacet
  facet normal -0.691532 0.722346 0
    outer loop
      vertex 40.4465 -40.4465 1.6
      vertex 38.6438 -42.1723 54
      vertex 40.4465 -40.4465 54
    endloop
  endfacet
  facet normal -0.691532 0.722346 0
    outer loop
      vertex 38.6438 -42.1723 54
      vertex 40.4465 -40.4465 1.6
      vertex 38.6438 -42.1723 1.6
    endloop
  endfacet
  facet normal 0.691532 -0.722346 0
    outer loop
      vertex -40.4465 40.4465 1.6
      vertex -38.6438 42.1723 54
      vertex -40.4465 40.4465 54
    endloop
  endfacet
  facet normal 0.691532 -0.722346 0
    outer loop
      vertex -38.6438 42.1723 54
      vertex -40.4465 40.4465 1.6
      vertex -38.6438 42.1723 1.6
    endloop
  endfacet
  facet normal 0.87674 0.480965 0
    outer loop
      vertex -49.5367 -28.6 54
      vertex -50.737 -26.412 1.6
      vertex -50.737 -26.412 54
    endloop
  endfacet
  facet normal 0.87674 0.480965 0
    outer loop
      vertex -50.737 -26.412 1.6
      vertex -49.5367 -28.6 54
      vertex -49.5367 -28.6 1.6
    endloop
  endfacet
  facet normal -0.402741 -0.915314 0
    outer loop
      vertex 21.8895 52.8459 1.6
      vertex 24.1738 51.8408 54
      vertex 21.8895 52.8459 54
    endloop
  endfacet
  facet normal -0.402741 -0.915314 -0
    outer loop
      vertex 24.1738 51.8408 54
      vertex 21.8895 52.8459 1.6
      vertex 24.1738 51.8408 1.6
    endloop
  endfacet
  facet normal 0.971349 -0.237658 0
    outer loop
      vertex -55.8441 12.3803 54
      vertex -55.251 14.8044 1.6
      vertex -55.251 14.8044 54
    endloop
  endfacet
  facet normal 0.971349 -0.237658 0
    outer loop
      vertex -55.251 14.8044 1.6
      vertex -55.8441 12.3803 54
      vertex -55.8441 12.3803 1.6
    endloop
  endfacet
  facet normal 0.831477 -0.55556 0
    outer loop
      vertex -48.242 30.7335 54
      vertex -46.8555 32.8086 1.6
      vertex -46.8555 32.8086 54
    endloop
  endfacet
  facet normal 0.831477 -0.55556 0
    outer loop
      vertex -46.8555 32.8086 1.6
      vertex -48.242 30.7335 54
      vertex -48.242 30.7335 1.6
    endloop
  endfacet
  facet normal 0.65931 -0.751871 0
    outer loop
      vertex -38.6438 42.1723 1.6
      vertex -36.7674 43.8177 54
      vertex -38.6438 42.1723 54
    endloop
  endfacet
  facet normal 0.65931 -0.751871 0
    outer loop
      vertex -36.7674 43.8177 54
      vertex -38.6438 42.1723 1.6
      vertex -36.7674 43.8177 1.6
    endloop
  endfacet
  facet normal 0.980782 -0.195105 0
    outer loop
      vertex -56.331 9.93268 54
      vertex -55.8441 12.3803 1.6
      vertex -55.8441 12.3803 54
    endloop
  endfacet
  facet normal 0.980782 -0.195105 0
    outer loop
      vertex -55.8441 12.3803 1.6
      vertex -56.331 9.93268 54
      vertex -56.331 9.93268 1.6
    endloop
  endfacet
  facet normal -0.59131 -0.806444 0
    outer loop
      vertex 32.8086 46.8555 1.6
      vertex 34.8212 45.3798 54
      vertex 32.8086 46.8555 54
    endloop
  endfacet
  facet normal -0.59131 -0.806444 -0
    outer loop
      vertex 34.8212 45.3798 54
      vertex 32.8086 46.8555 1.6
      vertex 34.8212 45.3798 1.6
    endloop
  endfacet
  facet normal -0.442302 0.896866 0
    outer loop
      vertex 26.412 -50.737 1.6
      vertex 24.1738 -51.8408 54
      vertex 26.412 -50.737 54
    endloop
  endfacet
  facet normal -0.442302 0.896866 0
    outer loop
      vertex 24.1738 -51.8408 54
      vertex 26.412 -50.737 1.6
      vertex 24.1738 -51.8408 1.6
    endloop
  endfacet
  facet normal -0.62595 -0.779863 0
    outer loop
      vertex 34.8212 45.3798 1.6
      vertex 36.7674 43.8177 54
      vertex 34.8212 45.3798 54
    endloop
  endfacet
  facet normal -0.62595 -0.779863 -0
    outer loop
      vertex 36.7674 43.8177 54
      vertex 34.8212 45.3798 1.6
      vertex 36.7674 43.8177 1.6
    endloop
  endfacet
  facet normal -0.402741 0.915314 0
    outer loop
      vertex 24.1738 -51.8408 1.6
      vertex 21.8895 -52.8459 54
      vertex 24.1738 -51.8408 54
    endloop
  endfacet
  facet normal -0.402741 0.915314 0
    outer loop
      vertex 21.8895 -52.8459 54
      vertex 24.1738 -51.8408 1.6
      vertex 21.8895 -52.8459 1.6
    endloop
  endfacet
  facet normal 0.997857 0.0654344 0
    outer loop
      vertex -56.9823 -4.98531 54
      vertex -57.1456 -2.49503 1.6
      vertex -57.1456 -2.49503 54
    endloop
  endfacet
  facet normal 0.997857 0.0654344 0
    outer loop
      vertex -57.1456 -2.49503 1.6
      vertex -56.9823 -4.98531 54
      vertex -56.9823 -4.98531 1.6
    endloop
  endfacet
  facet normal 0.854901 0.518791 0
    outer loop
      vertex -48.242 -30.7335 54
      vertex -49.5367 -28.6 1.6
      vertex -49.5367 -28.6 54
    endloop
  endfacet
  facet normal 0.854901 0.518791 0
    outer loop
      vertex -49.5367 -28.6 1.6
      vertex -48.242 -30.7335 54
      vertex -48.242 -30.7335 1.6
    endloop
  endfacet
  facet normal 0.994056 0.108871 0
    outer loop
      vertex -56.7106 -7.4661 54
      vertex -56.9823 -4.98531 1.6
      vertex -56.9823 -4.98531 54
    endloop
  endfacet
  facet normal 0.994056 0.108871 0
    outer loop
      vertex -56.9823 -4.98531 1.6
      vertex -56.7106 -7.4661 54
      vertex -56.7106 -7.4661 1.6
    endloop
  endfacet
  facet normal -0.36244 -0.932007 0
    outer loop
      vertex 19.5636 53.7504 1.6
      vertex 21.8895 52.8459 54
      vertex 19.5636 53.7504 54
    endloop
  endfacet
  facet normal -0.36244 -0.932007 -0
    outer loop
      vertex 21.8895 52.8459 54
      vertex 19.5636 53.7504 1.6
      vertex 21.8895 52.8459 1.6
    endloop
  endfacet
  facet normal 0.27984 0.960047 -0
    outer loop
      vertex -14.8044 -55.251 1.6
      vertex -17.2004 -54.5526 54
      vertex -14.8044 -55.251 54
    endloop
  endfacet
  facet normal 0.27984 0.960047 0
    outer loop
      vertex -17.2004 -54.5526 54
      vertex -14.8044 -55.251 1.6
      vertex -17.2004 -54.5526 1.6
    endloop
  endfacet
  facet normal -0.722346 -0.691532 0
    outer loop
      vertex 42.1723 38.6438 1.6
      vertex 40.4465 40.4465 54
      vertex 40.4465 40.4465 1.6
    endloop
  endfacet
  facet normal -0.722346 -0.691532 0
    outer loop
      vertex 40.4465 40.4465 54
      vertex 42.1723 38.6438 1.6
      vertex 42.1723 38.6438 54
    endloop
  endfacet
  facet normal 0.0217982 -0.999762 0
    outer loop
      vertex -2.49503 57.1456 1.6
      vertex 0 57.2 54
      vertex -2.49503 57.1456 54
    endloop
  endfacet
  facet normal 0.0217982 -0.999762 0
    outer loop
      vertex 0 57.2 54
      vertex -2.49503 57.1456 1.6
      vertex 0 57.2 1.6
    endloop
  endfacet
  facet normal 0.442302 0.896866 -0
    outer loop
      vertex -24.1738 -51.8408 1.6
      vertex -26.412 -50.737 54
      vertex -24.1738 -51.8408 54
    endloop
  endfacet
  facet normal 0.442302 0.896866 0
    outer loop
      vertex -26.412 -50.737 54
      vertex -24.1738 -51.8408 1.6
      vertex -26.412 -50.737 1.6
    endloop
  endfacet
  facet normal 0.971349 0.237658 0
    outer loop
      vertex -55.251 -14.8044 54
      vertex -55.8441 -12.3803 1.6
      vertex -55.8441 -12.3803 54
    endloop
  endfacet
  facet normal 0.971349 0.237658 0
    outer loop
      vertex -55.8441 -12.3803 1.6
      vertex -55.251 -14.8044 54
      vertex -55.251 -14.8044 1.6
    endloop
  endfacet
  facet normal -0.480991 0.876726 0
    outer loop
      vertex 28.0738 -49.8253 1.6
      vertex 26.412 -50.737 54
      vertex 28.0738 -49.8253 54
    endloop
  endfacet
  facet normal -0.480991 0.876726 0
    outer loop
      vertex 26.412 -50.737 54
      vertex 28.0738 -49.8253 1.6
      vertex 26.412 -50.737 1.6
    endloop
  endfacet
  facet normal 0.999763 -0.0217887 0
    outer loop
      vertex -57.1869 0.599999 54
      vertex -57.1456 2.49503 1.6
      vertex -57.1456 2.49503 54
    endloop
  endfacet
  facet normal 0.999763 -0.0217887 0
    outer loop
      vertex -57.1456 2.49503 1.6
      vertex -57.1869 0.599999 54
      vertex -57.1869 0.599999 1.6
    endloop
  endfacet
  facet normal 0.32144 0.94693 -0
    outer loop
      vertex -17.2004 -54.5526 1.6
      vertex -19.5636 -53.7504 54
      vertex -17.2004 -54.5526 54
    endloop
  endfacet
  facet normal 0.32144 0.94693 0
    outer loop
      vertex -19.5636 -53.7504 54
      vertex -17.2004 -54.5526 1.6
      vertex -19.5636 -53.7504 1.6
    endloop
  endfacet
  facet normal -0.896866 0.442302 0
    outer loop
      vertex 50.737 -26.412 1.6
      vertex 51.8408 -24.1738 54
      vertex 51.8408 -24.1738 1.6
    endloop
  endfacet
  facet normal -0.896866 0.442302 0
    outer loop
      vertex 51.8408 -24.1738 54
      vertex 50.737 -26.412 1.6
      vertex 50.737 -26.412 54
    endloop
  endfacet
  facet normal -0.0654344 0.997857 0
    outer loop
      vertex 4.98531 -56.9823 1.6
      vertex 2.49503 -57.1456 54
      vertex 4.98531 -56.9823 54
    endloop
  endfacet
  facet normal -0.0654344 0.997857 0
    outer loop
      vertex 2.49503 -57.1456 54
      vertex 4.98531 -56.9823 1.6
      vertex 2.49503 -57.1456 1.6
    endloop
  endfacet
  facet normal -0.32144 0.94693 0
    outer loop
      vertex 19.5636 -53.7504 1.6
      vertex 17.2004 -54.5526 54
      vertex 19.5636 -53.7504 54
    endloop
  endfacet
  facet normal -0.32144 0.94693 0
    outer loop
      vertex 17.2004 -54.5526 54
      vertex 19.5636 -53.7504 1.6
      vertex 17.2004 -54.5526 1.6
    endloop
  endfacet
  facet normal -0.237658 0.971349 0
    outer loop
      vertex 14.8044 -55.251 1.6
      vertex 12.3803 -55.8441 54
      vertex 14.8044 -55.251 54
    endloop
  endfacet
  facet normal -0.237658 0.971349 0
    outer loop
      vertex 12.3803 -55.8441 54
      vertex 14.8044 -55.251 1.6
      vertex 12.3803 -55.8441 1.6
    endloop
  endfacet
  facet normal 0.87674 -0.480965 0
    outer loop
      vertex -50.737 26.412 54
      vertex -49.5367 28.6 1.6
      vertex -49.5367 28.6 54
    endloop
  endfacet
  facet normal 0.87674 -0.480965 0
    outer loop
      vertex -49.5367 28.6 1.6
      vertex -50.737 26.412 54
      vertex -50.737 26.412 1.6
    endloop
  endfacet
  facet normal -0.960047 -0.27984 0
    outer loop
      vertex 55.251 14.8044 1.6
      vertex 54.5526 17.2004 54
      vertex 54.5526 17.2004 1.6
    endloop
  endfacet
  facet normal -0.960047 -0.27984 0
    outer loop
      vertex 54.5526 17.2004 54
      vertex 55.251 14.8044 1.6
      vertex 55.251 14.8044 54
    endloop
  endfacet
  facet normal -0.971349 -0.237658 0
    outer loop
      vertex 55.8441 12.3803 1.6
      vertex 55.251 14.8044 54
      vertex 55.251 14.8044 1.6
    endloop
  endfacet
  facet normal -0.971349 -0.237658 0
    outer loop
      vertex 55.251 14.8044 54
      vertex 55.8441 12.3803 1.6
      vertex 55.8441 12.3803 54
    endloop
  endfacet
  facet normal -0.108871 0.994056 0
    outer loop
      vertex 7.4661 -56.7106 1.6
      vertex 4.98531 -56.9823 54
      vertex 7.4661 -56.7106 54
    endloop
  endfacet
  facet normal -0.108871 0.994056 0
    outer loop
      vertex 4.98531 -56.9823 54
      vertex 7.4661 -56.7106 1.6
      vertex 4.98531 -56.9823 1.6
    endloop
  endfacet
  facet normal 0.480991 -0.876726 0
    outer loop
      vertex -28.0738 49.8253 1.6
      vertex -26.412 50.737 54
      vertex -28.0738 49.8253 54
    endloop
  endfacet
  facet normal 0.480991 -0.876726 0
    outer loop
      vertex -26.412 50.737 54
      vertex -28.0738 49.8253 1.6
      vertex -26.412 50.737 1.6
    endloop
  endfacet
  facet normal 0.994056 -0.108871 0
    outer loop
      vertex -56.9823 4.98531 54
      vertex -56.7106 7.4661 1.6
      vertex -56.7106 7.4661 54
    endloop
  endfacet
  facet normal 0.994056 -0.108871 0
    outer loop
      vertex -56.7106 7.4661 1.6
      vertex -56.9823 4.98531 54
      vertex -56.9823 4.98531 1.6
    endloop
  endfacet
  facet normal 0.152107 0.988364 -0
    outer loop
      vertex -7.4661 -56.7106 1.6
      vertex -9.93268 -56.331 54
      vertex -7.4661 -56.7106 54
    endloop
  endfacet
  facet normal 0.152107 0.988364 0
    outer loop
      vertex -9.93268 -56.331 54
      vertex -7.4661 -56.7106 1.6
      vertex -9.93268 -56.331 1.6
    endloop
  endfacet
  facet normal 0.751871 -0.65931 0
    outer loop
      vertex -43.8177 36.7674 54
      vertex -42.1723 38.6438 1.6
      vertex -42.1723 38.6438 54
    endloop
  endfacet
  facet normal 0.751871 -0.65931 0
    outer loop
      vertex -42.1723 38.6438 1.6
      vertex -43.8177 36.7674 54
      vertex -43.8177 36.7674 1.6
    endloop
  endfacet
  facet normal -0.27984 -0.960047 0
    outer loop
      vertex 14.8044 55.251 1.6
      vertex 17.2004 54.5526 54
      vertex 14.8044 55.251 54
    endloop
  endfacet
  facet normal -0.27984 -0.960047 -0
    outer loop
      vertex 17.2004 54.5526 54
      vertex 14.8044 55.251 1.6
      vertex 17.2004 54.5526 1.6
    endloop
  endfacet
  facet normal 0.36244 0.932007 -0
    outer loop
      vertex -19.5636 -53.7504 1.6
      vertex -21.8895 -52.8459 54
      vertex -19.5636 -53.7504 54
    endloop
  endfacet
  facet normal 0.36244 0.932007 0
    outer loop
      vertex -21.8895 -52.8459 54
      vertex -19.5636 -53.7504 1.6
      vertex -21.8895 -52.8459 1.6
    endloop
  endfacet
  facet normal -0.831477 0.55556 0
    outer loop
      vertex 46.8555 -32.8086 1.6
      vertex 48.242 -30.7335 54
      vertex 48.242 -30.7335 1.6
    endloop
  endfacet
  facet normal -0.831477 0.55556 0
    outer loop
      vertex 48.242 -30.7335 54
      vertex 46.8555 -32.8086 1.6
      vertex 46.8555 -32.8086 54
    endloop
  endfacet
  facet normal 0.59131 -0.806444 0
    outer loop
      vertex -34.8212 45.3798 1.6
      vertex -32.8086 46.8555 54
      vertex -34.8212 45.3798 54
    endloop
  endfacet
  facet normal 0.59131 -0.806444 0
    outer loop
      vertex -32.8086 46.8555 54
      vertex -34.8212 45.3798 1.6
      vertex -32.8086 46.8555 1.6
    endloop
  endfacet
  facet normal -0.971349 0.237658 0
    outer loop
      vertex 55.251 -14.8044 1.6
      vertex 55.8441 -12.3803 54
      vertex 55.8441 -12.3803 1.6
    endloop
  endfacet
  facet normal -0.971349 0.237658 0
    outer loop
      vertex 55.8441 -12.3803 54
      vertex 55.251 -14.8044 1.6
      vertex 55.251 -14.8044 54
    endloop
  endfacet
  facet normal 0.806444 -0.59131 0
    outer loop
      vertex -46.8555 32.8086 54
      vertex -45.3798 34.8212 1.6
      vertex -45.3798 34.8212 54
    endloop
  endfacet
  facet normal 0.806444 -0.59131 0
    outer loop
      vertex -45.3798 34.8212 1.6
      vertex -46.8555 32.8086 54
      vertex -46.8555 32.8086 1.6
    endloop
  endfacet
  facet normal -0.932007 0.36244 0
    outer loop
      vertex 52.8459 -21.8895 1.6
      vertex 53.7504 -19.5636 54
      vertex 53.7504 -19.5636 1.6
    endloop
  endfacet
  facet normal -0.932007 0.36244 0
    outer loop
      vertex 53.7504 -19.5636 54
      vertex 52.8459 -21.8895 1.6
      vertex 52.8459 -21.8895 54
    endloop
  endfacet
  facet normal 0.51878 -0.854908 0
    outer loop
      vertex -30.7335 48.242 1.6
      vertex -29.1131 49.2253 54
      vertex -30.7335 48.242 54
    endloop
  endfacet
  facet normal 0.51878 -0.854908 0
    outer loop
      vertex -29.1131 49.2253 54
      vertex -30.7335 48.242 1.6
      vertex -29.1131 49.2253 1.6
    endloop
  endfacet
  facet normal -0.480991 -0.876726 0
    outer loop
      vertex 26.412 50.737 1.6
      vertex 28.0738 49.8253 54
      vertex 26.412 50.737 54
    endloop
  endfacet
  facet normal -0.480991 -0.876726 -0
    outer loop
      vertex 28.0738 49.8253 54
      vertex 26.412 50.737 1.6
      vertex 28.0738 49.8253 1.6
    endloop
  endfacet
  facet normal 0.806444 0.59131 0
    outer loop
      vertex -45.3798 -34.8212 54
      vertex -46.8555 -32.8086 1.6
      vertex -46.8555 -32.8086 54
    endloop
  endfacet
  facet normal 0.806444 0.59131 0
    outer loop
      vertex -46.8555 -32.8086 1.6
      vertex -45.3798 -34.8212 54
      vertex -45.3798 -34.8212 1.6
    endloop
  endfacet
  facet normal 0.999763 0.0217887 0
    outer loop
      vertex -57.1456 -2.49503 54
      vertex -57.1869 -0.599999 1.6
      vertex -57.1869 -0.599999 54
    endloop
  endfacet
  facet normal 0.999763 0.0217887 0
    outer loop
      vertex -57.1869 -0.599999 1.6
      vertex -57.1456 -2.49503 54
      vertex -57.1456 -2.49503 1.6
    endloop
  endfacet
  facet normal -0.915314 0.402741 0
    outer loop
      vertex 51.8408 -24.1738 1.6
      vertex 52.8459 -21.8895 54
      vertex 52.8459 -21.8895 1.6
    endloop
  endfacet
  facet normal -0.915314 0.402741 0
    outer loop
      vertex 52.8459 -21.8895 54
      vertex 51.8408 -24.1738 1.6
      vertex 51.8408 -24.1738 54
    endloop
  endfacet
  facet normal 0.915314 -0.402741 0
    outer loop
      vertex -52.8459 21.8895 54
      vertex -51.8408 24.1738 1.6
      vertex -51.8408 24.1738 54
    endloop
  endfacet
  facet normal 0.915314 -0.402741 0
    outer loop
      vertex -51.8408 24.1738 1.6
      vertex -52.8459 21.8895 54
      vertex -52.8459 21.8895 1.6
    endloop
  endfacet
  facet normal 0.55556 0.831477 -0
    outer loop
      vertex -30.7335 -48.242 1.6
      vertex -32.8086 -46.8555 54
      vertex -30.7335 -48.242 54
    endloop
  endfacet
  facet normal 0.55556 0.831477 0
    outer loop
      vertex -32.8086 -46.8555 54
      vertex -30.7335 -48.242 1.6
      vertex -32.8086 -46.8555 1.6
    endloop
  endfacet
  facet normal 0.237658 0.971349 -0
    outer loop
      vertex -12.3803 -55.8441 1.6
      vertex -14.8044 -55.251 54
      vertex -12.3803 -55.8441 54
    endloop
  endfacet
  facet normal 0.237658 0.971349 0
    outer loop
      vertex -14.8044 -55.251 54
      vertex -12.3803 -55.8441 1.6
      vertex -14.8044 -55.251 1.6
    endloop
  endfacet
  facet normal -0.32144 -0.94693 0
    outer loop
      vertex 17.2004 54.5526 1.6
      vertex 19.5636 53.7504 54
      vertex 17.2004 54.5526 54
    endloop
  endfacet
  facet normal -0.32144 -0.94693 -0
    outer loop
      vertex 19.5636 53.7504 54
      vertex 17.2004 54.5526 1.6
      vertex 19.5636 53.7504 1.6
    endloop
  endfacet
  facet normal -0.751871 -0.65931 0
    outer loop
      vertex 43.8177 36.7674 1.6
      vertex 42.1723 38.6438 54
      vertex 42.1723 38.6438 1.6
    endloop
  endfacet
  facet normal -0.751871 -0.65931 0
    outer loop
      vertex 42.1723 38.6438 54
      vertex 43.8177 36.7674 1.6
      vertex 43.8177 36.7674 54
    endloop
  endfacet
  facet normal 0.779863 0.62595 0
    outer loop
      vertex -43.8177 -36.7674 54
      vertex -45.3798 -34.8212 1.6
      vertex -45.3798 -34.8212 54
    endloop
  endfacet
  facet normal 0.779863 0.62595 0
    outer loop
      vertex -45.3798 -34.8212 1.6
      vertex -43.8177 -36.7674 54
      vertex -43.8177 -36.7674 1.6
    endloop
  endfacet
  facet normal -0.806444 -0.59131 0
    outer loop
      vertex 46.8555 32.8086 1.6
      vertex 45.3798 34.8212 54
      vertex 45.3798 34.8212 1.6
    endloop
  endfacet
  facet normal -0.806444 -0.59131 0
    outer loop
      vertex 45.3798 34.8212 54
      vertex 46.8555 32.8086 1.6
      vertex 46.8555 32.8086 54
    endloop
  endfacet
  facet normal 0.237658 -0.971349 0
    outer loop
      vertex -14.8044 55.251 1.6
      vertex -12.3803 55.8441 54
      vertex -14.8044 55.251 54
    endloop
  endfacet
  facet normal 0.237658 -0.971349 0
    outer loop
      vertex -12.3803 55.8441 54
      vertex -14.8044 55.251 1.6
      vertex -12.3803 55.8441 1.6
    endloop
  endfacet
  facet normal 0.997857 -0.0654344 0
    outer loop
      vertex -57.1456 2.49503 54
      vertex -56.9823 4.98531 1.6
      vertex -56.9823 4.98531 54
    endloop
  endfacet
  facet normal 0.997857 -0.0654344 0
    outer loop
      vertex -56.9823 4.98531 1.6
      vertex -57.1456 2.49503 54
      vertex -57.1456 2.49503 1.6
    endloop
  endfacet
  facet normal 0.27984 -0.960047 0
    outer loop
      vertex -17.2004 54.5526 1.6
      vertex -14.8044 55.251 54
      vertex -17.2004 54.5526 54
    endloop
  endfacet
  facet normal 0.27984 -0.960047 0
    outer loop
      vertex -14.8044 55.251 54
      vertex -17.2004 54.5526 1.6
      vertex -14.8044 55.251 1.6
    endloop
  endfacet
  facet normal -0.722346 0.691532 0
    outer loop
      vertex 40.4465 -40.4465 1.6
      vertex 42.1723 -38.6438 54
      vertex 42.1723 -38.6438 1.6
    endloop
  endfacet
  facet normal -0.722346 0.691532 0
    outer loop
      vertex 42.1723 -38.6438 54
      vertex 40.4465 -40.4465 1.6
      vertex 40.4465 -40.4465 54
    endloop
  endfacet
  facet normal -0.65931 0.751871 0
    outer loop
      vertex 38.6438 -42.1723 1.6
      vertex 36.7674 -43.8177 54
      vertex 38.6438 -42.1723 54
    endloop
  endfacet
  facet normal -0.65931 0.751871 0
    outer loop
      vertex 36.7674 -43.8177 54
      vertex 38.6438 -42.1723 1.6
      vertex 36.7674 -43.8177 1.6
    endloop
  endfacet
  facet normal 0.55556 -0.831477 0
    outer loop
      vertex -32.8086 46.8555 1.6
      vertex -30.7335 48.242 54
      vertex -32.8086 46.8555 54
    endloop
  endfacet
  facet normal 0.55556 -0.831477 0
    outer loop
      vertex -30.7335 48.242 54
      vertex -32.8086 46.8555 1.6
      vertex -30.7335 48.242 1.6
    endloop
  endfacet
  facet normal -0.779863 -0.62595 0
    outer loop
      vertex 45.3798 34.8212 1.6
      vertex 43.8177 36.7674 54
      vertex 43.8177 36.7674 1.6
    endloop
  endfacet
  facet normal -0.779863 -0.62595 0
    outer loop
      vertex 43.8177 36.7674 54
      vertex 45.3798 34.8212 1.6
      vertex 45.3798 34.8212 54
    endloop
  endfacet
  facet normal 0.960047 0.27984 0
    outer loop
      vertex -54.5526 -17.2004 54
      vertex -55.251 -14.8044 1.6
      vertex -55.251 -14.8044 54
    endloop
  endfacet
  facet normal 0.960047 0.27984 0
    outer loop
      vertex -55.251 -14.8044 1.6
      vertex -54.5526 -17.2004 54
      vertex -54.5526 -17.2004 1.6
    endloop
  endfacet
  facet normal 0.442302 -0.896866 0
    outer loop
      vertex -26.412 50.737 1.6
      vertex -24.1738 51.8408 54
      vertex -26.412 50.737 54
    endloop
  endfacet
  facet normal 0.442302 -0.896866 0
    outer loop
      vertex -24.1738 51.8408 54
      vertex -26.412 50.737 1.6
      vertex -24.1738 51.8408 1.6
    endloop
  endfacet
  facet normal 0.62595 0.779863 -0
    outer loop
      vertex -34.8212 -45.3798 1.6
      vertex -36.7674 -43.8177 54
      vertex -34.8212 -45.3798 54
    endloop
  endfacet
  facet normal 0.62595 0.779863 0
    outer loop
      vertex -36.7674 -43.8177 54
      vertex -34.8212 -45.3798 1.6
      vertex -36.7674 -43.8177 1.6
    endloop
  endfacet
  facet normal 0.59131 0.806444 -0
    outer loop
      vertex -32.8086 -46.8555 1.6
      vertex -34.8212 -45.3798 54
      vertex -32.8086 -46.8555 54
    endloop
  endfacet
  facet normal 0.59131 0.806444 0
    outer loop
      vertex -34.8212 -45.3798 54
      vertex -32.8086 -46.8555 1.6
      vertex -34.8212 -45.3798 1.6
    endloop
  endfacet
  facet normal -0.59131 0.806444 0
    outer loop
      vertex 34.8212 -45.3798 1.6
      vertex 32.8086 -46.8555 54
      vertex 34.8212 -45.3798 54
    endloop
  endfacet
  facet normal -0.59131 0.806444 0
    outer loop
      vertex 32.8086 -46.8555 54
      vertex 34.8212 -45.3798 1.6
      vertex 32.8086 -46.8555 1.6
    endloop
  endfacet
  facet normal -0.51878 -0.854908 0
    outer loop
      vertex -20.4174 -32.0489 1.6
      vertex -19.3919 -32.6712 54
      vertex -20.4174 -32.0489 54
    endloop
  endfacet
  facet normal -0.51878 -0.854908 -0
    outer loop
      vertex -19.3919 -32.6712 54
      vertex -20.4174 -32.0489 1.6
      vertex -19.3919 -32.6712 1.6
    endloop
  endfacet
  facet normal 0.99786 0.0653828 0
    outer loop
      vertex 37.9638 1.65754 54
      vertex 37.8554 3.31192 1.6
      vertex 37.8554 3.31192 54
    endloop
  endfacet
  facet normal 0.99786 0.0653828 0
    outer loop
      vertex 37.8554 3.31192 1.6
      vertex 37.9638 1.65754 54
      vertex 37.9638 1.65754 1.6
    endloop
  endfacet
  facet normal 0.999761 0.0218419 0
    outer loop
      vertex 37.99 0.458297 54
      vertex 37.9638 1.65754 1.6
      vertex 37.9638 1.65754 54
    endloop
  endfacet
  facet normal 0.999761 0.0218419 0
    outer loop
      vertex 37.9638 1.65754 1.6
      vertex 37.99 0.458297 54
      vertex 37.99 0.458297 1.6
    endloop
  endfacet
  facet normal 0.402739 0.915315 -0
    outer loop
      vertex 16.0595 34.4397 1.6
      vertex 14.542 35.1074 54
      vertex 16.0595 34.4397 54
    endloop
  endfacet
  facet normal 0.402739 0.915315 0
    outer loop
      vertex 14.542 35.1074 54
      vertex 16.0595 34.4397 1.6
      vertex 14.542 35.1074 1.6
    endloop
  endfacet
  facet normal -0.659362 0.751825 0
    outer loop
      vertex -24.4259 29.1097 1.6
      vertex -25.6724 28.0165 54
      vertex -24.4259 29.1097 54
    endloop
  endfacet
  facet normal -0.659362 0.751825 0
    outer loop
      vertex -25.6724 28.0165 54
      vertex -24.4259 29.1097 1.6
      vertex -25.6724 28.0165 1.6
    endloop
  endfacet
  facet normal 0.0653828 -0.99786 0
    outer loop
      vertex 1.65754 -37.9638 1.6
      vertex 3.31192 -37.8554 54
      vertex 1.65754 -37.9638 54
    endloop
  endfacet
  facet normal 0.0653828 -0.99786 0
    outer loop
      vertex 3.31192 -37.8554 54
      vertex 1.65754 -37.9638 1.6
      vertex 3.31192 -37.8554 1.6
    endloop
  endfacet
  facet normal -0.999761 -0.0218419 0
    outer loop
      vertex -37.9638 -1.65754 1.6
      vertex -37.99 -0.458297 54
      vertex -37.99 -0.458297 1.6
    endloop
  endfacet
  facet normal -0.999761 -0.0218419 0
    outer loop
      vertex -37.99 -0.458297 54
      vertex -37.9638 -1.65754 1.6
      vertex -37.9638 -1.65754 54
    endloop
  endfacet
  facet normal -0.625908 0.779897 0
    outer loop
      vertex -23.1329 30.1474 1.6
      vertex -24.4259 29.1097 54
      vertex -23.1329 30.1474 54
    endloop
  endfacet
  facet normal -0.625908 0.779897 0
    outer loop
      vertex -24.4259 29.1097 54
      vertex -23.1329 30.1474 1.6
      vertex -24.4259 29.1097 1.6
    endloop
  endfacet
  facet normal 0.854912 -0.518774 0
    outer loop
      vertex 32.0489 -20.4174 54
      vertex 32.909 -19 1.6
      vertex 32.909 -19 54
    endloop
  endfacet
  facet normal 0.854912 -0.518774 0
    outer loop
      vertex 32.909 -19 1.6
      vertex 32.0489 -20.4174 54
      vertex 32.0489 -20.4174 1.6
    endloop
  endfacet
  facet normal 0.321416 0.946938 -0
    outer loop
      vertex 12.9968 35.7083 1.6
      vertex 11.4268 36.2412 54
      vertex 12.9968 35.7083 54
    endloop
  endfacet
  facet normal 0.321416 0.946938 0
    outer loop
      vertex 11.4268 36.2412 54
      vertex 12.9968 35.7083 1.6
      vertex 11.4268 36.2412 1.6
    endloop
  endfacet
  facet normal -0.0218344 0.999762 0
    outer loop
      vertex 0 38 1.6
      vertex -1.65754 37.9638 54
      vertex 0 38 54
    endloop
  endfacet
  facet normal -0.0218344 0.999762 0
    outer loop
      vertex -1.65754 37.9638 54
      vertex 0 38 1.6
      vertex -1.65754 37.9638 1.6
    endloop
  endfacet
  facet normal 0.779897 -0.625908 0
    outer loop
      vertex 29.1097 -24.4259 54
      vertex 30.1474 -23.1329 1.6
      vertex 30.1474 -23.1329 54
    endloop
  endfacet
  facet normal 0.779897 -0.625908 0
    outer loop
      vertex 30.1474 -23.1329 1.6
      vertex 29.1097 -24.4259 54
      vertex 29.1097 -24.4259 1.6
    endloop
  endfacet
  facet normal 0.751825 0.659362 0
    outer loop
      vertex 29.1097 24.4259 54
      vertex 28.0165 25.6724 1.6
      vertex 28.0165 25.6724 54
    endloop
  endfacet
  facet normal 0.751825 0.659362 0
    outer loop
      vertex 28.0165 25.6724 1.6
      vertex 29.1097 24.4259 54
      vertex 29.1097 24.4259 1.6
    endloop
  endfacet
  facet normal -0.691466 0.722409 0
    outer loop
      vertex -25.6724 28.0165 1.6
      vertex -26.8701 26.8701 54
      vertex -25.6724 28.0165 54
    endloop
  endfacet
  facet normal -0.691466 0.722409 0
    outer loop
      vertex -26.8701 26.8701 54
      vertex -25.6724 28.0165 1.6
      vertex -26.8701 26.8701 1.6
    endloop
  endfacet
  facet normal 0.994056 -0.10887 0
    outer loop
      vertex 37.6749 -4.96 54
      vertex 37.8554 -3.31192 1.6
      vertex 37.8554 -3.31192 54
    endloop
  endfacet
  facet normal 0.994056 -0.10887 0
    outer loop
      vertex 37.8554 -3.31192 1.6
      vertex 37.6749 -4.96 54
      vertex 37.6749 -4.96 1.6
    endloop
  endfacet
  facet normal 0.946938 0.321416 0
    outer loop
      vertex 36.2412 11.4268 54
      vertex 35.7083 12.9968 1.6
      vertex 35.7083 12.9968 54
    endloop
  endfacet
  facet normal 0.946938 0.321416 0
    outer loop
      vertex 35.7083 12.9968 1.6
      vertex 36.2412 11.4268 54
      vertex 36.2412 11.4268 1.6
    endloop
  endfacet
  facet normal 0.0218344 -0.999762 0
    outer loop
      vertex 0 -38 1.6
      vertex 1.65754 -37.9638 54
      vertex 0 -38 54
    endloop
  endfacet
  facet normal 0.0218344 -0.999762 0
    outer loop
      vertex 1.65754 -37.9638 54
      vertex 0 -38 1.6
      vertex 1.65754 -37.9638 1.6
    endloop
  endfacet
  facet normal 0.442309 -0.896863 0
    outer loop
      vertex 16.0595 -34.4397 1.6
      vertex 17.5464 -33.7064 54
      vertex 16.0595 -34.4397 54
    endloop
  endfacet
  facet normal 0.442309 -0.896863 0
    outer loop
      vertex 17.5464 -33.7064 54
      vertex 16.0595 -34.4397 1.6
      vertex 17.5464 -33.7064 1.6
    endloop
  endfacet
  facet normal 0.591338 0.806424 -0
    outer loop
      vertex 23.1329 30.1474 1.6
      vertex 21.7959 31.1278 54
      vertex 23.1329 30.1474 54
    endloop
  endfacet
  facet normal 0.591338 0.806424 0
    outer loop
      vertex 21.7959 31.1278 54
      vertex 23.1329 30.1474 1.6
      vertex 21.7959 31.1278 1.6
    endloop
  endfacet
  facet normal -0.960039 0.279867 0
    outer loop
      vertex -36.7052 9.83512 1.6
      vertex -36.2412 11.4268 54
      vertex -36.2412 11.4268 1.6
    endloop
  endfacet
  facet normal -0.960039 0.279867 0
    outer loop
      vertex -36.2412 11.4268 54
      vertex -36.7052 9.83512 1.6
      vertex -36.7052 9.83512 54
    endloop
  endfacet
  facet normal 0.999761 -0.0218419 0
    outer loop
      vertex 37.9638 -1.65754 54
      vertex 37.99 -0.458297 1.6
      vertex 37.99 -0.458297 54
    endloop
  endfacet
  facet normal 0.999761 -0.0218419 0
    outer loop
      vertex 37.99 -0.458297 1.6
      vertex 37.9638 -1.65754 54
      vertex 37.9638 -1.65754 1.6
    endloop
  endfacet
  facet normal 0.831465 -0.555577 0
    outer loop
      vertex 31.1278 -21.7959 54
      vertex 32.0489 -20.4174 1.6
      vertex 32.0489 -20.4174 54
    endloop
  endfacet
  facet normal 0.831465 -0.555577 0
    outer loop
      vertex 32.0489 -20.4174 1.6
      vertex 31.1278 -21.7959 54
      vertex 31.1278 -21.7959 1.6
    endloop
  endfacet
  facet normal 0.896863 0.442309 0
    outer loop
      vertex 34.4397 16.0595 54
      vertex 33.7064 17.5464 1.6
      vertex 33.7064 17.5464 54
    endloop
  endfacet
  facet normal 0.896863 0.442309 0
    outer loop
      vertex 33.7064 17.5464 1.6
      vertex 34.4397 16.0595 54
      vertex 34.4397 16.0595 1.6
    endloop
  endfacet
  facet normal 0.659362 0.751825 -0
    outer loop
      vertex 25.6724 28.0165 1.6
      vertex 24.4259 29.1097 54
      vertex 25.6724 28.0165 54
    endloop
  endfacet
  facet normal 0.659362 0.751825 0
    outer loop
      vertex 24.4259 29.1097 54
      vertex 25.6724 28.0165 1.6
      vertex 24.4259 29.1097 1.6
    endloop
  endfacet
  facet normal -0.36244 0.932007 0
    outer loop
      vertex -12.9968 35.7083 1.6
      vertex -14.542 35.1074 54
      vertex -12.9968 35.7083 54
    endloop
  endfacet
  facet normal -0.36244 0.932007 0
    outer loop
      vertex -14.542 35.1074 54
      vertex -12.9968 35.7083 1.6
      vertex -14.542 35.1074 1.6
    endloop
  endfacet
  facet normal 0.691466 0.722409 -0
    outer loop
      vertex 26.8701 26.8701 1.6
      vertex 25.6724 28.0165 54
      vertex 26.8701 26.8701 54
    endloop
  endfacet
  facet normal 0.691466 0.722409 0
    outer loop
      vertex 25.6724 28.0165 54
      vertex 26.8701 26.8701 1.6
      vertex 25.6724 28.0165 1.6
    endloop
  endfacet
  facet normal -0.751825 0.659362 0
    outer loop
      vertex -29.1097 24.4259 1.6
      vertex -28.0165 25.6724 54
      vertex -28.0165 25.6724 1.6
    endloop
  endfacet
  facet normal -0.751825 0.659362 0
    outer loop
      vertex -28.0165 25.6724 54
      vertex -29.1097 24.4259 1.6
      vertex -29.1097 24.4259 54
    endloop
  endfacet
  facet normal -0.722409 0.691466 0
    outer loop
      vertex -28.0165 25.6724 1.6
      vertex -26.8701 26.8701 54
      vertex -26.8701 26.8701 1.6
    endloop
  endfacet
  facet normal -0.722409 0.691466 0
    outer loop
      vertex -26.8701 26.8701 54
      vertex -28.0165 25.6724 1.6
      vertex -28.0165 25.6724 54
    endloop
  endfacet
  facet normal -0.237648 0.971351 0
    outer loop
      vertex -8.2247 37.0992 1.6
      vertex -9.83512 36.7052 54
      vertex -8.2247 37.0992 54
    endloop
  endfacet
  facet normal -0.237648 0.971351 0
    outer loop
      vertex -9.83512 36.7052 54
      vertex -8.2247 37.0992 1.6
      vertex -9.83512 36.7052 1.6
    endloop
  endfacet
  facet normal 0.960039 -0.279867 0
    outer loop
      vertex 36.2412 -11.4268 54
      vertex 36.7052 -9.83512 1.6
      vertex 36.7052 -9.83512 54
    endloop
  endfacet
  facet normal 0.960039 -0.279867 0
    outer loop
      vertex 36.7052 -9.83512 1.6
      vertex 36.2412 -11.4268 54
      vertex 36.2412 -11.4268 1.6
    endloop
  endfacet
  facet normal -0.854912 0.518774 0
    outer loop
      vertex -32.909 19 1.6
      vertex -32.0489 20.4174 54
      vertex -32.0489 20.4174 1.6
    endloop
  endfacet
  facet normal -0.854912 0.518774 0
    outer loop
      vertex -32.0489 20.4174 54
      vertex -32.909 19 1.6
      vertex -32.909 19 54
    endloop
  endfacet
  facet normal -0.0653828 -0.99786 0
    outer loop
      vertex -3.31192 -37.8554 1.6
      vertex -1.65754 -37.9638 54
      vertex -3.31192 -37.8554 54
    endloop
  endfacet
  facet normal -0.0653828 -0.99786 -0
    outer loop
      vertex -1.65754 -37.9638 54
      vertex -3.31192 -37.8554 1.6
      vertex -1.65754 -37.9638 1.6
    endloop
  endfacet
  facet normal 0.625908 0.779897 -0
    outer loop
      vertex 24.4259 29.1097 1.6
      vertex 23.1329 30.1474 54
      vertex 24.4259 29.1097 54
    endloop
  endfacet
  facet normal 0.625908 0.779897 0
    outer loop
      vertex 23.1329 30.1474 54
      vertex 24.4259 29.1097 1.6
      vertex 23.1329 30.1474 1.6
    endloop
  endfacet
  facet normal 0.51878 -0.854908 0
    outer loop
      vertex 19.3919 -32.6712 1.6
      vertex 20.4174 -32.0489 54
      vertex 19.3919 -32.6712 54
    endloop
  endfacet
  facet normal 0.51878 -0.854908 0
    outer loop
      vertex 20.4174 -32.0489 54
      vertex 19.3919 -32.6712 1.6
      vertex 20.4174 -32.0489 1.6
    endloop
  endfacet
  facet normal -0.896863 0.442309 0
    outer loop
      vertex -34.4397 16.0595 1.6
      vertex -33.7064 17.5464 54
      vertex -33.7064 17.5464 1.6
    endloop
  endfacet
  facet normal -0.896863 0.442309 0
    outer loop
      vertex -33.7064 17.5464 54
      vertex -34.4397 16.0595 1.6
      vertex -34.4397 16.0595 54
    endloop
  endfacet
  facet normal -0.994056 0.10887 0
    outer loop
      vertex -37.8554 3.31192 1.6
      vertex -37.6749 4.96 54
      vertex -37.6749 4.96 1.6
    endloop
  endfacet
  facet normal -0.994056 0.10887 0
    outer loop
      vertex -37.6749 4.96 54
      vertex -37.8554 3.31192 1.6
      vertex -37.8554 3.31192 54
    endloop
  endfacet
  facet normal -0.876745 -0.480955 0
    outer loop
      vertex -32.909 -19 1.6
      vertex -33.7064 -17.5464 54
      vertex -33.7064 -17.5464 1.6
    endloop
  endfacet
  facet normal -0.876745 -0.480955 0
    outer loop
      vertex -33.7064 -17.5464 54
      vertex -32.909 -19 1.6
      vertex -32.909 -19 54
    endloop
  endfacet
  facet normal -0.751825 -0.659362 0
    outer loop
      vertex -28.0165 -25.6724 1.6
      vertex -29.1097 -24.4259 54
      vertex -29.1097 -24.4259 1.6
    endloop
  endfacet
  facet normal -0.751825 -0.659362 0
    outer loop
      vertex -29.1097 -24.4259 54
      vertex -28.0165 -25.6724 1.6
      vertex -28.0165 -25.6724 54
    endloop
  endfacet
  facet normal 0.980779 0.195122 0
    outer loop
      vertex 37.4227 6.59863 54
      vertex 37.0992 8.2247 1.6
      vertex 37.0992 8.2247 54
    endloop
  endfacet
  facet normal 0.980779 0.195122 0
    outer loop
      vertex 37.0992 8.2247 1.6
      vertex 37.4227 6.59863 54
      vertex 37.4227 6.59863 1.6
    endloop
  endfacet
  facet normal 0.237648 -0.971351 0
    outer loop
      vertex 8.2247 -37.0992 1.6
      vertex 9.83512 -36.7052 54
      vertex 8.2247 -37.0992 54
    endloop
  endfacet
  facet normal 0.237648 -0.971351 0
    outer loop
      vertex 9.83512 -36.7052 54
      vertex 8.2247 -37.0992 1.6
      vertex 9.83512 -36.7052 1.6
    endloop
  endfacet
  facet normal -0.932007 -0.36244 0
    outer loop
      vertex -35.1074 -14.542 1.6
      vertex -35.7083 -12.9968 54
      vertex -35.7083 -12.9968 1.6
    endloop
  endfacet
  facet normal -0.932007 -0.36244 0
    outer loop
      vertex -35.7083 -12.9968 54
      vertex -35.1074 -14.542 1.6
      vertex -35.1074 -14.542 54
    endloop
  endfacet
  facet normal 0.722409 -0.691466 0
    outer loop
      vertex 26.8701 -26.8701 54
      vertex 28.0165 -25.6724 1.6
      vertex 28.0165 -25.6724 54
    endloop
  endfacet
  facet normal 0.722409 -0.691466 0
    outer loop
      vertex 28.0165 -25.6724 1.6
      vertex 26.8701 -26.8701 54
      vertex 26.8701 -26.8701 1.6
    endloop
  endfacet
  facet normal -0.279867 -0.960039 0
    outer loop
      vertex -11.4268 -36.2412 1.6
      vertex -9.83512 -36.7052 54
      vertex -11.4268 -36.2412 54
    endloop
  endfacet
  facet normal -0.279867 -0.960039 -0
    outer loop
      vertex -9.83512 -36.7052 54
      vertex -11.4268 -36.2412 1.6
      vertex -9.83512 -36.7052 1.6
    endloop
  endfacet
  facet normal -0.321416 0.946938 0
    outer loop
      vertex -11.4268 36.2412 1.6
      vertex -12.9968 35.7083 54
      vertex -11.4268 36.2412 54
    endloop
  endfacet
  facet normal -0.321416 0.946938 0
    outer loop
      vertex -12.9968 35.7083 54
      vertex -11.4268 36.2412 1.6
      vertex -12.9968 35.7083 1.6
    endloop
  endfacet
  facet normal 0.36244 -0.932007 0
    outer loop
      vertex 12.9968 -35.7083 1.6
      vertex 14.542 -35.1074 54
      vertex 12.9968 -35.7083 54
    endloop
  endfacet
  facet normal 0.36244 -0.932007 0
    outer loop
      vertex 14.542 -35.1074 54
      vertex 12.9968 -35.7083 1.6
      vertex 14.542 -35.1074 1.6
    endloop
  endfacet
  facet normal -0.980779 0.195122 0
    outer loop
      vertex -37.4227 6.59863 1.6
      vertex -37.0992 8.2247 54
      vertex -37.0992 8.2247 1.6
    endloop
  endfacet
  facet normal -0.980779 0.195122 0
    outer loop
      vertex -37.0992 8.2247 54
      vertex -37.4227 6.59863 1.6
      vertex -37.4227 6.59863 54
    endloop
  endfacet
  facet normal -0.779897 0.625908 0
    outer loop
      vertex -30.1474 23.1329 1.6
      vertex -29.1097 24.4259 54
      vertex -29.1097 24.4259 1.6
    endloop
  endfacet
  facet normal -0.779897 0.625908 0
    outer loop
      vertex -29.1097 24.4259 54
      vertex -30.1474 23.1329 1.6
      vertex -30.1474 23.1329 54
    endloop
  endfacet
  facet normal -0.99786 -0.0653828 0
    outer loop
      vertex -37.8554 -3.31192 1.6
      vertex -37.9638 -1.65754 54
      vertex -37.9638 -1.65754 1.6
    endloop
  endfacet
  facet normal -0.99786 -0.0653828 0
    outer loop
      vertex -37.9638 -1.65754 54
      vertex -37.8554 -3.31192 1.6
      vertex -37.8554 -3.31192 54
    endloop
  endfacet
  facet normal 0.751825 -0.659362 0
    outer loop
      vertex 28.0165 -25.6724 54
      vertex 29.1097 -24.4259 1.6
      vertex 29.1097 -24.4259 54
    endloop
  endfacet
  facet normal 0.751825 -0.659362 0
    outer loop
      vertex 29.1097 -24.4259 1.6
      vertex 28.0165 -25.6724 54
      vertex 28.0165 -25.6724 1.6
    endloop
  endfacet
  facet normal -0.195122 0.980779 0
    outer loop
      vertex -6.59863 37.4227 1.6
      vertex -8.2247 37.0992 54
      vertex -6.59863 37.4227 54
    endloop
  endfacet
  facet normal -0.195122 0.980779 0
    outer loop
      vertex -8.2247 37.0992 54
      vertex -6.59863 37.4227 1.6
      vertex -8.2247 37.0992 1.6
    endloop
  endfacet
  facet normal 0.555577 0.831465 -0
    outer loop
      vertex 21.7959 31.1278 1.6
      vertex 20.4174 32.0489 54
      vertex 21.7959 31.1278 54
    endloop
  endfacet
  facet normal 0.555577 0.831465 0
    outer loop
      vertex 20.4174 32.0489 54
      vertex 21.7959 31.1278 1.6
      vertex 20.4174 32.0489 1.6
    endloop
  endfacet
  facet normal 0.806424 0.591338 0
    outer loop
      vertex 31.1278 21.7959 54
      vertex 30.1474 23.1329 1.6
      vertex 30.1474 23.1329 54
    endloop
  endfacet
  facet normal 0.806424 0.591338 0
    outer loop
      vertex 30.1474 23.1329 1.6
      vertex 31.1278 21.7959 54
      vertex 31.1278 21.7959 1.6
    endloop
  endfacet
  facet normal 0.722409 0.691466 0
    outer loop
      vertex 28.0165 25.6724 54
      vertex 26.8701 26.8701 1.6
      vertex 26.8701 26.8701 54
    endloop
  endfacet
  facet normal 0.722409 0.691466 0
    outer loop
      vertex 26.8701 26.8701 1.6
      vertex 28.0165 25.6724 54
      vertex 28.0165 25.6724 1.6
    endloop
  endfacet
  facet normal 0.831465 0.555577 0
    outer loop
      vertex 32.0489 20.4174 54
      vertex 31.1278 21.7959 1.6
      vertex 31.1278 21.7959 54
    endloop
  endfacet
  facet normal 0.831465 0.555577 0
    outer loop
      vertex 31.1278 21.7959 1.6
      vertex 32.0489 20.4174 54
      vertex 32.0489 20.4174 1.6
    endloop
  endfacet
  facet normal -0.321416 -0.946938 0
    outer loop
      vertex -12.9968 -35.7083 1.6
      vertex -11.4268 -36.2412 54
      vertex -12.9968 -35.7083 54
    endloop
  endfacet
  facet normal -0.321416 -0.946938 -0
    outer loop
      vertex -11.4268 -36.2412 54
      vertex -12.9968 -35.7083 1.6
      vertex -11.4268 -36.2412 1.6
    endloop
  endfacet
  facet normal 0.946938 -0.321416 0
    outer loop
      vertex 35.7083 -12.9968 54
      vertex 36.2412 -11.4268 1.6
      vertex 36.2412 -11.4268 54
    endloop
  endfacet
  facet normal 0.946938 -0.321416 0
    outer loop
      vertex 36.2412 -11.4268 1.6
      vertex 35.7083 -12.9968 54
      vertex 35.7083 -12.9968 1.6
    endloop
  endfacet
  facet normal 0.915315 -0.402739 0
    outer loop
      vertex 34.4397 -16.0595 54
      vertex 35.1074 -14.542 1.6
      vertex 35.1074 -14.542 54
    endloop
  endfacet
  facet normal 0.915315 -0.402739 0
    outer loop
      vertex 35.1074 -14.542 1.6
      vertex 34.4397 -16.0595 54
      vertex 34.4397 -16.0595 1.6
    endloop
  endfacet
  facet normal -0.971351 0.237648 0
    outer loop
      vertex -37.0992 8.2247 1.6
      vertex -36.7052 9.83512 54
      vertex -36.7052 9.83512 1.6
    endloop
  endfacet
  facet normal -0.971351 0.237648 0
    outer loop
      vertex -36.7052 9.83512 54
      vertex -37.0992 8.2247 1.6
      vertex -37.0992 8.2247 54
    endloop
  endfacet
  facet normal 0.195122 0.980779 -0
    outer loop
      vertex 8.2247 37.0992 1.6
      vertex 6.59863 37.4227 54
      vertex 8.2247 37.0992 54
    endloop
  endfacet
  facet normal 0.195122 0.980779 0
    outer loop
      vertex 6.59863 37.4227 54
      vertex 8.2247 37.0992 1.6
      vertex 6.59863 37.4227 1.6
    endloop
  endfacet
  facet normal -0.988362 0.152118 0
    outer loop
      vertex -37.6749 4.96 1.6
      vertex -37.4227 6.59863 54
      vertex -37.4227 6.59863 1.6
    endloop
  endfacet
  facet normal -0.988362 0.152118 0
    outer loop
      vertex -37.4227 6.59863 54
      vertex -37.6749 4.96 1.6
      vertex -37.6749 4.96 54
    endloop
  endfacet
  facet normal 0.659362 -0.751825 0
    outer loop
      vertex 24.4259 -29.1097 1.6
      vertex 25.6724 -28.0165 54
      vertex 24.4259 -29.1097 54
    endloop
  endfacet
  facet normal 0.659362 -0.751825 0
    outer loop
      vertex 25.6724 -28.0165 54
      vertex 24.4259 -29.1097 1.6
      vertex 25.6724 -28.0165 1.6
    endloop
  endfacet
  facet normal -0.36244 -0.932007 0
    outer loop
      vertex -14.542 -35.1074 1.6
      vertex -12.9968 -35.7083 54
      vertex -14.542 -35.1074 54
    endloop
  endfacet
  facet normal -0.36244 -0.932007 -0
    outer loop
      vertex -12.9968 -35.7083 54
      vertex -14.542 -35.1074 1.6
      vertex -12.9968 -35.7083 1.6
    endloop
  endfacet
  facet normal 0.555577 -0.831465 0
    outer loop
      vertex 20.4174 -32.0489 1.6
      vertex 21.7959 -31.1278 54
      vertex 20.4174 -32.0489 54
    endloop
  endfacet
  facet normal 0.555577 -0.831465 0
    outer loop
      vertex 21.7959 -31.1278 54
      vertex 20.4174 -32.0489 1.6
      vertex 21.7959 -31.1278 1.6
    endloop
  endfacet
  facet normal -0.659362 -0.751825 0
    outer loop
      vertex -25.6724 -28.0165 1.6
      vertex -24.4259 -29.1097 54
      vertex -25.6724 -28.0165 54
    endloop
  endfacet
  facet normal -0.659362 -0.751825 -0
    outer loop
      vertex -24.4259 -29.1097 54
      vertex -25.6724 -28.0165 1.6
      vertex -24.4259 -29.1097 1.6
    endloop
  endfacet
  facet normal 0.195122 -0.980779 0
    outer loop
      vertex 6.59863 -37.4227 1.6
      vertex 8.2247 -37.0992 54
      vertex 6.59863 -37.4227 54
    endloop
  endfacet
  facet normal 0.195122 -0.980779 0
    outer loop
      vertex 8.2247 -37.0992 54
      vertex 6.59863 -37.4227 1.6
      vertex 8.2247 -37.0992 1.6
    endloop
  endfacet
  facet normal -0.980779 -0.195122 0
    outer loop
      vertex -37.0992 -8.2247 1.6
      vertex -37.4227 -6.59863 54
      vertex -37.4227 -6.59863 1.6
    endloop
  endfacet
  facet normal -0.980779 -0.195122 0
    outer loop
      vertex -37.4227 -6.59863 54
      vertex -37.0992 -8.2247 1.6
      vertex -37.0992 -8.2247 54
    endloop
  endfacet
  facet normal 0.971351 -0.237648 0
    outer loop
      vertex 36.7052 -9.83512 54
      vertex 37.0992 -8.2247 1.6
      vertex 37.0992 -8.2247 54
    endloop
  endfacet
  facet normal 0.971351 -0.237648 0
    outer loop
      vertex 37.0992 -8.2247 1.6
      vertex 36.7052 -9.83512 54
      vertex 36.7052 -9.83512 1.6
    endloop
  endfacet
  facet normal 0.152118 0.988362 -0
    outer loop
      vertex 6.59863 37.4227 1.6
      vertex 4.96 37.6749 54
      vertex 6.59863 37.4227 54
    endloop
  endfacet
  facet normal 0.152118 0.988362 0
    outer loop
      vertex 4.96 37.6749 54
      vertex 6.59863 37.4227 1.6
      vertex 4.96 37.6749 1.6
    endloop
  endfacet
  facet normal -0.152118 -0.988362 0
    outer loop
      vertex -6.59863 -37.4227 1.6
      vertex -4.96 -37.6749 54
      vertex -6.59863 -37.4227 54
    endloop
  endfacet
  facet normal -0.152118 -0.988362 -0
    outer loop
      vertex -4.96 -37.6749 54
      vertex -6.59863 -37.4227 1.6
      vertex -4.96 -37.6749 1.6
    endloop
  endfacet
  facet normal 0.988362 0.152118 0
    outer loop
      vertex 37.6749 4.96 54
      vertex 37.4227 6.59863 1.6
      vertex 37.4227 6.59863 54
    endloop
  endfacet
  facet normal 0.988362 0.152118 0
    outer loop
      vertex 37.4227 6.59863 1.6
      vertex 37.6749 4.96 54
      vertex 37.6749 4.96 1.6
    endloop
  endfacet
  facet normal -0.722409 -0.691466 0
    outer loop
      vertex -26.8701 -26.8701 1.6
      vertex -28.0165 -25.6724 54
      vertex -28.0165 -25.6724 1.6
    endloop
  endfacet
  facet normal -0.722409 -0.691466 0
    outer loop
      vertex -28.0165 -25.6724 54
      vertex -26.8701 -26.8701 1.6
      vertex -26.8701 -26.8701 54
    endloop
  endfacet
  facet normal -0.946938 0.321416 0
    outer loop
      vertex -36.2412 11.4268 1.6
      vertex -35.7083 12.9968 54
      vertex -35.7083 12.9968 1.6
    endloop
  endfacet
  facet normal -0.946938 0.321416 0
    outer loop
      vertex -35.7083 12.9968 54
      vertex -36.2412 11.4268 1.6
      vertex -36.2412 11.4268 54
    endloop
  endfacet
  facet normal 0.99786 -0.0653828 0
    outer loop
      vertex 37.8554 -3.31192 54
      vertex 37.9638 -1.65754 1.6
      vertex 37.9638 -1.65754 54
    endloop
  endfacet
  facet normal 0.99786 -0.0653828 0
    outer loop
      vertex 37.9638 -1.65754 1.6
      vertex 37.8554 -3.31192 54
      vertex 37.8554 -3.31192 1.6
    endloop
  endfacet
  facet normal 0.481 0.876721 -0
    outer loop
      vertex 18.5981 33.1294 1.6
      vertex 17.5464 33.7064 54
      vertex 18.5981 33.1294 54
    endloop
  endfacet
  facet normal 0.481 0.876721 0
    outer loop
      vertex 17.5464 33.7064 54
      vertex 18.5981 33.1294 1.6
      vertex 17.5464 33.7064 1.6
    endloop
  endfacet
  facet normal -0.237648 -0.971351 0
    outer loop
      vertex -9.83512 -36.7052 1.6
      vertex -8.2247 -37.0992 54
      vertex -9.83512 -36.7052 54
    endloop
  endfacet
  facet normal -0.237648 -0.971351 -0
    outer loop
      vertex -8.2247 -37.0992 54
      vertex -9.83512 -36.7052 1.6
      vertex -8.2247 -37.0992 1.6
    endloop
  endfacet
  facet normal 0.988362 -0.152118 0
    outer loop
      vertex 37.4227 -6.59863 54
      vertex 37.6749 -4.96 1.6
      vertex 37.6749 -4.96 54
    endloop
  endfacet
  facet normal 0.988362 -0.152118 0
    outer loop
      vertex 37.6749 -4.96 1.6
      vertex 37.4227 -6.59863 54
      vertex 37.4227 -6.59863 1.6
    endloop
  endfacet
  facet normal -0.51878 0.854908 0
    outer loop
      vertex -19.3919 32.6712 1.6
      vertex -20.4174 32.0489 54
      vertex -19.3919 32.6712 54
    endloop
  endfacet
  facet normal -0.51878 0.854908 0
    outer loop
      vertex -20.4174 32.0489 54
      vertex -19.3919 32.6712 1.6
      vertex -20.4174 32.0489 1.6
    endloop
  endfacet
  facet normal 0.854912 0.518774 0
    outer loop
      vertex 32.909 19 54
      vertex 32.0489 20.4174 1.6
      vertex 32.0489 20.4174 54
    endloop
  endfacet
  facet normal 0.854912 0.518774 0
    outer loop
      vertex 32.0489 20.4174 1.6
      vertex 32.909 19 54
      vertex 32.909 19 1.6
    endloop
  endfacet
  facet normal -0.691466 -0.722409 0
    outer loop
      vertex -26.8701 -26.8701 1.6
      vertex -25.6724 -28.0165 54
      vertex -26.8701 -26.8701 54
    endloop
  endfacet
  facet normal -0.691466 -0.722409 -0
    outer loop
      vertex -25.6724 -28.0165 54
      vertex -26.8701 -26.8701 1.6
      vertex -25.6724 -28.0165 1.6
    endloop
  endfacet
  facet normal 0.994056 0.10887 0
    outer loop
      vertex 37.8554 3.31192 54
      vertex 37.6749 4.96 1.6
      vertex 37.6749 4.96 54
    endloop
  endfacet
  facet normal 0.994056 0.10887 0
    outer loop
      vertex 37.6749 4.96 1.6
      vertex 37.8554 3.31192 54
      vertex 37.8554 3.31192 1.6
    endloop
  endfacet
  facet normal -0.999761 0.0218419 0
    outer loop
      vertex -37.99 0.458297 1.6
      vertex -37.9638 1.65754 54
      vertex -37.9638 1.65754 1.6
    endloop
  endfacet
  facet normal -0.999761 0.0218419 0
    outer loop
      vertex -37.9638 1.65754 54
      vertex -37.99 0.458297 1.6
      vertex -37.99 0.458297 54
    endloop
  endfacet
  facet normal 0.442309 0.896863 -0
    outer loop
      vertex 17.5464 33.7064 1.6
      vertex 16.0595 34.4397 54
      vertex 17.5464 33.7064 54
    endloop
  endfacet
  facet normal 0.442309 0.896863 0
    outer loop
      vertex 16.0595 34.4397 54
      vertex 17.5464 33.7064 1.6
      vertex 16.0595 34.4397 1.6
    endloop
  endfacet
  facet normal 0.691466 -0.722409 0
    outer loop
      vertex 25.6724 -28.0165 1.6
      vertex 26.8701 -26.8701 54
      vertex 25.6724 -28.0165 54
    endloop
  endfacet
  facet normal 0.691466 -0.722409 0
    outer loop
      vertex 26.8701 -26.8701 54
      vertex 25.6724 -28.0165 1.6
      vertex 26.8701 -26.8701 1.6
    endloop
  endfacet
  facet normal -0.994056 -0.10887 0
    outer loop
      vertex -37.6749 -4.96 1.6
      vertex -37.8554 -3.31192 54
      vertex -37.8554 -3.31192 1.6
    endloop
  endfacet
  facet normal -0.994056 -0.10887 0
    outer loop
      vertex -37.8554 -3.31192 54
      vertex -37.6749 -4.96 1.6
      vertex -37.6749 -4.96 54
    endloop
  endfacet
  facet normal -0.99786 0.0653828 0
    outer loop
      vertex -37.9638 1.65754 1.6
      vertex -37.8554 3.31192 54
      vertex -37.8554 3.31192 1.6
    endloop
  endfacet
  facet normal -0.99786 0.0653828 0
    outer loop
      vertex -37.8554 3.31192 54
      vertex -37.9638 1.65754 1.6
      vertex -37.9638 1.65754 54
    endloop
  endfacet
  facet normal -0.10887 0.994056 0
    outer loop
      vertex -3.31192 37.8554 1.6
      vertex -4.96 37.6749 54
      vertex -3.31192 37.8554 54
    endloop
  endfacet
  facet normal -0.10887 0.994056 0
    outer loop
      vertex -4.96 37.6749 54
      vertex -3.31192 37.8554 1.6
      vertex -4.96 37.6749 1.6
    endloop
  endfacet
  facet normal 0.971351 0.237648 0
    outer loop
      vertex 37.0992 8.2247 54
      vertex 36.7052 9.83512 1.6
      vertex 36.7052 9.83512 54
    endloop
  endfacet
  facet normal 0.971351 0.237648 0
    outer loop
      vertex 36.7052 9.83512 1.6
      vertex 37.0992 8.2247 54
      vertex 37.0992 8.2247 1.6
    endloop
  endfacet
  facet normal -0.806424 0.591338 0
    outer loop
      vertex -31.1278 21.7959 1.6
      vertex -30.1474 23.1329 54
      vertex -30.1474 23.1329 1.6
    endloop
  endfacet
  facet normal -0.806424 0.591338 0
    outer loop
      vertex -30.1474 23.1329 54
      vertex -31.1278 21.7959 1.6
      vertex -31.1278 21.7959 54
    endloop
  endfacet
  facet normal -0.0218344 -0.999762 0
    outer loop
      vertex -1.65754 -37.9638 1.6
      vertex 0 -38 54
      vertex -1.65754 -37.9638 54
    endloop
  endfacet
  facet normal -0.0218344 -0.999762 -0
    outer loop
      vertex 0 -38 54
      vertex -1.65754 -37.9638 1.6
      vertex 0 -38 1.6
    endloop
  endfacet
  facet normal 0.960039 0.279867 0
    outer loop
      vertex 36.7052 9.83512 54
      vertex 36.2412 11.4268 1.6
      vertex 36.2412 11.4268 54
    endloop
  endfacet
  facet normal 0.960039 0.279867 0
    outer loop
      vertex 36.2412 11.4268 1.6
      vertex 36.7052 9.83512 54
      vertex 36.7052 9.83512 1.6
    endloop
  endfacet
  facet normal 0.36244 0.932007 -0
    outer loop
      vertex 14.542 35.1074 1.6
      vertex 12.9968 35.7083 54
      vertex 14.542 35.1074 54
    endloop
  endfacet
  facet normal 0.36244 0.932007 0
    outer loop
      vertex 12.9968 35.7083 54
      vertex 14.542 35.1074 1.6
      vertex 12.9968 35.7083 1.6
    endloop
  endfacet
  facet normal 0.0653828 0.99786 -0
    outer loop
      vertex 3.31192 37.8554 1.6
      vertex 1.65754 37.9638 54
      vertex 3.31192 37.8554 54
    endloop
  endfacet
  facet normal 0.0653828 0.99786 0
    outer loop
      vertex 1.65754 37.9638 54
      vertex 3.31192 37.8554 1.6
      vertex 1.65754 37.9638 1.6
    endloop
  endfacet
  facet normal -0.591338 0.806424 0
    outer loop
      vertex -21.7959 31.1278 1.6
      vertex -23.1329 30.1474 54
      vertex -21.7959 31.1278 54
    endloop
  endfacet
  facet normal -0.591338 0.806424 0
    outer loop
      vertex -23.1329 30.1474 54
      vertex -21.7959 31.1278 1.6
      vertex -23.1329 30.1474 1.6
    endloop
  endfacet
  facet normal 0.779897 0.625908 0
    outer loop
      vertex 30.1474 23.1329 54
      vertex 29.1097 24.4259 1.6
      vertex 29.1097 24.4259 54
    endloop
  endfacet
  facet normal 0.779897 0.625908 0
    outer loop
      vertex 29.1097 24.4259 1.6
      vertex 30.1474 23.1329 54
      vertex 30.1474 23.1329 1.6
    endloop
  endfacet
  facet normal 0.51878 0.854908 -0
    outer loop
      vertex 20.4174 32.0489 1.6
      vertex 19.3919 32.6712 54
      vertex 20.4174 32.0489 54
    endloop
  endfacet
  facet normal 0.51878 0.854908 0
    outer loop
      vertex 19.3919 32.6712 54
      vertex 20.4174 32.0489 1.6
      vertex 19.3919 32.6712 1.6
    endloop
  endfacet
  facet normal -0.195122 -0.980779 0
    outer loop
      vertex -8.2247 -37.0992 1.6
      vertex -6.59863 -37.4227 54
      vertex -8.2247 -37.0992 54
    endloop
  endfacet
  facet normal -0.195122 -0.980779 -0
    outer loop
      vertex -6.59863 -37.4227 54
      vertex -8.2247 -37.0992 1.6
      vertex -6.59863 -37.4227 1.6
    endloop
  endfacet
  facet normal -0.0653828 0.99786 0
    outer loop
      vertex -1.65754 37.9638 1.6
      vertex -3.31192 37.8554 54
      vertex -1.65754 37.9638 54
    endloop
  endfacet
  facet normal -0.0653828 0.99786 0
    outer loop
      vertex -3.31192 37.8554 54
      vertex -1.65754 37.9638 1.6
      vertex -3.31192 37.8554 1.6
    endloop
  endfacet
  facet normal -0.946938 -0.321416 0
    outer loop
      vertex -35.7083 -12.9968 1.6
      vertex -36.2412 -11.4268 54
      vertex -36.2412 -11.4268 1.6
    endloop
  endfacet
  facet normal -0.946938 -0.321416 0
    outer loop
      vertex -36.2412 -11.4268 54
      vertex -35.7083 -12.9968 1.6
      vertex -35.7083 -12.9968 54
    endloop
  endfacet
  facet normal -0.806424 -0.591338 0
    outer loop
      vertex -30.1474 -23.1329 1.6
      vertex -31.1278 -21.7959 54
      vertex -31.1278 -21.7959 1.6
    endloop
  endfacet
  facet normal -0.806424 -0.591338 0
    outer loop
      vertex -31.1278 -21.7959 54
      vertex -30.1474 -23.1329 1.6
      vertex -30.1474 -23.1329 54
    endloop
  endfacet
  facet normal -0.896863 -0.442309 0
    outer loop
      vertex -33.7064 -17.5464 1.6
      vertex -34.4397 -16.0595 54
      vertex -34.4397 -16.0595 1.6
    endloop
  endfacet
  facet normal -0.896863 -0.442309 0
    outer loop
      vertex -34.4397 -16.0595 54
      vertex -33.7064 -17.5464 1.6
      vertex -33.7064 -17.5464 54
    endloop
  endfacet
  facet normal -0.932007 0.36244 0
    outer loop
      vertex -35.7083 12.9968 1.6
      vertex -35.1074 14.542 54
      vertex -35.1074 14.542 1.6
    endloop
  endfacet
  facet normal -0.932007 0.36244 0
    outer loop
      vertex -35.1074 14.542 54
      vertex -35.7083 12.9968 1.6
      vertex -35.7083 12.9968 54
    endloop
  endfacet
  facet normal 0.625908 -0.779897 0
    outer loop
      vertex 23.1329 -30.1474 1.6
      vertex 24.4259 -29.1097 54
      vertex 23.1329 -30.1474 54
    endloop
  endfacet
  facet normal 0.625908 -0.779897 0
    outer loop
      vertex 24.4259 -29.1097 54
      vertex 23.1329 -30.1474 1.6
      vertex 24.4259 -29.1097 1.6
    endloop
  endfacet
  facet normal -0.915315 0.402739 0
    outer loop
      vertex -35.1074 14.542 1.6
      vertex -34.4397 16.0595 54
      vertex -34.4397 16.0595 1.6
    endloop
  endfacet
  facet normal -0.915315 0.402739 0
    outer loop
      vertex -34.4397 16.0595 54
      vertex -35.1074 14.542 1.6
      vertex -35.1074 14.542 54
    endloop
  endfacet
  facet normal 0.876745 -0.480955 0
    outer loop
      vertex 32.909 -19 54
      vertex 33.7064 -17.5464 1.6
      vertex 33.7064 -17.5464 54
    endloop
  endfacet
  facet normal 0.876745 -0.480955 0
    outer loop
      vertex 33.7064 -17.5464 1.6
      vertex 32.909 -19 54
      vertex 32.909 -19 1.6
    endloop
  endfacet
  facet normal 0.152118 -0.988362 0
    outer loop
      vertex 4.96 -37.6749 1.6
      vertex 6.59863 -37.4227 54
      vertex 4.96 -37.6749 54
    endloop
  endfacet
  facet normal 0.152118 -0.988362 0
    outer loop
      vertex 6.59863 -37.4227 54
      vertex 4.96 -37.6749 1.6
      vertex 6.59863 -37.4227 1.6
    endloop
  endfacet
  facet normal 0.10887 -0.994056 0
    outer loop
      vertex 3.31192 -37.8554 1.6
      vertex 4.96 -37.6749 54
      vertex 3.31192 -37.8554 54
    endloop
  endfacet
  facet normal 0.10887 -0.994056 0
    outer loop
      vertex 4.96 -37.6749 54
      vertex 3.31192 -37.8554 1.6
      vertex 4.96 -37.6749 1.6
    endloop
  endfacet
  facet normal 0.980779 -0.195122 0
    outer loop
      vertex 37.0992 -8.2247 54
      vertex 37.4227 -6.59863 1.6
      vertex 37.4227 -6.59863 54
    endloop
  endfacet
  facet normal 0.980779 -0.195122 0
    outer loop
      vertex 37.4227 -6.59863 1.6
      vertex 37.0992 -8.2247 54
      vertex 37.0992 -8.2247 1.6
    endloop
  endfacet
  facet normal 0.806424 -0.591338 0
    outer loop
      vertex 30.1474 -23.1329 54
      vertex 31.1278 -21.7959 1.6
      vertex 31.1278 -21.7959 54
    endloop
  endfacet
  facet normal 0.806424 -0.591338 0
    outer loop
      vertex 31.1278 -21.7959 1.6
      vertex 30.1474 -23.1329 54
      vertex 30.1474 -23.1329 1.6
    endloop
  endfacet
  facet normal -0.152118 0.988362 0
    outer loop
      vertex -4.96 37.6749 1.6
      vertex -6.59863 37.4227 54
      vertex -4.96 37.6749 54
    endloop
  endfacet
  facet normal -0.152118 0.988362 0
    outer loop
      vertex -6.59863 37.4227 54
      vertex -4.96 37.6749 1.6
      vertex -6.59863 37.4227 1.6
    endloop
  endfacet
  facet normal -0.854912 -0.518774 0
    outer loop
      vertex -32.0489 -20.4174 1.6
      vertex -32.909 -19 54
      vertex -32.909 -19 1.6
    endloop
  endfacet
  facet normal -0.854912 -0.518774 0
    outer loop
      vertex -32.909 -19 54
      vertex -32.0489 -20.4174 1.6
      vertex -32.0489 -20.4174 54
    endloop
  endfacet
  facet normal -0.555577 -0.831465 0
    outer loop
      vertex -21.7959 -31.1278 1.6
      vertex -20.4174 -32.0489 54
      vertex -21.7959 -31.1278 54
    endloop
  endfacet
  facet normal -0.555577 -0.831465 -0
    outer loop
      vertex -20.4174 -32.0489 54
      vertex -21.7959 -31.1278 1.6
      vertex -20.4174 -32.0489 1.6
    endloop
  endfacet
  facet normal -0.442309 0.896863 0
    outer loop
      vertex -16.0595 34.4397 1.6
      vertex -17.5464 33.7064 54
      vertex -16.0595 34.4397 54
    endloop
  endfacet
  facet normal -0.442309 0.896863 0
    outer loop
      vertex -17.5464 33.7064 54
      vertex -16.0595 34.4397 1.6
      vertex -17.5464 33.7064 1.6
    endloop
  endfacet
  facet normal 0.279867 -0.960039 0
    outer loop
      vertex 9.83512 -36.7052 1.6
      vertex 11.4268 -36.2412 54
      vertex 9.83512 -36.7052 54
    endloop
  endfacet
  facet normal 0.279867 -0.960039 0
    outer loop
      vertex 11.4268 -36.2412 54
      vertex 9.83512 -36.7052 1.6
      vertex 11.4268 -36.2412 1.6
    endloop
  endfacet
  facet normal 0.402739 -0.915315 0
    outer loop
      vertex 14.542 -35.1074 1.6
      vertex 16.0595 -34.4397 54
      vertex 14.542 -35.1074 54
    endloop
  endfacet
  facet normal 0.402739 -0.915315 0
    outer loop
      vertex 16.0595 -34.4397 54
      vertex 14.542 -35.1074 1.6
      vertex 16.0595 -34.4397 1.6
    endloop
  endfacet
  facet normal 0.481 -0.876721 0
    outer loop
      vertex 17.5464 -33.7064 1.6
      vertex 18.5981 -33.1294 54
      vertex 17.5464 -33.7064 54
    endloop
  endfacet
  facet normal 0.481 -0.876721 0
    outer loop
      vertex 18.5981 -33.1294 54
      vertex 17.5464 -33.7064 1.6
      vertex 18.5981 -33.1294 1.6
    endloop
  endfacet
  facet normal 0.0218344 0.999762 -0
    outer loop
      vertex 1.65754 37.9638 1.6
      vertex 0 38 54
      vertex 1.65754 37.9638 54
    endloop
  endfacet
  facet normal 0.0218344 0.999762 0
    outer loop
      vertex 0 38 54
      vertex 1.65754 37.9638 1.6
      vertex 0 38 1.6
    endloop
  endfacet
  facet normal -0.625908 -0.779897 0
    outer loop
      vertex -24.4259 -29.1097 1.6
      vertex -23.1329 -30.1474 54
      vertex -24.4259 -29.1097 54
    endloop
  endfacet
  facet normal -0.625908 -0.779897 -0
    outer loop
      vertex -23.1329 -30.1474 54
      vertex -24.4259 -29.1097 1.6
      vertex -23.1329 -30.1474 1.6
    endloop
  endfacet
  facet normal 0.876745 0.480955 0
    outer loop
      vertex 33.7064 17.5464 54
      vertex 32.909 19 1.6
      vertex 32.909 19 54
    endloop
  endfacet
  facet normal 0.876745 0.480955 0
    outer loop
      vertex 32.909 19 1.6
      vertex 33.7064 17.5464 54
      vertex 33.7064 17.5464 1.6
    endloop
  endfacet
  facet normal 0.932007 0.36244 0
    outer loop
      vertex 35.7083 12.9968 54
      vertex 35.1074 14.542 1.6
      vertex 35.1074 14.542 54
    endloop
  endfacet
  facet normal 0.932007 0.36244 0
    outer loop
      vertex 35.1074 14.542 1.6
      vertex 35.7083 12.9968 54
      vertex 35.7083 12.9968 1.6
    endloop
  endfacet
  facet normal -0.876745 0.480955 0
    outer loop
      vertex -33.7064 17.5464 1.6
      vertex -32.909 19 54
      vertex -32.909 19 1.6
    endloop
  endfacet
  facet normal -0.876745 0.480955 0
    outer loop
      vertex -32.909 19 54
      vertex -33.7064 17.5464 1.6
      vertex -33.7064 17.5464 54
    endloop
  endfacet
  facet normal -0.988362 -0.152118 0
    outer loop
      vertex -37.4227 -6.59863 1.6
      vertex -37.6749 -4.96 54
      vertex -37.6749 -4.96 1.6
    endloop
  endfacet
  facet normal -0.988362 -0.152118 0
    outer loop
      vertex -37.6749 -4.96 54
      vertex -37.4227 -6.59863 1.6
      vertex -37.4227 -6.59863 54
    endloop
  endfacet
  facet normal 0.915315 0.402739 0
    outer loop
      vertex 35.1074 14.542 54
      vertex 34.4397 16.0595 1.6
      vertex 34.4397 16.0595 54
    endloop
  endfacet
  facet normal 0.915315 0.402739 0
    outer loop
      vertex 34.4397 16.0595 1.6
      vertex 35.1074 14.542 54
      vertex 35.1074 14.542 1.6
    endloop
  endfacet
  facet normal -0.591338 -0.806424 0
    outer loop
      vertex -23.1329 -30.1474 1.6
      vertex -21.7959 -31.1278 54
      vertex -23.1329 -30.1474 54
    endloop
  endfacet
  facet normal -0.591338 -0.806424 -0
    outer loop
      vertex -21.7959 -31.1278 54
      vertex -23.1329 -30.1474 1.6
      vertex -21.7959 -31.1278 1.6
    endloop
  endfacet
  facet normal -0.555577 0.831465 0
    outer loop
      vertex -20.4174 32.0489 1.6
      vertex -21.7959 31.1278 54
      vertex -20.4174 32.0489 54
    endloop
  endfacet
  facet normal -0.555577 0.831465 0
    outer loop
      vertex -21.7959 31.1278 54
      vertex -20.4174 32.0489 1.6
      vertex -21.7959 31.1278 1.6
    endloop
  endfacet
  facet normal -0.10887 -0.994056 0
    outer loop
      vertex -4.96 -37.6749 1.6
      vertex -3.31192 -37.8554 54
      vertex -4.96 -37.6749 54
    endloop
  endfacet
  facet normal -0.10887 -0.994056 -0
    outer loop
      vertex -3.31192 -37.8554 54
      vertex -4.96 -37.6749 1.6
      vertex -3.31192 -37.8554 1.6
    endloop
  endfacet
  facet normal -0.481 0.876721 0
    outer loop
      vertex -17.5464 33.7064 1.6
      vertex -18.5981 33.1294 54
      vertex -17.5464 33.7064 54
    endloop
  endfacet
  facet normal -0.481 0.876721 0
    outer loop
      vertex -18.5981 33.1294 54
      vertex -17.5464 33.7064 1.6
      vertex -18.5981 33.1294 1.6
    endloop
  endfacet
  facet normal 0.321416 -0.946938 0
    outer loop
      vertex 11.4268 -36.2412 1.6
      vertex 12.9968 -35.7083 54
      vertex 11.4268 -36.2412 54
    endloop
  endfacet
  facet normal 0.321416 -0.946938 0
    outer loop
      vertex 12.9968 -35.7083 54
      vertex 11.4268 -36.2412 1.6
      vertex 12.9968 -35.7083 1.6
    endloop
  endfacet
  facet normal -0.971351 -0.237648 0
    outer loop
      vertex -36.7052 -9.83512 1.6
      vertex -37.0992 -8.2247 54
      vertex -37.0992 -8.2247 1.6
    endloop
  endfacet
  facet normal -0.971351 -0.237648 0
    outer loop
      vertex -37.0992 -8.2247 54
      vertex -36.7052 -9.83512 1.6
      vertex -36.7052 -9.83512 54
    endloop
  endfacet
  facet normal -0.279867 0.960039 0
    outer loop
      vertex -9.83512 36.7052 1.6
      vertex -11.4268 36.2412 54
      vertex -9.83512 36.7052 54
    endloop
  endfacet
  facet normal -0.279867 0.960039 0
    outer loop
      vertex -11.4268 36.2412 54
      vertex -9.83512 36.7052 1.6
      vertex -11.4268 36.2412 1.6
    endloop
  endfacet
  facet normal -0.779897 -0.625908 0
    outer loop
      vertex -29.1097 -24.4259 1.6
      vertex -30.1474 -23.1329 54
      vertex -30.1474 -23.1329 1.6
    endloop
  endfacet
  facet normal -0.779897 -0.625908 0
    outer loop
      vertex -30.1474 -23.1329 54
      vertex -29.1097 -24.4259 1.6
      vertex -29.1097 -24.4259 54
    endloop
  endfacet
  facet normal -0.481 -0.876721 0
    outer loop
      vertex -18.5981 -33.1294 1.6
      vertex -17.5464 -33.7064 54
      vertex -18.5981 -33.1294 54
    endloop
  endfacet
  facet normal -0.481 -0.876721 -0
    outer loop
      vertex -17.5464 -33.7064 54
      vertex -18.5981 -33.1294 1.6
      vertex -17.5464 -33.7064 1.6
    endloop
  endfacet
  facet normal 0.10887 0.994056 -0
    outer loop
      vertex 4.96 37.6749 1.6
      vertex 3.31192 37.8554 54
      vertex 4.96 37.6749 54
    endloop
  endfacet
  facet normal 0.10887 0.994056 0
    outer loop
      vertex 3.31192 37.8554 54
      vertex 4.96 37.6749 1.6
      vertex 3.31192 37.8554 1.6
    endloop
  endfacet
  facet normal -0.960039 -0.279867 0
    outer loop
      vertex -36.2412 -11.4268 1.6
      vertex -36.7052 -9.83512 54
      vertex -36.7052 -9.83512 1.6
    endloop
  endfacet
  facet normal -0.960039 -0.279867 0
    outer loop
      vertex -36.7052 -9.83512 54
      vertex -36.2412 -11.4268 1.6
      vertex -36.2412 -11.4268 54
    endloop
  endfacet
  facet normal 0.932007 -0.36244 0
    outer loop
      vertex 35.1074 -14.542 54
      vertex 35.7083 -12.9968 1.6
      vertex 35.7083 -12.9968 54
    endloop
  endfacet
  facet normal 0.932007 -0.36244 0
    outer loop
      vertex 35.7083 -12.9968 1.6
      vertex 35.1074 -14.542 54
      vertex 35.1074 -14.542 1.6
    endloop
  endfacet
  facet normal 0.591338 -0.806424 0
    outer loop
      vertex 21.7959 -31.1278 1.6
      vertex 23.1329 -30.1474 54
      vertex 21.7959 -31.1278 54
    endloop
  endfacet
  facet normal 0.591338 -0.806424 0
    outer loop
      vertex 23.1329 -30.1474 54
      vertex 21.7959 -31.1278 1.6
      vertex 23.1329 -30.1474 1.6
    endloop
  endfacet
  facet normal 0.237648 0.971351 -0
    outer loop
      vertex 9.83512 36.7052 1.6
      vertex 8.2247 37.0992 54
      vertex 9.83512 36.7052 54
    endloop
  endfacet
  facet normal 0.237648 0.971351 0
    outer loop
      vertex 8.2247 37.0992 54
      vertex 9.83512 36.7052 1.6
      vertex 8.2247 37.0992 1.6
    endloop
  endfacet
  facet normal -0.442309 -0.896863 0
    outer loop
      vertex -17.5464 -33.7064 1.6
      vertex -16.0595 -34.4397 54
      vertex -17.5464 -33.7064 54
    endloop
  endfacet
  facet normal -0.442309 -0.896863 -0
    outer loop
      vertex -16.0595 -34.4397 54
      vertex -17.5464 -33.7064 1.6
      vertex -16.0595 -34.4397 1.6
    endloop
  endfacet
  facet normal -0.915315 -0.402739 0
    outer loop
      vertex -34.4397 -16.0595 1.6
      vertex -35.1074 -14.542 54
      vertex -35.1074 -14.542 1.6
    endloop
  endfacet
  facet normal -0.915315 -0.402739 0
    outer loop
      vertex -35.1074 -14.542 54
      vertex -34.4397 -16.0595 1.6
      vertex -34.4397 -16.0595 54
    endloop
  endfacet
  facet normal 0.279867 0.960039 -0
    outer loop
      vertex 11.4268 36.2412 1.6
      vertex 9.83512 36.7052 54
      vertex 11.4268 36.2412 54
    endloop
  endfacet
  facet normal 0.279867 0.960039 0
    outer loop
      vertex 9.83512 36.7052 54
      vertex 11.4268 36.2412 1.6
      vertex 9.83512 36.7052 1.6
    endloop
  endfacet
  facet normal -0.402739 0.915315 0
    outer loop
      vertex -14.542 35.1074 1.6
      vertex -16.0595 34.4397 54
      vertex -14.542 35.1074 54
    endloop
  endfacet
  facet normal -0.402739 0.915315 0
    outer loop
      vertex -16.0595 34.4397 54
      vertex -14.542 35.1074 1.6
      vertex -16.0595 34.4397 1.6
    endloop
  endfacet
  facet normal 0.896863 -0.442309 0
    outer loop
      vertex 33.7064 -17.5464 54
      vertex 34.4397 -16.0595 1.6
      vertex 34.4397 -16.0595 54
    endloop
  endfacet
  facet normal 0.896863 -0.442309 0
    outer loop
      vertex 34.4397 -16.0595 1.6
      vertex 33.7064 -17.5464 54
      vertex 33.7064 -17.5464 1.6
    endloop
  endfacet
  facet normal -0.831465 0.555577 0
    outer loop
      vertex -32.0489 20.4174 1.6
      vertex -31.1278 21.7959 54
      vertex -31.1278 21.7959 1.6
    endloop
  endfacet
  facet normal -0.831465 0.555577 0
    outer loop
      vertex -31.1278 21.7959 54
      vertex -32.0489 20.4174 1.6
      vertex -32.0489 20.4174 54
    endloop
  endfacet
  facet normal -0.402739 -0.915315 0
    outer loop
      vertex -16.0595 -34.4397 1.6
      vertex -14.542 -35.1074 54
      vertex -16.0595 -34.4397 54
    endloop
  endfacet
  facet normal -0.402739 -0.915315 -0
    outer loop
      vertex -14.542 -35.1074 54
      vertex -16.0595 -34.4397 1.6
      vertex -14.542 -35.1074 1.6
    endloop
  endfacet
  facet normal -0.831465 -0.555577 0
    outer loop
      vertex -31.1278 -21.7959 1.6
      vertex -32.0489 -20.4174 54
      vertex -32.0489 -20.4174 1.6
    endloop
  endfacet
  facet normal -0.831465 -0.555577 0
    outer loop
      vertex -32.0489 -20.4174 54
      vertex -31.1278 -21.7959 1.6
      vertex -31.1278 -21.7959 54
    endloop
  endfacet
  facet normal -1 0 0
    outer loop
      vertex 37.99 0.458297 1.6
      vertex 37.99 0.599999 54
      vertex 37.99 0.599999 1.6
    endloop
  endfacet
  facet normal -1 -0 0
    outer loop
      vertex 37.99 0.599999 54
      vertex 37.99 0.458297 1.6
      vertex 37.99 0.458297 54
    endloop
  endfacet
  facet normal -1 0 0
    outer loop
      vertex 37.99 -0.599999 1.6
      vertex 37.99 -0.458297 54
      vertex 37.99 -0.458297 1.6
    endloop
  endfacet
  facet normal -1 -0 0
    outer loop
      vertex 37.99 -0.458297 54
      vertex 37.99 -0.599999 1.6
      vertex 37.99 -0.599999 54
    endloop
  endfacet
  facet normal 0 1 -0
    outer loop
      vertex 57.1869 0.599999 1.6
      vertex 37.99 0.599999 54
      vertex 57.1869 0.599999 54
    endloop
  endfacet
  facet normal 0 1 0
    outer loop
      vertex 37.99 0.599999 54
      vertex 57.1869 0.599999 1.6
      vertex 37.99 0.599999 1.6
    endloop
  endfacet
  facet normal 0 -1 0
    outer loop
      vertex 37.99 -0.599999 1.6
      vertex 57.1869 -0.599999 54
      vertex 37.99 -0.599999 54
    endloop
  endfacet
  facet normal 0 -1 -0
    outer loop
      vertex 57.1869 -0.599999 54
      vertex 37.99 -0.599999 1.6
      vertex 57.1869 -0.599999 1.6
    endloop
  endfacet
  facet normal -0.500313 -0.865845 0
    outer loop
      vertex 18.4754 33.2003 1.6
      vertex 18.5981 33.1294 54
      vertex 18.4754 33.2003 54
    endloop
  endfacet
  facet normal -0.500313 -0.865845 -0
    outer loop
      vertex 18.5981 33.1294 54
      vertex 18.4754 33.2003 1.6
      vertex 18.5981 33.1294 1.6
    endloop
  endfacet
  facet normal -0.500313 -0.865845 0
    outer loop
      vertex 19.3919 32.6712 1.6
      vertex 19.5146 32.6003 54
      vertex 19.3919 32.6712 54
    endloop
  endfacet
  facet normal -0.500313 -0.865845 -0
    outer loop
      vertex 19.5146 32.6003 54
      vertex 19.3919 32.6712 1.6
      vertex 19.5146 32.6003 1.6
    endloop
  endfacet
  facet normal -0.866026 0.499998 0
    outer loop
      vertex 18.4754 33.2003 1.6
      vertex 28.0738 49.8253 54
      vertex 28.0738 49.8253 1.6
    endloop
  endfacet
  facet normal -0.866026 0.499998 0
    outer loop
      vertex 28.0738 49.8253 54
      vertex 18.4754 33.2003 1.6
      vertex 18.4754 33.2003 54
    endloop
  endfacet
  facet normal 0.866024 -0.500002 0
    outer loop
      vertex 19.5146 32.6003 54
      vertex 29.1131 49.2253 1.6
      vertex 29.1131 49.2253 54
    endloop
  endfacet
  facet normal 0.866024 -0.500002 0
    outer loop
      vertex 29.1131 49.2253 1.6
      vertex 19.5146 32.6003 54
      vertex 19.5146 32.6003 1.6
    endloop
  endfacet
  facet normal 0.500313 -0.865845 0
    outer loop
      vertex -19.5146 32.6003 1.6
      vertex -19.3919 32.6712 54
      vertex -19.5146 32.6003 54
    endloop
  endfacet
  facet normal 0.500313 -0.865845 0
    outer loop
      vertex -19.3919 32.6712 54
      vertex -19.5146 32.6003 1.6
      vertex -19.3919 32.6712 1.6
    endloop
  endfacet
  facet normal 0.500313 -0.865845 0
    outer loop
      vertex -18.5981 33.1294 1.6
      vertex -18.4754 33.2003 54
      vertex -18.5981 33.1294 54
    endloop
  endfacet
  facet normal 0.500313 -0.865845 0
    outer loop
      vertex -18.4754 33.2003 54
      vertex -18.5981 33.1294 1.6
      vertex -18.4754 33.2003 1.6
    endloop
  endfacet
  facet normal -0.866024 -0.500002 0
    outer loop
      vertex -19.5146 32.6003 1.6
      vertex -29.1131 49.2253 54
      vertex -29.1131 49.2253 1.6
    endloop
  endfacet
  facet normal -0.866024 -0.500002 0
    outer loop
      vertex -29.1131 49.2253 54
      vertex -19.5146 32.6003 1.6
      vertex -19.5146 32.6003 54
    endloop
  endfacet
  facet normal 0.866026 0.499998 0
    outer loop
      vertex -18.4754 33.2003 54
      vertex -28.0738 49.8253 1.6
      vertex -28.0738 49.8253 54
    endloop
  endfacet
  facet normal 0.866026 0.499998 0
    outer loop
      vertex -28.0738 49.8253 1.6
      vertex -18.4754 33.2003 54
      vertex -18.4754 33.2003 1.6
    endloop
  endfacet
  facet normal 1 -0 0
    outer loop
      vertex -37.99 -0.599999 54
      vertex -37.99 -0.458297 1.6
      vertex -37.99 -0.458297 54
    endloop
  endfacet
  facet normal 1 0 0
    outer loop
      vertex -37.99 -0.458297 1.6
      vertex -37.99 -0.599999 54
      vertex -37.99 -0.599999 1.6
    endloop
  endfacet
  facet normal 1 -0 0
    outer loop
      vertex -37.99 0.458297 54
      vertex -37.99 0.599999 1.6
      vertex -37.99 0.599999 54
    endloop
  endfacet
  facet normal 1 0 0
    outer loop
      vertex -37.99 0.599999 1.6
      vertex -37.99 0.458297 54
      vertex -37.99 0.458297 1.6
    endloop
  endfacet
  facet normal 0 1 -0
    outer loop
      vertex -37.99 0.599999 1.6
      vertex -57.1869 0.599999 54
      vertex -37.99 0.599999 54
    endloop
  endfacet
  facet normal 0 1 0
    outer loop
      vertex -57.1869 0.599999 54
      vertex -37.99 0.599999 1.6
      vertex -57.1869 0.599999 1.6
    endloop
  endfacet
  facet normal 0 -1 0
    outer loop
      vertex -57.1869 -0.599999 1.6
      vertex -37.99 -0.599999 54
      vertex -57.1869 -0.599999 54
    endloop
  endfacet
  facet normal 0 -1 -0
    outer loop
      vertex -37.99 -0.599999 54
      vertex -57.1869 -0.599999 1.6
      vertex -37.99 -0.599999 1.6
    endloop
  endfacet
  facet normal 0.500313 0.865845 -0
    outer loop
      vertex -18.4754 -33.2003 1.6
      vertex -18.5981 -33.1294 54
      vertex -18.4754 -33.2003 54
    endloop
  endfacet
  facet normal 0.500313 0.865845 0
    outer loop
      vertex -18.5981 -33.1294 54
      vertex -18.4754 -33.2003 1.6
      vertex -18.5981 -33.1294 1.6
    endloop
  endfacet
  facet normal 0.500313 0.865845 -0
    outer loop
      vertex -19.3919 -32.6712 1.6
      vertex -19.5146 -32.6003 54
      vertex -19.3919 -32.6712 54
    endloop
  endfacet
  facet normal 0.500313 0.865845 0
    outer loop
      vertex -19.5146 -32.6003 54
      vertex -19.3919 -32.6712 1.6
      vertex -19.5146 -32.6003 1.6
    endloop
  endfacet
  facet normal -0.866024 0.500002 0
    outer loop
      vertex -29.1131 -49.2253 1.6
      vertex -19.5146 -32.6003 54
      vertex -19.5146 -32.6003 1.6
    endloop
  endfacet
  facet normal -0.866024 0.500002 0
    outer loop
      vertex -19.5146 -32.6003 54
      vertex -29.1131 -49.2253 1.6
      vertex -29.1131 -49.2253 54
    endloop
  endfacet
  facet normal 0.866026 -0.499998 0
    outer loop
      vertex -28.0738 -49.8253 54
      vertex -18.4754 -33.2003 1.6
      vertex -18.4754 -33.2003 54
    endloop
  endfacet
  facet normal 0.866026 -0.499998 0
    outer loop
      vertex -18.4754 -33.2003 1.6
      vertex -28.0738 -49.8253 54
      vertex -28.0738 -49.8253 1.6
    endloop
  endfacet
  facet normal -0.500313 0.865845 0
    outer loop
      vertex 19.5146 -32.6003 1.6
      vertex 19.3919 -32.6712 54
      vertex 19.5146 -32.6003 54
    endloop
  endfacet
  facet normal -0.500313 0.865845 0
    outer loop
      vertex 19.3919 -32.6712 54
      vertex 19.5146 -32.6003 1.6
      vertex 19.3919 -32.6712 1.6
    endloop
  endfacet
  facet normal -0.500313 0.865845 0
    outer loop
      vertex 18.5981 -33.1294 1.6
      vertex 18.4754 -33.2003 54
      vertex 18.5981 -33.1294 54
    endloop
  endfacet
  facet normal -0.500313 0.865845 0
    outer loop
      vertex 18.4754 -33.2003 54
      vertex 18.5981 -33.1294 1.6
      vertex 18.4754 -33.2003 1.6
    endloop
  endfacet
  facet normal 0.866024 0.500002 0
    outer loop
      vertex 29.1131 -49.2253 54
      vertex 19.5146 -32.6003 1.6
      vertex 19.5146 -32.6003 54
    endloop
  endfacet
  facet normal 0.866024 0.500002 0
    outer loop
      vertex 19.5146 -32.6003 1.6
      vertex 29.1131 -49.2253 54
      vertex 29.1131 -49.2253 1.6
    endloop
  endfacet
  facet normal -0.866026 -0.499998 0
    outer loop
      vertex 28.0738 -49.8253 1.6
      vertex 18.4754 -33.2003 54
      vertex 18.4754 -33.2003 1.6
    endloop
  endfacet
  facet normal -0.866026 -0.499998 0
    outer loop
      vertex 18.4754 -33.2003 54
      vertex 28.0738 -49.8253 1.6
      vertex 28.0738 -49.8253 54
    endloop
  endfacet
  facet normal 0.90633 0.422571 0
    outer loop
      vertex 50.6625 29.25 54
      vertex 50.552 29.487 42
      vertex 50.552 29.487 54
    endloop
  endfacet
  facet normal 0.90633 0.422571 0
    outer loop
      vertex 50.552 29.487 42
      vertex 50.6625 29.25 54
      vertex 50.6625 29.25 42
    endloop
  endfacet
  facet normal 0.57336 0.819304 -0
    outer loop
      vertex 51.2115 28.701 42
      vertex 50.9973 28.8509 54
      vertex 51.2115 28.701 54
    endloop
  endfacet
  facet normal 0.57336 0.819304 0
    outer loop
      vertex 50.9973 28.8509 54
      vertex 51.2115 28.701 42
      vertex 50.9973 28.8509 42
    endloop
  endfacet
  facet normal 0.965885 0.258972 0
    outer loop
      vertex 50.552 29.487 54
      vertex 50.4843 29.7395 42
      vertex 50.4843 29.7395 54
    endloop
  endfacet
  facet normal 0.965885 0.258972 0
    outer loop
      vertex 50.4843 29.7395 42
      vertex 50.552 29.487 54
      vertex 50.552 29.487 42
    endloop
  endfacet
  facet normal 0.0872485 0.996187 -0
    outer loop
      vertex 51.8677 28.5082 42
      vertex 51.701 28.5228 54
      vertex 51.8677 28.5082 54
    endloop
  endfacet
  facet normal 0.0872485 0.996187 0
    outer loop
      vertex 51.701 28.5228 54
      vertex 51.8677 28.5082 42
      vertex 51.701 28.5228 42
    endloop
  endfacet
  facet normal 0.90629 -0.422656 0
    outer loop
      vertex 50.552 30.513 54
      vertex 50.6227 30.6646 42
      vertex 50.6227 30.6646 54
    endloop
  endfacet
  facet normal 0.90629 -0.422656 0
    outer loop
      vertex 50.6227 30.6646 42
      vertex 50.552 30.513 54
      vertex 50.552 30.513 42
    endloop
  endfacet
  facet normal 0.707298 0.706915 0
    outer loop
      vertex 50.9973 28.8509 54
      vertex 50.8125 29.0358 42
      vertex 50.8125 29.0358 54
    endloop
  endfacet
  facet normal 0.707298 0.706915 0
    outer loop
      vertex 50.8125 29.0358 42
      vertex 50.9973 28.8509 54
      vertex 50.9973 28.8509 42
    endloop
  endfacet
  facet normal 0.965885 -0.258972 0
    outer loop
      vertex 50.4843 30.2605 54
      vertex 50.552 30.513 42
      vertex 50.552 30.513 54
    endloop
  endfacet
  facet normal 0.965885 -0.258972 0
    outer loop
      vertex 50.552 30.513 42
      vertex 50.4843 30.2605 54
      vertex 50.4843 30.2605 42
    endloop
  endfacet
  facet normal 0.422571 0.90633 -0
    outer loop
      vertex 51.4485 28.5905 42
      vertex 51.2115 28.701 54
      vertex 51.4485 28.5905 54
    endloop
  endfacet
  facet normal 0.422571 0.90633 0
    outer loop
      vertex 51.2115 28.701 54
      vertex 51.4485 28.5905 42
      vertex 51.2115 28.701 42
    endloop
  endfacet
  facet normal 0.258972 0.965885 -0
    outer loop
      vertex 51.701 28.5228 42
      vertex 51.4485 28.5905 54
      vertex 51.701 28.5228 54
    endloop
  endfacet
  facet normal 0.258972 0.965885 0
    outer loop
      vertex 51.4485 28.5905 54
      vertex 51.701 28.5228 42
      vertex 51.4485 28.5905 42
    endloop
  endfacet
  facet normal 0 0 1
    outer loop
      vertex 51.2687 29.6 42
      vertex 51.701 28.5228 42
      vertex 51.8677 28.5082 42
    endloop
  endfacet
  facet normal 0 0 1
    outer loop
      vertex 51.701 28.5228 42
      vertex 51.2687 29.6 42
      vertex 51.4485 28.5905 42
    endloop
  endfacet
  facet normal 0 0 1
    outer loop
      vertex 51.2687 29.6 42
      vertex 51.2115 28.701 42
      vertex 51.4485 28.5905 42
    endloop
  endfacet
  facet normal 0 0 1
    outer loop
      vertex 51.2687 29.6 42
      vertex 50.9973 28.8509 42
      vertex 51.2115 28.701 42
    endloop
  endfacet
  facet normal 0 0 1
    outer loop
      vertex 51.2687 29.6 42
      vertex 50.8125 29.0358 42
      vertex 50.9973 28.8509 42
    endloop
  endfacet
  facet normal 0 0 1
    outer loop
      vertex 51.2687 29.6 42
      vertex 50.6625 29.25 42
      vertex 50.8125 29.0358 42
    endloop
  endfacet
  facet normal -0 0 1
    outer loop
      vertex 50.552 30.513 42
      vertex 51.2687 29.6 42
      vertex 50.6227 30.6646 42
    endloop
  endfacet
  facet normal 0 0 1
    outer loop
      vertex 51.2687 29.6 42
      vertex 50.552 30.513 42
      vertex 50.4843 30.2605 42
    endloop
  endfacet
  facet normal 0 0 1
    outer loop
      vertex 51.2687 29.6 42
      vertex 50.552 29.487 42
      vertex 50.6625 29.25 42
    endloop
  endfacet
  facet normal -0 0 1
    outer loop
      vertex 50.4615 30 42
      vertex 51.2687 29.6 42
      vertex 50.4843 30.2605 42
    endloop
  endfacet
  facet normal 0 0 1
    outer loop
      vertex 51.2687 29.6 42
      vertex 50.4843 29.7395 42
      vertex 50.552 29.487 42
    endloop
  endfacet
  facet normal 0 0 1
    outer loop
      vertex 51.2687 29.6 42
      vertex 50.4615 30 42
      vertex 50.4843 29.7395 42
    endloop
  endfacet
  facet normal 0.819124 0.573616 0
    outer loop
      vertex 50.8125 29.0358 54
      vertex 50.6625 29.25 42
      vertex 50.6625 29.25 54
    endloop
  endfacet
  facet normal 0.819124 0.573616 0
    outer loop
      vertex 50.6625 29.25 42
      vertex 50.8125 29.0358 54
      vertex 50.8125 29.0358 42
    endloop
  endfacet
  facet normal 0.996192 0.0871907 0
    outer loop
      vertex 50.4843 29.7395 54
      vertex 50.4615 30 42
      vertex 50.4615 30 54
    endloop
  endfacet
  facet normal 0.996192 0.0871907 0
    outer loop
      vertex 50.4615 30 42
      vertex 50.4843 29.7395 54
      vertex 50.4843 29.7395 42
    endloop
  endfacet
  facet normal 0.996192 -0.0871907 0
    outer loop
      vertex 50.4615 30 54
      vertex 50.4843 30.2605 42
      vertex 50.4843 30.2605 54
    endloop
  endfacet
  facet normal 0.996192 -0.0871907 0
    outer loop
      vertex 50.4843 30.2605 42
      vertex 50.4615 30 54
      vertex 50.4615 30 42
    endloop
  endfacet
  facet normal 0.422615 0.906309 -0
    outer loop
      vertex -0.51303 58.5905 42
      vertex -0.75 58.701 54
      vertex -0.51303 58.5905 54
    endloop
  endfacet
  facet normal 0.422615 0.906309 0
    outer loop
      vertex -0.75 58.701 54
      vertex -0.51303 58.5905 42
      vertex -0.75 58.701 42
    endloop
  endfacet
  facet normal -0.0872003 0.996191 0
    outer loop
      vertex 0.260471 58.5228 42
      vertex 0 58.5 54
      vertex 0.260471 58.5228 54
    endloop
  endfacet
  facet normal -0.0872003 0.996191 0
    outer loop
      vertex 0 58.5 54
      vertex 0.260471 58.5228 42
      vertex 0 58.5 42
    endloop
  endfacet
  facet normal 0 0 1
    outer loop
      vertex 0 59.2 42
      vertex 1.14907 59.0358 42
      vertex 1.24501 59.1728 42
    endloop
  endfacet
  facet normal 0 0 1
    outer loop
      vertex 1.14907 59.0358 42
      vertex 0 59.2 42
      vertex 0.964181 58.8509 42
    endloop
  endfacet
  facet normal 0 0 1
    outer loop
      vertex 0.964181 58.8509 42
      vertex 0 59.2 42
      vertex 0.75 58.701 42
    endloop
  endfacet
  facet normal 0 0 1
    outer loop
      vertex 0.75 58.701 42
      vertex 0 59.2 42
      vertex 0.51303 58.5905 42
    endloop
  endfacet
  facet normal 0 0 1
    outer loop
      vertex 0.51303 58.5905 42
      vertex 0 59.2 42
      vertex 0.260471 58.5228 42
    endloop
  endfacet
  facet normal 0 0 1
    outer loop
      vertex 0 59.2 42
      vertex 0 58.5 42
      vertex 0.260471 58.5228 42
    endloop
  endfacet
  facet normal 0 0 1
    outer loop
      vertex 0 59.2 42
      vertex -0.260471 58.5228 42
      vertex 0 58.5 42
    endloop
  endfacet
  facet normal 0 0 1
    outer loop
      vertex 0 59.2 42
      vertex -0.51303 58.5905 42
      vertex -0.260471 58.5228 42
    endloop
  endfacet
  facet normal 0 0 1
    outer loop
      vertex 0 59.2 42
      vertex -0.75 58.701 42
      vertex -0.51303 58.5905 42
    endloop
  endfacet
  facet normal 0 0 1
    outer loop
      vertex 0 59.2 42
      vertex -0.964181 58.8509 42
      vertex -0.75 58.701 42
    endloop
  endfacet
  facet normal 0 0 1
    outer loop
      vertex 0 59.2 42
      vertex -1.14907 59.0358 42
      vertex -0.964181 58.8509 42
    endloop
  endfacet
  facet normal 0 -0 1
    outer loop
      vertex -1.14907 59.0358 42
      vertex 0 59.2 42
      vertex -1.24501 59.1728 42
    endloop
  endfacet
  facet normal 0.573394 0.81928 -0
    outer loop
      vertex -0.75 58.701 42
      vertex -0.964181 58.8509 54
      vertex -0.75 58.701 54
    endloop
  endfacet
  facet normal 0.573394 0.81928 0
    outer loop
      vertex -0.964181 58.8509 54
      vertex -0.75 58.701 42
      vertex -0.964181 58.8509 42
    endloop
  endfacet
  facet normal -0.258915 0.9659 0
    outer loop
      vertex 0.51303 58.5905 42
      vertex 0.260471 58.5228 54
      vertex 0.51303 58.5905 54
    endloop
  endfacet
  facet normal -0.258915 0.9659 0
    outer loop
      vertex 0.260471 58.5228 54
      vertex 0.51303 58.5905 42
      vertex 0.260471 58.5228 42
    endloop
  endfacet
  facet normal -0.707128 0.707086 0
    outer loop
      vertex 0.964181 58.8509 42
      vertex 1.14907 59.0358 54
      vertex 1.14907 59.0358 42
    endloop
  endfacet
  facet normal -0.707128 0.707086 0
    outer loop
      vertex 1.14907 59.0358 54
      vertex 0.964181 58.8509 42
      vertex 0.964181 58.8509 54
    endloop
  endfacet
  facet normal 0.81912 0.573623 0
    outer loop
      vertex -1.14907 59.0358 54
      vertex -1.24501 59.1728 42
      vertex -1.24501 59.1728 54
    endloop
  endfacet
  facet normal 0.81912 0.573623 0
    outer loop
      vertex -1.24501 59.1728 42
      vertex -1.14907 59.0358 54
      vertex -1.14907 59.0358 42
    endloop
  endfacet
  facet normal 0.0872003 0.996191 -0
    outer loop
      vertex 0 58.5 42
      vertex -0.260471 58.5228 54
      vertex 0 58.5 54
    endloop
  endfacet
  facet normal 0.0872003 0.996191 0
    outer loop
      vertex -0.260471 58.5228 54
      vertex 0 58.5 42
      vertex -0.260471 58.5228 42
    endloop
  endfacet
  facet normal -0.573394 0.81928 0
    outer loop
      vertex 0.964181 58.8509 42
      vertex 0.75 58.701 54
      vertex 0.964181 58.8509 54
    endloop
  endfacet
  facet normal -0.573394 0.81928 0
    outer loop
      vertex 0.75 58.701 54
      vertex 0.964181 58.8509 42
      vertex 0.75 58.701 42
    endloop
  endfacet
  facet normal -0.81912 0.573623 0
    outer loop
      vertex 1.14907 59.0358 42
      vertex 1.24501 59.1728 54
      vertex 1.24501 59.1728 42
    endloop
  endfacet
  facet normal -0.81912 0.573623 0
    outer loop
      vertex 1.24501 59.1728 54
      vertex 1.14907 59.0358 42
      vertex 1.14907 59.0358 54
    endloop
  endfacet
  facet normal -0.422615 0.906309 0
    outer loop
      vertex 0.75 58.701 42
      vertex 0.51303 58.5905 54
      vertex 0.75 58.701 54
    endloop
  endfacet
  facet normal -0.422615 0.906309 0
    outer loop
      vertex 0.51303 58.5905 54
      vertex 0.75 58.701 42
      vertex 0.51303 58.5905 42
    endloop
  endfacet
  facet normal 0.707128 0.707086 0
    outer loop
      vertex -0.964181 58.8509 54
      vertex -1.14907 59.0358 42
      vertex -1.14907 59.0358 54
    endloop
  endfacet
  facet normal 0.707128 0.707086 0
    outer loop
      vertex -1.14907 59.0358 42
      vertex -0.964181 58.8509 54
      vertex -0.964181 58.8509 42
    endloop
  endfacet
  facet normal 0.258915 0.9659 -0
    outer loop
      vertex -0.260471 58.5228 42
      vertex -0.51303 58.5905 54
      vertex -0.260471 58.5228 54
    endloop
  endfacet
  facet normal 0.258915 0.9659 0
    outer loop
      vertex -0.51303 58.5905 54
      vertex -0.260471 58.5228 42
      vertex -0.51303 58.5905 42
    endloop
  endfacet
  facet normal -0.965885 -0.258972 0
    outer loop
      vertex -50.4843 30.2605 42
      vertex -50.552 30.513 54
      vertex -50.552 30.513 42
    endloop
  endfacet
  facet normal -0.965885 -0.258972 0
    outer loop
      vertex -50.552 30.513 54
      vertex -50.4843 30.2605 42
      vertex -50.4843 30.2605 54
    endloop
  endfacet
  facet normal -0.996192 0.0871907 0
    outer loop
      vertex -50.4843 29.7395 42
      vertex -50.4615 30 54
      vertex -50.4615 30 42
    endloop
  endfacet
  facet normal -0.996192 0.0871907 0
    outer loop
      vertex -50.4615 30 54
      vertex -50.4843 29.7395 42
      vertex -50.4843 29.7395 54
    endloop
  endfacet
  facet normal -0.819124 0.573616 0
    outer loop
      vertex -50.8125 29.0358 42
      vertex -50.6625 29.25 54
      vertex -50.6625 29.25 42
    endloop
  endfacet
  facet normal -0.819124 0.573616 0
    outer loop
      vertex -50.6625 29.25 54
      vertex -50.8125 29.0358 42
      vertex -50.8125 29.0358 54
    endloop
  endfacet
  facet normal -0.422571 0.90633 0
    outer loop
      vertex -51.2115 28.701 42
      vertex -51.4485 28.5905 54
      vertex -51.2115 28.701 54
    endloop
  endfacet
  facet normal -0.422571 0.90633 0
    outer loop
      vertex -51.4485 28.5905 54
      vertex -51.2115 28.701 42
      vertex -51.4485 28.5905 42
    endloop
  endfacet
  facet normal -0.0872485 0.996187 0
    outer loop
      vertex -51.701 28.5228 42
      vertex -51.8677 28.5082 54
      vertex -51.701 28.5228 54
    endloop
  endfacet
  facet normal -0.0872485 0.996187 0
    outer loop
      vertex -51.8677 28.5082 54
      vertex -51.701 28.5228 42
      vertex -51.8677 28.5082 42
    endloop
  endfacet
  facet normal -0.258972 0.965885 0
    outer loop
      vertex -51.4485 28.5905 42
      vertex -51.701 28.5228 54
      vertex -51.4485 28.5905 54
    endloop
  endfacet
  facet normal -0.258972 0.965885 0
    outer loop
      vertex -51.701 28.5228 54
      vertex -51.4485 28.5905 42
      vertex -51.701 28.5228 42
    endloop
  endfacet
  facet normal -0.965885 0.258972 0
    outer loop
      vertex -50.552 29.487 42
      vertex -50.4843 29.7395 54
      vertex -50.4843 29.7395 42
    endloop
  endfacet
  facet normal -0.965885 0.258972 0
    outer loop
      vertex -50.4843 29.7395 54
      vertex -50.552 29.487 42
      vertex -50.552 29.487 54
    endloop
  endfacet
  facet normal -0.57336 0.819304 0
    outer loop
      vertex -50.9973 28.8509 42
      vertex -51.2115 28.701 54
      vertex -50.9973 28.8509 54
    endloop
  endfacet
  facet normal -0.57336 0.819304 0
    outer loop
      vertex -51.2115 28.701 54
      vertex -50.9973 28.8509 42
      vertex -51.2115 28.701 42
    endloop
  endfacet
  facet normal -0.996192 -0.0871907 0
    outer loop
      vertex -50.4615 30 42
      vertex -50.4843 30.2605 54
      vertex -50.4843 30.2605 42
    endloop
  endfacet
  facet normal -0.996192 -0.0871907 0
    outer loop
      vertex -50.4843 30.2605 54
      vertex -50.4615 30 42
      vertex -50.4615 30 54
    endloop
  endfacet
  facet normal -0.90629 -0.422656 0
    outer loop
      vertex -50.552 30.513 42
      vertex -50.6227 30.6646 54
      vertex -50.6227 30.6646 42
    endloop
  endfacet
  facet normal -0.90629 -0.422656 0
    outer loop
      vertex -50.6227 30.6646 54
      vertex -50.552 30.513 42
      vertex -50.552 30.513 54
    endloop
  endfacet
  facet normal -0.90633 0.422571 0
    outer loop
      vertex -50.6625 29.25 42
      vertex -50.552 29.487 54
      vertex -50.552 29.487 42
    endloop
  endfacet
  facet normal -0.90633 0.422571 0
    outer loop
      vertex -50.552 29.487 54
      vertex -50.6625 29.25 42
      vertex -50.6625 29.25 54
    endloop
  endfacet
  facet normal -0.707298 0.706915 0
    outer loop
      vertex -50.9973 28.8509 42
      vertex -50.8125 29.0358 54
      vertex -50.8125 29.0358 42
    endloop
  endfacet
  facet normal -0.707298 0.706915 0
    outer loop
      vertex -50.8125 29.0358 54
      vertex -50.9973 28.8509 42
      vertex -50.9973 28.8509 54
    endloop
  endfacet
  facet normal 0 0 1
    outer loop
      vertex -51.2687 29.6 42
      vertex -50.4615 30 42
      vertex -50.4843 30.2605 42
    endloop
  endfacet
  facet normal 0 0 1
    outer loop
      vertex -51.2687 29.6 42
      vertex -50.4843 30.2605 42
      vertex -50.552 30.513 42
    endloop
  endfacet
  facet normal 0 0 1
    outer loop
      vertex -50.4615 30 42
      vertex -51.2687 29.6 42
      vertex -50.4843 29.7395 42
    endloop
  endfacet
  facet normal 0 0 1
    outer loop
      vertex -51.2687 29.6 42
      vertex -50.552 30.513 42
      vertex -50.6227 30.6646 42
    endloop
  endfacet
  facet normal 0 0 1
    outer loop
      vertex -50.4843 29.7395 42
      vertex -51.2687 29.6 42
      vertex -50.552 29.487 42
    endloop
  endfacet
  facet normal 0 0 1
    outer loop
      vertex -50.552 29.487 42
      vertex -51.2687 29.6 42
      vertex -50.6625 29.25 42
    endloop
  endfacet
  facet normal 0 0 1
    outer loop
      vertex -50.6625 29.25 42
      vertex -51.2687 29.6 42
      vertex -50.8125 29.0358 42
    endloop
  endfacet
  facet normal 0 0 1
    outer loop
      vertex -50.8125 29.0358 42
      vertex -51.2687 29.6 42
      vertex -50.9973 28.8509 42
    endloop
  endfacet
  facet normal 0 0 1
    outer loop
      vertex -50.9973 28.8509 42
      vertex -51.2687 29.6 42
      vertex -51.2115 28.701 42
    endloop
  endfacet
  facet normal 0 0 1
    outer loop
      vertex -51.2687 29.6 42
      vertex -51.4485 28.5905 42
      vertex -51.2115 28.701 42
    endloop
  endfacet
  facet normal 0 0 1
    outer loop
      vertex -51.2687 29.6 42
      vertex -51.701 28.5228 42
      vertex -51.4485 28.5905 42
    endloop
  endfacet
  facet normal 0 -0 1
    outer loop
      vertex -51.701 28.5228 42
      vertex -51.2687 29.6 42
      vertex -51.8677 28.5082 42
    endloop
  endfacet
  facet normal -0.258972 -0.965885 0
    outer loop
      vertex -51.701 -28.5228 42
      vertex -51.4485 -28.5905 54
      vertex -51.701 -28.5228 54
    endloop
  endfacet
  facet normal -0.258972 -0.965885 -0
    outer loop
      vertex -51.4485 -28.5905 54
      vertex -51.701 -28.5228 42
      vertex -51.4485 -28.5905 42
    endloop
  endfacet
  facet normal -0.965885 0.258972 0
    outer loop
      vertex -50.552 -30.513 42
      vertex -50.4843 -30.2605 54
      vertex -50.4843 -30.2605 42
    endloop
  endfacet
  facet normal -0.965885 0.258972 0
    outer loop
      vertex -50.4843 -30.2605 54
      vertex -50.552 -30.513 42
      vertex -50.552 -30.513 54
    endloop
  endfacet
  facet normal -0.0872485 -0.996187 0
    outer loop
      vertex -51.8677 -28.5082 42
      vertex -51.701 -28.5228 54
      vertex -51.8677 -28.5082 54
    endloop
  endfacet
  facet normal -0.0872485 -0.996187 -0
    outer loop
      vertex -51.701 -28.5228 54
      vertex -51.8677 -28.5082 42
      vertex -51.701 -28.5228 42
    endloop
  endfacet
  facet normal -0.90629 0.422656 0
    outer loop
      vertex -50.6227 -30.6646 42
      vertex -50.552 -30.513 54
      vertex -50.552 -30.513 42
    endloop
  endfacet
  facet normal -0.90629 0.422656 0
    outer loop
      vertex -50.552 -30.513 54
      vertex -50.6227 -30.6646 42
      vertex -50.6227 -30.6646 54
    endloop
  endfacet
  facet normal -0.57336 -0.819304 0
    outer loop
      vertex -51.2115 -28.701 42
      vertex -50.9973 -28.8509 54
      vertex -51.2115 -28.701 54
    endloop
  endfacet
  facet normal -0.57336 -0.819304 -0
    outer loop
      vertex -50.9973 -28.8509 54
      vertex -51.2115 -28.701 42
      vertex -50.9973 -28.8509 42
    endloop
  endfacet
  facet normal -0.90633 -0.422571 0
    outer loop
      vertex -50.552 -29.487 42
      vertex -50.6625 -29.25 54
      vertex -50.6625 -29.25 42
    endloop
  endfacet
  facet normal -0.90633 -0.422571 0
    outer loop
      vertex -50.6625 -29.25 54
      vertex -50.552 -29.487 42
      vertex -50.552 -29.487 54
    endloop
  endfacet
  facet normal -0.707298 -0.706915 0
    outer loop
      vertex -50.8125 -29.0358 42
      vertex -50.9973 -28.8509 54
      vertex -50.9973 -28.8509 42
    endloop
  endfacet
  facet normal -0.707298 -0.706915 0
    outer loop
      vertex -50.9973 -28.8509 54
      vertex -50.8125 -29.0358 42
      vertex -50.8125 -29.0358 54
    endloop
  endfacet
  facet normal -0.965885 -0.258972 0
    outer loop
      vertex -50.4843 -29.7395 42
      vertex -50.552 -29.487 54
      vertex -50.552 -29.487 42
    endloop
  endfacet
  facet normal -0.965885 -0.258972 0
    outer loop
      vertex -50.552 -29.487 54
      vertex -50.4843 -29.7395 42
      vertex -50.4843 -29.7395 54
    endloop
  endfacet
  facet normal -0.422571 -0.90633 0
    outer loop
      vertex -51.4485 -28.5905 42
      vertex -51.2115 -28.701 54
      vertex -51.4485 -28.5905 54
    endloop
  endfacet
  facet normal -0.422571 -0.90633 -0
    outer loop
      vertex -51.2115 -28.701 54
      vertex -51.4485 -28.5905 42
      vertex -51.2115 -28.701 42
    endloop
  endfacet
  facet normal 0 0 1
    outer loop
      vertex -51.2687 -29.6 42
      vertex -50.4615 -30 42
      vertex -50.4843 -29.7395 42
    endloop
  endfacet
  facet normal -0 0 1
    outer loop
      vertex -51.2687 -29.6 42
      vertex -50.4843 -29.7395 42
      vertex -50.552 -29.487 42
    endloop
  endfacet
  facet normal 0 0 1
    outer loop
      vertex -50.4615 -30 42
      vertex -51.2687 -29.6 42
      vertex -50.4843 -30.2605 42
    endloop
  endfacet
  facet normal 0 0 1
    outer loop
      vertex -50.4843 -30.2605 42
      vertex -51.2687 -29.6 42
      vertex -50.552 -30.513 42
    endloop
  endfacet
  facet normal 0 0 1
    outer loop
      vertex -51.2687 -29.6 42
      vertex -50.552 -29.487 42
      vertex -50.6625 -29.25 42
    endloop
  endfacet
  facet normal 0 0 1
    outer loop
      vertex -51.2687 -29.6 42
      vertex -50.6625 -29.25 42
      vertex -50.8125 -29.0358 42
    endloop
  endfacet
  facet normal 0 0 1
    outer loop
      vertex -51.2687 -29.6 42
      vertex -50.8125 -29.0358 42
      vertex -50.9973 -28.8509 42
    endloop
  endfacet
  facet normal 0 0 1
    outer loop
      vertex -51.2687 -29.6 42
      vertex -50.9973 -28.8509 42
      vertex -51.2115 -28.701 42
    endloop
  endfacet
  facet normal 0 0 1
    outer loop
      vertex -50.552 -30.513 42
      vertex -51.2687 -29.6 42
      vertex -50.6227 -30.6646 42
    endloop
  endfacet
  facet normal 0 0 1
    outer loop
      vertex -51.4485 -28.5905 42
      vertex -51.2687 -29.6 42
      vertex -51.2115 -28.701 42
    endloop
  endfacet
  facet normal 0 0 1
    outer loop
      vertex -51.701 -28.5228 42
      vertex -51.2687 -29.6 42
      vertex -51.4485 -28.5905 42
    endloop
  endfacet
  facet normal 0 0 1
    outer loop
      vertex -51.2687 -29.6 42
      vertex -51.701 -28.5228 42
      vertex -51.8677 -28.5082 42
    endloop
  endfacet
  facet normal -0.819124 -0.573616 0
    outer loop
      vertex -50.6625 -29.25 42
      vertex -50.8125 -29.0358 54
      vertex -50.8125 -29.0358 42
    endloop
  endfacet
  facet normal -0.819124 -0.573616 0
    outer loop
      vertex -50.8125 -29.0358 54
      vertex -50.6625 -29.25 42
      vertex -50.6625 -29.25 54
    endloop
  endfacet
  facet normal -0.996192 -0.0871907 0
    outer loop
      vertex -50.4615 -30 42
      vertex -50.4843 -29.7395 54
      vertex -50.4843 -29.7395 42
    endloop
  endfacet
  facet normal -0.996192 -0.0871907 0
    outer loop
      vertex -50.4843 -29.7395 54
      vertex -50.4615 -30 42
      vertex -50.4615 -30 54
    endloop
  endfacet
  facet normal -0.996192 0.0871907 0
    outer loop
      vertex -50.4843 -30.2605 42
      vertex -50.4615 -30 54
      vertex -50.4615 -30 42
    endloop
  endfacet
  facet normal -0.996192 0.0871907 0
    outer loop
      vertex -50.4615 -30 54
      vertex -50.4843 -30.2605 42
      vertex -50.4843 -30.2605 54
    endloop
  endfacet
  facet normal -0.573394 -0.81928 0
    outer loop
      vertex 0.75 -58.701 42
      vertex 0.964181 -58.8509 54
      vertex 0.75 -58.701 54
    endloop
  endfacet
  facet normal -0.573394 -0.81928 -0
    outer loop
      vertex 0.964181 -58.8509 54
      vertex 0.75 -58.701 42
      vertex 0.964181 -58.8509 42
    endloop
  endfacet
  facet normal -0.422615 -0.906309 0
    outer loop
      vertex 0.51303 -58.5905 42
      vertex 0.75 -58.701 54
      vertex 0.51303 -58.5905 54
    endloop
  endfacet
  facet normal -0.422615 -0.906309 -0
    outer loop
      vertex 0.75 -58.701 54
      vertex 0.51303 -58.5905 42
      vertex 0.75 -58.701 42
    endloop
  endfacet
  facet normal 0.0872003 -0.996191 0
    outer loop
      vertex -0.260471 -58.5228 42
      vertex 0 -58.5 54
      vertex -0.260471 -58.5228 54
    endloop
  endfacet
  facet normal 0.0872003 -0.996191 0
    outer loop
      vertex 0 -58.5 54
      vertex -0.260471 -58.5228 42
      vertex 0 -58.5 42
    endloop
  endfacet
  facet normal 0.422615 -0.906309 0
    outer loop
      vertex -0.75 -58.701 42
      vertex -0.51303 -58.5905 54
      vertex -0.75 -58.701 54
    endloop
  endfacet
  facet normal 0.422615 -0.906309 0
    outer loop
      vertex -0.51303 -58.5905 54
      vertex -0.75 -58.701 42
      vertex -0.51303 -58.5905 42
    endloop
  endfacet
  facet normal 0.258915 -0.9659 0
    outer loop
      vertex -0.51303 -58.5905 42
      vertex -0.260471 -58.5228 54
      vertex -0.51303 -58.5905 54
    endloop
  endfacet
  facet normal 0.258915 -0.9659 0
    outer loop
      vertex -0.260471 -58.5228 54
      vertex -0.51303 -58.5905 42
      vertex -0.260471 -58.5228 42
    endloop
  endfacet
  facet normal 0.707128 -0.707086 0
    outer loop
      vertex -1.14907 -59.0358 54
      vertex -0.964181 -58.8509 42
      vertex -0.964181 -58.8509 54
    endloop
  endfacet
  facet normal 0.707128 -0.707086 0
    outer loop
      vertex -0.964181 -58.8509 42
      vertex -1.14907 -59.0358 54
      vertex -1.14907 -59.0358 42
    endloop
  endfacet
  facet normal -0.81912 -0.573623 0
    outer loop
      vertex 1.24501 -59.1728 42
      vertex 1.14907 -59.0358 54
      vertex 1.14907 -59.0358 42
    endloop
  endfacet
  facet normal -0.81912 -0.573623 0
    outer loop
      vertex 1.14907 -59.0358 54
      vertex 1.24501 -59.1728 42
      vertex 1.24501 -59.1728 54
    endloop
  endfacet
  facet normal -0.707128 -0.707086 0
    outer loop
      vertex 1.14907 -59.0358 42
      vertex 0.964181 -58.8509 54
      vertex 0.964181 -58.8509 42
    endloop
  endfacet
  facet normal -0.707128 -0.707086 0
    outer loop
      vertex 0.964181 -58.8509 54
      vertex 1.14907 -59.0358 42
      vertex 1.14907 -59.0358 54
    endloop
  endfacet
  facet normal -0.0872003 -0.996191 0
    outer loop
      vertex 0 -58.5 42
      vertex 0.260471 -58.5228 54
      vertex 0 -58.5 54
    endloop
  endfacet
  facet normal -0.0872003 -0.996191 -0
    outer loop
      vertex 0.260471 -58.5228 54
      vertex 0 -58.5 42
      vertex 0.260471 -58.5228 42
    endloop
  endfacet
  facet normal 0 0 1
    outer loop
      vertex 0 -59.2 42
      vertex 1.14907 -59.0358 42
      vertex 0.964181 -58.8509 42
    endloop
  endfacet
  facet normal 0 0 1
    outer loop
      vertex 0 -59.2 42
      vertex 0.964181 -58.8509 42
      vertex 0.75 -58.701 42
    endloop
  endfacet
  facet normal 0 0 1
    outer loop
      vertex 0 -59.2 42
      vertex 0.75 -58.701 42
      vertex 0.51303 -58.5905 42
    endloop
  endfacet
  facet normal 0 0 1
    outer loop
      vertex 0 -59.2 42
      vertex 0.51303 -58.5905 42
      vertex 0.260471 -58.5228 42
    endloop
  endfacet
  facet normal 0 0 1
    outer loop
      vertex 0 -59.2 42
      vertex 0.260471 -58.5228 42
      vertex 0 -58.5 42
    endloop
  endfacet
  facet normal 0 0 1
    outer loop
      vertex 1.14907 -59.0358 42
      vertex 0 -59.2 42
      vertex 1.24501 -59.1728 42
    endloop
  endfacet
  facet normal -0 0 1
    outer loop
      vertex -0.260471 -58.5228 42
      vertex 0 -59.2 42
      vertex 0 -58.5 42
    endloop
  endfacet
  facet normal -0 0 1
    outer loop
      vertex -0.51303 -58.5905 42
      vertex 0 -59.2 42
      vertex -0.260471 -58.5228 42
    endloop
  endfacet
  facet normal -0 0 1
    outer loop
      vertex -0.75 -58.701 42
      vertex 0 -59.2 42
      vertex -0.51303 -58.5905 42
    endloop
  endfacet
  facet normal -0 0 1
    outer loop
      vertex -0.964181 -58.8509 42
      vertex 0 -59.2 42
      vertex -0.75 -58.701 42
    endloop
  endfacet
  facet normal -0 0 1
    outer loop
      vertex -1.14907 -59.0358 42
      vertex 0 -59.2 42
      vertex -0.964181 -58.8509 42
    endloop
  endfacet
  facet normal 0 0 1
    outer loop
      vertex 0 -59.2 42
      vertex -1.14907 -59.0358 42
      vertex -1.24501 -59.1728 42
    endloop
  endfacet
  facet normal 0.81912 -0.573623 0
    outer loop
      vertex -1.24501 -59.1728 54
      vertex -1.14907 -59.0358 42
      vertex -1.14907 -59.0358 54
    endloop
  endfacet
  facet normal 0.81912 -0.573623 0
    outer loop
      vertex -1.14907 -59.0358 42
      vertex -1.24501 -59.1728 54
      vertex -1.24501 -59.1728 42
    endloop
  endfacet
  facet normal 0.573394 -0.81928 0
    outer loop
      vertex -0.964181 -58.8509 42
      vertex -0.75 -58.701 54
      vertex -0.964181 -58.8509 54
    endloop
  endfacet
  facet normal 0.573394 -0.81928 0
    outer loop
      vertex -0.75 -58.701 54
      vertex -0.964181 -58.8509 42
      vertex -0.75 -58.701 42
    endloop
  endfacet
  facet normal -0.258915 -0.9659 0
    outer loop
      vertex 0.260471 -58.5228 42
      vertex 0.51303 -58.5905 54
      vertex 0.260471 -58.5228 54
    endloop
  endfacet
  facet normal -0.258915 -0.9659 -0
    outer loop
      vertex 0.51303 -58.5905 54
      vertex 0.260471 -58.5228 42
      vertex 0.51303 -58.5905 42
    endloop
  endfacet
  facet normal 0.90633 -0.422571 0
    outer loop
      vertex 50.552 -29.487 54
      vertex 50.6625 -29.25 42
      vertex 50.6625 -29.25 54
    endloop
  endfacet
  facet normal 0.90633 -0.422571 0
    outer loop
      vertex 50.6625 -29.25 42
      vertex 50.552 -29.487 54
      vertex 50.552 -29.487 42
    endloop
  endfacet
  facet normal 0.965885 -0.258972 0
    outer loop
      vertex 50.4843 -29.7395 54
      vertex 50.552 -29.487 42
      vertex 50.552 -29.487 54
    endloop
  endfacet
  facet normal 0.965885 -0.258972 0
    outer loop
      vertex 50.552 -29.487 42
      vertex 50.4843 -29.7395 54
      vertex 50.4843 -29.7395 42
    endloop
  endfacet
  facet normal 0.258972 -0.965885 0
    outer loop
      vertex 51.4485 -28.5905 42
      vertex 51.701 -28.5228 54
      vertex 51.4485 -28.5905 54
    endloop
  endfacet
  facet normal 0.258972 -0.965885 0
    outer loop
      vertex 51.701 -28.5228 54
      vertex 51.4485 -28.5905 42
      vertex 51.701 -28.5228 42
    endloop
  endfacet
  facet normal 0 0 1
    outer loop
      vertex 51.2687 -29.6 42
      vertex 51.701 -28.5228 42
      vertex 51.4485 -28.5905 42
    endloop
  endfacet
  facet normal -0 0 1
    outer loop
      vertex 51.701 -28.5228 42
      vertex 51.2687 -29.6 42
      vertex 51.8677 -28.5082 42
    endloop
  endfacet
  facet normal -0 0 1
    outer loop
      vertex 51.2115 -28.701 42
      vertex 51.2687 -29.6 42
      vertex 51.4485 -28.5905 42
    endloop
  endfacet
  facet normal -0 0 1
    outer loop
      vertex 50.9973 -28.8509 42
      vertex 51.2687 -29.6 42
      vertex 51.2115 -28.701 42
    endloop
  endfacet
  facet normal -0 0 1
    outer loop
      vertex 50.8125 -29.0358 42
      vertex 51.2687 -29.6 42
      vertex 50.9973 -28.8509 42
    endloop
  endfacet
  facet normal -0 0 1
    outer loop
      vertex 50.6625 -29.25 42
      vertex 51.2687 -29.6 42
      vertex 50.8125 -29.0358 42
    endloop
  endfacet
  facet normal -0 0 1
    outer loop
      vertex 50.552 -29.487 42
      vertex 51.2687 -29.6 42
      vertex 50.6625 -29.25 42
    endloop
  endfacet
  facet normal 0 0 1
    outer loop
      vertex 50.4843 -29.7395 42
      vertex 51.2687 -29.6 42
      vertex 50.552 -29.487 42
    endloop
  endfacet
  facet normal 0 0 1
    outer loop
      vertex 50.4615 -30 42
      vertex 51.2687 -29.6 42
      vertex 50.4843 -29.7395 42
    endloop
  endfacet
  facet normal 0 -0 1
    outer loop
      vertex 50.552 -30.513 42
      vertex 51.2687 -29.6 42
      vertex 50.4843 -30.2605 42
    endloop
  endfacet
  facet normal 0 0 1
    outer loop
      vertex 51.2687 -29.6 42
      vertex 50.552 -30.513 42
      vertex 50.6227 -30.6646 42
    endloop
  endfacet
  facet normal 0 0 1
    outer loop
      vertex 51.2687 -29.6 42
      vertex 50.4615 -30 42
      vertex 50.4843 -30.2605 42
    endloop
  endfacet
  facet normal 0.996192 -0.0871907 0
    outer loop
      vertex 50.4615 -30 54
      vertex 50.4843 -29.7395 42
      vertex 50.4843 -29.7395 54
    endloop
  endfacet
  facet normal 0.996192 -0.0871907 0
    outer loop
      vertex 50.4843 -29.7395 42
      vertex 50.4615 -30 54
      vertex 50.4615 -30 42
    endloop
  endfacet
  facet normal 0.422571 -0.90633 0
    outer loop
      vertex 51.2115 -28.701 42
      vertex 51.4485 -28.5905 54
      vertex 51.2115 -28.701 54
    endloop
  endfacet
  facet normal 0.422571 -0.90633 0
    outer loop
      vertex 51.4485 -28.5905 54
      vertex 51.2115 -28.701 42
      vertex 51.4485 -28.5905 42
    endloop
  endfacet
  facet normal 0.57336 -0.819304 0
    outer loop
      vertex 50.9973 -28.8509 42
      vertex 51.2115 -28.701 54
      vertex 50.9973 -28.8509 54
    endloop
  endfacet
  facet normal 0.57336 -0.819304 0
    outer loop
      vertex 51.2115 -28.701 54
      vertex 50.9973 -28.8509 42
      vertex 51.2115 -28.701 42
    endloop
  endfacet
  facet normal 0.0872485 -0.996187 0
    outer loop
      vertex 51.701 -28.5228 42
      vertex 51.8677 -28.5082 54
      vertex 51.701 -28.5228 54
    endloop
  endfacet
  facet normal 0.0872485 -0.996187 0
    outer loop
      vertex 51.8677 -28.5082 54
      vertex 51.701 -28.5228 42
      vertex 51.8677 -28.5082 42
    endloop
  endfacet
  facet normal 0.996192 0.0871907 0
    outer loop
      vertex 50.4843 -30.2605 54
      vertex 50.4615 -30 42
      vertex 50.4615 -30 54
    endloop
  endfacet
  facet normal 0.996192 0.0871907 0
    outer loop
      vertex 50.4615 -30 42
      vertex 50.4843 -30.2605 54
      vertex 50.4843 -30.2605 42
    endloop
  endfacet
  facet normal 0.965885 0.258972 0
    outer loop
      vertex 50.552 -30.513 54
      vertex 50.4843 -30.2605 42
      vertex 50.4843 -30.2605 54
    endloop
  endfacet
  facet normal 0.965885 0.258972 0
    outer loop
      vertex 50.4843 -30.2605 42
      vertex 50.552 -30.513 54
      vertex 50.552 -30.513 42
    endloop
  endfacet
  facet normal 0.90629 0.422656 0
    outer loop
      vertex 50.6227 -30.6646 54
      vertex 50.552 -30.513 42
      vertex 50.552 -30.513 54
    endloop
  endfacet
  facet normal 0.90629 0.422656 0
    outer loop
      vertex 50.552 -30.513 42
      vertex 50.6227 -30.6646 54
      vertex 50.6227 -30.6646 42
    endloop
  endfacet
  facet normal 0.819124 -0.573616 0
    outer loop
      vertex 50.6625 -29.25 54
      vertex 50.8125 -29.0358 42
      vertex 50.8125 -29.0358 54
    endloop
  endfacet
  facet normal 0.819124 -0.573616 0
    outer loop
      vertex 50.8125 -29.0358 42
      vertex 50.6625 -29.25 54
      vertex 50.6625 -29.25 42
    endloop
  endfacet
  facet normal 0.707298 -0.706915 0
    outer loop
      vertex 50.8125 -29.0358 54
      vertex 50.9973 -28.8509 42
      vertex 50.9973 -28.8509 54
    endloop
  endfacet
  facet normal 0.707298 -0.706915 0
    outer loop
      vertex 50.9973 -28.8509 42
      vertex 50.8125 -29.0358 54
      vertex 50.8125 -29.0358 42
    endloop
  endfacet
endsolid OpenSCAD_Model
