solid OpenSCAD_Model
  facet normal 0.70504 -0.055502 -0.706993
    outer loop
      vertex 45.748 -4.80831 2
      vertex 43.9397 -2.30278 0
      vertex 45.937 -2.40745 2
    endloop
  endfacet
  facet normal -0.40058 0.582849 -0.706982
    outer loop
      vertex -23.9641 36.9015 0
      vertex -25.8626 35.5967 0
      vertex -25.0534 38.5788 2
    endloop
  endfacet
  facet normal 0.0554781 -0.705056 -0.706978
    outer loop
      vertex 4.80831 -45.748 2
      vertex 2.30278 -43.9397 0
      vertex 4.59925 -43.759 0
    endloop
  endfacet
  facet normal 0.706986 0.0185009 -0.706986
    outer loop
      vertex 46 0 2
      vertex 44 0 0
      vertex 45.937 2.40745 2
    endloop
  endfacet
  facet normal 0.706978 0.0185128 -0.706993
    outer loop
      vertex 44 0 0
      vertex 43.9397 2.30278 0
      vertex 45.937 2.40745 2
    endloop
  endfacet
  facet normal -0.678092 -0.200864 -0.706997
    outer loop
      vertex -43.7486 -14.2148 2
      vertex -44.4326 -11.9057 2
      vertex -42.5007 -11.388 0
    endloop
  endfacet
  facet normal -0.706978 0.0185128 -0.706993
    outer loop
      vertex -44 0 0
      vertex -45.937 2.40745 2
      vertex -43.9397 2.30278 0
    endloop
  endfacet
  facet normal -0.236081 0.666659 -0.706987
    outer loop
      vertex -13.5967 41.8465 0
      vertex -16.4849 42.9447 2
      vertex -14.2148 43.7486 2
    endloop
  endfacet
  facet normal 0.128889 -0.695383 -0.706987
    outer loop
      vertex 9.56394 -44.9948 2
      vertex 7.19598 -45.4337 2
      vertex 9.14811 -43.0385 0
    endloop
  endfacet
  facet normal -0.369538 -0.602995 -0.706993
    outer loop
      vertex -23 -39.8372 2
      vertex -25.0534 -38.5788 2
      vertex -22 -38.1051 0
    endloop
  endfacet
  facet normal 0.561083 -0.430537 -0.706982
    outer loop
      vertex 35.7487 -28.9487 2
      vertex 34.1944 -27.6901 0
      vertex 35.5967 -25.8626 0
    endloop
  endfacet
  facet normal -0.165097 0.687687 -0.706987
    outer loop
      vertex -9.14811 43.0385 0
      vertex -11.9057 44.4326 2
      vertex -9.56394 44.9948 2
    endloop
  endfacet
  facet normal 0.0185128 0.706978 -0.706993
    outer loop
      vertex 2.30278 43.9397 0
      vertex 0 44 0
      vertex 2.40745 45.937 2
    endloop
  endfacet
  facet normal -0.165097 -0.687687 -0.706987
    outer loop
      vertex -9.56394 -44.9948 2
      vertex -11.9057 -44.4326 2
      vertex -9.14811 -43.0385 0
    endloop
  endfacet
  facet normal -0.200864 0.678092 -0.706997
    outer loop
      vertex -11.388 42.5007 0
      vertex -14.2148 43.7486 2
      vertex -11.9057 44.4326 2
    endloop
  endfacet
  facet normal 0.304463 -0.638337 -0.706985
    outer loop
      vertex 20.8836 -40.9863 2
      vertex 17.8964 -40.196 0
      vertex 19.9756 -39.2043 0
    endloop
  endfacet
  facet normal -0.236081 -0.666659 -0.706987
    outer loop
      vertex -14.2148 -43.7486 2
      vertex -16.4849 -42.9447 2
      vertex -13.5967 -41.8465 0
    endloop
  endfacet
  facet normal 0.706978 -0.0185128 -0.706993
    outer loop
      vertex 45.937 -2.40745 2
      vertex 43.9397 -2.30278 0
      vertex 44 0 0
    endloop
  endfacet
  facet normal 0.695383 -0.128889 -0.706987
    outer loop
      vertex 44.9948 -9.56394 2
      vertex 43.0385 -9.14811 0
      vertex 45.4337 -7.19598 2
    endloop
  endfacet
  facet normal -0.70504 -0.055502 -0.706993
    outer loop
      vertex -45.748 -4.80831 2
      vertex -45.937 -2.40745 2
      vertex -43.9397 -2.30278 0
    endloop
  endfacet
  facet normal 0.0923181 -0.701173 -0.70699
    outer loop
      vertex 7.19598 -45.4337 2
      vertex 4.59925 -43.759 0
      vertex 6.88312 -43.4583 0
    endloop
  endfacet
  facet normal -0.43054 0.561074 -0.706987
    outer loop
      vertex -25.8626 35.5967 0
      vertex -28.9487 35.7487 2
      vertex -27.0381 37.2148 2
    endloop
  endfacet
  facet normal 0.236085 -0.666655 -0.70699
    outer loop
      vertex 16.4849 -42.9447 2
      vertex 13.5967 -41.8465 0
      vertex 15.7682 -41.0775 0
    endloop
  endfacet
  facet normal 0.40058 -0.582849 -0.706982
    outer loop
      vertex 25.0534 -38.5788 2
      vertex 23.9641 -36.9015 0
      vertex 25.8626 -35.5967 0
    endloop
  endfacet
  facet normal -0.537794 0.459297 -0.706982
    outer loop
      vertex -34.1944 27.6901 0
      vertex -35.7487 28.9487 2
      vertex -34.1847 30.78 2
    endloop
  endfacet
  facet normal -0.561074 -0.43054 -0.706987
    outer loop
      vertex -35.7487 -28.9487 2
      vertex -37.2148 -27.0381 2
      vertex -35.5967 -25.8626 0
    endloop
  endfacet
  facet normal -0.695381 -0.128884 -0.706989
    outer loop
      vertex -43.0385 -9.14811 0
      vertex -45.4337 -7.19598 2
      vertex -43.4583 -6.88312 0
    endloop
  endfacet
  facet normal -0.459303 0.537777 -0.706991
    outer loop
      vertex -29.4417 32.6984 0
      vertex -30.78 34.1847 2
      vertex -27.6901 34.1944 0
    endloop
  endfacet
  facet normal -0.165111 -0.687673 -0.706997
    outer loop
      vertex -9.14811 -43.0385 0
      vertex -11.9057 -44.4326 2
      vertex -11.388 -42.5007 0
    endloop
  endfacet
  facet normal -0.687687 -0.165097 -0.706987
    outer loop
      vertex -44.4326 -11.9057 2
      vertex -44.9948 -9.56394 2
      vertex -43.0385 -9.14811 0
    endloop
  endfacet
  facet normal -0.666655 -0.236085 -0.70699
    outer loop
      vertex -41.0775 -15.7682 0
      vertex -42.9447 -16.4849 2
      vertex -41.8465 -13.5967 0
    endloop
  endfacet
  facet normal -0.706978 -0.0185128 -0.706993
    outer loop
      vertex -43.9397 -2.30278 0
      vertex -45.937 -2.40745 2
      vertex -44 0 0
    endloop
  endfacet
  facet normal -0.270637 -0.653393 -0.706989
    outer loop
      vertex -16.4849 -42.9447 2
      vertex -18.7099 -42.0231 2
      vertex -17.8964 -40.196 0
    endloop
  endfacet
  facet normal 0.486823 -0.513011 -0.706982
    outer loop
      vertex 32.5269 -32.5269 2
      vertex 29.4417 -32.6984 0
      vertex 31.1127 -31.1127 0
    endloop
  endfacet
  facet normal 0.369538 0.602995 -0.706993
    outer loop
      vertex 25.0534 38.5788 2
      vertex 22 38.1051 0
      vertex 23 39.8372 2
    endloop
  endfacet
  facet normal 0.0923181 0.701173 -0.70699
    outer loop
      vertex 6.88312 43.4583 0
      vertex 4.59925 43.759 0
      vertex 7.19598 45.4337 2
    endloop
  endfacet
  facet normal 0.653393 -0.270635 -0.70699
    outer loop
      vertex 42.9447 -16.4849 2
      vertex 40.196 -17.8964 0
      vertex 41.0775 -15.7682 0
    endloop
  endfacet
  facet normal 0.695381 -0.128884 -0.706989
    outer loop
      vertex 45.4337 -7.19598 2
      vertex 43.0385 -9.14811 0
      vertex 43.4583 -6.88312 0
    endloop
  endfacet
  facet normal -0.666655 0.236085 -0.70699
    outer loop
      vertex -41.8465 13.5967 0
      vertex -42.9447 16.4849 2
      vertex -41.0775 15.7682 0
    endloop
  endfacet
  facet normal 0.0923004 -0.701187 -0.706978
    outer loop
      vertex 4.80831 -45.748 2
      vertex 4.59925 -43.759 0
      vertex 7.19598 -45.4337 2
    endloop
  endfacet
  facet normal 0.638337 -0.304463 -0.706985
    outer loop
      vertex 40.9863 -20.8836 2
      vertex 39.2043 -19.9756 0
      vertex 40.196 -17.8964 0
    endloop
  endfacet
  facet normal 0.603015 -0.369527 -0.706981
    outer loop
      vertex 38.5788 -25.0534 2
      vertex 36.9015 -23.9641 0
      vertex 38.1051 -22 0
    endloop
  endfacet
  facet normal -0.695381 0.128884 -0.706989
    outer loop
      vertex -43.4583 6.88312 0
      vertex -45.4337 7.19598 2
      vertex -43.0385 9.14811 0
    endloop
  endfacet
  facet normal 0.337458 -0.621526 -0.706985
    outer loop
      vertex 20.8836 -40.9863 2
      vertex 19.9756 -39.2043 0
      vertex 23 -39.8372 2
    endloop
  endfacet
  facet normal -0.706986 -0.0185009 -0.706986
    outer loop
      vertex -45.937 -2.40745 2
      vertex -46 0 2
      vertex -44 0 0
    endloop
  endfacet
  facet normal 0.638337 0.304463 -0.706985
    outer loop
      vertex 40.196 17.8964 0
      vertex 39.2043 19.9756 0
      vertex 40.9863 20.8836 2
    endloop
  endfacet
  facet normal -0.055502 -0.70504 -0.706993
    outer loop
      vertex -2.40745 -45.937 2
      vertex -4.80831 -45.748 2
      vertex -2.30278 -43.9397 0
    endloop
  endfacet
  facet normal 0.621512 -0.337466 -0.706993
    outer loop
      vertex 39.8372 -23 2
      vertex 38.1051 -22 0
      vertex 39.2043 -19.9756 0
    endloop
  endfacet
  facet normal 0.270637 -0.653393 -0.706989
    outer loop
      vertex 18.7099 -42.0231 2
      vertex 16.4849 -42.9447 2
      vertex 17.8964 -40.196 0
    endloop
  endfacet
  facet normal 0.621526 -0.337458 -0.706985
    outer loop
      vertex 39.8372 -23 2
      vertex 39.2043 -19.9756 0
      vertex 40.9863 -20.8836 2
    endloop
  endfacet
  facet normal -0.0185128 -0.706978 -0.706993
    outer loop
      vertex 0 -44 0
      vertex -2.40745 -45.937 2
      vertex -2.30278 -43.9397 0
    endloop
  endfacet
  facet normal 0.701187 -0.0923004 -0.706978
    outer loop
      vertex 45.4337 -7.19598 2
      vertex 43.759 -4.59925 0
      vertex 45.748 -4.80831 2
    endloop
  endfacet
  facet normal 0.706986 -0.0185009 -0.706986
    outer loop
      vertex 45.937 -2.40745 2
      vertex 44 0 0
      vertex 46 0 2
    endloop
  endfacet
  facet normal 0.512993 -0.486828 -0.706991
    outer loop
      vertex 34.1847 -30.78 2
      vertex 32.5269 -32.5269 2
      vertex 32.6984 -29.4417 0
    endloop
  endfacet
  facet normal 0.0185009 0.706986 -0.706986
    outer loop
      vertex 2.40745 45.937 2
      vertex 0 44 0
      vertex 0 46 2
    endloop
  endfacet
  facet normal 0.687687 -0.165097 -0.706987
    outer loop
      vertex 44.4326 -11.9057 2
      vertex 43.0385 -9.14811 0
      vertex 44.9948 -9.56394 2
    endloop
  endfacet
  facet normal 0.430537 0.561083 -0.706982
    outer loop
      vertex 27.6901 34.1944 0
      vertex 25.8626 35.5967 0
      vertex 28.9487 35.7487 2
    endloop
  endfacet
  facet normal 0.0185009 -0.706986 -0.706986
    outer loop
      vertex 2.40745 -45.937 2
      vertex 0 -46 2
      vertex 0 -44 0
    endloop
  endfacet
  facet normal 0.270635 -0.653393 -0.70699
    outer loop
      vertex 16.4849 -42.9447 2
      vertex 15.7682 -41.0775 0
      vertex 17.8964 -40.196 0
    endloop
  endfacet
  facet normal 0.165097 -0.687687 -0.706987
    outer loop
      vertex 9.56394 -44.9948 2
      vertex 9.14811 -43.0385 0
      vertex 11.9057 -44.4326 2
    endloop
  endfacet
  facet normal 0.678107 -0.20085 -0.706987
    outer loop
      vertex 43.7486 -14.2148 2
      vertex 41.8465 -13.5967 0
      vertex 42.5007 -11.388 0
    endloop
  endfacet
  facet normal 0.621526 0.337458 -0.706985
    outer loop
      vertex 40.9863 20.8836 2
      vertex 39.2043 19.9756 0
      vertex 39.8372 23 2
    endloop
  endfacet
  facet normal 0.486828 -0.512993 -0.706991
    outer loop
      vertex 30.78 -34.1847 2
      vertex 29.4417 -32.6984 0
      vertex 32.5269 -32.5269 2
    endloop
  endfacet
  facet normal 0.638331 0.304468 -0.706989
    outer loop
      vertex 42.0231 18.7099 2
      vertex 40.196 17.8964 0
      vertex 40.9863 20.8836 2
    endloop
  endfacet
  facet normal 0.705056 -0.0554781 -0.706978
    outer loop
      vertex 45.748 -4.80831 2
      vertex 43.759 -4.59925 0
      vertex 43.9397 -2.30278 0
    endloop
  endfacet
  facet normal -0.621512 -0.337466 -0.706993
    outer loop
      vertex -38.1051 -22 0
      vertex -39.8372 -23 2
      vertex -39.2043 -19.9756 0
    endloop
  endfacet
  facet normal -0.678107 -0.20085 -0.706987
    outer loop
      vertex -41.8465 -13.5967 0
      vertex -43.7486 -14.2148 2
      vertex -42.5007 -11.388 0
    endloop
  endfacet
  facet normal -0.0185009 -0.706986 -0.706986
    outer loop
      vertex 0 -46 2
      vertex -2.40745 -45.937 2
      vertex 0 -44 0
    endloop
  endfacet
  facet normal -0.638337 0.304463 -0.706985
    outer loop
      vertex -40.196 17.8964 0
      vertex -40.9863 20.8836 2
      vertex -39.2043 19.9756 0
    endloop
  endfacet
  facet normal -0.0923004 0.701187 -0.706978
    outer loop
      vertex -4.59925 43.759 0
      vertex -7.19598 45.4337 2
      vertex -4.80831 45.748 2
    endloop
  endfacet
  facet normal -0.653393 -0.270635 -0.70699
    outer loop
      vertex -40.196 -17.8964 0
      vertex -42.9447 -16.4849 2
      vertex -41.0775 -15.7682 0
    endloop
  endfacet
  facet normal -0.128884 0.695381 -0.706989
    outer loop
      vertex -6.88312 43.4583 0
      vertex -9.14811 43.0385 0
      vertex -7.19598 45.4337 2
    endloop
  endfacet
  facet normal 0.486828 0.512993 -0.706991
    outer loop
      vertex 32.5269 32.5269 2
      vertex 29.4417 32.6984 0
      vertex 30.78 34.1847 2
    endloop
  endfacet
  facet normal 0.701173 0.0923181 -0.70699
    outer loop
      vertex 43.759 4.59925 0
      vertex 43.4583 6.88312 0
      vertex 45.4337 7.19598 2
    endloop
  endfacet
  facet normal 0.369538 -0.602995 -0.706993
    outer loop
      vertex 23 -39.8372 2
      vertex 22 -38.1051 0
      vertex 25.0534 -38.5788 2
    endloop
  endfacet
  facet normal -0.695383 0.128889 -0.706987
    outer loop
      vertex -43.0385 9.14811 0
      vertex -45.4337 7.19598 2
      vertex -44.9948 9.56394 2
    endloop
  endfacet
  facet normal -0.582849 0.40058 -0.706982
    outer loop
      vertex -36.9015 23.9641 0
      vertex -38.5788 25.0534 2
      vertex -35.5967 25.8626 0
    endloop
  endfacet
  facet normal -0.666659 -0.236081 -0.706987
    outer loop
      vertex -42.9447 -16.4849 2
      vertex -43.7486 -14.2148 2
      vertex -41.8465 -13.5967 0
    endloop
  endfacet
  facet normal 0.582849 -0.40058 -0.706982
    outer loop
      vertex 38.5788 -25.0534 2
      vertex 35.5967 -25.8626 0
      vertex 36.9015 -23.9641 0
    endloop
  endfacet
  facet normal -0.621526 -0.337458 -0.706985
    outer loop
      vertex -39.8372 -23 2
      vertex -40.9863 -20.8836 2
      vertex -39.2043 -19.9756 0
    endloop
  endfacet
  facet normal 0.459297 -0.537794 -0.706982
    outer loop
      vertex 28.9487 -35.7487 2
      vertex 27.6901 -34.1944 0
      vertex 30.78 -34.1847 2
    endloop
  endfacet
  facet normal 0.582849 0.400568 -0.706988
    outer loop
      vertex 38.5788 25.0534 2
      vertex 35.5967 25.8626 0
      vertex 37.2148 27.0381 2
    endloop
  endfacet
  facet normal 0.602995 -0.369538 -0.706993
    outer loop
      vertex 38.5788 -25.0534 2
      vertex 38.1051 -22 0
      vertex 39.8372 -23 2
    endloop
  endfacet
  facet normal 0.236081 0.666659 -0.706987
    outer loop
      vertex 16.4849 42.9447 2
      vertex 13.5967 41.8465 0
      vertex 14.2148 43.7486 2
    endloop
  endfacet
  facet normal 0.638331 -0.304468 -0.706989
    outer loop
      vertex 40.9863 -20.8836 2
      vertex 40.196 -17.8964 0
      vertex 42.0231 -18.7099 2
    endloop
  endfacet
  facet normal -0.40058 -0.582849 -0.706982
    outer loop
      vertex -25.0534 -38.5788 2
      vertex -25.8626 -35.5967 0
      vertex -23.9641 -36.9015 0
    endloop
  endfacet
  facet normal -0.701187 0.0923004 -0.706978
    outer loop
      vertex -43.759 4.59925 0
      vertex -45.748 4.80831 2
      vertex -45.4337 7.19598 2
    endloop
  endfacet
  facet normal 0.653393 -0.270637 -0.706989
    outer loop
      vertex 42.0231 -18.7099 2
      vertex 40.196 -17.8964 0
      vertex 42.9447 -16.4849 2
    endloop
  endfacet
  facet normal 0.20085 -0.678107 -0.706987
    outer loop
      vertex 14.2148 -43.7486 2
      vertex 11.388 -42.5007 0
      vertex 13.5967 -41.8465 0
    endloop
  endfacet
  facet normal 0.701173 -0.0923181 -0.70699
    outer loop
      vertex 45.4337 -7.19598 2
      vertex 43.4583 -6.88312 0
      vertex 43.759 -4.59925 0
    endloop
  endfacet
  facet normal 0.055502 -0.70504 -0.706993
    outer loop
      vertex 2.40745 -45.937 2
      vertex 2.30278 -43.9397 0
      vertex 4.80831 -45.748 2
    endloop
  endfacet
  facet normal -0.653393 0.270635 -0.70699
    outer loop
      vertex -41.0775 15.7682 0
      vertex -42.9447 16.4849 2
      vertex -40.196 17.8964 0
    endloop
  endfacet
  facet normal 0.165111 -0.687673 -0.706997
    outer loop
      vertex 11.9057 -44.4326 2
      vertex 9.14811 -43.0385 0
      vertex 11.388 -42.5007 0
    endloop
  endfacet
  facet normal -0.270637 0.653393 -0.706989
    outer loop
      vertex -17.8964 40.196 0
      vertex -18.7099 42.0231 2
      vertex -16.4849 42.9447 2
    endloop
  endfacet
  facet normal -0.695383 -0.128889 -0.706987
    outer loop
      vertex -44.9948 -9.56394 2
      vertex -45.4337 -7.19598 2
      vertex -43.0385 -9.14811 0
    endloop
  endfacet
  facet normal -0.537777 -0.459303 -0.706991
    outer loop
      vertex -34.1847 -30.78 2
      vertex -34.1944 -27.6901 0
      vertex -32.6984 -29.4417 0
    endloop
  endfacet
  facet normal 0.200864 -0.678092 -0.706997
    outer loop
      vertex 11.9057 -44.4326 2
      vertex 11.388 -42.5007 0
      vertex 14.2148 -43.7486 2
    endloop
  endfacet
  facet normal -0.165111 0.687673 -0.706997
    outer loop
      vertex -11.388 42.5007 0
      vertex -11.9057 44.4326 2
      vertex -9.14811 43.0385 0
    endloop
  endfacet
  facet normal -0.687687 0.165097 -0.706987
    outer loop
      vertex -43.0385 9.14811 0
      vertex -44.9948 9.56394 2
      vertex -44.4326 11.9057 2
    endloop
  endfacet
  facet normal 0.304468 -0.638331 -0.706989
    outer loop
      vertex 18.7099 -42.0231 2
      vertex 17.8964 -40.196 0
      vertex 20.8836 -40.9863 2
    endloop
  endfacet
  facet normal 0.582849 -0.400568 -0.706988
    outer loop
      vertex 37.2148 -27.0381 2
      vertex 35.5967 -25.8626 0
      vertex 38.5788 -25.0534 2
    endloop
  endfacet
  facet normal 0.513011 -0.486823 -0.706982
    outer loop
      vertex 32.5269 -32.5269 2
      vertex 31.1127 -31.1127 0
      vertex 32.6984 -29.4417 0
    endloop
  endfacet
  facet normal 0.0185128 -0.706978 -0.706993
    outer loop
      vertex 2.40745 -45.937 2
      vertex 0 -44 0
      vertex 2.30278 -43.9397 0
    endloop
  endfacet
  facet normal 0.128884 -0.695381 -0.706989
    outer loop
      vertex 7.19598 -45.4337 2
      vertex 6.88312 -43.4583 0
      vertex 9.14811 -43.0385 0
    endloop
  endfacet
  facet normal 0.459303 0.537777 -0.706991
    outer loop
      vertex 29.4417 32.6984 0
      vertex 27.6901 34.1944 0
      vertex 30.78 34.1847 2
    endloop
  endfacet
  facet normal -0.561074 0.43054 -0.706987
    outer loop
      vertex -35.5967 25.8626 0
      vertex -37.2148 27.0381 2
      vertex -35.7487 28.9487 2
    endloop
  endfacet
  facet normal -0.653393 -0.270637 -0.706989
    outer loop
      vertex -42.0231 -18.7099 2
      vertex -42.9447 -16.4849 2
      vertex -40.196 -17.8964 0
    endloop
  endfacet
  facet normal 0.687687 0.165097 -0.706987
    outer loop
      vertex 44.9948 9.56394 2
      vertex 43.0385 9.14811 0
      vertex 44.4326 11.9057 2
    endloop
  endfacet
  facet normal 0.537794 -0.459297 -0.706982
    outer loop
      vertex 35.7487 -28.9487 2
      vertex 34.1847 -30.78 2
      vertex 34.1944 -27.6901 0
    endloop
  endfacet
  facet normal -0.128889 -0.695383 -0.706987
    outer loop
      vertex -7.19598 -45.4337 2
      vertex -9.56394 -44.9948 2
      vertex -9.14811 -43.0385 0
    endloop
  endfacet
  facet normal 0.687673 -0.165111 -0.706997
    outer loop
      vertex 44.4326 -11.9057 2
      vertex 42.5007 -11.388 0
      vertex 43.0385 -9.14811 0
    endloop
  endfacet
  facet normal -0.486828 0.512993 -0.706991
    outer loop
      vertex -29.4417 32.6984 0
      vertex -32.5269 32.5269 2
      vertex -30.78 34.1847 2
    endloop
  endfacet
  facet normal 0.236081 -0.666659 -0.706987
    outer loop
      vertex 14.2148 -43.7486 2
      vertex 13.5967 -41.8465 0
      vertex 16.4849 -42.9447 2
    endloop
  endfacet
  facet normal -0.055502 0.70504 -0.706993
    outer loop
      vertex -2.30278 43.9397 0
      vertex -4.80831 45.748 2
      vertex -2.40745 45.937 2
    endloop
  endfacet
  facet normal -0.687673 0.165111 -0.706997
    outer loop
      vertex -43.0385 9.14811 0
      vertex -44.4326 11.9057 2
      vertex -42.5007 11.388 0
    endloop
  endfacet
  facet normal -0.706986 0.0185009 -0.706986
    outer loop
      vertex -44 0 0
      vertex -46 0 2
      vertex -45.937 2.40745 2
    endloop
  endfacet
  facet normal -0.70504 0.055502 -0.706993
    outer loop
      vertex -43.9397 2.30278 0
      vertex -45.937 2.40745 2
      vertex -45.748 4.80831 2
    endloop
  endfacet
  facet normal 0.337466 -0.621512 -0.706993
    outer loop
      vertex 23 -39.8372 2
      vertex 19.9756 -39.2043 0
      vertex 22 -38.1051 0
    endloop
  endfacet
  facet normal 0.537777 -0.459303 -0.706991
    outer loop
      vertex 34.1847 -30.78 2
      vertex 32.6984 -29.4417 0
      vertex 34.1944 -27.6901 0
    endloop
  endfacet
  facet normal -0.0554781 -0.705056 -0.706978
    outer loop
      vertex -2.30278 -43.9397 0
      vertex -4.80831 -45.748 2
      vertex -4.59925 -43.759 0
    endloop
  endfacet
  facet normal -0.0185128 0.706978 -0.706993
    outer loop
      vertex -2.30278 43.9397 0
      vertex -2.40745 45.937 2
      vertex 0 44 0
    endloop
  endfacet
  facet normal 0.0923004 0.701187 -0.706978
    outer loop
      vertex 7.19598 45.4337 2
      vertex 4.59925 43.759 0
      vertex 4.80831 45.748 2
    endloop
  endfacet
  facet normal 0.537777 0.459303 -0.706991
    outer loop
      vertex 34.1944 27.6901 0
      vertex 32.6984 29.4417 0
      vertex 34.1847 30.78 2
    endloop
  endfacet
  facet normal -0.270635 -0.653393 -0.70699
    outer loop
      vertex -16.4849 -42.9447 2
      vertex -17.8964 -40.196 0
      vertex -15.7682 -41.0775 0
    endloop
  endfacet
  facet normal 0.561074 -0.43054 -0.706987
    outer loop
      vertex 35.7487 -28.9487 2
      vertex 35.5967 -25.8626 0
      vertex 37.2148 -27.0381 2
    endloop
  endfacet
  facet normal 0.369527 0.603015 -0.706981
    outer loop
      vertex 23.9641 36.9015 0
      vertex 22 38.1051 0
      vertex 25.0534 38.5788 2
    endloop
  endfacet
  facet normal 0.602995 0.369538 -0.706993
    outer loop
      vertex 39.8372 23 2
      vertex 38.1051 22 0
      vertex 38.5788 25.0534 2
    endloop
  endfacet
  facet normal -0.512993 -0.486828 -0.706991
    outer loop
      vertex -32.5269 -32.5269 2
      vertex -34.1847 -30.78 2
      vertex -32.6984 -29.4417 0
    endloop
  endfacet
  facet normal -0.687673 -0.165111 -0.706997
    outer loop
      vertex -42.5007 -11.388 0
      vertex -44.4326 -11.9057 2
      vertex -43.0385 -9.14811 0
    endloop
  endfacet
  facet normal 0.678092 -0.200864 -0.706997
    outer loop
      vertex 43.7486 -14.2148 2
      vertex 42.5007 -11.388 0
      vertex 44.4326 -11.9057 2
    endloop
  endfacet
  facet normal 0.0554781 0.705056 -0.706978
    outer loop
      vertex 4.59925 43.759 0
      vertex 2.30278 43.9397 0
      vertex 4.80831 45.748 2
    endloop
  endfacet
  facet normal -0.200864 -0.678092 -0.706997
    outer loop
      vertex -11.9057 -44.4326 2
      vertex -14.2148 -43.7486 2
      vertex -11.388 -42.5007 0
    endloop
  endfacet
  facet normal 0.666659 -0.236081 -0.706987
    outer loop
      vertex 42.9447 -16.4849 2
      vertex 41.8465 -13.5967 0
      vertex 43.7486 -14.2148 2
    endloop
  endfacet
  facet normal 0.270637 0.653393 -0.706989
    outer loop
      vertex 17.8964 40.196 0
      vertex 16.4849 42.9447 2
      vertex 18.7099 42.0231 2
    endloop
  endfacet
  facet normal 0.337458 0.621526 -0.706985
    outer loop
      vertex 23 39.8372 2
      vertex 19.9756 39.2043 0
      vertex 20.8836 40.9863 2
    endloop
  endfacet
  facet normal -0.304463 0.638337 -0.706985
    outer loop
      vertex -19.9756 39.2043 0
      vertex -20.8836 40.9863 2
      vertex -17.8964 40.196 0
    endloop
  endfacet
  facet normal -0.0923004 -0.701187 -0.706978
    outer loop
      vertex -4.80831 -45.748 2
      vertex -7.19598 -45.4337 2
      vertex -4.59925 -43.759 0
    endloop
  endfacet
  facet normal 0.666655 -0.236085 -0.70699
    outer loop
      vertex 42.9447 -16.4849 2
      vertex 41.0775 -15.7682 0
      vertex 41.8465 -13.5967 0
    endloop
  endfacet
  facet normal 0.400568 -0.582849 -0.706988
    outer loop
      vertex 27.0381 -37.2148 2
      vertex 25.0534 -38.5788 2
      vertex 25.8626 -35.5967 0
    endloop
  endfacet
  facet normal -0.582849 0.400568 -0.706988
    outer loop
      vertex -35.5967 25.8626 0
      vertex -38.5788 25.0534 2
      vertex -37.2148 27.0381 2
    endloop
  endfacet
  facet normal 0.304463 0.638337 -0.706985
    outer loop
      vertex 19.9756 39.2043 0
      vertex 17.8964 40.196 0
      vertex 20.8836 40.9863 2
    endloop
  endfacet
  facet normal 0.304468 0.638331 -0.706989
    outer loop
      vertex 20.8836 40.9863 2
      vertex 17.8964 40.196 0
      vertex 18.7099 42.0231 2
    endloop
  endfacet
  facet normal -0.701173 0.0923181 -0.70699
    outer loop
      vertex -43.759 4.59925 0
      vertex -45.4337 7.19598 2
      vertex -43.4583 6.88312 0
    endloop
  endfacet
  facet normal 0.582849 0.40058 -0.706982
    outer loop
      vertex 36.9015 23.9641 0
      vertex 35.5967 25.8626 0
      vertex 38.5788 25.0534 2
    endloop
  endfacet
  facet normal -0.512993 0.486828 -0.706991
    outer loop
      vertex -32.6984 29.4417 0
      vertex -34.1847 30.78 2
      vertex -32.5269 32.5269 2
    endloop
  endfacet
  facet normal 0.687673 0.165111 -0.706997
    outer loop
      vertex 43.0385 9.14811 0
      vertex 42.5007 11.388 0
      vertex 44.4326 11.9057 2
    endloop
  endfacet
  facet normal -0.705056 0.0554781 -0.706978
    outer loop
      vertex -43.9397 2.30278 0
      vertex -45.748 4.80831 2
      vertex -43.759 4.59925 0
    endloop
  endfacet
  facet normal -0.678092 0.200864 -0.706997
    outer loop
      vertex -42.5007 11.388 0
      vertex -44.4326 11.9057 2
      vertex -43.7486 14.2148 2
    endloop
  endfacet
  facet normal -0.638331 -0.304468 -0.706989
    outer loop
      vertex -40.9863 -20.8836 2
      vertex -42.0231 -18.7099 2
      vertex -40.196 -17.8964 0
    endloop
  endfacet
  facet normal 0.43054 0.561074 -0.706987
    outer loop
      vertex 28.9487 35.7487 2
      vertex 25.8626 35.5967 0
      vertex 27.0381 37.2148 2
    endloop
  endfacet
  facet normal -0.0923181 0.701173 -0.70699
    outer loop
      vertex -6.88312 43.4583 0
      vertex -7.19598 45.4337 2
      vertex -4.59925 43.759 0
    endloop
  endfacet
  facet normal -0.666659 0.236081 -0.706987
    outer loop
      vertex -41.8465 13.5967 0
      vertex -43.7486 14.2148 2
      vertex -42.9447 16.4849 2
    endloop
  endfacet
  facet normal -0.701173 -0.0923181 -0.70699
    outer loop
      vertex -43.4583 -6.88312 0
      vertex -45.4337 -7.19598 2
      vertex -43.759 -4.59925 0
    endloop
  endfacet
  facet normal -0.486828 -0.512993 -0.706991
    outer loop
      vertex -30.78 -34.1847 2
      vertex -32.5269 -32.5269 2
      vertex -29.4417 -32.6984 0
    endloop
  endfacet
  facet normal 0.459297 0.537794 -0.706982
    outer loop
      vertex 30.78 34.1847 2
      vertex 27.6901 34.1944 0
      vertex 28.9487 35.7487 2
    endloop
  endfacet
  facet normal -0.561083 -0.430537 -0.706982
    outer loop
      vertex -34.1944 -27.6901 0
      vertex -35.7487 -28.9487 2
      vertex -35.5967 -25.8626 0
    endloop
  endfacet
  facet normal -0.337458 0.621526 -0.706985
    outer loop
      vertex -19.9756 39.2043 0
      vertex -23 39.8372 2
      vertex -20.8836 40.9863 2
    endloop
  endfacet
  facet normal -0.128884 -0.695381 -0.706989
    outer loop
      vertex -7.19598 -45.4337 2
      vertex -9.14811 -43.0385 0
      vertex -6.88312 -43.4583 0
    endloop
  endfacet
  facet normal 0.653393 0.270637 -0.706989
    outer loop
      vertex 42.9447 16.4849 2
      vertex 40.196 17.8964 0
      vertex 42.0231 18.7099 2
    endloop
  endfacet
  facet normal -0.43054 -0.561074 -0.706987
    outer loop
      vertex -27.0381 -37.2148 2
      vertex -28.9487 -35.7487 2
      vertex -25.8626 -35.5967 0
    endloop
  endfacet
  facet normal -0.369527 0.603015 -0.706981
    outer loop
      vertex -23.9641 36.9015 0
      vertex -25.0534 38.5788 2
      vertex -22 38.1051 0
    endloop
  endfacet
  facet normal 0.537794 0.459297 -0.706982
    outer loop
      vertex 34.1944 27.6901 0
      vertex 34.1847 30.78 2
      vertex 35.7487 28.9487 2
    endloop
  endfacet
  facet normal -0.304468 0.638331 -0.706989
    outer loop
      vertex -17.8964 40.196 0
      vertex -20.8836 40.9863 2
      vertex -18.7099 42.0231 2
    endloop
  endfacet
  facet normal -0.20085 -0.678107 -0.706987
    outer loop
      vertex -11.388 -42.5007 0
      vertex -14.2148 -43.7486 2
      vertex -13.5967 -41.8465 0
    endloop
  endfacet
  facet normal 0.369527 -0.603015 -0.706981
    outer loop
      vertex 25.0534 -38.5788 2
      vertex 22 -38.1051 0
      vertex 23.9641 -36.9015 0
    endloop
  endfacet
  facet normal -0.705056 -0.0554781 -0.706978
    outer loop
      vertex -43.759 -4.59925 0
      vertex -45.748 -4.80831 2
      vertex -43.9397 -2.30278 0
    endloop
  endfacet
  facet normal -0.701187 -0.0923004 -0.706978
    outer loop
      vertex -45.4337 -7.19598 2
      vertex -45.748 -4.80831 2
      vertex -43.759 -4.59925 0
    endloop
  endfacet
  facet normal -0.653393 0.270637 -0.706989
    outer loop
      vertex -40.196 17.8964 0
      vertex -42.9447 16.4849 2
      vertex -42.0231 18.7099 2
    endloop
  endfacet
  facet normal -0.602995 0.369538 -0.706993
    outer loop
      vertex -38.1051 22 0
      vertex -39.8372 23 2
      vertex -38.5788 25.0534 2
    endloop
  endfacet
  facet normal -0.603015 0.369527 -0.706981
    outer loop
      vertex -38.1051 22 0
      vertex -38.5788 25.0534 2
      vertex -36.9015 23.9641 0
    endloop
  endfacet
  facet normal -0.20085 0.678107 -0.706987
    outer loop
      vertex -13.5967 41.8465 0
      vertex -14.2148 43.7486 2
      vertex -11.388 42.5007 0
    endloop
  endfacet
  facet normal -0.513011 0.486823 -0.706982
    outer loop
      vertex -31.1127 31.1127 0
      vertex -32.6984 29.4417 0
      vertex -32.5269 32.5269 2
    endloop
  endfacet
  facet normal -0.400568 0.582849 -0.706988
    outer loop
      vertex -25.8626 35.5967 0
      vertex -27.0381 37.2148 2
      vertex -25.0534 38.5788 2
    endloop
  endfacet
  facet normal 0.400568 0.582849 -0.706988
    outer loop
      vertex 25.8626 35.5967 0
      vertex 25.0534 38.5788 2
      vertex 27.0381 37.2148 2
    endloop
  endfacet
  facet normal 0.678092 0.200864 -0.706997
    outer loop
      vertex 44.4326 11.9057 2
      vertex 42.5007 11.388 0
      vertex 43.7486 14.2148 2
    endloop
  endfacet
  facet normal 0.236085 0.666655 -0.70699
    outer loop
      vertex 15.7682 41.0775 0
      vertex 13.5967 41.8465 0
      vertex 16.4849 42.9447 2
    endloop
  endfacet
  facet normal -0.582849 -0.40058 -0.706982
    outer loop
      vertex -35.5967 -25.8626 0
      vertex -38.5788 -25.0534 2
      vertex -36.9015 -23.9641 0
    endloop
  endfacet
  facet normal 0.128889 0.695383 -0.706987
    outer loop
      vertex 9.14811 43.0385 0
      vertex 7.19598 45.4337 2
      vertex 9.56394 44.9948 2
    endloop
  endfacet
  facet normal -0.0185009 0.706986 -0.706986
    outer loop
      vertex 0 44 0
      vertex -2.40745 45.937 2
      vertex 0 46 2
    endloop
  endfacet
  facet normal 0.20085 0.678107 -0.706987
    outer loop
      vertex 13.5967 41.8465 0
      vertex 11.388 42.5007 0
      vertex 14.2148 43.7486 2
    endloop
  endfacet
  facet normal 0.603015 0.369527 -0.706981
    outer loop
      vertex 38.1051 22 0
      vertex 36.9015 23.9641 0
      vertex 38.5788 25.0534 2
    endloop
  endfacet
  facet normal -0.603015 -0.369527 -0.706981
    outer loop
      vertex -36.9015 -23.9641 0
      vertex -38.5788 -25.0534 2
      vertex -38.1051 -22 0
    endloop
  endfacet
  facet normal 0.200864 0.678092 -0.706997
    outer loop
      vertex 14.2148 43.7486 2
      vertex 11.388 42.5007 0
      vertex 11.9057 44.4326 2
    endloop
  endfacet
  facet normal -0.0554781 0.705056 -0.706978
    outer loop
      vertex -4.59925 43.759 0
      vertex -4.80831 45.748 2
      vertex -2.30278 43.9397 0
    endloop
  endfacet
  facet normal 0.678107 0.20085 -0.706987
    outer loop
      vertex 42.5007 11.388 0
      vertex 41.8465 13.5967 0
      vertex 43.7486 14.2148 2
    endloop
  endfacet
  facet normal 0.43054 -0.561074 -0.706987
    outer loop
      vertex 27.0381 -37.2148 2
      vertex 25.8626 -35.5967 0
      vertex 28.9487 -35.7487 2
    endloop
  endfacet
  facet normal -0.678107 0.20085 -0.706987
    outer loop
      vertex -42.5007 11.388 0
      vertex -43.7486 14.2148 2
      vertex -41.8465 13.5967 0
    endloop
  endfacet
  facet normal 0.165111 0.687673 -0.706997
    outer loop
      vertex 11.388 42.5007 0
      vertex 9.14811 43.0385 0
      vertex 11.9057 44.4326 2
    endloop
  endfacet
  facet normal 0.128884 0.695381 -0.706989
    outer loop
      vertex 9.14811 43.0385 0
      vertex 6.88312 43.4583 0
      vertex 7.19598 45.4337 2
    endloop
  endfacet
  facet normal 0.695383 0.128889 -0.706987
    outer loop
      vertex 45.4337 7.19598 2
      vertex 43.0385 9.14811 0
      vertex 44.9948 9.56394 2
    endloop
  endfacet
  facet normal 0.430537 -0.561083 -0.706982
    outer loop
      vertex 28.9487 -35.7487 2
      vertex 25.8626 -35.5967 0
      vertex 27.6901 -34.1944 0
    endloop
  endfacet
  facet normal -0.128889 0.695383 -0.706987
    outer loop
      vertex -9.14811 43.0385 0
      vertex -9.56394 44.9948 2
      vertex -7.19598 45.4337 2
    endloop
  endfacet
  facet normal -0.236085 0.666655 -0.70699
    outer loop
      vertex -15.7682 41.0775 0
      vertex -16.4849 42.9447 2
      vertex -13.5967 41.8465 0
    endloop
  endfacet
  facet normal -0.270635 0.653393 -0.70699
    outer loop
      vertex -15.7682 41.0775 0
      vertex -17.8964 40.196 0
      vertex -16.4849 42.9447 2
    endloop
  endfacet
  facet normal 0.459303 -0.537777 -0.706991
    outer loop
      vertex 30.78 -34.1847 2
      vertex 27.6901 -34.1944 0
      vertex 29.4417 -32.6984 0
    endloop
  endfacet
  facet normal -0.0923181 -0.701173 -0.70699
    outer loop
      vertex -4.59925 -43.759 0
      vertex -7.19598 -45.4337 2
      vertex -6.88312 -43.4583 0
    endloop
  endfacet
  facet normal -0.337466 0.621512 -0.706993
    outer loop
      vertex -22 38.1051 0
      vertex -23 39.8372 2
      vertex -19.9756 39.2043 0
    endloop
  endfacet
  facet normal -0.537794 -0.459297 -0.706982
    outer loop
      vertex -34.1847 -30.78 2
      vertex -35.7487 -28.9487 2
      vertex -34.1944 -27.6901 0
    endloop
  endfacet
  facet normal -0.236085 -0.666655 -0.70699
    outer loop
      vertex -13.5967 -41.8465 0
      vertex -16.4849 -42.9447 2
      vertex -15.7682 -41.0775 0
    endloop
  endfacet
  facet normal 0.653393 0.270635 -0.70699
    outer loop
      vertex 41.0775 15.7682 0
      vertex 40.196 17.8964 0
      vertex 42.9447 16.4849 2
    endloop
  endfacet
  facet normal -0.304468 -0.638331 -0.706989
    outer loop
      vertex -18.7099 -42.0231 2
      vertex -20.8836 -40.9863 2
      vertex -17.8964 -40.196 0
    endloop
  endfacet
  facet normal 0.486823 0.513011 -0.706982
    outer loop
      vertex 31.1127 31.1127 0
      vertex 29.4417 32.6984 0
      vertex 32.5269 32.5269 2
    endloop
  endfacet
  facet normal 0.165097 0.687687 -0.706987
    outer loop
      vertex 11.9057 44.4326 2
      vertex 9.14811 43.0385 0
      vertex 9.56394 44.9948 2
    endloop
  endfacet
  facet normal -0.400568 -0.582849 -0.706988
    outer loop
      vertex -25.0534 -38.5788 2
      vertex -27.0381 -37.2148 2
      vertex -25.8626 -35.5967 0
    endloop
  endfacet
  facet normal 0.561083 0.430537 -0.706982
    outer loop
      vertex 35.5967 25.8626 0
      vertex 34.1944 27.6901 0
      vertex 35.7487 28.9487 2
    endloop
  endfacet
  facet normal 0.561074 0.43054 -0.706987
    outer loop
      vertex 37.2148 27.0381 2
      vertex 35.5967 25.8626 0
      vertex 35.7487 28.9487 2
    endloop
  endfacet
  facet normal -0.561083 0.430537 -0.706982
    outer loop
      vertex -35.5967 25.8626 0
      vertex -35.7487 28.9487 2
      vertex -34.1944 27.6901 0
    endloop
  endfacet
  facet normal 0.055502 0.70504 -0.706993
    outer loop
      vertex 4.80831 45.748 2
      vertex 2.30278 43.9397 0
      vertex 2.40745 45.937 2
    endloop
  endfacet
  facet normal -0.638337 -0.304463 -0.706985
    outer loop
      vertex -39.2043 -19.9756 0
      vertex -40.9863 -20.8836 2
      vertex -40.196 -17.8964 0
    endloop
  endfacet
  facet normal -0.486823 -0.513011 -0.706982
    outer loop
      vertex -29.4417 -32.6984 0
      vertex -32.5269 -32.5269 2
      vertex -31.1127 -31.1127 0
    endloop
  endfacet
  facet normal -0.513011 -0.486823 -0.706982
    outer loop
      vertex -32.5269 -32.5269 2
      vertex -32.6984 -29.4417 0
      vertex -31.1127 -31.1127 0
    endloop
  endfacet
  facet normal 0.666655 0.236085 -0.70699
    outer loop
      vertex 41.8465 13.5967 0
      vertex 41.0775 15.7682 0
      vertex 42.9447 16.4849 2
    endloop
  endfacet
  facet normal 0.270635 0.653393 -0.70699
    outer loop
      vertex 17.8964 40.196 0
      vertex 15.7682 41.0775 0
      vertex 16.4849 42.9447 2
    endloop
  endfacet
  facet normal 0.705056 0.0554781 -0.706978
    outer loop
      vertex 43.9397 2.30278 0
      vertex 43.759 4.59925 0
      vertex 45.748 4.80831 2
    endloop
  endfacet
  facet normal 0.513011 0.486823 -0.706982
    outer loop
      vertex 32.6984 29.4417 0
      vertex 31.1127 31.1127 0
      vertex 32.5269 32.5269 2
    endloop
  endfacet
  facet normal 0.40058 0.582849 -0.706982
    outer loop
      vertex 25.8626 35.5967 0
      vertex 23.9641 36.9015 0
      vertex 25.0534 38.5788 2
    endloop
  endfacet
  facet normal 0.512993 0.486828 -0.706991
    outer loop
      vertex 32.6984 29.4417 0
      vertex 32.5269 32.5269 2
      vertex 34.1847 30.78 2
    endloop
  endfacet
  facet normal -0.638331 0.304468 -0.706989
    outer loop
      vertex -40.196 17.8964 0
      vertex -42.0231 18.7099 2
      vertex -40.9863 20.8836 2
    endloop
  endfacet
  facet normal -0.621526 0.337458 -0.706985
    outer loop
      vertex -39.2043 19.9756 0
      vertex -40.9863 20.8836 2
      vertex -39.8372 23 2
    endloop
  endfacet
  facet normal 0.621512 0.337466 -0.706993
    outer loop
      vertex 39.2043 19.9756 0
      vertex 38.1051 22 0
      vertex 39.8372 23 2
    endloop
  endfacet
  facet normal -0.459303 -0.537777 -0.706991
    outer loop
      vertex -27.6901 -34.1944 0
      vertex -30.78 -34.1847 2
      vertex -29.4417 -32.6984 0
    endloop
  endfacet
  facet normal -0.582849 -0.400568 -0.706988
    outer loop
      vertex -37.2148 -27.0381 2
      vertex -38.5788 -25.0534 2
      vertex -35.5967 -25.8626 0
    endloop
  endfacet
  facet normal -0.369538 0.602995 -0.706993
    outer loop
      vertex -22 38.1051 0
      vertex -25.0534 38.5788 2
      vertex -23 39.8372 2
    endloop
  endfacet
  facet normal -0.459297 -0.537794 -0.706982
    outer loop
      vertex -28.9487 -35.7487 2
      vertex -30.78 -34.1847 2
      vertex -27.6901 -34.1944 0
    endloop
  endfacet
  facet normal -0.430537 -0.561083 -0.706982
    outer loop
      vertex -25.8626 -35.5967 0
      vertex -28.9487 -35.7487 2
      vertex -27.6901 -34.1944 0
    endloop
  endfacet
  facet normal 0.337466 0.621512 -0.706993
    outer loop
      vertex 22 38.1051 0
      vertex 19.9756 39.2043 0
      vertex 23 39.8372 2
    endloop
  endfacet
  facet normal -0.369527 -0.603015 -0.706981
    outer loop
      vertex -22 -38.1051 0
      vertex -25.0534 -38.5788 2
      vertex -23.9641 -36.9015 0
    endloop
  endfacet
  facet normal -0.621512 0.337466 -0.706993
    outer loop
      vertex -39.2043 19.9756 0
      vertex -39.8372 23 2
      vertex -38.1051 22 0
    endloop
  endfacet
  facet normal 0.695381 0.128884 -0.706989
    outer loop
      vertex 43.4583 6.88312 0
      vertex 43.0385 9.14811 0
      vertex 45.4337 7.19598 2
    endloop
  endfacet
  facet normal -0.537777 0.459303 -0.706991
    outer loop
      vertex -32.6984 29.4417 0
      vertex -34.1944 27.6901 0
      vertex -34.1847 30.78 2
    endloop
  endfacet
  facet normal -0.486823 0.513011 -0.706982
    outer loop
      vertex -31.1127 31.1127 0
      vertex -32.5269 32.5269 2
      vertex -29.4417 32.6984 0
    endloop
  endfacet
  facet normal -0.337466 -0.621512 -0.706993
    outer loop
      vertex -19.9756 -39.2043 0
      vertex -23 -39.8372 2
      vertex -22 -38.1051 0
    endloop
  endfacet
  facet normal 0.666659 0.236081 -0.706987
    outer loop
      vertex 43.7486 14.2148 2
      vertex 41.8465 13.5967 0
      vertex 42.9447 16.4849 2
    endloop
  endfacet
  facet normal 0.70504 0.055502 -0.706993
    outer loop
      vertex 45.937 2.40745 2
      vertex 43.9397 2.30278 0
      vertex 45.748 4.80831 2
    endloop
  endfacet
  facet normal 0 0 -1
    outer loop
      vertex 43.9397 -2.30278 0
      vertex 43.9397 2.30278 0
      vertex 44 0 0
    endloop
  endfacet
  facet normal 0 0 -1
    outer loop
      vertex 43.759 -4.59925 0
      vertex 43.9397 2.30278 0
      vertex 43.9397 -2.30278 0
    endloop
  endfacet
  facet normal 0 0 -1
    outer loop
      vertex 43.759 -4.59925 0
      vertex 43.759 4.59925 0
      vertex 43.9397 2.30278 0
    endloop
  endfacet
  facet normal 0 0 -1
    outer loop
      vertex 43.4583 -6.88312 0
      vertex 43.759 4.59925 0
      vertex 43.759 -4.59925 0
    endloop
  endfacet
  facet normal 0 0 -1
    outer loop
      vertex 43.4583 -6.88312 0
      vertex 43.4583 6.88312 0
      vertex 43.759 4.59925 0
    endloop
  endfacet
  facet normal 0 0 -1
    outer loop
      vertex 43.0385 -9.14811 0
      vertex 43.4583 6.88312 0
      vertex 43.4583 -6.88312 0
    endloop
  endfacet
  facet normal 0 0 -1
    outer loop
      vertex 43.0385 -9.14811 0
      vertex 43.0385 9.14811 0
      vertex 43.4583 6.88312 0
    endloop
  endfacet
  facet normal 0 0 -1
    outer loop
      vertex 42.5007 -11.388 0
      vertex 43.0385 9.14811 0
      vertex 43.0385 -9.14811 0
    endloop
  endfacet
  facet normal 0 0 -1
    outer loop
      vertex 42.5007 -11.388 0
      vertex 42.5007 11.388 0
      vertex 43.0385 9.14811 0
    endloop
  endfacet
  facet normal 0 0 -1
    outer loop
      vertex 41.8465 -13.5967 0
      vertex 42.5007 11.388 0
      vertex 42.5007 -11.388 0
    endloop
  endfacet
  facet normal 0 0 -1
    outer loop
      vertex 41.8465 -13.5967 0
      vertex 41.8465 13.5967 0
      vertex 42.5007 11.388 0
    endloop
  endfacet
  facet normal 0 0 -1
    outer loop
      vertex 41.0775 -15.7682 0
      vertex 41.8465 13.5967 0
      vertex 41.8465 -13.5967 0
    endloop
  endfacet
  facet normal 0 0 -1
    outer loop
      vertex 41.0775 -15.7682 0
      vertex 41.0775 15.7682 0
      vertex 41.8465 13.5967 0
    endloop
  endfacet
  facet normal 0 0 -1
    outer loop
      vertex 40.196 -17.8964 0
      vertex 41.0775 15.7682 0
      vertex 41.0775 -15.7682 0
    endloop
  endfacet
  facet normal 0 0 -1
    outer loop
      vertex 40.196 -17.8964 0
      vertex 40.196 17.8964 0
      vertex 41.0775 15.7682 0
    endloop
  endfacet
  facet normal 0 0 -1
    outer loop
      vertex 39.2043 -19.9756 0
      vertex 40.196 17.8964 0
      vertex 40.196 -17.8964 0
    endloop
  endfacet
  facet normal 0 0 -1
    outer loop
      vertex 39.2043 -19.9756 0
      vertex 39.2043 19.9756 0
      vertex 40.196 17.8964 0
    endloop
  endfacet
  facet normal 0 0 -1
    outer loop
      vertex 38.1051 -22 0
      vertex 39.2043 19.9756 0
      vertex 39.2043 -19.9756 0
    endloop
  endfacet
  facet normal 0 0 -1
    outer loop
      vertex 38.1051 -22 0
      vertex 38.1051 22 0
      vertex 39.2043 19.9756 0
    endloop
  endfacet
  facet normal 0 0 -1
    outer loop
      vertex 36.9015 -23.9641 0
      vertex 38.1051 22 0
      vertex 38.1051 -22 0
    endloop
  endfacet
  facet normal 0 0 -1
    outer loop
      vertex 36.9015 -23.9641 0
      vertex 36.9015 23.9641 0
      vertex 38.1051 22 0
    endloop
  endfacet
  facet normal 0 0 -1
    outer loop
      vertex 35.5967 -25.8626 0
      vertex 36.9015 23.9641 0
      vertex 36.9015 -23.9641 0
    endloop
  endfacet
  facet normal 0 0 -1
    outer loop
      vertex 35.5967 -25.8626 0
      vertex 35.5967 25.8626 0
      vertex 36.9015 23.9641 0
    endloop
  endfacet
  facet normal 0 0 -1
    outer loop
      vertex 34.1944 -27.6901 0
      vertex 35.5967 25.8626 0
      vertex 35.5967 -25.8626 0
    endloop
  endfacet
  facet normal 0 0 -1
    outer loop
      vertex 34.1944 -27.6901 0
      vertex 34.1944 27.6901 0
      vertex 35.5967 25.8626 0
    endloop
  endfacet
  facet normal 0 0 -1
    outer loop
      vertex 32.6984 -29.4417 0
      vertex 34.1944 27.6901 0
      vertex 34.1944 -27.6901 0
    endloop
  endfacet
  facet normal 0 0 -1
    outer loop
      vertex 32.6984 -29.4417 0
      vertex 32.6984 29.4417 0
      vertex 34.1944 27.6901 0
    endloop
  endfacet
  facet normal 0 0 -1
    outer loop
      vertex 31.1127 -31.1127 0
      vertex 32.6984 29.4417 0
      vertex 32.6984 -29.4417 0
    endloop
  endfacet
  facet normal 0 0 -1
    outer loop
      vertex 31.1127 -31.1127 0
      vertex 31.1127 31.1127 0
      vertex 32.6984 29.4417 0
    endloop
  endfacet
  facet normal 0 0 -1
    outer loop
      vertex 29.4417 -32.6984 0
      vertex 31.1127 31.1127 0
      vertex 31.1127 -31.1127 0
    endloop
  endfacet
  facet normal 0 0 -1
    outer loop
      vertex 29.4417 -32.6984 0
      vertex 29.4417 32.6984 0
      vertex 31.1127 31.1127 0
    endloop
  endfacet
  facet normal 0 0 -1
    outer loop
      vertex 27.6901 -34.1944 0
      vertex 29.4417 32.6984 0
      vertex 29.4417 -32.6984 0
    endloop
  endfacet
  facet normal 0 0 -1
    outer loop
      vertex 27.6901 -34.1944 0
      vertex 27.6901 34.1944 0
      vertex 29.4417 32.6984 0
    endloop
  endfacet
  facet normal 0 0 -1
    outer loop
      vertex 25.8626 -35.5967 0
      vertex 27.6901 34.1944 0
      vertex 27.6901 -34.1944 0
    endloop
  endfacet
  facet normal 0 0 -1
    outer loop
      vertex 25.8626 -35.5967 0
      vertex 25.8626 35.5967 0
      vertex 27.6901 34.1944 0
    endloop
  endfacet
  facet normal 0 0 -1
    outer loop
      vertex 23.9641 -36.9015 0
      vertex 25.8626 35.5967 0
      vertex 25.8626 -35.5967 0
    endloop
  endfacet
  facet normal 0 0 -1
    outer loop
      vertex 23.9641 -36.9015 0
      vertex 23.9641 36.9015 0
      vertex 25.8626 35.5967 0
    endloop
  endfacet
  facet normal 0 0 -1
    outer loop
      vertex 22 -38.1051 0
      vertex 23.9641 36.9015 0
      vertex 23.9641 -36.9015 0
    endloop
  endfacet
  facet normal 0 0 -1
    outer loop
      vertex 22 -38.1051 0
      vertex 22 38.1051 0
      vertex 23.9641 36.9015 0
    endloop
  endfacet
  facet normal 0 0 -1
    outer loop
      vertex 19.9756 -39.2043 0
      vertex 22 38.1051 0
      vertex 22 -38.1051 0
    endloop
  endfacet
  facet normal 0 0 -1
    outer loop
      vertex 19.9756 -39.2043 0
      vertex 19.9756 39.2043 0
      vertex 22 38.1051 0
    endloop
  endfacet
  facet normal 0 0 -1
    outer loop
      vertex 17.8964 -40.196 0
      vertex 19.9756 39.2043 0
      vertex 19.9756 -39.2043 0
    endloop
  endfacet
  facet normal 0 0 -1
    outer loop
      vertex 17.8964 -40.196 0
      vertex 17.8964 40.196 0
      vertex 19.9756 39.2043 0
    endloop
  endfacet
  facet normal 0 0 -1
    outer loop
      vertex 15.7682 -41.0775 0
      vertex 17.8964 40.196 0
      vertex 17.8964 -40.196 0
    endloop
  endfacet
  facet normal 0 0 -1
    outer loop
      vertex 15.7682 -41.0775 0
      vertex 15.7682 41.0775 0
      vertex 17.8964 40.196 0
    endloop
  endfacet
  facet normal 0 0 -1
    outer loop
      vertex 13.5967 -41.8465 0
      vertex 15.7682 41.0775 0
      vertex 15.7682 -41.0775 0
    endloop
  endfacet
  facet normal 0 0 -1
    outer loop
      vertex 13.5967 -41.8465 0
      vertex 13.5967 41.8465 0
      vertex 15.7682 41.0775 0
    endloop
  endfacet
  facet normal 0 0 -1
    outer loop
      vertex 11.388 -42.5007 0
      vertex 13.5967 41.8465 0
      vertex 13.5967 -41.8465 0
    endloop
  endfacet
  facet normal 0 0 -1
    outer loop
      vertex 11.388 -42.5007 0
      vertex 11.388 42.5007 0
      vertex 13.5967 41.8465 0
    endloop
  endfacet
  facet normal 0 0 -1
    outer loop
      vertex 9.14811 -43.0385 0
      vertex 11.388 42.5007 0
      vertex 11.388 -42.5007 0
    endloop
  endfacet
  facet normal 0 0 -1
    outer loop
      vertex 9.14811 -43.0385 0
      vertex 9.14811 43.0385 0
      vertex 11.388 42.5007 0
    endloop
  endfacet
  facet normal 0 0 -1
    outer loop
      vertex 6.88312 -43.4583 0
      vertex 9.14811 43.0385 0
      vertex 9.14811 -43.0385 0
    endloop
  endfacet
  facet normal 0 0 -1
    outer loop
      vertex 6.88312 -43.4583 0
      vertex 6.88312 43.4583 0
      vertex 9.14811 43.0385 0
    endloop
  endfacet
  facet normal 0 0 -1
    outer loop
      vertex 4.59925 -43.759 0
      vertex 6.88312 43.4583 0
      vertex 6.88312 -43.4583 0
    endloop
  endfacet
  facet normal 0 0 -1
    outer loop
      vertex 4.59925 -43.759 0
      vertex 4.59925 43.759 0
      vertex 6.88312 43.4583 0
    endloop
  endfacet
  facet normal 0 0 -1
    outer loop
      vertex 2.30278 -43.9397 0
      vertex 4.59925 43.759 0
      vertex 4.59925 -43.759 0
    endloop
  endfacet
  facet normal 0 0 -1
    outer loop
      vertex 2.30278 -43.9397 0
      vertex 2.30278 43.9397 0
      vertex 4.59925 43.759 0
    endloop
  endfacet
  facet normal 0 0 -1
    outer loop
      vertex 0 -44 0
      vertex 2.30278 43.9397 0
      vertex 2.30278 -43.9397 0
    endloop
  endfacet
  facet normal 0 0 -1
    outer loop
      vertex 0 -44 0
      vertex 0 44 0
      vertex 2.30278 43.9397 0
    endloop
  endfacet
  facet normal 0 0 -1
    outer loop
      vertex -2.30278 -43.9397 0
      vertex 0 44 0
      vertex 0 -44 0
    endloop
  endfacet
  facet normal 0 0 -1
    outer loop
      vertex -2.30278 -43.9397 0
      vertex -2.30278 43.9397 0
      vertex 0 44 0
    endloop
  endfacet
  facet normal 0 0 -1
    outer loop
      vertex -4.59925 -43.759 0
      vertex -2.30278 43.9397 0
      vertex -2.30278 -43.9397 0
    endloop
  endfacet
  facet normal 0 0 -1
    outer loop
      vertex -4.59925 -43.759 0
      vertex -4.59925 43.759 0
      vertex -2.30278 43.9397 0
    endloop
  endfacet
  facet normal 0 0 -1
    outer loop
      vertex -6.88312 -43.4583 0
      vertex -4.59925 43.759 0
      vertex -4.59925 -43.759 0
    endloop
  endfacet
  facet normal 0 0 -1
    outer loop
      vertex -6.88312 -43.4583 0
      vertex -6.88312 43.4583 0
      vertex -4.59925 43.759 0
    endloop
  endfacet
  facet normal 0 0 -1
    outer loop
      vertex -9.14811 -43.0385 0
      vertex -6.88312 43.4583 0
      vertex -6.88312 -43.4583 0
    endloop
  endfacet
  facet normal 0 0 -1
    outer loop
      vertex -9.14811 -43.0385 0
      vertex -9.14811 43.0385 0
      vertex -6.88312 43.4583 0
    endloop
  endfacet
  facet normal 0 0 -1
    outer loop
      vertex -11.388 -42.5007 0
      vertex -9.14811 43.0385 0
      vertex -9.14811 -43.0385 0
    endloop
  endfacet
  facet normal 0 0 -1
    outer loop
      vertex -11.388 -42.5007 0
      vertex -11.388 42.5007 0
      vertex -9.14811 43.0385 0
    endloop
  endfacet
  facet normal 0 0 -1
    outer loop
      vertex -13.5967 -41.8465 0
      vertex -11.388 42.5007 0
      vertex -11.388 -42.5007 0
    endloop
  endfacet
  facet normal 0 0 -1
    outer loop
      vertex -13.5967 -41.8465 0
      vertex -13.5967 41.8465 0
      vertex -11.388 42.5007 0
    endloop
  endfacet
  facet normal 0 0 -1
    outer loop
      vertex -15.7682 -41.0775 0
      vertex -13.5967 41.8465 0
      vertex -13.5967 -41.8465 0
    endloop
  endfacet
  facet normal 0 0 -1
    outer loop
      vertex -15.7682 -41.0775 0
      vertex -15.7682 41.0775 0
      vertex -13.5967 41.8465 0
    endloop
  endfacet
  facet normal 0 0 -1
    outer loop
      vertex -17.8964 -40.196 0
      vertex -15.7682 41.0775 0
      vertex -15.7682 -41.0775 0
    endloop
  endfacet
  facet normal 0 0 -1
    outer loop
      vertex -17.8964 -40.196 0
      vertex -17.8964 40.196 0
      vertex -15.7682 41.0775 0
    endloop
  endfacet
  facet normal 0 0 -1
    outer loop
      vertex -19.9756 -39.2043 0
      vertex -17.8964 40.196 0
      vertex -17.8964 -40.196 0
    endloop
  endfacet
  facet normal 0 0 -1
    outer loop
      vertex -19.9756 -39.2043 0
      vertex -19.9756 39.2043 0
      vertex -17.8964 40.196 0
    endloop
  endfacet
  facet normal 0 0 -1
    outer loop
      vertex -22 -38.1051 0
      vertex -19.9756 39.2043 0
      vertex -19.9756 -39.2043 0
    endloop
  endfacet
  facet normal 0 0 -1
    outer loop
      vertex -22 -38.1051 0
      vertex -22 38.1051 0
      vertex -19.9756 39.2043 0
    endloop
  endfacet
  facet normal 0 0 -1
    outer loop
      vertex -23.9641 -36.9015 0
      vertex -22 38.1051 0
      vertex -22 -38.1051 0
    endloop
  endfacet
  facet normal 0 0 -1
    outer loop
      vertex -23.9641 -36.9015 0
      vertex -23.9641 36.9015 0
      vertex -22 38.1051 0
    endloop
  endfacet
  facet normal 0 0 -1
    outer loop
      vertex -25.8626 -35.5967 0
      vertex -23.9641 36.9015 0
      vertex -23.9641 -36.9015 0
    endloop
  endfacet
  facet normal 0 0 -1
    outer loop
      vertex -25.8626 -35.5967 0
      vertex -25.8626 35.5967 0
      vertex -23.9641 36.9015 0
    endloop
  endfacet
  facet normal 0 0 -1
    outer loop
      vertex -27.6901 -34.1944 0
      vertex -25.8626 35.5967 0
      vertex -25.8626 -35.5967 0
    endloop
  endfacet
  facet normal 0 0 -1
    outer loop
      vertex -27.6901 -34.1944 0
      vertex -27.6901 34.1944 0
      vertex -25.8626 35.5967 0
    endloop
  endfacet
  facet normal 0 0 -1
    outer loop
      vertex -29.4417 -32.6984 0
      vertex -27.6901 34.1944 0
      vertex -27.6901 -34.1944 0
    endloop
  endfacet
  facet normal 0 0 -1
    outer loop
      vertex -29.4417 -32.6984 0
      vertex -29.4417 32.6984 0
      vertex -27.6901 34.1944 0
    endloop
  endfacet
  facet normal 0 0 -1
    outer loop
      vertex -31.1127 -31.1127 0
      vertex -29.4417 32.6984 0
      vertex -29.4417 -32.6984 0
    endloop
  endfacet
  facet normal 0 0 -1
    outer loop
      vertex -31.1127 -31.1127 0
      vertex -31.1127 31.1127 0
      vertex -29.4417 32.6984 0
    endloop
  endfacet
  facet normal 0 0 -1
    outer loop
      vertex -32.6984 -29.4417 0
      vertex -31.1127 31.1127 0
      vertex -31.1127 -31.1127 0
    endloop
  endfacet
  facet normal 0 0 -1
    outer loop
      vertex -32.6984 -29.4417 0
      vertex -32.6984 29.4417 0
      vertex -31.1127 31.1127 0
    endloop
  endfacet
  facet normal 0 0 -1
    outer loop
      vertex -34.1944 -27.6901 0
      vertex -32.6984 29.4417 0
      vertex -32.6984 -29.4417 0
    endloop
  endfacet
  facet normal 0 0 -1
    outer loop
      vertex -34.1944 -27.6901 0
      vertex -34.1944 27.6901 0
      vertex -32.6984 29.4417 0
    endloop
  endfacet
  facet normal 0 0 -1
    outer loop
      vertex -35.5967 -25.8626 0
      vertex -34.1944 27.6901 0
      vertex -34.1944 -27.6901 0
    endloop
  endfacet
  facet normal 0 0 -1
    outer loop
      vertex -35.5967 -25.8626 0
      vertex -35.5967 25.8626 0
      vertex -34.1944 27.6901 0
    endloop
  endfacet
  facet normal 0 0 -1
    outer loop
      vertex -36.9015 -23.9641 0
      vertex -35.5967 25.8626 0
      vertex -35.5967 -25.8626 0
    endloop
  endfacet
  facet normal 0 0 -1
    outer loop
      vertex -36.9015 -23.9641 0
      vertex -36.9015 23.9641 0
      vertex -35.5967 25.8626 0
    endloop
  endfacet
  facet normal 0 0 -1
    outer loop
      vertex -38.1051 -22 0
      vertex -36.9015 23.9641 0
      vertex -36.9015 -23.9641 0
    endloop
  endfacet
  facet normal 0 0 -1
    outer loop
      vertex -38.1051 -22 0
      vertex -38.1051 22 0
      vertex -36.9015 23.9641 0
    endloop
  endfacet
  facet normal 0 0 -1
    outer loop
      vertex -39.2043 -19.9756 0
      vertex -38.1051 22 0
      vertex -38.1051 -22 0
    endloop
  endfacet
  facet normal 0 0 -1
    outer loop
      vertex -39.2043 -19.9756 0
      vertex -39.2043 19.9756 0
      vertex -38.1051 22 0
    endloop
  endfacet
  facet normal 0 0 -1
    outer loop
      vertex -40.196 -17.8964 0
      vertex -39.2043 19.9756 0
      vertex -39.2043 -19.9756 0
    endloop
  endfacet
  facet normal 0 0 -1
    outer loop
      vertex -40.196 -17.8964 0
      vertex -40.196 17.8964 0
      vertex -39.2043 19.9756 0
    endloop
  endfacet
  facet normal 0 0 -1
    outer loop
      vertex -41.0775 -15.7682 0
      vertex -40.196 17.8964 0
      vertex -40.196 -17.8964 0
    endloop
  endfacet
  facet normal 0 0 -1
    outer loop
      vertex -41.0775 -15.7682 0
      vertex -41.0775 15.7682 0
      vertex -40.196 17.8964 0
    endloop
  endfacet
  facet normal 0 0 -1
    outer loop
      vertex -41.8465 -13.5967 0
      vertex -41.0775 15.7682 0
      vertex -41.0775 -15.7682 0
    endloop
  endfacet
  facet normal 0 0 -1
    outer loop
      vertex -41.8465 -13.5967 0
      vertex -41.8465 13.5967 0
      vertex -41.0775 15.7682 0
    endloop
  endfacet
  facet normal 0 0 -1
    outer loop
      vertex -42.5007 -11.388 0
      vertex -41.8465 13.5967 0
      vertex -41.8465 -13.5967 0
    endloop
  endfacet
  facet normal 0 0 -1
    outer loop
      vertex -42.5007 -11.388 0
      vertex -42.5007 11.388 0
      vertex -41.8465 13.5967 0
    endloop
  endfacet
  facet normal 0 0 -1
    outer loop
      vertex -43.0385 -9.14811 0
      vertex -42.5007 11.388 0
      vertex -42.5007 -11.388 0
    endloop
  endfacet
  facet normal 0 0 -1
    outer loop
      vertex -43.0385 -9.14811 0
      vertex -43.0385 9.14811 0
      vertex -42.5007 11.388 0
    endloop
  endfacet
  facet normal 0 0 -1
    outer loop
      vertex -43.4583 -6.88312 0
      vertex -43.0385 9.14811 0
      vertex -43.0385 -9.14811 0
    endloop
  endfacet
  facet normal 0 0 -1
    outer loop
      vertex -43.4583 -6.88312 0
      vertex -43.4583 6.88312 0
      vertex -43.0385 9.14811 0
    endloop
  endfacet
  facet normal 0 0 -1
    outer loop
      vertex -43.759 -4.59925 0
      vertex -43.4583 6.88312 0
      vertex -43.4583 -6.88312 0
    endloop
  endfacet
  facet normal 0 0 -1
    outer loop
      vertex -43.759 -4.59925 0
      vertex -43.759 4.59925 0
      vertex -43.4583 6.88312 0
    endloop
  endfacet
  facet normal 0 0 -1
    outer loop
      vertex -43.9397 -2.30278 0
      vertex -43.759 4.59925 0
      vertex -43.759 -4.59925 0
    endloop
  endfacet
  facet normal 0 0 -1
    outer loop
      vertex -43.9397 -2.30278 0
      vertex -43.9397 2.30278 0
      vertex -43.759 4.59925 0
    endloop
  endfacet
  facet normal 0 -0 -1
    outer loop
      vertex -43.9397 2.30278 0
      vertex -43.9397 -2.30278 0
      vertex -44 0 0
    endloop
  endfacet
  facet normal -0.602995 -0.369538 -0.706993
    outer loop
      vertex -38.5788 -25.0534 2
      vertex -39.8372 -23 2
      vertex -38.1051 -22 0
    endloop
  endfacet
  facet normal -0.337458 -0.621526 -0.706985
    outer loop
      vertex -20.8836 -40.9863 2
      vertex -23 -39.8372 2
      vertex -19.9756 -39.2043 0
    endloop
  endfacet
  facet normal -0.304463 -0.638337 -0.706985
    outer loop
      vertex -17.8964 -40.196 0
      vertex -20.8836 -40.9863 2
      vertex -19.9756 -39.2043 0
    endloop
  endfacet
  facet normal 0.701187 0.0923004 -0.706978
    outer loop
      vertex 45.748 4.80831 2
      vertex 43.759 4.59925 0
      vertex 45.4337 7.19598 2
    endloop
  endfacet
  facet normal -0.430537 0.561083 -0.706982
    outer loop
      vertex -27.6901 34.1944 0
      vertex -28.9487 35.7487 2
      vertex -25.8626 35.5967 0
    endloop
  endfacet
  facet normal -0.459297 0.537794 -0.706982
    outer loop
      vertex -27.6901 34.1944 0
      vertex -30.78 34.1847 2
      vertex -28.9487 35.7487 2
    endloop
  endfacet
  facet normal 0.996916 0.078479 0
    outer loop
      vertex 45.937 2.40745 12
      vertex 45.748 4.80831 2
      vertex 45.748 4.80831 12
    endloop
  endfacet
  facet normal 0.996916 0.078479 0
    outer loop
      vertex 45.748 4.80831 2
      vertex 45.937 2.40745 12
      vertex 45.937 2.40745 2
    endloop
  endfacet
  facet normal 0.999658 0.0261598 0
    outer loop
      vertex 46 0 12
      vertex 45.937 2.40745 2
      vertex 45.937 2.40745 12
    endloop
  endfacet
  facet normal 0.999658 0.0261598 0
    outer loop
      vertex 45.937 2.40745 2
      vertex 46 0 12
      vertex 46 0 2
    endloop
  endfacet
  facet normal 0.991447 0.130509 0
    outer loop
      vertex 45.748 4.80831 12
      vertex 45.4337 7.19598 2
      vertex 45.4337 7.19598 12
    endloop
  endfacet
  facet normal 0.991447 0.130509 0
    outer loop
      vertex 45.4337 7.19598 2
      vertex 45.748 4.80831 12
      vertex 45.748 4.80831 2
    endloop
  endfacet
  facet normal -0.942639 -0.333813 0
    outer loop
      vertex -42.9447 -16.4849 2
      vertex -43.7486 -14.2148 12
      vertex -43.7486 -14.2148 2
    endloop
  endfacet
  facet normal -0.942639 -0.333813 0
    outer loop
      vertex -43.7486 -14.2148 12
      vertex -42.9447 -16.4849 2
      vertex -42.9447 -16.4849 12
    endloop
  endfacet
  facet normal -0.996916 0.078479 0
    outer loop
      vertex -45.937 2.40745 2
      vertex -45.748 4.80831 12
      vertex -45.748 4.80831 2
    endloop
  endfacet
  facet normal -0.996916 0.078479 0
    outer loop
      vertex -45.748 4.80831 12
      vertex -45.937 2.40745 2
      vertex -45.937 2.40745 12
    endloop
  endfacet
  facet normal 0.878819 -0.477155 0
    outer loop
      vertex 39.8372 -23 12
      vertex 40.9863 -20.8836 2
      vertex 40.9863 -20.8836 12
    endloop
  endfacet
  facet normal 0.878819 -0.477155 0
    outer loop
      vertex 40.9863 -20.8836 2
      vertex 39.8372 -23 12
      vertex 39.8372 -23 2
    endloop
  endfacet
  facet normal 0.130509 0.991447 -0
    outer loop
      vertex 7.19598 45.4337 2
      vertex 4.80831 45.748 12
      vertex 7.19598 45.4337 12
    endloop
  endfacet
  facet normal 0.130509 0.991447 0
    outer loop
      vertex 4.80831 45.748 12
      vertex 7.19598 45.4337 2
      vertex 4.80831 45.748 2
    endloop
  endfacet
  facet normal -0.972371 0.233443 0
    outer loop
      vertex -44.9948 9.56394 2
      vertex -44.4326 11.9057 12
      vertex -44.4326 11.9057 2
    endloop
  endfacet
  facet normal -0.972371 0.233443 0
    outer loop
      vertex -44.4326 11.9057 12
      vertex -44.9948 9.56394 2
      vertex -44.9948 9.56394 12
    endloop
  endfacet
  facet normal 0.566393 0.824135 -0
    outer loop
      vertex 27.0381 37.2148 2
      vertex 25.0534 38.5788 12
      vertex 27.0381 37.2148 12
    endloop
  endfacet
  facet normal 0.566393 0.824135 0
    outer loop
      vertex 25.0534 38.5788 12
      vertex 27.0381 37.2148 2
      vertex 25.0534 38.5788 2
    endloop
  endfacet
  facet normal -0.522521 0.852626 0
    outer loop
      vertex -23 39.8372 2
      vertex -25.0534 38.5788 12
      vertex -23 39.8372 12
    endloop
  endfacet
  facet normal -0.522521 0.852626 0
    outer loop
      vertex -25.0534 38.5788 12
      vertex -23 39.8372 2
      vertex -25.0534 38.5788 2
    endloop
  endfacet
  facet normal 0.130509 -0.991447 0
    outer loop
      vertex 4.80831 -45.748 2
      vertex 7.19598 -45.4337 12
      vertex 4.80831 -45.748 12
    endloop
  endfacet
  facet normal 0.130509 -0.991447 0
    outer loop
      vertex 7.19598 -45.4337 12
      vertex 4.80831 -45.748 2
      vertex 7.19598 -45.4337 2
    endloop
  endfacet
  facet normal 0.972371 -0.233443 0
    outer loop
      vertex 44.4326 -11.9057 12
      vertex 44.9948 -9.56394 2
      vertex 44.9948 -9.56394 12
    endloop
  endfacet
  facet normal 0.972371 -0.233443 0
    outer loop
      vertex 44.9948 -9.56394 2
      vertex 44.4326 -11.9057 12
      vertex 44.4326 -11.9057 2
    endloop
  endfacet
  facet normal -0.608773 -0.793344 0
    outer loop
      vertex -28.9487 -35.7487 2
      vertex -27.0381 -37.2148 12
      vertex -28.9487 -35.7487 12
    endloop
  endfacet
  facet normal -0.608773 -0.793344 -0
    outer loop
      vertex -27.0381 -37.2148 12
      vertex -28.9487 -35.7487 2
      vertex -27.0381 -37.2148 2
    endloop
  endfacet
  facet normal 0.477155 0.878819 -0
    outer loop
      vertex 23 39.8372 2
      vertex 20.8836 40.9863 12
      vertex 23 39.8372 12
    endloop
  endfacet
  facet normal 0.477155 0.878819 0
    outer loop
      vertex 20.8836 40.9863 12
      vertex 23 39.8372 2
      vertex 20.8836 40.9863 2
    endloop
  endfacet
  facet normal 0.522521 0.852626 -0
    outer loop
      vertex 25.0534 38.5788 2
      vertex 23 39.8372 12
      vertex 25.0534 38.5788 12
    endloop
  endfacet
  facet normal 0.522521 0.852626 0
    outer loop
      vertex 23 39.8372 12
      vertex 25.0534 38.5788 2
      vertex 23 39.8372 2
    endloop
  endfacet
  facet normal 0.608773 0.793344 -0
    outer loop
      vertex 28.9487 35.7487 2
      vertex 27.0381 37.2148 12
      vertex 28.9487 35.7487 12
    endloop
  endfacet
  facet normal 0.608773 0.793344 0
    outer loop
      vertex 27.0381 37.2148 12
      vertex 28.9487 35.7487 2
      vertex 27.0381 37.2148 2
    endloop
  endfacet
  facet normal -0.688366 0.725363 0
    outer loop
      vertex -30.78 34.1847 2
      vertex -32.5269 32.5269 12
      vertex -30.78 34.1847 12
    endloop
  endfacet
  facet normal -0.688366 0.725363 0
    outer loop
      vertex -32.5269 32.5269 12
      vertex -30.78 34.1847 2
      vertex -32.5269 32.5269 2
    endloop
  endfacet
  facet normal 0.333813 -0.942639 0
    outer loop
      vertex 14.2148 -43.7486 2
      vertex 16.4849 -42.9447 12
      vertex 14.2148 -43.7486 12
    endloop
  endfacet
  facet normal 0.333813 -0.942639 0
    outer loop
      vertex 16.4849 -42.9447 12
      vertex 14.2148 -43.7486 2
      vertex 16.4849 -42.9447 2
    endloop
  endfacet
  facet normal 0.0261598 -0.999658 0
    outer loop
      vertex 0 -46 2
      vertex 2.40745 -45.937 8.5
      vertex 0 -46 8.5
    endloop
  endfacet
  facet normal 0.0261598 -0.999658 0
    outer loop
      vertex 2.40745 -45.937 8.5
      vertex 0 -46 2
      vertex 2.40745 -45.937 2
    endloop
  endfacet
  facet normal -0.991447 -0.130509 0
    outer loop
      vertex -45.4337 -7.19598 2
      vertex -45.748 -4.80831 12
      vertex -45.748 -4.80831 2
    endloop
  endfacet
  facet normal -0.991447 -0.130509 0
    outer loop
      vertex -45.748 -4.80831 12
      vertex -45.4337 -7.19598 2
      vertex -45.4337 -7.19598 12
    endloop
  endfacet
  facet normal 0.958818 -0.28402 0
    outer loop
      vertex 43.7486 -14.2148 12
      vertex 44.4326 -11.9057 2
      vertex 44.4326 -11.9057 12
    endloop
  endfacet
  facet normal 0.958818 -0.28402 0
    outer loop
      vertex 44.4326 -11.9057 2
      vertex 43.7486 -14.2148 12
      vertex 43.7486 -14.2148 2
    endloop
  endfacet
  facet normal 0.725363 -0.688366 0
    outer loop
      vertex 32.5269 -32.5269 12
      vertex 34.1847 -30.78 2
      vertex 34.1847 -30.78 12
    endloop
  endfacet
  facet normal 0.725363 -0.688366 0
    outer loop
      vertex 34.1847 -30.78 2
      vertex 32.5269 -32.5269 12
      vertex 32.5269 -32.5269 2
    endloop
  endfacet
  facet normal 0.923883 0.382675 0
    outer loop
      vertex 42.9447 16.4849 12
      vertex 42.0231 18.7099 2
      vertex 42.0231 18.7099 12
    endloop
  endfacet
  facet normal 0.923883 0.382675 0
    outer loop
      vertex 42.0231 18.7099 2
      vertex 42.9447 16.4849 12
      vertex 42.9447 16.4849 2
    endloop
  endfacet
  facet normal 0.999658 -0.0261598 0
    outer loop
      vertex 45.937 -2.40745 12
      vertex 46 0 2
      vertex 46 0 12
    endloop
  endfacet
  facet normal 0.999658 -0.0261598 0
    outer loop
      vertex 46 0 2
      vertex 45.937 -2.40745 12
      vertex 45.937 -2.40745 2
    endloop
  endfacet
  facet normal 0.793344 -0.608773 0
    outer loop
      vertex 35.7487 -28.9487 12
      vertex 37.2148 -27.0381 2
      vertex 37.2148 -27.0381 12
    endloop
  endfacet
  facet normal 0.793344 -0.608773 0
    outer loop
      vertex 37.2148 -27.0381 2
      vertex 35.7487 -28.9487 12
      vertex 35.7487 -28.9487 2
    endloop
  endfacet
  facet normal -0.999658 -0.0261598 0
    outer loop
      vertex -45.937 -2.40745 2
      vertex -46 0 12
      vertex -46 0 2
    endloop
  endfacet
  facet normal -0.999658 -0.0261598 0
    outer loop
      vertex -46 0 12
      vertex -45.937 -2.40745 2
      vertex -45.937 -2.40745 12
    endloop
  endfacet
  facet normal 0.649429 0.760422 -0
    outer loop
      vertex 30.78 34.1847 2
      vertex 28.9487 35.7487 12
      vertex 30.78 34.1847 12
    endloop
  endfacet
  facet normal 0.649429 0.760422 0
    outer loop
      vertex 28.9487 35.7487 12
      vertex 30.78 34.1847 2
      vertex 28.9487 35.7487 2
    endloop
  endfacet
  facet normal 0.852626 0.522521 0
    outer loop
      vertex 39.8372 23 12
      vertex 38.5788 25.0534 2
      vertex 38.5788 25.0534 12
    endloop
  endfacet
  facet normal 0.852626 0.522521 0
    outer loop
      vertex 38.5788 25.0534 2
      vertex 39.8372 23 12
      vertex 39.8372 23 2
    endloop
  endfacet
  facet normal 0.852626 -0.522521 0
    outer loop
      vertex 38.5788 -25.0534 12
      vertex 39.8372 -23 2
      vertex 39.8372 -23 12
    endloop
  endfacet
  facet normal 0.852626 -0.522521 0
    outer loop
      vertex 39.8372 -23 2
      vertex 38.5788 -25.0534 12
      vertex 38.5788 -25.0534 2
    endloop
  endfacet
  facet normal 0.942639 -0.333813 0
    outer loop
      vertex 42.9447 -16.4849 12
      vertex 43.7486 -14.2148 2
      vertex 43.7486 -14.2148 12
    endloop
  endfacet
  facet normal 0.942639 -0.333813 0
    outer loop
      vertex 43.7486 -14.2148 2
      vertex 42.9447 -16.4849 12
      vertex 42.9447 -16.4849 2
    endloop
  endfacet
  facet normal 0.878819 0.477155 0
    outer loop
      vertex 40.9863 20.8836 12
      vertex 39.8372 23 2
      vertex 39.8372 23 12
    endloop
  endfacet
  facet normal 0.878819 0.477155 0
    outer loop
      vertex 39.8372 23 2
      vertex 40.9863 20.8836 12
      vertex 40.9863 20.8836 2
    endloop
  endfacet
  facet normal 0.28402 0.958818 -0
    outer loop
      vertex 14.2148 43.7486 2
      vertex 11.9057 44.4326 12
      vertex 14.2148 43.7486 12
    endloop
  endfacet
  facet normal 0.28402 0.958818 0
    outer loop
      vertex 11.9057 44.4326 12
      vertex 14.2148 43.7486 2
      vertex 11.9057 44.4326 2
    endloop
  endfacet
  facet normal 0.958818 0.28402 0
    outer loop
      vertex 44.4326 11.9057 12
      vertex 43.7486 14.2148 2
      vertex 43.7486 14.2148 12
    endloop
  endfacet
  facet normal 0.958818 0.28402 0
    outer loop
      vertex 43.7486 14.2148 2
      vertex 44.4326 11.9057 12
      vertex 44.4326 11.9057 2
    endloop
  endfacet
  facet normal 0.233443 0.972371 -0
    outer loop
      vertex 11.9057 44.4326 2
      vertex 9.56394 44.9948 12
      vertex 11.9057 44.4326 12
    endloop
  endfacet
  facet normal 0.233443 0.972371 0
    outer loop
      vertex 9.56394 44.9948 12
      vertex 11.9057 44.4326 2
      vertex 9.56394 44.9948 2
    endloop
  endfacet
  facet normal -0.28402 0.958818 0
    outer loop
      vertex -11.9057 44.4326 2
      vertex -14.2148 43.7486 12
      vertex -11.9057 44.4326 12
    endloop
  endfacet
  facet normal -0.28402 0.958818 0
    outer loop
      vertex -14.2148 43.7486 12
      vertex -11.9057 44.4326 2
      vertex -14.2148 43.7486 2
    endloop
  endfacet
  facet normal 0.923883 -0.382675 0
    outer loop
      vertex 42.0231 -18.7099 12
      vertex 42.9447 -16.4849 2
      vertex 42.9447 -16.4849 12
    endloop
  endfacet
  facet normal 0.923883 -0.382675 0
    outer loop
      vertex 42.9447 -16.4849 2
      vertex 42.0231 -18.7099 12
      vertex 42.0231 -18.7099 2
    endloop
  endfacet
  facet normal 0.0261598 0.999658 -0
    outer loop
      vertex 2.40745 45.937 2
      vertex 0 46 12
      vertex 2.40745 45.937 12
    endloop
  endfacet
  facet normal 0.0261598 0.999658 0
    outer loop
      vertex 0 46 12
      vertex 2.40745 45.937 2
      vertex 0 46 2
    endloop
  endfacet
  facet normal 0.902586 0.430511 0
    outer loop
      vertex 42.0231 18.7099 12
      vertex 40.9863 20.8836 2
      vertex 40.9863 20.8836 12
    endloop
  endfacet
  facet normal 0.902586 0.430511 0
    outer loop
      vertex 40.9863 20.8836 2
      vertex 42.0231 18.7099 12
      vertex 42.0231 18.7099 2
    endloop
  endfacet
  facet normal -0.958818 -0.28402 0
    outer loop
      vertex -43.7486 -14.2148 2
      vertex -44.4326 -11.9057 12
      vertex -44.4326 -11.9057 2
    endloop
  endfacet
  facet normal -0.958818 -0.28402 0
    outer loop
      vertex -44.4326 -11.9057 12
      vertex -43.7486 -14.2148 2
      vertex -43.7486 -14.2148 12
    endloop
  endfacet
  facet normal 0.942639 0.333813 0
    outer loop
      vertex 43.7486 14.2148 12
      vertex 42.9447 16.4849 2
      vertex 42.9447 16.4849 12
    endloop
  endfacet
  facet normal 0.942639 0.333813 0
    outer loop
      vertex 42.9447 16.4849 2
      vertex 43.7486 14.2148 12
      vertex 43.7486 14.2148 2
    endloop
  endfacet
  facet normal -0.130509 -0.991447 0
    outer loop
      vertex -7.19598 -45.4337 2
      vertex -4.80831 -45.748 12
      vertex -7.19598 -45.4337 12
    endloop
  endfacet
  facet normal -0.130509 -0.991447 -0
    outer loop
      vertex -4.80831 -45.748 12
      vertex -7.19598 -45.4337 2
      vertex -4.80831 -45.748 2
    endloop
  endfacet
  facet normal 0.688366 -0.725363 0
    outer loop
      vertex 30.78 -34.1847 2
      vertex 32.5269 -32.5269 12
      vertex 30.78 -34.1847 12
    endloop
  endfacet
  facet normal 0.688366 -0.725363 0
    outer loop
      vertex 32.5269 -32.5269 12
      vertex 30.78 -34.1847 2
      vertex 32.5269 -32.5269 2
    endloop
  endfacet
  facet normal 0.991447 -0.130509 0
    outer loop
      vertex 45.4337 -7.19598 12
      vertex 45.748 -4.80831 2
      vertex 45.748 -4.80831 12
    endloop
  endfacet
  facet normal 0.991447 -0.130509 0
    outer loop
      vertex 45.748 -4.80831 2
      vertex 45.4337 -7.19598 12
      vertex 45.4337 -7.19598 2
    endloop
  endfacet
  facet normal -0.725363 -0.688366 0
    outer loop
      vertex -32.5269 -32.5269 2
      vertex -34.1847 -30.78 12
      vertex -34.1847 -30.78 2
    endloop
  endfacet
  facet normal -0.725363 -0.688366 0
    outer loop
      vertex -34.1847 -30.78 12
      vertex -32.5269 -32.5269 2
      vertex -32.5269 -32.5269 12
    endloop
  endfacet
  facet normal -0.182245 -0.983253 0
    outer loop
      vertex -9.56394 -44.9948 2
      vertex -7.19598 -45.4337 12
      vertex -9.56394 -44.9948 12
    endloop
  endfacet
  facet normal -0.182245 -0.983253 -0
    outer loop
      vertex -7.19598 -45.4337 12
      vertex -9.56394 -44.9948 2
      vertex -7.19598 -45.4337 2
    endloop
  endfacet
  facet normal 0.760422 0.649429 0
    outer loop
      vertex 35.7487 28.9487 12
      vertex 34.1847 30.78 2
      vertex 34.1847 30.78 12
    endloop
  endfacet
  facet normal 0.760422 0.649429 0
    outer loop
      vertex 34.1847 30.78 2
      vertex 35.7487 28.9487 12
      vertex 35.7487 28.9487 2
    endloop
  endfacet
  facet normal -0.824135 -0.566393 0
    outer loop
      vertex -37.2148 -27.0381 2
      vertex -38.5788 -25.0534 12
      vertex -38.5788 -25.0534 2
    endloop
  endfacet
  facet normal -0.824135 -0.566393 0
    outer loop
      vertex -38.5788 -25.0534 12
      vertex -37.2148 -27.0381 2
      vertex -37.2148 -27.0381 12
    endloop
  endfacet
  facet normal -0.991447 0.130509 0
    outer loop
      vertex -45.748 4.80831 2
      vertex -45.4337 7.19598 12
      vertex -45.4337 7.19598 2
    endloop
  endfacet
  facet normal -0.991447 0.130509 0
    outer loop
      vertex -45.4337 7.19598 12
      vertex -45.748 4.80831 2
      vertex -45.748 4.80831 12
    endloop
  endfacet
  facet normal -0.852626 0.522521 0
    outer loop
      vertex -39.8372 23 2
      vertex -38.5788 25.0534 12
      vertex -38.5788 25.0534 2
    endloop
  endfacet
  facet normal -0.852626 0.522521 0
    outer loop
      vertex -38.5788 25.0534 12
      vertex -39.8372 23 2
      vertex -39.8372 23 12
    endloop
  endfacet
  facet normal -0.996916 -0.078479 0
    outer loop
      vertex -45.748 -4.80831 2
      vertex -45.937 -2.40745 12
      vertex -45.937 -2.40745 2
    endloop
  endfacet
  facet normal -0.996916 -0.078479 0
    outer loop
      vertex -45.937 -2.40745 12
      vertex -45.748 -4.80831 2
      vertex -45.748 -4.80831 12
    endloop
  endfacet
  facet normal -0.078479 0.996916 0
    outer loop
      vertex -2.40745 45.937 2
      vertex -4.80831 45.748 12
      vertex -2.40745 45.937 12
    endloop
  endfacet
  facet normal -0.078479 0.996916 0
    outer loop
      vertex -4.80831 45.748 12
      vertex -2.40745 45.937 2
      vertex -4.80831 45.748 2
    endloop
  endfacet
  facet normal -0.902586 0.430511 0
    outer loop
      vertex -42.0231 18.7099 2
      vertex -40.9863 20.8836 12
      vertex -40.9863 20.8836 2
    endloop
  endfacet
  facet normal -0.902586 0.430511 0
    outer loop
      vertex -40.9863 20.8836 12
      vertex -42.0231 18.7099 2
      vertex -42.0231 18.7099 12
    endloop
  endfacet
  facet normal -0.0261598 0.999658 0
    outer loop
      vertex 0 46 2
      vertex -2.40745 45.937 12
      vertex 0 46 12
    endloop
  endfacet
  facet normal -0.0261598 0.999658 0
    outer loop
      vertex -2.40745 45.937 12
      vertex 0 46 2
      vertex -2.40745 45.937 2
    endloop
  endfacet
  facet normal -0.333813 -0.942639 0
    outer loop
      vertex -16.4849 -42.9447 2
      vertex -14.2148 -43.7486 12
      vertex -16.4849 -42.9447 12
    endloop
  endfacet
  facet normal -0.333813 -0.942639 -0
    outer loop
      vertex -14.2148 -43.7486 12
      vertex -16.4849 -42.9447 2
      vertex -14.2148 -43.7486 2
    endloop
  endfacet
  facet normal 0.760422 -0.649429 0
    outer loop
      vertex 34.1847 -30.78 12
      vertex 35.7487 -28.9487 2
      vertex 35.7487 -28.9487 12
    endloop
  endfacet
  facet normal 0.760422 -0.649429 0
    outer loop
      vertex 35.7487 -28.9487 2
      vertex 34.1847 -30.78 12
      vertex 34.1847 -30.78 2
    endloop
  endfacet
  facet normal -0.760422 -0.649429 0
    outer loop
      vertex -34.1847 -30.78 2
      vertex -35.7487 -28.9487 12
      vertex -35.7487 -28.9487 2
    endloop
  endfacet
  facet normal -0.760422 -0.649429 0
    outer loop
      vertex -35.7487 -28.9487 12
      vertex -34.1847 -30.78 2
      vertex -34.1847 -30.78 12
    endloop
  endfacet
  facet normal 0.983253 -0.182245 0
    outer loop
      vertex 44.9948 -9.56394 12
      vertex 45.4337 -7.19598 2
      vertex 45.4337 -7.19598 12
    endloop
  endfacet
  facet normal 0.983253 -0.182245 0
    outer loop
      vertex 45.4337 -7.19598 2
      vertex 44.9948 -9.56394 12
      vertex 44.9948 -9.56394 2
    endloop
  endfacet
  facet normal 0.0785683 -0.996909 0
    outer loop
      vertex 2.40745 -45.937 8.5
      vertex 2.40745 -45.937 2
      vertex 3 -45.8903 8.5
    endloop
  endfacet
  facet normal 0.0784497 -0.996918 0
    outer loop
      vertex 3 -45.8903 8.5
      vertex 4.80831 -45.748 12
      vertex 3 -45.8903 12
    endloop
  endfacet
  facet normal 0.078479 -0.996916 8.19043e-06
    outer loop
      vertex 4.80831 -45.748 2
      vertex 3 -45.8903 8.5
      vertex 2.40745 -45.937 2
    endloop
  endfacet
  facet normal 0.0784497 -0.996918 0
    outer loop
      vertex 3 -45.8903 8.5
      vertex 4.80831 -45.748 2
      vertex 4.80831 -45.748 12
    endloop
  endfacet
  facet normal 0.649429 -0.760422 0
    outer loop
      vertex 28.9487 -35.7487 2
      vertex 30.78 -34.1847 12
      vertex 28.9487 -35.7487 12
    endloop
  endfacet
  facet normal 0.649429 -0.760422 0
    outer loop
      vertex 30.78 -34.1847 12
      vertex 28.9487 -35.7487 2
      vertex 30.78 -34.1847 2
    endloop
  endfacet
  facet normal 0.382675 0.923883 -0
    outer loop
      vertex 18.7099 42.0231 2
      vertex 16.4849 42.9447 12
      vertex 18.7099 42.0231 12
    endloop
  endfacet
  facet normal 0.382675 0.923883 0
    outer loop
      vertex 16.4849 42.9447 12
      vertex 18.7099 42.0231 2
      vertex 16.4849 42.9447 2
    endloop
  endfacet
  facet normal -0.958818 0.28402 0
    outer loop
      vertex -44.4326 11.9057 2
      vertex -43.7486 14.2148 12
      vertex -43.7486 14.2148 2
    endloop
  endfacet
  facet normal -0.958818 0.28402 0
    outer loop
      vertex -43.7486 14.2148 12
      vertex -44.4326 11.9057 2
      vertex -44.4326 11.9057 12
    endloop
  endfacet
  facet normal 0.430511 0.902586 -0
    outer loop
      vertex 20.8836 40.9863 2
      vertex 18.7099 42.0231 12
      vertex 20.8836 40.9863 12
    endloop
  endfacet
  facet normal 0.430511 0.902586 0
    outer loop
      vertex 18.7099 42.0231 12
      vertex 20.8836 40.9863 2
      vertex 18.7099 42.0231 2
    endloop
  endfacet
  facet normal 0.793344 0.608773 0
    outer loop
      vertex 37.2148 27.0381 12
      vertex 35.7487 28.9487 2
      vertex 35.7487 28.9487 12
    endloop
  endfacet
  facet normal 0.793344 0.608773 0
    outer loop
      vertex 35.7487 28.9487 2
      vertex 37.2148 27.0381 12
      vertex 37.2148 27.0381 2
    endloop
  endfacet
  facet normal -0.999658 0.0261598 0
    outer loop
      vertex -46 0 2
      vertex -45.937 2.40745 12
      vertex -45.937 2.40745 2
    endloop
  endfacet
  facet normal -0.999658 0.0261598 0
    outer loop
      vertex -45.937 2.40745 12
      vertex -46 0 2
      vertex -46 0 12
    endloop
  endfacet
  facet normal -0.182245 0.983253 0
    outer loop
      vertex -7.19598 45.4337 2
      vertex -9.56394 44.9948 12
      vertex -7.19598 45.4337 12
    endloop
  endfacet
  facet normal -0.182245 0.983253 0
    outer loop
      vertex -9.56394 44.9948 12
      vertex -7.19598 45.4337 2
      vertex -9.56394 44.9948 2
    endloop
  endfacet
  facet normal 0.28402 -0.958818 0
    outer loop
      vertex 11.9057 -44.4326 2
      vertex 14.2148 -43.7486 12
      vertex 11.9057 -44.4326 12
    endloop
  endfacet
  facet normal 0.28402 -0.958818 0
    outer loop
      vertex 14.2148 -43.7486 12
      vertex 11.9057 -44.4326 2
      vertex 14.2148 -43.7486 2
    endloop
  endfacet
  facet normal 0.182245 0.983253 -0
    outer loop
      vertex 9.56394 44.9948 2
      vertex 7.19598 45.4337 12
      vertex 9.56394 44.9948 12
    endloop
  endfacet
  facet normal 0.182245 0.983253 0
    outer loop
      vertex 7.19598 45.4337 12
      vertex 9.56394 44.9948 2
      vertex 7.19598 45.4337 2
    endloop
  endfacet
  facet normal 0.078479 0.996916 -0
    outer loop
      vertex 4.80831 45.748 2
      vertex 2.40745 45.937 12
      vertex 4.80831 45.748 12
    endloop
  endfacet
  facet normal 0.078479 0.996916 0
    outer loop
      vertex 2.40745 45.937 12
      vertex 4.80831 45.748 2
      vertex 2.40745 45.937 2
    endloop
  endfacet
  facet normal -0.130509 0.991447 0
    outer loop
      vertex -4.80831 45.748 2
      vertex -7.19598 45.4337 12
      vertex -4.80831 45.748 12
    endloop
  endfacet
  facet normal -0.130509 0.991447 0
    outer loop
      vertex -7.19598 45.4337 12
      vertex -4.80831 45.748 2
      vertex -7.19598 45.4337 2
    endloop
  endfacet
  facet normal 0.824135 0.566393 0
    outer loop
      vertex 38.5788 25.0534 12
      vertex 37.2148 27.0381 2
      vertex 37.2148 27.0381 12
    endloop
  endfacet
  facet normal 0.824135 0.566393 0
    outer loop
      vertex 37.2148 27.0381 2
      vertex 38.5788 25.0534 12
      vertex 38.5788 25.0534 2
    endloop
  endfacet
  facet normal -0.522521 -0.852626 0
    outer loop
      vertex -25.0534 -38.5788 2
      vertex -23 -39.8372 12
      vertex -25.0534 -38.5788 12
    endloop
  endfacet
  facet normal -0.522521 -0.852626 -0
    outer loop
      vertex -23 -39.8372 12
      vertex -25.0534 -38.5788 2
      vertex -23 -39.8372 2
    endloop
  endfacet
  facet normal 0.382675 -0.923883 0
    outer loop
      vertex 16.4849 -42.9447 2
      vertex 18.7099 -42.0231 12
      vertex 16.4849 -42.9447 12
    endloop
  endfacet
  facet normal 0.382675 -0.923883 0
    outer loop
      vertex 18.7099 -42.0231 12
      vertex 16.4849 -42.9447 2
      vertex 18.7099 -42.0231 2
    endloop
  endfacet
  facet normal 0.996916 -0.078479 0
    outer loop
      vertex 45.748 -4.80831 12
      vertex 45.937 -2.40745 2
      vertex 45.937 -2.40745 12
    endloop
  endfacet
  facet normal 0.996916 -0.078479 0
    outer loop
      vertex 45.937 -2.40745 2
      vertex 45.748 -4.80831 12
      vertex 45.748 -4.80831 2
    endloop
  endfacet
  facet normal 0.477155 -0.878819 0
    outer loop
      vertex 20.8836 -40.9863 2
      vertex 23 -39.8372 12
      vertex 20.8836 -40.9863 12
    endloop
  endfacet
  facet normal 0.477155 -0.878819 0
    outer loop
      vertex 23 -39.8372 12
      vertex 20.8836 -40.9863 2
      vertex 23 -39.8372 2
    endloop
  endfacet
  facet normal -0.430511 -0.902586 0
    outer loop
      vertex -20.8836 -40.9863 2
      vertex -18.7099 -42.0231 12
      vertex -20.8836 -40.9863 12
    endloop
  endfacet
  facet normal -0.430511 -0.902586 -0
    outer loop
      vertex -18.7099 -42.0231 12
      vertex -20.8836 -40.9863 2
      vertex -18.7099 -42.0231 2
    endloop
  endfacet
  facet normal -0.793344 0.608773 0
    outer loop
      vertex -37.2148 27.0381 2
      vertex -35.7487 28.9487 12
      vertex -35.7487 28.9487 2
    endloop
  endfacet
  facet normal -0.793344 0.608773 0
    outer loop
      vertex -35.7487 28.9487 12
      vertex -37.2148 27.0381 2
      vertex -37.2148 27.0381 12
    endloop
  endfacet
  facet normal 0.983253 0.182245 0
    outer loop
      vertex 45.4337 7.19598 12
      vertex 44.9948 9.56394 2
      vertex 44.9948 9.56394 12
    endloop
  endfacet
  facet normal 0.983253 0.182245 0
    outer loop
      vertex 44.9948 9.56394 2
      vertex 45.4337 7.19598 12
      vertex 45.4337 7.19598 2
    endloop
  endfacet
  facet normal -0.852626 -0.522521 0
    outer loop
      vertex -38.5788 -25.0534 2
      vertex -39.8372 -23 12
      vertex -39.8372 -23 2
    endloop
  endfacet
  facet normal -0.852626 -0.522521 0
    outer loop
      vertex -39.8372 -23 12
      vertex -38.5788 -25.0534 2
      vertex -38.5788 -25.0534 12
    endloop
  endfacet
  facet normal 0.566393 -0.824135 0
    outer loop
      vertex 25.0534 -38.5788 2
      vertex 27.0381 -37.2148 12
      vertex 25.0534 -38.5788 12
    endloop
  endfacet
  facet normal 0.566393 -0.824135 0
    outer loop
      vertex 27.0381 -37.2148 12
      vertex 25.0534 -38.5788 2
      vertex 27.0381 -37.2148 2
    endloop
  endfacet
  facet normal -0.983253 0.182245 0
    outer loop
      vertex -45.4337 7.19598 2
      vertex -44.9948 9.56394 12
      vertex -44.9948 9.56394 2
    endloop
  endfacet
  facet normal -0.983253 0.182245 0
    outer loop
      vertex -44.9948 9.56394 12
      vertex -45.4337 7.19598 2
      vertex -45.4337 7.19598 12
    endloop
  endfacet
  facet normal -0.942639 0.333813 0
    outer loop
      vertex -43.7486 14.2148 2
      vertex -42.9447 16.4849 12
      vertex -42.9447 16.4849 2
    endloop
  endfacet
  facet normal -0.942639 0.333813 0
    outer loop
      vertex -42.9447 16.4849 12
      vertex -43.7486 14.2148 2
      vertex -43.7486 14.2148 12
    endloop
  endfacet
  facet normal -0.333813 0.942639 0
    outer loop
      vertex -14.2148 43.7486 2
      vertex -16.4849 42.9447 12
      vertex -14.2148 43.7486 12
    endloop
  endfacet
  facet normal -0.333813 0.942639 0
    outer loop
      vertex -16.4849 42.9447 12
      vertex -14.2148 43.7486 2
      vertex -16.4849 42.9447 2
    endloop
  endfacet
  facet normal -0.983253 -0.182245 0
    outer loop
      vertex -44.9948 -9.56394 2
      vertex -45.4337 -7.19598 12
      vertex -45.4337 -7.19598 2
    endloop
  endfacet
  facet normal -0.983253 -0.182245 0
    outer loop
      vertex -45.4337 -7.19598 12
      vertex -44.9948 -9.56394 2
      vertex -44.9948 -9.56394 12
    endloop
  endfacet
  facet normal -0.0784497 -0.996918 0
    outer loop
      vertex -4.80831 -45.748 12
      vertex -3 -45.8903 8.5
      vertex -3 -45.8903 12
    endloop
  endfacet
  facet normal -0.0784497 -0.996918 0
    outer loop
      vertex -4.80831 -45.748 2
      vertex -3 -45.8903 8.5
      vertex -4.80831 -45.748 12
    endloop
  endfacet
  facet normal -0.078479 -0.996916 8.19043e-06
    outer loop
      vertex -2.40745 -45.937 2
      vertex -3 -45.8903 8.5
      vertex -4.80831 -45.748 2
    endloop
  endfacet
  facet normal -0.0785683 -0.996909 0
    outer loop
      vertex -3 -45.8903 8.5
      vertex -2.40745 -45.937 2
      vertex -2.40745 -45.937 8.5
    endloop
  endfacet
  facet normal 0.688366 0.725363 -0
    outer loop
      vertex 32.5269 32.5269 2
      vertex 30.78 34.1847 12
      vertex 32.5269 32.5269 12
    endloop
  endfacet
  facet normal 0.688366 0.725363 0
    outer loop
      vertex 30.78 34.1847 12
      vertex 32.5269 32.5269 2
      vertex 30.78 34.1847 2
    endloop
  endfacet
  facet normal 0.972371 0.233443 0
    outer loop
      vertex 44.9948 9.56394 12
      vertex 44.4326 11.9057 2
      vertex 44.4326 11.9057 12
    endloop
  endfacet
  facet normal 0.972371 0.233443 0
    outer loop
      vertex 44.4326 11.9057 2
      vertex 44.9948 9.56394 12
      vertex 44.9948 9.56394 2
    endloop
  endfacet
  facet normal -0.725363 0.688366 0
    outer loop
      vertex -34.1847 30.78 2
      vertex -32.5269 32.5269 12
      vertex -32.5269 32.5269 2
    endloop
  endfacet
  facet normal -0.725363 0.688366 0
    outer loop
      vertex -32.5269 32.5269 12
      vertex -34.1847 30.78 2
      vertex -34.1847 30.78 12
    endloop
  endfacet
  facet normal 0.522521 -0.852626 0
    outer loop
      vertex 23 -39.8372 2
      vertex 25.0534 -38.5788 12
      vertex 23 -39.8372 12
    endloop
  endfacet
  facet normal 0.522521 -0.852626 0
    outer loop
      vertex 25.0534 -38.5788 12
      vertex 23 -39.8372 2
      vertex 25.0534 -38.5788 2
    endloop
  endfacet
  facet normal -0.477155 0.878819 0
    outer loop
      vertex -20.8836 40.9863 2
      vertex -23 39.8372 12
      vertex -20.8836 40.9863 12
    endloop
  endfacet
  facet normal -0.477155 0.878819 0
    outer loop
      vertex -23 39.8372 12
      vertex -20.8836 40.9863 2
      vertex -23 39.8372 2
    endloop
  endfacet
  facet normal -0.649429 0.760422 0
    outer loop
      vertex -28.9487 35.7487 2
      vertex -30.78 34.1847 12
      vertex -28.9487 35.7487 12
    endloop
  endfacet
  facet normal -0.649429 0.760422 0
    outer loop
      vertex -30.78 34.1847 12
      vertex -28.9487 35.7487 2
      vertex -30.78 34.1847 2
    endloop
  endfacet
  facet normal -0.793344 -0.608773 0
    outer loop
      vertex -35.7487 -28.9487 2
      vertex -37.2148 -27.0381 12
      vertex -37.2148 -27.0381 2
    endloop
  endfacet
  facet normal -0.793344 -0.608773 0
    outer loop
      vertex -37.2148 -27.0381 12
      vertex -35.7487 -28.9487 2
      vertex -35.7487 -28.9487 12
    endloop
  endfacet
  facet normal 0.824135 -0.566393 0
    outer loop
      vertex 37.2148 -27.0381 12
      vertex 38.5788 -25.0534 2
      vertex 38.5788 -25.0534 12
    endloop
  endfacet
  facet normal 0.824135 -0.566393 0
    outer loop
      vertex 38.5788 -25.0534 2
      vertex 37.2148 -27.0381 12
      vertex 37.2148 -27.0381 2
    endloop
  endfacet
  facet normal -0.649429 -0.760422 0
    outer loop
      vertex -30.78 -34.1847 2
      vertex -28.9487 -35.7487 12
      vertex -30.78 -34.1847 12
    endloop
  endfacet
  facet normal -0.649429 -0.760422 -0
    outer loop
      vertex -28.9487 -35.7487 12
      vertex -30.78 -34.1847 2
      vertex -28.9487 -35.7487 2
    endloop
  endfacet
  facet normal -0.878819 0.477155 0
    outer loop
      vertex -40.9863 20.8836 2
      vertex -39.8372 23 12
      vertex -39.8372 23 2
    endloop
  endfacet
  facet normal -0.878819 0.477155 0
    outer loop
      vertex -39.8372 23 12
      vertex -40.9863 20.8836 2
      vertex -40.9863 20.8836 12
    endloop
  endfacet
  facet normal 0.233443 -0.972371 0
    outer loop
      vertex 9.56394 -44.9948 2
      vertex 11.9057 -44.4326 12
      vertex 9.56394 -44.9948 12
    endloop
  endfacet
  facet normal 0.233443 -0.972371 0
    outer loop
      vertex 11.9057 -44.4326 12
      vertex 9.56394 -44.9948 2
      vertex 11.9057 -44.4326 2
    endloop
  endfacet
  facet normal -0.608773 0.793344 0
    outer loop
      vertex -27.0381 37.2148 2
      vertex -28.9487 35.7487 12
      vertex -27.0381 37.2148 12
    endloop
  endfacet
  facet normal -0.608773 0.793344 0
    outer loop
      vertex -28.9487 35.7487 12
      vertex -27.0381 37.2148 2
      vertex -28.9487 35.7487 2
    endloop
  endfacet
  facet normal -0.760422 0.649429 0
    outer loop
      vertex -35.7487 28.9487 2
      vertex -34.1847 30.78 12
      vertex -34.1847 30.78 2
    endloop
  endfacet
  facet normal -0.760422 0.649429 0
    outer loop
      vertex -34.1847 30.78 12
      vertex -35.7487 28.9487 2
      vertex -35.7487 28.9487 12
    endloop
  endfacet
  facet normal 0.333813 0.942639 -0
    outer loop
      vertex 16.4849 42.9447 2
      vertex 14.2148 43.7486 12
      vertex 16.4849 42.9447 12
    endloop
  endfacet
  facet normal 0.333813 0.942639 0
    outer loop
      vertex 14.2148 43.7486 12
      vertex 16.4849 42.9447 2
      vertex 14.2148 43.7486 2
    endloop
  endfacet
  facet normal -0.28402 -0.958818 0
    outer loop
      vertex -14.2148 -43.7486 2
      vertex -11.9057 -44.4326 12
      vertex -14.2148 -43.7486 12
    endloop
  endfacet
  facet normal -0.28402 -0.958818 -0
    outer loop
      vertex -11.9057 -44.4326 12
      vertex -14.2148 -43.7486 2
      vertex -11.9057 -44.4326 2
    endloop
  endfacet
  facet normal -0.430511 0.902586 0
    outer loop
      vertex -18.7099 42.0231 2
      vertex -20.8836 40.9863 12
      vertex -18.7099 42.0231 12
    endloop
  endfacet
  facet normal -0.430511 0.902586 0
    outer loop
      vertex -20.8836 40.9863 12
      vertex -18.7099 42.0231 2
      vertex -20.8836 40.9863 2
    endloop
  endfacet
  facet normal 0.182245 -0.983253 0
    outer loop
      vertex 7.19598 -45.4337 2
      vertex 9.56394 -44.9948 12
      vertex 7.19598 -45.4337 12
    endloop
  endfacet
  facet normal 0.182245 -0.983253 0
    outer loop
      vertex 9.56394 -44.9948 12
      vertex 7.19598 -45.4337 2
      vertex 9.56394 -44.9948 2
    endloop
  endfacet
  facet normal -0.233443 -0.972371 0
    outer loop
      vertex -11.9057 -44.4326 2
      vertex -9.56394 -44.9948 12
      vertex -11.9057 -44.4326 12
    endloop
  endfacet
  facet normal -0.233443 -0.972371 -0
    outer loop
      vertex -9.56394 -44.9948 12
      vertex -11.9057 -44.4326 2
      vertex -9.56394 -44.9948 2
    endloop
  endfacet
  facet normal -0.0261598 -0.999658 0
    outer loop
      vertex -2.40745 -45.937 2
      vertex 0 -46 8.5
      vertex -2.40745 -45.937 8.5
    endloop
  endfacet
  facet normal -0.0261598 -0.999658 -0
    outer loop
      vertex 0 -46 8.5
      vertex -2.40745 -45.937 2
      vertex 0 -46 2
    endloop
  endfacet
  facet normal 0.430511 -0.902586 0
    outer loop
      vertex 18.7099 -42.0231 2
      vertex 20.8836 -40.9863 12
      vertex 18.7099 -42.0231 12
    endloop
  endfacet
  facet normal 0.430511 -0.902586 0
    outer loop
      vertex 20.8836 -40.9863 12
      vertex 18.7099 -42.0231 2
      vertex 20.8836 -40.9863 2
    endloop
  endfacet
  facet normal -0.902586 -0.430511 0
    outer loop
      vertex -40.9863 -20.8836 2
      vertex -42.0231 -18.7099 12
      vertex -42.0231 -18.7099 2
    endloop
  endfacet
  facet normal -0.902586 -0.430511 0
    outer loop
      vertex -42.0231 -18.7099 12
      vertex -40.9863 -20.8836 2
      vertex -40.9863 -20.8836 12
    endloop
  endfacet
  facet normal -0.566393 -0.824135 0
    outer loop
      vertex -27.0381 -37.2148 2
      vertex -25.0534 -38.5788 12
      vertex -27.0381 -37.2148 12
    endloop
  endfacet
  facet normal -0.566393 -0.824135 -0
    outer loop
      vertex -25.0534 -38.5788 12
      vertex -27.0381 -37.2148 2
      vertex -25.0534 -38.5788 2
    endloop
  endfacet
  facet normal 0.725363 0.688366 0
    outer loop
      vertex 34.1847 30.78 12
      vertex 32.5269 32.5269 2
      vertex 32.5269 32.5269 12
    endloop
  endfacet
  facet normal 0.725363 0.688366 0
    outer loop
      vertex 32.5269 32.5269 2
      vertex 34.1847 30.78 12
      vertex 34.1847 30.78 2
    endloop
  endfacet
  facet normal -0.824135 0.566393 0
    outer loop
      vertex -38.5788 25.0534 2
      vertex -37.2148 27.0381 12
      vertex -37.2148 27.0381 2
    endloop
  endfacet
  facet normal -0.824135 0.566393 0
    outer loop
      vertex -37.2148 27.0381 12
      vertex -38.5788 25.0534 2
      vertex -38.5788 25.0534 12
    endloop
  endfacet
  facet normal 0 0 1
    outer loop
      vertex 33.25 0 12
      vertex 46 0 12
      vertex 45.937 2.40745 12
    endloop
  endfacet
  facet normal 0 0 1
    outer loop
      vertex 33.2044 1.74017 12
      vertex 45.937 2.40745 12
      vertex 45.748 4.80831 12
    endloop
  endfacet
  facet normal 0 0 1
    outer loop
      vertex 46 0 12
      vertex 33.25 0 12
      vertex 45.937 -2.40745 12
    endloop
  endfacet
  facet normal 0 0 1
    outer loop
      vertex 33.0679 3.47557 12
      vertex 45.748 4.80831 12
      vertex 45.4337 7.19598 12
    endloop
  endfacet
  facet normal -0 0 1
    outer loop
      vertex 33.2044 -1.74017 12
      vertex 45.937 -2.40745 12
      vertex 33.25 0 12
    endloop
  endfacet
  facet normal 0 0 1
    outer loop
      vertex 32.8406 5.20145 12
      vertex 45.4337 7.19598 12
      vertex 44.9948 9.56394 12
    endloop
  endfacet
  facet normal 0 0 1
    outer loop
      vertex 45.937 -2.40745 12
      vertex 33.2044 -1.74017 12
      vertex 45.748 -4.80831 12
    endloop
  endfacet
  facet normal 0 0 1
    outer loop
      vertex 32.5234 6.91306 12
      vertex 44.9948 9.56394 12
      vertex 44.4326 11.9057 12
    endloop
  endfacet
  facet normal -0 0 1
    outer loop
      vertex 33.0679 -3.47557 12
      vertex 45.748 -4.80831 12
      vertex 33.2044 -1.74017 12
    endloop
  endfacet
  facet normal 0 0 1
    outer loop
      vertex 32.117 8.60573 12
      vertex 44.4326 11.9057 12
      vertex 43.7486 14.2148 12
    endloop
  endfacet
  facet normal 0 0 1
    outer loop
      vertex 45.748 -4.80831 12
      vertex 33.0679 -3.47557 12
      vertex 45.4337 -7.19598 12
    endloop
  endfacet
  facet normal 0 0 1
    outer loop
      vertex 31.6226 10.2748 12
      vertex 43.7486 14.2148 12
      vertex 42.9447 16.4849 12
    endloop
  endfacet
  facet normal -0 0 1
    outer loop
      vertex 32.8406 -5.20145 12
      vertex 45.4337 -7.19598 12
      vertex 33.0679 -3.47557 12
    endloop
  endfacet
  facet normal 0 0 1
    outer loop
      vertex 31.0415 11.9157 12
      vertex 42.9447 16.4849 12
      vertex 42.0231 18.7099 12
    endloop
  endfacet
  facet normal 0 0 1
    outer loop
      vertex 45.4337 -7.19598 12
      vertex 32.8406 -5.20145 12
      vertex 44.9948 -9.56394 12
    endloop
  endfacet
  facet normal 0 0 1
    outer loop
      vertex 30.3754 13.524 12
      vertex 42.0231 18.7099 12
      vertex 40.9863 20.8836 12
    endloop
  endfacet
  facet normal -0 0 1
    outer loop
      vertex 32.5234 -6.91306 12
      vertex 44.9948 -9.56394 12
      vertex 32.8406 -5.20145 12
    endloop
  endfacet
  facet normal 0 0 1
    outer loop
      vertex 29.626 15.0952 12
      vertex 40.9863 20.8836 12
      vertex 39.8372 23 12
    endloop
  endfacet
  facet normal 0 0 1
    outer loop
      vertex 44.9948 -9.56394 12
      vertex 32.5234 -6.91306 12
      vertex 44.4326 -11.9057 12
    endloop
  endfacet
  facet normal 0 0 1
    outer loop
      vertex 28.7953 16.625 12
      vertex 39.8372 23 12
      vertex 38.5788 25.0534 12
    endloop
  endfacet
  facet normal -0 0 1
    outer loop
      vertex 32.117 -8.60573 12
      vertex 44.4326 -11.9057 12
      vertex 32.5234 -6.91306 12
    endloop
  endfacet
  facet normal 0 0 1
    outer loop
      vertex 27.8858 18.1092 12
      vertex 38.5788 25.0534 12
      vertex 37.2148 27.0381 12
    endloop
  endfacet
  facet normal 0 0 1
    outer loop
      vertex 44.4326 -11.9057 12
      vertex 32.117 -8.60573 12
      vertex 43.7486 -14.2148 12
    endloop
  endfacet
  facet normal 0 0 1
    outer loop
      vertex 26.8998 19.5439 12
      vertex 37.2148 27.0381 12
      vertex 35.7487 28.9487 12
    endloop
  endfacet
  facet normal -0 0 1
    outer loop
      vertex 31.6226 -10.2748 12
      vertex 43.7486 -14.2148 12
      vertex 32.117 -8.60573 12
    endloop
  endfacet
  facet normal 0 0 1
    outer loop
      vertex 25.8401 20.9249 12
      vertex 35.7487 28.9487 12
      vertex 34.1847 30.78 12
    endloop
  endfacet
  facet normal 0 0 1
    outer loop
      vertex 43.7486 -14.2148 12
      vertex 31.6226 -10.2748 12
      vertex 42.9447 -16.4849 12
    endloop
  endfacet
  facet normal -0 0 1
    outer loop
      vertex 31.0415 -11.9157 12
      vertex 42.9447 -16.4849 12
      vertex 31.6226 -10.2748 12
    endloop
  endfacet
  facet normal 0 0 1
    outer loop
      vertex 45.937 2.40745 12
      vertex 33.2044 1.74017 12
      vertex 33.25 0 12
    endloop
  endfacet
  facet normal 0 0 1
    outer loop
      vertex 45.748 4.80831 12
      vertex 33.0679 3.47557 12
      vertex 33.2044 1.74017 12
    endloop
  endfacet
  facet normal 0 0 1
    outer loop
      vertex 45.4337 7.19598 12
      vertex 32.8406 5.20145 12
      vertex 33.0679 3.47557 12
    endloop
  endfacet
  facet normal 0 0 1
    outer loop
      vertex 24.7096 22.2486 12
      vertex 34.1847 30.78 12
      vertex 32.5269 32.5269 12
    endloop
  endfacet
  facet normal 0 0 1
    outer loop
      vertex 44.9948 9.56394 12
      vertex 32.5234 6.91306 12
      vertex 32.8406 5.20145 12
    endloop
  endfacet
  facet normal 0 0 1
    outer loop
      vertex 44.4326 11.9057 12
      vertex 32.117 8.60573 12
      vertex 32.5234 6.91306 12
    endloop
  endfacet
  facet normal 0 0 1
    outer loop
      vertex 43.7486 14.2148 12
      vertex 31.6226 10.2748 12
      vertex 32.117 8.60573 12
    endloop
  endfacet
  facet normal 0 0 1
    outer loop
      vertex 42.9447 16.4849 12
      vertex 31.0415 11.9157 12
      vertex 31.6226 10.2748 12
    endloop
  endfacet
  facet normal 0 0 1
    outer loop
      vertex 23.5113 23.5113 12
      vertex 32.5269 32.5269 12
      vertex 30.78 34.1847 12
    endloop
  endfacet
  facet normal 0 0 1
    outer loop
      vertex 42.0231 18.7099 12
      vertex 30.3754 13.524 12
      vertex 31.0415 11.9157 12
    endloop
  endfacet
  facet normal 0 0 1
    outer loop
      vertex 40.9863 20.8836 12
      vertex 29.626 15.0952 12
      vertex 30.3754 13.524 12
    endloop
  endfacet
  facet normal 0 0 1
    outer loop
      vertex 22.2486 24.7096 12
      vertex 30.78 34.1847 12
      vertex 28.9487 35.7487 12
    endloop
  endfacet
  facet normal 0 0 1
    outer loop
      vertex 39.8372 23 12
      vertex 28.7953 16.625 12
      vertex 29.626 15.0952 12
    endloop
  endfacet
  facet normal 0 0 1
    outer loop
      vertex 38.5788 25.0534 12
      vertex 27.8858 18.1092 12
      vertex 28.7953 16.625 12
    endloop
  endfacet
  facet normal 0 0 1
    outer loop
      vertex 20.9249 25.8401 12
      vertex 28.9487 35.7487 12
      vertex 27.0381 37.2148 12
    endloop
  endfacet
  facet normal 0 0 1
    outer loop
      vertex 37.2148 27.0381 12
      vertex 26.8998 19.5439 12
      vertex 27.8858 18.1092 12
    endloop
  endfacet
  facet normal 0 0 1
    outer loop
      vertex 35.7487 28.9487 12
      vertex 25.8401 20.9249 12
      vertex 26.8998 19.5439 12
    endloop
  endfacet
  facet normal 0 0 1
    outer loop
      vertex 19.5439 26.8998 12
      vertex 27.0381 37.2148 12
      vertex 25.0534 38.5788 12
    endloop
  endfacet
  facet normal 0 0 1
    outer loop
      vertex 34.1847 30.78 12
      vertex 24.7096 22.2486 12
      vertex 25.8401 20.9249 12
    endloop
  endfacet
  facet normal 0 0 1
    outer loop
      vertex 32.5269 32.5269 12
      vertex 23.5113 23.5113 12
      vertex 24.7096 22.2486 12
    endloop
  endfacet
  facet normal 0 0 1
    outer loop
      vertex 18.1092 27.8858 12
      vertex 25.0534 38.5788 12
      vertex 23 39.8372 12
    endloop
  endfacet
  facet normal 0 0 1
    outer loop
      vertex 30.78 34.1847 12
      vertex 22.2486 24.7096 12
      vertex 23.5113 23.5113 12
    endloop
  endfacet
  facet normal 0 0 1
    outer loop
      vertex 28.9487 35.7487 12
      vertex 20.9249 25.8401 12
      vertex 22.2486 24.7096 12
    endloop
  endfacet
  facet normal 0 0 1
    outer loop
      vertex 16.625 28.7953 12
      vertex 23 39.8372 12
      vertex 20.8836 40.9863 12
    endloop
  endfacet
  facet normal 0 0 1
    outer loop
      vertex 27.0381 37.2148 12
      vertex 19.5439 26.8998 12
      vertex 20.9249 25.8401 12
    endloop
  endfacet
  facet normal 0 0 1
    outer loop
      vertex 15.0952 29.626 12
      vertex 20.8836 40.9863 12
      vertex 18.7099 42.0231 12
    endloop
  endfacet
  facet normal 0 0 1
    outer loop
      vertex 25.0534 38.5788 12
      vertex 18.1092 27.8858 12
      vertex 19.5439 26.8998 12
    endloop
  endfacet
  facet normal 0 0 1
    outer loop
      vertex 23 39.8372 12
      vertex 16.625 28.7953 12
      vertex 18.1092 27.8858 12
    endloop
  endfacet
  facet normal 0 0 1
    outer loop
      vertex 13.524 30.3754 12
      vertex 18.7099 42.0231 12
      vertex 16.4849 42.9447 12
    endloop
  endfacet
  facet normal 0 0 1
    outer loop
      vertex 20.8836 40.9863 12
      vertex 15.0952 29.626 12
      vertex 16.625 28.7953 12
    endloop
  endfacet
  facet normal 0 0 1
    outer loop
      vertex 11.9157 31.0415 12
      vertex 16.4849 42.9447 12
      vertex 14.2148 43.7486 12
    endloop
  endfacet
  facet normal 0 0 1
    outer loop
      vertex 18.7099 42.0231 12
      vertex 13.524 30.3754 12
      vertex 15.0952 29.626 12
    endloop
  endfacet
  facet normal 0 0 1
    outer loop
      vertex 16.4849 42.9447 12
      vertex 11.9157 31.0415 12
      vertex 13.524 30.3754 12
    endloop
  endfacet
  facet normal 0 0 1
    outer loop
      vertex 10.2748 31.6226 12
      vertex 14.2148 43.7486 12
      vertex 11.9057 44.4326 12
    endloop
  endfacet
  facet normal 0 0 1
    outer loop
      vertex 14.2148 43.7486 12
      vertex 10.2748 31.6226 12
      vertex 11.9157 31.0415 12
    endloop
  endfacet
  facet normal 0 0 1
    outer loop
      vertex 8.60573 32.117 12
      vertex 11.9057 44.4326 12
      vertex 9.56394 44.9948 12
    endloop
  endfacet
  facet normal 0 0 1
    outer loop
      vertex 11.9057 44.4326 12
      vertex 8.60573 32.117 12
      vertex 10.2748 31.6226 12
    endloop
  endfacet
  facet normal 0 0 1
    outer loop
      vertex 6.91306 32.5234 12
      vertex 9.56394 44.9948 12
      vertex 7.19598 45.4337 12
    endloop
  endfacet
  facet normal 0 0 1
    outer loop
      vertex 9.56394 44.9948 12
      vertex 6.91306 32.5234 12
      vertex 8.60573 32.117 12
    endloop
  endfacet
  facet normal 0 0 1
    outer loop
      vertex 7.19598 45.4337 12
      vertex 5.20145 32.8406 12
      vertex 6.91306 32.5234 12
    endloop
  endfacet
  facet normal 0 0 1
    outer loop
      vertex 4.80831 45.748 12
      vertex 5.20145 32.8406 12
      vertex 7.19598 45.4337 12
    endloop
  endfacet
  facet normal 0 0 1
    outer loop
      vertex 4.80831 45.748 12
      vertex 3.47557 33.0679 12
      vertex 5.20145 32.8406 12
    endloop
  endfacet
  facet normal 0 0 1
    outer loop
      vertex 2.40745 45.937 12
      vertex 3.47557 33.0679 12
      vertex 4.80831 45.748 12
    endloop
  endfacet
  facet normal 0 0 1
    outer loop
      vertex 2.40745 45.937 12
      vertex 1.74017 33.2044 12
      vertex 3.47557 33.0679 12
    endloop
  endfacet
  facet normal 0 0 1
    outer loop
      vertex 0 46 12
      vertex 1.74017 33.2044 12
      vertex 2.40745 45.937 12
    endloop
  endfacet
  facet normal 0 0 1
    outer loop
      vertex 0 46 12
      vertex 0 33.25 12
      vertex 1.74017 33.2044 12
    endloop
  endfacet
  facet normal 0 0 1
    outer loop
      vertex 0 46 12
      vertex -1.74017 33.2044 12
      vertex 0 33.25 12
    endloop
  endfacet
  facet normal -0 0 1
    outer loop
      vertex -2.40745 45.937 12
      vertex -1.74017 33.2044 12
      vertex 0 46 12
    endloop
  endfacet
  facet normal 0 0 1
    outer loop
      vertex -2.40745 45.937 12
      vertex -3.47557 33.0679 12
      vertex -1.74017 33.2044 12
    endloop
  endfacet
  facet normal -0 0 1
    outer loop
      vertex -4.80831 45.748 12
      vertex -3.47557 33.0679 12
      vertex -2.40745 45.937 12
    endloop
  endfacet
  facet normal 0 0 1
    outer loop
      vertex -4.80831 45.748 12
      vertex -5.20145 32.8406 12
      vertex -3.47557 33.0679 12
    endloop
  endfacet
  facet normal -0 0 1
    outer loop
      vertex -7.19598 45.4337 12
      vertex -5.20145 32.8406 12
      vertex -4.80831 45.748 12
    endloop
  endfacet
  facet normal 0 0 1
    outer loop
      vertex -5.20145 32.8406 12
      vertex -7.19598 45.4337 12
      vertex -6.91306 32.5234 12
    endloop
  endfacet
  facet normal -0 0 1
    outer loop
      vertex -9.56394 44.9948 12
      vertex -6.91306 32.5234 12
      vertex -7.19598 45.4337 12
    endloop
  endfacet
  facet normal 0 0 1
    outer loop
      vertex -6.91306 32.5234 12
      vertex -9.56394 44.9948 12
      vertex -8.60573 32.117 12
    endloop
  endfacet
  facet normal -0 0 1
    outer loop
      vertex -11.9057 44.4326 12
      vertex -8.60573 32.117 12
      vertex -9.56394 44.9948 12
    endloop
  endfacet
  facet normal 0 0 1
    outer loop
      vertex -8.60573 32.117 12
      vertex -11.9057 44.4326 12
      vertex -10.2748 31.6226 12
    endloop
  endfacet
  facet normal -0 0 1
    outer loop
      vertex -14.2148 43.7486 12
      vertex -10.2748 31.6226 12
      vertex -11.9057 44.4326 12
    endloop
  endfacet
  facet normal 0 0 1
    outer loop
      vertex -10.2748 31.6226 12
      vertex -14.2148 43.7486 12
      vertex -11.9157 31.0415 12
    endloop
  endfacet
  facet normal -0 0 1
    outer loop
      vertex -16.4849 42.9447 12
      vertex -11.9157 31.0415 12
      vertex -14.2148 43.7486 12
    endloop
  endfacet
  facet normal 0 0 1
    outer loop
      vertex -11.9157 31.0415 12
      vertex -16.4849 42.9447 12
      vertex -13.524 30.3754 12
    endloop
  endfacet
  facet normal -0 0 1
    outer loop
      vertex -18.7099 42.0231 12
      vertex -13.524 30.3754 12
      vertex -16.4849 42.9447 12
    endloop
  endfacet
  facet normal 0 0 1
    outer loop
      vertex -13.524 30.3754 12
      vertex -18.7099 42.0231 12
      vertex -15.0952 29.626 12
    endloop
  endfacet
  facet normal -0 0 1
    outer loop
      vertex -20.8836 40.9863 12
      vertex -15.0952 29.626 12
      vertex -18.7099 42.0231 12
    endloop
  endfacet
  facet normal 0 0 1
    outer loop
      vertex -15.0952 29.626 12
      vertex -20.8836 40.9863 12
      vertex -16.625 28.7953 12
    endloop
  endfacet
  facet normal -0 0 1
    outer loop
      vertex -23 39.8372 12
      vertex -16.625 28.7953 12
      vertex -20.8836 40.9863 12
    endloop
  endfacet
  facet normal 0 0 1
    outer loop
      vertex -16.625 28.7953 12
      vertex -23 39.8372 12
      vertex -18.1092 27.8858 12
    endloop
  endfacet
  facet normal -0 0 1
    outer loop
      vertex -25.0534 38.5788 12
      vertex -18.1092 27.8858 12
      vertex -23 39.8372 12
    endloop
  endfacet
  facet normal 0 0 1
    outer loop
      vertex -18.1092 27.8858 12
      vertex -25.0534 38.5788 12
      vertex -19.5439 26.8998 12
    endloop
  endfacet
  facet normal -0 0 1
    outer loop
      vertex -27.0381 37.2148 12
      vertex -19.5439 26.8998 12
      vertex -25.0534 38.5788 12
    endloop
  endfacet
  facet normal 0 0 1
    outer loop
      vertex -19.5439 26.8998 12
      vertex -27.0381 37.2148 12
      vertex -20.9249 25.8401 12
    endloop
  endfacet
  facet normal -0 0 1
    outer loop
      vertex -28.9487 35.7487 12
      vertex -20.9249 25.8401 12
      vertex -27.0381 37.2148 12
    endloop
  endfacet
  facet normal 0 0 1
    outer loop
      vertex -20.9249 25.8401 12
      vertex -28.9487 35.7487 12
      vertex -22.2486 24.7096 12
    endloop
  endfacet
  facet normal -0 0 1
    outer loop
      vertex -30.78 34.1847 12
      vertex -22.2486 24.7096 12
      vertex -28.9487 35.7487 12
    endloop
  endfacet
  facet normal 0 0 1
    outer loop
      vertex -22.2486 24.7096 12
      vertex -30.78 34.1847 12
      vertex -23.5113 23.5113 12
    endloop
  endfacet
  facet normal -0 0 1
    outer loop
      vertex -32.5269 32.5269 12
      vertex -23.5113 23.5113 12
      vertex -30.78 34.1847 12
    endloop
  endfacet
  facet normal 0 0 1
    outer loop
      vertex -23.5113 23.5113 12
      vertex -32.5269 32.5269 12
      vertex -24.7096 22.2486 12
    endloop
  endfacet
  facet normal -0 0 1
    outer loop
      vertex -34.1847 30.78 12
      vertex -24.7096 22.2486 12
      vertex -32.5269 32.5269 12
    endloop
  endfacet
  facet normal 0 0 1
    outer loop
      vertex -24.7096 22.2486 12
      vertex -34.1847 30.78 12
      vertex -25.8401 20.9249 12
    endloop
  endfacet
  facet normal -0 0 1
    outer loop
      vertex -35.7487 28.9487 12
      vertex -25.8401 20.9249 12
      vertex -34.1847 30.78 12
    endloop
  endfacet
  facet normal 0 0 1
    outer loop
      vertex -25.8401 20.9249 12
      vertex -35.7487 28.9487 12
      vertex -26.8998 19.5439 12
    endloop
  endfacet
  facet normal -0 0 1
    outer loop
      vertex -37.2148 27.0381 12
      vertex -26.8998 19.5439 12
      vertex -35.7487 28.9487 12
    endloop
  endfacet
  facet normal 0 0 1
    outer loop
      vertex -26.8998 19.5439 12
      vertex -37.2148 27.0381 12
      vertex -27.8858 18.1092 12
    endloop
  endfacet
  facet normal -0 0 1
    outer loop
      vertex -38.5788 25.0534 12
      vertex -27.8858 18.1092 12
      vertex -37.2148 27.0381 12
    endloop
  endfacet
  facet normal 0 0 1
    outer loop
      vertex -27.8858 18.1092 12
      vertex -38.5788 25.0534 12
      vertex -28.7953 16.625 12
    endloop
  endfacet
  facet normal -0 0 1
    outer loop
      vertex -39.8372 23 12
      vertex -28.7953 16.625 12
      vertex -38.5788 25.0534 12
    endloop
  endfacet
  facet normal 0 0 1
    outer loop
      vertex -28.7953 16.625 12
      vertex -39.8372 23 12
      vertex -29.626 15.0952 12
    endloop
  endfacet
  facet normal -0 0 1
    outer loop
      vertex -40.9863 20.8836 12
      vertex -29.626 15.0952 12
      vertex -39.8372 23 12
    endloop
  endfacet
  facet normal 0 0 1
    outer loop
      vertex -29.626 15.0952 12
      vertex -40.9863 20.8836 12
      vertex -30.3754 13.524 12
    endloop
  endfacet
  facet normal -0 0 1
    outer loop
      vertex -42.0231 18.7099 12
      vertex -30.3754 13.524 12
      vertex -40.9863 20.8836 12
    endloop
  endfacet
  facet normal 0 0 1
    outer loop
      vertex -30.3754 13.524 12
      vertex -42.0231 18.7099 12
      vertex -31.0415 11.9157 12
    endloop
  endfacet
  facet normal -0 0 1
    outer loop
      vertex -42.9447 16.4849 12
      vertex -31.0415 11.9157 12
      vertex -42.0231 18.7099 12
    endloop
  endfacet
  facet normal 0 0 1
    outer loop
      vertex 42.9447 -16.4849 12
      vertex 31.0415 -11.9157 12
      vertex 42.0231 -18.7099 12
    endloop
  endfacet
  facet normal -0 0 1
    outer loop
      vertex 30.3754 -13.524 12
      vertex 42.0231 -18.7099 12
      vertex 31.0415 -11.9157 12
    endloop
  endfacet
  facet normal 0 0 1
    outer loop
      vertex 42.0231 -18.7099 12
      vertex 30.3754 -13.524 12
      vertex 40.9863 -20.8836 12
    endloop
  endfacet
  facet normal -0 0 1
    outer loop
      vertex 29.626 -15.0952 12
      vertex 40.9863 -20.8836 12
      vertex 30.3754 -13.524 12
    endloop
  endfacet
  facet normal 0 0 1
    outer loop
      vertex 40.9863 -20.8836 12
      vertex 29.626 -15.0952 12
      vertex 39.8372 -23 12
    endloop
  endfacet
  facet normal -0 0 1
    outer loop
      vertex 28.7953 -16.625 12
      vertex 39.8372 -23 12
      vertex 29.626 -15.0952 12
    endloop
  endfacet
  facet normal 0 0 1
    outer loop
      vertex 39.8372 -23 12
      vertex 28.7953 -16.625 12
      vertex 38.5788 -25.0534 12
    endloop
  endfacet
  facet normal -0 0 1
    outer loop
      vertex 27.8858 -18.1092 12
      vertex 38.5788 -25.0534 12
      vertex 28.7953 -16.625 12
    endloop
  endfacet
  facet normal 0 0 1
    outer loop
      vertex 38.5788 -25.0534 12
      vertex 27.8858 -18.1092 12
      vertex 37.2148 -27.0381 12
    endloop
  endfacet
  facet normal -0 0 1
    outer loop
      vertex 26.8998 -19.5439 12
      vertex 37.2148 -27.0381 12
      vertex 27.8858 -18.1092 12
    endloop
  endfacet
  facet normal 0 0 1
    outer loop
      vertex 37.2148 -27.0381 12
      vertex 26.8998 -19.5439 12
      vertex 35.7487 -28.9487 12
    endloop
  endfacet
  facet normal -0 0 1
    outer loop
      vertex 25.8401 -20.9249 12
      vertex 35.7487 -28.9487 12
      vertex 26.8998 -19.5439 12
    endloop
  endfacet
  facet normal 0 0 1
    outer loop
      vertex 35.7487 -28.9487 12
      vertex 25.8401 -20.9249 12
      vertex 34.1847 -30.78 12
    endloop
  endfacet
  facet normal -0 0 1
    outer loop
      vertex 24.7096 -22.2486 12
      vertex 34.1847 -30.78 12
      vertex 25.8401 -20.9249 12
    endloop
  endfacet
  facet normal 0 0 1
    outer loop
      vertex 34.1847 -30.78 12
      vertex 24.7096 -22.2486 12
      vertex 32.5269 -32.5269 12
    endloop
  endfacet
  facet normal -0 0 1
    outer loop
      vertex 23.5113 -23.5113 12
      vertex 32.5269 -32.5269 12
      vertex 24.7096 -22.2486 12
    endloop
  endfacet
  facet normal 0 0 1
    outer loop
      vertex 32.5269 -32.5269 12
      vertex 23.5113 -23.5113 12
      vertex 30.78 -34.1847 12
    endloop
  endfacet
  facet normal -0 0 1
    outer loop
      vertex 22.2486 -24.7096 12
      vertex 30.78 -34.1847 12
      vertex 23.5113 -23.5113 12
    endloop
  endfacet
  facet normal 0 0 1
    outer loop
      vertex 30.78 -34.1847 12
      vertex 22.2486 -24.7096 12
      vertex 28.9487 -35.7487 12
    endloop
  endfacet
  facet normal -0 0 1
    outer loop
      vertex 20.9249 -25.8401 12
      vertex 28.9487 -35.7487 12
      vertex 22.2486 -24.7096 12
    endloop
  endfacet
  facet normal 0 0 1
    outer loop
      vertex 28.9487 -35.7487 12
      vertex 20.9249 -25.8401 12
      vertex 27.0381 -37.2148 12
    endloop
  endfacet
  facet normal -0 0 1
    outer loop
      vertex 19.5439 -26.8998 12
      vertex 27.0381 -37.2148 12
      vertex 20.9249 -25.8401 12
    endloop
  endfacet
  facet normal 0 0 1
    outer loop
      vertex 27.0381 -37.2148 12
      vertex 19.5439 -26.8998 12
      vertex 25.0534 -38.5788 12
    endloop
  endfacet
  facet normal -0 0 1
    outer loop
      vertex 18.1092 -27.8858 12
      vertex 25.0534 -38.5788 12
      vertex 19.5439 -26.8998 12
    endloop
  endfacet
  facet normal 0 0 1
    outer loop
      vertex 25.0534 -38.5788 12
      vertex 18.1092 -27.8858 12
      vertex 23 -39.8372 12
    endloop
  endfacet
  facet normal -0 0 1
    outer loop
      vertex 16.625 -28.7953 12
      vertex 23 -39.8372 12
      vertex 18.1092 -27.8858 12
    endloop
  endfacet
  facet normal 0 0 1
    outer loop
      vertex 23 -39.8372 12
      vertex 16.625 -28.7953 12
      vertex 20.8836 -40.9863 12
    endloop
  endfacet
  facet normal -0 0 1
    outer loop
      vertex 15.0952 -29.626 12
      vertex 20.8836 -40.9863 12
      vertex 16.625 -28.7953 12
    endloop
  endfacet
  facet normal 0 0 1
    outer loop
      vertex 20.8836 -40.9863 12
      vertex 15.0952 -29.626 12
      vertex 18.7099 -42.0231 12
    endloop
  endfacet
  facet normal -0 0 1
    outer loop
      vertex 13.524 -30.3754 12
      vertex 18.7099 -42.0231 12
      vertex 15.0952 -29.626 12
    endloop
  endfacet
  facet normal 0 0 1
    outer loop
      vertex 18.7099 -42.0231 12
      vertex 13.524 -30.3754 12
      vertex 16.4849 -42.9447 12
    endloop
  endfacet
  facet normal -0 0 1
    outer loop
      vertex 11.9157 -31.0415 12
      vertex 16.4849 -42.9447 12
      vertex 13.524 -30.3754 12
    endloop
  endfacet
  facet normal 0 0 1
    outer loop
      vertex 16.4849 -42.9447 12
      vertex 11.9157 -31.0415 12
      vertex 14.2148 -43.7486 12
    endloop
  endfacet
  facet normal -0 0 1
    outer loop
      vertex 10.2748 -31.6226 12
      vertex 14.2148 -43.7486 12
      vertex 11.9157 -31.0415 12
    endloop
  endfacet
  facet normal 0 0 1
    outer loop
      vertex 14.2148 -43.7486 12
      vertex 10.2748 -31.6226 12
      vertex 11.9057 -44.4326 12
    endloop
  endfacet
  facet normal -0 0 1
    outer loop
      vertex 8.60573 -32.117 12
      vertex 11.9057 -44.4326 12
      vertex 10.2748 -31.6226 12
    endloop
  endfacet
  facet normal 0 0 1
    outer loop
      vertex 11.9057 -44.4326 12
      vertex 8.60573 -32.117 12
      vertex 9.56394 -44.9948 12
    endloop
  endfacet
  facet normal -0 0 1
    outer loop
      vertex 6.91306 -32.5234 12
      vertex 9.56394 -44.9948 12
      vertex 8.60573 -32.117 12
    endloop
  endfacet
  facet normal 0 0 1
    outer loop
      vertex 9.56394 -44.9948 12
      vertex 6.91306 -32.5234 12
      vertex 7.19598 -45.4337 12
    endloop
  endfacet
  facet normal -0 0 1
    outer loop
      vertex 5.20145 -32.8406 12
      vertex 7.19598 -45.4337 12
      vertex 6.91306 -32.5234 12
    endloop
  endfacet
  facet normal 0 0 1
    outer loop
      vertex 5.20145 -32.8406 12
      vertex 4.80831 -45.748 12
      vertex 7.19598 -45.4337 12
    endloop
  endfacet
  facet normal -0 0 1
    outer loop
      vertex 3.47557 -33.0679 12
      vertex 4.80831 -45.748 12
      vertex 5.20145 -32.8406 12
    endloop
  endfacet
  facet normal -0 0 1
    outer loop
      vertex 3 -33.1053 12
      vertex 4.80831 -45.748 12
      vertex 3.47557 -33.0679 12
    endloop
  endfacet
  facet normal 0 0 1
    outer loop
      vertex 4.80831 -45.748 12
      vertex 3 -33.1053 12
      vertex 3 -45.8903 12
    endloop
  endfacet
  facet normal 0 0 1
    outer loop
      vertex -4.80831 -45.748 12
      vertex -3 -33.1053 12
      vertex -3.47557 -33.0679 12
    endloop
  endfacet
  facet normal 0 0 1
    outer loop
      vertex -3 -33.1053 12
      vertex -4.80831 -45.748 12
      vertex -3 -45.8903 12
    endloop
  endfacet
  facet normal 0 0 1
    outer loop
      vertex -5.20145 -32.8406 12
      vertex -4.80831 -45.748 12
      vertex -3.47557 -33.0679 12
    endloop
  endfacet
  facet normal 0 0 1
    outer loop
      vertex -7.19598 -45.4337 12
      vertex -5.20145 -32.8406 12
      vertex -6.91306 -32.5234 12
    endloop
  endfacet
  facet normal 0 0 1
    outer loop
      vertex -5.20145 -32.8406 12
      vertex -7.19598 -45.4337 12
      vertex -4.80831 -45.748 12
    endloop
  endfacet
  facet normal 0 0 1
    outer loop
      vertex -9.56394 -44.9948 12
      vertex -6.91306 -32.5234 12
      vertex -8.60573 -32.117 12
    endloop
  endfacet
  facet normal 0 0 1
    outer loop
      vertex -6.91306 -32.5234 12
      vertex -9.56394 -44.9948 12
      vertex -7.19598 -45.4337 12
    endloop
  endfacet
  facet normal 0 0 1
    outer loop
      vertex -11.9057 -44.4326 12
      vertex -8.60573 -32.117 12
      vertex -10.2748 -31.6226 12
    endloop
  endfacet
  facet normal 0 0 1
    outer loop
      vertex -8.60573 -32.117 12
      vertex -11.9057 -44.4326 12
      vertex -9.56394 -44.9948 12
    endloop
  endfacet
  facet normal 0 0 1
    outer loop
      vertex -14.2148 -43.7486 12
      vertex -10.2748 -31.6226 12
      vertex -11.9157 -31.0415 12
    endloop
  endfacet
  facet normal 0 0 1
    outer loop
      vertex -16.4849 -42.9447 12
      vertex -11.9157 -31.0415 12
      vertex -13.524 -30.3754 12
    endloop
  endfacet
  facet normal 0 0 1
    outer loop
      vertex -10.2748 -31.6226 12
      vertex -14.2148 -43.7486 12
      vertex -11.9057 -44.4326 12
    endloop
  endfacet
  facet normal 0 0 1
    outer loop
      vertex -18.7099 -42.0231 12
      vertex -13.524 -30.3754 12
      vertex -15.0952 -29.626 12
    endloop
  endfacet
  facet normal 0 0 1
    outer loop
      vertex -11.9157 -31.0415 12
      vertex -16.4849 -42.9447 12
      vertex -14.2148 -43.7486 12
    endloop
  endfacet
  facet normal 0 0 1
    outer loop
      vertex -20.8836 -40.9863 12
      vertex -15.0952 -29.626 12
      vertex -16.625 -28.7953 12
    endloop
  endfacet
  facet normal 0 0 1
    outer loop
      vertex -23 -39.8372 12
      vertex -16.625 -28.7953 12
      vertex -18.1092 -27.8858 12
    endloop
  endfacet
  facet normal 0 0 1
    outer loop
      vertex -13.524 -30.3754 12
      vertex -18.7099 -42.0231 12
      vertex -16.4849 -42.9447 12
    endloop
  endfacet
  facet normal 0 0 1
    outer loop
      vertex -25.0534 -38.5788 12
      vertex -18.1092 -27.8858 12
      vertex -19.5439 -26.8998 12
    endloop
  endfacet
  facet normal 0 0 1
    outer loop
      vertex -15.0952 -29.626 12
      vertex -20.8836 -40.9863 12
      vertex -18.7099 -42.0231 12
    endloop
  endfacet
  facet normal 0 0 1
    outer loop
      vertex -27.0381 -37.2148 12
      vertex -19.5439 -26.8998 12
      vertex -20.9249 -25.8401 12
    endloop
  endfacet
  facet normal 0 0 1
    outer loop
      vertex -28.9487 -35.7487 12
      vertex -20.9249 -25.8401 12
      vertex -22.2486 -24.7096 12
    endloop
  endfacet
  facet normal 0 0 1
    outer loop
      vertex -16.625 -28.7953 12
      vertex -23 -39.8372 12
      vertex -20.8836 -40.9863 12
    endloop
  endfacet
  facet normal 0 0 1
    outer loop
      vertex -30.78 -34.1847 12
      vertex -22.2486 -24.7096 12
      vertex -23.5113 -23.5113 12
    endloop
  endfacet
  facet normal 0 0 1
    outer loop
      vertex -32.5269 -32.5269 12
      vertex -23.5113 -23.5113 12
      vertex -24.7096 -22.2486 12
    endloop
  endfacet
  facet normal 0 0 1
    outer loop
      vertex -18.1092 -27.8858 12
      vertex -25.0534 -38.5788 12
      vertex -23 -39.8372 12
    endloop
  endfacet
  facet normal 0 0 1
    outer loop
      vertex -34.1847 -30.78 12
      vertex -24.7096 -22.2486 12
      vertex -25.8401 -20.9249 12
    endloop
  endfacet
  facet normal 0 0 1
    outer loop
      vertex -35.7487 -28.9487 12
      vertex -25.8401 -20.9249 12
      vertex -26.8998 -19.5439 12
    endloop
  endfacet
  facet normal 0 0 1
    outer loop
      vertex -19.5439 -26.8998 12
      vertex -27.0381 -37.2148 12
      vertex -25.0534 -38.5788 12
    endloop
  endfacet
  facet normal 0 0 1
    outer loop
      vertex -37.2148 -27.0381 12
      vertex -26.8998 -19.5439 12
      vertex -27.8858 -18.1092 12
    endloop
  endfacet
  facet normal 0 0 1
    outer loop
      vertex -38.5788 -25.0534 12
      vertex -27.8858 -18.1092 12
      vertex -28.7953 -16.625 12
    endloop
  endfacet
  facet normal 0 0 1
    outer loop
      vertex -20.9249 -25.8401 12
      vertex -28.9487 -35.7487 12
      vertex -27.0381 -37.2148 12
    endloop
  endfacet
  facet normal 0 0 1
    outer loop
      vertex -39.8372 -23 12
      vertex -28.7953 -16.625 12
      vertex -29.626 -15.0952 12
    endloop
  endfacet
  facet normal 0 0 1
    outer loop
      vertex -40.9863 -20.8836 12
      vertex -29.626 -15.0952 12
      vertex -30.3754 -13.524 12
    endloop
  endfacet
  facet normal 0 0 1
    outer loop
      vertex -22.2486 -24.7096 12
      vertex -30.78 -34.1847 12
      vertex -28.9487 -35.7487 12
    endloop
  endfacet
  facet normal 0 0 1
    outer loop
      vertex -42.0231 -18.7099 12
      vertex -30.3754 -13.524 12
      vertex -31.0415 -11.9157 12
    endloop
  endfacet
  facet normal 0 0 1
    outer loop
      vertex -42.9447 -16.4849 12
      vertex -31.0415 -11.9157 12
      vertex -31.6226 -10.2748 12
    endloop
  endfacet
  facet normal 0 0 1
    outer loop
      vertex -43.7486 -14.2148 12
      vertex -31.6226 -10.2748 12
      vertex -32.117 -8.60573 12
    endloop
  endfacet
  facet normal 0 0 1
    outer loop
      vertex -44.4326 -11.9057 12
      vertex -32.117 -8.60573 12
      vertex -32.5234 -6.91306 12
    endloop
  endfacet
  facet normal 0 0 1
    outer loop
      vertex -23.5113 -23.5113 12
      vertex -32.5269 -32.5269 12
      vertex -30.78 -34.1847 12
    endloop
  endfacet
  facet normal 0 0 1
    outer loop
      vertex -44.9948 -9.56394 12
      vertex -32.5234 -6.91306 12
      vertex -32.8406 -5.20145 12
    endloop
  endfacet
  facet normal 0 0 1
    outer loop
      vertex -45.4337 -7.19598 12
      vertex -32.8406 -5.20145 12
      vertex -33.0679 -3.47557 12
    endloop
  endfacet
  facet normal 0 0 1
    outer loop
      vertex -45.748 -4.80831 12
      vertex -33.0679 -3.47557 12
      vertex -33.2044 -1.74017 12
    endloop
  endfacet
  facet normal 0 0 1
    outer loop
      vertex -45.937 -2.40745 12
      vertex -33.2044 -1.74017 12
      vertex -33.25 0 12
    endloop
  endfacet
  facet normal 0 0 1
    outer loop
      vertex -31.0415 11.9157 12
      vertex -42.9447 16.4849 12
      vertex -31.6226 10.2748 12
    endloop
  endfacet
  facet normal 0 0 1
    outer loop
      vertex -24.7096 -22.2486 12
      vertex -34.1847 -30.78 12
      vertex -32.5269 -32.5269 12
    endloop
  endfacet
  facet normal -0 0 1
    outer loop
      vertex -43.7486 14.2148 12
      vertex -31.6226 10.2748 12
      vertex -42.9447 16.4849 12
    endloop
  endfacet
  facet normal 0 0 1
    outer loop
      vertex -25.8401 -20.9249 12
      vertex -35.7487 -28.9487 12
      vertex -34.1847 -30.78 12
    endloop
  endfacet
  facet normal 0 0 1
    outer loop
      vertex -31.6226 10.2748 12
      vertex -43.7486 14.2148 12
      vertex -32.117 8.60573 12
    endloop
  endfacet
  facet normal 0 0 1
    outer loop
      vertex -26.8998 -19.5439 12
      vertex -37.2148 -27.0381 12
      vertex -35.7487 -28.9487 12
    endloop
  endfacet
  facet normal -0 0 1
    outer loop
      vertex -44.4326 11.9057 12
      vertex -32.117 8.60573 12
      vertex -43.7486 14.2148 12
    endloop
  endfacet
  facet normal 0 0 1
    outer loop
      vertex -27.8858 -18.1092 12
      vertex -38.5788 -25.0534 12
      vertex -37.2148 -27.0381 12
    endloop
  endfacet
  facet normal 0 0 1
    outer loop
      vertex -32.117 8.60573 12
      vertex -44.4326 11.9057 12
      vertex -32.5234 6.91306 12
    endloop
  endfacet
  facet normal 0 0 1
    outer loop
      vertex -28.7953 -16.625 12
      vertex -39.8372 -23 12
      vertex -38.5788 -25.0534 12
    endloop
  endfacet
  facet normal -0 0 1
    outer loop
      vertex -44.9948 9.56394 12
      vertex -32.5234 6.91306 12
      vertex -44.4326 11.9057 12
    endloop
  endfacet
  facet normal 0 0 1
    outer loop
      vertex -29.626 -15.0952 12
      vertex -40.9863 -20.8836 12
      vertex -39.8372 -23 12
    endloop
  endfacet
  facet normal 0 0 1
    outer loop
      vertex -32.5234 6.91306 12
      vertex -44.9948 9.56394 12
      vertex -32.8406 5.20145 12
    endloop
  endfacet
  facet normal 0 0 1
    outer loop
      vertex -30.3754 -13.524 12
      vertex -42.0231 -18.7099 12
      vertex -40.9863 -20.8836 12
    endloop
  endfacet
  facet normal -0 0 1
    outer loop
      vertex -45.4337 7.19598 12
      vertex -32.8406 5.20145 12
      vertex -44.9948 9.56394 12
    endloop
  endfacet
  facet normal 0 0 1
    outer loop
      vertex -31.0415 -11.9157 12
      vertex -42.9447 -16.4849 12
      vertex -42.0231 -18.7099 12
    endloop
  endfacet
  facet normal 0 0 1
    outer loop
      vertex -32.8406 5.20145 12
      vertex -45.4337 7.19598 12
      vertex -33.0679 3.47557 12
    endloop
  endfacet
  facet normal 0 0 1
    outer loop
      vertex -31.6226 -10.2748 12
      vertex -43.7486 -14.2148 12
      vertex -42.9447 -16.4849 12
    endloop
  endfacet
  facet normal -0 0 1
    outer loop
      vertex -45.748 4.80831 12
      vertex -33.0679 3.47557 12
      vertex -45.4337 7.19598 12
    endloop
  endfacet
  facet normal 0 0 1
    outer loop
      vertex -32.117 -8.60573 12
      vertex -44.4326 -11.9057 12
      vertex -43.7486 -14.2148 12
    endloop
  endfacet
  facet normal 0 0 1
    outer loop
      vertex -33.0679 3.47557 12
      vertex -45.748 4.80831 12
      vertex -33.2044 1.74017 12
    endloop
  endfacet
  facet normal 0 0 1
    outer loop
      vertex -32.5234 -6.91306 12
      vertex -44.9948 -9.56394 12
      vertex -44.4326 -11.9057 12
    endloop
  endfacet
  facet normal -0 0 1
    outer loop
      vertex -45.937 2.40745 12
      vertex -33.2044 1.74017 12
      vertex -45.748 4.80831 12
    endloop
  endfacet
  facet normal 0 0 1
    outer loop
      vertex -32.8406 -5.20145 12
      vertex -45.4337 -7.19598 12
      vertex -44.9948 -9.56394 12
    endloop
  endfacet
  facet normal 0 0 1
    outer loop
      vertex -33.2044 1.74017 12
      vertex -45.937 2.40745 12
      vertex -33.25 0 12
    endloop
  endfacet
  facet normal 0 0 1
    outer loop
      vertex -33.0679 -3.47557 12
      vertex -45.748 -4.80831 12
      vertex -45.4337 -7.19598 12
    endloop
  endfacet
  facet normal 0 0 1
    outer loop
      vertex -46 0 12
      vertex -33.25 0 12
      vertex -45.937 2.40745 12
    endloop
  endfacet
  facet normal 0 0 1
    outer loop
      vertex -33.2044 -1.74017 12
      vertex -45.937 -2.40745 12
      vertex -45.748 -4.80831 12
    endloop
  endfacet
  facet normal 0 0 1
    outer loop
      vertex -33.25 0 12
      vertex -46 0 12
      vertex -45.937 -2.40745 12
    endloop
  endfacet
  facet normal -0.382675 -0.923883 0
    outer loop
      vertex -18.7099 -42.0231 2
      vertex -16.4849 -42.9447 12
      vertex -18.7099 -42.0231 12
    endloop
  endfacet
  facet normal -0.382675 -0.923883 -0
    outer loop
      vertex -16.4849 -42.9447 12
      vertex -18.7099 -42.0231 2
      vertex -16.4849 -42.9447 2
    endloop
  endfacet
  facet normal -0.566393 0.824135 0
    outer loop
      vertex -25.0534 38.5788 2
      vertex -27.0381 37.2148 12
      vertex -25.0534 38.5788 12
    endloop
  endfacet
  facet normal -0.566393 0.824135 0
    outer loop
      vertex -27.0381 37.2148 12
      vertex -25.0534 38.5788 2
      vertex -27.0381 37.2148 2
    endloop
  endfacet
  facet normal -0.233443 0.972371 0
    outer loop
      vertex -9.56394 44.9948 2
      vertex -11.9057 44.4326 12
      vertex -9.56394 44.9948 12
    endloop
  endfacet
  facet normal -0.233443 0.972371 0
    outer loop
      vertex -11.9057 44.4326 12
      vertex -9.56394 44.9948 2
      vertex -11.9057 44.4326 2
    endloop
  endfacet
  facet normal 0.608773 -0.793344 0
    outer loop
      vertex 27.0381 -37.2148 2
      vertex 28.9487 -35.7487 12
      vertex 27.0381 -37.2148 12
    endloop
  endfacet
  facet normal 0.608773 -0.793344 0
    outer loop
      vertex 28.9487 -35.7487 12
      vertex 27.0381 -37.2148 2
      vertex 28.9487 -35.7487 2
    endloop
  endfacet
  facet normal -0.688366 -0.725363 0
    outer loop
      vertex -32.5269 -32.5269 2
      vertex -30.78 -34.1847 12
      vertex -32.5269 -32.5269 12
    endloop
  endfacet
  facet normal -0.688366 -0.725363 -0
    outer loop
      vertex -30.78 -34.1847 12
      vertex -32.5269 -32.5269 2
      vertex -30.78 -34.1847 2
    endloop
  endfacet
  facet normal 0.902586 -0.430511 0
    outer loop
      vertex 40.9863 -20.8836 12
      vertex 42.0231 -18.7099 2
      vertex 42.0231 -18.7099 12
    endloop
  endfacet
  facet normal 0.902586 -0.430511 0
    outer loop
      vertex 42.0231 -18.7099 2
      vertex 40.9863 -20.8836 12
      vertex 40.9863 -20.8836 2
    endloop
  endfacet
  facet normal -0.878819 -0.477155 0
    outer loop
      vertex -39.8372 -23 2
      vertex -40.9863 -20.8836 12
      vertex -40.9863 -20.8836 2
    endloop
  endfacet
  facet normal -0.878819 -0.477155 0
    outer loop
      vertex -40.9863 -20.8836 12
      vertex -39.8372 -23 2
      vertex -39.8372 -23 12
    endloop
  endfacet
  facet normal -0.972371 -0.233443 0
    outer loop
      vertex -44.4326 -11.9057 2
      vertex -44.9948 -9.56394 12
      vertex -44.9948 -9.56394 2
    endloop
  endfacet
  facet normal -0.972371 -0.233443 0
    outer loop
      vertex -44.9948 -9.56394 12
      vertex -44.4326 -11.9057 2
      vertex -44.4326 -11.9057 12
    endloop
  endfacet
  facet normal -0.923883 0.382675 0
    outer loop
      vertex -42.9447 16.4849 2
      vertex -42.0231 18.7099 12
      vertex -42.0231 18.7099 2
    endloop
  endfacet
  facet normal -0.923883 0.382675 0
    outer loop
      vertex -42.0231 18.7099 12
      vertex -42.9447 16.4849 2
      vertex -42.9447 16.4849 12
    endloop
  endfacet
  facet normal -0.382675 0.923883 0
    outer loop
      vertex -16.4849 42.9447 2
      vertex -18.7099 42.0231 12
      vertex -16.4849 42.9447 12
    endloop
  endfacet
  facet normal -0.382675 0.923883 0
    outer loop
      vertex -18.7099 42.0231 12
      vertex -16.4849 42.9447 2
      vertex -18.7099 42.0231 2
    endloop
  endfacet
  facet normal -0.923883 -0.382675 0
    outer loop
      vertex -42.0231 -18.7099 2
      vertex -42.9447 -16.4849 12
      vertex -42.9447 -16.4849 2
    endloop
  endfacet
  facet normal -0.923883 -0.382675 0
    outer loop
      vertex -42.9447 -16.4849 12
      vertex -42.0231 -18.7099 2
      vertex -42.0231 -18.7099 12
    endloop
  endfacet
  facet normal -0.477155 -0.878819 0
    outer loop
      vertex -23 -39.8372 2
      vertex -20.8836 -40.9863 12
      vertex -23 -39.8372 12
    endloop
  endfacet
  facet normal -0.477155 -0.878819 -0
    outer loop
      vertex -20.8836 -40.9863 12
      vertex -23 -39.8372 2
      vertex -20.8836 -40.9863 2
    endloop
  endfacet
  facet normal 0.999657 -0.0261953 0
    outer loop
      vertex 33.2044 -1.74017 36
      vertex 33.25 0 12
      vertex 33.25 0 36
    endloop
  endfacet
  facet normal 0.999657 -0.0261953 0
    outer loop
      vertex 33.25 0 12
      vertex 33.2044 -1.74017 36
      vertex 33.2044 -1.74017 12
    endloop
  endfacet
  facet normal 0.996921 0.078414 0
    outer loop
      vertex 33.2044 1.74017 36
      vertex 33.0679 3.47557 12
      vertex 33.0679 3.47557 36
    endloop
  endfacet
  facet normal 0.996921 0.078414 0
    outer loop
      vertex 33.0679 3.47557 12
      vertex 33.2044 1.74017 36
      vertex 33.2044 1.74017 12
    endloop
  endfacet
  facet normal 0.999657 0.0261953 0
    outer loop
      vertex 33.25 0 36
      vertex 33.2044 1.74017 12
      vertex 33.2044 1.74017 36
    endloop
  endfacet
  facet normal 0.999657 0.0261953 0
    outer loop
      vertex 33.2044 1.74017 12
      vertex 33.25 0 36
      vertex 33.25 0 12
    endloop
  endfacet
  facet normal 0.991439 0.130573 0
    outer loop
      vertex 33.0679 3.47557 36
      vertex 32.8406 5.20145 12
      vertex 32.8406 5.20145 36
    endloop
  endfacet
  facet normal 0.991439 0.130573 0
    outer loop
      vertex 32.8406 5.20145 12
      vertex 33.0679 3.47557 36
      vertex 33.0679 3.47557 12
    endloop
  endfacet
  facet normal 0.725362 0.688367 0
    outer loop
      vertex 24.7096 22.2486 36
      vertex 23.5113 23.5113 12
      vertex 23.5113 23.5113 36
    endloop
  endfacet
  facet normal 0.725362 0.688367 0
    outer loop
      vertex 23.5113 23.5113 12
      vertex 24.7096 22.2486 36
      vertex 24.7096 22.2486 12
    endloop
  endfacet
  facet normal 0.793347 0.608769 0
    outer loop
      vertex 26.8998 19.5439 36
      vertex 25.8401 20.9249 12
      vertex 25.8401 20.9249 36
    endloop
  endfacet
  facet normal 0.793347 0.608769 0
    outer loop
      vertex 25.8401 20.9249 12
      vertex 26.8998 19.5439 36
      vertex 26.8998 19.5439 12
    endloop
  endfacet
  facet normal 0.942637 0.333821 0
    outer loop
      vertex 31.6226 10.2748 36
      vertex 31.0415 11.9157 12
      vertex 31.0415 11.9157 36
    endloop
  endfacet
  facet normal 0.942637 0.333821 0
    outer loop
      vertex 31.0415 11.9157 12
      vertex 31.6226 10.2748 36
      vertex 31.6226 10.2748 12
    endloop
  endfacet
  facet normal -0.95882 0.284015 0
    outer loop
      vertex -32.117 8.60573 12
      vertex -31.6226 10.2748 36
      vertex -31.6226 10.2748 12
    endloop
  endfacet
  facet normal -0.95882 0.284015 0
    outer loop
      vertex -31.6226 10.2748 36
      vertex -32.117 8.60573 12
      vertex -32.117 8.60573 36
    endloop
  endfacet
  facet normal 0.608769 0.793347 -0
    outer loop
      vertex 20.9249 25.8401 12
      vertex 19.5439 26.8998 36
      vertex 20.9249 25.8401 36
    endloop
  endfacet
  facet normal 0.608769 0.793347 0
    outer loop
      vertex 19.5439 26.8998 36
      vertex 20.9249 25.8401 12
      vertex 19.5439 26.8998 12
    endloop
  endfacet
  facet normal 0.0261953 0.999657 -0
    outer loop
      vertex 1.74017 33.2044 12
      vertex 0 33.25 36
      vertex 1.74017 33.2044 36
    endloop
  endfacet
  facet normal 0.0261953 0.999657 0
    outer loop
      vertex 0 33.25 36
      vertex 1.74017 33.2044 12
      vertex 0 33.25 12
    endloop
  endfacet
  facet normal -0.725362 0.688367 0
    outer loop
      vertex -24.7096 22.2486 12
      vertex -23.5113 23.5113 36
      vertex -23.5113 23.5113 12
    endloop
  endfacet
  facet normal -0.725362 0.688367 0
    outer loop
      vertex -23.5113 23.5113 36
      vertex -24.7096 22.2486 12
      vertex -24.7096 22.2486 36
    endloop
  endfacet
  facet normal -0.824137 -0.56639 0
    outer loop
      vertex -26.8998 -19.5439 12
      vertex -27.8858 -18.1092 36
      vertex -27.8858 -18.1092 12
    endloop
  endfacet
  facet normal -0.824137 -0.56639 0
    outer loop
      vertex -27.8858 -18.1092 36
      vertex -26.8998 -19.5439 12
      vertex -26.8998 -19.5439 36
    endloop
  endfacet
  facet normal 0.793347 -0.608769 0
    outer loop
      vertex 25.8401 -20.9249 36
      vertex 26.8998 -19.5439 12
      vertex 26.8998 -19.5439 36
    endloop
  endfacet
  facet normal 0.793347 -0.608769 0
    outer loop
      vertex 26.8998 -19.5439 12
      vertex 25.8401 -20.9249 36
      vertex 25.8401 -20.9249 12
    endloop
  endfacet
  facet normal 0.852645 -0.522491 0
    outer loop
      vertex 27.8858 -18.1092 36
      vertex 28.7953 -16.625 12
      vertex 28.7953 -16.625 36
    endloop
  endfacet
  facet normal 0.852645 -0.522491 0
    outer loop
      vertex 28.7953 -16.625 12
      vertex 27.8858 -18.1092 36
      vertex 27.8858 -18.1092 12
    endloop
  endfacet
  facet normal 0.522491 0.852645 -0
    outer loop
      vertex 18.1092 27.8858 12
      vertex 16.625 28.7953 36
      vertex 18.1092 27.8858 36
    endloop
  endfacet
  facet normal 0.522491 0.852645 0
    outer loop
      vertex 16.625 28.7953 36
      vertex 18.1092 27.8858 12
      vertex 16.625 28.7953 12
    endloop
  endfacet
  facet normal 0.18222 -0.983258 0
    outer loop
      vertex 5.20145 -32.8406 12
      vertex 6.91306 -32.5234 36
      vertex 5.20145 -32.8406 36
    endloop
  endfacet
  facet normal 0.18222 -0.983258 0
    outer loop
      vertex 6.91306 -32.5234 36
      vertex 5.20145 -32.8406 12
      vertex 6.91306 -32.5234 12
    endloop
  endfacet
  facet normal 0.0784004 -0.996922 0
    outer loop
      vertex 3 -33.1053 12
      vertex 3.47557 -33.0679 36
      vertex 3 -33.1053 36
    endloop
  endfacet
  facet normal 0.0784004 -0.996922 0
    outer loop
      vertex 3.47557 -33.0679 36
      vertex 3 -33.1053 12
      vertex 3.47557 -33.0679 12
    endloop
  endfacet
  facet normal -0.793347 -0.608769 0
    outer loop
      vertex -25.8401 -20.9249 12
      vertex -26.8998 -19.5439 36
      vertex -26.8998 -19.5439 12
    endloop
  endfacet
  facet normal -0.793347 -0.608769 0
    outer loop
      vertex -26.8998 -19.5439 36
      vertex -25.8401 -20.9249 12
      vertex -25.8401 -20.9249 36
    endloop
  endfacet
  facet normal -0.608769 -0.793347 0
    outer loop
      vertex -20.9249 -25.8401 12
      vertex -19.5439 -26.8998 36
      vertex -20.9249 -25.8401 36
    endloop
  endfacet
  facet normal -0.608769 -0.793347 -0
    outer loop
      vertex -19.5439 -26.8998 36
      vertex -20.9249 -25.8401 12
      vertex -19.5439 -26.8998 12
    endloop
  endfacet
  facet normal -0.983258 0.18222 0
    outer loop
      vertex -32.8406 5.20145 12
      vertex -32.5234 6.91306 36
      vertex -32.5234 6.91306 12
    endloop
  endfacet
  facet normal -0.983258 0.18222 0
    outer loop
      vertex -32.5234 6.91306 36
      vertex -32.8406 5.20145 12
      vertex -32.8406 5.20145 36
    endloop
  endfacet
  facet normal -0.56639 -0.824137 0
    outer loop
      vertex -19.5439 -26.8998 12
      vertex -18.1092 -27.8858 36
      vertex -19.5439 -26.8998 36
    endloop
  endfacet
  facet normal -0.56639 -0.824137 -0
    outer loop
      vertex -18.1092 -27.8858 36
      vertex -19.5439 -26.8998 12
      vertex -18.1092 -27.8858 12
    endloop
  endfacet
  facet normal 0.56639 -0.824137 0
    outer loop
      vertex 18.1092 -27.8858 12
      vertex 19.5439 -26.8998 36
      vertex 18.1092 -27.8858 36
    endloop
  endfacet
  facet normal 0.56639 -0.824137 0
    outer loop
      vertex 19.5439 -26.8998 36
      vertex 18.1092 -27.8858 12
      vertex 19.5439 -26.8998 12
    endloop
  endfacet
  facet normal 0.382644 0.923896 -0
    outer loop
      vertex 13.524 30.3754 12
      vertex 11.9157 31.0415 36
      vertex 13.524 30.3754 36
    endloop
  endfacet
  facet normal 0.382644 0.923896 0
    outer loop
      vertex 11.9157 31.0415 36
      vertex 13.524 30.3754 12
      vertex 11.9157 31.0415 12
    endloop
  endfacet
  facet normal 0.382644 -0.923896 0
    outer loop
      vertex 11.9157 -31.0415 12
      vertex 13.524 -30.3754 36
      vertex 11.9157 -31.0415 36
    endloop
  endfacet
  facet normal 0.382644 -0.923896 0
    outer loop
      vertex 13.524 -30.3754 36
      vertex 11.9157 -31.0415 12
      vertex 13.524 -30.3754 12
    endloop
  endfacet
  facet normal -0.95882 -0.284015 0
    outer loop
      vertex -31.6226 -10.2748 12
      vertex -32.117 -8.60573 36
      vertex -32.117 -8.60573 12
    endloop
  endfacet
  facet normal -0.95882 -0.284015 0
    outer loop
      vertex -32.117 -8.60573 36
      vertex -31.6226 -10.2748 12
      vertex -31.6226 -10.2748 36
    endloop
  endfacet
  facet normal 0.923896 0.382644 0
    outer loop
      vertex 31.0415 11.9157 36
      vertex 30.3754 13.524 12
      vertex 30.3754 13.524 36
    endloop
  endfacet
  facet normal 0.923896 0.382644 0
    outer loop
      vertex 30.3754 13.524 12
      vertex 31.0415 11.9157 36
      vertex 31.0415 11.9157 12
    endloop
  endfacet
  facet normal -0.284015 0.95882 0
    outer loop
      vertex -8.60573 32.117 12
      vertex -10.2748 31.6226 36
      vertex -8.60573 32.117 36
    endloop
  endfacet
  facet normal -0.284015 0.95882 0
    outer loop
      vertex -10.2748 31.6226 36
      vertex -8.60573 32.117 12
      vertex -10.2748 31.6226 12
    endloop
  endfacet
  facet normal -0.972367 0.233459 0
    outer loop
      vertex -32.5234 6.91306 12
      vertex -32.117 8.60573 36
      vertex -32.117 8.60573 12
    endloop
  endfacet
  facet normal -0.972367 0.233459 0
    outer loop
      vertex -32.117 8.60573 36
      vertex -32.5234 6.91306 12
      vertex -32.5234 6.91306 36
    endloop
  endfacet
  facet normal -0.991439 0.130573 0
    outer loop
      vertex -33.0679 3.47557 12
      vertex -32.8406 5.20145 36
      vertex -32.8406 5.20145 12
    endloop
  endfacet
  facet normal -0.991439 0.130573 0
    outer loop
      vertex -32.8406 5.20145 36
      vertex -33.0679 3.47557 12
      vertex -33.0679 3.47557 36
    endloop
  endfacet
  facet normal 0.233459 -0.972367 0
    outer loop
      vertex 6.91306 -32.5234 12
      vertex 8.60573 -32.117 36
      vertex 6.91306 -32.5234 36
    endloop
  endfacet
  facet normal 0.233459 -0.972367 0
    outer loop
      vertex 8.60573 -32.117 36
      vertex 6.91306 -32.5234 12
      vertex 8.60573 -32.117 12
    endloop
  endfacet
  facet normal 0.852645 0.522491 0
    outer loop
      vertex 28.7953 16.625 36
      vertex 27.8858 18.1092 12
      vertex 27.8858 18.1092 36
    endloop
  endfacet
  facet normal 0.852645 0.522491 0
    outer loop
      vertex 27.8858 18.1092 12
      vertex 28.7953 16.625 36
      vertex 28.7953 16.625 12
    endloop
  endfacet
  facet normal -0.942637 -0.333821 0
    outer loop
      vertex -31.0415 -11.9157 12
      vertex -31.6226 -10.2748 36
      vertex -31.6226 -10.2748 12
    endloop
  endfacet
  facet normal -0.942637 -0.333821 0
    outer loop
      vertex -31.6226 -10.2748 36
      vertex -31.0415 -11.9157 12
      vertex -31.0415 -11.9157 36
    endloop
  endfacet
  facet normal 0.95882 -0.284015 0
    outer loop
      vertex 31.6226 -10.2748 36
      vertex 32.117 -8.60573 12
      vertex 32.117 -8.60573 36
    endloop
  endfacet
  facet normal 0.95882 -0.284015 0
    outer loop
      vertex 32.117 -8.60573 12
      vertex 31.6226 -10.2748 36
      vertex 31.6226 -10.2748 12
    endloop
  endfacet
  facet normal -0.608769 0.793347 0
    outer loop
      vertex -19.5439 26.8998 12
      vertex -20.9249 25.8401 36
      vertex -19.5439 26.8998 36
    endloop
  endfacet
  facet normal -0.608769 0.793347 0
    outer loop
      vertex -20.9249 25.8401 36
      vertex -19.5439 26.8998 12
      vertex -20.9249 25.8401 12
    endloop
  endfacet
  facet normal 0.878796 0.477197 0
    outer loop
      vertex 29.626 15.0952 36
      vertex 28.7953 16.625 12
      vertex 28.7953 16.625 36
    endloop
  endfacet
  facet normal 0.878796 0.477197 0
    outer loop
      vertex 28.7953 16.625 12
      vertex 29.626 15.0952 36
      vertex 29.626 15.0952 12
    endloop
  endfacet
  facet normal -0.996921 0.078414 0
    outer loop
      vertex -33.2044 1.74017 12
      vertex -33.0679 3.47557 36
      vertex -33.0679 3.47557 12
    endloop
  endfacet
  facet normal -0.996921 0.078414 0
    outer loop
      vertex -33.0679 3.47557 36
      vertex -33.2044 1.74017 12
      vertex -33.2044 1.74017 36
    endloop
  endfacet
  facet normal -0.942637 0.333821 0
    outer loop
      vertex -31.6226 10.2748 12
      vertex -31.0415 11.9157 36
      vertex -31.0415 11.9157 12
    endloop
  endfacet
  facet normal -0.942637 0.333821 0
    outer loop
      vertex -31.0415 11.9157 36
      vertex -31.6226 10.2748 12
      vertex -31.6226 10.2748 36
    endloop
  endfacet
  facet normal -0.983258 -0.18222 0
    outer loop
      vertex -32.5234 -6.91306 12
      vertex -32.8406 -5.20145 36
      vertex -32.8406 -5.20145 12
    endloop
  endfacet
  facet normal -0.983258 -0.18222 0
    outer loop
      vertex -32.8406 -5.20145 36
      vertex -32.5234 -6.91306 12
      vertex -32.5234 -6.91306 36
    endloop
  endfacet
  facet normal 0.972367 -0.233459 0
    outer loop
      vertex 32.117 -8.60573 36
      vertex 32.5234 -6.91306 12
      vertex 32.5234 -6.91306 36
    endloop
  endfacet
  facet normal 0.972367 -0.233459 0
    outer loop
      vertex 32.5234 -6.91306 12
      vertex 32.117 -8.60573 36
      vertex 32.117 -8.60573 12
    endloop
  endfacet
  facet normal -0.793347 0.608769 0
    outer loop
      vertex -26.8998 19.5439 12
      vertex -25.8401 20.9249 36
      vertex -25.8401 20.9249 12
    endloop
  endfacet
  facet normal -0.793347 0.608769 0
    outer loop
      vertex -25.8401 20.9249 36
      vertex -26.8998 19.5439 12
      vertex -26.8998 19.5439 36
    endloop
  endfacet
  facet normal -0.760419 -0.649433 0
    outer loop
      vertex -24.7096 -22.2486 12
      vertex -25.8401 -20.9249 36
      vertex -25.8401 -20.9249 12
    endloop
  endfacet
  facet normal -0.760419 -0.649433 0
    outer loop
      vertex -25.8401 -20.9249 36
      vertex -24.7096 -22.2486 12
      vertex -24.7096 -22.2486 36
    endloop
  endfacet
  facet normal 0.983258 0.18222 0
    outer loop
      vertex 32.8406 5.20145 36
      vertex 32.5234 6.91306 12
      vertex 32.5234 6.91306 36
    endloop
  endfacet
  facet normal 0.983258 0.18222 0
    outer loop
      vertex 32.5234 6.91306 12
      vertex 32.8406 5.20145 36
      vertex 32.8406 5.20145 12
    endloop
  endfacet
  facet normal -0.878796 0.477197 0
    outer loop
      vertex -29.626 15.0952 12
      vertex -28.7953 16.625 36
      vertex -28.7953 16.625 12
    endloop
  endfacet
  facet normal -0.878796 0.477197 0
    outer loop
      vertex -28.7953 16.625 36
      vertex -29.626 15.0952 12
      vertex -29.626 15.0952 36
    endloop
  endfacet
  facet normal 0.130573 -0.991439 0
    outer loop
      vertex 3.47557 -33.0679 12
      vertex 5.20145 -32.8406 36
      vertex 3.47557 -33.0679 36
    endloop
  endfacet
  facet normal 0.130573 -0.991439 0
    outer loop
      vertex 5.20145 -32.8406 36
      vertex 3.47557 -33.0679 12
      vertex 5.20145 -32.8406 12
    endloop
  endfacet
  facet normal -0.852645 0.522491 0
    outer loop
      vertex -28.7953 16.625 12
      vertex -27.8858 18.1092 36
      vertex -27.8858 18.1092 12
    endloop
  endfacet
  facet normal -0.852645 0.522491 0
    outer loop
      vertex -27.8858 18.1092 36
      vertex -28.7953 16.625 12
      vertex -28.7953 16.625 36
    endloop
  endfacet
  facet normal 0.725362 -0.688367 0
    outer loop
      vertex 23.5113 -23.5113 36
      vertex 24.7096 -22.2486 12
      vertex 24.7096 -22.2486 36
    endloop
  endfacet
  facet normal 0.725362 -0.688367 0
    outer loop
      vertex 24.7096 -22.2486 12
      vertex 23.5113 -23.5113 36
      vertex 23.5113 -23.5113 12
    endloop
  endfacet
  facet normal -0.477197 -0.878796 0
    outer loop
      vertex -16.625 -28.7953 12
      vertex -15.0952 -29.626 36
      vertex -16.625 -28.7953 36
    endloop
  endfacet
  facet normal -0.477197 -0.878796 -0
    outer loop
      vertex -15.0952 -29.626 36
      vertex -16.625 -28.7953 12
      vertex -15.0952 -29.626 12
    endloop
  endfacet
  facet normal 0.923896 -0.382644 0
    outer loop
      vertex 30.3754 -13.524 36
      vertex 31.0415 -11.9157 12
      vertex 31.0415 -11.9157 36
    endloop
  endfacet
  facet normal 0.923896 -0.382644 0
    outer loop
      vertex 31.0415 -11.9157 12
      vertex 30.3754 -13.524 36
      vertex 30.3754 -13.524 12
    endloop
  endfacet
  facet normal -0.999657 -0.0261953 0
    outer loop
      vertex -33.2044 -1.74017 12
      vertex -33.25 0 36
      vertex -33.25 0 12
    endloop
  endfacet
  facet normal -0.999657 -0.0261953 0
    outer loop
      vertex -33.25 0 36
      vertex -33.2044 -1.74017 12
      vertex -33.2044 -1.74017 36
    endloop
  endfacet
  facet normal -0.0784004 -0.996922 0
    outer loop
      vertex -3.47557 -33.0679 12
      vertex -3 -33.1053 36
      vertex -3.47557 -33.0679 36
    endloop
  endfacet
  facet normal -0.0784004 -0.996922 -0
    outer loop
      vertex -3 -33.1053 36
      vertex -3.47557 -33.0679 12
      vertex -3 -33.1053 12
    endloop
  endfacet
  facet normal 0.972367 0.233459 0
    outer loop
      vertex 32.5234 6.91306 36
      vertex 32.117 8.60573 12
      vertex 32.117 8.60573 36
    endloop
  endfacet
  facet normal 0.972367 0.233459 0
    outer loop
      vertex 32.117 8.60573 12
      vertex 32.5234 6.91306 36
      vertex 32.5234 6.91306 12
    endloop
  endfacet
  facet normal 0.902591 0.4305 0
    outer loop
      vertex 30.3754 13.524 36
      vertex 29.626 15.0952 12
      vertex 29.626 15.0952 36
    endloop
  endfacet
  facet normal 0.902591 0.4305 0
    outer loop
      vertex 29.626 15.0952 12
      vertex 30.3754 13.524 36
      vertex 30.3754 13.524 12
    endloop
  endfacet
  facet normal -0.382644 -0.923896 0
    outer loop
      vertex -13.524 -30.3754 12
      vertex -11.9157 -31.0415 36
      vertex -13.524 -30.3754 36
    endloop
  endfacet
  facet normal -0.382644 -0.923896 -0
    outer loop
      vertex -11.9157 -31.0415 36
      vertex -13.524 -30.3754 12
      vertex -11.9157 -31.0415 12
    endloop
  endfacet
  facet normal 0.95882 0.284015 0
    outer loop
      vertex 32.117 8.60573 36
      vertex 31.6226 10.2748 12
      vertex 31.6226 10.2748 36
    endloop
  endfacet
  facet normal 0.95882 0.284015 0
    outer loop
      vertex 31.6226 10.2748 12
      vertex 32.117 8.60573 36
      vertex 32.117 8.60573 12
    endloop
  endfacet
  facet normal 0.078414 0.996921 -0
    outer loop
      vertex 3.47557 33.0679 12
      vertex 1.74017 33.2044 36
      vertex 3.47557 33.0679 36
    endloop
  endfacet
  facet normal 0.078414 0.996921 0
    outer loop
      vertex 1.74017 33.2044 36
      vertex 3.47557 33.0679 12
      vertex 1.74017 33.2044 12
    endloop
  endfacet
  facet normal 0.233459 0.972367 -0
    outer loop
      vertex 8.60573 32.117 12
      vertex 6.91306 32.5234 36
      vertex 8.60573 32.117 36
    endloop
  endfacet
  facet normal 0.233459 0.972367 0
    outer loop
      vertex 6.91306 32.5234 36
      vertex 8.60573 32.117 12
      vertex 6.91306 32.5234 12
    endloop
  endfacet
  facet normal 0.688367 0.725362 -0
    outer loop
      vertex 23.5113 23.5113 12
      vertex 22.2486 24.7096 36
      vertex 23.5113 23.5113 36
    endloop
  endfacet
  facet normal 0.688367 0.725362 0
    outer loop
      vertex 22.2486 24.7096 36
      vertex 23.5113 23.5113 12
      vertex 22.2486 24.7096 12
    endloop
  endfacet
  facet normal -0.4305 -0.902591 0
    outer loop
      vertex -15.0952 -29.626 12
      vertex -13.524 -30.3754 36
      vertex -15.0952 -29.626 36
    endloop
  endfacet
  facet normal -0.4305 -0.902591 -0
    outer loop
      vertex -13.524 -30.3754 36
      vertex -15.0952 -29.626 12
      vertex -13.524 -30.3754 12
    endloop
  endfacet
  facet normal -0.688367 0.725362 0
    outer loop
      vertex -22.2486 24.7096 12
      vertex -23.5113 23.5113 36
      vertex -22.2486 24.7096 36
    endloop
  endfacet
  facet normal -0.688367 0.725362 0
    outer loop
      vertex -23.5113 23.5113 36
      vertex -22.2486 24.7096 12
      vertex -23.5113 23.5113 12
    endloop
  endfacet
  facet normal 0.688367 -0.725362 0
    outer loop
      vertex 22.2486 -24.7096 12
      vertex 23.5113 -23.5113 36
      vertex 22.2486 -24.7096 36
    endloop
  endfacet
  facet normal 0.688367 -0.725362 0
    outer loop
      vertex 23.5113 -23.5113 36
      vertex 22.2486 -24.7096 12
      vertex 23.5113 -23.5113 12
    endloop
  endfacet
  facet normal -0.18222 0.983258 0
    outer loop
      vertex -5.20145 32.8406 12
      vertex -6.91306 32.5234 36
      vertex -5.20145 32.8406 36
    endloop
  endfacet
  facet normal -0.18222 0.983258 0
    outer loop
      vertex -6.91306 32.5234 36
      vertex -5.20145 32.8406 12
      vertex -6.91306 32.5234 12
    endloop
  endfacet
  facet normal -0.130573 0.991439 0
    outer loop
      vertex -3.47557 33.0679 12
      vertex -5.20145 32.8406 36
      vertex -3.47557 33.0679 36
    endloop
  endfacet
  facet normal -0.130573 0.991439 0
    outer loop
      vertex -5.20145 32.8406 36
      vertex -3.47557 33.0679 12
      vertex -5.20145 32.8406 12
    endloop
  endfacet
  facet normal -0.18222 -0.983258 0
    outer loop
      vertex -6.91306 -32.5234 12
      vertex -5.20145 -32.8406 36
      vertex -6.91306 -32.5234 36
    endloop
  endfacet
  facet normal -0.18222 -0.983258 -0
    outer loop
      vertex -5.20145 -32.8406 36
      vertex -6.91306 -32.5234 12
      vertex -5.20145 -32.8406 12
    endloop
  endfacet
  facet normal 0.649433 -0.760419 0
    outer loop
      vertex 20.9249 -25.8401 12
      vertex 22.2486 -24.7096 36
      vertex 20.9249 -25.8401 36
    endloop
  endfacet
  facet normal 0.649433 -0.760419 0
    outer loop
      vertex 22.2486 -24.7096 36
      vertex 20.9249 -25.8401 12
      vertex 22.2486 -24.7096 12
    endloop
  endfacet
  facet normal 0.760419 -0.649433 0
    outer loop
      vertex 24.7096 -22.2486 36
      vertex 25.8401 -20.9249 12
      vertex 25.8401 -20.9249 36
    endloop
  endfacet
  facet normal 0.760419 -0.649433 0
    outer loop
      vertex 25.8401 -20.9249 12
      vertex 24.7096 -22.2486 36
      vertex 24.7096 -22.2486 12
    endloop
  endfacet
  facet normal -0.991439 -0.130573 0
    outer loop
      vertex -32.8406 -5.20145 12
      vertex -33.0679 -3.47557 36
      vertex -33.0679 -3.47557 12
    endloop
  endfacet
  facet normal -0.991439 -0.130573 0
    outer loop
      vertex -33.0679 -3.47557 36
      vertex -32.8406 -5.20145 12
      vertex -32.8406 -5.20145 36
    endloop
  endfacet
  facet normal -0.996921 -0.078414 0
    outer loop
      vertex -33.0679 -3.47557 12
      vertex -33.2044 -1.74017 36
      vertex -33.2044 -1.74017 12
    endloop
  endfacet
  facet normal -0.996921 -0.078414 0
    outer loop
      vertex -33.2044 -1.74017 36
      vertex -33.0679 -3.47557 12
      vertex -33.0679 -3.47557 36
    endloop
  endfacet
  facet normal -0.522491 0.852645 0
    outer loop
      vertex -16.625 28.7953 12
      vertex -18.1092 27.8858 36
      vertex -16.625 28.7953 36
    endloop
  endfacet
  facet normal -0.522491 0.852645 0
    outer loop
      vertex -18.1092 27.8858 36
      vertex -16.625 28.7953 12
      vertex -18.1092 27.8858 12
    endloop
  endfacet
  facet normal 0.902591 -0.4305 0
    outer loop
      vertex 29.626 -15.0952 36
      vertex 30.3754 -13.524 12
      vertex 30.3754 -13.524 36
    endloop
  endfacet
  facet normal 0.902591 -0.4305 0
    outer loop
      vertex 30.3754 -13.524 12
      vertex 29.626 -15.0952 36
      vertex 29.626 -15.0952 12
    endloop
  endfacet
  facet normal 0.996921 -0.078414 0
    outer loop
      vertex 33.0679 -3.47557 36
      vertex 33.2044 -1.74017 12
      vertex 33.2044 -1.74017 36
    endloop
  endfacet
  facet normal 0.996921 -0.078414 0
    outer loop
      vertex 33.2044 -1.74017 12
      vertex 33.0679 -3.47557 36
      vertex 33.0679 -3.47557 12
    endloop
  endfacet
  facet normal 0.56639 0.824137 -0
    outer loop
      vertex 19.5439 26.8998 12
      vertex 18.1092 27.8858 36
      vertex 19.5439 26.8998 36
    endloop
  endfacet
  facet normal 0.56639 0.824137 0
    outer loop
      vertex 18.1092 27.8858 36
      vertex 19.5439 26.8998 12
      vertex 18.1092 27.8858 12
    endloop
  endfacet
  facet normal 0.824137 0.56639 0
    outer loop
      vertex 27.8858 18.1092 36
      vertex 26.8998 19.5439 12
      vertex 26.8998 19.5439 36
    endloop
  endfacet
  facet normal 0.824137 0.56639 0
    outer loop
      vertex 26.8998 19.5439 12
      vertex 27.8858 18.1092 36
      vertex 27.8858 18.1092 12
    endloop
  endfacet
  facet normal -0.0261953 0.999657 0
    outer loop
      vertex 0 33.25 12
      vertex -1.74017 33.2044 36
      vertex 0 33.25 36
    endloop
  endfacet
  facet normal -0.0261953 0.999657 0
    outer loop
      vertex -1.74017 33.2044 36
      vertex 0 33.25 12
      vertex -1.74017 33.2044 12
    endloop
  endfacet
  facet normal -0.130573 -0.991439 0
    outer loop
      vertex -5.20145 -32.8406 12
      vertex -3.47557 -33.0679 36
      vertex -5.20145 -32.8406 36
    endloop
  endfacet
  facet normal -0.130573 -0.991439 -0
    outer loop
      vertex -3.47557 -33.0679 36
      vertex -5.20145 -32.8406 12
      vertex -3.47557 -33.0679 12
    endloop
  endfacet
  facet normal 0.4305 -0.902591 0
    outer loop
      vertex 13.524 -30.3754 12
      vertex 15.0952 -29.626 36
      vertex 13.524 -30.3754 36
    endloop
  endfacet
  facet normal 0.4305 -0.902591 0
    outer loop
      vertex 15.0952 -29.626 36
      vertex 13.524 -30.3754 12
      vertex 15.0952 -29.626 12
    endloop
  endfacet
  facet normal 0.477197 0.878796 -0
    outer loop
      vertex 16.625 28.7953 12
      vertex 15.0952 29.626 36
      vertex 16.625 28.7953 36
    endloop
  endfacet
  facet normal 0.477197 0.878796 0
    outer loop
      vertex 15.0952 29.626 36
      vertex 16.625 28.7953 12
      vertex 15.0952 29.626 12
    endloop
  endfacet
  facet normal -0.4305 0.902591 0
    outer loop
      vertex -13.524 30.3754 12
      vertex -15.0952 29.626 36
      vertex -13.524 30.3754 36
    endloop
  endfacet
  facet normal -0.4305 0.902591 0
    outer loop
      vertex -15.0952 29.626 36
      vertex -13.524 30.3754 12
      vertex -15.0952 29.626 12
    endloop
  endfacet
  facet normal -0.760419 0.649433 0
    outer loop
      vertex -25.8401 20.9249 12
      vertex -24.7096 22.2486 36
      vertex -24.7096 22.2486 12
    endloop
  endfacet
  facet normal -0.760419 0.649433 0
    outer loop
      vertex -24.7096 22.2486 36
      vertex -25.8401 20.9249 12
      vertex -25.8401 20.9249 36
    endloop
  endfacet
  facet normal -0.649433 0.760419 0
    outer loop
      vertex -20.9249 25.8401 12
      vertex -22.2486 24.7096 36
      vertex -20.9249 25.8401 36
    endloop
  endfacet
  facet normal -0.649433 0.760419 0
    outer loop
      vertex -22.2486 24.7096 36
      vertex -20.9249 25.8401 12
      vertex -22.2486 24.7096 12
    endloop
  endfacet
  facet normal 0.130573 0.991439 -0
    outer loop
      vertex 5.20145 32.8406 12
      vertex 3.47557 33.0679 36
      vertex 5.20145 32.8406 36
    endloop
  endfacet
  facet normal 0.130573 0.991439 0
    outer loop
      vertex 3.47557 33.0679 36
      vertex 5.20145 32.8406 12
      vertex 3.47557 33.0679 12
    endloop
  endfacet
  facet normal 0.284015 0.95882 -0
    outer loop
      vertex 10.2748 31.6226 12
      vertex 8.60573 32.117 36
      vertex 10.2748 31.6226 36
    endloop
  endfacet
  facet normal 0.284015 0.95882 0
    outer loop
      vertex 8.60573 32.117 36
      vertex 10.2748 31.6226 12
      vertex 8.60573 32.117 12
    endloop
  endfacet
  facet normal 0.4305 0.902591 -0
    outer loop
      vertex 15.0952 29.626 12
      vertex 13.524 30.3754 36
      vertex 15.0952 29.626 36
    endloop
  endfacet
  facet normal 0.4305 0.902591 0
    outer loop
      vertex 13.524 30.3754 36
      vertex 15.0952 29.626 12
      vertex 13.524 30.3754 12
    endloop
  endfacet
  facet normal -0.333821 0.942637 0
    outer loop
      vertex -10.2748 31.6226 12
      vertex -11.9157 31.0415 36
      vertex -10.2748 31.6226 36
    endloop
  endfacet
  facet normal -0.333821 0.942637 0
    outer loop
      vertex -11.9157 31.0415 36
      vertex -10.2748 31.6226 12
      vertex -11.9157 31.0415 12
    endloop
  endfacet
  facet normal 0.333821 0.942637 -0
    outer loop
      vertex 11.9157 31.0415 12
      vertex 10.2748 31.6226 36
      vertex 11.9157 31.0415 36
    endloop
  endfacet
  facet normal 0.333821 0.942637 0
    outer loop
      vertex 10.2748 31.6226 36
      vertex 11.9157 31.0415 12
      vertex 10.2748 31.6226 12
    endloop
  endfacet
  facet normal 0.477197 -0.878796 0
    outer loop
      vertex 15.0952 -29.626 12
      vertex 16.625 -28.7953 36
      vertex 15.0952 -29.626 36
    endloop
  endfacet
  facet normal 0.477197 -0.878796 0
    outer loop
      vertex 16.625 -28.7953 36
      vertex 15.0952 -29.626 12
      vertex 16.625 -28.7953 12
    endloop
  endfacet
  facet normal 0.284015 -0.95882 0
    outer loop
      vertex 8.60573 -32.117 12
      vertex 10.2748 -31.6226 36
      vertex 8.60573 -32.117 36
    endloop
  endfacet
  facet normal 0.284015 -0.95882 0
    outer loop
      vertex 10.2748 -31.6226 36
      vertex 8.60573 -32.117 12
      vertex 10.2748 -31.6226 12
    endloop
  endfacet
  facet normal 0.649433 0.760419 -0
    outer loop
      vertex 22.2486 24.7096 12
      vertex 20.9249 25.8401 36
      vertex 22.2486 24.7096 36
    endloop
  endfacet
  facet normal 0.649433 0.760419 0
    outer loop
      vertex 20.9249 25.8401 36
      vertex 22.2486 24.7096 12
      vertex 20.9249 25.8401 12
    endloop
  endfacet
  facet normal -0.999657 0.0261953 0
    outer loop
      vertex -33.25 0 12
      vertex -33.2044 1.74017 36
      vertex -33.2044 1.74017 12
    endloop
  endfacet
  facet normal -0.999657 0.0261953 0
    outer loop
      vertex -33.2044 1.74017 36
      vertex -33.25 0 12
      vertex -33.25 0 36
    endloop
  endfacet
  facet normal -0.824137 0.56639 0
    outer loop
      vertex -27.8858 18.1092 12
      vertex -26.8998 19.5439 36
      vertex -26.8998 19.5439 12
    endloop
  endfacet
  facet normal -0.824137 0.56639 0
    outer loop
      vertex -26.8998 19.5439 36
      vertex -27.8858 18.1092 12
      vertex -27.8858 18.1092 36
    endloop
  endfacet
  facet normal -0.078414 0.996921 0
    outer loop
      vertex -1.74017 33.2044 12
      vertex -3.47557 33.0679 36
      vertex -1.74017 33.2044 36
    endloop
  endfacet
  facet normal -0.078414 0.996921 0
    outer loop
      vertex -3.47557 33.0679 36
      vertex -1.74017 33.2044 12
      vertex -3.47557 33.0679 12
    endloop
  endfacet
  facet normal -0.688367 -0.725362 0
    outer loop
      vertex -23.5113 -23.5113 12
      vertex -22.2486 -24.7096 36
      vertex -23.5113 -23.5113 36
    endloop
  endfacet
  facet normal -0.688367 -0.725362 -0
    outer loop
      vertex -22.2486 -24.7096 36
      vertex -23.5113 -23.5113 12
      vertex -22.2486 -24.7096 12
    endloop
  endfacet
  facet normal 0.608769 -0.793347 0
    outer loop
      vertex 19.5439 -26.8998 12
      vertex 20.9249 -25.8401 36
      vertex 19.5439 -26.8998 36
    endloop
  endfacet
  facet normal 0.608769 -0.793347 0
    outer loop
      vertex 20.9249 -25.8401 36
      vertex 19.5439 -26.8998 12
      vertex 20.9249 -25.8401 12
    endloop
  endfacet
  facet normal -0.852645 -0.522491 0
    outer loop
      vertex -27.8858 -18.1092 12
      vertex -28.7953 -16.625 36
      vertex -28.7953 -16.625 12
    endloop
  endfacet
  facet normal -0.852645 -0.522491 0
    outer loop
      vertex -28.7953 -16.625 36
      vertex -27.8858 -18.1092 12
      vertex -27.8858 -18.1092 36
    endloop
  endfacet
  facet normal 0.333821 -0.942637 0
    outer loop
      vertex 10.2748 -31.6226 12
      vertex 11.9157 -31.0415 36
      vertex 10.2748 -31.6226 36
    endloop
  endfacet
  facet normal 0.333821 -0.942637 0
    outer loop
      vertex 11.9157 -31.0415 36
      vertex 10.2748 -31.6226 12
      vertex 11.9157 -31.0415 12
    endloop
  endfacet
  facet normal -0.725362 -0.688367 0
    outer loop
      vertex -23.5113 -23.5113 12
      vertex -24.7096 -22.2486 36
      vertex -24.7096 -22.2486 12
    endloop
  endfacet
  facet normal -0.725362 -0.688367 0
    outer loop
      vertex -24.7096 -22.2486 36
      vertex -23.5113 -23.5113 12
      vertex -23.5113 -23.5113 36
    endloop
  endfacet
  facet normal 0.878796 -0.477197 0
    outer loop
      vertex 28.7953 -16.625 36
      vertex 29.626 -15.0952 12
      vertex 29.626 -15.0952 36
    endloop
  endfacet
  facet normal 0.878796 -0.477197 0
    outer loop
      vertex 29.626 -15.0952 12
      vertex 28.7953 -16.625 36
      vertex 28.7953 -16.625 12
    endloop
  endfacet
  facet normal 0.824137 -0.56639 0
    outer loop
      vertex 26.8998 -19.5439 36
      vertex 27.8858 -18.1092 12
      vertex 27.8858 -18.1092 36
    endloop
  endfacet
  facet normal 0.824137 -0.56639 0
    outer loop
      vertex 27.8858 -18.1092 12
      vertex 26.8998 -19.5439 36
      vertex 26.8998 -19.5439 12
    endloop
  endfacet
  facet normal -0.477197 0.878796 0
    outer loop
      vertex -15.0952 29.626 12
      vertex -16.625 28.7953 36
      vertex -15.0952 29.626 36
    endloop
  endfacet
  facet normal -0.477197 0.878796 0
    outer loop
      vertex -16.625 28.7953 36
      vertex -15.0952 29.626 12
      vertex -16.625 28.7953 12
    endloop
  endfacet
  facet normal -0.333821 -0.942637 0
    outer loop
      vertex -11.9157 -31.0415 12
      vertex -10.2748 -31.6226 36
      vertex -11.9157 -31.0415 36
    endloop
  endfacet
  facet normal -0.333821 -0.942637 -0
    outer loop
      vertex -10.2748 -31.6226 36
      vertex -11.9157 -31.0415 12
      vertex -10.2748 -31.6226 12
    endloop
  endfacet
  facet normal 0.760419 0.649433 0
    outer loop
      vertex 25.8401 20.9249 36
      vertex 24.7096 22.2486 12
      vertex 24.7096 22.2486 36
    endloop
  endfacet
  facet normal 0.760419 0.649433 0
    outer loop
      vertex 24.7096 22.2486 12
      vertex 25.8401 20.9249 36
      vertex 25.8401 20.9249 12
    endloop
  endfacet
  facet normal -0.233459 -0.972367 0
    outer loop
      vertex -8.60573 -32.117 12
      vertex -6.91306 -32.5234 36
      vertex -8.60573 -32.117 36
    endloop
  endfacet
  facet normal -0.233459 -0.972367 -0
    outer loop
      vertex -6.91306 -32.5234 36
      vertex -8.60573 -32.117 12
      vertex -6.91306 -32.5234 12
    endloop
  endfacet
  facet normal -0.284015 -0.95882 0
    outer loop
      vertex -10.2748 -31.6226 12
      vertex -8.60573 -32.117 36
      vertex -10.2748 -31.6226 36
    endloop
  endfacet
  facet normal -0.284015 -0.95882 -0
    outer loop
      vertex -8.60573 -32.117 36
      vertex -10.2748 -31.6226 12
      vertex -8.60573 -32.117 12
    endloop
  endfacet
  facet normal 0.18222 0.983258 -0
    outer loop
      vertex 6.91306 32.5234 12
      vertex 5.20145 32.8406 36
      vertex 6.91306 32.5234 36
    endloop
  endfacet
  facet normal 0.18222 0.983258 0
    outer loop
      vertex 5.20145 32.8406 36
      vertex 6.91306 32.5234 12
      vertex 5.20145 32.8406 12
    endloop
  endfacet
  facet normal 0.522491 -0.852645 0
    outer loop
      vertex 16.625 -28.7953 12
      vertex 18.1092 -27.8858 36
      vertex 16.625 -28.7953 36
    endloop
  endfacet
  facet normal 0.522491 -0.852645 0
    outer loop
      vertex 18.1092 -27.8858 36
      vertex 16.625 -28.7953 12
      vertex 18.1092 -27.8858 12
    endloop
  endfacet
  facet normal 0 0 1
    outer loop
      vertex 29.8 0 36
      vertex 33.25 0 36
      vertex 33.2044 1.74017 36
    endloop
  endfacet
  facet normal 0 0 1
    outer loop
      vertex 29.7592 1.55961 36
      vertex 33.2044 1.74017 36
      vertex 33.0679 3.47557 36
    endloop
  endfacet
  facet normal 0 0 1
    outer loop
      vertex 33.25 0 36
      vertex 29.8 0 36
      vertex 33.2044 -1.74017 36
    endloop
  endfacet
  facet normal 0 0 1
    outer loop
      vertex 29.6368 3.11495 36
      vertex 33.0679 3.47557 36
      vertex 32.8406 5.20145 36
    endloop
  endfacet
  facet normal -0 0 1
    outer loop
      vertex 29.7592 -1.55961 36
      vertex 33.2044 -1.74017 36
      vertex 29.8 0 36
    endloop
  endfacet
  facet normal 0 0 1
    outer loop
      vertex 29.4331 4.66175 36
      vertex 32.8406 5.20145 36
      vertex 32.5234 6.91306 36
    endloop
  endfacet
  facet normal 0 0 1
    outer loop
      vertex 33.2044 -1.74017 36
      vertex 29.7592 -1.55961 36
      vertex 33.0679 -3.47557 36
    endloop
  endfacet
  facet normal 0 0 1
    outer loop
      vertex 29.1488 6.19577 36
      vertex 32.5234 6.91306 36
      vertex 32.117 8.60573 36
    endloop
  endfacet
  facet normal -0 0 1
    outer loop
      vertex 29.6368 -3.11495 36
      vertex 33.0679 -3.47557 36
      vertex 29.7592 -1.55961 36
    endloop
  endfacet
  facet normal 0 0 1
    outer loop
      vertex 28.7846 7.71281 36
      vertex 32.117 8.60573 36
      vertex 31.6226 10.2748 36
    endloop
  endfacet
  facet normal 0 0 1
    outer loop
      vertex 33.0679 -3.47557 36
      vertex 29.6368 -3.11495 36
      vertex 32.8406 -5.20145 36
    endloop
  endfacet
  facet normal 0 0 1
    outer loop
      vertex 28.3415 9.20871 36
      vertex 31.6226 10.2748 36
      vertex 31.0415 11.9157 36
    endloop
  endfacet
  facet normal -0 0 1
    outer loop
      vertex 29.4331 -4.66175 36
      vertex 32.8406 -5.20145 36
      vertex 29.6368 -3.11495 36
    endloop
  endfacet
  facet normal 0 0 1
    outer loop
      vertex 27.8207 10.6794 36
      vertex 31.0415 11.9157 36
      vertex 30.3754 13.524 36
    endloop
  endfacet
  facet normal 0 0 1
    outer loop
      vertex 32.8406 -5.20145 36
      vertex 29.4331 -4.66175 36
      vertex 32.5234 -6.91306 36
    endloop
  endfacet
  facet normal -0 0 1
    outer loop
      vertex 29.1488 -6.19577 36
      vertex 32.5234 -6.91306 36
      vertex 29.4331 -4.66175 36
    endloop
  endfacet
  facet normal 0 0 1
    outer loop
      vertex 33.2044 1.74017 36
      vertex 29.7592 1.55961 36
      vertex 29.8 0 36
    endloop
  endfacet
  facet normal 0 0 1
    outer loop
      vertex 33.0679 3.47557 36
      vertex 29.6368 3.11495 36
      vertex 29.7592 1.55961 36
    endloop
  endfacet
  facet normal 0 0 1
    outer loop
      vertex 27.2237 12.1208 36
      vertex 30.3754 13.524 36
      vertex 29.626 15.0952 36
    endloop
  endfacet
  facet normal 0 0 1
    outer loop
      vertex 32.8406 5.20145 36
      vertex 29.4331 4.66175 36
      vertex 29.6368 3.11495 36
    endloop
  endfacet
  facet normal 0 0 1
    outer loop
      vertex 32.5234 6.91306 36
      vertex 29.1488 6.19577 36
      vertex 29.4331 4.66175 36
    endloop
  endfacet
  facet normal 0 0 1
    outer loop
      vertex 26.552 13.5289 36
      vertex 29.626 15.0952 36
      vertex 28.7953 16.625 36
    endloop
  endfacet
  facet normal 0 0 1
    outer loop
      vertex 32.117 8.60573 36
      vertex 28.7846 7.71281 36
      vertex 29.1488 6.19577 36
    endloop
  endfacet
  facet normal 0 0 1
    outer loop
      vertex 31.6226 10.2748 36
      vertex 28.3415 9.20871 36
      vertex 28.7846 7.71281 36
    endloop
  endfacet
  facet normal 0 0 1
    outer loop
      vertex 25.8076 14.9 36
      vertex 28.7953 16.625 36
      vertex 27.8858 18.1092 36
    endloop
  endfacet
  facet normal 0 0 1
    outer loop
      vertex 31.0415 11.9157 36
      vertex 27.8207 10.6794 36
      vertex 28.3415 9.20871 36
    endloop
  endfacet
  facet normal 0 0 1
    outer loop
      vertex 30.3754 13.524 36
      vertex 27.2237 12.1208 36
      vertex 27.8207 10.6794 36
    endloop
  endfacet
  facet normal 0 0 1
    outer loop
      vertex 24.9924 16.2302 36
      vertex 27.8858 18.1092 36
      vertex 26.8998 19.5439 36
    endloop
  endfacet
  facet normal 0 0 1
    outer loop
      vertex 29.626 15.0952 36
      vertex 26.552 13.5289 36
      vertex 27.2237 12.1208 36
    endloop
  endfacet
  facet normal 0 0 1
    outer loop
      vertex 24.1087 17.516 36
      vertex 26.8998 19.5439 36
      vertex 25.8401 20.9249 36
    endloop
  endfacet
  facet normal 0 0 1
    outer loop
      vertex 28.7953 16.625 36
      vertex 25.8076 14.9 36
      vertex 26.552 13.5289 36
    endloop
  endfacet
  facet normal 0 0 1
    outer loop
      vertex 27.8858 18.1092 36
      vertex 24.9924 16.2302 36
      vertex 25.8076 14.9 36
    endloop
  endfacet
  facet normal 0 0 1
    outer loop
      vertex 23.1589 18.7537 36
      vertex 25.8401 20.9249 36
      vertex 24.7096 22.2486 36
    endloop
  endfacet
  facet normal 0 0 1
    outer loop
      vertex 26.8998 19.5439 36
      vertex 24.1087 17.516 36
      vertex 24.9924 16.2302 36
    endloop
  endfacet
  facet normal 0 0 1
    outer loop
      vertex 22.1457 19.9401 36
      vertex 24.7096 22.2486 36
      vertex 23.5113 23.5113 36
    endloop
  endfacet
  facet normal 0 0 1
    outer loop
      vertex 25.8401 20.9249 36
      vertex 23.1589 18.7537 36
      vertex 24.1087 17.516 36
    endloop
  endfacet
  facet normal 0 0 1
    outer loop
      vertex 21.0718 21.0718 36
      vertex 23.5113 23.5113 36
      vertex 22.2486 24.7096 36
    endloop
  endfacet
  facet normal 0 0 1
    outer loop
      vertex 24.7096 22.2486 36
      vertex 22.1457 19.9401 36
      vertex 23.1589 18.7537 36
    endloop
  endfacet
  facet normal 0 0 1
    outer loop
      vertex 23.5113 23.5113 36
      vertex 21.0718 21.0718 36
      vertex 22.1457 19.9401 36
    endloop
  endfacet
  facet normal 0 0 1
    outer loop
      vertex 19.9401 22.1457 36
      vertex 22.2486 24.7096 36
      vertex 20.9249 25.8401 36
    endloop
  endfacet
  facet normal 0 0 1
    outer loop
      vertex 22.2486 24.7096 36
      vertex 19.9401 22.1457 36
      vertex 21.0718 21.0718 36
    endloop
  endfacet
  facet normal 0 0 1
    outer loop
      vertex 18.7537 23.1589 36
      vertex 20.9249 25.8401 36
      vertex 19.5439 26.8998 36
    endloop
  endfacet
  facet normal 0 0 1
    outer loop
      vertex 20.9249 25.8401 36
      vertex 18.7537 23.1589 36
      vertex 19.9401 22.1457 36
    endloop
  endfacet
  facet normal 0 0 1
    outer loop
      vertex 17.516 24.1087 36
      vertex 19.5439 26.8998 36
      vertex 18.1092 27.8858 36
    endloop
  endfacet
  facet normal 0 0 1
    outer loop
      vertex 19.5439 26.8998 36
      vertex 17.516 24.1087 36
      vertex 18.7537 23.1589 36
    endloop
  endfacet
  facet normal 0 0 1
    outer loop
      vertex 16.2302 24.9924 36
      vertex 18.1092 27.8858 36
      vertex 16.625 28.7953 36
    endloop
  endfacet
  facet normal 0 0 1
    outer loop
      vertex 18.1092 27.8858 36
      vertex 16.2302 24.9924 36
      vertex 17.516 24.1087 36
    endloop
  endfacet
  facet normal 0 0 1
    outer loop
      vertex 14.9 25.8076 36
      vertex 16.625 28.7953 36
      vertex 15.0952 29.626 36
    endloop
  endfacet
  facet normal 0 0 1
    outer loop
      vertex 16.625 28.7953 36
      vertex 14.9 25.8076 36
      vertex 16.2302 24.9924 36
    endloop
  endfacet
  facet normal 0 0 1
    outer loop
      vertex 15.0952 29.626 36
      vertex 13.5289 26.552 36
      vertex 14.9 25.8076 36
    endloop
  endfacet
  facet normal 0 0 1
    outer loop
      vertex 13.524 30.3754 36
      vertex 13.5289 26.552 36
      vertex 15.0952 29.626 36
    endloop
  endfacet
  facet normal 0 0 1
    outer loop
      vertex 13.524 30.3754 36
      vertex 12.1208 27.2237 36
      vertex 13.5289 26.552 36
    endloop
  endfacet
  facet normal 0 0 1
    outer loop
      vertex 11.9157 31.0415 36
      vertex 12.1208 27.2237 36
      vertex 13.524 30.3754 36
    endloop
  endfacet
  facet normal 0 0 1
    outer loop
      vertex 11.9157 31.0415 36
      vertex 10.6794 27.8207 36
      vertex 12.1208 27.2237 36
    endloop
  endfacet
  facet normal 0 0 1
    outer loop
      vertex 10.2748 31.6226 36
      vertex 10.6794 27.8207 36
      vertex 11.9157 31.0415 36
    endloop
  endfacet
  facet normal 0 0 1
    outer loop
      vertex 10.2748 31.6226 36
      vertex 9.20871 28.3415 36
      vertex 10.6794 27.8207 36
    endloop
  endfacet
  facet normal 0 0 1
    outer loop
      vertex 8.60573 32.117 36
      vertex 9.20871 28.3415 36
      vertex 10.2748 31.6226 36
    endloop
  endfacet
  facet normal 0 0 1
    outer loop
      vertex 8.60573 32.117 36
      vertex 7.71281 28.7846 36
      vertex 9.20871 28.3415 36
    endloop
  endfacet
  facet normal 0 0 1
    outer loop
      vertex 6.91306 32.5234 36
      vertex 7.71281 28.7846 36
      vertex 8.60573 32.117 36
    endloop
  endfacet
  facet normal 0 0 1
    outer loop
      vertex 6.91306 32.5234 36
      vertex 6.19577 29.1488 36
      vertex 7.71281 28.7846 36
    endloop
  endfacet
  facet normal 0 0 1
    outer loop
      vertex 5.20145 32.8406 36
      vertex 6.19577 29.1488 36
      vertex 6.91306 32.5234 36
    endloop
  endfacet
  facet normal 0 0 1
    outer loop
      vertex 5.20145 32.8406 36
      vertex 4.66175 29.4331 36
      vertex 6.19577 29.1488 36
    endloop
  endfacet
  facet normal 0 0 1
    outer loop
      vertex 3.47557 33.0679 36
      vertex 4.66175 29.4331 36
      vertex 5.20145 32.8406 36
    endloop
  endfacet
  facet normal 0 0 1
    outer loop
      vertex 3.47557 33.0679 36
      vertex 3.11495 29.6368 36
      vertex 4.66175 29.4331 36
    endloop
  endfacet
  facet normal 0 0 1
    outer loop
      vertex 1.74017 33.2044 36
      vertex 3.11495 29.6368 36
      vertex 3.47557 33.0679 36
    endloop
  endfacet
  facet normal 0 0 1
    outer loop
      vertex 1.74017 33.2044 36
      vertex 1.55961 29.7592 36
      vertex 3.11495 29.6368 36
    endloop
  endfacet
  facet normal 0 0 1
    outer loop
      vertex 0 33.25 36
      vertex 1.55961 29.7592 36
      vertex 1.74017 33.2044 36
    endloop
  endfacet
  facet normal 0 0 1
    outer loop
      vertex 0 33.25 36
      vertex 0 29.8 36
      vertex 1.55961 29.7592 36
    endloop
  endfacet
  facet normal 0 0 1
    outer loop
      vertex 0 33.25 36
      vertex -1.55961 29.7592 36
      vertex 0 29.8 36
    endloop
  endfacet
  facet normal -0 0 1
    outer loop
      vertex -1.74017 33.2044 36
      vertex -1.55961 29.7592 36
      vertex 0 33.25 36
    endloop
  endfacet
  facet normal 0 0 1
    outer loop
      vertex -1.74017 33.2044 36
      vertex -3.11495 29.6368 36
      vertex -1.55961 29.7592 36
    endloop
  endfacet
  facet normal -0 0 1
    outer loop
      vertex -3.47557 33.0679 36
      vertex -3.11495 29.6368 36
      vertex -1.74017 33.2044 36
    endloop
  endfacet
  facet normal 0 0 1
    outer loop
      vertex -3.47557 33.0679 36
      vertex -4.66175 29.4331 36
      vertex -3.11495 29.6368 36
    endloop
  endfacet
  facet normal -0 0 1
    outer loop
      vertex -5.20145 32.8406 36
      vertex -4.66175 29.4331 36
      vertex -3.47557 33.0679 36
    endloop
  endfacet
  facet normal 0 0 1
    outer loop
      vertex -5.20145 32.8406 36
      vertex -6.19577 29.1488 36
      vertex -4.66175 29.4331 36
    endloop
  endfacet
  facet normal -0 0 1
    outer loop
      vertex -6.91306 32.5234 36
      vertex -6.19577 29.1488 36
      vertex -5.20145 32.8406 36
    endloop
  endfacet
  facet normal 0 0 1
    outer loop
      vertex -6.91306 32.5234 36
      vertex -7.71281 28.7846 36
      vertex -6.19577 29.1488 36
    endloop
  endfacet
  facet normal -0 0 1
    outer loop
      vertex -8.60573 32.117 36
      vertex -7.71281 28.7846 36
      vertex -6.91306 32.5234 36
    endloop
  endfacet
  facet normal 0 0 1
    outer loop
      vertex -8.60573 32.117 36
      vertex -9.20871 28.3415 36
      vertex -7.71281 28.7846 36
    endloop
  endfacet
  facet normal -0 0 1
    outer loop
      vertex -10.2748 31.6226 36
      vertex -9.20871 28.3415 36
      vertex -8.60573 32.117 36
    endloop
  endfacet
  facet normal 0 0 1
    outer loop
      vertex -10.2748 31.6226 36
      vertex -10.6794 27.8207 36
      vertex -9.20871 28.3415 36
    endloop
  endfacet
  facet normal -0 0 1
    outer loop
      vertex -11.9157 31.0415 36
      vertex -10.6794 27.8207 36
      vertex -10.2748 31.6226 36
    endloop
  endfacet
  facet normal 0 0 1
    outer loop
      vertex -11.9157 31.0415 36
      vertex -12.1208 27.2237 36
      vertex -10.6794 27.8207 36
    endloop
  endfacet
  facet normal -0 0 1
    outer loop
      vertex -13.524 30.3754 36
      vertex -12.1208 27.2237 36
      vertex -11.9157 31.0415 36
    endloop
  endfacet
  facet normal 0 0 1
    outer loop
      vertex -13.524 30.3754 36
      vertex -13.5289 26.552 36
      vertex -12.1208 27.2237 36
    endloop
  endfacet
  facet normal -0 0 1
    outer loop
      vertex -15.0952 29.626 36
      vertex -13.5289 26.552 36
      vertex -13.524 30.3754 36
    endloop
  endfacet
  facet normal 0 0 1
    outer loop
      vertex -13.5289 26.552 36
      vertex -15.0952 29.626 36
      vertex -14.9 25.8076 36
    endloop
  endfacet
  facet normal -0 0 1
    outer loop
      vertex -16.625 28.7953 36
      vertex -14.9 25.8076 36
      vertex -15.0952 29.626 36
    endloop
  endfacet
  facet normal 0 0 1
    outer loop
      vertex -14.9 25.8076 36
      vertex -16.625 28.7953 36
      vertex -16.2302 24.9924 36
    endloop
  endfacet
  facet normal -0 0 1
    outer loop
      vertex -18.1092 27.8858 36
      vertex -16.2302 24.9924 36
      vertex -16.625 28.7953 36
    endloop
  endfacet
  facet normal 0 0 1
    outer loop
      vertex -16.2302 24.9924 36
      vertex -18.1092 27.8858 36
      vertex -17.516 24.1087 36
    endloop
  endfacet
  facet normal -0 0 1
    outer loop
      vertex -19.5439 26.8998 36
      vertex -17.516 24.1087 36
      vertex -18.1092 27.8858 36
    endloop
  endfacet
  facet normal 0 0 1
    outer loop
      vertex -17.516 24.1087 36
      vertex -19.5439 26.8998 36
      vertex -18.7537 23.1589 36
    endloop
  endfacet
  facet normal -0 0 1
    outer loop
      vertex -20.9249 25.8401 36
      vertex -18.7537 23.1589 36
      vertex -19.5439 26.8998 36
    endloop
  endfacet
  facet normal 0 0 1
    outer loop
      vertex -18.7537 23.1589 36
      vertex -20.9249 25.8401 36
      vertex -19.9401 22.1457 36
    endloop
  endfacet
  facet normal -0 0 1
    outer loop
      vertex -22.2486 24.7096 36
      vertex -19.9401 22.1457 36
      vertex -20.9249 25.8401 36
    endloop
  endfacet
  facet normal 0 0 1
    outer loop
      vertex -19.9401 22.1457 36
      vertex -22.2486 24.7096 36
      vertex -21.0718 21.0718 36
    endloop
  endfacet
  facet normal -0 0 1
    outer loop
      vertex -23.5113 23.5113 36
      vertex -21.0718 21.0718 36
      vertex -22.2486 24.7096 36
    endloop
  endfacet
  facet normal 0 0 1
    outer loop
      vertex -21.0718 21.0718 36
      vertex -23.5113 23.5113 36
      vertex -22.1457 19.9401 36
    endloop
  endfacet
  facet normal -0 0 1
    outer loop
      vertex -24.7096 22.2486 36
      vertex -22.1457 19.9401 36
      vertex -23.5113 23.5113 36
    endloop
  endfacet
  facet normal 0 0 1
    outer loop
      vertex -22.1457 19.9401 36
      vertex -24.7096 22.2486 36
      vertex -23.1589 18.7537 36
    endloop
  endfacet
  facet normal -0 0 1
    outer loop
      vertex -25.8401 20.9249 36
      vertex -23.1589 18.7537 36
      vertex -24.7096 22.2486 36
    endloop
  endfacet
  facet normal 0 0 1
    outer loop
      vertex -23.1589 18.7537 36
      vertex -25.8401 20.9249 36
      vertex -24.1087 17.516 36
    endloop
  endfacet
  facet normal -0 0 1
    outer loop
      vertex -26.8998 19.5439 36
      vertex -24.1087 17.516 36
      vertex -25.8401 20.9249 36
    endloop
  endfacet
  facet normal 0 0 1
    outer loop
      vertex -24.1087 17.516 36
      vertex -26.8998 19.5439 36
      vertex -24.9924 16.2302 36
    endloop
  endfacet
  facet normal -0 0 1
    outer loop
      vertex -27.8858 18.1092 36
      vertex -24.9924 16.2302 36
      vertex -26.8998 19.5439 36
    endloop
  endfacet
  facet normal 0 0 1
    outer loop
      vertex -24.9924 16.2302 36
      vertex -27.8858 18.1092 36
      vertex -25.8076 14.9 36
    endloop
  endfacet
  facet normal -0 0 1
    outer loop
      vertex -28.7953 16.625 36
      vertex -25.8076 14.9 36
      vertex -27.8858 18.1092 36
    endloop
  endfacet
  facet normal 0 0 1
    outer loop
      vertex -25.8076 14.9 36
      vertex -28.7953 16.625 36
      vertex -26.552 13.5289 36
    endloop
  endfacet
  facet normal -0 0 1
    outer loop
      vertex -29.626 15.0952 36
      vertex -26.552 13.5289 36
      vertex -28.7953 16.625 36
    endloop
  endfacet
  facet normal 0 0 1
    outer loop
      vertex -26.552 13.5289 36
      vertex -29.626 15.0952 36
      vertex -27.2237 12.1208 36
    endloop
  endfacet
  facet normal -0 0 1
    outer loop
      vertex -30.3754 13.524 36
      vertex -27.2237 12.1208 36
      vertex -29.626 15.0952 36
    endloop
  endfacet
  facet normal 0 0 1
    outer loop
      vertex -27.2237 12.1208 36
      vertex -30.3754 13.524 36
      vertex -27.8207 10.6794 36
    endloop
  endfacet
  facet normal -0 0 1
    outer loop
      vertex -31.0415 11.9157 36
      vertex -27.8207 10.6794 36
      vertex -30.3754 13.524 36
    endloop
  endfacet
  facet normal 0 0 1
    outer loop
      vertex -27.8207 10.6794 36
      vertex -31.0415 11.9157 36
      vertex -28.3415 9.20871 36
    endloop
  endfacet
  facet normal -0 0 1
    outer loop
      vertex -31.6226 10.2748 36
      vertex -28.3415 9.20871 36
      vertex -31.0415 11.9157 36
    endloop
  endfacet
  facet normal 0 0 1
    outer loop
      vertex -28.3415 9.20871 36
      vertex -31.6226 10.2748 36
      vertex -28.7846 7.71281 36
    endloop
  endfacet
  facet normal -0 0 1
    outer loop
      vertex -32.117 8.60573 36
      vertex -28.7846 7.71281 36
      vertex -31.6226 10.2748 36
    endloop
  endfacet
  facet normal 0 0 1
    outer loop
      vertex -28.7846 7.71281 36
      vertex -32.117 8.60573 36
      vertex -29.1488 6.19577 36
    endloop
  endfacet
  facet normal -0 0 1
    outer loop
      vertex -32.5234 6.91306 36
      vertex -29.1488 6.19577 36
      vertex -32.117 8.60573 36
    endloop
  endfacet
  facet normal 0 0 1
    outer loop
      vertex 32.5234 -6.91306 36
      vertex 29.1488 -6.19577 36
      vertex 32.117 -8.60573 36
    endloop
  endfacet
  facet normal -0 0 1
    outer loop
      vertex 28.7846 -7.71281 36
      vertex 32.117 -8.60573 36
      vertex 29.1488 -6.19577 36
    endloop
  endfacet
  facet normal 0 0 1
    outer loop
      vertex 32.117 -8.60573 36
      vertex 28.7846 -7.71281 36
      vertex 31.6226 -10.2748 36
    endloop
  endfacet
  facet normal -0 0 1
    outer loop
      vertex 28.3415 -9.20871 36
      vertex 31.6226 -10.2748 36
      vertex 28.7846 -7.71281 36
    endloop
  endfacet
  facet normal 0 0 1
    outer loop
      vertex 31.6226 -10.2748 36
      vertex 28.3415 -9.20871 36
      vertex 31.0415 -11.9157 36
    endloop
  endfacet
  facet normal -0 0 1
    outer loop
      vertex 27.8207 -10.6794 36
      vertex 31.0415 -11.9157 36
      vertex 28.3415 -9.20871 36
    endloop
  endfacet
  facet normal 0 0 1
    outer loop
      vertex 31.0415 -11.9157 36
      vertex 27.8207 -10.6794 36
      vertex 30.3754 -13.524 36
    endloop
  endfacet
  facet normal -0 0 1
    outer loop
      vertex 27.2237 -12.1208 36
      vertex 30.3754 -13.524 36
      vertex 27.8207 -10.6794 36
    endloop
  endfacet
  facet normal 0 0 1
    outer loop
      vertex 30.3754 -13.524 36
      vertex 27.2237 -12.1208 36
      vertex 29.626 -15.0952 36
    endloop
  endfacet
  facet normal -0 0 1
    outer loop
      vertex 26.552 -13.5289 36
      vertex 29.626 -15.0952 36
      vertex 27.2237 -12.1208 36
    endloop
  endfacet
  facet normal 0 0 1
    outer loop
      vertex 29.626 -15.0952 36
      vertex 26.552 -13.5289 36
      vertex 28.7953 -16.625 36
    endloop
  endfacet
  facet normal -0 0 1
    outer loop
      vertex 25.8076 -14.9 36
      vertex 28.7953 -16.625 36
      vertex 26.552 -13.5289 36
    endloop
  endfacet
  facet normal 0 0 1
    outer loop
      vertex 28.7953 -16.625 36
      vertex 25.8076 -14.9 36
      vertex 27.8858 -18.1092 36
    endloop
  endfacet
  facet normal -0 0 1
    outer loop
      vertex 24.9924 -16.2302 36
      vertex 27.8858 -18.1092 36
      vertex 25.8076 -14.9 36
    endloop
  endfacet
  facet normal 0 0 1
    outer loop
      vertex 27.8858 -18.1092 36
      vertex 24.9924 -16.2302 36
      vertex 26.8998 -19.5439 36
    endloop
  endfacet
  facet normal -0 0 1
    outer loop
      vertex 24.1087 -17.516 36
      vertex 26.8998 -19.5439 36
      vertex 24.9924 -16.2302 36
    endloop
  endfacet
  facet normal 0 0 1
    outer loop
      vertex 26.8998 -19.5439 36
      vertex 24.1087 -17.516 36
      vertex 25.8401 -20.9249 36
    endloop
  endfacet
  facet normal -0 0 1
    outer loop
      vertex 23.1589 -18.7537 36
      vertex 25.8401 -20.9249 36
      vertex 24.1087 -17.516 36
    endloop
  endfacet
  facet normal 0 0 1
    outer loop
      vertex 25.8401 -20.9249 36
      vertex 23.1589 -18.7537 36
      vertex 24.7096 -22.2486 36
    endloop
  endfacet
  facet normal -0 0 1
    outer loop
      vertex 22.1457 -19.9401 36
      vertex 24.7096 -22.2486 36
      vertex 23.1589 -18.7537 36
    endloop
  endfacet
  facet normal 0 0 1
    outer loop
      vertex 24.7096 -22.2486 36
      vertex 22.1457 -19.9401 36
      vertex 23.5113 -23.5113 36
    endloop
  endfacet
  facet normal -0 0 1
    outer loop
      vertex 21.0718 -21.0718 36
      vertex 23.5113 -23.5113 36
      vertex 22.1457 -19.9401 36
    endloop
  endfacet
  facet normal 0 0 1
    outer loop
      vertex 23.5113 -23.5113 36
      vertex 21.0718 -21.0718 36
      vertex 22.2486 -24.7096 36
    endloop
  endfacet
  facet normal -0 0 1
    outer loop
      vertex 19.9401 -22.1457 36
      vertex 22.2486 -24.7096 36
      vertex 21.0718 -21.0718 36
    endloop
  endfacet
  facet normal 0 0 1
    outer loop
      vertex 22.2486 -24.7096 36
      vertex 19.9401 -22.1457 36
      vertex 20.9249 -25.8401 36
    endloop
  endfacet
  facet normal -0 0 1
    outer loop
      vertex 18.7537 -23.1589 36
      vertex 20.9249 -25.8401 36
      vertex 19.9401 -22.1457 36
    endloop
  endfacet
  facet normal 0 0 1
    outer loop
      vertex 20.9249 -25.8401 36
      vertex 18.7537 -23.1589 36
      vertex 19.5439 -26.8998 36
    endloop
  endfacet
  facet normal -0 0 1
    outer loop
      vertex 17.516 -24.1087 36
      vertex 19.5439 -26.8998 36
      vertex 18.7537 -23.1589 36
    endloop
  endfacet
  facet normal 0 0 1
    outer loop
      vertex 19.5439 -26.8998 36
      vertex 17.516 -24.1087 36
      vertex 18.1092 -27.8858 36
    endloop
  endfacet
  facet normal -0 0 1
    outer loop
      vertex 16.2302 -24.9924 36
      vertex 18.1092 -27.8858 36
      vertex 17.516 -24.1087 36
    endloop
  endfacet
  facet normal 0 0 1
    outer loop
      vertex 18.1092 -27.8858 36
      vertex 16.2302 -24.9924 36
      vertex 16.625 -28.7953 36
    endloop
  endfacet
  facet normal -0 0 1
    outer loop
      vertex 14.9 -25.8076 36
      vertex 16.625 -28.7953 36
      vertex 16.2302 -24.9924 36
    endloop
  endfacet
  facet normal 0 0 1
    outer loop
      vertex 16.625 -28.7953 36
      vertex 14.9 -25.8076 36
      vertex 15.0952 -29.626 36
    endloop
  endfacet
  facet normal -0 0 1
    outer loop
      vertex 13.5289 -26.552 36
      vertex 15.0952 -29.626 36
      vertex 14.9 -25.8076 36
    endloop
  endfacet
  facet normal 0 0 1
    outer loop
      vertex 13.5289 -26.552 36
      vertex 13.524 -30.3754 36
      vertex 15.0952 -29.626 36
    endloop
  endfacet
  facet normal -0 0 1
    outer loop
      vertex 12.1208 -27.2237 36
      vertex 13.524 -30.3754 36
      vertex 13.5289 -26.552 36
    endloop
  endfacet
  facet normal 0 0 1
    outer loop
      vertex 12.1208 -27.2237 36
      vertex 11.9157 -31.0415 36
      vertex 13.524 -30.3754 36
    endloop
  endfacet
  facet normal -0 0 1
    outer loop
      vertex 10.6794 -27.8207 36
      vertex 11.9157 -31.0415 36
      vertex 12.1208 -27.2237 36
    endloop
  endfacet
  facet normal 0 0 1
    outer loop
      vertex 10.6794 -27.8207 36
      vertex 10.2748 -31.6226 36
      vertex 11.9157 -31.0415 36
    endloop
  endfacet
  facet normal -0 0 1
    outer loop
      vertex 9.20871 -28.3415 36
      vertex 10.2748 -31.6226 36
      vertex 10.6794 -27.8207 36
    endloop
  endfacet
  facet normal 0 0 1
    outer loop
      vertex 9.20871 -28.3415 36
      vertex 8.60573 -32.117 36
      vertex 10.2748 -31.6226 36
    endloop
  endfacet
  facet normal -0 0 1
    outer loop
      vertex 7.71281 -28.7846 36
      vertex 8.60573 -32.117 36
      vertex 9.20871 -28.3415 36
    endloop
  endfacet
  facet normal 0 0 1
    outer loop
      vertex 7.71281 -28.7846 36
      vertex 6.91306 -32.5234 36
      vertex 8.60573 -32.117 36
    endloop
  endfacet
  facet normal -0 0 1
    outer loop
      vertex 6.19577 -29.1488 36
      vertex 6.91306 -32.5234 36
      vertex 7.71281 -28.7846 36
    endloop
  endfacet
  facet normal 0 0 1
    outer loop
      vertex 6.19577 -29.1488 36
      vertex 5.20145 -32.8406 36
      vertex 6.91306 -32.5234 36
    endloop
  endfacet
  facet normal -0 0 1
    outer loop
      vertex 4.66175 -29.4331 36
      vertex 5.20145 -32.8406 36
      vertex 6.19577 -29.1488 36
    endloop
  endfacet
  facet normal 0 0 1
    outer loop
      vertex 4.66175 -29.4331 36
      vertex 3.47557 -33.0679 36
      vertex 5.20145 -32.8406 36
    endloop
  endfacet
  facet normal -0 0 1
    outer loop
      vertex 3.11495 -29.6368 36
      vertex 3.47557 -33.0679 36
      vertex 4.66175 -29.4331 36
    endloop
  endfacet
  facet normal -0 0 1
    outer loop
      vertex 3 -29.6458 36
      vertex 3.47557 -33.0679 36
      vertex 3.11495 -29.6368 36
    endloop
  endfacet
  facet normal 0 0 1
    outer loop
      vertex 3.47557 -33.0679 36
      vertex 3 -29.6458 36
      vertex 3 -33.1053 36
    endloop
  endfacet
  facet normal 0 0 1
    outer loop
      vertex -3.47557 -33.0679 36
      vertex -3 -29.6458 36
      vertex -3.11495 -29.6368 36
    endloop
  endfacet
  facet normal 0 0 1
    outer loop
      vertex -3 -29.6458 36
      vertex -3.47557 -33.0679 36
      vertex -3 -33.1053 36
    endloop
  endfacet
  facet normal 0 0 1
    outer loop
      vertex -4.66175 -29.4331 36
      vertex -3.47557 -33.0679 36
      vertex -3.11495 -29.6368 36
    endloop
  endfacet
  facet normal 0 0 1
    outer loop
      vertex -4.66175 -29.4331 36
      vertex -5.20145 -32.8406 36
      vertex -3.47557 -33.0679 36
    endloop
  endfacet
  facet normal 0 0 1
    outer loop
      vertex -6.19577 -29.1488 36
      vertex -5.20145 -32.8406 36
      vertex -4.66175 -29.4331 36
    endloop
  endfacet
  facet normal 0 0 1
    outer loop
      vertex -6.19577 -29.1488 36
      vertex -6.91306 -32.5234 36
      vertex -5.20145 -32.8406 36
    endloop
  endfacet
  facet normal 0 0 1
    outer loop
      vertex -7.71281 -28.7846 36
      vertex -6.91306 -32.5234 36
      vertex -6.19577 -29.1488 36
    endloop
  endfacet
  facet normal 0 0 1
    outer loop
      vertex -7.71281 -28.7846 36
      vertex -8.60573 -32.117 36
      vertex -6.91306 -32.5234 36
    endloop
  endfacet
  facet normal 0 0 1
    outer loop
      vertex -9.20871 -28.3415 36
      vertex -8.60573 -32.117 36
      vertex -7.71281 -28.7846 36
    endloop
  endfacet
  facet normal 0 0 1
    outer loop
      vertex -9.20871 -28.3415 36
      vertex -10.2748 -31.6226 36
      vertex -8.60573 -32.117 36
    endloop
  endfacet
  facet normal 0 0 1
    outer loop
      vertex -10.6794 -27.8207 36
      vertex -10.2748 -31.6226 36
      vertex -9.20871 -28.3415 36
    endloop
  endfacet
  facet normal 0 0 1
    outer loop
      vertex -10.6794 -27.8207 36
      vertex -11.9157 -31.0415 36
      vertex -10.2748 -31.6226 36
    endloop
  endfacet
  facet normal 0 0 1
    outer loop
      vertex -12.1208 -27.2237 36
      vertex -11.9157 -31.0415 36
      vertex -10.6794 -27.8207 36
    endloop
  endfacet
  facet normal 0 0 1
    outer loop
      vertex -12.1208 -27.2237 36
      vertex -13.524 -30.3754 36
      vertex -11.9157 -31.0415 36
    endloop
  endfacet
  facet normal 0 0 1
    outer loop
      vertex -13.5289 -26.552 36
      vertex -13.524 -30.3754 36
      vertex -12.1208 -27.2237 36
    endloop
  endfacet
  facet normal 0 0 1
    outer loop
      vertex -15.0952 -29.626 36
      vertex -13.5289 -26.552 36
      vertex -14.9 -25.8076 36
    endloop
  endfacet
  facet normal 0 0 1
    outer loop
      vertex -13.5289 -26.552 36
      vertex -15.0952 -29.626 36
      vertex -13.524 -30.3754 36
    endloop
  endfacet
  facet normal 0 0 1
    outer loop
      vertex -16.625 -28.7953 36
      vertex -14.9 -25.8076 36
      vertex -16.2302 -24.9924 36
    endloop
  endfacet
  facet normal 0 0 1
    outer loop
      vertex -14.9 -25.8076 36
      vertex -16.625 -28.7953 36
      vertex -15.0952 -29.626 36
    endloop
  endfacet
  facet normal 0 0 1
    outer loop
      vertex -18.1092 -27.8858 36
      vertex -16.2302 -24.9924 36
      vertex -17.516 -24.1087 36
    endloop
  endfacet
  facet normal 0 0 1
    outer loop
      vertex -16.2302 -24.9924 36
      vertex -18.1092 -27.8858 36
      vertex -16.625 -28.7953 36
    endloop
  endfacet
  facet normal 0 0 1
    outer loop
      vertex -19.5439 -26.8998 36
      vertex -17.516 -24.1087 36
      vertex -18.7537 -23.1589 36
    endloop
  endfacet
  facet normal 0 0 1
    outer loop
      vertex -17.516 -24.1087 36
      vertex -19.5439 -26.8998 36
      vertex -18.1092 -27.8858 36
    endloop
  endfacet
  facet normal 0 0 1
    outer loop
      vertex -20.9249 -25.8401 36
      vertex -18.7537 -23.1589 36
      vertex -19.9401 -22.1457 36
    endloop
  endfacet
  facet normal 0 0 1
    outer loop
      vertex -18.7537 -23.1589 36
      vertex -20.9249 -25.8401 36
      vertex -19.5439 -26.8998 36
    endloop
  endfacet
  facet normal 0 0 1
    outer loop
      vertex -22.2486 -24.7096 36
      vertex -19.9401 -22.1457 36
      vertex -21.0718 -21.0718 36
    endloop
  endfacet
  facet normal 0 0 1
    outer loop
      vertex -23.5113 -23.5113 36
      vertex -21.0718 -21.0718 36
      vertex -22.1457 -19.9401 36
    endloop
  endfacet
  facet normal 0 0 1
    outer loop
      vertex -19.9401 -22.1457 36
      vertex -22.2486 -24.7096 36
      vertex -20.9249 -25.8401 36
    endloop
  endfacet
  facet normal 0 0 1
    outer loop
      vertex -24.7096 -22.2486 36
      vertex -22.1457 -19.9401 36
      vertex -23.1589 -18.7537 36
    endloop
  endfacet
  facet normal 0 0 1
    outer loop
      vertex -21.0718 -21.0718 36
      vertex -23.5113 -23.5113 36
      vertex -22.2486 -24.7096 36
    endloop
  endfacet
  facet normal 0 0 1
    outer loop
      vertex -25.8401 -20.9249 36
      vertex -23.1589 -18.7537 36
      vertex -24.1087 -17.516 36
    endloop
  endfacet
  facet normal 0 0 1
    outer loop
      vertex -22.1457 -19.9401 36
      vertex -24.7096 -22.2486 36
      vertex -23.5113 -23.5113 36
    endloop
  endfacet
  facet normal 0 0 1
    outer loop
      vertex -26.8998 -19.5439 36
      vertex -24.1087 -17.516 36
      vertex -24.9924 -16.2302 36
    endloop
  endfacet
  facet normal 0 0 1
    outer loop
      vertex -27.8858 -18.1092 36
      vertex -24.9924 -16.2302 36
      vertex -25.8076 -14.9 36
    endloop
  endfacet
  facet normal 0 0 1
    outer loop
      vertex -23.1589 -18.7537 36
      vertex -25.8401 -20.9249 36
      vertex -24.7096 -22.2486 36
    endloop
  endfacet
  facet normal 0 0 1
    outer loop
      vertex -28.7953 -16.625 36
      vertex -25.8076 -14.9 36
      vertex -26.552 -13.5289 36
    endloop
  endfacet
  facet normal 0 0 1
    outer loop
      vertex -24.1087 -17.516 36
      vertex -26.8998 -19.5439 36
      vertex -25.8401 -20.9249 36
    endloop
  endfacet
  facet normal 0 0 1
    outer loop
      vertex -29.626 -15.0952 36
      vertex -26.552 -13.5289 36
      vertex -27.2237 -12.1208 36
    endloop
  endfacet
  facet normal 0 0 1
    outer loop
      vertex -30.3754 -13.524 36
      vertex -27.2237 -12.1208 36
      vertex -27.8207 -10.6794 36
    endloop
  endfacet
  facet normal 0 0 1
    outer loop
      vertex -24.9924 -16.2302 36
      vertex -27.8858 -18.1092 36
      vertex -26.8998 -19.5439 36
    endloop
  endfacet
  facet normal 0 0 1
    outer loop
      vertex -31.0415 -11.9157 36
      vertex -27.8207 -10.6794 36
      vertex -28.3415 -9.20871 36
    endloop
  endfacet
  facet normal 0 0 1
    outer loop
      vertex -31.6226 -10.2748 36
      vertex -28.3415 -9.20871 36
      vertex -28.7846 -7.71281 36
    endloop
  endfacet
  facet normal 0 0 1
    outer loop
      vertex -25.8076 -14.9 36
      vertex -28.7953 -16.625 36
      vertex -27.8858 -18.1092 36
    endloop
  endfacet
  facet normal 0 0 1
    outer loop
      vertex -32.117 -8.60573 36
      vertex -28.7846 -7.71281 36
      vertex -29.1488 -6.19577 36
    endloop
  endfacet
  facet normal 0 0 1
    outer loop
      vertex -32.5234 -6.91306 36
      vertex -29.1488 -6.19577 36
      vertex -29.4331 -4.66175 36
    endloop
  endfacet
  facet normal 0 0 1
    outer loop
      vertex -26.552 -13.5289 36
      vertex -29.626 -15.0952 36
      vertex -28.7953 -16.625 36
    endloop
  endfacet
  facet normal 0 0 1
    outer loop
      vertex -32.8406 -5.20145 36
      vertex -29.4331 -4.66175 36
      vertex -29.6368 -3.11495 36
    endloop
  endfacet
  facet normal 0 0 1
    outer loop
      vertex -33.0679 -3.47557 36
      vertex -29.6368 -3.11495 36
      vertex -29.7592 -1.55961 36
    endloop
  endfacet
  facet normal 0 0 1
    outer loop
      vertex -33.2044 -1.74017 36
      vertex -29.7592 -1.55961 36
      vertex -29.8 0 36
    endloop
  endfacet
  facet normal 0 0 1
    outer loop
      vertex -29.1488 6.19577 36
      vertex -32.5234 6.91306 36
      vertex -29.4331 4.66175 36
    endloop
  endfacet
  facet normal 0 0 1
    outer loop
      vertex -27.2237 -12.1208 36
      vertex -30.3754 -13.524 36
      vertex -29.626 -15.0952 36
    endloop
  endfacet
  facet normal -0 0 1
    outer loop
      vertex -32.8406 5.20145 36
      vertex -29.4331 4.66175 36
      vertex -32.5234 6.91306 36
    endloop
  endfacet
  facet normal 0 0 1
    outer loop
      vertex -27.8207 -10.6794 36
      vertex -31.0415 -11.9157 36
      vertex -30.3754 -13.524 36
    endloop
  endfacet
  facet normal 0 0 1
    outer loop
      vertex -29.4331 4.66175 36
      vertex -32.8406 5.20145 36
      vertex -29.6368 3.11495 36
    endloop
  endfacet
  facet normal 0 0 1
    outer loop
      vertex -28.3415 -9.20871 36
      vertex -31.6226 -10.2748 36
      vertex -31.0415 -11.9157 36
    endloop
  endfacet
  facet normal -0 0 1
    outer loop
      vertex -33.0679 3.47557 36
      vertex -29.6368 3.11495 36
      vertex -32.8406 5.20145 36
    endloop
  endfacet
  facet normal 0 0 1
    outer loop
      vertex -28.7846 -7.71281 36
      vertex -32.117 -8.60573 36
      vertex -31.6226 -10.2748 36
    endloop
  endfacet
  facet normal 0 0 1
    outer loop
      vertex -29.6368 3.11495 36
      vertex -33.0679 3.47557 36
      vertex -29.7592 1.55961 36
    endloop
  endfacet
  facet normal 0 0 1
    outer loop
      vertex -29.1488 -6.19577 36
      vertex -32.5234 -6.91306 36
      vertex -32.117 -8.60573 36
    endloop
  endfacet
  facet normal -0 0 1
    outer loop
      vertex -33.2044 1.74017 36
      vertex -29.7592 1.55961 36
      vertex -33.0679 3.47557 36
    endloop
  endfacet
  facet normal 0 0 1
    outer loop
      vertex -29.4331 -4.66175 36
      vertex -32.8406 -5.20145 36
      vertex -32.5234 -6.91306 36
    endloop
  endfacet
  facet normal 0 0 1
    outer loop
      vertex -29.7592 1.55961 36
      vertex -33.2044 1.74017 36
      vertex -29.8 0 36
    endloop
  endfacet
  facet normal 0 0 1
    outer loop
      vertex -29.6368 -3.11495 36
      vertex -33.0679 -3.47557 36
      vertex -32.8406 -5.20145 36
    endloop
  endfacet
  facet normal 0 0 1
    outer loop
      vertex -33.25 0 36
      vertex -29.8 0 36
      vertex -33.2044 1.74017 36
    endloop
  endfacet
  facet normal 0 0 1
    outer loop
      vertex -29.7592 -1.55961 36
      vertex -33.2044 -1.74017 36
      vertex -33.0679 -3.47557 36
    endloop
  endfacet
  facet normal 0 0 1
    outer loop
      vertex -29.8 0 36
      vertex -33.25 0 36
      vertex -33.2044 -1.74017 36
    endloop
  endfacet
  facet normal 0.983258 -0.18222 0
    outer loop
      vertex 32.5234 -6.91306 36
      vertex 32.8406 -5.20145 12
      vertex 32.8406 -5.20145 36
    endloop
  endfacet
  facet normal 0.983258 -0.18222 0
    outer loop
      vertex 32.8406 -5.20145 12
      vertex 32.5234 -6.91306 36
      vertex 32.5234 -6.91306 12
    endloop
  endfacet
  facet normal 0.991439 -0.130573 0
    outer loop
      vertex 32.8406 -5.20145 36
      vertex 33.0679 -3.47557 12
      vertex 33.0679 -3.47557 36
    endloop
  endfacet
  facet normal 0.991439 -0.130573 0
    outer loop
      vertex 33.0679 -3.47557 12
      vertex 32.8406 -5.20145 36
      vertex 32.8406 -5.20145 12
    endloop
  endfacet
  facet normal -0.522491 -0.852645 0
    outer loop
      vertex -18.1092 -27.8858 12
      vertex -16.625 -28.7953 36
      vertex -18.1092 -27.8858 36
    endloop
  endfacet
  facet normal -0.522491 -0.852645 -0
    outer loop
      vertex -16.625 -28.7953 36
      vertex -18.1092 -27.8858 12
      vertex -16.625 -28.7953 12
    endloop
  endfacet
  facet normal -0.902591 0.4305 0
    outer loop
      vertex -30.3754 13.524 12
      vertex -29.626 15.0952 36
      vertex -29.626 15.0952 12
    endloop
  endfacet
  facet normal -0.902591 0.4305 0
    outer loop
      vertex -29.626 15.0952 36
      vertex -30.3754 13.524 12
      vertex -30.3754 13.524 36
    endloop
  endfacet
  facet normal -0.56639 0.824137 0
    outer loop
      vertex -18.1092 27.8858 12
      vertex -19.5439 26.8998 36
      vertex -18.1092 27.8858 36
    endloop
  endfacet
  facet normal -0.56639 0.824137 0
    outer loop
      vertex -19.5439 26.8998 36
      vertex -18.1092 27.8858 12
      vertex -19.5439 26.8998 12
    endloop
  endfacet
  facet normal -0.233459 0.972367 0
    outer loop
      vertex -6.91306 32.5234 12
      vertex -8.60573 32.117 36
      vertex -6.91306 32.5234 36
    endloop
  endfacet
  facet normal -0.233459 0.972367 0
    outer loop
      vertex -8.60573 32.117 36
      vertex -6.91306 32.5234 12
      vertex -8.60573 32.117 12
    endloop
  endfacet
  facet normal -0.649433 -0.760419 0
    outer loop
      vertex -22.2486 -24.7096 12
      vertex -20.9249 -25.8401 36
      vertex -22.2486 -24.7096 36
    endloop
  endfacet
  facet normal -0.649433 -0.760419 -0
    outer loop
      vertex -20.9249 -25.8401 36
      vertex -22.2486 -24.7096 12
      vertex -20.9249 -25.8401 12
    endloop
  endfacet
  facet normal -0.878796 -0.477197 0
    outer loop
      vertex -28.7953 -16.625 12
      vertex -29.626 -15.0952 36
      vertex -29.626 -15.0952 12
    endloop
  endfacet
  facet normal -0.878796 -0.477197 0
    outer loop
      vertex -29.626 -15.0952 36
      vertex -28.7953 -16.625 12
      vertex -28.7953 -16.625 36
    endloop
  endfacet
  facet normal -0.972367 -0.233459 0
    outer loop
      vertex -32.117 -8.60573 12
      vertex -32.5234 -6.91306 36
      vertex -32.5234 -6.91306 12
    endloop
  endfacet
  facet normal -0.972367 -0.233459 0
    outer loop
      vertex -32.5234 -6.91306 36
      vertex -32.117 -8.60573 12
      vertex -32.117 -8.60573 36
    endloop
  endfacet
  facet normal 0.942637 -0.333821 0
    outer loop
      vertex 31.0415 -11.9157 36
      vertex 31.6226 -10.2748 12
      vertex 31.6226 -10.2748 36
    endloop
  endfacet
  facet normal 0.942637 -0.333821 0
    outer loop
      vertex 31.6226 -10.2748 12
      vertex 31.0415 -11.9157 36
      vertex 31.0415 -11.9157 12
    endloop
  endfacet
  facet normal -0.923896 0.382644 0
    outer loop
      vertex -31.0415 11.9157 12
      vertex -30.3754 13.524 36
      vertex -30.3754 13.524 12
    endloop
  endfacet
  facet normal -0.923896 0.382644 0
    outer loop
      vertex -30.3754 13.524 36
      vertex -31.0415 11.9157 12
      vertex -31.0415 11.9157 36
    endloop
  endfacet
  facet normal -0.382644 0.923896 0
    outer loop
      vertex -11.9157 31.0415 12
      vertex -13.524 30.3754 36
      vertex -11.9157 31.0415 36
    endloop
  endfacet
  facet normal -0.382644 0.923896 0
    outer loop
      vertex -13.524 30.3754 36
      vertex -11.9157 31.0415 12
      vertex -13.524 30.3754 12
    endloop
  endfacet
  facet normal -0.923896 -0.382644 0
    outer loop
      vertex -30.3754 -13.524 12
      vertex -31.0415 -11.9157 36
      vertex -31.0415 -11.9157 12
    endloop
  endfacet
  facet normal -0.923896 -0.382644 0
    outer loop
      vertex -31.0415 -11.9157 36
      vertex -30.3754 -13.524 12
      vertex -30.3754 -13.524 36
    endloop
  endfacet
  facet normal -0.902591 -0.4305 0
    outer loop
      vertex -29.626 -15.0952 12
      vertex -30.3754 -13.524 36
      vertex -30.3754 -13.524 12
    endloop
  endfacet
  facet normal -0.902591 -0.4305 0
    outer loop
      vertex -30.3754 -13.524 36
      vertex -29.626 -15.0952 12
      vertex -29.626 -15.0952 36
    endloop
  endfacet
  facet normal -1 0 0
    outer loop
      vertex 3 -30.25 8.5
      vertex 3 -33.1053 12
      vertex 3 -30.25 28
    endloop
  endfacet
  facet normal -1 0 0
    outer loop
      vertex 3 -45.8903 8.5
      vertex 3 -33.1053 12
      vertex 3 -30.25 8.5
    endloop
  endfacet
  facet normal -1 -0 0
    outer loop
      vertex 3 -33.1053 12
      vertex 3 -45.8903 8.5
      vertex 3 -45.8903 12
    endloop
  endfacet
  facet normal -1 0 0
    outer loop
      vertex 3 -30.25 28
      vertex 3 -29.6458 36
      vertex 3 -29.6458 28
    endloop
  endfacet
  facet normal -1 0 0
    outer loop
      vertex 3 -33.1053 36
      vertex 3 -30.25 28
      vertex 3 -33.1053 12
    endloop
  endfacet
  facet normal -1 0 0
    outer loop
      vertex 3 -30.25 28
      vertex 3 -33.1053 36
      vertex 3 -29.6458 36
    endloop
  endfacet
  facet normal -0 0 1
    outer loop
      vertex -3.11495 29.6368 28
      vertex -3 -29.6458 28
      vertex -1.55961 29.7592 28
    endloop
  endfacet
  facet normal -0 0 1
    outer loop
      vertex -4.66175 29.4331 28
      vertex -3 -29.6458 28
      vertex -3.11495 29.6368 28
    endloop
  endfacet
  facet normal -0 0 1
    outer loop
      vertex -4.66175 -29.4331 28
      vertex -3 -29.6458 28
      vertex -4.66175 29.4331 28
    endloop
  endfacet
  facet normal 0 0 1
    outer loop
      vertex -3 -29.6458 28
      vertex -4.66175 -29.4331 28
      vertex -3.11495 -29.6368 28
    endloop
  endfacet
  facet normal -0 0 1
    outer loop
      vertex -6.19577 29.1488 28
      vertex -4.66175 -29.4331 28
      vertex -4.66175 29.4331 28
    endloop
  endfacet
  facet normal 0 0 1
    outer loop
      vertex -6.19577 29.1488 28
      vertex -6.19577 -29.1488 28
      vertex -4.66175 -29.4331 28
    endloop
  endfacet
  facet normal -0 0 1
    outer loop
      vertex -7.71281 28.7846 28
      vertex -6.19577 -29.1488 28
      vertex -6.19577 29.1488 28
    endloop
  endfacet
  facet normal 0 0 1
    outer loop
      vertex -7.71281 28.7846 28
      vertex -7.71281 -28.7846 28
      vertex -6.19577 -29.1488 28
    endloop
  endfacet
  facet normal -0 0 1
    outer loop
      vertex -9.20871 28.3415 28
      vertex -7.71281 -28.7846 28
      vertex -7.71281 28.7846 28
    endloop
  endfacet
  facet normal 0 0 1
    outer loop
      vertex -9.20871 28.3415 28
      vertex -9.20871 -28.3415 28
      vertex -7.71281 -28.7846 28
    endloop
  endfacet
  facet normal -0 0 1
    outer loop
      vertex -10.6794 27.8207 28
      vertex -9.20871 -28.3415 28
      vertex -9.20871 28.3415 28
    endloop
  endfacet
  facet normal 0 0 1
    outer loop
      vertex -10.6794 27.8207 28
      vertex -10.6794 -27.8207 28
      vertex -9.20871 -28.3415 28
    endloop
  endfacet
  facet normal -0 0 1
    outer loop
      vertex -12.1208 27.2237 28
      vertex -10.6794 -27.8207 28
      vertex -10.6794 27.8207 28
    endloop
  endfacet
  facet normal 0 0 1
    outer loop
      vertex -12.1208 27.2237 28
      vertex -12.1208 -27.2237 28
      vertex -10.6794 -27.8207 28
    endloop
  endfacet
  facet normal -0 0 1
    outer loop
      vertex -13.5289 26.552 28
      vertex -12.1208 -27.2237 28
      vertex -12.1208 27.2237 28
    endloop
  endfacet
  facet normal 0 0 1
    outer loop
      vertex -13.5289 26.552 28
      vertex -13.5289 -26.552 28
      vertex -12.1208 -27.2237 28
    endloop
  endfacet
  facet normal -0 0 1
    outer loop
      vertex -14.9 25.8076 28
      vertex -13.5289 -26.552 28
      vertex -13.5289 26.552 28
    endloop
  endfacet
  facet normal 0 0 1
    outer loop
      vertex -14.9 25.8076 28
      vertex -14.9 -25.8076 28
      vertex -13.5289 -26.552 28
    endloop
  endfacet
  facet normal -0 0 1
    outer loop
      vertex -16.2302 24.9924 28
      vertex -14.9 -25.8076 28
      vertex -14.9 25.8076 28
    endloop
  endfacet
  facet normal 0 0 1
    outer loop
      vertex -16.2302 24.9924 28
      vertex -16.2302 -24.9924 28
      vertex -14.9 -25.8076 28
    endloop
  endfacet
  facet normal -0 0 1
    outer loop
      vertex -17.516 24.1087 28
      vertex -16.2302 -24.9924 28
      vertex -16.2302 24.9924 28
    endloop
  endfacet
  facet normal 0 0 1
    outer loop
      vertex -17.516 24.1087 28
      vertex -17.516 -24.1087 28
      vertex -16.2302 -24.9924 28
    endloop
  endfacet
  facet normal -0 0 1
    outer loop
      vertex -18.7537 23.1589 28
      vertex -17.516 -24.1087 28
      vertex -17.516 24.1087 28
    endloop
  endfacet
  facet normal 0 0 1
    outer loop
      vertex -18.7537 23.1589 28
      vertex -18.7537 -23.1589 28
      vertex -17.516 -24.1087 28
    endloop
  endfacet
  facet normal -0 0 1
    outer loop
      vertex -19.9401 22.1457 28
      vertex -18.7537 -23.1589 28
      vertex -18.7537 23.1589 28
    endloop
  endfacet
  facet normal 0 0 1
    outer loop
      vertex -19.9401 22.1457 28
      vertex -19.9401 -22.1457 28
      vertex -18.7537 -23.1589 28
    endloop
  endfacet
  facet normal -0 0 1
    outer loop
      vertex -21.0718 21.0718 28
      vertex -19.9401 -22.1457 28
      vertex -19.9401 22.1457 28
    endloop
  endfacet
  facet normal 0 0 1
    outer loop
      vertex -21.0718 21.0718 28
      vertex -21.0718 -21.0718 28
      vertex -19.9401 -22.1457 28
    endloop
  endfacet
  facet normal -0 0 1
    outer loop
      vertex -22.1457 19.9401 28
      vertex -21.0718 -21.0718 28
      vertex -21.0718 21.0718 28
    endloop
  endfacet
  facet normal 0 0 1
    outer loop
      vertex -22.1457 19.9401 28
      vertex -22.1457 -19.9401 28
      vertex -21.0718 -21.0718 28
    endloop
  endfacet
  facet normal -0 0 1
    outer loop
      vertex -23.1589 18.7537 28
      vertex -22.1457 -19.9401 28
      vertex -22.1457 19.9401 28
    endloop
  endfacet
  facet normal 0 0 1
    outer loop
      vertex -23.1589 18.7537 28
      vertex -23.1589 -18.7537 28
      vertex -22.1457 -19.9401 28
    endloop
  endfacet
  facet normal -0 0 1
    outer loop
      vertex -24.1087 17.516 28
      vertex -23.1589 -18.7537 28
      vertex -23.1589 18.7537 28
    endloop
  endfacet
  facet normal 0 0 1
    outer loop
      vertex -24.1087 17.516 28
      vertex -24.1087 -17.516 28
      vertex -23.1589 -18.7537 28
    endloop
  endfacet
  facet normal -0 0 1
    outer loop
      vertex -24.9924 16.2302 28
      vertex -24.1087 -17.516 28
      vertex -24.1087 17.516 28
    endloop
  endfacet
  facet normal 0 0 1
    outer loop
      vertex -24.9924 16.2302 28
      vertex -24.9924 -16.2302 28
      vertex -24.1087 -17.516 28
    endloop
  endfacet
  facet normal -0 0 1
    outer loop
      vertex -25.8076 14.9 28
      vertex -24.9924 -16.2302 28
      vertex -24.9924 16.2302 28
    endloop
  endfacet
  facet normal 0 0 1
    outer loop
      vertex -25.8076 14.9 28
      vertex -25.8076 -14.9 28
      vertex -24.9924 -16.2302 28
    endloop
  endfacet
  facet normal -0 0 1
    outer loop
      vertex -26.552 13.5289 28
      vertex -25.8076 -14.9 28
      vertex -25.8076 14.9 28
    endloop
  endfacet
  facet normal 0 0 1
    outer loop
      vertex -26.552 13.5289 28
      vertex -26.552 -13.5289 28
      vertex -25.8076 -14.9 28
    endloop
  endfacet
  facet normal -0 0 1
    outer loop
      vertex -27.2237 12.1208 28
      vertex -26.552 -13.5289 28
      vertex -26.552 13.5289 28
    endloop
  endfacet
  facet normal 0 0 1
    outer loop
      vertex -27.2237 12.1208 28
      vertex -27.2237 -12.1208 28
      vertex -26.552 -13.5289 28
    endloop
  endfacet
  facet normal -0 0 1
    outer loop
      vertex -27.8207 10.6794 28
      vertex -27.2237 -12.1208 28
      vertex -27.2237 12.1208 28
    endloop
  endfacet
  facet normal 0 0 1
    outer loop
      vertex -27.8207 10.6794 28
      vertex -27.8207 -10.6794 28
      vertex -27.2237 -12.1208 28
    endloop
  endfacet
  facet normal -0 0 1
    outer loop
      vertex -28.3415 9.20871 28
      vertex -27.8207 -10.6794 28
      vertex -27.8207 10.6794 28
    endloop
  endfacet
  facet normal 0 0 1
    outer loop
      vertex -28.3415 9.20871 28
      vertex -28.3415 -9.20871 28
      vertex -27.8207 -10.6794 28
    endloop
  endfacet
  facet normal -0 0 1
    outer loop
      vertex -28.7846 7.71281 28
      vertex -28.3415 -9.20871 28
      vertex -28.3415 9.20871 28
    endloop
  endfacet
  facet normal 0 0 1
    outer loop
      vertex -28.7846 7.71281 28
      vertex -28.7846 -7.71281 28
      vertex -28.3415 -9.20871 28
    endloop
  endfacet
  facet normal -0 0 1
    outer loop
      vertex -29.1488 6.19577 28
      vertex -28.7846 -7.71281 28
      vertex -28.7846 7.71281 28
    endloop
  endfacet
  facet normal 0 0 1
    outer loop
      vertex -29.1488 6.19577 28
      vertex -29.1488 -6.19577 28
      vertex -28.7846 -7.71281 28
    endloop
  endfacet
  facet normal -0 0 1
    outer loop
      vertex -29.4331 4.66175 28
      vertex -29.1488 -6.19577 28
      vertex -29.1488 6.19577 28
    endloop
  endfacet
  facet normal 0 0 1
    outer loop
      vertex -29.4331 4.66175 28
      vertex -29.4331 -4.66175 28
      vertex -29.1488 -6.19577 28
    endloop
  endfacet
  facet normal -0 0 1
    outer loop
      vertex -29.6368 3.11495 28
      vertex -29.4331 -4.66175 28
      vertex -29.4331 4.66175 28
    endloop
  endfacet
  facet normal 0 0 1
    outer loop
      vertex -29.6368 3.11495 28
      vertex -29.6368 -3.11495 28
      vertex -29.4331 -4.66175 28
    endloop
  endfacet
  facet normal -0 0 1
    outer loop
      vertex -29.7592 1.55961 28
      vertex -29.6368 -3.11495 28
      vertex -29.6368 3.11495 28
    endloop
  endfacet
  facet normal 0 0 1
    outer loop
      vertex -29.7592 1.55961 28
      vertex -29.7592 -1.55961 28
      vertex -29.6368 -3.11495 28
    endloop
  endfacet
  facet normal 0 -0 1
    outer loop
      vertex -29.7592 -1.55961 28
      vertex -29.7592 1.55961 28
      vertex -29.8 0 28
    endloop
  endfacet
  facet normal 0 0 1
    outer loop
      vertex 29.7592 1.55961 28
      vertex 29.7592 -1.55961 28
      vertex 29.8 0 28
    endloop
  endfacet
  facet normal 0 0 1
    outer loop
      vertex 29.6368 3.11495 28
      vertex 29.7592 -1.55961 28
      vertex 29.7592 1.55961 28
    endloop
  endfacet
  facet normal 0 0 1
    outer loop
      vertex 29.6368 3.11495 28
      vertex 29.6368 -3.11495 28
      vertex 29.7592 -1.55961 28
    endloop
  endfacet
  facet normal 0 0 1
    outer loop
      vertex 29.4331 4.66175 28
      vertex 29.6368 -3.11495 28
      vertex 29.6368 3.11495 28
    endloop
  endfacet
  facet normal 0 0 1
    outer loop
      vertex 29.4331 4.66175 28
      vertex 29.4331 -4.66175 28
      vertex 29.6368 -3.11495 28
    endloop
  endfacet
  facet normal 0 0 1
    outer loop
      vertex 29.1488 6.19577 28
      vertex 29.4331 -4.66175 28
      vertex 29.4331 4.66175 28
    endloop
  endfacet
  facet normal 0 0 1
    outer loop
      vertex 29.1488 6.19577 28
      vertex 29.1488 -6.19577 28
      vertex 29.4331 -4.66175 28
    endloop
  endfacet
  facet normal 0 0 1
    outer loop
      vertex 28.7846 7.71281 28
      vertex 29.1488 -6.19577 28
      vertex 29.1488 6.19577 28
    endloop
  endfacet
  facet normal 0 0 1
    outer loop
      vertex 28.7846 7.71281 28
      vertex 28.7846 -7.71281 28
      vertex 29.1488 -6.19577 28
    endloop
  endfacet
  facet normal 0 0 1
    outer loop
      vertex 28.3415 9.20871 28
      vertex 28.7846 -7.71281 28
      vertex 28.7846 7.71281 28
    endloop
  endfacet
  facet normal 0 0 1
    outer loop
      vertex 28.3415 9.20871 28
      vertex 28.3415 -9.20871 28
      vertex 28.7846 -7.71281 28
    endloop
  endfacet
  facet normal 0 0 1
    outer loop
      vertex 27.8207 10.6794 28
      vertex 28.3415 -9.20871 28
      vertex 28.3415 9.20871 28
    endloop
  endfacet
  facet normal 0 0 1
    outer loop
      vertex 27.8207 10.6794 28
      vertex 27.8207 -10.6794 28
      vertex 28.3415 -9.20871 28
    endloop
  endfacet
  facet normal 0 0 1
    outer loop
      vertex 27.2237 12.1208 28
      vertex 27.8207 -10.6794 28
      vertex 27.8207 10.6794 28
    endloop
  endfacet
  facet normal 0 0 1
    outer loop
      vertex 27.2237 12.1208 28
      vertex 27.2237 -12.1208 28
      vertex 27.8207 -10.6794 28
    endloop
  endfacet
  facet normal 0 0 1
    outer loop
      vertex 26.552 13.5289 28
      vertex 27.2237 -12.1208 28
      vertex 27.2237 12.1208 28
    endloop
  endfacet
  facet normal 0 0 1
    outer loop
      vertex 26.552 13.5289 28
      vertex 26.552 -13.5289 28
      vertex 27.2237 -12.1208 28
    endloop
  endfacet
  facet normal 0 0 1
    outer loop
      vertex 25.8076 14.9 28
      vertex 26.552 -13.5289 28
      vertex 26.552 13.5289 28
    endloop
  endfacet
  facet normal 0 0 1
    outer loop
      vertex 25.8076 14.9 28
      vertex 25.8076 -14.9 28
      vertex 26.552 -13.5289 28
    endloop
  endfacet
  facet normal 0 0 1
    outer loop
      vertex 24.9924 16.2302 28
      vertex 25.8076 -14.9 28
      vertex 25.8076 14.9 28
    endloop
  endfacet
  facet normal 0 0 1
    outer loop
      vertex 24.9924 16.2302 28
      vertex 24.9924 -16.2302 28
      vertex 25.8076 -14.9 28
    endloop
  endfacet
  facet normal 0 0 1
    outer loop
      vertex 24.1087 17.516 28
      vertex 24.9924 -16.2302 28
      vertex 24.9924 16.2302 28
    endloop
  endfacet
  facet normal 0 0 1
    outer loop
      vertex 24.1087 17.516 28
      vertex 24.1087 -17.516 28
      vertex 24.9924 -16.2302 28
    endloop
  endfacet
  facet normal 0 0 1
    outer loop
      vertex 23.1589 18.7537 28
      vertex 24.1087 -17.516 28
      vertex 24.1087 17.516 28
    endloop
  endfacet
  facet normal 0 0 1
    outer loop
      vertex 23.1589 18.7537 28
      vertex 23.1589 -18.7537 28
      vertex 24.1087 -17.516 28
    endloop
  endfacet
  facet normal 0 0 1
    outer loop
      vertex 22.1457 19.9401 28
      vertex 23.1589 -18.7537 28
      vertex 23.1589 18.7537 28
    endloop
  endfacet
  facet normal 0 0 1
    outer loop
      vertex 22.1457 19.9401 28
      vertex 22.1457 -19.9401 28
      vertex 23.1589 -18.7537 28
    endloop
  endfacet
  facet normal 0 0 1
    outer loop
      vertex 21.0718 21.0718 28
      vertex 22.1457 -19.9401 28
      vertex 22.1457 19.9401 28
    endloop
  endfacet
  facet normal 0 0 1
    outer loop
      vertex 21.0718 21.0718 28
      vertex 21.0718 -21.0718 28
      vertex 22.1457 -19.9401 28
    endloop
  endfacet
  facet normal 0 0 1
    outer loop
      vertex 19.9401 22.1457 28
      vertex 21.0718 -21.0718 28
      vertex 21.0718 21.0718 28
    endloop
  endfacet
  facet normal 0 0 1
    outer loop
      vertex 19.9401 22.1457 28
      vertex 19.9401 -22.1457 28
      vertex 21.0718 -21.0718 28
    endloop
  endfacet
  facet normal 0 0 1
    outer loop
      vertex 18.7537 23.1589 28
      vertex 19.9401 -22.1457 28
      vertex 19.9401 22.1457 28
    endloop
  endfacet
  facet normal 0 0 1
    outer loop
      vertex 18.7537 23.1589 28
      vertex 18.7537 -23.1589 28
      vertex 19.9401 -22.1457 28
    endloop
  endfacet
  facet normal 0 0 1
    outer loop
      vertex 17.516 24.1087 28
      vertex 18.7537 -23.1589 28
      vertex 18.7537 23.1589 28
    endloop
  endfacet
  facet normal 0 0 1
    outer loop
      vertex 17.516 24.1087 28
      vertex 17.516 -24.1087 28
      vertex 18.7537 -23.1589 28
    endloop
  endfacet
  facet normal 0 0 1
    outer loop
      vertex 16.2302 24.9924 28
      vertex 17.516 -24.1087 28
      vertex 17.516 24.1087 28
    endloop
  endfacet
  facet normal 0 0 1
    outer loop
      vertex 16.2302 24.9924 28
      vertex 16.2302 -24.9924 28
      vertex 17.516 -24.1087 28
    endloop
  endfacet
  facet normal 0 0 1
    outer loop
      vertex 14.9 25.8076 28
      vertex 16.2302 -24.9924 28
      vertex 16.2302 24.9924 28
    endloop
  endfacet
  facet normal 0 0 1
    outer loop
      vertex 14.9 25.8076 28
      vertex 14.9 -25.8076 28
      vertex 16.2302 -24.9924 28
    endloop
  endfacet
  facet normal 0 0 1
    outer loop
      vertex 13.5289 26.552 28
      vertex 14.9 -25.8076 28
      vertex 14.9 25.8076 28
    endloop
  endfacet
  facet normal 0 0 1
    outer loop
      vertex 13.5289 26.552 28
      vertex 13.5289 -26.552 28
      vertex 14.9 -25.8076 28
    endloop
  endfacet
  facet normal 0 0 1
    outer loop
      vertex 12.1208 27.2237 28
      vertex 13.5289 -26.552 28
      vertex 13.5289 26.552 28
    endloop
  endfacet
  facet normal 0 0 1
    outer loop
      vertex 12.1208 27.2237 28
      vertex 12.1208 -27.2237 28
      vertex 13.5289 -26.552 28
    endloop
  endfacet
  facet normal 0 0 1
    outer loop
      vertex 10.6794 27.8207 28
      vertex 12.1208 -27.2237 28
      vertex 12.1208 27.2237 28
    endloop
  endfacet
  facet normal 0 0 1
    outer loop
      vertex 10.6794 27.8207 28
      vertex 10.6794 -27.8207 28
      vertex 12.1208 -27.2237 28
    endloop
  endfacet
  facet normal 0 0 1
    outer loop
      vertex 9.20871 28.3415 28
      vertex 10.6794 -27.8207 28
      vertex 10.6794 27.8207 28
    endloop
  endfacet
  facet normal 0 0 1
    outer loop
      vertex 9.20871 28.3415 28
      vertex 9.20871 -28.3415 28
      vertex 10.6794 -27.8207 28
    endloop
  endfacet
  facet normal 0 0 1
    outer loop
      vertex 7.71281 28.7846 28
      vertex 9.20871 -28.3415 28
      vertex 9.20871 28.3415 28
    endloop
  endfacet
  facet normal 0 0 1
    outer loop
      vertex 7.71281 28.7846 28
      vertex 7.71281 -28.7846 28
      vertex 9.20871 -28.3415 28
    endloop
  endfacet
  facet normal 0 0 1
    outer loop
      vertex 6.19577 29.1488 28
      vertex 7.71281 -28.7846 28
      vertex 7.71281 28.7846 28
    endloop
  endfacet
  facet normal 0 0 1
    outer loop
      vertex 6.19577 29.1488 28
      vertex 6.19577 -29.1488 28
      vertex 7.71281 -28.7846 28
    endloop
  endfacet
  facet normal 0 0 1
    outer loop
      vertex 4.66175 29.4331 28
      vertex 6.19577 -29.1488 28
      vertex 6.19577 29.1488 28
    endloop
  endfacet
  facet normal 0 0 1
    outer loop
      vertex 4.66175 29.4331 28
      vertex 4.66175 -29.4331 28
      vertex 6.19577 -29.1488 28
    endloop
  endfacet
  facet normal 0 0 1
    outer loop
      vertex 3.11495 29.6368 28
      vertex 4.66175 -29.4331 28
      vertex 4.66175 29.4331 28
    endloop
  endfacet
  facet normal 0 0 1
    outer loop
      vertex 3 -29.6458 28
      vertex 4.66175 -29.4331 28
      vertex 3.11495 29.6368 28
    endloop
  endfacet
  facet normal 0 0 1
    outer loop
      vertex 4.66175 -29.4331 28
      vertex 3 -29.6458 28
      vertex 3.11495 -29.6368 28
    endloop
  endfacet
  facet normal 0 0 1
    outer loop
      vertex 1.55961 29.7592 28
      vertex 3 -29.6458 28
      vertex 3.11495 29.6368 28
    endloop
  endfacet
  facet normal 0 0 1
    outer loop
      vertex -3 -29.6458 28
      vertex 3 -29.6458 28
      vertex 1.55961 29.7592 28
    endloop
  endfacet
  facet normal 0 0 1
    outer loop
      vertex -3 -29.6458 28
      vertex 1.55961 29.7592 28
      vertex 0 29.8 28
    endloop
  endfacet
  facet normal 0 0 1
    outer loop
      vertex -3 -29.6458 28
      vertex 0 29.8 28
      vertex -1.55961 29.7592 28
    endloop
  endfacet
  facet normal 0 0 1
    outer loop
      vertex 3 -29.6458 28
      vertex -3 -29.6458 28
      vertex 3 -30.25 28
    endloop
  endfacet
  facet normal 0 0 1
    outer loop
      vertex 3 -30.25 28
      vertex -3 -29.6458 28
      vertex -3 -30.25 28
    endloop
  endfacet
  facet normal 1 0 0
    outer loop
      vertex -3 -29.6458 36
      vertex -3 -30.25 28
      vertex -3 -29.6458 28
    endloop
  endfacet
  facet normal 1 -0 0
    outer loop
      vertex -3 -33.1053 36
      vertex -3 -30.25 28
      vertex -3 -29.6458 36
    endloop
  endfacet
  facet normal 1 0 0
    outer loop
      vertex -3 -33.1053 12
      vertex -3 -30.25 28
      vertex -3 -33.1053 36
    endloop
  endfacet
  facet normal 1 0 0
    outer loop
      vertex -3 -30.25 28
      vertex -3 -33.1053 12
      vertex -3 -30.25 8.5
    endloop
  endfacet
  facet normal 1 0 0
    outer loop
      vertex -3 -45.8903 8.5
      vertex -3 -33.1053 12
      vertex -3 -45.8903 12
    endloop
  endfacet
  facet normal 1 0 0
    outer loop
      vertex -3 -33.1053 12
      vertex -3 -45.8903 8.5
      vertex -3 -30.25 8.5
    endloop
  endfacet
  facet normal 0 0 1
    outer loop
      vertex 3 -30.25 8.5
      vertex 2.40745 -45.937 8.5
      vertex 3 -45.8903 8.5
    endloop
  endfacet
  facet normal 0 0 1
    outer loop
      vertex 3 -30.25 8.5
      vertex 0 -46 8.5
      vertex 2.40745 -45.937 8.5
    endloop
  endfacet
  facet normal -0 0 1
    outer loop
      vertex -3 -30.25 8.5
      vertex 0 -46 8.5
      vertex 3 -30.25 8.5
    endloop
  endfacet
  facet normal 0 0 1
    outer loop
      vertex 0 -46 8.5
      vertex -3 -30.25 8.5
      vertex -2.40745 -45.937 8.5
    endloop
  endfacet
  facet normal 0 0 1
    outer loop
      vertex -2.40745 -45.937 8.5
      vertex -3 -30.25 8.5
      vertex -3 -45.8903 8.5
    endloop
  endfacet
  facet normal 0 -1 0
    outer loop
      vertex -3 -30.25 8.5
      vertex 3 -30.25 28
      vertex -3 -30.25 28
    endloop
  endfacet
  facet normal 0 -1 -0
    outer loop
      vertex 3 -30.25 28
      vertex -3 -30.25 8.5
      vertex 3 -30.25 8.5
    endloop
  endfacet
  facet normal 0.284012 0.958821 -0
    outer loop
      vertex -7.71281 -28.7846 28
      vertex -9.20871 -28.3415 36
      vertex -7.71281 -28.7846 36
    endloop
  endfacet
  facet normal 0.284012 0.958821 0
    outer loop
      vertex -9.20871 -28.3415 36
      vertex -7.71281 -28.7846 28
      vertex -9.20871 -28.3415 28
    endloop
  endfacet
  facet normal -0.972371 0.23344 0
    outer loop
      vertex 28.7846 -7.71281 28
      vertex 29.1488 -6.19577 36
      vertex 29.1488 -6.19577 28
    endloop
  endfacet
  facet normal -0.972371 0.23344 0
    outer loop
      vertex 29.1488 -6.19577 36
      vertex 28.7846 -7.71281 28
      vertex 28.7846 -7.71281 36
    endloop
  endfacet
  facet normal 0.68834 0.725388 -0
    outer loop
      vertex -19.9401 -22.1457 28
      vertex -21.0718 -21.0718 36
      vertex -19.9401 -22.1457 36
    endloop
  endfacet
  facet normal 0.68834 0.725388 0
    outer loop
      vertex -21.0718 -21.0718 36
      vertex -19.9401 -22.1457 28
      vertex -21.0718 -21.0718 28
    endloop
  endfacet
  facet normal -0.87883 -0.477136 0
    outer loop
      vertex 26.552 13.5289 28
      vertex 25.8076 14.9 36
      vertex 25.8076 14.9 28
    endloop
  endfacet
  facet normal -0.87883 -0.477136 0
    outer loop
      vertex 25.8076 14.9 36
      vertex 26.552 13.5289 28
      vertex 26.552 13.5289 36
    endloop
  endfacet
  facet normal -0.0261514 -0.999658 0
    outer loop
      vertex 0 29.8 28
      vertex 1.55961 29.7592 36
      vertex 0 29.8 36
    endloop
  endfacet
  facet normal -0.0261514 -0.999658 -0
    outer loop
      vertex 1.55961 29.7592 36
      vertex 0 29.8 28
      vertex 1.55961 29.7592 28
    endloop
  endfacet
  facet normal -0.078056 0.996949 0
    outer loop
      vertex 3.11495 -29.6368 28
      vertex 3 -29.6458 36
      vertex 3.11495 -29.6368 36
    endloop
  endfacet
  facet normal -0.078056 0.996949 0
    outer loop
      vertex 3 -29.6458 36
      vertex 3.11495 -29.6368 28
      vertex 3 -29.6458 28
    endloop
  endfacet
  facet normal -0.430548 0.902568 0
    outer loop
      vertex 13.5289 -26.552 28
      vertex 12.1208 -27.2237 36
      vertex 13.5289 -26.552 36
    endloop
  endfacet
  facet normal -0.430548 0.902568 0
    outer loop
      vertex 12.1208 -27.2237 36
      vertex 13.5289 -26.552 28
      vertex 12.1208 -27.2237 28
    endloop
  endfacet
  facet normal 0.958821 -0.284012 0
    outer loop
      vertex -28.7846 7.71281 36
      vertex -28.3415 9.20871 28
      vertex -28.3415 9.20871 36
    endloop
  endfacet
  facet normal 0.958821 -0.284012 0
    outer loop
      vertex -28.3415 9.20871 28
      vertex -28.7846 7.71281 36
      vertex -28.7846 7.71281 28
    endloop
  endfacet
  facet normal -0.996918 -0.0784541 0
    outer loop
      vertex 29.7592 1.55961 28
      vertex 29.6368 3.11495 36
      vertex 29.6368 3.11495 28
    endloop
  endfacet
  facet normal -0.996918 -0.0784541 0
    outer loop
      vertex 29.6368 3.11495 36
      vertex 29.7592 1.55961 28
      vertex 29.7592 1.55961 36
    endloop
  endfacet
  facet normal 0.182227 -0.983256 0
    outer loop
      vertex -6.19577 29.1488 28
      vertex -4.66175 29.4331 36
      vertex -6.19577 29.1488 36
    endloop
  endfacet
  facet normal 0.182227 -0.983256 0
    outer loop
      vertex -4.66175 29.4331 36
      vertex -6.19577 29.1488 28
      vertex -4.66175 29.4331 28
    endloop
  endfacet
  facet normal -0.522523 -0.852625 0
    outer loop
      vertex 14.9 25.8076 28
      vertex 16.2302 24.9924 36
      vertex 14.9 25.8076 36
    endloop
  endfacet
  facet normal -0.522523 -0.852625 -0
    outer loop
      vertex 16.2302 24.9924 36
      vertex 14.9 25.8076 28
      vertex 16.2302 24.9924 28
    endloop
  endfacet
  facet normal -0.824128 -0.566404 0
    outer loop
      vertex 24.9924 16.2302 28
      vertex 24.1087 17.516 36
      vertex 24.1087 17.516 28
    endloop
  endfacet
  facet normal -0.824128 -0.566404 0
    outer loop
      vertex 24.1087 17.516 36
      vertex 24.9924 16.2302 28
      vertex 24.9924 16.2302 36
    endloop
  endfacet
  facet normal 0.522523 0.852625 -0
    outer loop
      vertex -14.9 -25.8076 28
      vertex -16.2302 -24.9924 36
      vertex -14.9 -25.8076 36
    endloop
  endfacet
  facet normal 0.522523 0.852625 0
    outer loop
      vertex -16.2302 -24.9924 36
      vertex -14.9 -25.8076 28
      vertex -16.2302 -24.9924 28
    endloop
  endfacet
  facet normal -0.477136 0.87883 0
    outer loop
      vertex 14.9 -25.8076 28
      vertex 13.5289 -26.552 36
      vertex 14.9 -25.8076 36
    endloop
  endfacet
  facet normal -0.477136 0.87883 0
    outer loop
      vertex 13.5289 -26.552 36
      vertex 14.9 -25.8076 28
      vertex 13.5289 -26.552 28
    endloop
  endfacet
  facet normal -0.68834 0.725388 0
    outer loop
      vertex 21.0718 -21.0718 28
      vertex 19.9401 -22.1457 36
      vertex 21.0718 -21.0718 36
    endloop
  endfacet
  facet normal -0.68834 0.725388 0
    outer loop
      vertex 19.9401 -22.1457 36
      vertex 21.0718 -21.0718 28
      vertex 19.9401 -22.1457 28
    endloop
  endfacet
  facet normal -0.333808 -0.942641 0
    outer loop
      vertex 9.20871 28.3415 28
      vertex 10.6794 27.8207 36
      vertex 9.20871 28.3415 36
    endloop
  endfacet
  facet normal -0.333808 -0.942641 -0
    outer loop
      vertex 10.6794 27.8207 36
      vertex 9.20871 28.3415 28
      vertex 10.6794 27.8207 28
    endloop
  endfacet
  facet normal 0.130564 0.99144 -0
    outer loop
      vertex -3.11495 -29.6368 28
      vertex -4.66175 -29.4331 36
      vertex -3.11495 -29.6368 36
    endloop
  endfacet
  facet normal 0.130564 0.99144 0
    outer loop
      vertex -4.66175 -29.4331 36
      vertex -3.11495 -29.6368 28
      vertex -4.66175 -29.4331 28
    endloop
  endfacet
  facet normal -0.824128 0.566404 0
    outer loop
      vertex 24.1087 -17.516 28
      vertex 24.9924 -16.2302 36
      vertex 24.9924 -16.2302 28
    endloop
  endfacet
  facet normal -0.824128 0.566404 0
    outer loop
      vertex 24.9924 -16.2302 36
      vertex 24.1087 -17.516 28
      vertex 24.1087 -17.516 36
    endloop
  endfacet
  facet normal -0.23344 -0.972371 0
    outer loop
      vertex 6.19577 29.1488 28
      vertex 7.71281 28.7846 36
      vertex 6.19577 29.1488 36
    endloop
  endfacet
  facet normal -0.23344 -0.972371 -0
    outer loop
      vertex 7.71281 28.7846 36
      vertex 6.19577 29.1488 28
      vertex 7.71281 28.7846 28
    endloop
  endfacet
  facet normal -0.430548 -0.902568 0
    outer loop
      vertex 12.1208 27.2237 28
      vertex 13.5289 26.552 36
      vertex 12.1208 27.2237 36
    endloop
  endfacet
  facet normal -0.430548 -0.902568 -0
    outer loop
      vertex 13.5289 26.552 36
      vertex 12.1208 27.2237 28
      vertex 13.5289 26.552 28
    endloop
  endfacet
  facet normal -0.477136 -0.87883 0
    outer loop
      vertex 13.5289 26.552 28
      vertex 14.9 25.8076 36
      vertex 13.5289 26.552 36
    endloop
  endfacet
  facet normal -0.477136 -0.87883 -0
    outer loop
      vertex 14.9 25.8076 36
      vertex 13.5289 26.552 28
      vertex 14.9 25.8076 28
    endloop
  endfacet
  facet normal 0.983256 0.182227 0
    outer loop
      vertex -29.1488 -6.19577 36
      vertex -29.4331 -4.66175 28
      vertex -29.4331 -4.66175 36
    endloop
  endfacet
  facet normal 0.983256 0.182227 0
    outer loop
      vertex -29.4331 -4.66175 28
      vertex -29.1488 -6.19577 36
      vertex -29.1488 -6.19577 28
    endloop
  endfacet
  facet normal -0.649418 -0.760432 0
    outer loop
      vertex 18.7537 23.1589 28
      vertex 19.9401 22.1457 36
      vertex 18.7537 23.1589 36
    endloop
  endfacet
  facet normal -0.649418 -0.760432 -0
    outer loop
      vertex 19.9401 22.1457 36
      vertex 18.7537 23.1589 28
      vertex 19.9401 22.1457 28
    endloop
  endfacet
  facet normal 0.23344 -0.972371 0
    outer loop
      vertex -7.71281 28.7846 28
      vertex -6.19577 29.1488 36
      vertex -7.71281 28.7846 36
    endloop
  endfacet
  facet normal 0.23344 -0.972371 0
    outer loop
      vertex -6.19577 29.1488 36
      vertex -7.71281 28.7846 28
      vertex -6.19577 29.1488 28
    endloop
  endfacet
  facet normal -0.958821 -0.284012 0
    outer loop
      vertex 28.7846 7.71281 28
      vertex 28.3415 9.20871 36
      vertex 28.3415 9.20871 28
    endloop
  endfacet
  facet normal -0.958821 -0.284012 0
    outer loop
      vertex 28.3415 9.20871 36
      vertex 28.7846 7.71281 28
      vertex 28.7846 7.71281 36
    endloop
  endfacet
  facet normal -0.999658 -0.0261514 0
    outer loop
      vertex 29.8 0 28
      vertex 29.7592 1.55961 36
      vertex 29.7592 1.55961 28
    endloop
  endfacet
  facet normal -0.999658 -0.0261514 0
    outer loop
      vertex 29.7592 1.55961 36
      vertex 29.8 0 28
      vertex 29.8 0 36
    endloop
  endfacet
  facet normal -0.942641 -0.333808 0
    outer loop
      vertex 28.3415 9.20871 28
      vertex 27.8207 10.6794 36
      vertex 27.8207 10.6794 28
    endloop
  endfacet
  facet normal -0.942641 -0.333808 0
    outer loop
      vertex 27.8207 10.6794 36
      vertex 28.3415 9.20871 28
      vertex 28.3415 9.20871 36
    endloop
  endfacet
  facet normal -0.725388 0.68834 0
    outer loop
      vertex 21.0718 -21.0718 28
      vertex 22.1457 -19.9401 36
      vertex 22.1457 -19.9401 28
    endloop
  endfacet
  facet normal -0.725388 0.68834 0
    outer loop
      vertex 22.1457 -19.9401 36
      vertex 21.0718 -21.0718 28
      vertex 21.0718 -21.0718 36
    endloop
  endfacet
  facet normal -0.87883 0.477136 0
    outer loop
      vertex 25.8076 -14.9 28
      vertex 26.552 -13.5289 36
      vertex 26.552 -13.5289 28
    endloop
  endfacet
  facet normal -0.87883 0.477136 0
    outer loop
      vertex 26.552 -13.5289 36
      vertex 25.8076 -14.9 28
      vertex 25.8076 -14.9 36
    endloop
  endfacet
  facet normal -0.725388 -0.68834 0
    outer loop
      vertex 22.1457 19.9401 28
      vertex 21.0718 21.0718 36
      vertex 21.0718 21.0718 28
    endloop
  endfacet
  facet normal -0.725388 -0.68834 0
    outer loop
      vertex 21.0718 21.0718 36
      vertex 22.1457 19.9401 28
      vertex 22.1457 19.9401 36
    endloop
  endfacet
  facet normal -0.284012 0.958821 0
    outer loop
      vertex 9.20871 -28.3415 28
      vertex 7.71281 -28.7846 36
      vertex 9.20871 -28.3415 36
    endloop
  endfacet
  facet normal -0.284012 0.958821 0
    outer loop
      vertex 7.71281 -28.7846 36
      vertex 9.20871 -28.3415 28
      vertex 7.71281 -28.7846 28
    endloop
  endfacet
  facet normal 0.130564 -0.99144 0
    outer loop
      vertex -4.66175 29.4331 28
      vertex -3.11495 29.6368 36
      vertex -4.66175 29.4331 36
    endloop
  endfacet
  facet normal 0.130564 -0.99144 0
    outer loop
      vertex -3.11495 29.6368 36
      vertex -4.66175 29.4331 28
      vertex -3.11495 29.6368 28
    endloop
  endfacet
  facet normal -0.852625 0.522523 0
    outer loop
      vertex 24.9924 -16.2302 28
      vertex 25.8076 -14.9 36
      vertex 25.8076 -14.9 28
    endloop
  endfacet
  facet normal -0.852625 0.522523 0
    outer loop
      vertex 25.8076 -14.9 36
      vertex 24.9924 -16.2302 28
      vertex 24.9924 -16.2302 36
    endloop
  endfacet
  facet normal -0.996918 0.0784541 0
    outer loop
      vertex 29.6368 -3.11495 28
      vertex 29.7592 -1.55961 36
      vertex 29.7592 -1.55961 28
    endloop
  endfacet
  facet normal -0.996918 0.0784541 0
    outer loop
      vertex 29.7592 -1.55961 36
      vertex 29.6368 -3.11495 28
      vertex 29.6368 -3.11495 36
    endloop
  endfacet
  facet normal 0.999658 -0.0261514 0
    outer loop
      vertex -29.8 0 36
      vertex -29.7592 1.55961 28
      vertex -29.7592 1.55961 36
    endloop
  endfacet
  facet normal 0.999658 -0.0261514 0
    outer loop
      vertex -29.7592 1.55961 28
      vertex -29.8 0 36
      vertex -29.8 0 28
    endloop
  endfacet
  facet normal -0.983256 -0.182227 0
    outer loop
      vertex 29.4331 4.66175 28
      vertex 29.1488 6.19577 36
      vertex 29.1488 6.19577 28
    endloop
  endfacet
  facet normal -0.983256 -0.182227 0
    outer loop
      vertex 29.1488 6.19577 36
      vertex 29.4331 4.66175 28
      vertex 29.4331 4.66175 36
    endloop
  endfacet
  facet normal 0.68834 -0.725388 0
    outer loop
      vertex -21.0718 21.0718 28
      vertex -19.9401 22.1457 36
      vertex -21.0718 21.0718 36
    endloop
  endfacet
  facet normal 0.68834 -0.725388 0
    outer loop
      vertex -19.9401 22.1457 36
      vertex -21.0718 21.0718 28
      vertex -19.9401 22.1457 28
    endloop
  endfacet
  facet normal 0.996918 -0.0784541 0
    outer loop
      vertex -29.7592 1.55961 36
      vertex -29.6368 3.11495 28
      vertex -29.6368 3.11495 36
    endloop
  endfacet
  facet normal 0.996918 -0.0784541 0
    outer loop
      vertex -29.6368 3.11495 28
      vertex -29.7592 1.55961 36
      vertex -29.7592 1.55961 28
    endloop
  endfacet
  facet normal -0.99144 -0.130564 0
    outer loop
      vertex 29.6368 3.11495 28
      vertex 29.4331 4.66175 36
      vertex 29.4331 4.66175 28
    endloop
  endfacet
  facet normal -0.99144 -0.130564 0
    outer loop
      vertex 29.4331 4.66175 36
      vertex 29.6368 3.11495 28
      vertex 29.6368 3.11495 36
    endloop
  endfacet
  facet normal -0.0784541 -0.996918 0
    outer loop
      vertex 1.55961 29.7592 28
      vertex 3.11495 29.6368 36
      vertex 1.55961 29.7592 36
    endloop
  endfacet
  facet normal -0.0784541 -0.996918 -0
    outer loop
      vertex 3.11495 29.6368 36
      vertex 1.55961 29.7592 28
      vertex 3.11495 29.6368 28
    endloop
  endfacet
  facet normal -0.793329 -0.608793 0
    outer loop
      vertex 24.1087 17.516 28
      vertex 23.1589 18.7537 36
      vertex 23.1589 18.7537 28
    endloop
  endfacet
  facet normal -0.793329 -0.608793 0
    outer loop
      vertex 23.1589 18.7537 36
      vertex 24.1087 17.516 28
      vertex 24.1087 17.516 36
    endloop
  endfacet
  facet normal -0.972371 -0.23344 0
    outer loop
      vertex 29.1488 6.19577 28
      vertex 28.7846 7.71281 36
      vertex 28.7846 7.71281 28
    endloop
  endfacet
  facet normal -0.972371 -0.23344 0
    outer loop
      vertex 28.7846 7.71281 36
      vertex 29.1488 6.19577 28
      vertex 29.1488 6.19577 36
    endloop
  endfacet
  facet normal 0.999658 0.0261514 0
    outer loop
      vertex -29.7592 -1.55961 36
      vertex -29.8 0 28
      vertex -29.8 0 36
    endloop
  endfacet
  facet normal 0.999658 0.0261514 0
    outer loop
      vertex -29.8 0 28
      vertex -29.7592 -1.55961 36
      vertex -29.7592 -1.55961 28
    endloop
  endfacet
  facet normal 0.983256 -0.182227 0
    outer loop
      vertex -29.4331 4.66175 36
      vertex -29.1488 6.19577 28
      vertex -29.1488 6.19577 36
    endloop
  endfacet
  facet normal 0.983256 -0.182227 0
    outer loop
      vertex -29.1488 6.19577 28
      vertex -29.4331 4.66175 36
      vertex -29.4331 4.66175 28
    endloop
  endfacet
  facet normal 0.430548 0.902568 -0
    outer loop
      vertex -12.1208 -27.2237 28
      vertex -13.5289 -26.552 36
      vertex -12.1208 -27.2237 36
    endloop
  endfacet
  facet normal 0.430548 0.902568 0
    outer loop
      vertex -13.5289 -26.552 36
      vertex -12.1208 -27.2237 28
      vertex -13.5289 -26.552 28
    endloop
  endfacet
  facet normal -0.284012 -0.958821 0
    outer loop
      vertex 7.71281 28.7846 28
      vertex 9.20871 28.3415 36
      vertex 7.71281 28.7846 36
    endloop
  endfacet
  facet normal -0.284012 -0.958821 -0
    outer loop
      vertex 9.20871 28.3415 36
      vertex 7.71281 28.7846 28
      vertex 9.20871 28.3415 28
    endloop
  endfacet
  facet normal 0.725388 -0.68834 0
    outer loop
      vertex -22.1457 19.9401 36
      vertex -21.0718 21.0718 28
      vertex -21.0718 21.0718 36
    endloop
  endfacet
  facet normal 0.725388 -0.68834 0
    outer loop
      vertex -21.0718 21.0718 28
      vertex -22.1457 19.9401 36
      vertex -22.1457 19.9401 28
    endloop
  endfacet
  facet normal -0.23344 0.972371 0
    outer loop
      vertex 7.71281 -28.7846 28
      vertex 6.19577 -29.1488 36
      vertex 7.71281 -28.7846 36
    endloop
  endfacet
  facet normal -0.23344 0.972371 0
    outer loop
      vertex 6.19577 -29.1488 36
      vertex 7.71281 -28.7846 28
      vertex 6.19577 -29.1488 28
    endloop
  endfacet
  facet normal -0.382657 0.92389 0
    outer loop
      vertex 12.1208 -27.2237 28
      vertex 10.6794 -27.8207 36
      vertex 12.1208 -27.2237 36
    endloop
  endfacet
  facet normal -0.382657 0.92389 0
    outer loop
      vertex 10.6794 -27.8207 36
      vertex 12.1208 -27.2237 28
      vertex 10.6794 -27.8207 28
    endloop
  endfacet
  facet normal -0.983256 0.182227 0
    outer loop
      vertex 29.1488 -6.19577 28
      vertex 29.4331 -4.66175 36
      vertex 29.4331 -4.66175 28
    endloop
  endfacet
  facet normal -0.983256 0.182227 0
    outer loop
      vertex 29.4331 -4.66175 36
      vertex 29.1488 -6.19577 28
      vertex 29.1488 -6.19577 36
    endloop
  endfacet
  facet normal 0.649418 -0.760432 0
    outer loop
      vertex -19.9401 22.1457 28
      vertex -18.7537 23.1589 36
      vertex -19.9401 22.1457 36
    endloop
  endfacet
  facet normal 0.649418 -0.760432 0
    outer loop
      vertex -18.7537 23.1589 36
      vertex -19.9401 22.1457 28
      vertex -18.7537 23.1589 28
    endloop
  endfacet
  facet normal 0.608793 -0.793329 0
    outer loop
      vertex -18.7537 23.1589 28
      vertex -17.516 24.1087 36
      vertex -18.7537 23.1589 36
    endloop
  endfacet
  facet normal 0.608793 -0.793329 0
    outer loop
      vertex -17.516 24.1087 36
      vertex -18.7537 23.1589 28
      vertex -17.516 24.1087 28
    endloop
  endfacet
  facet normal -0.649418 0.760432 0
    outer loop
      vertex 19.9401 -22.1457 28
      vertex 18.7537 -23.1589 36
      vertex 19.9401 -22.1457 36
    endloop
  endfacet
  facet normal -0.649418 0.760432 0
    outer loop
      vertex 18.7537 -23.1589 36
      vertex 19.9401 -22.1457 28
      vertex 18.7537 -23.1589 28
    endloop
  endfacet
  facet normal -0.92389 -0.382657 0
    outer loop
      vertex 27.8207 10.6794 28
      vertex 27.2237 12.1208 36
      vertex 27.2237 12.1208 28
    endloop
  endfacet
  facet normal -0.92389 -0.382657 0
    outer loop
      vertex 27.2237 12.1208 36
      vertex 27.8207 10.6794 28
      vertex 27.8207 10.6794 36
    endloop
  endfacet
  facet normal 0.430548 -0.902568 0
    outer loop
      vertex -13.5289 26.552 28
      vertex -12.1208 27.2237 36
      vertex -13.5289 26.552 36
    endloop
  endfacet
  facet normal 0.430548 -0.902568 0
    outer loop
      vertex -12.1208 27.2237 36
      vertex -13.5289 26.552 28
      vertex -12.1208 27.2237 28
    endloop
  endfacet
  facet normal -0.760432 -0.649418 0
    outer loop
      vertex 23.1589 18.7537 28
      vertex 22.1457 19.9401 36
      vertex 22.1457 19.9401 28
    endloop
  endfacet
  facet normal -0.760432 -0.649418 0
    outer loop
      vertex 22.1457 19.9401 36
      vertex 23.1589 18.7537 28
      vertex 23.1589 18.7537 36
    endloop
  endfacet
  facet normal 0.760432 0.649418 0
    outer loop
      vertex -22.1457 -19.9401 36
      vertex -23.1589 -18.7537 28
      vertex -23.1589 -18.7537 36
    endloop
  endfacet
  facet normal 0.760432 0.649418 0
    outer loop
      vertex -23.1589 -18.7537 28
      vertex -22.1457 -19.9401 36
      vertex -22.1457 -19.9401 28
    endloop
  endfacet
  facet normal -0.130564 -0.99144 0
    outer loop
      vertex 3.11495 29.6368 28
      vertex 4.66175 29.4331 36
      vertex 3.11495 29.6368 36
    endloop
  endfacet
  facet normal -0.130564 -0.99144 -0
    outer loop
      vertex 4.66175 29.4331 36
      vertex 3.11495 29.6368 28
      vertex 4.66175 29.4331 28
    endloop
  endfacet
  facet normal 0.333808 0.942641 -0
    outer loop
      vertex -9.20871 -28.3415 28
      vertex -10.6794 -27.8207 36
      vertex -9.20871 -28.3415 36
    endloop
  endfacet
  facet normal 0.333808 0.942641 0
    outer loop
      vertex -10.6794 -27.8207 36
      vertex -9.20871 -28.3415 28
      vertex -10.6794 -27.8207 28
    endloop
  endfacet
  facet normal 0.182227 0.983256 -0
    outer loop
      vertex -4.66175 -29.4331 28
      vertex -6.19577 -29.1488 36
      vertex -4.66175 -29.4331 36
    endloop
  endfacet
  facet normal 0.182227 0.983256 0
    outer loop
      vertex -6.19577 -29.1488 36
      vertex -4.66175 -29.4331 28
      vertex -6.19577 -29.1488 28
    endloop
  endfacet
  facet normal -0.999658 0.0261514 0
    outer loop
      vertex 29.7592 -1.55961 28
      vertex 29.8 0 36
      vertex 29.8 0 28
    endloop
  endfacet
  facet normal -0.999658 0.0261514 0
    outer loop
      vertex 29.8 0 36
      vertex 29.7592 -1.55961 28
      vertex 29.7592 -1.55961 36
    endloop
  endfacet
  facet normal -0.99144 0.130564 0
    outer loop
      vertex 29.4331 -4.66175 28
      vertex 29.6368 -3.11495 36
      vertex 29.6368 -3.11495 28
    endloop
  endfacet
  facet normal -0.99144 0.130564 0
    outer loop
      vertex 29.6368 -3.11495 36
      vertex 29.4331 -4.66175 28
      vertex 29.4331 -4.66175 36
    endloop
  endfacet
  facet normal 0.566404 0.824128 -0
    outer loop
      vertex -16.2302 -24.9924 28
      vertex -17.516 -24.1087 36
      vertex -16.2302 -24.9924 36
    endloop
  endfacet
  facet normal 0.566404 0.824128 0
    outer loop
      vertex -17.516 -24.1087 36
      vertex -16.2302 -24.9924 28
      vertex -17.516 -24.1087 28
    endloop
  endfacet
  facet normal -0.902568 0.430548 0
    outer loop
      vertex 26.552 -13.5289 28
      vertex 27.2237 -12.1208 36
      vertex 27.2237 -12.1208 28
    endloop
  endfacet
  facet normal -0.902568 0.430548 0
    outer loop
      vertex 27.2237 -12.1208 36
      vertex 26.552 -13.5289 28
      vertex 26.552 -13.5289 36
    endloop
  endfacet
  facet normal -0.902568 -0.430548 0
    outer loop
      vertex 27.2237 12.1208 28
      vertex 26.552 13.5289 36
      vertex 26.552 13.5289 28
    endloop
  endfacet
  facet normal -0.902568 -0.430548 0
    outer loop
      vertex 26.552 13.5289 36
      vertex 27.2237 12.1208 28
      vertex 27.2237 12.1208 36
    endloop
  endfacet
  facet normal 0.649418 0.760432 -0
    outer loop
      vertex -18.7537 -23.1589 28
      vertex -19.9401 -22.1457 36
      vertex -18.7537 -23.1589 36
    endloop
  endfacet
  facet normal 0.649418 0.760432 0
    outer loop
      vertex -19.9401 -22.1457 36
      vertex -18.7537 -23.1589 28
      vertex -19.9401 -22.1457 28
    endloop
  endfacet
  facet normal -0.608793 -0.793329 0
    outer loop
      vertex 17.516 24.1087 28
      vertex 18.7537 23.1589 36
      vertex 17.516 24.1087 36
    endloop
  endfacet
  facet normal -0.608793 -0.793329 -0
    outer loop
      vertex 18.7537 23.1589 36
      vertex 17.516 24.1087 28
      vertex 18.7537 23.1589 28
    endloop
  endfacet
  facet normal 0.0261514 -0.999658 0
    outer loop
      vertex -1.55961 29.7592 28
      vertex 0 29.8 36
      vertex -1.55961 29.7592 36
    endloop
  endfacet
  facet normal 0.0261514 -0.999658 0
    outer loop
      vertex 0 29.8 36
      vertex -1.55961 29.7592 28
      vertex 0 29.8 28
    endloop
  endfacet
  facet normal -0.333808 0.942641 0
    outer loop
      vertex 10.6794 -27.8207 28
      vertex 9.20871 -28.3415 36
      vertex 10.6794 -27.8207 36
    endloop
  endfacet
  facet normal -0.333808 0.942641 0
    outer loop
      vertex 9.20871 -28.3415 36
      vertex 10.6794 -27.8207 28
      vertex 9.20871 -28.3415 28
    endloop
  endfacet
  facet normal -0.382657 -0.92389 0
    outer loop
      vertex 10.6794 27.8207 28
      vertex 12.1208 27.2237 36
      vertex 10.6794 27.8207 36
    endloop
  endfacet
  facet normal -0.382657 -0.92389 -0
    outer loop
      vertex 12.1208 27.2237 36
      vertex 10.6794 27.8207 28
      vertex 12.1208 27.2237 28
    endloop
  endfacet
  facet normal -0.793329 0.608793 0
    outer loop
      vertex 23.1589 -18.7537 28
      vertex 24.1087 -17.516 36
      vertex 24.1087 -17.516 28
    endloop
  endfacet
  facet normal -0.793329 0.608793 0
    outer loop
      vertex 24.1087 -17.516 36
      vertex 23.1589 -18.7537 28
      vertex 23.1589 -18.7537 36
    endloop
  endfacet
  facet normal -0.852625 -0.522523 0
    outer loop
      vertex 25.8076 14.9 28
      vertex 24.9924 16.2302 36
      vertex 24.9924 16.2302 28
    endloop
  endfacet
  facet normal -0.852625 -0.522523 0
    outer loop
      vertex 24.9924 16.2302 36
      vertex 25.8076 14.9 28
      vertex 25.8076 14.9 36
    endloop
  endfacet
  facet normal -0.942641 0.333808 0
    outer loop
      vertex 27.8207 -10.6794 28
      vertex 28.3415 -9.20871 36
      vertex 28.3415 -9.20871 28
    endloop
  endfacet
  facet normal -0.942641 0.333808 0
    outer loop
      vertex 28.3415 -9.20871 36
      vertex 27.8207 -10.6794 28
      vertex 27.8207 -10.6794 36
    endloop
  endfacet
  facet normal 0.0784541 -0.996918 0
    outer loop
      vertex -3.11495 29.6368 28
      vertex -1.55961 29.7592 36
      vertex -3.11495 29.6368 36
    endloop
  endfacet
  facet normal 0.0784541 -0.996918 0
    outer loop
      vertex -1.55961 29.7592 36
      vertex -3.11495 29.6368 28
      vertex -1.55961 29.7592 28
    endloop
  endfacet
  facet normal -0.92389 0.382657 0
    outer loop
      vertex 27.2237 -12.1208 28
      vertex 27.8207 -10.6794 36
      vertex 27.8207 -10.6794 28
    endloop
  endfacet
  facet normal -0.92389 0.382657 0
    outer loop
      vertex 27.8207 -10.6794 36
      vertex 27.2237 -12.1208 28
      vertex 27.2237 -12.1208 36
    endloop
  endfacet
  facet normal -0.566404 -0.824128 0
    outer loop
      vertex 16.2302 24.9924 28
      vertex 17.516 24.1087 36
      vertex 16.2302 24.9924 36
    endloop
  endfacet
  facet normal -0.566404 -0.824128 -0
    outer loop
      vertex 17.516 24.1087 36
      vertex 16.2302 24.9924 28
      vertex 17.516 24.1087 28
    endloop
  endfacet
  facet normal 0.382657 -0.92389 0
    outer loop
      vertex -12.1208 27.2237 28
      vertex -10.6794 27.8207 36
      vertex -12.1208 27.2237 36
    endloop
  endfacet
  facet normal 0.382657 -0.92389 0
    outer loop
      vertex -10.6794 27.8207 36
      vertex -12.1208 27.2237 28
      vertex -10.6794 27.8207 28
    endloop
  endfacet
  facet normal 0.477136 0.87883 -0
    outer loop
      vertex -13.5289 -26.552 28
      vertex -14.9 -25.8076 36
      vertex -13.5289 -26.552 36
    endloop
  endfacet
  facet normal 0.477136 0.87883 0
    outer loop
      vertex -14.9 -25.8076 36
      vertex -13.5289 -26.552 28
      vertex -14.9 -25.8076 28
    endloop
  endfacet
  facet normal -0.522523 0.852625 0
    outer loop
      vertex 16.2302 -24.9924 28
      vertex 14.9 -25.8076 36
      vertex 16.2302 -24.9924 36
    endloop
  endfacet
  facet normal -0.522523 0.852625 0
    outer loop
      vertex 14.9 -25.8076 36
      vertex 16.2302 -24.9924 28
      vertex 14.9 -25.8076 28
    endloop
  endfacet
  facet normal 0.972371 -0.23344 0
    outer loop
      vertex -29.1488 6.19577 36
      vertex -28.7846 7.71281 28
      vertex -28.7846 7.71281 36
    endloop
  endfacet
  facet normal 0.972371 -0.23344 0
    outer loop
      vertex -28.7846 7.71281 28
      vertex -29.1488 6.19577 36
      vertex -29.1488 6.19577 28
    endloop
  endfacet
  facet normal -0.182227 0.983256 0
    outer loop
      vertex 6.19577 -29.1488 28
      vertex 4.66175 -29.4331 36
      vertex 6.19577 -29.1488 36
    endloop
  endfacet
  facet normal -0.182227 0.983256 0
    outer loop
      vertex 4.66175 -29.4331 36
      vertex 6.19577 -29.1488 28
      vertex 4.66175 -29.4331 28
    endloop
  endfacet
  facet normal 0.902568 -0.430548 0
    outer loop
      vertex -27.2237 12.1208 36
      vertex -26.552 13.5289 28
      vertex -26.552 13.5289 36
    endloop
  endfacet
  facet normal 0.902568 -0.430548 0
    outer loop
      vertex -26.552 13.5289 28
      vertex -27.2237 12.1208 36
      vertex -27.2237 12.1208 28
    endloop
  endfacet
  facet normal 0.902568 0.430548 0
    outer loop
      vertex -26.552 -13.5289 36
      vertex -27.2237 -12.1208 28
      vertex -27.2237 -12.1208 36
    endloop
  endfacet
  facet normal 0.902568 0.430548 0
    outer loop
      vertex -27.2237 -12.1208 28
      vertex -26.552 -13.5289 36
      vertex -26.552 -13.5289 28
    endloop
  endfacet
  facet normal 0.852625 -0.522523 0
    outer loop
      vertex -25.8076 14.9 36
      vertex -24.9924 16.2302 28
      vertex -24.9924 16.2302 36
    endloop
  endfacet
  facet normal 0.852625 -0.522523 0
    outer loop
      vertex -24.9924 16.2302 28
      vertex -25.8076 14.9 36
      vertex -25.8076 14.9 28
    endloop
  endfacet
  facet normal -0.566404 0.824128 0
    outer loop
      vertex 17.516 -24.1087 28
      vertex 16.2302 -24.9924 36
      vertex 17.516 -24.1087 36
    endloop
  endfacet
  facet normal -0.566404 0.824128 0
    outer loop
      vertex 16.2302 -24.9924 36
      vertex 17.516 -24.1087 28
      vertex 16.2302 -24.9924 28
    endloop
  endfacet
  facet normal -0.760432 0.649418 0
    outer loop
      vertex 22.1457 -19.9401 28
      vertex 23.1589 -18.7537 36
      vertex 23.1589 -18.7537 28
    endloop
  endfacet
  facet normal -0.760432 0.649418 0
    outer loop
      vertex 23.1589 -18.7537 36
      vertex 22.1457 -19.9401 28
      vertex 22.1457 -19.9401 36
    endloop
  endfacet
  facet normal 0.996918 0.0784541 0
    outer loop
      vertex -29.6368 -3.11495 36
      vertex -29.7592 -1.55961 28
      vertex -29.7592 -1.55961 36
    endloop
  endfacet
  facet normal 0.996918 0.0784541 0
    outer loop
      vertex -29.7592 -1.55961 28
      vertex -29.6368 -3.11495 36
      vertex -29.6368 -3.11495 28
    endloop
  endfacet
  facet normal -0.958821 0.284012 0
    outer loop
      vertex 28.3415 -9.20871 28
      vertex 28.7846 -7.71281 36
      vertex 28.7846 -7.71281 28
    endloop
  endfacet
  facet normal -0.958821 0.284012 0
    outer loop
      vertex 28.7846 -7.71281 36
      vertex 28.3415 -9.20871 28
      vertex 28.3415 -9.20871 36
    endloop
  endfacet
  facet normal -0.608793 0.793329 0
    outer loop
      vertex 18.7537 -23.1589 28
      vertex 17.516 -24.1087 36
      vertex 18.7537 -23.1589 36
    endloop
  endfacet
  facet normal -0.608793 0.793329 0
    outer loop
      vertex 17.516 -24.1087 36
      vertex 18.7537 -23.1589 28
      vertex 17.516 -24.1087 28
    endloop
  endfacet
  facet normal 0.477136 -0.87883 0
    outer loop
      vertex -14.9 25.8076 28
      vertex -13.5289 26.552 36
      vertex -14.9 25.8076 36
    endloop
  endfacet
  facet normal 0.477136 -0.87883 0
    outer loop
      vertex -13.5289 26.552 36
      vertex -14.9 25.8076 28
      vertex -13.5289 26.552 28
    endloop
  endfacet
  facet normal 0.958821 0.284012 0
    outer loop
      vertex -28.3415 -9.20871 36
      vertex -28.7846 -7.71281 28
      vertex -28.7846 -7.71281 36
    endloop
  endfacet
  facet normal 0.958821 0.284012 0
    outer loop
      vertex -28.7846 -7.71281 28
      vertex -28.3415 -9.20871 36
      vertex -28.3415 -9.20871 28
    endloop
  endfacet
  facet normal -0.68834 -0.725388 0
    outer loop
      vertex 19.9401 22.1457 28
      vertex 21.0718 21.0718 36
      vertex 19.9401 22.1457 36
    endloop
  endfacet
  facet normal -0.68834 -0.725388 -0
    outer loop
      vertex 21.0718 21.0718 36
      vertex 19.9401 22.1457 28
      vertex 21.0718 21.0718 28
    endloop
  endfacet
  facet normal 0.566404 -0.824128 0
    outer loop
      vertex -17.516 24.1087 28
      vertex -16.2302 24.9924 36
      vertex -17.516 24.1087 36
    endloop
  endfacet
  facet normal 0.566404 -0.824128 0
    outer loop
      vertex -16.2302 24.9924 36
      vertex -17.516 24.1087 28
      vertex -16.2302 24.9924 28
    endloop
  endfacet
  facet normal 0.522523 -0.852625 0
    outer loop
      vertex -16.2302 24.9924 28
      vertex -14.9 25.8076 36
      vertex -16.2302 24.9924 36
    endloop
  endfacet
  facet normal 0.522523 -0.852625 0
    outer loop
      vertex -14.9 25.8076 36
      vertex -16.2302 24.9924 28
      vertex -14.9 25.8076 28
    endloop
  endfacet
  facet normal 0.99144 0.130564 0
    outer loop
      vertex -29.4331 -4.66175 36
      vertex -29.6368 -3.11495 28
      vertex -29.6368 -3.11495 36
    endloop
  endfacet
  facet normal 0.99144 0.130564 0
    outer loop
      vertex -29.6368 -3.11495 28
      vertex -29.4331 -4.66175 36
      vertex -29.4331 -4.66175 28
    endloop
  endfacet
  facet normal 0.725388 0.68834 0
    outer loop
      vertex -21.0718 -21.0718 36
      vertex -22.1457 -19.9401 28
      vertex -22.1457 -19.9401 36
    endloop
  endfacet
  facet normal 0.725388 0.68834 0
    outer loop
      vertex -22.1457 -19.9401 28
      vertex -21.0718 -21.0718 36
      vertex -21.0718 -21.0718 28
    endloop
  endfacet
  facet normal 0.99144 -0.130564 0
    outer loop
      vertex -29.6368 3.11495 36
      vertex -29.4331 4.66175 28
      vertex -29.4331 4.66175 36
    endloop
  endfacet
  facet normal 0.99144 -0.130564 0
    outer loop
      vertex -29.4331 4.66175 28
      vertex -29.6368 3.11495 36
      vertex -29.6368 3.11495 28
    endloop
  endfacet
  facet normal -0.182227 -0.983256 0
    outer loop
      vertex 4.66175 29.4331 28
      vertex 6.19577 29.1488 36
      vertex 4.66175 29.4331 36
    endloop
  endfacet
  facet normal -0.182227 -0.983256 -0
    outer loop
      vertex 6.19577 29.1488 36
      vertex 4.66175 29.4331 28
      vertex 6.19577 29.1488 28
    endloop
  endfacet
  facet normal 0.333808 -0.942641 0
    outer loop
      vertex -10.6794 27.8207 28
      vertex -9.20871 28.3415 36
      vertex -10.6794 27.8207 36
    endloop
  endfacet
  facet normal 0.333808 -0.942641 0
    outer loop
      vertex -9.20871 28.3415 36
      vertex -10.6794 27.8207 28
      vertex -9.20871 28.3415 28
    endloop
  endfacet
  facet normal 0.078056 0.996949 -0
    outer loop
      vertex -3 -29.6458 28
      vertex -3.11495 -29.6368 36
      vertex -3 -29.6458 36
    endloop
  endfacet
  facet normal 0.078056 0.996949 0
    outer loop
      vertex -3.11495 -29.6368 36
      vertex -3 -29.6458 28
      vertex -3.11495 -29.6368 28
    endloop
  endfacet
  facet normal 0.382657 0.92389 -0
    outer loop
      vertex -10.6794 -27.8207 28
      vertex -12.1208 -27.2237 36
      vertex -10.6794 -27.8207 36
    endloop
  endfacet
  facet normal 0.382657 0.92389 0
    outer loop
      vertex -12.1208 -27.2237 36
      vertex -10.6794 -27.8207 28
      vertex -12.1208 -27.2237 28
    endloop
  endfacet
  facet normal 0.793329 0.608793 0
    outer loop
      vertex -23.1589 -18.7537 36
      vertex -24.1087 -17.516 28
      vertex -24.1087 -17.516 36
    endloop
  endfacet
  facet normal 0.793329 0.608793 0
    outer loop
      vertex -24.1087 -17.516 28
      vertex -23.1589 -18.7537 36
      vertex -23.1589 -18.7537 28
    endloop
  endfacet
  facet normal 0.824128 0.566404 0
    outer loop
      vertex -24.1087 -17.516 36
      vertex -24.9924 -16.2302 28
      vertex -24.9924 -16.2302 36
    endloop
  endfacet
  facet normal 0.824128 0.566404 0
    outer loop
      vertex -24.9924 -16.2302 28
      vertex -24.1087 -17.516 36
      vertex -24.1087 -17.516 28
    endloop
  endfacet
  facet normal 0.284012 -0.958821 0
    outer loop
      vertex -9.20871 28.3415 28
      vertex -7.71281 28.7846 36
      vertex -9.20871 28.3415 36
    endloop
  endfacet
  facet normal 0.284012 -0.958821 0
    outer loop
      vertex -7.71281 28.7846 36
      vertex -9.20871 28.3415 28
      vertex -7.71281 28.7846 28
    endloop
  endfacet
  facet normal 0.942641 -0.333808 0
    outer loop
      vertex -28.3415 9.20871 36
      vertex -27.8207 10.6794 28
      vertex -27.8207 10.6794 36
    endloop
  endfacet
  facet normal 0.942641 -0.333808 0
    outer loop
      vertex -27.8207 10.6794 28
      vertex -28.3415 9.20871 36
      vertex -28.3415 9.20871 28
    endloop
  endfacet
  facet normal 0.824128 -0.566404 0
    outer loop
      vertex -24.9924 16.2302 36
      vertex -24.1087 17.516 28
      vertex -24.1087 17.516 36
    endloop
  endfacet
  facet normal 0.824128 -0.566404 0
    outer loop
      vertex -24.1087 17.516 28
      vertex -24.9924 16.2302 36
      vertex -24.9924 16.2302 28
    endloop
  endfacet
  facet normal -0.130564 0.99144 0
    outer loop
      vertex 4.66175 -29.4331 28
      vertex 3.11495 -29.6368 36
      vertex 4.66175 -29.4331 36
    endloop
  endfacet
  facet normal -0.130564 0.99144 0
    outer loop
      vertex 3.11495 -29.6368 36
      vertex 4.66175 -29.4331 28
      vertex 3.11495 -29.6368 28
    endloop
  endfacet
  facet normal 0.942641 0.333808 0
    outer loop
      vertex -27.8207 -10.6794 36
      vertex -28.3415 -9.20871 28
      vertex -28.3415 -9.20871 36
    endloop
  endfacet
  facet normal 0.942641 0.333808 0
    outer loop
      vertex -28.3415 -9.20871 28
      vertex -27.8207 -10.6794 36
      vertex -27.8207 -10.6794 28
    endloop
  endfacet
  facet normal 0.92389 0.382657 0
    outer loop
      vertex -27.2237 -12.1208 36
      vertex -27.8207 -10.6794 28
      vertex -27.8207 -10.6794 36
    endloop
  endfacet
  facet normal 0.92389 0.382657 0
    outer loop
      vertex -27.8207 -10.6794 28
      vertex -27.2237 -12.1208 36
      vertex -27.2237 -12.1208 28
    endloop
  endfacet
  facet normal 0.87883 -0.477136 0
    outer loop
      vertex -26.552 13.5289 36
      vertex -25.8076 14.9 28
      vertex -25.8076 14.9 36
    endloop
  endfacet
  facet normal 0.87883 -0.477136 0
    outer loop
      vertex -25.8076 14.9 28
      vertex -26.552 13.5289 36
      vertex -26.552 13.5289 28
    endloop
  endfacet
  facet normal 0.972371 0.23344 0
    outer loop
      vertex -28.7846 -7.71281 36
      vertex -29.1488 -6.19577 28
      vertex -29.1488 -6.19577 36
    endloop
  endfacet
  facet normal 0.972371 0.23344 0
    outer loop
      vertex -29.1488 -6.19577 28
      vertex -28.7846 -7.71281 36
      vertex -28.7846 -7.71281 28
    endloop
  endfacet
  facet normal 0.793329 -0.608793 0
    outer loop
      vertex -24.1087 17.516 36
      vertex -23.1589 18.7537 28
      vertex -23.1589 18.7537 36
    endloop
  endfacet
  facet normal 0.793329 -0.608793 0
    outer loop
      vertex -23.1589 18.7537 28
      vertex -24.1087 17.516 36
      vertex -24.1087 17.516 28
    endloop
  endfacet
  facet normal 0.760432 -0.649418 0
    outer loop
      vertex -23.1589 18.7537 36
      vertex -22.1457 19.9401 28
      vertex -22.1457 19.9401 36
    endloop
  endfacet
  facet normal 0.760432 -0.649418 0
    outer loop
      vertex -22.1457 19.9401 28
      vertex -23.1589 18.7537 36
      vertex -23.1589 18.7537 28
    endloop
  endfacet
  facet normal 0.87883 0.477136 0
    outer loop
      vertex -25.8076 -14.9 36
      vertex -26.552 -13.5289 28
      vertex -26.552 -13.5289 36
    endloop
  endfacet
  facet normal 0.87883 0.477136 0
    outer loop
      vertex -26.552 -13.5289 28
      vertex -25.8076 -14.9 36
      vertex -25.8076 -14.9 28
    endloop
  endfacet
  facet normal 0.608793 0.793329 -0
    outer loop
      vertex -17.516 -24.1087 28
      vertex -18.7537 -23.1589 36
      vertex -17.516 -24.1087 36
    endloop
  endfacet
  facet normal 0.608793 0.793329 0
    outer loop
      vertex -18.7537 -23.1589 36
      vertex -17.516 -24.1087 28
      vertex -18.7537 -23.1589 28
    endloop
  endfacet
  facet normal 0.852625 0.522523 0
    outer loop
      vertex -24.9924 -16.2302 36
      vertex -25.8076 -14.9 28
      vertex -25.8076 -14.9 36
    endloop
  endfacet
  facet normal 0.852625 0.522523 0
    outer loop
      vertex -25.8076 -14.9 28
      vertex -24.9924 -16.2302 36
      vertex -24.9924 -16.2302 28
    endloop
  endfacet
  facet normal 0.23344 0.972371 -0
    outer loop
      vertex -6.19577 -29.1488 28
      vertex -7.71281 -28.7846 36
      vertex -6.19577 -29.1488 36
    endloop
  endfacet
  facet normal 0.23344 0.972371 0
    outer loop
      vertex -7.71281 -28.7846 36
      vertex -6.19577 -29.1488 28
      vertex -7.71281 -28.7846 28
    endloop
  endfacet
  facet normal 0.92389 -0.382657 0
    outer loop
      vertex -27.8207 10.6794 36
      vertex -27.2237 12.1208 28
      vertex -27.2237 12.1208 36
    endloop
  endfacet
  facet normal 0.92389 -0.382657 0
    outer loop
      vertex -27.2237 12.1208 28
      vertex -27.8207 10.6794 36
      vertex -27.8207 10.6794 28
    endloop
  endfacet
endsolid OpenSCAD_Model
