solid OpenSCAD_Model
  facet normal 0 0 -1
    outer loop
      vertex -4.77522 -22.5 0
      vertex -5.74025 -14.1851 0
      vertex -4.35426 -13.8875 0
    endloop
  endfacet
  facet normal 0 0 -1
    outer loop
      vertex -4.77522 -22.5 0
      vertex -7.07094 -14.5627 0
      vertex -5.74025 -14.1851 0
    endloop
  endfacet
  facet normal 0 0 -1
    outer loop
      vertex -4.77522 -22.5 0
      vertex -8.33354 -15.0168 0
      vertex -7.07094 -14.5627 0
    endloop
  endfacet
  facet normal 0 0 -1
    outer loop
      vertex -4.77522 -22.5 0
      vertex -9.51588 -15.5429 0
      vertex -8.33354 -15.0168 0
    endloop
  endfacet
  facet normal 0 0 -1
    outer loop
      vertex -4.77522 -22.5 0
      vertex -10.6066 -16.136 0
      vertex -9.51588 -15.5429 0
    endloop
  endfacet
  facet normal 0 0 -1
    outer loop
      vertex -4.77522 -22.5 0
      vertex -11.5952 -16.7905 0
      vertex -10.6066 -16.136 0
    endloop
  endfacet
  facet normal 0 0 -1
    outer loop
      vertex -4.77522 -22.5 0
      vertex -12.472 -17.4999 0
      vertex -11.5952 -16.7905 0
    endloop
  endfacet
  facet normal 0 0 -1
    outer loop
      vertex -4.77522 -22.5 0
      vertex -13.2288 -18.2574 0
      vertex -12.472 -17.4999 0
    endloop
  endfacet
  facet normal 0 0 -1
    outer loop
      vertex -4.77522 -22.5 0
      vertex -13.8582 -19.0558 0
      vertex -13.2288 -18.2574 0
    endloop
  endfacet
  facet normal 0 0 -1
    outer loop
      vertex -4.77522 -22.5 0
      vertex -14.3541 -19.8874 0
      vertex -13.8582 -19.0558 0
    endloop
  endfacet
  facet normal 0 0 -1
    outer loop
      vertex -4.77522 -22.5 0
      vertex -14.7118 -20.7442 0
      vertex -14.3541 -19.8874 0
    endloop
  endfacet
  facet normal 0 0 -1
    outer loop
      vertex -4.77522 -22.5 0
      vertex -14.9278 -21.6178 0
      vertex -14.7118 -20.7442 0
    endloop
  endfacet
  facet normal 0 -0 -1
    outer loop
      vertex -14.9278 -21.6178 0
      vertex -4.77522 -22.5 0
      vertex -15 -22.5 0
    endloop
  endfacet
  facet normal 0 0 -1
    outer loop
      vertex 11.9422 -34.6762 0
      vertex 11.9422 -32.3238 0
      vertex 12 -33.5 0
    endloop
  endfacet
  facet normal 0 0 -1
    outer loop
      vertex 11.7694 -35.8411 0
      vertex 11.9422 -32.3238 0
      vertex 11.9422 -34.6762 0
    endloop
  endfacet
  facet normal 0 0 -1
    outer loop
      vertex 11.7694 -35.8411 0
      vertex 11.7694 -31.1589 0
      vertex 11.9422 -32.3238 0
    endloop
  endfacet
  facet normal 0 0 -1
    outer loop
      vertex 11.4833 -36.9834 0
      vertex 11.7694 -31.1589 0
      vertex 11.7694 -35.8411 0
    endloop
  endfacet
  facet normal 0 0 -1
    outer loop
      vertex 11.4833 -36.9834 0
      vertex 11.4833 -30.0166 0
      vertex 11.7694 -31.1589 0
    endloop
  endfacet
  facet normal 0 0 -1
    outer loop
      vertex 11.0865 -38.0922 0
      vertex 11.4833 -30.0166 0
      vertex 11.4833 -36.9834 0
    endloop
  endfacet
  facet normal 0 0 -1
    outer loop
      vertex 11.0865 -38.0922 0
      vertex 11.0865 -28.9078 0
      vertex 11.4833 -30.0166 0
    endloop
  endfacet
  facet normal 0 0 -1
    outer loop
      vertex 10.5831 -39.1568 0
      vertex 11.0865 -28.9078 0
      vertex 11.0865 -38.0922 0
    endloop
  endfacet
  facet normal 0 0 -1
    outer loop
      vertex 10.5831 -39.1568 0
      vertex 10.5831 -27.8432 0
      vertex 11.0865 -28.9078 0
    endloop
  endfacet
  facet normal 0 0 -1
    outer loop
      vertex 9.97763 -40.1668 0
      vertex 10.5831 -27.8432 0
      vertex 10.5831 -39.1568 0
    endloop
  endfacet
  facet normal 0 0 -1
    outer loop
      vertex 9.97763 -40.1668 0
      vertex 9.97763 -26.8331 0
      vertex 10.5831 -27.8432 0
    endloop
  endfacet
  facet normal 0 0 -1
    outer loop
      vertex 9.97763 -40.1668 0
      vertex 9.27612 -25.8873 0
      vertex 9.97763 -26.8331 0
    endloop
  endfacet
  facet normal 0 0 -1
    outer loop
      vertex 9.97763 -40.1668 0
      vertex 8.48528 -25.0147 0
      vertex 9.27612 -25.8873 0
    endloop
  endfacet
  facet normal 0 0 -1
    outer loop
      vertex 9.97763 -40.1668 0
      vertex 7.61272 -24.2239 0
      vertex 8.48528 -25.0147 0
    endloop
  endfacet
  facet normal 0 0 -1
    outer loop
      vertex 9.97763 -40.1668 0
      vertex 6.66684 -23.5224 0
      vertex 7.61272 -24.2239 0
    endloop
  endfacet
  facet normal 0 0 -1
    outer loop
      vertex 9.97763 -40.1668 0
      vertex 5.65675 -22.9169 0
      vertex 6.66684 -23.5224 0
    endloop
  endfacet
  facet normal 0 0 -1
    outer loop
      vertex 9.97763 -40.1668 0
      vertex 4.77522 -22.5 0
      vertex 5.65675 -22.9169 0
    endloop
  endfacet
  facet normal 0 0 -1
    outer loop
      vertex 4.77522 -22.5 0
      vertex 2.92635 -13.6729 0
      vertex 4.35426 -13.8875 0
    endloop
  endfacet
  facet normal 0 0 -1
    outer loop
      vertex 4.77522 -22.5 0
      vertex 1.5 -13.546 0
      vertex 2.92635 -13.6729 0
    endloop
  endfacet
  facet normal 0 0 -1
    outer loop
      vertex -4.77522 -22.5 0
      vertex 4.77522 -22.5 0
      vertex 9.97763 -40.1668 0
    endloop
  endfacet
  facet normal 0 0 -1
    outer loop
      vertex -1.5 -11 0
      vertex 1.5 -11 0
      vertex 1.5 -13.546 0
    endloop
  endfacet
  facet normal 0 0 -1
    outer loop
      vertex -9.97763 -40.1668 0
      vertex 9.97763 -40.1668 0
      vertex 0.997757 -54.1667 0
    endloop
  endfacet
  facet normal 0 0 -1
    outer loop
      vertex 4.77522 -22.5 0
      vertex -4.77522 -22.5 0
      vertex 1.5 -13.546 0
    endloop
  endfacet
  facet normal 0 0 -1
    outer loop
      vertex -0.997757 -54.1667 0
      vertex 0.997757 -54.1667 0
      vertex 0.927612 -54.2613 0
    endloop
  endfacet
  facet normal 0 0 -1
    outer loop
      vertex -1.5 -11 0
      vertex 1.5 -13.546 0
      vertex -1.5 -13.546 0
    endloop
  endfacet
  facet normal 0 0 -1
    outer loop
      vertex -0.997757 -54.1667 0
      vertex 0.927612 -54.2613 0
      vertex 0.848526 -54.3485 0
    endloop
  endfacet
  facet normal 0 0 -1
    outer loop
      vertex -0.997757 -54.1667 0
      vertex 0.848526 -54.3485 0
      vertex 0.761261 -54.4276 0
    endloop
  endfacet
  facet normal 0 0 -1
    outer loop
      vertex -0.997757 -54.1667 0
      vertex 0.761261 -54.4276 0
      vertex 0.666672 -54.4978 0
    endloop
  endfacet
  facet normal 0 0 -1
    outer loop
      vertex -0.997757 -54.1667 0
      vertex 0.666672 -54.4978 0
      vertex 0.565674 -54.5583 0
    endloop
  endfacet
  facet normal 0 0 -1
    outer loop
      vertex -0.997757 -54.1667 0
      vertex 0.565674 -54.5583 0
      vertex 0.459213 -54.6086 0
    endloop
  endfacet
  facet normal 0 0 -1
    outer loop
      vertex -2 -7.22142 0
      vertex 1.5 -11 0
      vertex -1.5 -11 0
    endloop
  endfacet
  facet normal 0 0 -1
    outer loop
      vertex -0.997757 -54.1667 0
      vertex 0.459213 -54.6086 0
      vertex 0.348328 -54.6483 0
    endloop
  endfacet
  facet normal 0 0 -1
    outer loop
      vertex -0.997757 -54.1667 0
      vertex 0.348328 -54.6483 0
      vertex 0.2341 -54.6769 0
    endloop
  endfacet
  facet normal 0 0 -1
    outer loop
      vertex -0.997757 -54.1667 0
      vertex 0.2341 -54.6769 0
      vertex 0.117615 -54.6942 0
    endloop
  endfacet
  facet normal 0 0 -1
    outer loop
      vertex -0.997757 -54.1667 0
      vertex 0.117615 -54.6942 0
      vertex 0 -54.7 0
    endloop
  endfacet
  facet normal 0 0 -1
    outer loop
      vertex 1.5 -11 0
      vertex 0.877899 -4.41353 0
      vertex 1.30627 -4.30623 0
    endloop
  endfacet
  facet normal 0 0 -1
    outer loop
      vertex -0.997757 -54.1667 0
      vertex 0 -54.7 0
      vertex -0.117615 -54.6942 0
    endloop
  endfacet
  facet normal 0 0 -1
    outer loop
      vertex -0.997757 -54.1667 0
      vertex -0.117615 -54.6942 0
      vertex -0.2341 -54.6769 0
    endloop
  endfacet
  facet normal 0 0 -1
    outer loop
      vertex -0.997757 -54.1667 0
      vertex -0.2341 -54.6769 0
      vertex -0.348328 -54.6483 0
    endloop
  endfacet
  facet normal 0 0 -1
    outer loop
      vertex 1.5 -11 0
      vertex -2 -7.22142 0
      vertex 0.877899 -4.41353 0
    endloop
  endfacet
  facet normal 0 0 -1
    outer loop
      vertex -0.997757 -54.1667 0
      vertex -0.348328 -54.6483 0
      vertex -0.459213 -54.6086 0
    endloop
  endfacet
  facet normal 0 0 -1
    outer loop
      vertex -0.997757 -54.1667 0
      vertex -0.459213 -54.6086 0
      vertex -0.565674 -54.5583 0
    endloop
  endfacet
  facet normal 0 0 -1
    outer loop
      vertex -0.997757 -54.1667 0
      vertex -0.565674 -54.5583 0
      vertex -0.666672 -54.4978 0
    endloop
  endfacet
  facet normal 0 0 -1
    outer loop
      vertex -0.997757 -54.1667 0
      vertex -0.666672 -54.4978 0
      vertex -0.761261 -54.4276 0
    endloop
  endfacet
  facet normal 0 0 -1
    outer loop
      vertex -0.997757 -54.1667 0
      vertex -0.761261 -54.4276 0
      vertex -0.848526 -54.3485 0
    endloop
  endfacet
  facet normal 0 0 -1
    outer loop
      vertex 0.877899 -4.41353 0
      vertex -2 -7.22142 0
      vertex 0.441071 -4.47832 0
    endloop
  endfacet
  facet normal 0 0 -1
    outer loop
      vertex -0.997757 -54.1667 0
      vertex -0.848526 -54.3485 0
      vertex -0.927612 -54.2613 0
    endloop
  endfacet
  facet normal 0 0 -1
    outer loop
      vertex 0.997757 -54.1667 0
      vertex -0.997757 -54.1667 0
      vertex -9.97763 -40.1668 0
    endloop
  endfacet
  facet normal 0 0 -1
    outer loop
      vertex 0.441071 -4.47832 0
      vertex -2 -7.22142 0
      vertex 0 -4.5 0
    endloop
  endfacet
  facet normal -0 0 -1
    outer loop
      vertex 0 -4.5 0
      vertex -2 -7.22142 0
      vertex -0.441071 -4.47832 0
    endloop
  endfacet
  facet normal -0 0 -1
    outer loop
      vertex 1.5 -13.546 0
      vertex -4.77522 -22.5 0
      vertex -1.5 -13.546 0
    endloop
  endfacet
  facet normal 0 0 -1
    outer loop
      vertex -1.5 -13.546 0
      vertex -4.77522 -22.5 0
      vertex -2.92635 -13.6729 0
    endloop
  endfacet
  facet normal 0 0 -1
    outer loop
      vertex -2.92635 -13.6729 0
      vertex -4.77522 -22.5 0
      vertex -4.35426 -13.8875 0
    endloop
  endfacet
  facet normal 0 0 -1
    outer loop
      vertex 9.97763 -40.1668 0
      vertex -9.97763 -40.1668 0
      vertex -4.77522 -22.5 0
    endloop
  endfacet
  facet normal 0 0 -1
    outer loop
      vertex -4.77522 -22.5 0
      vertex -9.97763 -40.1668 0
      vertex -5.65675 -22.9169 0
    endloop
  endfacet
  facet normal 0 0 -1
    outer loop
      vertex -5.65675 -22.9169 0
      vertex -9.97763 -40.1668 0
      vertex -6.66684 -23.5224 0
    endloop
  endfacet
  facet normal 0 0 -1
    outer loop
      vertex -6.66684 -23.5224 0
      vertex -9.97763 -40.1668 0
      vertex -7.61272 -24.2239 0
    endloop
  endfacet
  facet normal 0 0 -1
    outer loop
      vertex -7.61272 -24.2239 0
      vertex -9.97763 -40.1668 0
      vertex -8.48528 -25.0147 0
    endloop
  endfacet
  facet normal 0 0 -1
    outer loop
      vertex -8.48528 -25.0147 0
      vertex -9.97763 -40.1668 0
      vertex -9.27612 -25.8873 0
    endloop
  endfacet
  facet normal 0 0 -1
    outer loop
      vertex -9.97763 -40.1668 0
      vertex -9.97763 -26.8331 0
      vertex -9.27612 -25.8873 0
    endloop
  endfacet
  facet normal 0 0 -1
    outer loop
      vertex -10.5831 -39.1568 0
      vertex -9.97763 -26.8331 0
      vertex -9.97763 -40.1668 0
    endloop
  endfacet
  facet normal 0 0 -1
    outer loop
      vertex -10.5831 -39.1568 0
      vertex -10.5831 -27.8432 0
      vertex -9.97763 -26.8331 0
    endloop
  endfacet
  facet normal 0 0 -1
    outer loop
      vertex -11.0865 -38.0922 0
      vertex -10.5831 -27.8432 0
      vertex -10.5831 -39.1568 0
    endloop
  endfacet
  facet normal 0 0 -1
    outer loop
      vertex -11.0865 -38.0922 0
      vertex -11.0865 -28.9078 0
      vertex -10.5831 -27.8432 0
    endloop
  endfacet
  facet normal 0 0 -1
    outer loop
      vertex -11.4833 -36.9834 0
      vertex -11.0865 -28.9078 0
      vertex -11.0865 -38.0922 0
    endloop
  endfacet
  facet normal 0 0 -1
    outer loop
      vertex -11.4833 -36.9834 0
      vertex -11.4833 -30.0166 0
      vertex -11.0865 -28.9078 0
    endloop
  endfacet
  facet normal 0 0 -1
    outer loop
      vertex -11.7694 -35.8411 0
      vertex -11.4833 -30.0166 0
      vertex -11.4833 -36.9834 0
    endloop
  endfacet
  facet normal 0 0 -1
    outer loop
      vertex -11.7694 -35.8411 0
      vertex -11.7694 -31.1589 0
      vertex -11.4833 -30.0166 0
    endloop
  endfacet
  facet normal 0 0 -1
    outer loop
      vertex -11.9422 -34.6762 0
      vertex -11.7694 -31.1589 0
      vertex -11.7694 -35.8411 0
    endloop
  endfacet
  facet normal 0 0 -1
    outer loop
      vertex -11.9422 -34.6762 0
      vertex -11.9422 -32.3238 0
      vertex -11.7694 -31.1589 0
    endloop
  endfacet
  facet normal 0 -0 -1
    outer loop
      vertex -11.9422 -32.3238 0
      vertex -11.9422 -34.6762 0
      vertex -12 -33.5 0
    endloop
  endfacet
  facet normal 0 0 -1
    outer loop
      vertex 4.77522 -22.5 0
      vertex 14.9278 -21.6178 0
      vertex 15 -22.5 0
    endloop
  endfacet
  facet normal -0 0 -1
    outer loop
      vertex 14.9278 -21.6178 0
      vertex 4.77522 -22.5 0
      vertex 14.7118 -20.7442 0
    endloop
  endfacet
  facet normal -0 0 -1
    outer loop
      vertex 14.7118 -20.7442 0
      vertex 4.77522 -22.5 0
      vertex 14.3541 -19.8874 0
    endloop
  endfacet
  facet normal -0 0 -1
    outer loop
      vertex 14.3541 -19.8874 0
      vertex 4.77522 -22.5 0
      vertex 13.8582 -19.0558 0
    endloop
  endfacet
  facet normal -0 0 -1
    outer loop
      vertex 13.8582 -19.0558 0
      vertex 4.77522 -22.5 0
      vertex 13.2288 -18.2574 0
    endloop
  endfacet
  facet normal -0 0 -1
    outer loop
      vertex 13.2288 -18.2574 0
      vertex 4.77522 -22.5 0
      vertex 12.472 -17.4999 0
    endloop
  endfacet
  facet normal -0 0 -1
    outer loop
      vertex 12.472 -17.4999 0
      vertex 4.77522 -22.5 0
      vertex 11.5952 -16.7905 0
    endloop
  endfacet
  facet normal -0 0 -1
    outer loop
      vertex 11.5952 -16.7905 0
      vertex 4.77522 -22.5 0
      vertex 10.6066 -16.136 0
    endloop
  endfacet
  facet normal -0 0 -1
    outer loop
      vertex 10.6066 -16.136 0
      vertex 4.77522 -22.5 0
      vertex 9.51588 -15.5429 0
    endloop
  endfacet
  facet normal -0 0 -1
    outer loop
      vertex 9.51588 -15.5429 0
      vertex 4.77522 -22.5 0
      vertex 8.33354 -15.0168 0
    endloop
  endfacet
  facet normal -0 0 -1
    outer loop
      vertex 8.33354 -15.0168 0
      vertex 4.77522 -22.5 0
      vertex 7.07094 -14.5627 0
    endloop
  endfacet
  facet normal -0 0 -1
    outer loop
      vertex 7.07094 -14.5627 0
      vertex 4.77522 -22.5 0
      vertex 5.74025 -14.1851 0
    endloop
  endfacet
  facet normal -0 0 -1
    outer loop
      vertex 5.74025 -14.1851 0
      vertex 4.77522 -22.5 0
      vertex 4.35426 -13.8875 0
    endloop
  endfacet
  facet normal 0 0 -1
    outer loop
      vertex 1.5 -11 0
      vertex 2 -7.22142 0
      vertex 2 -11 0
    endloop
  endfacet
  facet normal -0 0 -1
    outer loop
      vertex 2 -7.22142 0
      vertex 1.5 -11 0
      vertex 1.30627 -4.30623 0
    endloop
  endfacet
  facet normal 0 0 -1
    outer loop
      vertex 2 -7.22142 0
      vertex 1.30627 -4.30623 0
      vertex 1.72206 -4.15746 0
    endloop
  endfacet
  facet normal 0 0 -1
    outer loop
      vertex 4.5 0 0
      vertex 7.5 0 0
      vertex 7.46388 -0.735123 0
    endloop
  endfacet
  facet normal 0 0 -1
    outer loop
      vertex 4.47832 -0.441071 0
      vertex 7.46388 -0.735123 0
      vertex 7.35588 -1.46317 0
    endloop
  endfacet
  facet normal 0 0 -1
    outer loop
      vertex 7.5 0 0
      vertex 4.5 0 0
      vertex 7.46388 0.735123 0
    endloop
  endfacet
  facet normal 0 0 -1
    outer loop
      vertex 4.41353 -0.877899 0
      vertex 7.35588 -1.46317 0
      vertex 7.17705 -2.17712 0
    endloop
  endfacet
  facet normal 0 0 -1
    outer loop
      vertex 4.47832 0.441071 0
      vertex 7.46388 0.735123 0
      vertex 4.5 0 0
    endloop
  endfacet
  facet normal 0 0 -1
    outer loop
      vertex 4.30623 -1.30627 0
      vertex 7.17705 -2.17712 0
      vertex 6.92909 -2.87012 0
    endloop
  endfacet
  facet normal -0 0 -1
    outer loop
      vertex 7.46388 0.735123 0
      vertex 4.47832 0.441071 0
      vertex 7.35588 1.46317 0
    endloop
  endfacet
  facet normal 0 0 -1
    outer loop
      vertex 4.15746 -1.72206 0
      vertex 6.92909 -2.87012 0
      vertex 6.6144 -3.53546 0
    endloop
  endfacet
  facet normal 0 0 -1
    outer loop
      vertex 4.41353 0.877899 0
      vertex 7.35588 1.46317 0
      vertex 4.47832 0.441071 0
    endloop
  endfacet
  facet normal 0 0 -1
    outer loop
      vertex 3.96864 -2.12128 0
      vertex 6.6144 -3.53546 0
      vertex 6.23601 -4.16676 0
    endloop
  endfacet
  facet normal -0 0 -1
    outer loop
      vertex 7.35588 1.46317 0
      vertex 4.41353 0.877899 0
      vertex 7.17705 2.17712 0
    endloop
  endfacet
  facet normal 0 0 -1
    outer loop
      vertex 3.74161 -2.50006 0
      vertex 6.23601 -4.16676 0
      vertex 5.79758 -4.75793 0
    endloop
  endfacet
  facet normal 0 0 -1
    outer loop
      vertex 4.30623 1.30627 0
      vertex 7.17705 2.17712 0
      vertex 4.41353 0.877899 0
    endloop
  endfacet
  facet normal 0 0 -1
    outer loop
      vertex 3.47855 -2.85477 0
      vertex 5.79758 -4.75793 0
      vertex 5.3033 -5.3033 0
    endloop
  endfacet
  facet normal -0 0 -1
    outer loop
      vertex 7.17705 2.17712 0
      vertex 4.30623 1.30627 0
      vertex 6.92909 2.87012 0
    endloop
  endfacet
  facet normal 0 0 -1
    outer loop
      vertex 3.18198 -3.18198 0
      vertex 5.3033 -5.3033 0
      vertex 4.75793 -5.79758 0
    endloop
  endfacet
  facet normal 0 0 -1
    outer loop
      vertex 4.15746 1.72206 0
      vertex 6.92909 2.87012 0
      vertex 4.30623 1.30627 0
    endloop
  endfacet
  facet normal -0 0 -1
    outer loop
      vertex 6.92909 2.87012 0
      vertex 4.15746 1.72206 0
      vertex 6.6144 3.53546 0
    endloop
  endfacet
  facet normal 0 0 -1
    outer loop
      vertex 7.46388 -0.735123 0
      vertex 4.47832 -0.441071 0
      vertex 4.5 0 0
    endloop
  endfacet
  facet normal 0 0 -1
    outer loop
      vertex 7.35588 -1.46317 0
      vertex 4.41353 -0.877899 0
      vertex 4.47832 -0.441071 0
    endloop
  endfacet
  facet normal 0 0 -1
    outer loop
      vertex 7.17705 -2.17712 0
      vertex 4.30623 -1.30627 0
      vertex 4.41353 -0.877899 0
    endloop
  endfacet
  facet normal 0 0 -1
    outer loop
      vertex 2.85477 -3.47855 0
      vertex 4.75793 -5.79758 0
      vertex 4.16676 -6.23601 0
    endloop
  endfacet
  facet normal 0 0 -1
    outer loop
      vertex 6.92909 -2.87012 0
      vertex 4.15746 -1.72206 0
      vertex 4.30623 -1.30627 0
    endloop
  endfacet
  facet normal 0 0 -1
    outer loop
      vertex 6.6144 -3.53546 0
      vertex 3.96864 -2.12128 0
      vertex 4.15746 -1.72206 0
    endloop
  endfacet
  facet normal 0 0 -1
    outer loop
      vertex 6.23601 -4.16676 0
      vertex 3.74161 -2.50006 0
      vertex 3.96864 -2.12128 0
    endloop
  endfacet
  facet normal 0 0 -1
    outer loop
      vertex 2.50006 -3.74161 0
      vertex 4.16676 -6.23601 0
      vertex 3.53546 -6.6144 0
    endloop
  endfacet
  facet normal 0 0 -1
    outer loop
      vertex 5.79758 -4.75793 0
      vertex 3.47855 -2.85477 0
      vertex 3.74161 -2.50006 0
    endloop
  endfacet
  facet normal 0 0 -1
    outer loop
      vertex 5.3033 -5.3033 0
      vertex 3.18198 -3.18198 0
      vertex 3.47855 -2.85477 0
    endloop
  endfacet
  facet normal 0 0 -1
    outer loop
      vertex 2.12128 -3.96864 0
      vertex 3.53546 -6.6144 0
      vertex 2.87012 -6.92909 0
    endloop
  endfacet
  facet normal 0 0 -1
    outer loop
      vertex 4.75793 -5.79758 0
      vertex 2.85477 -3.47855 0
      vertex 3.18198 -3.18198 0
    endloop
  endfacet
  facet normal 0 0 -1
    outer loop
      vertex 4.16676 -6.23601 0
      vertex 2.50006 -3.74161 0
      vertex 2.85477 -3.47855 0
    endloop
  endfacet
  facet normal 0 0 -1
    outer loop
      vertex 1.72206 -4.15746 0
      vertex 2.87012 -6.92909 0
      vertex 2.17712 -7.17705 0
    endloop
  endfacet
  facet normal 0 0 -1
    outer loop
      vertex 3.53546 -6.6144 0
      vertex 2.12128 -3.96864 0
      vertex 2.50006 -3.74161 0
    endloop
  endfacet
  facet normal 0 0 -1
    outer loop
      vertex 1.72206 -4.15746 0
      vertex 2.17712 -7.17705 0
      vertex 2 -7.22142 0
    endloop
  endfacet
  facet normal 0 0 -1
    outer loop
      vertex 2.87012 -6.92909 0
      vertex 1.72206 -4.15746 0
      vertex 2.12128 -3.96864 0
    endloop
  endfacet
  facet normal 0 0 -1
    outer loop
      vertex 3.96864 2.12128 0
      vertex 6.6144 3.53546 0
      vertex 4.15746 1.72206 0
    endloop
  endfacet
  facet normal -0 0 -1
    outer loop
      vertex 6.6144 3.53546 0
      vertex 3.96864 2.12128 0
      vertex 6.23601 4.16676 0
    endloop
  endfacet
  facet normal 0 0 -1
    outer loop
      vertex 3.74161 2.50006 0
      vertex 6.23601 4.16676 0
      vertex 3.96864 2.12128 0
    endloop
  endfacet
  facet normal -0 0 -1
    outer loop
      vertex 6.23601 4.16676 0
      vertex 3.74161 2.50006 0
      vertex 5.79758 4.75793 0
    endloop
  endfacet
  facet normal 0 0 -1
    outer loop
      vertex 3.47855 2.85477 0
      vertex 5.79758 4.75793 0
      vertex 3.74161 2.50006 0
    endloop
  endfacet
  facet normal -0 0 -1
    outer loop
      vertex 5.79758 4.75793 0
      vertex 3.47855 2.85477 0
      vertex 5.3033 5.3033 0
    endloop
  endfacet
  facet normal 0 0 -1
    outer loop
      vertex 3.18198 3.18198 0
      vertex 5.3033 5.3033 0
      vertex 3.47855 2.85477 0
    endloop
  endfacet
  facet normal -0 0 -1
    outer loop
      vertex 5.3033 5.3033 0
      vertex 3.18198 3.18198 0
      vertex 4.75793 5.79758 0
    endloop
  endfacet
  facet normal 0 0 -1
    outer loop
      vertex 2.85477 3.47855 0
      vertex 4.75793 5.79758 0
      vertex 3.18198 3.18198 0
    endloop
  endfacet
  facet normal -0 0 -1
    outer loop
      vertex 4.75793 5.79758 0
      vertex 2.85477 3.47855 0
      vertex 4.16676 6.23601 0
    endloop
  endfacet
  facet normal 0 0 -1
    outer loop
      vertex 2.50006 3.74161 0
      vertex 4.16676 6.23601 0
      vertex 2.85477 3.47855 0
    endloop
  endfacet
  facet normal -0 0 -1
    outer loop
      vertex 4.16676 6.23601 0
      vertex 2.50006 3.74161 0
      vertex 3.53546 6.6144 0
    endloop
  endfacet
  facet normal 0 0 -1
    outer loop
      vertex 2.12128 3.96864 0
      vertex 3.53546 6.6144 0
      vertex 2.50006 3.74161 0
    endloop
  endfacet
  facet normal -0 0 -1
    outer loop
      vertex 3.53546 6.6144 0
      vertex 2.12128 3.96864 0
      vertex 2.87012 6.92909 0
    endloop
  endfacet
  facet normal 0 0 -1
    outer loop
      vertex 1.72206 4.15746 0
      vertex 2.87012 6.92909 0
      vertex 2.12128 3.96864 0
    endloop
  endfacet
  facet normal -0 0 -1
    outer loop
      vertex 2.87012 6.92909 0
      vertex 1.72206 4.15746 0
      vertex 2.17712 7.17705 0
    endloop
  endfacet
  facet normal 0 0 -1
    outer loop
      vertex 1.30627 4.30623 0
      vertex 2.17712 7.17705 0
      vertex 1.72206 4.15746 0
    endloop
  endfacet
  facet normal -0 0 -1
    outer loop
      vertex 2.17712 7.17705 0
      vertex 1.30627 4.30623 0
      vertex 1.46317 7.35588 0
    endloop
  endfacet
  facet normal 0 0 -1
    outer loop
      vertex 0.877899 4.41353 0
      vertex 1.46317 7.35588 0
      vertex 1.30627 4.30623 0
    endloop
  endfacet
  facet normal 0 0 -1
    outer loop
      vertex 0.877899 4.41353 0
      vertex 0.735123 7.46388 0
      vertex 1.46317 7.35588 0
    endloop
  endfacet
  facet normal 0 0 -1
    outer loop
      vertex 0.441071 4.47832 0
      vertex 0.735123 7.46388 0
      vertex 0.877899 4.41353 0
    endloop
  endfacet
  facet normal 0 0 -1
    outer loop
      vertex 0 4.5 0
      vertex 0.735123 7.46388 0
      vertex 0.441071 4.47832 0
    endloop
  endfacet
  facet normal 0 0 -1
    outer loop
      vertex 0 4.5 0
      vertex 0 7.5 0
      vertex 0.735123 7.46388 0
    endloop
  endfacet
  facet normal 0 0 -1
    outer loop
      vertex -0.441071 4.47832 0
      vertex 0 7.5 0
      vertex 0 4.5 0
    endloop
  endfacet
  facet normal 0 0 -1
    outer loop
      vertex -0.441071 4.47832 0
      vertex -0.735123 7.46388 0
      vertex 0 7.5 0
    endloop
  endfacet
  facet normal 0 0 -1
    outer loop
      vertex -0.877899 4.41353 0
      vertex -0.735123 7.46388 0
      vertex -0.441071 4.47832 0
    endloop
  endfacet
  facet normal 0 0 -1
    outer loop
      vertex -1.46317 7.35588 0
      vertex -0.877899 4.41353 0
      vertex -1.30627 4.30623 0
    endloop
  endfacet
  facet normal 0 0 -1
    outer loop
      vertex -0.877899 4.41353 0
      vertex -1.46317 7.35588 0
      vertex -0.735123 7.46388 0
    endloop
  endfacet
  facet normal 0 0 -1
    outer loop
      vertex -2.17712 7.17705 0
      vertex -1.30627 4.30623 0
      vertex -1.72206 4.15746 0
    endloop
  endfacet
  facet normal 0 0 -1
    outer loop
      vertex -2.87012 6.92909 0
      vertex -1.72206 4.15746 0
      vertex -2.12128 3.96864 0
    endloop
  endfacet
  facet normal 0 0 -1
    outer loop
      vertex -1.30627 4.30623 0
      vertex -2.17712 7.17705 0
      vertex -1.46317 7.35588 0
    endloop
  endfacet
  facet normal 0 0 -1
    outer loop
      vertex -3.53546 6.6144 0
      vertex -2.12128 3.96864 0
      vertex -2.50006 3.74161 0
    endloop
  endfacet
  facet normal 0 0 -1
    outer loop
      vertex -4.16676 6.23601 0
      vertex -2.50006 3.74161 0
      vertex -2.85477 3.47855 0
    endloop
  endfacet
  facet normal 0 0 -1
    outer loop
      vertex -1.72206 4.15746 0
      vertex -2.87012 6.92909 0
      vertex -2.17712 7.17705 0
    endloop
  endfacet
  facet normal 0 0 -1
    outer loop
      vertex -4.75793 5.79758 0
      vertex -2.85477 3.47855 0
      vertex -3.18198 3.18198 0
    endloop
  endfacet
  facet normal 0 0 -1
    outer loop
      vertex -5.3033 5.3033 0
      vertex -3.18198 3.18198 0
      vertex -3.47855 2.85477 0
    endloop
  endfacet
  facet normal 0 0 -1
    outer loop
      vertex -2.12128 3.96864 0
      vertex -3.53546 6.6144 0
      vertex -2.87012 6.92909 0
    endloop
  endfacet
  facet normal 0 0 -1
    outer loop
      vertex -5.79758 4.75793 0
      vertex -3.47855 2.85477 0
      vertex -3.74161 2.50006 0
    endloop
  endfacet
  facet normal 0 0 -1
    outer loop
      vertex -6.23601 4.16676 0
      vertex -3.74161 2.50006 0
      vertex -3.96864 2.12128 0
    endloop
  endfacet
  facet normal 0 0 -1
    outer loop
      vertex -6.6144 3.53546 0
      vertex -3.96864 2.12128 0
      vertex -4.15746 1.72206 0
    endloop
  endfacet
  facet normal 0 0 -1
    outer loop
      vertex -2.50006 3.74161 0
      vertex -4.16676 6.23601 0
      vertex -3.53546 6.6144 0
    endloop
  endfacet
  facet normal 0 0 -1
    outer loop
      vertex -6.92909 2.87012 0
      vertex -4.15746 1.72206 0
      vertex -4.30623 1.30627 0
    endloop
  endfacet
  facet normal 0 0 -1
    outer loop
      vertex -7.17705 2.17712 0
      vertex -4.30623 1.30627 0
      vertex -4.41353 0.877899 0
    endloop
  endfacet
  facet normal 0 0 -1
    outer loop
      vertex -7.35588 1.46317 0
      vertex -4.41353 0.877899 0
      vertex -4.47832 0.441071 0
    endloop
  endfacet
  facet normal 0 0 -1
    outer loop
      vertex -2.85477 3.47855 0
      vertex -4.75793 5.79758 0
      vertex -4.16676 6.23601 0
    endloop
  endfacet
  facet normal 0 0 -1
    outer loop
      vertex -7.46388 0.735123 0
      vertex -4.47832 0.441071 0
      vertex -4.5 0 0
    endloop
  endfacet
  facet normal 0 0 -1
    outer loop
      vertex -6.92909 -2.87012 0
      vertex -4.15746 -1.72206 0
      vertex -6.6144 -3.53546 0
    endloop
  endfacet
  facet normal -0 0 -1
    outer loop
      vertex -4.15746 -1.72206 0
      vertex -6.92909 -2.87012 0
      vertex -4.30623 -1.30627 0
    endloop
  endfacet
  facet normal 0 0 -1
    outer loop
      vertex -3.18198 3.18198 0
      vertex -5.3033 5.3033 0
      vertex -4.75793 5.79758 0
    endloop
  endfacet
  facet normal 0 0 -1
    outer loop
      vertex -7.17705 -2.17712 0
      vertex -4.30623 -1.30627 0
      vertex -6.92909 -2.87012 0
    endloop
  endfacet
  facet normal 0 0 -1
    outer loop
      vertex -3.47855 2.85477 0
      vertex -5.79758 4.75793 0
      vertex -5.3033 5.3033 0
    endloop
  endfacet
  facet normal -0 0 -1
    outer loop
      vertex -4.30623 -1.30627 0
      vertex -7.17705 -2.17712 0
      vertex -4.41353 -0.877899 0
    endloop
  endfacet
  facet normal 0 0 -1
    outer loop
      vertex -3.74161 2.50006 0
      vertex -6.23601 4.16676 0
      vertex -5.79758 4.75793 0
    endloop
  endfacet
  facet normal 0 0 -1
    outer loop
      vertex -7.35588 -1.46317 0
      vertex -4.41353 -0.877899 0
      vertex -7.17705 -2.17712 0
    endloop
  endfacet
  facet normal 0 0 -1
    outer loop
      vertex -3.96864 2.12128 0
      vertex -6.6144 3.53546 0
      vertex -6.23601 4.16676 0
    endloop
  endfacet
  facet normal -0 0 -1
    outer loop
      vertex -4.41353 -0.877899 0
      vertex -7.35588 -1.46317 0
      vertex -4.47832 -0.441071 0
    endloop
  endfacet
  facet normal 0 0 -1
    outer loop
      vertex -4.15746 1.72206 0
      vertex -6.92909 2.87012 0
      vertex -6.6144 3.53546 0
    endloop
  endfacet
  facet normal 0 0 -1
    outer loop
      vertex -7.46388 -0.735123 0
      vertex -4.47832 -0.441071 0
      vertex -7.35588 -1.46317 0
    endloop
  endfacet
  facet normal 0 0 -1
    outer loop
      vertex -4.30623 1.30627 0
      vertex -7.17705 2.17712 0
      vertex -6.92909 2.87012 0
    endloop
  endfacet
  facet normal -0 0 -1
    outer loop
      vertex -4.47832 -0.441071 0
      vertex -7.46388 -0.735123 0
      vertex -4.5 0 0
    endloop
  endfacet
  facet normal 0 0 -1
    outer loop
      vertex -4.41353 0.877899 0
      vertex -7.35588 1.46317 0
      vertex -7.17705 2.17712 0
    endloop
  endfacet
  facet normal 0 0 -1
    outer loop
      vertex -7.5 0 0
      vertex -4.5 0 0
      vertex -7.46388 -0.735123 0
    endloop
  endfacet
  facet normal 0 0 -1
    outer loop
      vertex -4.47832 0.441071 0
      vertex -7.46388 0.735123 0
      vertex -7.35588 1.46317 0
    endloop
  endfacet
  facet normal 0 0 -1
    outer loop
      vertex -4.5 0 0
      vertex -7.5 0 0
      vertex -7.46388 0.735123 0
    endloop
  endfacet
  facet normal -0 0 -1
    outer loop
      vertex -0.441071 -4.47832 0
      vertex -2 -7.22142 0
      vertex -0.877899 -4.41353 0
    endloop
  endfacet
  facet normal -0 0 -1
    outer loop
      vertex -0.877899 -4.41353 0
      vertex -2 -7.22142 0
      vertex -1.30627 -4.30623 0
    endloop
  endfacet
  facet normal 0 0 -1
    outer loop
      vertex -2 -7.22142 0
      vertex -1.5 -11 0
      vertex -2 -11 0
    endloop
  endfacet
  facet normal 0 0 -1
    outer loop
      vertex -2.17712 -7.17705 0
      vertex -1.30627 -4.30623 0
      vertex -2 -7.22142 0
    endloop
  endfacet
  facet normal -0 0 -1
    outer loop
      vertex -1.30627 -4.30623 0
      vertex -2.17712 -7.17705 0
      vertex -1.72206 -4.15746 0
    endloop
  endfacet
  facet normal 0 0 -1
    outer loop
      vertex -2.87012 -6.92909 0
      vertex -1.72206 -4.15746 0
      vertex -2.17712 -7.17705 0
    endloop
  endfacet
  facet normal -0 0 -1
    outer loop
      vertex -1.72206 -4.15746 0
      vertex -2.87012 -6.92909 0
      vertex -2.12128 -3.96864 0
    endloop
  endfacet
  facet normal 0 0 -1
    outer loop
      vertex -3.53546 -6.6144 0
      vertex -2.12128 -3.96864 0
      vertex -2.87012 -6.92909 0
    endloop
  endfacet
  facet normal -0 0 -1
    outer loop
      vertex -2.12128 -3.96864 0
      vertex -3.53546 -6.6144 0
      vertex -2.50006 -3.74161 0
    endloop
  endfacet
  facet normal 0 0 -1
    outer loop
      vertex -4.16676 -6.23601 0
      vertex -2.50006 -3.74161 0
      vertex -3.53546 -6.6144 0
    endloop
  endfacet
  facet normal -0 0 -1
    outer loop
      vertex -2.50006 -3.74161 0
      vertex -4.16676 -6.23601 0
      vertex -2.85477 -3.47855 0
    endloop
  endfacet
  facet normal 0 0 -1
    outer loop
      vertex -4.75793 -5.79758 0
      vertex -2.85477 -3.47855 0
      vertex -4.16676 -6.23601 0
    endloop
  endfacet
  facet normal -0 0 -1
    outer loop
      vertex -2.85477 -3.47855 0
      vertex -4.75793 -5.79758 0
      vertex -3.18198 -3.18198 0
    endloop
  endfacet
  facet normal 0 0 -1
    outer loop
      vertex -5.3033 -5.3033 0
      vertex -3.18198 -3.18198 0
      vertex -4.75793 -5.79758 0
    endloop
  endfacet
  facet normal -0 0 -1
    outer loop
      vertex -3.18198 -3.18198 0
      vertex -5.3033 -5.3033 0
      vertex -3.47855 -2.85477 0
    endloop
  endfacet
  facet normal 0 0 -1
    outer loop
      vertex -5.79758 -4.75793 0
      vertex -3.47855 -2.85477 0
      vertex -5.3033 -5.3033 0
    endloop
  endfacet
  facet normal -0 0 -1
    outer loop
      vertex -3.47855 -2.85477 0
      vertex -5.79758 -4.75793 0
      vertex -3.74161 -2.50006 0
    endloop
  endfacet
  facet normal 0 0 -1
    outer loop
      vertex -6.23601 -4.16676 0
      vertex -3.74161 -2.50006 0
      vertex -5.79758 -4.75793 0
    endloop
  endfacet
  facet normal -0 0 -1
    outer loop
      vertex -3.74161 -2.50006 0
      vertex -6.23601 -4.16676 0
      vertex -3.96864 -2.12128 0
    endloop
  endfacet
  facet normal -0 0 -1
    outer loop
      vertex -3.96864 -2.12128 0
      vertex -6.6144 -3.53546 0
      vertex -4.15746 -1.72206 0
    endloop
  endfacet
  facet normal 0 0 -1
    outer loop
      vertex -6.6144 -3.53546 0
      vertex -3.96864 -2.12128 0
      vertex -6.23601 -4.16676 0
    endloop
  endfacet
  facet normal 0 0 1
    outer loop
      vertex 4.5 0 2.4
      vertex 7.5 0 2.4
      vertex 7.46388 0.735123 2.4
    endloop
  endfacet
  facet normal 0 0 1
    outer loop
      vertex 4.47832 0.441071 2.4
      vertex 7.46388 0.735123 2.4
      vertex 7.35588 1.46317 2.4
    endloop
  endfacet
  facet normal 0 0 1
    outer loop
      vertex 7.5 0 2.4
      vertex 4.5 0 2.4
      vertex 7.46388 -0.735123 2.4
    endloop
  endfacet
  facet normal 0 0 1
    outer loop
      vertex 4.41353 0.877899 2.4
      vertex 7.35588 1.46317 2.4
      vertex 7.17705 2.17712 2.4
    endloop
  endfacet
  facet normal -0 0 1
    outer loop
      vertex 4.47832 -0.441071 2.4
      vertex 7.46388 -0.735123 2.4
      vertex 4.5 0 2.4
    endloop
  endfacet
  facet normal 0 0 1
    outer loop
      vertex 4.30623 1.30627 2.4
      vertex 7.17705 2.17712 2.4
      vertex 6.92909 2.87012 2.4
    endloop
  endfacet
  facet normal 0 0 1
    outer loop
      vertex 7.46388 -0.735123 2.4
      vertex 4.47832 -0.441071 2.4
      vertex 7.35588 -1.46317 2.4
    endloop
  endfacet
  facet normal 0 0 1
    outer loop
      vertex 4.15746 1.72206 2.4
      vertex 6.92909 2.87012 2.4
      vertex 6.6144 3.53546 2.4
    endloop
  endfacet
  facet normal -0 0 1
    outer loop
      vertex 4.41353 -0.877899 2.4
      vertex 7.35588 -1.46317 2.4
      vertex 4.47832 -0.441071 2.4
    endloop
  endfacet
  facet normal 0 0 1
    outer loop
      vertex 3.96864 2.12128 2.4
      vertex 6.6144 3.53546 2.4
      vertex 6.23601 4.16676 2.4
    endloop
  endfacet
  facet normal 0 0 1
    outer loop
      vertex 7.35588 -1.46317 2.4
      vertex 4.41353 -0.877899 2.4
      vertex 7.17705 -2.17712 2.4
    endloop
  endfacet
  facet normal 0 0 1
    outer loop
      vertex 3.74161 2.50006 2.4
      vertex 6.23601 4.16676 2.4
      vertex 5.79758 4.75793 2.4
    endloop
  endfacet
  facet normal -0 0 1
    outer loop
      vertex 4.30623 -1.30627 2.4
      vertex 7.17705 -2.17712 2.4
      vertex 4.41353 -0.877899 2.4
    endloop
  endfacet
  facet normal 0 0 1
    outer loop
      vertex 3.47855 2.85477 2.4
      vertex 5.79758 4.75793 2.4
      vertex 5.3033 5.3033 2.4
    endloop
  endfacet
  facet normal 0 0 1
    outer loop
      vertex 7.17705 -2.17712 2.4
      vertex 4.30623 -1.30627 2.4
      vertex 6.92909 -2.87012 2.4
    endloop
  endfacet
  facet normal 0 0 1
    outer loop
      vertex 3.18198 3.18198 2.4
      vertex 5.3033 5.3033 2.4
      vertex 4.75793 5.79758 2.4
    endloop
  endfacet
  facet normal -0 0 1
    outer loop
      vertex 4.15746 -1.72206 2.4
      vertex 6.92909 -2.87012 2.4
      vertex 4.30623 -1.30627 2.4
    endloop
  endfacet
  facet normal 0 0 1
    outer loop
      vertex 6.92909 -2.87012 2.4
      vertex 4.15746 -1.72206 2.4
      vertex 6.6144 -3.53546 2.4
    endloop
  endfacet
  facet normal 0 0 1
    outer loop
      vertex 7.46388 0.735123 2.4
      vertex 4.47832 0.441071 2.4
      vertex 4.5 0 2.4
    endloop
  endfacet
  facet normal 0 0 1
    outer loop
      vertex 7.35588 1.46317 2.4
      vertex 4.41353 0.877899 2.4
      vertex 4.47832 0.441071 2.4
    endloop
  endfacet
  facet normal 0 0 1
    outer loop
      vertex 7.17705 2.17712 2.4
      vertex 4.30623 1.30627 2.4
      vertex 4.41353 0.877899 2.4
    endloop
  endfacet
  facet normal 0 0 1
    outer loop
      vertex 2.85477 3.47855 2.4
      vertex 4.75793 5.79758 2.4
      vertex 4.16676 6.23601 2.4
    endloop
  endfacet
  facet normal 0 0 1
    outer loop
      vertex 6.92909 2.87012 2.4
      vertex 4.15746 1.72206 2.4
      vertex 4.30623 1.30627 2.4
    endloop
  endfacet
  facet normal 0 0 1
    outer loop
      vertex 6.6144 3.53546 2.4
      vertex 3.96864 2.12128 2.4
      vertex 4.15746 1.72206 2.4
    endloop
  endfacet
  facet normal 0 0 1
    outer loop
      vertex 6.23601 4.16676 2.4
      vertex 3.74161 2.50006 2.4
      vertex 3.96864 2.12128 2.4
    endloop
  endfacet
  facet normal 0 0 1
    outer loop
      vertex 2.50006 3.74161 2.4
      vertex 4.16676 6.23601 2.4
      vertex 3.53546 6.6144 2.4
    endloop
  endfacet
  facet normal 0 0 1
    outer loop
      vertex 5.79758 4.75793 2.4
      vertex 3.47855 2.85477 2.4
      vertex 3.74161 2.50006 2.4
    endloop
  endfacet
  facet normal 0 0 1
    outer loop
      vertex 5.3033 5.3033 2.4
      vertex 3.18198 3.18198 2.4
      vertex 3.47855 2.85477 2.4
    endloop
  endfacet
  facet normal 0 0 1
    outer loop
      vertex 2.12128 3.96864 2.4
      vertex 3.53546 6.6144 2.4
      vertex 2.87012 6.92909 2.4
    endloop
  endfacet
  facet normal 0 0 1
    outer loop
      vertex 4.75793 5.79758 2.4
      vertex 2.85477 3.47855 2.4
      vertex 3.18198 3.18198 2.4
    endloop
  endfacet
  facet normal 0 0 1
    outer loop
      vertex 4.16676 6.23601 2.4
      vertex 2.50006 3.74161 2.4
      vertex 2.85477 3.47855 2.4
    endloop
  endfacet
  facet normal 0 0 1
    outer loop
      vertex 1.72206 4.15746 2.4
      vertex 2.87012 6.92909 2.4
      vertex 2.17712 7.17705 2.4
    endloop
  endfacet
  facet normal 0 0 1
    outer loop
      vertex 3.53546 6.6144 2.4
      vertex 2.12128 3.96864 2.4
      vertex 2.50006 3.74161 2.4
    endloop
  endfacet
  facet normal 0 0 1
    outer loop
      vertex 2.87012 6.92909 2.4
      vertex 1.72206 4.15746 2.4
      vertex 2.12128 3.96864 2.4
    endloop
  endfacet
  facet normal 0 0 1
    outer loop
      vertex 1.30627 4.30623 2.4
      vertex 2.17712 7.17705 2.4
      vertex 1.46317 7.35588 2.4
    endloop
  endfacet
  facet normal 0 0 1
    outer loop
      vertex 2.17712 7.17705 2.4
      vertex 1.30627 4.30623 2.4
      vertex 1.72206 4.15746 2.4
    endloop
  endfacet
  facet normal 0 0 1
    outer loop
      vertex 1.46317 7.35588 2.4
      vertex 0.877899 4.41353 2.4
      vertex 1.30627 4.30623 2.4
    endloop
  endfacet
  facet normal 0 0 1
    outer loop
      vertex 0.735123 7.46388 2.4
      vertex 0.877899 4.41353 2.4
      vertex 1.46317 7.35588 2.4
    endloop
  endfacet
  facet normal 0 0 1
    outer loop
      vertex 0.735123 7.46388 2.4
      vertex 0.441071 4.47832 2.4
      vertex 0.877899 4.41353 2.4
    endloop
  endfacet
  facet normal 0 0 1
    outer loop
      vertex 0 7.5 2.4
      vertex 0.441071 4.47832 2.4
      vertex 0.735123 7.46388 2.4
    endloop
  endfacet
  facet normal 0 0 1
    outer loop
      vertex 0 7.5 2.4
      vertex 0 4.5 2.4
      vertex 0.441071 4.47832 2.4
    endloop
  endfacet
  facet normal 0 0 1
    outer loop
      vertex 0 7.5 2.4
      vertex -0.441071 4.47832 2.4
      vertex 0 4.5 2.4
    endloop
  endfacet
  facet normal -0 0 1
    outer loop
      vertex -0.735123 7.46388 2.4
      vertex -0.441071 4.47832 2.4
      vertex 0 7.5 2.4
    endloop
  endfacet
  facet normal 0 0 1
    outer loop
      vertex -0.735123 7.46388 2.4
      vertex -0.877899 4.41353 2.4
      vertex -0.441071 4.47832 2.4
    endloop
  endfacet
  facet normal -0 0 1
    outer loop
      vertex -1.46317 7.35588 2.4
      vertex -0.877899 4.41353 2.4
      vertex -0.735123 7.46388 2.4
    endloop
  endfacet
  facet normal 0 0 1
    outer loop
      vertex -0.877899 4.41353 2.4
      vertex -1.46317 7.35588 2.4
      vertex -1.30627 4.30623 2.4
    endloop
  endfacet
  facet normal -0 0 1
    outer loop
      vertex -2.17712 7.17705 2.4
      vertex -1.30627 4.30623 2.4
      vertex -1.46317 7.35588 2.4
    endloop
  endfacet
  facet normal 0 0 1
    outer loop
      vertex -1.30627 4.30623 2.4
      vertex -2.17712 7.17705 2.4
      vertex -1.72206 4.15746 2.4
    endloop
  endfacet
  facet normal -0 0 1
    outer loop
      vertex -2.87012 6.92909 2.4
      vertex -1.72206 4.15746 2.4
      vertex -2.17712 7.17705 2.4
    endloop
  endfacet
  facet normal 0 0 1
    outer loop
      vertex -1.72206 4.15746 2.4
      vertex -2.87012 6.92909 2.4
      vertex -2.12128 3.96864 2.4
    endloop
  endfacet
  facet normal -0 0 1
    outer loop
      vertex -3.53546 6.6144 2.4
      vertex -2.12128 3.96864 2.4
      vertex -2.87012 6.92909 2.4
    endloop
  endfacet
  facet normal 0 0 1
    outer loop
      vertex -2.12128 3.96864 2.4
      vertex -3.53546 6.6144 2.4
      vertex -2.50006 3.74161 2.4
    endloop
  endfacet
  facet normal -0 0 1
    outer loop
      vertex -4.16676 6.23601 2.4
      vertex -2.50006 3.74161 2.4
      vertex -3.53546 6.6144 2.4
    endloop
  endfacet
  facet normal 0 0 1
    outer loop
      vertex -2.50006 3.74161 2.4
      vertex -4.16676 6.23601 2.4
      vertex -2.85477 3.47855 2.4
    endloop
  endfacet
  facet normal -0 0 1
    outer loop
      vertex -4.75793 5.79758 2.4
      vertex -2.85477 3.47855 2.4
      vertex -4.16676 6.23601 2.4
    endloop
  endfacet
  facet normal 0 0 1
    outer loop
      vertex -2.85477 3.47855 2.4
      vertex -4.75793 5.79758 2.4
      vertex -3.18198 3.18198 2.4
    endloop
  endfacet
  facet normal -0 0 1
    outer loop
      vertex -5.3033 5.3033 2.4
      vertex -3.18198 3.18198 2.4
      vertex -4.75793 5.79758 2.4
    endloop
  endfacet
  facet normal 0 0 1
    outer loop
      vertex -3.18198 3.18198 2.4
      vertex -5.3033 5.3033 2.4
      vertex -3.47855 2.85477 2.4
    endloop
  endfacet
  facet normal -0 0 1
    outer loop
      vertex -5.79758 4.75793 2.4
      vertex -3.47855 2.85477 2.4
      vertex -5.3033 5.3033 2.4
    endloop
  endfacet
  facet normal 0 0 1
    outer loop
      vertex -3.47855 2.85477 2.4
      vertex -5.79758 4.75793 2.4
      vertex -3.74161 2.50006 2.4
    endloop
  endfacet
  facet normal -0 0 1
    outer loop
      vertex -6.23601 4.16676 2.4
      vertex -3.74161 2.50006 2.4
      vertex -5.79758 4.75793 2.4
    endloop
  endfacet
  facet normal 0 0 1
    outer loop
      vertex -3.74161 2.50006 2.4
      vertex -6.23601 4.16676 2.4
      vertex -3.96864 2.12128 2.4
    endloop
  endfacet
  facet normal 0 0 1
    outer loop
      vertex -3.96864 2.12128 2.4
      vertex -6.6144 3.53546 2.4
      vertex -4.15746 1.72206 2.4
    endloop
  endfacet
  facet normal -0 0 1
    outer loop
      vertex -6.6144 3.53546 2.4
      vertex -3.96864 2.12128 2.4
      vertex -6.23601 4.16676 2.4
    endloop
  endfacet
  facet normal -0 0 1
    outer loop
      vertex 3.96864 -2.12128 2.4
      vertex 6.6144 -3.53546 2.4
      vertex 4.15746 -1.72206 2.4
    endloop
  endfacet
  facet normal 0 0 1
    outer loop
      vertex 6.6144 -3.53546 2.4
      vertex 3.96864 -2.12128 2.4
      vertex 6.23601 -4.16676 2.4
    endloop
  endfacet
  facet normal -0 0 1
    outer loop
      vertex 3.74161 -2.50006 2.4
      vertex 6.23601 -4.16676 2.4
      vertex 3.96864 -2.12128 2.4
    endloop
  endfacet
  facet normal 0 0 1
    outer loop
      vertex 6.23601 -4.16676 2.4
      vertex 3.74161 -2.50006 2.4
      vertex 5.79758 -4.75793 2.4
    endloop
  endfacet
  facet normal -0 0 1
    outer loop
      vertex 3.47855 -2.85477 2.4
      vertex 5.79758 -4.75793 2.4
      vertex 3.74161 -2.50006 2.4
    endloop
  endfacet
  facet normal 0 0 1
    outer loop
      vertex 5.79758 -4.75793 2.4
      vertex 3.47855 -2.85477 2.4
      vertex 5.3033 -5.3033 2.4
    endloop
  endfacet
  facet normal -0 0 1
    outer loop
      vertex 3.18198 -3.18198 2.4
      vertex 5.3033 -5.3033 2.4
      vertex 3.47855 -2.85477 2.4
    endloop
  endfacet
  facet normal 0 0 1
    outer loop
      vertex 5.3033 -5.3033 2.4
      vertex 3.18198 -3.18198 2.4
      vertex 4.75793 -5.79758 2.4
    endloop
  endfacet
  facet normal -0 0 1
    outer loop
      vertex 2.85477 -3.47855 2.4
      vertex 4.75793 -5.79758 2.4
      vertex 3.18198 -3.18198 2.4
    endloop
  endfacet
  facet normal 0 0 1
    outer loop
      vertex 4.75793 -5.79758 2.4
      vertex 2.85477 -3.47855 2.4
      vertex 4.16676 -6.23601 2.4
    endloop
  endfacet
  facet normal -0 0 1
    outer loop
      vertex 2.50006 -3.74161 2.4
      vertex 4.16676 -6.23601 2.4
      vertex 2.85477 -3.47855 2.4
    endloop
  endfacet
  facet normal 0 0 1
    outer loop
      vertex 4.16676 -6.23601 2.4
      vertex 2.50006 -3.74161 2.4
      vertex 3.53546 -6.6144 2.4
    endloop
  endfacet
  facet normal -0 0 1
    outer loop
      vertex 2.12128 -3.96864 2.4
      vertex 3.53546 -6.6144 2.4
      vertex 2.50006 -3.74161 2.4
    endloop
  endfacet
  facet normal 0 0 1
    outer loop
      vertex 3.53546 -6.6144 2.4
      vertex 2.12128 -3.96864 2.4
      vertex 2.87012 -6.92909 2.4
    endloop
  endfacet
  facet normal -0 0 1
    outer loop
      vertex 1.72206 -4.15746 2.4
      vertex 2.87012 -6.92909 2.4
      vertex 2.12128 -3.96864 2.4
    endloop
  endfacet
  facet normal 0 0 1
    outer loop
      vertex 2.87012 -6.92909 2.4
      vertex 1.72206 -4.15746 2.4
      vertex 2.17712 -7.17705 2.4
    endloop
  endfacet
  facet normal -0 0 1
    outer loop
      vertex 1.30627 -4.30623 2.4
      vertex 2.17712 -7.17705 2.4
      vertex 1.72206 -4.15746 2.4
    endloop
  endfacet
  facet normal 0 0 1
    outer loop
      vertex 2.17712 -7.17705 2.4
      vertex 1.30627 -4.30623 2.4
      vertex 2 -7.22142 2.4
    endloop
  endfacet
  facet normal -0 0 1
    outer loop
      vertex 0.877899 -4.41353 2.4
      vertex 2 -7.22142 2.4
      vertex 1.30627 -4.30623 2.4
    endloop
  endfacet
  facet normal 0 0 1
    outer loop
      vertex 2 -7.22142 2.4
      vertex 1.5 -11 2.4
      vertex 2 -11 2.4
    endloop
  endfacet
  facet normal -0 0 1
    outer loop
      vertex 0.441071 -4.47832 2.4
      vertex 2 -7.22142 2.4
      vertex 0.877899 -4.41353 2.4
    endloop
  endfacet
  facet normal 0 0 1
    outer loop
      vertex -12.6057 -20.8333 2.4
      vertex -13.2171 -20.3238 2.4
      vertex -13.1657 -21.3 2.4
    endloop
  endfacet
  facet normal 0 0 1
    outer loop
      vertex -8.60573 -20.8333 2.4
      vertex -10 -19.6714 2.4
      vertex -9.16574 -21.3 2.4
    endloop
  endfacet
  facet normal 0 0 1
    outer loop
      vertex -4.60573 -20.8333 2.4
      vertex -6 -19.6714 2.4
      vertex -5.16574 -21.3 2.4
    endloop
  endfacet
  facet normal 0 0 1
    outer loop
      vertex -0.605743 -20.8333 2.4
      vertex -2 -19.6714 2.4
      vertex -1.16576 -21.3 2.4
    endloop
  endfacet
  facet normal 0 0 1
    outer loop
      vertex 3.39426 -20.8333 2.4
      vertex 2 -19.6714 2.4
      vertex 2.83424 -21.3 2.4
    endloop
  endfacet
  facet normal 0 0 1
    outer loop
      vertex 7.39426 -20.8333 2.4
      vertex 6 -19.6714 2.4
      vertex 6.83424 -21.3 2.4
    endloop
  endfacet
  facet normal 0 0 1
    outer loop
      vertex 11.3943 -20.8333 2.4
      vertex 10 -19.6714 2.4
      vertex 10.8342 -21.3 2.4
    endloop
  endfacet
  facet normal 0 0 1
    outer loop
      vertex 13.2171 -20.3238 2.4
      vertex 12.6057 -20.8333 2.4
      vertex 13.1657 -21.3 2.4
    endloop
  endfacet
  facet normal 0 0 1
    outer loop
      vertex 13.8582 -19.0558 2.4
      vertex 12.8675 -19.7374 2.4
      vertex 13.2171 -20.3238 2.4
    endloop
  endfacet
  facet normal 0 0 1
    outer loop
      vertex 13.8582 -19.0558 2.4
      vertex 12.8048 -19.6579 2.4
      vertex 12.8675 -19.7374 2.4
    endloop
  endfacet
  facet normal 0 0 1
    outer loop
      vertex 11.6001 -18.338 2.4
      vertex 13.2288 -18.2574 2.4
      vertex 12.472 -17.4999 2.4
    endloop
  endfacet
  facet normal 0 0 1
    outer loop
      vertex 13.2288 -18.2574 2.4
      vertex 11.6001 -18.338 2.4
      vertex 12.8048 -19.6579 2.4
    endloop
  endfacet
  facet normal 0 0 1
    outer loop
      vertex 12.8048 -19.6579 2.4
      vertex 11.6001 -18.338 2.4
      vertex 12 -20.3285 2.4
    endloop
  endfacet
  facet normal 0 0 1
    outer loop
      vertex 10.9854 -17.8407 2.4
      vertex 12.472 -17.4999 2.4
      vertex 11.5952 -16.7905 2.4
    endloop
  endfacet
  facet normal 0 0 1
    outer loop
      vertex 12.472 -17.4999 2.4
      vertex 10.9854 -17.8407 2.4
      vertex 11.6001 -18.338 2.4
    endloop
  endfacet
  facet normal 0 0 1
    outer loop
      vertex 10.6066 -16.136 2.4
      vertex 10.9854 -17.8407 2.4
      vertex 11.5952 -16.7905 2.4
    endloop
  endfacet
  facet normal -0 0 1
    outer loop
      vertex 9.39439 -16.8428 2.4
      vertex 10.9854 -17.8407 2.4
      vertex 10.6066 -16.136 2.4
    endloop
  endfacet
  facet normal 0 0 1
    outer loop
      vertex 9.39439 -16.8428 2.4
      vertex 10.6066 -16.136 2.4
      vertex 9.51588 -15.5429 2.4
    endloop
  endfacet
  facet normal 0 0 1
    outer loop
      vertex 10.9854 -17.8407 2.4
      vertex 9.39439 -16.8428 2.4
      vertex 10 -18.6619 2.4
    endloop
  endfacet
  facet normal 0 0 1
    outer loop
      vertex 10 -18.6619 2.4
      vertex 9.39439 -16.8428 2.4
      vertex 8.60573 -17.5 2.4
    endloop
  endfacet
  facet normal -0 0 1
    outer loop
      vertex 13.1657 -21.3 2.4
      vertex 14.9278 -21.6178 2.4
      vertex 14.7118 -20.7442 2.4
    endloop
  endfacet
  facet normal -0 0 1
    outer loop
      vertex 13.2171 -20.3238 2.4
      vertex 14.7118 -20.7442 2.4
      vertex 14.3541 -19.8874 2.4
    endloop
  endfacet
  facet normal 0 0 1
    outer loop
      vertex 13.2171 -20.3238 2.4
      vertex 14.3541 -19.8874 2.4
      vertex 13.8582 -19.0558 2.4
    endloop
  endfacet
  facet normal 0 0 1
    outer loop
      vertex 12.8048 -19.6579 2.4
      vertex 13.8582 -19.0558 2.4
      vertex 13.2288 -18.2574 2.4
    endloop
  endfacet
  facet normal 0 0 1
    outer loop
      vertex 14.7118 -20.7442 2.4
      vertex 13.2171 -20.3238 2.4
      vertex 13.1657 -21.3 2.4
    endloop
  endfacet
  facet normal 0 0 1
    outer loop
      vertex 14.9278 -21.6178 2.4
      vertex 13.1657 -21.3 2.4
      vertex 15 -22.5 2.4
    endloop
  endfacet
  facet normal -0 0 1
    outer loop
      vertex 10.8342 -21.3 2.4
      vertex 15 -22.5 2.4
      vertex 13.1657 -21.3 2.4
    endloop
  endfacet
  facet normal 0 0 1
    outer loop
      vertex 9.16574 -21.3 2.4
      vertex 10.8342 -21.3 2.4
      vertex 10 -19.6714 2.4
    endloop
  endfacet
  facet normal -0 0 1
    outer loop
      vertex 9.16574 -21.3 2.4
      vertex 15 -22.5 2.4
      vertex 10.8342 -21.3 2.4
    endloop
  endfacet
  facet normal 0 0 1
    outer loop
      vertex 4.77522 -22.5 2.4
      vertex 9.16574 -21.3 2.4
      vertex 6.83424 -21.3 2.4
    endloop
  endfacet
  facet normal 0 0 1
    outer loop
      vertex 5.16574 -21.3 2.4
      vertex 6.83424 -21.3 2.4
      vertex 6 -19.6714 2.4
    endloop
  endfacet
  facet normal 0 0 1
    outer loop
      vertex 4.77522 -22.5 2.4
      vertex 6.83424 -21.3 2.4
      vertex 5.16574 -21.3 2.4
    endloop
  endfacet
  facet normal 0 0 1
    outer loop
      vertex 9.16574 -21.3 2.4
      vertex 4.77522 -22.5 2.4
      vertex 15 -22.5 2.4
    endloop
  endfacet
  facet normal -0 0 1
    outer loop
      vertex 2.83424 -21.3 2.4
      vertex 4.77522 -22.5 2.4
      vertex 5.16574 -21.3 2.4
    endloop
  endfacet
  facet normal 0 0 1
    outer loop
      vertex 4.77522 -22.5 2.4
      vertex 2.83424 -21.3 2.4
      vertex 3.23715 -23.1 2.4
    endloop
  endfacet
  facet normal 0 0 1
    outer loop
      vertex 1.16576 -21.3 2.4
      vertex 2.83424 -21.3 2.4
      vertex 2 -19.6714 2.4
    endloop
  endfacet
  facet normal 0 0 1
    outer loop
      vertex 2.83424 -21.3 2.4
      vertex 1.16576 -21.3 2.4
      vertex 3.23715 -23.1 2.4
    endloop
  endfacet
  facet normal 0 0 1
    outer loop
      vertex 1.16576 -21.3 2.4
      vertex 0.640503 -21.8719 2.4
      vertex 3.23715 -23.1 2.4
    endloop
  endfacet
  facet normal 0 0 1
    outer loop
      vertex 1.16576 -21.3 2.4
      vertex -0.640503 -21.8719 2.4
      vertex 0.640503 -21.8719 2.4
    endloop
  endfacet
  facet normal -0 0 1
    outer loop
      vertex -1.16576 -21.3 2.4
      vertex -0.640503 -21.8719 2.4
      vertex 1.16576 -21.3 2.4
    endloop
  endfacet
  facet normal 0 0 1
    outer loop
      vertex -2.83424 -21.3 2.4
      vertex -1.16576 -21.3 2.4
      vertex -2 -19.6714 2.4
    endloop
  endfacet
  facet normal 0 0 1
    outer loop
      vertex -3.23715 -23.1 2.4
      vertex -1.16576 -21.3 2.4
      vertex -2.83424 -21.3 2.4
    endloop
  endfacet
  facet normal 0 0 1
    outer loop
      vertex -1.16576 -21.3 2.4
      vertex -3.23715 -23.1 2.4
      vertex -0.640503 -21.8719 2.4
    endloop
  endfacet
  facet normal 0 0 1
    outer loop
      vertex -2.83424 -21.3 2.4
      vertex -4.77522 -22.5 2.4
      vertex -3.23715 -23.1 2.4
    endloop
  endfacet
  facet normal -0 0 1
    outer loop
      vertex -5.16574 -21.3 2.4
      vertex -4.77522 -22.5 2.4
      vertex -2.83424 -21.3 2.4
    endloop
  endfacet
  facet normal 0 0 1
    outer loop
      vertex -6.83424 -21.3 2.4
      vertex -5.16574 -21.3 2.4
      vertex -6 -19.6714 2.4
    endloop
  endfacet
  facet normal 0 0 1
    outer loop
      vertex -5.16574 -21.3 2.4
      vertex -6.83424 -21.3 2.4
      vertex -4.77522 -22.5 2.4
    endloop
  endfacet
  facet normal -0 0 1
    outer loop
      vertex -9.16574 -21.3 2.4
      vertex -4.77522 -22.5 2.4
      vertex -6.83424 -21.3 2.4
    endloop
  endfacet
  facet normal 0 0 1
    outer loop
      vertex -10.8342 -21.3 2.4
      vertex -9.16574 -21.3 2.4
      vertex -10 -19.6714 2.4
    endloop
  endfacet
  facet normal 0 0 1
    outer loop
      vertex -15 -22.5 2.4
      vertex -9.16574 -21.3 2.4
      vertex -10.8342 -21.3 2.4
    endloop
  endfacet
  facet normal 0 0 1
    outer loop
      vertex -15 -22.5 2.4
      vertex -10.8342 -21.3 2.4
      vertex -13.1657 -21.3 2.4
    endloop
  endfacet
  facet normal 0 0 1
    outer loop
      vertex -12.8675 -19.7374 2.4
      vertex -13.8582 -19.0558 2.4
      vertex -13.2171 -20.3238 2.4
    endloop
  endfacet
  facet normal -0 0 1
    outer loop
      vertex -14.3541 -19.8874 2.4
      vertex -13.2171 -20.3238 2.4
      vertex -13.8582 -19.0558 2.4
    endloop
  endfacet
  facet normal 0 0 1
    outer loop
      vertex -14.7118 -20.7442 2.4
      vertex -13.2171 -20.3238 2.4
      vertex -14.3541 -19.8874 2.4
    endloop
  endfacet
  facet normal 0 0 1
    outer loop
      vertex -13.2171 -20.3238 2.4
      vertex -14.7118 -20.7442 2.4
      vertex -13.1657 -21.3 2.4
    endloop
  endfacet
  facet normal 0 0 1
    outer loop
      vertex -14.9278 -21.6178 2.4
      vertex -13.1657 -21.3 2.4
      vertex -14.7118 -20.7442 2.4
    endloop
  endfacet
  facet normal 0 0 1
    outer loop
      vertex -15 -22.5 2.4
      vertex -13.1657 -21.3 2.4
      vertex -14.9278 -21.6178 2.4
    endloop
  endfacet
  facet normal 0 0 1
    outer loop
      vertex -9.16574 -21.3 2.4
      vertex -15 -22.5 2.4
      vertex -4.77522 -22.5 2.4
    endloop
  endfacet
  facet normal 0 0 1
    outer loop
      vertex 12 -20.3285 2.4
      vertex 11.6001 -18.338 2.4
      vertex 10.6057 -19.1667 2.4
    endloop
  endfacet
  facet normal 0 0 1
    outer loop
      vertex 10 -19.6714 2.4
      vertex 8.60573 -20.8333 2.4
      vertex 9.16574 -21.3 2.4
    endloop
  endfacet
  facet normal 0 0 1
    outer loop
      vertex 9.51588 -15.5429 2.4
      vertex 8.98453 -16.6199 2.4
      vertex 9.39439 -16.8428 2.4
    endloop
  endfacet
  facet normal 0 0 1
    outer loop
      vertex 9.51588 -15.5429 2.4
      vertex 8.63632 -16.465 2.4
      vertex 8.98453 -16.6199 2.4
    endloop
  endfacet
  facet normal 0 0 1
    outer loop
      vertex 8.33354 -15.0168 2.4
      vertex 8.63632 -16.465 2.4
      vertex 9.51588 -15.5429 2.4
    endloop
  endfacet
  facet normal -0 0 1
    outer loop
      vertex 6.74211 -15.7197 2.4
      vertex 8.63632 -16.465 2.4
      vertex 8.33354 -15.0168 2.4
    endloop
  endfacet
  facet normal 0 0 1
    outer loop
      vertex 6.74211 -15.7197 2.4
      vertex 8.33354 -15.0168 2.4
      vertex 7.07094 -14.5627 2.4
    endloop
  endfacet
  facet normal 0 0 1
    outer loop
      vertex 8.63632 -16.465 2.4
      vertex 6.74211 -15.7197 2.4
      vertex 8 -16.9952 2.4
    endloop
  endfacet
  facet normal 0 0 1
    outer loop
      vertex 8 -16.9952 2.4
      vertex 6.74211 -15.7197 2.4
      vertex 6.60573 -15.8333 2.4
    endloop
  endfacet
  facet normal 0 0 1
    outer loop
      vertex 4.59381 -15.1663 2.4
      vertex 4 -16.9952 2.4
      vertex 5.39426 -15.8333 2.4
    endloop
  endfacet
  facet normal -0 0 1
    outer loop
      vertex 3.61742 -14.9903 2.4
      vertex 4.59381 -15.1663 2.4
      vertex 4.35426 -13.8875 2.4
    endloop
  endfacet
  facet normal 0 0 1
    outer loop
      vertex 4.59381 -15.1663 2.4
      vertex 3.61742 -14.9903 2.4
      vertex 4 -16.9952 2.4
    endloop
  endfacet
  facet normal 0 0 1
    outer loop
      vertex 2.92635 -13.6729 2.4
      vertex 3.61742 -14.9903 2.4
      vertex 4.35426 -13.8875 2.4
    endloop
  endfacet
  facet normal 0 0 1
    outer loop
      vertex 2.92635 -13.6729 2.4
      vertex 2.78391 -14.865 2.4
      vertex 3.61742 -14.9903 2.4
    endloop
  endfacet
  facet normal 0 0 1
    outer loop
      vertex 2.92635 -13.6729 2.4
      vertex 2.5782 -14.8467 2.4
      vertex 2.78391 -14.865 2.4
    endloop
  endfacet
  facet normal 0 0 1
    outer loop
      vertex 1.5 -13.546 2.4
      vertex 2.5782 -14.8467 2.4
      vertex 2.92635 -13.6729 2.4
    endloop
  endfacet
  facet normal 0 0 1
    outer loop
      vertex 2.5782 -14.8467 2.4
      vertex 1.5 -13.546 2.4
      vertex 1.28352 -14.7315 2.4
    endloop
  endfacet
  facet normal 0 0 1
    outer loop
      vertex 2.5782 -14.8467 2.4
      vertex 1.28352 -14.7315 2.4
      vertex 2 -15.3285 2.4
    endloop
  endfacet
  facet normal 0 -0 1
    outer loop
      vertex 0.194244 -13.5 2.4
      vertex 1.5 -11 2.4
      vertex -1.5 -11 2.4
    endloop
  endfacet
  facet normal 0 0 1
    outer loop
      vertex 2 -7.22142 2.4
      vertex -2 -7.22142 2.4
      vertex 1.5 -11 2.4
    endloop
  endfacet
  facet normal -0 0 1
    outer loop
      vertex 0 -4.5 2.4
      vertex 2 -7.22142 2.4
      vertex 0.441071 -4.47832 2.4
    endloop
  endfacet
  facet normal 0 0 1
    outer loop
      vertex 1.5 -13.546 2.4
      vertex 0.300003 -13.5 2.4
      vertex 1.28352 -14.7315 2.4
    endloop
  endfacet
  facet normal 0 0 1
    outer loop
      vertex 1.28352 -14.7315 2.4
      vertex 0.300003 -13.5 2.4
      vertex 0.300003 -14.6439 2.4
    endloop
  endfacet
  facet normal 0 0 1
    outer loop
      vertex 6 -19.6714 2.4
      vertex 4.60573 -20.8333 2.4
      vertex 5.16574 -21.3 2.4
    endloop
  endfacet
  facet normal 0 0 1
    outer loop
      vertex 7.07094 -14.5627 2.4
      vertex 6.70372 -15.7059 2.4
      vertex 6.74211 -15.7197 2.4
    endloop
  endfacet
  facet normal 0 0 1
    outer loop
      vertex 5.74025 -14.1851 2.4
      vertex 6.70372 -15.7059 2.4
      vertex 7.07094 -14.5627 2.4
    endloop
  endfacet
  facet normal 0 0 1
    outer loop
      vertex 5.74025 -14.1851 2.4
      vertex 5.45007 -15.3501 2.4
      vertex 6.70372 -15.7059 2.4
    endloop
  endfacet
  facet normal 0 0 1
    outer loop
      vertex 5.74025 -14.1851 2.4
      vertex 4.59381 -15.1663 2.4
      vertex 5.45007 -15.3501 2.4
    endloop
  endfacet
  facet normal 0 -0 1
    outer loop
      vertex 4.59381 -15.1663 2.4
      vertex 5.74025 -14.1851 2.4
      vertex 4.35426 -13.8875 2.4
    endloop
  endfacet
  facet normal 0 0 1
    outer loop
      vertex 0.449997 -27.5 2.4
      vertex 12 -33.5 2.4
      vertex 11.9422 -32.3238 2.4
    endloop
  endfacet
  facet normal 0 0 1
    outer loop
      vertex 0.449997 -27.5 2.4
      vertex 11.9422 -32.3238 2.4
      vertex 11.7694 -31.1589 2.4
    endloop
  endfacet
  facet normal 0 0 1
    outer loop
      vertex 12 -33.5 2.4
      vertex 0.449997 -27.5 2.4
      vertex 11.9422 -34.6762 2.4
    endloop
  endfacet
  facet normal 0 0 1
    outer loop
      vertex 0.449997 -27.5 2.4
      vertex 11.7694 -31.1589 2.4
      vertex 11.4833 -30.0166 2.4
    endloop
  endfacet
  facet normal 0 0 1
    outer loop
      vertex 11.9422 -34.6762 2.4
      vertex 0.449997 -27.5 2.4
      vertex 11.7694 -35.8411 2.4
    endloop
  endfacet
  facet normal 0 0 1
    outer loop
      vertex 0.449997 -27.5 2.4
      vertex 11.4833 -30.0166 2.4
      vertex 11.0865 -28.9078 2.4
    endloop
  endfacet
  facet normal 0 0 1
    outer loop
      vertex 11.7694 -35.8411 2.4
      vertex 0.449997 -27.5 2.4
      vertex 11.4833 -36.9834 2.4
    endloop
  endfacet
  facet normal 0 0 1
    outer loop
      vertex 0.449997 -27.5 2.4
      vertex 11.0865 -28.9078 2.4
      vertex 10.5831 -27.8432 2.4
    endloop
  endfacet
  facet normal 0 0 1
    outer loop
      vertex 11.4833 -36.9834 2.4
      vertex 0.449997 -27.5 2.4
      vertex 11.0865 -38.0922 2.4
    endloop
  endfacet
  facet normal -0 0 1
    outer loop
      vertex 0.449997 -27.5 2.4
      vertex 10.5831 -27.8432 2.4
      vertex 9.97763 -26.8331 2.4
    endloop
  endfacet
  facet normal 0 0 1
    outer loop
      vertex 11.0865 -38.0922 2.4
      vertex 0.449997 -27.5 2.4
      vertex 10.5831 -39.1568 2.4
    endloop
  endfacet
  facet normal 0 0 1
    outer loop
      vertex 0.449997 -27.5 2.4
      vertex 9.97763 -26.8331 2.4
      vertex 9.27612 -25.8873 2.4
    endloop
  endfacet
  facet normal 0 0 1
    outer loop
      vertex 0.449997 -27.5 2.4
      vertex 9.27612 -25.8873 2.4
      vertex 8.48528 -25.0147 2.4
    endloop
  endfacet
  facet normal 0 0 1
    outer loop
      vertex 0.449997 -27.5 2.4
      vertex 8.48528 -25.0147 2.4
      vertex 7.61272 -24.2239 2.4
    endloop
  endfacet
  facet normal 0 0 1
    outer loop
      vertex 0.449997 -27.5 2.4
      vertex 7.61272 -24.2239 2.4
      vertex 6.66684 -23.5224 2.4
    endloop
  endfacet
  facet normal -0 0 1
    outer loop
      vertex 3.23715 -23.1 2.4
      vertex 6.66684 -23.5224 2.4
      vertex 5.65675 -22.9169 2.4
    endloop
  endfacet
  facet normal 0 0 1
    outer loop
      vertex 3.23715 -23.1 2.4
      vertex 5.65675 -22.9169 2.4
      vertex 4.77522 -22.5 2.4
    endloop
  endfacet
  facet normal 0 0 1
    outer loop
      vertex 6.66684 -23.5224 2.4
      vertex 3.23715 -23.1 2.4
      vertex 0.449997 -27.5 2.4
    endloop
  endfacet
  facet normal 0 0 1
    outer loop
      vertex 10.5831 -39.1568 2.4
      vertex 0.449997 -27.5 2.4
      vertex 9.97763 -40.1668 2.4
    endloop
  endfacet
  facet normal 0 0 1
    outer loop
      vertex 9.97763 -40.1668 2.4
      vertex 0.449997 -47.5 2.4
      vertex 0.997757 -54.1667 2.4
    endloop
  endfacet
  facet normal -0 0 1
    outer loop
      vertex 0.364044 -47.7645 2.4
      vertex 0.997757 -54.1667 2.4
      vertex 0.449997 -47.5 2.4
    endloop
  endfacet
  facet normal -0 0 1
    outer loop
      vertex 0.139053 -47.928 2.4
      vertex 0.997757 -54.1667 2.4
      vertex 0.364044 -47.7645 2.4
    endloop
  endfacet
  facet normal -0 0 1
    outer loop
      vertex -0.139053 -47.928 2.4
      vertex 0.997757 -54.1667 2.4
      vertex 0.139053 -47.928 2.4
    endloop
  endfacet
  facet normal 0 0 1
    outer loop
      vertex -0.459213 -54.6086 2.4
      vertex 0.997757 -54.1667 2.4
      vertex -0.139053 -47.928 2.4
    endloop
  endfacet
  facet normal 0 0 1
    outer loop
      vertex 0.997757 -54.1667 2.4
      vertex -0.459213 -54.6086 2.4
      vertex 0.927612 -54.2613 2.4
    endloop
  endfacet
  facet normal 0 0 1
    outer loop
      vertex 9.97763 -40.1668 2.4
      vertex 0.449997 -27.5 2.4
      vertex 0.449997 -47.5 2.4
    endloop
  endfacet
  facet normal 0 0 1
    outer loop
      vertex 3.23715 -23.1 2.4
      vertex 0.364044 -27.2355 2.4
      vertex 0.449997 -27.5 2.4
    endloop
  endfacet
  facet normal 0 0 1
    outer loop
      vertex 3.23715 -23.1 2.4
      vertex 0.139053 -27.072 2.4
      vertex 0.364044 -27.2355 2.4
    endloop
  endfacet
  facet normal 0 0 1
    outer loop
      vertex 3.23715 -23.1 2.4
      vertex -0.139053 -27.072 2.4
      vertex 0.139053 -27.072 2.4
    endloop
  endfacet
  facet normal -0 0 1
    outer loop
      vertex -3.23715 -23.1 2.4
      vertex -0.139053 -27.072 2.4
      vertex 3.23715 -23.1 2.4
    endloop
  endfacet
  facet normal -0 0 1
    outer loop
      vertex -9.97763 -40.1668 2.4
      vertex -0.449997 -47.5 2.4
      vertex -0.449997 -27.5 2.4
    endloop
  endfacet
  facet normal 0 0 1
    outer loop
      vertex -0.449997 -47.5 2.4
      vertex -0.997757 -54.1667 2.4
      vertex -0.459213 -54.6086 2.4
    endloop
  endfacet
  facet normal 0 0 1
    outer loop
      vertex -0.459213 -54.6086 2.4
      vertex -0.997757 -54.1667 2.4
      vertex -0.565674 -54.5583 2.4
    endloop
  endfacet
  facet normal 0 0 1
    outer loop
      vertex -0.565674 -54.5583 2.4
      vertex -0.997757 -54.1667 2.4
      vertex -0.666672 -54.4978 2.4
    endloop
  endfacet
  facet normal 0 0 1
    outer loop
      vertex -0.666672 -54.4978 2.4
      vertex -0.997757 -54.1667 2.4
      vertex -0.761261 -54.4276 2.4
    endloop
  endfacet
  facet normal 0 0 1
    outer loop
      vertex -0.761261 -54.4276 2.4
      vertex -0.997757 -54.1667 2.4
      vertex -0.848526 -54.3485 2.4
    endloop
  endfacet
  facet normal 0 0 1
    outer loop
      vertex -0.848526 -54.3485 2.4
      vertex -0.997757 -54.1667 2.4
      vertex -0.927612 -54.2613 2.4
    endloop
  endfacet
  facet normal 0 0 1
    outer loop
      vertex -0.139053 -27.072 2.4
      vertex -3.23715 -23.1 2.4
      vertex -0.364044 -27.2355 2.4
    endloop
  endfacet
  facet normal 0 0 1
    outer loop
      vertex -3.23715 -23.1 2.4
      vertex -0.449997 -27.5 2.4
      vertex -0.364044 -27.2355 2.4
    endloop
  endfacet
  facet normal -0 0 1
    outer loop
      vertex -6.66684 -23.5224 2.4
      vertex -0.449997 -27.5 2.4
      vertex -3.23715 -23.1 2.4
    endloop
  endfacet
  facet normal -0 0 1
    outer loop
      vertex -5.65675 -22.9169 2.4
      vertex -3.23715 -23.1 2.4
      vertex -4.77522 -22.5 2.4
    endloop
  endfacet
  facet normal 0 0 1
    outer loop
      vertex -6.66684 -23.5224 2.4
      vertex -3.23715 -23.1 2.4
      vertex -5.65675 -22.9169 2.4
    endloop
  endfacet
  facet normal 0 0 1
    outer loop
      vertex -0.449997 -27.5 2.4
      vertex -6.66684 -23.5224 2.4
      vertex -7.61272 -24.2239 2.4
    endloop
  endfacet
  facet normal 0 0 1
    outer loop
      vertex -0.449997 -27.5 2.4
      vertex -7.61272 -24.2239 2.4
      vertex -8.48528 -25.0147 2.4
    endloop
  endfacet
  facet normal 0 0 1
    outer loop
      vertex -0.449997 -27.5 2.4
      vertex -8.48528 -25.0147 2.4
      vertex -9.27612 -25.8873 2.4
    endloop
  endfacet
  facet normal 0 0 1
    outer loop
      vertex -0.449997 -27.5 2.4
      vertex -9.27612 -25.8873 2.4
      vertex -9.97763 -26.8331 2.4
    endloop
  endfacet
  facet normal 0 0 1
    outer loop
      vertex -0.449997 -27.5 2.4
      vertex -9.97763 -26.8331 2.4
      vertex -10.5831 -27.8432 2.4
    endloop
  endfacet
  facet normal 0 0 1
    outer loop
      vertex -0.449997 -47.5 2.4
      vertex -9.97763 -40.1668 2.4
      vertex -0.997757 -54.1667 2.4
    endloop
  endfacet
  facet normal 0 0 1
    outer loop
      vertex -0.449997 -27.5 2.4
      vertex -10.5831 -27.8432 2.4
      vertex -11.0865 -28.9078 2.4
    endloop
  endfacet
  facet normal 0 0 1
    outer loop
      vertex -0.449997 -27.5 2.4
      vertex -10.5831 -39.1568 2.4
      vertex -9.97763 -40.1668 2.4
    endloop
  endfacet
  facet normal 0 0 1
    outer loop
      vertex -0.449997 -27.5 2.4
      vertex -11.0865 -28.9078 2.4
      vertex -11.4833 -30.0166 2.4
    endloop
  endfacet
  facet normal 0 0 1
    outer loop
      vertex -0.449997 -27.5 2.4
      vertex -11.0865 -38.0922 2.4
      vertex -10.5831 -39.1568 2.4
    endloop
  endfacet
  facet normal 0 0 1
    outer loop
      vertex -0.449997 -27.5 2.4
      vertex -11.4833 -30.0166 2.4
      vertex -11.7694 -31.1589 2.4
    endloop
  endfacet
  facet normal 0 0 1
    outer loop
      vertex -0.449997 -27.5 2.4
      vertex -11.4833 -36.9834 2.4
      vertex -11.0865 -38.0922 2.4
    endloop
  endfacet
  facet normal 0 0 1
    outer loop
      vertex -0.449997 -27.5 2.4
      vertex -11.7694 -31.1589 2.4
      vertex -11.9422 -32.3238 2.4
    endloop
  endfacet
  facet normal 0 0 1
    outer loop
      vertex -0.449997 -27.5 2.4
      vertex -11.7694 -35.8411 2.4
      vertex -11.4833 -36.9834 2.4
    endloop
  endfacet
  facet normal 0 0 1
    outer loop
      vertex -0.449997 -27.5 2.4
      vertex -11.9422 -32.3238 2.4
      vertex -12 -33.5 2.4
    endloop
  endfacet
  facet normal 0 0 1
    outer loop
      vertex -0.449997 -27.5 2.4
      vertex -11.9422 -34.6762 2.4
      vertex -11.7694 -35.8411 2.4
    endloop
  endfacet
  facet normal 0 0 1
    outer loop
      vertex -0.449997 -27.5 2.4
      vertex -12 -33.5 2.4
      vertex -11.9422 -34.6762 2.4
    endloop
  endfacet
  facet normal 0 0 1
    outer loop
      vertex 4 -16.9952 2.4
      vertex 3.61742 -14.9903 2.4
      vertex 2.60574 -15.8333 2.4
    endloop
  endfacet
  facet normal 0 0 1
    outer loop
      vertex 1.5 -11 2.4
      vertex 0.300003 -13.5 2.4
      vertex 1.5 -13.546 2.4
    endloop
  endfacet
  facet normal 0 0 1
    outer loop
      vertex 2 -7.22142 2.4
      vertex 0 -4.5 2.4
      vertex -2 -7.22142 2.4
    endloop
  endfacet
  facet normal 0 0 1
    outer loop
      vertex 1.5 -11 2.4
      vertex 0.194244 -13.5 2.4
      vertex 0.300003 -13.5 2.4
    endloop
  endfacet
  facet normal 0 -0 1
    outer loop
      vertex -0.194244 -13.5 2.4
      vertex 0.194244 -13.5 2.4
      vertex -1.5 -11 2.4
    endloop
  endfacet
  facet normal 0 0 1
    outer loop
      vertex 0.194244 -13.5 2.4
      vertex -0.194244 -13.5 2.4
      vertex 0 -13.6619 2.4
    endloop
  endfacet
  facet normal 0 0 1
    outer loop
      vertex -2 -7.22142 2.4
      vertex 0 -4.5 2.4
      vertex -0.441071 -4.47832 2.4
    endloop
  endfacet
  facet normal 0 0 1
    outer loop
      vertex -0.194244 -13.5 2.4
      vertex -1.5 -11 2.4
      vertex -0.300003 -13.5 2.4
    endloop
  endfacet
  facet normal 0 0 1
    outer loop
      vertex -2 -7.22142 2.4
      vertex -0.441071 -4.47832 2.4
      vertex -0.877899 -4.41353 2.4
    endloop
  endfacet
  facet normal 0 0 1
    outer loop
      vertex -1.5 -13.546 2.4
      vertex -0.300003 -13.5 2.4
      vertex -1.5 -11 2.4
    endloop
  endfacet
  facet normal 0 0 1
    outer loop
      vertex -2 -7.22142 2.4
      vertex -0.877899 -4.41353 2.4
      vertex -1.30627 -4.30623 2.4
    endloop
  endfacet
  facet normal 0 -0 1
    outer loop
      vertex -1.28352 -14.7315 2.4
      vertex -0.300003 -13.5 2.4
      vertex -1.5 -13.546 2.4
    endloop
  endfacet
  facet normal 0 0 1
    outer loop
      vertex -0.300003 -13.5 2.4
      vertex -1.28352 -14.7315 2.4
      vertex -0.300003 -14.6439 2.4
    endloop
  endfacet
  facet normal 0 0 1
    outer loop
      vertex -2.5782 -14.8467 2.4
      vertex -1.28352 -14.7315 2.4
      vertex -1.5 -13.546 2.4
    endloop
  endfacet
  facet normal 0 0 1
    outer loop
      vertex -1.28352 -14.7315 2.4
      vertex -2.5782 -14.8467 2.4
      vertex -2 -15.3285 2.4
    endloop
  endfacet
  facet normal -0 0 1
    outer loop
      vertex -2.92635 -13.6729 2.4
      vertex -2.5782 -14.8467 2.4
      vertex -1.5 -13.546 2.4
    endloop
  endfacet
  facet normal 0 0 1
    outer loop
      vertex -2.5782 -14.8467 2.4
      vertex -2.92635 -13.6729 2.4
      vertex -2.78391 -14.865 2.4
    endloop
  endfacet
  facet normal 0 0 1
    outer loop
      vertex -2.92635 -13.6729 2.4
      vertex -3.61742 -14.9903 2.4
      vertex -2.78391 -14.865 2.4
    endloop
  endfacet
  facet normal -0 0 1
    outer loop
      vertex -4.35426 -13.8875 2.4
      vertex -3.61742 -14.9903 2.4
      vertex -2.92635 -13.6729 2.4
    endloop
  endfacet
  facet normal 0 0 1
    outer loop
      vertex -4.59381 -15.1663 2.4
      vertex -3.61742 -14.9903 2.4
      vertex -4.35426 -13.8875 2.4
    endloop
  endfacet
  facet normal 0 0 1
    outer loop
      vertex -3.61742 -14.9903 2.4
      vertex -4.59381 -15.1663 2.4
      vertex -4 -16.9952 2.4
    endloop
  endfacet
  facet normal 0 0 1
    outer loop
      vertex -4 -16.9952 2.4
      vertex -4.59381 -15.1663 2.4
      vertex -5.39426 -15.8333 2.4
    endloop
  endfacet
  facet normal 0 0 1
    outer loop
      vertex 2 -19.6714 2.4
      vertex 0.605743 -20.8333 2.4
      vertex 1.16576 -21.3 2.4
    endloop
  endfacet
  facet normal -0 0 1
    outer loop
      vertex -0.640503 -21.8719 2.4
      vertex 1.15424 -22.3 2.4
      vertex 0.640503 -21.8719 2.4
    endloop
  endfacet
  facet normal 0 0 1
    outer loop
      vertex 1.15424 -22.3 2.4
      vertex -0.640503 -21.8719 2.4
      vertex -1.15424 -22.3 2.4
    endloop
  endfacet
  facet normal 0 0 1
    outer loop
      vertex 0.927612 -54.2613 2.4
      vertex -0.459213 -54.6086 2.4
      vertex 0.848526 -54.3485 2.4
    endloop
  endfacet
  facet normal 0 0 1
    outer loop
      vertex 0.848526 -54.3485 2.4
      vertex -0.459213 -54.6086 2.4
      vertex 0.761261 -54.4276 2.4
    endloop
  endfacet
  facet normal 0 0 1
    outer loop
      vertex 0.761261 -54.4276 2.4
      vertex -0.459213 -54.6086 2.4
      vertex 0.666672 -54.4978 2.4
    endloop
  endfacet
  facet normal 0 0 1
    outer loop
      vertex 0.565674 -54.5583 2.4
      vertex -0.459213 -54.6086 2.4
      vertex 0.459213 -54.6086 2.4
    endloop
  endfacet
  facet normal 0 0 1
    outer loop
      vertex 0.459213 -54.6086 2.4
      vertex -0.459213 -54.6086 2.4
      vertex 0.348328 -54.6483 2.4
    endloop
  endfacet
  facet normal 0 0 1
    outer loop
      vertex 0.348328 -54.6483 2.4
      vertex -0.459213 -54.6086 2.4
      vertex 0.2341 -54.6769 2.4
    endloop
  endfacet
  facet normal 0 0 1
    outer loop
      vertex 0.2341 -54.6769 2.4
      vertex -0.459213 -54.6086 2.4
      vertex 0.117615 -54.6942 2.4
    endloop
  endfacet
  facet normal 0 0 1
    outer loop
      vertex 0.117615 -54.6942 2.4
      vertex -0.459213 -54.6086 2.4
      vertex 0 -54.7 2.4
    endloop
  endfacet
  facet normal 0 0 1
    outer loop
      vertex 0.666672 -54.4978 2.4
      vertex -0.459213 -54.6086 2.4
      vertex 0.565674 -54.5583 2.4
    endloop
  endfacet
  facet normal 0 0 1
    outer loop
      vertex 0 -54.7 2.4
      vertex -0.459213 -54.6086 2.4
      vertex -0.117615 -54.6942 2.4
    endloop
  endfacet
  facet normal 0 0 1
    outer loop
      vertex -0.117615 -54.6942 2.4
      vertex -0.459213 -54.6086 2.4
      vertex -0.2341 -54.6769 2.4
    endloop
  endfacet
  facet normal 0 0 1
    outer loop
      vertex -0.459213 -54.6086 2.4
      vertex -0.139053 -47.928 2.4
      vertex -0.364044 -47.7645 2.4
    endloop
  endfacet
  facet normal 0 0 1
    outer loop
      vertex -0.459213 -54.6086 2.4
      vertex -0.364044 -47.7645 2.4
      vertex -0.449997 -47.5 2.4
    endloop
  endfacet
  facet normal 0 0 1
    outer loop
      vertex -0.2341 -54.6769 2.4
      vertex -0.459213 -54.6086 2.4
      vertex -0.348328 -54.6483 2.4
    endloop
  endfacet
  facet normal 0 0 1
    outer loop
      vertex -2 -19.6714 2.4
      vertex -3.39426 -20.8333 2.4
      vertex -2.83424 -21.3 2.4
    endloop
  endfacet
  facet normal 0 0 1
    outer loop
      vertex -2.87012 -6.92909 2.4
      vertex -1.72206 -4.15746 2.4
      vertex -2.12128 -3.96864 2.4
    endloop
  endfacet
  facet normal 0 0 1
    outer loop
      vertex -1.72206 -4.15746 2.4
      vertex -2.17712 -7.17705 2.4
      vertex -2 -7.22142 2.4
    endloop
  endfacet
  facet normal 0 0 1
    outer loop
      vertex -3.53546 -6.6144 2.4
      vertex -2.12128 -3.96864 2.4
      vertex -2.50006 -3.74161 2.4
    endloop
  endfacet
  facet normal 0 0 1
    outer loop
      vertex -4.16676 -6.23601 2.4
      vertex -2.50006 -3.74161 2.4
      vertex -2.85477 -3.47855 2.4
    endloop
  endfacet
  facet normal 0 0 1
    outer loop
      vertex -1.72206 -4.15746 2.4
      vertex -2.87012 -6.92909 2.4
      vertex -2.17712 -7.17705 2.4
    endloop
  endfacet
  facet normal 0 0 1
    outer loop
      vertex -4.75793 -5.79758 2.4
      vertex -2.85477 -3.47855 2.4
      vertex -3.18198 -3.18198 2.4
    endloop
  endfacet
  facet normal 0 0 1
    outer loop
      vertex -5.3033 -5.3033 2.4
      vertex -3.18198 -3.18198 2.4
      vertex -3.47855 -2.85477 2.4
    endloop
  endfacet
  facet normal 0 0 1
    outer loop
      vertex -2.12128 -3.96864 2.4
      vertex -3.53546 -6.6144 2.4
      vertex -2.87012 -6.92909 2.4
    endloop
  endfacet
  facet normal 0 0 1
    outer loop
      vertex -5.79758 -4.75793 2.4
      vertex -3.47855 -2.85477 2.4
      vertex -3.74161 -2.50006 2.4
    endloop
  endfacet
  facet normal 0 0 1
    outer loop
      vertex -6.23601 -4.16676 2.4
      vertex -3.74161 -2.50006 2.4
      vertex -3.96864 -2.12128 2.4
    endloop
  endfacet
  facet normal 0 0 1
    outer loop
      vertex -6.6144 -3.53546 2.4
      vertex -3.96864 -2.12128 2.4
      vertex -4.15746 -1.72206 2.4
    endloop
  endfacet
  facet normal 0 0 1
    outer loop
      vertex -2.50006 -3.74161 2.4
      vertex -4.16676 -6.23601 2.4
      vertex -3.53546 -6.6144 2.4
    endloop
  endfacet
  facet normal 0 0 1
    outer loop
      vertex -6.92909 -2.87012 2.4
      vertex -4.15746 -1.72206 2.4
      vertex -4.30623 -1.30627 2.4
    endloop
  endfacet
  facet normal 0 0 1
    outer loop
      vertex -7.17705 -2.17712 2.4
      vertex -4.30623 -1.30627 2.4
      vertex -4.41353 -0.877899 2.4
    endloop
  endfacet
  facet normal 0 0 1
    outer loop
      vertex -7.35588 -1.46317 2.4
      vertex -4.41353 -0.877899 2.4
      vertex -4.47832 -0.441071 2.4
    endloop
  endfacet
  facet normal 0 0 1
    outer loop
      vertex -2.85477 -3.47855 2.4
      vertex -4.75793 -5.79758 2.4
      vertex -4.16676 -6.23601 2.4
    endloop
  endfacet
  facet normal 0 0 1
    outer loop
      vertex -7.46388 -0.735123 2.4
      vertex -4.47832 -0.441071 2.4
      vertex -4.5 0 2.4
    endloop
  endfacet
  facet normal -0 0 1
    outer loop
      vertex -6.92909 2.87012 2.4
      vertex -4.15746 1.72206 2.4
      vertex -6.6144 3.53546 2.4
    endloop
  endfacet
  facet normal 0 0 1
    outer loop
      vertex -4.15746 1.72206 2.4
      vertex -6.92909 2.87012 2.4
      vertex -4.30623 1.30627 2.4
    endloop
  endfacet
  facet normal 0 0 1
    outer loop
      vertex -3.18198 -3.18198 2.4
      vertex -5.3033 -5.3033 2.4
      vertex -4.75793 -5.79758 2.4
    endloop
  endfacet
  facet normal -0 0 1
    outer loop
      vertex -7.17705 2.17712 2.4
      vertex -4.30623 1.30627 2.4
      vertex -6.92909 2.87012 2.4
    endloop
  endfacet
  facet normal 0 0 1
    outer loop
      vertex -3.47855 -2.85477 2.4
      vertex -5.79758 -4.75793 2.4
      vertex -5.3033 -5.3033 2.4
    endloop
  endfacet
  facet normal 0 0 1
    outer loop
      vertex -4.30623 1.30627 2.4
      vertex -7.17705 2.17712 2.4
      vertex -4.41353 0.877899 2.4
    endloop
  endfacet
  facet normal 0 0 1
    outer loop
      vertex -3.74161 -2.50006 2.4
      vertex -6.23601 -4.16676 2.4
      vertex -5.79758 -4.75793 2.4
    endloop
  endfacet
  facet normal -0 0 1
    outer loop
      vertex -7.35588 1.46317 2.4
      vertex -4.41353 0.877899 2.4
      vertex -7.17705 2.17712 2.4
    endloop
  endfacet
  facet normal 0 0 1
    outer loop
      vertex -3.96864 -2.12128 2.4
      vertex -6.6144 -3.53546 2.4
      vertex -6.23601 -4.16676 2.4
    endloop
  endfacet
  facet normal 0 0 1
    outer loop
      vertex -4.41353 0.877899 2.4
      vertex -7.35588 1.46317 2.4
      vertex -4.47832 0.441071 2.4
    endloop
  endfacet
  facet normal 0 0 1
    outer loop
      vertex -4.15746 -1.72206 2.4
      vertex -6.92909 -2.87012 2.4
      vertex -6.6144 -3.53546 2.4
    endloop
  endfacet
  facet normal -0 0 1
    outer loop
      vertex -7.46388 0.735123 2.4
      vertex -4.47832 0.441071 2.4
      vertex -7.35588 1.46317 2.4
    endloop
  endfacet
  facet normal 0 0 1
    outer loop
      vertex -4.30623 -1.30627 2.4
      vertex -7.17705 -2.17712 2.4
      vertex -6.92909 -2.87012 2.4
    endloop
  endfacet
  facet normal 0 0 1
    outer loop
      vertex -4.47832 0.441071 2.4
      vertex -7.46388 0.735123 2.4
      vertex -4.5 0 2.4
    endloop
  endfacet
  facet normal 0 0 1
    outer loop
      vertex -4.41353 -0.877899 2.4
      vertex -7.35588 -1.46317 2.4
      vertex -7.17705 -2.17712 2.4
    endloop
  endfacet
  facet normal 0 0 1
    outer loop
      vertex -7.5 0 2.4
      vertex -4.5 0 2.4
      vertex -7.46388 0.735123 2.4
    endloop
  endfacet
  facet normal 0 0 1
    outer loop
      vertex -4.47832 -0.441071 2.4
      vertex -7.46388 -0.735123 2.4
      vertex -7.35588 -1.46317 2.4
    endloop
  endfacet
  facet normal 0 0 1
    outer loop
      vertex -4.5 0 2.4
      vertex -7.5 0 2.4
      vertex -7.46388 -0.735123 2.4
    endloop
  endfacet
  facet normal 0 0 1
    outer loop
      vertex -2 -7.22142 2.4
      vertex -1.30627 -4.30623 2.4
      vertex -1.72206 -4.15746 2.4
    endloop
  endfacet
  facet normal 0 0 1
    outer loop
      vertex 1.5 -11 2.4
      vertex -2 -7.22142 2.4
      vertex -1.5 -11 2.4
    endloop
  endfacet
  facet normal 0 0 1
    outer loop
      vertex -1.5 -11 2.4
      vertex -2 -7.22142 2.4
      vertex -2 -11 2.4
    endloop
  endfacet
  facet normal -0 0 1
    outer loop
      vertex -5.74025 -14.1851 2.4
      vertex -4.59381 -15.1663 2.4
      vertex -4.35426 -13.8875 2.4
    endloop
  endfacet
  facet normal 0 0 1
    outer loop
      vertex -4.59381 -15.1663 2.4
      vertex -5.74025 -14.1851 2.4
      vertex -5.45007 -15.3501 2.4
    endloop
  endfacet
  facet normal 0 0 1
    outer loop
      vertex -5.74025 -14.1851 2.4
      vertex -6.70372 -15.7059 2.4
      vertex -5.45007 -15.3501 2.4
    endloop
  endfacet
  facet normal -0 0 1
    outer loop
      vertex -7.07094 -14.5627 2.4
      vertex -6.70372 -15.7059 2.4
      vertex -5.74025 -14.1851 2.4
    endloop
  endfacet
  facet normal 0 0 1
    outer loop
      vertex -6.70372 -15.7059 2.4
      vertex -7.07094 -14.5627 2.4
      vertex -6.74211 -15.7197 2.4
    endloop
  endfacet
  facet normal 0 0 1
    outer loop
      vertex -6.74211 -15.7197 2.4
      vertex -8 -16.9952 2.4
      vertex -6.60573 -15.8333 2.4
    endloop
  endfacet
  facet normal -0 0 1
    outer loop
      vertex -8.33354 -15.0168 2.4
      vertex -6.74211 -15.7197 2.4
      vertex -7.07094 -14.5627 2.4
    endloop
  endfacet
  facet normal 0 0 1
    outer loop
      vertex -8.63632 -16.465 2.4
      vertex -6.74211 -15.7197 2.4
      vertex -8.33354 -15.0168 2.4
    endloop
  endfacet
  facet normal 0 0 1
    outer loop
      vertex -6.74211 -15.7197 2.4
      vertex -8.63632 -16.465 2.4
      vertex -8 -16.9952 2.4
    endloop
  endfacet
  facet normal -0 0 1
    outer loop
      vertex -9.51588 -15.5429 2.4
      vertex -8.63632 -16.465 2.4
      vertex -8.33354 -15.0168 2.4
    endloop
  endfacet
  facet normal 0 0 1
    outer loop
      vertex -8.63632 -16.465 2.4
      vertex -9.51588 -15.5429 2.4
      vertex -8.98453 -16.6199 2.4
    endloop
  endfacet
  facet normal 0 0 1
    outer loop
      vertex -8.98453 -16.6199 2.4
      vertex -9.51588 -15.5429 2.4
      vertex -9.39439 -16.8428 2.4
    endloop
  endfacet
  facet normal 0 0 1
    outer loop
      vertex -6 -19.6714 2.4
      vertex -7.39426 -20.8333 2.4
      vertex -6.83424 -21.3 2.4
    endloop
  endfacet
  facet normal 0 0 1
    outer loop
      vertex -9.39439 -16.8428 2.4
      vertex -10 -18.6619 2.4
      vertex -8.60573 -17.5 2.4
    endloop
  endfacet
  facet normal -0 0 1
    outer loop
      vertex -10.6066 -16.136 2.4
      vertex -9.39439 -16.8428 2.4
      vertex -9.51588 -15.5429 2.4
    endloop
  endfacet
  facet normal 0 0 1
    outer loop
      vertex -10.9854 -17.8407 2.4
      vertex -9.39439 -16.8428 2.4
      vertex -10.6066 -16.136 2.4
    endloop
  endfacet
  facet normal 0 0 1
    outer loop
      vertex -9.39439 -16.8428 2.4
      vertex -10.9854 -17.8407 2.4
      vertex -10 -18.6619 2.4
    endloop
  endfacet
  facet normal -0 0 1
    outer loop
      vertex -11.5952 -16.7905 2.4
      vertex -10.9854 -17.8407 2.4
      vertex -10.6066 -16.136 2.4
    endloop
  endfacet
  facet normal -0 0 1
    outer loop
      vertex -12.472 -17.4999 2.4
      vertex -10.9854 -17.8407 2.4
      vertex -11.5952 -16.7905 2.4
    endloop
  endfacet
  facet normal 0 0 1
    outer loop
      vertex -10.9854 -17.8407 2.4
      vertex -12.472 -17.4999 2.4
      vertex -11.6001 -18.338 2.4
    endloop
  endfacet
  facet normal -0 0 1
    outer loop
      vertex -13.2288 -18.2574 2.4
      vertex -11.6001 -18.338 2.4
      vertex -12.472 -17.4999 2.4
    endloop
  endfacet
  facet normal 0 0 1
    outer loop
      vertex -11.6001 -18.338 2.4
      vertex -12.8048 -19.6579 2.4
      vertex -12 -20.3285 2.4
    endloop
  endfacet
  facet normal 0 0 1
    outer loop
      vertex -11.6001 -18.338 2.4
      vertex -13.2288 -18.2574 2.4
      vertex -12.8048 -19.6579 2.4
    endloop
  endfacet
  facet normal -0 0 1
    outer loop
      vertex -13.8582 -19.0558 2.4
      vertex -12.8048 -19.6579 2.4
      vertex -13.2288 -18.2574 2.4
    endloop
  endfacet
  facet normal 0 0 1
    outer loop
      vertex -12.8048 -19.6579 2.4
      vertex -13.8582 -19.0558 2.4
      vertex -12.8675 -19.7374 2.4
    endloop
  endfacet
  facet normal 0 0 1
    outer loop
      vertex -10 -19.6714 2.4
      vertex -11.3943 -20.8333 2.4
      vertex -10.8342 -21.3 2.4
    endloop
  endfacet
  facet normal 0 0 1
    outer loop
      vertex -10.6057 -19.1667 2.4
      vertex -11.6001 -18.338 2.4
      vertex -12 -20.3285 2.4
    endloop
  endfacet
  facet normal 0 0 1
    outer loop
      vertex -2.60574 -15.8333 2.4
      vertex -3.61742 -14.9903 2.4
      vertex -4 -16.9952 2.4
    endloop
  endfacet
  facet normal 0 0 1
    outer loop
      vertex -8 -18.0048 2.4
      vertex -8 -20.3285 2.4
      vertex -6.60573 -19.1667 2.4
    endloop
  endfacet
  facet normal 0 -0 1
    outer loop
      vertex -8 -20.3285 2.4
      vertex -8 -18.0048 2.4
      vertex -9.39426 -19.1667 2.4
    endloop
  endfacet
  facet normal 0 0 1
    outer loop
      vertex -6 -16.3381 2.4
      vertex -6 -18.6619 2.4
      vertex -4.60574 -17.5 2.4
    endloop
  endfacet
  facet normal 0 -0 1
    outer loop
      vertex -6 -18.6619 2.4
      vertex -6 -16.3381 2.4
      vertex -7.39426 -17.5 2.4
    endloop
  endfacet
  facet normal 0 0 1
    outer loop
      vertex -4 -18.0048 2.4
      vertex -4 -20.3285 2.4
      vertex -2.60574 -19.1667 2.4
    endloop
  endfacet
  facet normal 0 -0 1
    outer loop
      vertex -4 -20.3285 2.4
      vertex -4 -18.0048 2.4
      vertex -5.39426 -19.1667 2.4
    endloop
  endfacet
  facet normal 0 0 1
    outer loop
      vertex -2 -16.3381 2.4
      vertex -2 -18.6619 2.4
      vertex -0.605743 -17.5 2.4
    endloop
  endfacet
  facet normal 0 -0 1
    outer loop
      vertex -2 -18.6619 2.4
      vertex -2 -16.3381 2.4
      vertex -3.39426 -17.5 2.4
    endloop
  endfacet
  facet normal 0 0 1
    outer loop
      vertex 0 -14.6714 2.4
      vertex 0 -16.9952 2.4
      vertex 1.39426 -15.8333 2.4
    endloop
  endfacet
  facet normal 0 -0 1
    outer loop
      vertex 0 -16.9952 2.4
      vertex 0 -14.6714 2.4
      vertex -1.39426 -15.8333 2.4
    endloop
  endfacet
  facet normal 0 0 1
    outer loop
      vertex 0 -18.0048 2.4
      vertex 0 -20.3286 2.4
      vertex 1.39426 -19.1667 2.4
    endloop
  endfacet
  facet normal 0 -0 1
    outer loop
      vertex 0 -20.3286 2.4
      vertex 0 -18.0048 2.4
      vertex -1.39426 -19.1667 2.4
    endloop
  endfacet
  facet normal 0 0 1
    outer loop
      vertex 2 -16.3381 2.4
      vertex 2 -18.6619 2.4
      vertex 3.39426 -17.5 2.4
    endloop
  endfacet
  facet normal 0 -0 1
    outer loop
      vertex 2 -18.6619 2.4
      vertex 2 -16.3381 2.4
      vertex 0.605743 -17.5 2.4
    endloop
  endfacet
  facet normal 0 0 1
    outer loop
      vertex 4 -18.0048 2.4
      vertex 4 -20.3285 2.4
      vertex 5.39426 -19.1667 2.4
    endloop
  endfacet
  facet normal 0 -0 1
    outer loop
      vertex 4 -20.3285 2.4
      vertex 4 -18.0048 2.4
      vertex 2.60574 -19.1667 2.4
    endloop
  endfacet
  facet normal 0 0 1
    outer loop
      vertex 6 -16.3381 2.4
      vertex 6 -18.6619 2.4
      vertex 7.39426 -17.5 2.4
    endloop
  endfacet
  facet normal 0 -0 1
    outer loop
      vertex 6 -18.6619 2.4
      vertex 6 -16.3381 2.4
      vertex 4.60574 -17.5 2.4
    endloop
  endfacet
  facet normal 0 0 1
    outer loop
      vertex 8 -18.0048 2.4
      vertex 8 -20.3285 2.4
      vertex 9.39426 -19.1667 2.4
    endloop
  endfacet
  facet normal 0 -0 1
    outer loop
      vertex 8 -20.3285 2.4
      vertex 8 -18.0048 2.4
      vertex 6.60573 -19.1667 2.4
    endloop
  endfacet
  facet normal 0.146906 -0.989151 0
    outer loop
      vertex 0.117615 -54.6942 0
      vertex 0.2341 -54.6769 2.4
      vertex 0.117615 -54.6942 2.4
    endloop
  endfacet
  facet normal 0.146906 -0.989151 0
    outer loop
      vertex 0.2341 -54.6769 2.4
      vertex 0.117615 -54.6942 0
      vertex 0.2341 -54.6769 0
    endloop
  endfacet
  facet normal 0.242879 -0.970057 0
    outer loop
      vertex 0.2341 -54.6769 0
      vertex 0.348328 -54.6483 2.4
      vertex 0.2341 -54.6769 2.4
    endloop
  endfacet
  facet normal 0.242879 -0.970057 0
    outer loop
      vertex 0.348328 -54.6483 2.4
      vertex 0.2341 -54.6769 0
      vertex 0.348328 -54.6483 0
    endloop
  endfacet
  facet normal 0.337076 -0.941477 0
    outer loop
      vertex 0.348328 -54.6483 0
      vertex 0.459213 -54.6086 2.4
      vertex 0.348328 -54.6483 2.4
    endloop
  endfacet
  facet normal 0.337076 -0.941477 0
    outer loop
      vertex 0.459213 -54.6086 2.4
      vertex 0.348328 -54.6483 0
      vertex 0.459213 -54.6086 0
    endloop
  endfacet
  facet normal 0.427192 -0.904161 0
    outer loop
      vertex 0.459213 -54.6086 0
      vertex 0.565674 -54.5583 2.4
      vertex 0.459213 -54.6086 2.4
    endloop
  endfacet
  facet normal 0.427192 -0.904161 0
    outer loop
      vertex 0.565674 -54.5583 2.4
      vertex 0.459213 -54.6086 0
      vertex 0.565674 -54.5583 0
    endloop
  endfacet
  facet normal 0.513879 -0.857863 0
    outer loop
      vertex 0.565674 -54.5583 0
      vertex 0.666672 -54.4978 2.4
      vertex 0.565674 -54.5583 2.4
    endloop
  endfacet
  facet normal 0.513879 -0.857863 0
    outer loop
      vertex 0.666672 -54.4978 2.4
      vertex 0.565674 -54.5583 0
      vertex 0.666672 -54.4978 0
    endloop
  endfacet
  facet normal 0.595962 -0.803012 0
    outer loop
      vertex 0.666672 -54.4978 0
      vertex 0.761261 -54.4276 2.4
      vertex 0.666672 -54.4978 2.4
    endloop
  endfacet
  facet normal 0.595962 -0.803012 0
    outer loop
      vertex 0.761261 -54.4276 2.4
      vertex 0.666672 -54.4978 0
      vertex 0.761261 -54.4276 0
    endloop
  endfacet
  facet normal 0.671594 -0.740919 0
    outer loop
      vertex 0.761261 -54.4276 0
      vertex 0.848526 -54.3485 2.4
      vertex 0.761261 -54.4276 2.4
    endloop
  endfacet
  facet normal 0.671594 -0.740919 0
    outer loop
      vertex 0.848526 -54.3485 2.4
      vertex 0.761261 -54.4276 0
      vertex 0.848526 -54.3485 0
    endloop
  endfacet
  facet normal 0.740729 -0.671804 0
    outer loop
      vertex 0.848526 -54.3485 2.4
      vertex 0.927612 -54.2613 0
      vertex 0.927612 -54.2613 2.4
    endloop
  endfacet
  facet normal 0.740729 -0.671804 0
    outer loop
      vertex 0.927612 -54.2613 0
      vertex 0.848526 -54.3485 2.4
      vertex 0.848526 -54.3485 0
    endloop
  endfacet
  facet normal 0.803269 -0.595616 0
    outer loop
      vertex 0.927612 -54.2613 2.4
      vertex 0.997757 -54.1667 0
      vertex 0.997757 -54.1667 2.4
    endloop
  endfacet
  facet normal 0.803269 -0.595616 0
    outer loop
      vertex 0.997757 -54.1667 0
      vertex 0.927612 -54.2613 2.4
      vertex 0.927612 -54.2613 0
    endloop
  endfacet
  facet normal 0.841727 -0.539904 0
    outer loop
      vertex 0.997757 -54.1667 2.4
      vertex 9.97763 -40.1668 0
      vertex 9.97763 -40.1668 2.4
    endloop
  endfacet
  facet normal 0.841727 -0.539904 0
    outer loop
      vertex 9.97763 -40.1668 0
      vertex 0.997757 -54.1667 2.4
      vertex 0.997757 -54.1667 0
    endloop
  endfacet
  facet normal 0.857691 -0.514165 0
    outer loop
      vertex 9.97763 -40.1668 2.4
      vertex 10.5831 -39.1568 0
      vertex 10.5831 -39.1568 2.4
    endloop
  endfacet
  facet normal 0.857691 -0.514165 0
    outer loop
      vertex 10.5831 -39.1568 0
      vertex 9.97763 -40.1668 2.4
      vertex 9.97763 -40.1668 0
    endloop
  endfacet
  facet normal 0.904028 -0.427473 0
    outer loop
      vertex 10.5831 -39.1568 2.4
      vertex 11.0865 -38.0922 0
      vertex 11.0865 -38.0922 2.4
    endloop
  endfacet
  facet normal 0.904028 -0.427473 0
    outer loop
      vertex 11.0865 -38.0922 0
      vertex 10.5831 -39.1568 2.4
      vertex 10.5831 -39.1568 0
    endloop
  endfacet
  facet normal 0.941527 -0.336939 0
    outer loop
      vertex 11.0865 -38.0922 2.4
      vertex 11.4833 -36.9834 0
      vertex 11.4833 -36.9834 2.4
    endloop
  endfacet
  facet normal 0.941527 -0.336939 0
    outer loop
      vertex 11.4833 -36.9834 0
      vertex 11.0865 -38.0922 2.4
      vertex 11.0865 -38.0922 0
    endloop
  endfacet
  facet normal 0.970038 -0.242955 0
    outer loop
      vertex 11.4833 -36.9834 2.4
      vertex 11.7694 -35.8411 0
      vertex 11.7694 -35.8411 2.4
    endloop
  endfacet
  facet normal 0.970038 -0.242955 0
    outer loop
      vertex 11.7694 -35.8411 0
      vertex 11.4833 -36.9834 2.4
      vertex 11.4833 -36.9834 0
    endloop
  endfacet
  facet normal 0.989176 -0.146733 0
    outer loop
      vertex 11.7694 -35.8411 2.4
      vertex 11.9422 -34.6762 0
      vertex 11.9422 -34.6762 2.4
    endloop
  endfacet
  facet normal 0.989176 -0.146733 0
    outer loop
      vertex 11.9422 -34.6762 0
      vertex 11.7694 -35.8411 2.4
      vertex 11.7694 -35.8411 0
    endloop
  endfacet
  facet normal 0.998795 -0.0490821 0
    outer loop
      vertex 11.9422 -34.6762 2.4
      vertex 12 -33.5 0
      vertex 12 -33.5 2.4
    endloop
  endfacet
  facet normal 0.998795 -0.0490821 0
    outer loop
      vertex 12 -33.5 0
      vertex 11.9422 -34.6762 2.4
      vertex 11.9422 -34.6762 0
    endloop
  endfacet
  facet normal 0.998795 0.0490821 0
    outer loop
      vertex 12 -33.5 2.4
      vertex 11.9422 -32.3238 0
      vertex 11.9422 -32.3238 2.4
    endloop
  endfacet
  facet normal 0.998795 0.0490821 0
    outer loop
      vertex 11.9422 -32.3238 0
      vertex 12 -33.5 2.4
      vertex 12 -33.5 0
    endloop
  endfacet
  facet normal 0.989176 0.146733 0
    outer loop
      vertex 11.9422 -32.3238 2.4
      vertex 11.7694 -31.1589 0
      vertex 11.7694 -31.1589 2.4
    endloop
  endfacet
  facet normal 0.989176 0.146733 0
    outer loop
      vertex 11.7694 -31.1589 0
      vertex 11.9422 -32.3238 2.4
      vertex 11.9422 -32.3238 0
    endloop
  endfacet
  facet normal 0.970038 0.242955 0
    outer loop
      vertex 11.7694 -31.1589 2.4
      vertex 11.4833 -30.0166 0
      vertex 11.4833 -30.0166 2.4
    endloop
  endfacet
  facet normal 0.970038 0.242955 0
    outer loop
      vertex 11.4833 -30.0166 0
      vertex 11.7694 -31.1589 2.4
      vertex 11.7694 -31.1589 0
    endloop
  endfacet
  facet normal 0.941527 0.336939 0
    outer loop
      vertex 11.4833 -30.0166 2.4
      vertex 11.0865 -28.9078 0
      vertex 11.0865 -28.9078 2.4
    endloop
  endfacet
  facet normal 0.941527 0.336939 0
    outer loop
      vertex 11.0865 -28.9078 0
      vertex 11.4833 -30.0166 2.4
      vertex 11.4833 -30.0166 0
    endloop
  endfacet
  facet normal 0.904028 0.427473 0
    outer loop
      vertex 11.0865 -28.9078 2.4
      vertex 10.5831 -27.8432 0
      vertex 10.5831 -27.8432 2.4
    endloop
  endfacet
  facet normal 0.904028 0.427473 0
    outer loop
      vertex 10.5831 -27.8432 0
      vertex 11.0865 -28.9078 2.4
      vertex 11.0865 -28.9078 0
    endloop
  endfacet
  facet normal 0.857714 0.514127 0
    outer loop
      vertex 10.5831 -27.8432 2.4
      vertex 9.97763 -26.8331 0
      vertex 9.97763 -26.8331 2.4
    endloop
  endfacet
  facet normal 0.857714 0.514127 0
    outer loop
      vertex 9.97763 -26.8331 0
      vertex 10.5831 -27.8432 2.4
      vertex 10.5831 -27.8432 0
    endloop
  endfacet
  facet normal 0.803184 0.59573 0
    outer loop
      vertex 9.97763 -26.8331 2.4
      vertex 9.27612 -25.8873 0
      vertex 9.27612 -25.8873 2.4
    endloop
  endfacet
  facet normal 0.803184 0.59573 0
    outer loop
      vertex 9.27612 -25.8873 0
      vertex 9.97763 -26.8331 2.4
      vertex 9.97763 -26.8331 0
    endloop
  endfacet
  facet normal 0.740967 0.671541 0
    outer loop
      vertex 9.27612 -25.8873 2.4
      vertex 8.48528 -25.0147 0
      vertex 8.48528 -25.0147 2.4
    endloop
  endfacet
  facet normal 0.740967 0.671541 0
    outer loop
      vertex 8.48528 -25.0147 0
      vertex 9.27612 -25.8873 2.4
      vertex 9.27612 -25.8873 0
    endloop
  endfacet
  facet normal 0.671539 0.740969 -0
    outer loop
      vertex 8.48528 -25.0147 0
      vertex 7.61272 -24.2239 2.4
      vertex 8.48528 -25.0147 2.4
    endloop
  endfacet
  facet normal 0.671539 0.740969 0
    outer loop
      vertex 7.61272 -24.2239 2.4
      vertex 8.48528 -25.0147 0
      vertex 7.61272 -24.2239 0
    endloop
  endfacet
  facet normal 0.595693 0.803213 -0
    outer loop
      vertex 7.61272 -24.2239 0
      vertex 6.66684 -23.5224 2.4
      vertex 7.61272 -24.2239 2.4
    endloop
  endfacet
  facet normal 0.595693 0.803213 0
    outer loop
      vertex 6.66684 -23.5224 2.4
      vertex 7.61272 -24.2239 0
      vertex 6.66684 -23.5224 0
    endloop
  endfacet
  facet normal 0.51415 0.8577 -0
    outer loop
      vertex 6.66684 -23.5224 0
      vertex 5.65675 -22.9169 2.4
      vertex 6.66684 -23.5224 2.4
    endloop
  endfacet
  facet normal 0.51415 0.8577 0
    outer loop
      vertex 5.65675 -22.9169 2.4
      vertex 6.66684 -23.5224 0
      vertex 5.65675 -22.9169 0
    endloop
  endfacet
  facet normal 0.427528 0.904002 -0
    outer loop
      vertex 5.65675 -22.9169 0
      vertex 4.77522 -22.5 2.4
      vertex 5.65675 -22.9169 2.4
    endloop
  endfacet
  facet normal 0.427528 0.904002 0
    outer loop
      vertex 4.77522 -22.5 2.4
      vertex 5.65675 -22.9169 0
      vertex 4.77522 -22.5 0
    endloop
  endfacet
  facet normal 0 -1 0
    outer loop
      vertex 4.77522 -22.5 0
      vertex 15 -22.5 2.4
      vertex 4.77522 -22.5 2.4
    endloop
  endfacet
  facet normal 0 -1 -0
    outer loop
      vertex 15 -22.5 2.4
      vertex 4.77522 -22.5 0
      vertex 15 -22.5 0
    endloop
  endfacet
  facet normal 0.996668 0.0815681 0
    outer loop
      vertex 15 -22.5 2.4
      vertex 14.9278 -21.6178 0
      vertex 14.9278 -21.6178 2.4
    endloop
  endfacet
  facet normal 0.996668 0.0815681 0
    outer loop
      vertex 14.9278 -21.6178 0
      vertex 15 -22.5 2.4
      vertex 15 -22.5 0
    endloop
  endfacet
  facet normal 0.970767 0.240025 0
    outer loop
      vertex 14.9278 -21.6178 2.4
      vertex 14.7118 -20.7442 0
      vertex 14.7118 -20.7442 2.4
    endloop
  endfacet
  facet normal 0.970767 0.240025 0
    outer loop
      vertex 14.7118 -20.7442 0
      vertex 14.9278 -21.6178 2.4
      vertex 14.9278 -21.6178 0
    endloop
  endfacet
  facet normal 0.922809 0.385258 0
    outer loop
      vertex 14.7118 -20.7442 2.4
      vertex 14.3541 -19.8874 0
      vertex 14.3541 -19.8874 2.4
    endloop
  endfacet
  facet normal 0.922809 0.385258 0
    outer loop
      vertex 14.3541 -19.8874 0
      vertex 14.7118 -20.7442 2.4
      vertex 14.7118 -20.7442 0
    endloop
  endfacet
  facet normal 0.858884 0.51217 0
    outer loop
      vertex 14.3541 -19.8874 2.4
      vertex 13.8582 -19.0558 0
      vertex 13.8582 -19.0558 2.4
    endloop
  endfacet
  facet normal 0.858884 0.51217 0
    outer loop
      vertex 13.8582 -19.0558 0
      vertex 14.3541 -19.8874 2.4
      vertex 14.3541 -19.8874 0
    endloop
  endfacet
  facet normal 0.785321 0.619089 0
    outer loop
      vertex 13.8582 -19.0558 2.4
      vertex 13.2288 -18.2574 0
      vertex 13.2288 -18.2574 2.4
    endloop
  endfacet
  facet normal 0.785321 0.619089 0
    outer loop
      vertex 13.2288 -18.2574 0
      vertex 13.8582 -19.0558 2.4
      vertex 13.8582 -19.0558 0
    endloop
  endfacet
  facet normal 0.707434 0.70678 0
    outer loop
      vertex 13.2288 -18.2574 2.4
      vertex 12.472 -17.4999 0
      vertex 12.472 -17.4999 2.4
    endloop
  endfacet
  facet normal 0.707434 0.70678 0
    outer loop
      vertex 12.472 -17.4999 0
      vertex 13.2288 -18.2574 2.4
      vertex 13.2288 -18.2574 0
    endloop
  endfacet
  facet normal 0.628989 0.777414 -0
    outer loop
      vertex 12.472 -17.4999 0
      vertex 11.5952 -16.7905 2.4
      vertex 12.472 -17.4999 2.4
    endloop
  endfacet
  facet normal 0.628989 0.777414 0
    outer loop
      vertex 11.5952 -16.7905 2.4
      vertex 12.472 -17.4999 0
      vertex 11.5952 -16.7905 0
    endloop
  endfacet
  facet normal 0.552031 0.833824 -0
    outer loop
      vertex 11.5952 -16.7905 0
      vertex 10.6066 -16.136 2.4
      vertex 11.5952 -16.7905 2.4
    endloop
  endfacet
  facet normal 0.552031 0.833824 0
    outer loop
      vertex 10.6066 -16.136 2.4
      vertex 11.5952 -16.7905 0
      vertex 10.6066 -16.136 0
    endloop
  endfacet
  facet normal 0.477711 0.878517 -0
    outer loop
      vertex 10.6066 -16.136 0
      vertex 9.51588 -15.5429 2.4
      vertex 10.6066 -16.136 2.4
    endloop
  endfacet
  facet normal 0.477711 0.878517 0
    outer loop
      vertex 9.51588 -15.5429 2.4
      vertex 10.6066 -16.136 0
      vertex 9.51588 -15.5429 0
    endloop
  endfacet
  facet normal 0.406536 0.913635 -0
    outer loop
      vertex 9.51588 -15.5429 0
      vertex 8.33354 -15.0168 2.4
      vertex 9.51588 -15.5429 2.4
    endloop
  endfacet
  facet normal 0.406536 0.913635 0
    outer loop
      vertex 8.33354 -15.0168 2.4
      vertex 9.51588 -15.5429 0
      vertex 8.33354 -15.0168 0
    endloop
  endfacet
  facet normal 0.338432 0.940991 -0
    outer loop
      vertex 8.33354 -15.0168 0
      vertex 7.07094 -14.5627 2.4
      vertex 8.33354 -15.0168 2.4
    endloop
  endfacet
  facet normal 0.338432 0.940991 0
    outer loop
      vertex 7.07094 -14.5627 2.4
      vertex 8.33354 -15.0168 0
      vertex 7.07094 -14.5627 0
    endloop
  endfacet
  facet normal 0.272985 0.962018 -0
    outer loop
      vertex 7.07094 -14.5627 0
      vertex 5.74025 -14.1851 2.4
      vertex 7.07094 -14.5627 2.4
    endloop
  endfacet
  facet normal 0.272985 0.962018 0
    outer loop
      vertex 5.74025 -14.1851 2.4
      vertex 7.07094 -14.5627 0
      vertex 5.74025 -14.1851 0
    endloop
  endfacet
  facet normal 0.209935 0.977715 -0
    outer loop
      vertex 5.74025 -14.1851 0
      vertex 4.35426 -13.8875 2.4
      vertex 5.74025 -14.1851 2.4
    endloop
  endfacet
  facet normal 0.209935 0.977715 0
    outer loop
      vertex 4.35426 -13.8875 2.4
      vertex 5.74025 -14.1851 0
      vertex 4.35426 -13.8875 0
    endloop
  endfacet
  facet normal 0.148621 0.988894 -0
    outer loop
      vertex 4.35426 -13.8875 0
      vertex 2.92635 -13.6729 2.4
      vertex 4.35426 -13.8875 2.4
    endloop
  endfacet
  facet normal 0.148621 0.988894 0
    outer loop
      vertex 2.92635 -13.6729 2.4
      vertex 4.35426 -13.8875 0
      vertex 2.92635 -13.6729 0
    endloop
  endfacet
  facet normal 0.0886183 0.996066 -0
    outer loop
      vertex 2.92635 -13.6729 0
      vertex 1.5 -13.546 2.4
      vertex 2.92635 -13.6729 2.4
    endloop
  endfacet
  facet normal 0.0886183 0.996066 0
    outer loop
      vertex 1.5 -13.546 2.4
      vertex 2.92635 -13.6729 0
      vertex 1.5 -13.546 0
    endloop
  endfacet
  facet normal 1 -0 0
    outer loop
      vertex 1.5 -13.546 2.4
      vertex 1.5 -11 0
      vertex 1.5 -11 2.4
    endloop
  endfacet
  facet normal 1 0 0
    outer loop
      vertex 1.5 -11 0
      vertex 1.5 -13.546 2.4
      vertex 1.5 -13.546 0
    endloop
  endfacet
  facet normal 0 -1 0
    outer loop
      vertex 1.5 -11 0
      vertex 2 -11 2.4
      vertex 1.5 -11 2.4
    endloop
  endfacet
  facet normal 0 -1 -0
    outer loop
      vertex 2 -11 2.4
      vertex 1.5 -11 0
      vertex 2 -11 0
    endloop
  endfacet
  facet normal 1 -0 0
    outer loop
      vertex 2 -11 2.4
      vertex 2 -7.22142 0
      vertex 2 -7.22142 2.4
    endloop
  endfacet
  facet normal 1 0 0
    outer loop
      vertex 2 -7.22142 0
      vertex 2 -11 2.4
      vertex 2 -11 0
    endloop
  endfacet
  facet normal 0.243 -0.970026 0
    outer loop
      vertex 2 -7.22142 0
      vertex 2.17712 -7.17705 2.4
      vertex 2 -7.22142 2.4
    endloop
  endfacet
  facet normal 0.243 -0.970026 0
    outer loop
      vertex 2.17712 -7.17705 2.4
      vertex 2 -7.22142 0
      vertex 2.17712 -7.17705 0
    endloop
  endfacet
  facet normal 0.336891 -0.941544 0
    outer loop
      vertex 2.17712 -7.17705 0
      vertex 2.87012 -6.92909 2.4
      vertex 2.17712 -7.17705 2.4
    endloop
  endfacet
  facet normal 0.336891 -0.941544 0
    outer loop
      vertex 2.87012 -6.92909 2.4
      vertex 2.17712 -7.17705 0
      vertex 2.87012 -6.92909 0
    endloop
  endfacet
  facet normal 0.427564 -0.903985 0
    outer loop
      vertex 2.87012 -6.92909 0
      vertex 3.53546 -6.6144 2.4
      vertex 2.87012 -6.92909 2.4
    endloop
  endfacet
  facet normal 0.427564 -0.903985 0
    outer loop
      vertex 3.53546 -6.6144 2.4
      vertex 2.87012 -6.92909 0
      vertex 3.53546 -6.6144 0
    endloop
  endfacet
  facet normal 0.514106 -0.857727 0
    outer loop
      vertex 3.53546 -6.6144 0
      vertex 4.16676 -6.23601 2.4
      vertex 3.53546 -6.6144 2.4
    endloop
  endfacet
  facet normal 0.514106 -0.857727 0
    outer loop
      vertex 4.16676 -6.23601 2.4
      vertex 3.53546 -6.6144 0
      vertex 4.16676 -6.23601 0
    endloop
  endfacet
  facet normal 0.595689 -0.803215 0
    outer loop
      vertex 4.16676 -6.23601 0
      vertex 4.75793 -5.79758 2.4
      vertex 4.16676 -6.23601 2.4
    endloop
  endfacet
  facet normal 0.595689 -0.803215 0
    outer loop
      vertex 4.75793 -5.79758 2.4
      vertex 4.16676 -6.23601 0
      vertex 4.75793 -5.79758 0
    endloop
  endfacet
  facet normal 0.671548 -0.740961 0
    outer loop
      vertex 4.75793 -5.79758 0
      vertex 5.3033 -5.3033 2.4
      vertex 4.75793 -5.79758 2.4
    endloop
  endfacet
  facet normal 0.671548 -0.740961 0
    outer loop
      vertex 5.3033 -5.3033 2.4
      vertex 4.75793 -5.79758 0
      vertex 5.3033 -5.3033 0
    endloop
  endfacet
  facet normal 0.740961 -0.671548 0
    outer loop
      vertex 5.3033 -5.3033 2.4
      vertex 5.79758 -4.75793 0
      vertex 5.79758 -4.75793 2.4
    endloop
  endfacet
  facet normal 0.740961 -0.671548 0
    outer loop
      vertex 5.79758 -4.75793 0
      vertex 5.3033 -5.3033 2.4
      vertex 5.3033 -5.3033 0
    endloop
  endfacet
  facet normal 0.803215 -0.595689 0
    outer loop
      vertex 5.79758 -4.75793 2.4
      vertex 6.23601 -4.16676 0
      vertex 6.23601 -4.16676 2.4
    endloop
  endfacet
  facet normal 0.803215 -0.595689 0
    outer loop
      vertex 6.23601 -4.16676 0
      vertex 5.79758 -4.75793 2.4
      vertex 5.79758 -4.75793 0
    endloop
  endfacet
  facet normal 0.857727 -0.514106 0
    outer loop
      vertex 6.23601 -4.16676 2.4
      vertex 6.6144 -3.53546 0
      vertex 6.6144 -3.53546 2.4
    endloop
  endfacet
  facet normal 0.857727 -0.514106 0
    outer loop
      vertex 6.6144 -3.53546 0
      vertex 6.23601 -4.16676 2.4
      vertex 6.23601 -4.16676 0
    endloop
  endfacet
  facet normal 0.903985 -0.427564 0
    outer loop
      vertex 6.6144 -3.53546 2.4
      vertex 6.92909 -2.87012 0
      vertex 6.92909 -2.87012 2.4
    endloop
  endfacet
  facet normal 0.903985 -0.427564 0
    outer loop
      vertex 6.92909 -2.87012 0
      vertex 6.6144 -3.53546 2.4
      vertex 6.6144 -3.53546 0
    endloop
  endfacet
  facet normal 0.941544 -0.336891 0
    outer loop
      vertex 6.92909 -2.87012 2.4
      vertex 7.17705 -2.17712 0
      vertex 7.17705 -2.17712 2.4
    endloop
  endfacet
  facet normal 0.941544 -0.336891 0
    outer loop
      vertex 7.17705 -2.17712 0
      vertex 6.92909 -2.87012 2.4
      vertex 6.92909 -2.87012 0
    endloop
  endfacet
  facet normal 0.970033 -0.242974 0
    outer loop
      vertex 7.17705 -2.17712 2.4
      vertex 7.35588 -1.46317 0
      vertex 7.35588 -1.46317 2.4
    endloop
  endfacet
  facet normal 0.970033 -0.242974 0
    outer loop
      vertex 7.35588 -1.46317 0
      vertex 7.17705 -2.17712 2.4
      vertex 7.17705 -2.17712 0
    endloop
  endfacet
  facet normal 0.989176 -0.146736 0
    outer loop
      vertex 7.35588 -1.46317 2.4
      vertex 7.46388 -0.735123 0
      vertex 7.46388 -0.735123 2.4
    endloop
  endfacet
  facet normal 0.989176 -0.146736 0
    outer loop
      vertex 7.46388 -0.735123 0
      vertex 7.35588 -1.46317 2.4
      vertex 7.35588 -1.46317 0
    endloop
  endfacet
  facet normal 0.998795 -0.0490754 0
    outer loop
      vertex 7.46388 -0.735123 2.4
      vertex 7.5 0 0
      vertex 7.5 0 2.4
    endloop
  endfacet
  facet normal 0.998795 -0.0490754 0
    outer loop
      vertex 7.5 0 0
      vertex 7.46388 -0.735123 2.4
      vertex 7.46388 -0.735123 0
    endloop
  endfacet
  facet normal 0.998795 0.0490754 0
    outer loop
      vertex 7.5 0 2.4
      vertex 7.46388 0.735123 0
      vertex 7.46388 0.735123 2.4
    endloop
  endfacet
  facet normal 0.998795 0.0490754 0
    outer loop
      vertex 7.46388 0.735123 0
      vertex 7.5 0 2.4
      vertex 7.5 0 0
    endloop
  endfacet
  facet normal 0.989176 0.146736 0
    outer loop
      vertex 7.46388 0.735123 2.4
      vertex 7.35588 1.46317 0
      vertex 7.35588 1.46317 2.4
    endloop
  endfacet
  facet normal 0.989176 0.146736 0
    outer loop
      vertex 7.35588 1.46317 0
      vertex 7.46388 0.735123 2.4
      vertex 7.46388 0.735123 0
    endloop
  endfacet
  facet normal 0.970033 0.242974 0
    outer loop
      vertex 7.35588 1.46317 2.4
      vertex 7.17705 2.17712 0
      vertex 7.17705 2.17712 2.4
    endloop
  endfacet
  facet normal 0.970033 0.242974 0
    outer loop
      vertex 7.17705 2.17712 0
      vertex 7.35588 1.46317 2.4
      vertex 7.35588 1.46317 0
    endloop
  endfacet
  facet normal 0.941544 0.336891 0
    outer loop
      vertex 7.17705 2.17712 2.4
      vertex 6.92909 2.87012 0
      vertex 6.92909 2.87012 2.4
    endloop
  endfacet
  facet normal 0.941544 0.336891 0
    outer loop
      vertex 6.92909 2.87012 0
      vertex 7.17705 2.17712 2.4
      vertex 7.17705 2.17712 0
    endloop
  endfacet
  facet normal 0.903985 0.427564 0
    outer loop
      vertex 6.92909 2.87012 2.4
      vertex 6.6144 3.53546 0
      vertex 6.6144 3.53546 2.4
    endloop
  endfacet
  facet normal 0.903985 0.427564 0
    outer loop
      vertex 6.6144 3.53546 0
      vertex 6.92909 2.87012 2.4
      vertex 6.92909 2.87012 0
    endloop
  endfacet
  facet normal 0.857727 0.514106 0
    outer loop
      vertex 6.6144 3.53546 2.4
      vertex 6.23601 4.16676 0
      vertex 6.23601 4.16676 2.4
    endloop
  endfacet
  facet normal 0.857727 0.514106 0
    outer loop
      vertex 6.23601 4.16676 0
      vertex 6.6144 3.53546 2.4
      vertex 6.6144 3.53546 0
    endloop
  endfacet
  facet normal 0.803215 0.595689 0
    outer loop
      vertex 6.23601 4.16676 2.4
      vertex 5.79758 4.75793 0
      vertex 5.79758 4.75793 2.4
    endloop
  endfacet
  facet normal 0.803215 0.595689 0
    outer loop
      vertex 5.79758 4.75793 0
      vertex 6.23601 4.16676 2.4
      vertex 6.23601 4.16676 0
    endloop
  endfacet
  facet normal 0.740961 0.671548 0
    outer loop
      vertex 5.79758 4.75793 2.4
      vertex 5.3033 5.3033 0
      vertex 5.3033 5.3033 2.4
    endloop
  endfacet
  facet normal 0.740961 0.671548 0
    outer loop
      vertex 5.3033 5.3033 0
      vertex 5.79758 4.75793 2.4
      vertex 5.79758 4.75793 0
    endloop
  endfacet
  facet normal 0.671548 0.740961 -0
    outer loop
      vertex 5.3033 5.3033 0
      vertex 4.75793 5.79758 2.4
      vertex 5.3033 5.3033 2.4
    endloop
  endfacet
  facet normal 0.671548 0.740961 0
    outer loop
      vertex 4.75793 5.79758 2.4
      vertex 5.3033 5.3033 0
      vertex 4.75793 5.79758 0
    endloop
  endfacet
  facet normal 0.595689 0.803215 -0
    outer loop
      vertex 4.75793 5.79758 0
      vertex 4.16676 6.23601 2.4
      vertex 4.75793 5.79758 2.4
    endloop
  endfacet
  facet normal 0.595689 0.803215 0
    outer loop
      vertex 4.16676 6.23601 2.4
      vertex 4.75793 5.79758 0
      vertex 4.16676 6.23601 0
    endloop
  endfacet
  facet normal 0.514106 0.857727 -0
    outer loop
      vertex 4.16676 6.23601 0
      vertex 3.53546 6.6144 2.4
      vertex 4.16676 6.23601 2.4
    endloop
  endfacet
  facet normal 0.514106 0.857727 0
    outer loop
      vertex 3.53546 6.6144 2.4
      vertex 4.16676 6.23601 0
      vertex 3.53546 6.6144 0
    endloop
  endfacet
  facet normal 0.427564 0.903985 -0
    outer loop
      vertex 3.53546 6.6144 0
      vertex 2.87012 6.92909 2.4
      vertex 3.53546 6.6144 2.4
    endloop
  endfacet
  facet normal 0.427564 0.903985 0
    outer loop
      vertex 2.87012 6.92909 2.4
      vertex 3.53546 6.6144 0
      vertex 2.87012 6.92909 0
    endloop
  endfacet
  facet normal 0.336891 0.941544 -0
    outer loop
      vertex 2.87012 6.92909 0
      vertex 2.17712 7.17705 2.4
      vertex 2.87012 6.92909 2.4
    endloop
  endfacet
  facet normal 0.336891 0.941544 0
    outer loop
      vertex 2.17712 7.17705 2.4
      vertex 2.87012 6.92909 0
      vertex 2.17712 7.17705 0
    endloop
  endfacet
  facet normal 0.242974 0.970033 -0
    outer loop
      vertex 2.17712 7.17705 0
      vertex 1.46317 7.35588 2.4
      vertex 2.17712 7.17705 2.4
    endloop
  endfacet
  facet normal 0.242974 0.970033 0
    outer loop
      vertex 1.46317 7.35588 2.4
      vertex 2.17712 7.17705 0
      vertex 1.46317 7.35588 0
    endloop
  endfacet
  facet normal 0.146736 0.989176 -0
    outer loop
      vertex 1.46317 7.35588 0
      vertex 0.735123 7.46388 2.4
      vertex 1.46317 7.35588 2.4
    endloop
  endfacet
  facet normal 0.146736 0.989176 0
    outer loop
      vertex 0.735123 7.46388 2.4
      vertex 1.46317 7.35588 0
      vertex 0.735123 7.46388 0
    endloop
  endfacet
  facet normal 0.0490754 0.998795 -0
    outer loop
      vertex 0.735123 7.46388 0
      vertex 0 7.5 2.4
      vertex 0.735123 7.46388 2.4
    endloop
  endfacet
  facet normal 0.0490754 0.998795 0
    outer loop
      vertex 0 7.5 2.4
      vertex 0.735123 7.46388 0
      vertex 0 7.5 0
    endloop
  endfacet
  facet normal -0.0490754 0.998795 0
    outer loop
      vertex 0 7.5 0
      vertex -0.735123 7.46388 2.4
      vertex 0 7.5 2.4
    endloop
  endfacet
  facet normal -0.0490754 0.998795 0
    outer loop
      vertex -0.735123 7.46388 2.4
      vertex 0 7.5 0
      vertex -0.735123 7.46388 0
    endloop
  endfacet
  facet normal -0.146736 0.989176 0
    outer loop
      vertex -0.735123 7.46388 0
      vertex -1.46317 7.35588 2.4
      vertex -0.735123 7.46388 2.4
    endloop
  endfacet
  facet normal -0.146736 0.989176 0
    outer loop
      vertex -1.46317 7.35588 2.4
      vertex -0.735123 7.46388 0
      vertex -1.46317 7.35588 0
    endloop
  endfacet
  facet normal -0.242974 0.970033 0
    outer loop
      vertex -1.46317 7.35588 0
      vertex -2.17712 7.17705 2.4
      vertex -1.46317 7.35588 2.4
    endloop
  endfacet
  facet normal -0.242974 0.970033 0
    outer loop
      vertex -2.17712 7.17705 2.4
      vertex -1.46317 7.35588 0
      vertex -2.17712 7.17705 0
    endloop
  endfacet
  facet normal -0.336891 0.941544 0
    outer loop
      vertex -2.17712 7.17705 0
      vertex -2.87012 6.92909 2.4
      vertex -2.17712 7.17705 2.4
    endloop
  endfacet
  facet normal -0.336891 0.941544 0
    outer loop
      vertex -2.87012 6.92909 2.4
      vertex -2.17712 7.17705 0
      vertex -2.87012 6.92909 0
    endloop
  endfacet
  facet normal -0.427564 0.903985 0
    outer loop
      vertex -2.87012 6.92909 0
      vertex -3.53546 6.6144 2.4
      vertex -2.87012 6.92909 2.4
    endloop
  endfacet
  facet normal -0.427564 0.903985 0
    outer loop
      vertex -3.53546 6.6144 2.4
      vertex -2.87012 6.92909 0
      vertex -3.53546 6.6144 0
    endloop
  endfacet
  facet normal -0.514106 0.857727 0
    outer loop
      vertex -3.53546 6.6144 0
      vertex -4.16676 6.23601 2.4
      vertex -3.53546 6.6144 2.4
    endloop
  endfacet
  facet normal -0.514106 0.857727 0
    outer loop
      vertex -4.16676 6.23601 2.4
      vertex -3.53546 6.6144 0
      vertex -4.16676 6.23601 0
    endloop
  endfacet
  facet normal -0.595689 0.803215 0
    outer loop
      vertex -4.16676 6.23601 0
      vertex -4.75793 5.79758 2.4
      vertex -4.16676 6.23601 2.4
    endloop
  endfacet
  facet normal -0.595689 0.803215 0
    outer loop
      vertex -4.75793 5.79758 2.4
      vertex -4.16676 6.23601 0
      vertex -4.75793 5.79758 0
    endloop
  endfacet
  facet normal -0.671548 0.740961 0
    outer loop
      vertex -4.75793 5.79758 0
      vertex -5.3033 5.3033 2.4
      vertex -4.75793 5.79758 2.4
    endloop
  endfacet
  facet normal -0.671548 0.740961 0
    outer loop
      vertex -5.3033 5.3033 2.4
      vertex -4.75793 5.79758 0
      vertex -5.3033 5.3033 0
    endloop
  endfacet
  facet normal -0.740961 0.671548 0
    outer loop
      vertex -5.79758 4.75793 0
      vertex -5.3033 5.3033 2.4
      vertex -5.3033 5.3033 0
    endloop
  endfacet
  facet normal -0.740961 0.671548 0
    outer loop
      vertex -5.3033 5.3033 2.4
      vertex -5.79758 4.75793 0
      vertex -5.79758 4.75793 2.4
    endloop
  endfacet
  facet normal -0.803215 0.595689 0
    outer loop
      vertex -6.23601 4.16676 0
      vertex -5.79758 4.75793 2.4
      vertex -5.79758 4.75793 0
    endloop
  endfacet
  facet normal -0.803215 0.595689 0
    outer loop
      vertex -5.79758 4.75793 2.4
      vertex -6.23601 4.16676 0
      vertex -6.23601 4.16676 2.4
    endloop
  endfacet
  facet normal -0.857727 0.514106 0
    outer loop
      vertex -6.6144 3.53546 0
      vertex -6.23601 4.16676 2.4
      vertex -6.23601 4.16676 0
    endloop
  endfacet
  facet normal -0.857727 0.514106 0
    outer loop
      vertex -6.23601 4.16676 2.4
      vertex -6.6144 3.53546 0
      vertex -6.6144 3.53546 2.4
    endloop
  endfacet
  facet normal -0.903985 0.427564 0
    outer loop
      vertex -6.92909 2.87012 0
      vertex -6.6144 3.53546 2.4
      vertex -6.6144 3.53546 0
    endloop
  endfacet
  facet normal -0.903985 0.427564 0
    outer loop
      vertex -6.6144 3.53546 2.4
      vertex -6.92909 2.87012 0
      vertex -6.92909 2.87012 2.4
    endloop
  endfacet
  facet normal -0.941544 0.336891 0
    outer loop
      vertex -7.17705 2.17712 0
      vertex -6.92909 2.87012 2.4
      vertex -6.92909 2.87012 0
    endloop
  endfacet
  facet normal -0.941544 0.336891 0
    outer loop
      vertex -6.92909 2.87012 2.4
      vertex -7.17705 2.17712 0
      vertex -7.17705 2.17712 2.4
    endloop
  endfacet
  facet normal -0.970033 0.242974 0
    outer loop
      vertex -7.35588 1.46317 0
      vertex -7.17705 2.17712 2.4
      vertex -7.17705 2.17712 0
    endloop
  endfacet
  facet normal -0.970033 0.242974 0
    outer loop
      vertex -7.17705 2.17712 2.4
      vertex -7.35588 1.46317 0
      vertex -7.35588 1.46317 2.4
    endloop
  endfacet
  facet normal -0.989176 0.146736 0
    outer loop
      vertex -7.46388 0.735123 0
      vertex -7.35588 1.46317 2.4
      vertex -7.35588 1.46317 0
    endloop
  endfacet
  facet normal -0.989176 0.146736 0
    outer loop
      vertex -7.35588 1.46317 2.4
      vertex -7.46388 0.735123 0
      vertex -7.46388 0.735123 2.4
    endloop
  endfacet
  facet normal -0.998795 0.0490754 0
    outer loop
      vertex -7.5 0 0
      vertex -7.46388 0.735123 2.4
      vertex -7.46388 0.735123 0
    endloop
  endfacet
  facet normal -0.998795 0.0490754 0
    outer loop
      vertex -7.46388 0.735123 2.4
      vertex -7.5 0 0
      vertex -7.5 0 2.4
    endloop
  endfacet
  facet normal -0.998795 -0.0490754 0
    outer loop
      vertex -7.46388 -0.735123 0
      vertex -7.5 0 2.4
      vertex -7.5 0 0
    endloop
  endfacet
  facet normal -0.998795 -0.0490754 0
    outer loop
      vertex -7.5 0 2.4
      vertex -7.46388 -0.735123 0
      vertex -7.46388 -0.735123 2.4
    endloop
  endfacet
  facet normal -0.989176 -0.146736 0
    outer loop
      vertex -7.35588 -1.46317 0
      vertex -7.46388 -0.735123 2.4
      vertex -7.46388 -0.735123 0
    endloop
  endfacet
  facet normal -0.989176 -0.146736 0
    outer loop
      vertex -7.46388 -0.735123 2.4
      vertex -7.35588 -1.46317 0
      vertex -7.35588 -1.46317 2.4
    endloop
  endfacet
  facet normal -0.970033 -0.242974 0
    outer loop
      vertex -7.17705 -2.17712 0
      vertex -7.35588 -1.46317 2.4
      vertex -7.35588 -1.46317 0
    endloop
  endfacet
  facet normal -0.970033 -0.242974 0
    outer loop
      vertex -7.35588 -1.46317 2.4
      vertex -7.17705 -2.17712 0
      vertex -7.17705 -2.17712 2.4
    endloop
  endfacet
  facet normal -0.941544 -0.336891 0
    outer loop
      vertex -6.92909 -2.87012 0
      vertex -7.17705 -2.17712 2.4
      vertex -7.17705 -2.17712 0
    endloop
  endfacet
  facet normal -0.941544 -0.336891 0
    outer loop
      vertex -7.17705 -2.17712 2.4
      vertex -6.92909 -2.87012 0
      vertex -6.92909 -2.87012 2.4
    endloop
  endfacet
  facet normal -0.903985 -0.427564 0
    outer loop
      vertex -6.6144 -3.53546 0
      vertex -6.92909 -2.87012 2.4
      vertex -6.92909 -2.87012 0
    endloop
  endfacet
  facet normal -0.903985 -0.427564 0
    outer loop
      vertex -6.92909 -2.87012 2.4
      vertex -6.6144 -3.53546 0
      vertex -6.6144 -3.53546 2.4
    endloop
  endfacet
  facet normal -0.857727 -0.514106 0
    outer loop
      vertex -6.23601 -4.16676 0
      vertex -6.6144 -3.53546 2.4
      vertex -6.6144 -3.53546 0
    endloop
  endfacet
  facet normal -0.857727 -0.514106 0
    outer loop
      vertex -6.6144 -3.53546 2.4
      vertex -6.23601 -4.16676 0
      vertex -6.23601 -4.16676 2.4
    endloop
  endfacet
  facet normal -0.803215 -0.595689 0
    outer loop
      vertex -5.79758 -4.75793 0
      vertex -6.23601 -4.16676 2.4
      vertex -6.23601 -4.16676 0
    endloop
  endfacet
  facet normal -0.803215 -0.595689 0
    outer loop
      vertex -6.23601 -4.16676 2.4
      vertex -5.79758 -4.75793 0
      vertex -5.79758 -4.75793 2.4
    endloop
  endfacet
  facet normal -0.740961 -0.671548 0
    outer loop
      vertex -5.3033 -5.3033 0
      vertex -5.79758 -4.75793 2.4
      vertex -5.79758 -4.75793 0
    endloop
  endfacet
  facet normal -0.740961 -0.671548 0
    outer loop
      vertex -5.79758 -4.75793 2.4
      vertex -5.3033 -5.3033 0
      vertex -5.3033 -5.3033 2.4
    endloop
  endfacet
  facet normal -0.671548 -0.740961 0
    outer loop
      vertex -5.3033 -5.3033 0
      vertex -4.75793 -5.79758 2.4
      vertex -5.3033 -5.3033 2.4
    endloop
  endfacet
  facet normal -0.671548 -0.740961 -0
    outer loop
      vertex -4.75793 -5.79758 2.4
      vertex -5.3033 -5.3033 0
      vertex -4.75793 -5.79758 0
    endloop
  endfacet
  facet normal -0.595689 -0.803215 0
    outer loop
      vertex -4.75793 -5.79758 0
      vertex -4.16676 -6.23601 2.4
      vertex -4.75793 -5.79758 2.4
    endloop
  endfacet
  facet normal -0.595689 -0.803215 -0
    outer loop
      vertex -4.16676 -6.23601 2.4
      vertex -4.75793 -5.79758 0
      vertex -4.16676 -6.23601 0
    endloop
  endfacet
  facet normal -0.514106 -0.857727 0
    outer loop
      vertex -4.16676 -6.23601 0
      vertex -3.53546 -6.6144 2.4
      vertex -4.16676 -6.23601 2.4
    endloop
  endfacet
  facet normal -0.514106 -0.857727 -0
    outer loop
      vertex -3.53546 -6.6144 2.4
      vertex -4.16676 -6.23601 0
      vertex -3.53546 -6.6144 0
    endloop
  endfacet
  facet normal -0.427564 -0.903985 0
    outer loop
      vertex -3.53546 -6.6144 0
      vertex -2.87012 -6.92909 2.4
      vertex -3.53546 -6.6144 2.4
    endloop
  endfacet
  facet normal -0.427564 -0.903985 -0
    outer loop
      vertex -2.87012 -6.92909 2.4
      vertex -3.53546 -6.6144 0
      vertex -2.87012 -6.92909 0
    endloop
  endfacet
  facet normal -0.336891 -0.941544 0
    outer loop
      vertex -2.87012 -6.92909 0
      vertex -2.17712 -7.17705 2.4
      vertex -2.87012 -6.92909 2.4
    endloop
  endfacet
  facet normal -0.336891 -0.941544 -0
    outer loop
      vertex -2.17712 -7.17705 2.4
      vertex -2.87012 -6.92909 0
      vertex -2.17712 -7.17705 0
    endloop
  endfacet
  facet normal -0.243 -0.970026 0
    outer loop
      vertex -2.17712 -7.17705 0
      vertex -2 -7.22142 2.4
      vertex -2.17712 -7.17705 2.4
    endloop
  endfacet
  facet normal -0.243 -0.970026 -0
    outer loop
      vertex -2 -7.22142 2.4
      vertex -2.17712 -7.17705 0
      vertex -2 -7.22142 0
    endloop
  endfacet
  facet normal -1 0 0
    outer loop
      vertex -2 -11 0
      vertex -2 -7.22142 2.4
      vertex -2 -7.22142 0
    endloop
  endfacet
  facet normal -1 -0 0
    outer loop
      vertex -2 -7.22142 2.4
      vertex -2 -11 0
      vertex -2 -11 2.4
    endloop
  endfacet
  facet normal 0 -1 0
    outer loop
      vertex -2 -11 0
      vertex -1.5 -11 2.4
      vertex -2 -11 2.4
    endloop
  endfacet
  facet normal 0 -1 -0
    outer loop
      vertex -1.5 -11 2.4
      vertex -2 -11 0
      vertex -1.5 -11 0
    endloop
  endfacet
  facet normal -1 0 0
    outer loop
      vertex -1.5 -13.546 0
      vertex -1.5 -11 2.4
      vertex -1.5 -11 0
    endloop
  endfacet
  facet normal -1 -0 0
    outer loop
      vertex -1.5 -11 2.4
      vertex -1.5 -13.546 0
      vertex -1.5 -13.546 2.4
    endloop
  endfacet
  facet normal -0.0886183 0.996066 0
    outer loop
      vertex -1.5 -13.546 0
      vertex -2.92635 -13.6729 2.4
      vertex -1.5 -13.546 2.4
    endloop
  endfacet
  facet normal -0.0886183 0.996066 0
    outer loop
      vertex -2.92635 -13.6729 2.4
      vertex -1.5 -13.546 0
      vertex -2.92635 -13.6729 0
    endloop
  endfacet
  facet normal -0.148621 0.988894 0
    outer loop
      vertex -2.92635 -13.6729 0
      vertex -4.35426 -13.8875 2.4
      vertex -2.92635 -13.6729 2.4
    endloop
  endfacet
  facet normal -0.148621 0.988894 0
    outer loop
      vertex -4.35426 -13.8875 2.4
      vertex -2.92635 -13.6729 0
      vertex -4.35426 -13.8875 0
    endloop
  endfacet
  facet normal -0.209935 0.977715 0
    outer loop
      vertex -4.35426 -13.8875 0
      vertex -5.74025 -14.1851 2.4
      vertex -4.35426 -13.8875 2.4
    endloop
  endfacet
  facet normal -0.209935 0.977715 0
    outer loop
      vertex -5.74025 -14.1851 2.4
      vertex -4.35426 -13.8875 0
      vertex -5.74025 -14.1851 0
    endloop
  endfacet
  facet normal -0.272985 0.962018 0
    outer loop
      vertex -5.74025 -14.1851 0
      vertex -7.07094 -14.5627 2.4
      vertex -5.74025 -14.1851 2.4
    endloop
  endfacet
  facet normal -0.272985 0.962018 0
    outer loop
      vertex -7.07094 -14.5627 2.4
      vertex -5.74025 -14.1851 0
      vertex -7.07094 -14.5627 0
    endloop
  endfacet
  facet normal -0.338432 0.940991 0
    outer loop
      vertex -7.07094 -14.5627 0
      vertex -8.33354 -15.0168 2.4
      vertex -7.07094 -14.5627 2.4
    endloop
  endfacet
  facet normal -0.338432 0.940991 0
    outer loop
      vertex -8.33354 -15.0168 2.4
      vertex -7.07094 -14.5627 0
      vertex -8.33354 -15.0168 0
    endloop
  endfacet
  facet normal -0.406536 0.913635 0
    outer loop
      vertex -8.33354 -15.0168 0
      vertex -9.51588 -15.5429 2.4
      vertex -8.33354 -15.0168 2.4
    endloop
  endfacet
  facet normal -0.406536 0.913635 0
    outer loop
      vertex -9.51588 -15.5429 2.4
      vertex -8.33354 -15.0168 0
      vertex -9.51588 -15.5429 0
    endloop
  endfacet
  facet normal -0.477711 0.878517 0
    outer loop
      vertex -9.51588 -15.5429 0
      vertex -10.6066 -16.136 2.4
      vertex -9.51588 -15.5429 2.4
    endloop
  endfacet
  facet normal -0.477711 0.878517 0
    outer loop
      vertex -10.6066 -16.136 2.4
      vertex -9.51588 -15.5429 0
      vertex -10.6066 -16.136 0
    endloop
  endfacet
  facet normal -0.552031 0.833824 0
    outer loop
      vertex -10.6066 -16.136 0
      vertex -11.5952 -16.7905 2.4
      vertex -10.6066 -16.136 2.4
    endloop
  endfacet
  facet normal -0.552031 0.833824 0
    outer loop
      vertex -11.5952 -16.7905 2.4
      vertex -10.6066 -16.136 0
      vertex -11.5952 -16.7905 0
    endloop
  endfacet
  facet normal -0.628989 0.777414 0
    outer loop
      vertex -11.5952 -16.7905 0
      vertex -12.472 -17.4999 2.4
      vertex -11.5952 -16.7905 2.4
    endloop
  endfacet
  facet normal -0.628989 0.777414 0
    outer loop
      vertex -12.472 -17.4999 2.4
      vertex -11.5952 -16.7905 0
      vertex -12.472 -17.4999 0
    endloop
  endfacet
  facet normal -0.707434 0.70678 0
    outer loop
      vertex -13.2288 -18.2574 0
      vertex -12.472 -17.4999 2.4
      vertex -12.472 -17.4999 0
    endloop
  endfacet
  facet normal -0.707434 0.70678 0
    outer loop
      vertex -12.472 -17.4999 2.4
      vertex -13.2288 -18.2574 0
      vertex -13.2288 -18.2574 2.4
    endloop
  endfacet
  facet normal -0.785321 0.619089 0
    outer loop
      vertex -13.8582 -19.0558 0
      vertex -13.2288 -18.2574 2.4
      vertex -13.2288 -18.2574 0
    endloop
  endfacet
  facet normal -0.785321 0.619089 0
    outer loop
      vertex -13.2288 -18.2574 2.4
      vertex -13.8582 -19.0558 0
      vertex -13.8582 -19.0558 2.4
    endloop
  endfacet
  facet normal -0.858884 0.51217 0
    outer loop
      vertex -14.3541 -19.8874 0
      vertex -13.8582 -19.0558 2.4
      vertex -13.8582 -19.0558 0
    endloop
  endfacet
  facet normal -0.858884 0.51217 0
    outer loop
      vertex -13.8582 -19.0558 2.4
      vertex -14.3541 -19.8874 0
      vertex -14.3541 -19.8874 2.4
    endloop
  endfacet
  facet normal -0.922809 0.385258 0
    outer loop
      vertex -14.7118 -20.7442 0
      vertex -14.3541 -19.8874 2.4
      vertex -14.3541 -19.8874 0
    endloop
  endfacet
  facet normal -0.922809 0.385258 0
    outer loop
      vertex -14.3541 -19.8874 2.4
      vertex -14.7118 -20.7442 0
      vertex -14.7118 -20.7442 2.4
    endloop
  endfacet
  facet normal -0.970767 0.240025 0
    outer loop
      vertex -14.9278 -21.6178 0
      vertex -14.7118 -20.7442 2.4
      vertex -14.7118 -20.7442 0
    endloop
  endfacet
  facet normal -0.970767 0.240025 0
    outer loop
      vertex -14.7118 -20.7442 2.4
      vertex -14.9278 -21.6178 0
      vertex -14.9278 -21.6178 2.4
    endloop
  endfacet
  facet normal -0.996668 0.0815681 0
    outer loop
      vertex -15 -22.5 0
      vertex -14.9278 -21.6178 2.4
      vertex -14.9278 -21.6178 0
    endloop
  endfacet
  facet normal -0.996668 0.0815681 0
    outer loop
      vertex -14.9278 -21.6178 2.4
      vertex -15 -22.5 0
      vertex -15 -22.5 2.4
    endloop
  endfacet
  facet normal 0 -1 0
    outer loop
      vertex -15 -22.5 0
      vertex -4.77522 -22.5 2.4
      vertex -15 -22.5 2.4
    endloop
  endfacet
  facet normal 0 -1 -0
    outer loop
      vertex -4.77522 -22.5 2.4
      vertex -15 -22.5 0
      vertex -4.77522 -22.5 0
    endloop
  endfacet
  facet normal -0.427528 0.904002 0
    outer loop
      vertex -4.77522 -22.5 0
      vertex -5.65675 -22.9169 2.4
      vertex -4.77522 -22.5 2.4
    endloop
  endfacet
  facet normal -0.427528 0.904002 0
    outer loop
      vertex -5.65675 -22.9169 2.4
      vertex -4.77522 -22.5 0
      vertex -5.65675 -22.9169 0
    endloop
  endfacet
  facet normal -0.51415 0.8577 0
    outer loop
      vertex -5.65675 -22.9169 0
      vertex -6.66684 -23.5224 2.4
      vertex -5.65675 -22.9169 2.4
    endloop
  endfacet
  facet normal -0.51415 0.8577 0
    outer loop
      vertex -6.66684 -23.5224 2.4
      vertex -5.65675 -22.9169 0
      vertex -6.66684 -23.5224 0
    endloop
  endfacet
  facet normal -0.595693 0.803213 0
    outer loop
      vertex -6.66684 -23.5224 0
      vertex -7.61272 -24.2239 2.4
      vertex -6.66684 -23.5224 2.4
    endloop
  endfacet
  facet normal -0.595693 0.803213 0
    outer loop
      vertex -7.61272 -24.2239 2.4
      vertex -6.66684 -23.5224 0
      vertex -7.61272 -24.2239 0
    endloop
  endfacet
  facet normal -0.671539 0.740969 0
    outer loop
      vertex -7.61272 -24.2239 0
      vertex -8.48528 -25.0147 2.4
      vertex -7.61272 -24.2239 2.4
    endloop
  endfacet
  facet normal -0.671539 0.740969 0
    outer loop
      vertex -8.48528 -25.0147 2.4
      vertex -7.61272 -24.2239 0
      vertex -8.48528 -25.0147 0
    endloop
  endfacet
  facet normal -0.740967 0.671541 0
    outer loop
      vertex -9.27612 -25.8873 0
      vertex -8.48528 -25.0147 2.4
      vertex -8.48528 -25.0147 0
    endloop
  endfacet
  facet normal -0.740967 0.671541 0
    outer loop
      vertex -8.48528 -25.0147 2.4
      vertex -9.27612 -25.8873 0
      vertex -9.27612 -25.8873 2.4
    endloop
  endfacet
  facet normal -0.803184 0.59573 0
    outer loop
      vertex -9.97763 -26.8331 0
      vertex -9.27612 -25.8873 2.4
      vertex -9.27612 -25.8873 0
    endloop
  endfacet
  facet normal -0.803184 0.59573 0
    outer loop
      vertex -9.27612 -25.8873 2.4
      vertex -9.97763 -26.8331 0
      vertex -9.97763 -26.8331 2.4
    endloop
  endfacet
  facet normal -0.857714 0.514127 0
    outer loop
      vertex -10.5831 -27.8432 0
      vertex -9.97763 -26.8331 2.4
      vertex -9.97763 -26.8331 0
    endloop
  endfacet
  facet normal -0.857714 0.514127 0
    outer loop
      vertex -9.97763 -26.8331 2.4
      vertex -10.5831 -27.8432 0
      vertex -10.5831 -27.8432 2.4
    endloop
  endfacet
  facet normal -0.904028 0.427473 0
    outer loop
      vertex -11.0865 -28.9078 0
      vertex -10.5831 -27.8432 2.4
      vertex -10.5831 -27.8432 0
    endloop
  endfacet
  facet normal -0.904028 0.427473 0
    outer loop
      vertex -10.5831 -27.8432 2.4
      vertex -11.0865 -28.9078 0
      vertex -11.0865 -28.9078 2.4
    endloop
  endfacet
  facet normal -0.941527 0.336939 0
    outer loop
      vertex -11.4833 -30.0166 0
      vertex -11.0865 -28.9078 2.4
      vertex -11.0865 -28.9078 0
    endloop
  endfacet
  facet normal -0.941527 0.336939 0
    outer loop
      vertex -11.0865 -28.9078 2.4
      vertex -11.4833 -30.0166 0
      vertex -11.4833 -30.0166 2.4
    endloop
  endfacet
  facet normal -0.970038 0.242955 0
    outer loop
      vertex -11.7694 -31.1589 0
      vertex -11.4833 -30.0166 2.4
      vertex -11.4833 -30.0166 0
    endloop
  endfacet
  facet normal -0.970038 0.242955 0
    outer loop
      vertex -11.4833 -30.0166 2.4
      vertex -11.7694 -31.1589 0
      vertex -11.7694 -31.1589 2.4
    endloop
  endfacet
  facet normal -0.989176 0.146733 0
    outer loop
      vertex -11.9422 -32.3238 0
      vertex -11.7694 -31.1589 2.4
      vertex -11.7694 -31.1589 0
    endloop
  endfacet
  facet normal -0.989176 0.146733 0
    outer loop
      vertex -11.7694 -31.1589 2.4
      vertex -11.9422 -32.3238 0
      vertex -11.9422 -32.3238 2.4
    endloop
  endfacet
  facet normal -0.998795 0.0490821 0
    outer loop
      vertex -12 -33.5 0
      vertex -11.9422 -32.3238 2.4
      vertex -11.9422 -32.3238 0
    endloop
  endfacet
  facet normal -0.998795 0.0490821 0
    outer loop
      vertex -11.9422 -32.3238 2.4
      vertex -12 -33.5 0
      vertex -12 -33.5 2.4
    endloop
  endfacet
  facet normal -0.998795 -0.0490821 0
    outer loop
      vertex -11.9422 -34.6762 0
      vertex -12 -33.5 2.4
      vertex -12 -33.5 0
    endloop
  endfacet
  facet normal -0.998795 -0.0490821 0
    outer loop
      vertex -12 -33.5 2.4
      vertex -11.9422 -34.6762 0
      vertex -11.9422 -34.6762 2.4
    endloop
  endfacet
  facet normal -0.989176 -0.146733 0
    outer loop
      vertex -11.7694 -35.8411 0
      vertex -11.9422 -34.6762 2.4
      vertex -11.9422 -34.6762 0
    endloop
  endfacet
  facet normal -0.989176 -0.146733 0
    outer loop
      vertex -11.9422 -34.6762 2.4
      vertex -11.7694 -35.8411 0
      vertex -11.7694 -35.8411 2.4
    endloop
  endfacet
  facet normal -0.970038 -0.242955 0
    outer loop
      vertex -11.4833 -36.9834 0
      vertex -11.7694 -35.8411 2.4
      vertex -11.7694 -35.8411 0
    endloop
  endfacet
  facet normal -0.970038 -0.242955 0
    outer loop
      vertex -11.7694 -35.8411 2.4
      vertex -11.4833 -36.9834 0
      vertex -11.4833 -36.9834 2.4
    endloop
  endfacet
  facet normal -0.941527 -0.336939 0
    outer loop
      vertex -11.0865 -38.0922 0
      vertex -11.4833 -36.9834 2.4
      vertex -11.4833 -36.9834 0
    endloop
  endfacet
  facet normal -0.941527 -0.336939 0
    outer loop
      vertex -11.4833 -36.9834 2.4
      vertex -11.0865 -38.0922 0
      vertex -11.0865 -38.0922 2.4
    endloop
  endfacet
  facet normal -0.904028 -0.427473 0
    outer loop
      vertex -10.5831 -39.1568 0
      vertex -11.0865 -38.0922 2.4
      vertex -11.0865 -38.0922 0
    endloop
  endfacet
  facet normal -0.904028 -0.427473 0
    outer loop
      vertex -11.0865 -38.0922 2.4
      vertex -10.5831 -39.1568 0
      vertex -10.5831 -39.1568 2.4
    endloop
  endfacet
  facet normal -0.857691 -0.514165 0
    outer loop
      vertex -9.97763 -40.1668 0
      vertex -10.5831 -39.1568 2.4
      vertex -10.5831 -39.1568 0
    endloop
  endfacet
  facet normal -0.857691 -0.514165 0
    outer loop
      vertex -10.5831 -39.1568 2.4
      vertex -9.97763 -40.1668 0
      vertex -9.97763 -40.1668 2.4
    endloop
  endfacet
  facet normal -0.841727 -0.539904 0
    outer loop
      vertex -0.997757 -54.1667 0
      vertex -9.97763 -40.1668 2.4
      vertex -9.97763 -40.1668 0
    endloop
  endfacet
  facet normal -0.841727 -0.539904 0
    outer loop
      vertex -9.97763 -40.1668 2.4
      vertex -0.997757 -54.1667 0
      vertex -0.997757 -54.1667 2.4
    endloop
  endfacet
  facet normal -0.803269 -0.595616 0
    outer loop
      vertex -0.927612 -54.2613 0
      vertex -0.997757 -54.1667 2.4
      vertex -0.997757 -54.1667 0
    endloop
  endfacet
  facet normal -0.803269 -0.595616 0
    outer loop
      vertex -0.997757 -54.1667 2.4
      vertex -0.927612 -54.2613 0
      vertex -0.927612 -54.2613 2.4
    endloop
  endfacet
  facet normal -0.740729 -0.671804 0
    outer loop
      vertex -0.848526 -54.3485 0
      vertex -0.927612 -54.2613 2.4
      vertex -0.927612 -54.2613 0
    endloop
  endfacet
  facet normal -0.740729 -0.671804 0
    outer loop
      vertex -0.927612 -54.2613 2.4
      vertex -0.848526 -54.3485 0
      vertex -0.848526 -54.3485 2.4
    endloop
  endfacet
  facet normal -0.671594 -0.740919 0
    outer loop
      vertex -0.848526 -54.3485 0
      vertex -0.761261 -54.4276 2.4
      vertex -0.848526 -54.3485 2.4
    endloop
  endfacet
  facet normal -0.671594 -0.740919 -0
    outer loop
      vertex -0.761261 -54.4276 2.4
      vertex -0.848526 -54.3485 0
      vertex -0.761261 -54.4276 0
    endloop
  endfacet
  facet normal -0.595962 -0.803012 0
    outer loop
      vertex -0.761261 -54.4276 0
      vertex -0.666672 -54.4978 2.4
      vertex -0.761261 -54.4276 2.4
    endloop
  endfacet
  facet normal -0.595962 -0.803012 -0
    outer loop
      vertex -0.666672 -54.4978 2.4
      vertex -0.761261 -54.4276 0
      vertex -0.666672 -54.4978 0
    endloop
  endfacet
  facet normal -0.513879 -0.857863 0
    outer loop
      vertex -0.666672 -54.4978 0
      vertex -0.565674 -54.5583 2.4
      vertex -0.666672 -54.4978 2.4
    endloop
  endfacet
  facet normal -0.513879 -0.857863 -0
    outer loop
      vertex -0.565674 -54.5583 2.4
      vertex -0.666672 -54.4978 0
      vertex -0.565674 -54.5583 0
    endloop
  endfacet
  facet normal -0.427192 -0.904161 0
    outer loop
      vertex -0.565674 -54.5583 0
      vertex -0.459213 -54.6086 2.4
      vertex -0.565674 -54.5583 2.4
    endloop
  endfacet
  facet normal -0.427192 -0.904161 -0
    outer loop
      vertex -0.459213 -54.6086 2.4
      vertex -0.565674 -54.5583 0
      vertex -0.459213 -54.6086 0
    endloop
  endfacet
  facet normal -0.337076 -0.941477 0
    outer loop
      vertex -0.459213 -54.6086 0
      vertex -0.348328 -54.6483 2.4
      vertex -0.459213 -54.6086 2.4
    endloop
  endfacet
  facet normal -0.337076 -0.941477 -0
    outer loop
      vertex -0.348328 -54.6483 2.4
      vertex -0.459213 -54.6086 0
      vertex -0.348328 -54.6483 0
    endloop
  endfacet
  facet normal -0.242879 -0.970057 0
    outer loop
      vertex -0.348328 -54.6483 0
      vertex -0.2341 -54.6769 2.4
      vertex -0.348328 -54.6483 2.4
    endloop
  endfacet
  facet normal -0.242879 -0.970057 -0
    outer loop
      vertex -0.2341 -54.6769 2.4
      vertex -0.348328 -54.6483 0
      vertex -0.2341 -54.6769 0
    endloop
  endfacet
  facet normal -0.146906 -0.989151 0
    outer loop
      vertex -0.2341 -54.6769 0
      vertex -0.117615 -54.6942 2.4
      vertex -0.2341 -54.6769 2.4
    endloop
  endfacet
  facet normal -0.146906 -0.989151 -0
    outer loop
      vertex -0.117615 -54.6942 2.4
      vertex -0.2341 -54.6769 0
      vertex -0.117615 -54.6942 0
    endloop
  endfacet
  facet normal -0.0492536 -0.998786 0
    outer loop
      vertex -0.117615 -54.6942 0
      vertex 0 -54.7 2.4
      vertex -0.117615 -54.6942 2.4
    endloop
  endfacet
  facet normal -0.0492536 -0.998786 -0
    outer loop
      vertex 0 -54.7 2.4
      vertex -0.117615 -54.6942 0
      vertex 0 -54.7 0
    endloop
  endfacet
  facet normal 0.0492536 -0.998786 0
    outer loop
      vertex 0 -54.7 0
      vertex 0.117615 -54.6942 2.4
      vertex 0 -54.7 2.4
    endloop
  endfacet
  facet normal 0.0492536 -0.998786 0
    outer loop
      vertex 0.117615 -54.6942 2.4
      vertex 0 -54.7 0
      vertex 0.117615 -54.6942 0
    endloop
  endfacet
  facet normal 0.146714 0.989179 -0
    outer loop
      vertex -0.441071 -4.47832 0
      vertex -0.877899 -4.41353 2.4
      vertex -0.441071 -4.47832 2.4
    endloop
  endfacet
  facet normal 0.146714 0.989179 0
    outer loop
      vertex -0.877899 -4.41353 2.4
      vertex -0.441071 -4.47832 0
      vertex -0.877899 -4.41353 0
    endloop
  endfacet
  facet normal 0.242977 0.970032 -0
    outer loop
      vertex -0.877899 -4.41353 0
      vertex -1.30627 -4.30623 2.4
      vertex -0.877899 -4.41353 2.4
    endloop
  endfacet
  facet normal 0.242977 0.970032 0
    outer loop
      vertex -1.30627 -4.30623 2.4
      vertex -0.877899 -4.41353 0
      vertex -1.30627 -4.30623 0
    endloop
  endfacet
  facet normal 0.336886 0.941546 -0
    outer loop
      vertex -1.30627 -4.30623 0
      vertex -1.72206 -4.15746 2.4
      vertex -1.30627 -4.30623 2.4
    endloop
  endfacet
  facet normal 0.336886 0.941546 0
    outer loop
      vertex -1.72206 -4.15746 2.4
      vertex -1.30627 -4.30623 0
      vertex -1.72206 -4.15746 0
    endloop
  endfacet
  facet normal 0.427561 0.903987 -0
    outer loop
      vertex -1.72206 -4.15746 0
      vertex -2.12128 -3.96864 2.4
      vertex -1.72206 -4.15746 2.4
    endloop
  endfacet
  facet normal 0.427561 0.903987 0
    outer loop
      vertex -2.12128 -3.96864 2.4
      vertex -1.72206 -4.15746 0
      vertex -2.12128 -3.96864 0
    endloop
  endfacet
  facet normal 0.514099 0.857731 -0
    outer loop
      vertex -2.12128 -3.96864 0
      vertex -2.50006 -3.74161 2.4
      vertex -2.12128 -3.96864 2.4
    endloop
  endfacet
  facet normal 0.514099 0.857731 0
    outer loop
      vertex -2.50006 -3.74161 2.4
      vertex -2.12128 -3.96864 0
      vertex -2.50006 -3.74161 0
    endloop
  endfacet
  facet normal 0.595683 0.803219 -0
    outer loop
      vertex -2.50006 -3.74161 0
      vertex -2.85477 -3.47855 2.4
      vertex -2.50006 -3.74161 2.4
    endloop
  endfacet
  facet normal 0.595683 0.803219 0
    outer loop
      vertex -2.85477 -3.47855 2.4
      vertex -2.50006 -3.74161 0
      vertex -2.85477 -3.47855 0
    endloop
  endfacet
  facet normal 0.671564 0.740946 -0
    outer loop
      vertex -2.85477 -3.47855 0
      vertex -3.18198 -3.18198 2.4
      vertex -2.85477 -3.47855 2.4
    endloop
  endfacet
  facet normal 0.671564 0.740946 0
    outer loop
      vertex -3.18198 -3.18198 2.4
      vertex -2.85477 -3.47855 0
      vertex -3.18198 -3.18198 0
    endloop
  endfacet
  facet normal 0.740946 0.671564 0
    outer loop
      vertex -3.18198 -3.18198 2.4
      vertex -3.47855 -2.85477 0
      vertex -3.47855 -2.85477 2.4
    endloop
  endfacet
  facet normal 0.740946 0.671564 0
    outer loop
      vertex -3.47855 -2.85477 0
      vertex -3.18198 -3.18198 2.4
      vertex -3.18198 -3.18198 0
    endloop
  endfacet
  facet normal 0.803219 0.595683 0
    outer loop
      vertex -3.47855 -2.85477 2.4
      vertex -3.74161 -2.50006 0
      vertex -3.74161 -2.50006 2.4
    endloop
  endfacet
  facet normal 0.803219 0.595683 0
    outer loop
      vertex -3.74161 -2.50006 0
      vertex -3.47855 -2.85477 2.4
      vertex -3.47855 -2.85477 0
    endloop
  endfacet
  facet normal 0.857731 0.514099 0
    outer loop
      vertex -3.74161 -2.50006 2.4
      vertex -3.96864 -2.12128 0
      vertex -3.96864 -2.12128 2.4
    endloop
  endfacet
  facet normal 0.857731 0.514099 0
    outer loop
      vertex -3.96864 -2.12128 0
      vertex -3.74161 -2.50006 2.4
      vertex -3.74161 -2.50006 0
    endloop
  endfacet
  facet normal 0.903987 0.427561 0
    outer loop
      vertex -3.96864 -2.12128 2.4
      vertex -4.15746 -1.72206 0
      vertex -4.15746 -1.72206 2.4
    endloop
  endfacet
  facet normal 0.903987 0.427561 0
    outer loop
      vertex -4.15746 -1.72206 0
      vertex -3.96864 -2.12128 2.4
      vertex -3.96864 -2.12128 0
    endloop
  endfacet
  facet normal 0.941546 0.336886 0
    outer loop
      vertex -4.15746 -1.72206 2.4
      vertex -4.30623 -1.30627 0
      vertex -4.30623 -1.30627 2.4
    endloop
  endfacet
  facet normal 0.941546 0.336886 0
    outer loop
      vertex -4.30623 -1.30627 0
      vertex -4.15746 -1.72206 2.4
      vertex -4.15746 -1.72206 0
    endloop
  endfacet
  facet normal 0.970032 0.242977 0
    outer loop
      vertex -4.30623 -1.30627 2.4
      vertex -4.41353 -0.877899 0
      vertex -4.41353 -0.877899 2.4
    endloop
  endfacet
  facet normal 0.970032 0.242977 0
    outer loop
      vertex -4.41353 -0.877899 0
      vertex -4.30623 -1.30627 2.4
      vertex -4.30623 -1.30627 0
    endloop
  endfacet
  facet normal 0.989179 0.146714 0
    outer loop
      vertex -4.41353 -0.877899 2.4
      vertex -4.47832 -0.441071 0
      vertex -4.47832 -0.441071 2.4
    endloop
  endfacet
  facet normal 0.989179 0.146714 0
    outer loop
      vertex -4.47832 -0.441071 0
      vertex -4.41353 -0.877899 2.4
      vertex -4.41353 -0.877899 0
    endloop
  endfacet
  facet normal 0.998794 0.0490938 0
    outer loop
      vertex -4.47832 -0.441071 2.4
      vertex -4.5 0 0
      vertex -4.5 0 2.4
    endloop
  endfacet
  facet normal 0.998794 0.0490938 0
    outer loop
      vertex -4.5 0 0
      vertex -4.47832 -0.441071 2.4
      vertex -4.47832 -0.441071 0
    endloop
  endfacet
  facet normal 0.998794 -0.0490938 0
    outer loop
      vertex -4.5 0 2.4
      vertex -4.47832 0.441071 0
      vertex -4.47832 0.441071 2.4
    endloop
  endfacet
  facet normal 0.998794 -0.0490938 0
    outer loop
      vertex -4.47832 0.441071 0
      vertex -4.5 0 2.4
      vertex -4.5 0 0
    endloop
  endfacet
  facet normal 0.989179 -0.146714 0
    outer loop
      vertex -4.47832 0.441071 2.4
      vertex -4.41353 0.877899 0
      vertex -4.41353 0.877899 2.4
    endloop
  endfacet
  facet normal 0.989179 -0.146714 0
    outer loop
      vertex -4.41353 0.877899 0
      vertex -4.47832 0.441071 2.4
      vertex -4.47832 0.441071 0
    endloop
  endfacet
  facet normal 0.970032 -0.242977 0
    outer loop
      vertex -4.41353 0.877899 2.4
      vertex -4.30623 1.30627 0
      vertex -4.30623 1.30627 2.4
    endloop
  endfacet
  facet normal 0.970032 -0.242977 0
    outer loop
      vertex -4.30623 1.30627 0
      vertex -4.41353 0.877899 2.4
      vertex -4.41353 0.877899 0
    endloop
  endfacet
  facet normal 0.941546 -0.336886 0
    outer loop
      vertex -4.30623 1.30627 2.4
      vertex -4.15746 1.72206 0
      vertex -4.15746 1.72206 2.4
    endloop
  endfacet
  facet normal 0.941546 -0.336886 0
    outer loop
      vertex -4.15746 1.72206 0
      vertex -4.30623 1.30627 2.4
      vertex -4.30623 1.30627 0
    endloop
  endfacet
  facet normal 0.903987 -0.427561 0
    outer loop
      vertex -4.15746 1.72206 2.4
      vertex -3.96864 2.12128 0
      vertex -3.96864 2.12128 2.4
    endloop
  endfacet
  facet normal 0.903987 -0.427561 0
    outer loop
      vertex -3.96864 2.12128 0
      vertex -4.15746 1.72206 2.4
      vertex -4.15746 1.72206 0
    endloop
  endfacet
  facet normal 0.857731 -0.514099 0
    outer loop
      vertex -3.96864 2.12128 2.4
      vertex -3.74161 2.50006 0
      vertex -3.74161 2.50006 2.4
    endloop
  endfacet
  facet normal 0.857731 -0.514099 0
    outer loop
      vertex -3.74161 2.50006 0
      vertex -3.96864 2.12128 2.4
      vertex -3.96864 2.12128 0
    endloop
  endfacet
  facet normal 0.803219 -0.595683 0
    outer loop
      vertex -3.74161 2.50006 2.4
      vertex -3.47855 2.85477 0
      vertex -3.47855 2.85477 2.4
    endloop
  endfacet
  facet normal 0.803219 -0.595683 0
    outer loop
      vertex -3.47855 2.85477 0
      vertex -3.74161 2.50006 2.4
      vertex -3.74161 2.50006 0
    endloop
  endfacet
  facet normal 0.740946 -0.671564 0
    outer loop
      vertex -3.47855 2.85477 2.4
      vertex -3.18198 3.18198 0
      vertex -3.18198 3.18198 2.4
    endloop
  endfacet
  facet normal 0.740946 -0.671564 0
    outer loop
      vertex -3.18198 3.18198 0
      vertex -3.47855 2.85477 2.4
      vertex -3.47855 2.85477 0
    endloop
  endfacet
  facet normal 0.671564 -0.740946 0
    outer loop
      vertex -3.18198 3.18198 0
      vertex -2.85477 3.47855 2.4
      vertex -3.18198 3.18198 2.4
    endloop
  endfacet
  facet normal 0.671564 -0.740946 0
    outer loop
      vertex -2.85477 3.47855 2.4
      vertex -3.18198 3.18198 0
      vertex -2.85477 3.47855 0
    endloop
  endfacet
  facet normal 0.595683 -0.803219 0
    outer loop
      vertex -2.85477 3.47855 0
      vertex -2.50006 3.74161 2.4
      vertex -2.85477 3.47855 2.4
    endloop
  endfacet
  facet normal 0.595683 -0.803219 0
    outer loop
      vertex -2.50006 3.74161 2.4
      vertex -2.85477 3.47855 0
      vertex -2.50006 3.74161 0
    endloop
  endfacet
  facet normal 0.514099 -0.857731 0
    outer loop
      vertex -2.50006 3.74161 0
      vertex -2.12128 3.96864 2.4
      vertex -2.50006 3.74161 2.4
    endloop
  endfacet
  facet normal 0.514099 -0.857731 0
    outer loop
      vertex -2.12128 3.96864 2.4
      vertex -2.50006 3.74161 0
      vertex -2.12128 3.96864 0
    endloop
  endfacet
  facet normal 0.427561 -0.903987 0
    outer loop
      vertex -2.12128 3.96864 0
      vertex -1.72206 4.15746 2.4
      vertex -2.12128 3.96864 2.4
    endloop
  endfacet
  facet normal 0.427561 -0.903987 0
    outer loop
      vertex -1.72206 4.15746 2.4
      vertex -2.12128 3.96864 0
      vertex -1.72206 4.15746 0
    endloop
  endfacet
  facet normal 0.336886 -0.941546 0
    outer loop
      vertex -1.72206 4.15746 0
      vertex -1.30627 4.30623 2.4
      vertex -1.72206 4.15746 2.4
    endloop
  endfacet
  facet normal 0.336886 -0.941546 0
    outer loop
      vertex -1.30627 4.30623 2.4
      vertex -1.72206 4.15746 0
      vertex -1.30627 4.30623 0
    endloop
  endfacet
  facet normal 0.242977 -0.970032 0
    outer loop
      vertex -1.30627 4.30623 0
      vertex -0.877899 4.41353 2.4
      vertex -1.30627 4.30623 2.4
    endloop
  endfacet
  facet normal 0.242977 -0.970032 0
    outer loop
      vertex -0.877899 4.41353 2.4
      vertex -1.30627 4.30623 0
      vertex -0.877899 4.41353 0
    endloop
  endfacet
  facet normal 0.146714 -0.989179 0
    outer loop
      vertex -0.877899 4.41353 0
      vertex -0.441071 4.47832 2.4
      vertex -0.877899 4.41353 2.4
    endloop
  endfacet
  facet normal 0.146714 -0.989179 0
    outer loop
      vertex -0.441071 4.47832 2.4
      vertex -0.877899 4.41353 0
      vertex -0.441071 4.47832 0
    endloop
  endfacet
  facet normal 0.0490938 -0.998794 0
    outer loop
      vertex -0.441071 4.47832 0
      vertex 0 4.5 2.4
      vertex -0.441071 4.47832 2.4
    endloop
  endfacet
  facet normal 0.0490938 -0.998794 0
    outer loop
      vertex 0 4.5 2.4
      vertex -0.441071 4.47832 0
      vertex 0 4.5 0
    endloop
  endfacet
  facet normal -0.0490938 -0.998794 0
    outer loop
      vertex 0 4.5 0
      vertex 0.441071 4.47832 2.4
      vertex 0 4.5 2.4
    endloop
  endfacet
  facet normal -0.0490938 -0.998794 -0
    outer loop
      vertex 0.441071 4.47832 2.4
      vertex 0 4.5 0
      vertex 0.441071 4.47832 0
    endloop
  endfacet
  facet normal -0.146714 -0.989179 0
    outer loop
      vertex 0.441071 4.47832 0
      vertex 0.877899 4.41353 2.4
      vertex 0.441071 4.47832 2.4
    endloop
  endfacet
  facet normal -0.146714 -0.989179 -0
    outer loop
      vertex 0.877899 4.41353 2.4
      vertex 0.441071 4.47832 0
      vertex 0.877899 4.41353 0
    endloop
  endfacet
  facet normal -0.242977 -0.970032 0
    outer loop
      vertex 0.877899 4.41353 0
      vertex 1.30627 4.30623 2.4
      vertex 0.877899 4.41353 2.4
    endloop
  endfacet
  facet normal -0.242977 -0.970032 -0
    outer loop
      vertex 1.30627 4.30623 2.4
      vertex 0.877899 4.41353 0
      vertex 1.30627 4.30623 0
    endloop
  endfacet
  facet normal -0.336886 -0.941546 0
    outer loop
      vertex 1.30627 4.30623 0
      vertex 1.72206 4.15746 2.4
      vertex 1.30627 4.30623 2.4
    endloop
  endfacet
  facet normal -0.336886 -0.941546 -0
    outer loop
      vertex 1.72206 4.15746 2.4
      vertex 1.30627 4.30623 0
      vertex 1.72206 4.15746 0
    endloop
  endfacet
  facet normal -0.427561 -0.903987 0
    outer loop
      vertex 1.72206 4.15746 0
      vertex 2.12128 3.96864 2.4
      vertex 1.72206 4.15746 2.4
    endloop
  endfacet
  facet normal -0.427561 -0.903987 -0
    outer loop
      vertex 2.12128 3.96864 2.4
      vertex 1.72206 4.15746 0
      vertex 2.12128 3.96864 0
    endloop
  endfacet
  facet normal -0.514099 -0.857731 0
    outer loop
      vertex 2.12128 3.96864 0
      vertex 2.50006 3.74161 2.4
      vertex 2.12128 3.96864 2.4
    endloop
  endfacet
  facet normal -0.514099 -0.857731 -0
    outer loop
      vertex 2.50006 3.74161 2.4
      vertex 2.12128 3.96864 0
      vertex 2.50006 3.74161 0
    endloop
  endfacet
  facet normal -0.595683 -0.803219 0
    outer loop
      vertex 2.50006 3.74161 0
      vertex 2.85477 3.47855 2.4
      vertex 2.50006 3.74161 2.4
    endloop
  endfacet
  facet normal -0.595683 -0.803219 -0
    outer loop
      vertex 2.85477 3.47855 2.4
      vertex 2.50006 3.74161 0
      vertex 2.85477 3.47855 0
    endloop
  endfacet
  facet normal -0.671564 -0.740946 0
    outer loop
      vertex 2.85477 3.47855 0
      vertex 3.18198 3.18198 2.4
      vertex 2.85477 3.47855 2.4
    endloop
  endfacet
  facet normal -0.671564 -0.740946 -0
    outer loop
      vertex 3.18198 3.18198 2.4
      vertex 2.85477 3.47855 0
      vertex 3.18198 3.18198 0
    endloop
  endfacet
  facet normal -0.740946 -0.671564 0
    outer loop
      vertex 3.47855 2.85477 0
      vertex 3.18198 3.18198 2.4
      vertex 3.18198 3.18198 0
    endloop
  endfacet
  facet normal -0.740946 -0.671564 0
    outer loop
      vertex 3.18198 3.18198 2.4
      vertex 3.47855 2.85477 0
      vertex 3.47855 2.85477 2.4
    endloop
  endfacet
  facet normal -0.803219 -0.595683 0
    outer loop
      vertex 3.74161 2.50006 0
      vertex 3.47855 2.85477 2.4
      vertex 3.47855 2.85477 0
    endloop
  endfacet
  facet normal -0.803219 -0.595683 0
    outer loop
      vertex 3.47855 2.85477 2.4
      vertex 3.74161 2.50006 0
      vertex 3.74161 2.50006 2.4
    endloop
  endfacet
  facet normal -0.857731 -0.514099 0
    outer loop
      vertex 3.96864 2.12128 0
      vertex 3.74161 2.50006 2.4
      vertex 3.74161 2.50006 0
    endloop
  endfacet
  facet normal -0.857731 -0.514099 0
    outer loop
      vertex 3.74161 2.50006 2.4
      vertex 3.96864 2.12128 0
      vertex 3.96864 2.12128 2.4
    endloop
  endfacet
  facet normal -0.903987 -0.427561 0
    outer loop
      vertex 4.15746 1.72206 0
      vertex 3.96864 2.12128 2.4
      vertex 3.96864 2.12128 0
    endloop
  endfacet
  facet normal -0.903987 -0.427561 0
    outer loop
      vertex 3.96864 2.12128 2.4
      vertex 4.15746 1.72206 0
      vertex 4.15746 1.72206 2.4
    endloop
  endfacet
  facet normal -0.941546 -0.336886 0
    outer loop
      vertex 4.30623 1.30627 0
      vertex 4.15746 1.72206 2.4
      vertex 4.15746 1.72206 0
    endloop
  endfacet
  facet normal -0.941546 -0.336886 0
    outer loop
      vertex 4.15746 1.72206 2.4
      vertex 4.30623 1.30627 0
      vertex 4.30623 1.30627 2.4
    endloop
  endfacet
  facet normal -0.970032 -0.242977 0
    outer loop
      vertex 4.41353 0.877899 0
      vertex 4.30623 1.30627 2.4
      vertex 4.30623 1.30627 0
    endloop
  endfacet
  facet normal -0.970032 -0.242977 0
    outer loop
      vertex 4.30623 1.30627 2.4
      vertex 4.41353 0.877899 0
      vertex 4.41353 0.877899 2.4
    endloop
  endfacet
  facet normal -0.989179 -0.146714 0
    outer loop
      vertex 4.47832 0.441071 0
      vertex 4.41353 0.877899 2.4
      vertex 4.41353 0.877899 0
    endloop
  endfacet
  facet normal -0.989179 -0.146714 0
    outer loop
      vertex 4.41353 0.877899 2.4
      vertex 4.47832 0.441071 0
      vertex 4.47832 0.441071 2.4
    endloop
  endfacet
  facet normal -0.998794 -0.0490938 0
    outer loop
      vertex 4.5 0 0
      vertex 4.47832 0.441071 2.4
      vertex 4.47832 0.441071 0
    endloop
  endfacet
  facet normal -0.998794 -0.0490938 0
    outer loop
      vertex 4.47832 0.441071 2.4
      vertex 4.5 0 0
      vertex 4.5 0 2.4
    endloop
  endfacet
  facet normal -0.998794 0.0490938 0
    outer loop
      vertex 4.47832 -0.441071 0
      vertex 4.5 0 2.4
      vertex 4.5 0 0
    endloop
  endfacet
  facet normal -0.998794 0.0490938 0
    outer loop
      vertex 4.5 0 2.4
      vertex 4.47832 -0.441071 0
      vertex 4.47832 -0.441071 2.4
    endloop
  endfacet
  facet normal -0.989179 0.146714 0
    outer loop
      vertex 4.41353 -0.877899 0
      vertex 4.47832 -0.441071 2.4
      vertex 4.47832 -0.441071 0
    endloop
  endfacet
  facet normal -0.989179 0.146714 0
    outer loop
      vertex 4.47832 -0.441071 2.4
      vertex 4.41353 -0.877899 0
      vertex 4.41353 -0.877899 2.4
    endloop
  endfacet
  facet normal -0.970032 0.242977 0
    outer loop
      vertex 4.30623 -1.30627 0
      vertex 4.41353 -0.877899 2.4
      vertex 4.41353 -0.877899 0
    endloop
  endfacet
  facet normal -0.970032 0.242977 0
    outer loop
      vertex 4.41353 -0.877899 2.4
      vertex 4.30623 -1.30627 0
      vertex 4.30623 -1.30627 2.4
    endloop
  endfacet
  facet normal -0.941546 0.336886 0
    outer loop
      vertex 4.15746 -1.72206 0
      vertex 4.30623 -1.30627 2.4
      vertex 4.30623 -1.30627 0
    endloop
  endfacet
  facet normal -0.941546 0.336886 0
    outer loop
      vertex 4.30623 -1.30627 2.4
      vertex 4.15746 -1.72206 0
      vertex 4.15746 -1.72206 2.4
    endloop
  endfacet
  facet normal -0.903987 0.427561 0
    outer loop
      vertex 3.96864 -2.12128 0
      vertex 4.15746 -1.72206 2.4
      vertex 4.15746 -1.72206 0
    endloop
  endfacet
  facet normal -0.903987 0.427561 0
    outer loop
      vertex 4.15746 -1.72206 2.4
      vertex 3.96864 -2.12128 0
      vertex 3.96864 -2.12128 2.4
    endloop
  endfacet
  facet normal -0.857731 0.514099 0
    outer loop
      vertex 3.74161 -2.50006 0
      vertex 3.96864 -2.12128 2.4
      vertex 3.96864 -2.12128 0
    endloop
  endfacet
  facet normal -0.857731 0.514099 0
    outer loop
      vertex 3.96864 -2.12128 2.4
      vertex 3.74161 -2.50006 0
      vertex 3.74161 -2.50006 2.4
    endloop
  endfacet
  facet normal -0.803219 0.595683 0
    outer loop
      vertex 3.47855 -2.85477 0
      vertex 3.74161 -2.50006 2.4
      vertex 3.74161 -2.50006 0
    endloop
  endfacet
  facet normal -0.803219 0.595683 0
    outer loop
      vertex 3.74161 -2.50006 2.4
      vertex 3.47855 -2.85477 0
      vertex 3.47855 -2.85477 2.4
    endloop
  endfacet
  facet normal -0.740946 0.671564 0
    outer loop
      vertex 3.18198 -3.18198 0
      vertex 3.47855 -2.85477 2.4
      vertex 3.47855 -2.85477 0
    endloop
  endfacet
  facet normal -0.740946 0.671564 0
    outer loop
      vertex 3.47855 -2.85477 2.4
      vertex 3.18198 -3.18198 0
      vertex 3.18198 -3.18198 2.4
    endloop
  endfacet
  facet normal -0.671564 0.740946 0
    outer loop
      vertex 3.18198 -3.18198 0
      vertex 2.85477 -3.47855 2.4
      vertex 3.18198 -3.18198 2.4
    endloop
  endfacet
  facet normal -0.671564 0.740946 0
    outer loop
      vertex 2.85477 -3.47855 2.4
      vertex 3.18198 -3.18198 0
      vertex 2.85477 -3.47855 0
    endloop
  endfacet
  facet normal -0.595683 0.803219 0
    outer loop
      vertex 2.85477 -3.47855 0
      vertex 2.50006 -3.74161 2.4
      vertex 2.85477 -3.47855 2.4
    endloop
  endfacet
  facet normal -0.595683 0.803219 0
    outer loop
      vertex 2.50006 -3.74161 2.4
      vertex 2.85477 -3.47855 0
      vertex 2.50006 -3.74161 0
    endloop
  endfacet
  facet normal -0.514099 0.857731 0
    outer loop
      vertex 2.50006 -3.74161 0
      vertex 2.12128 -3.96864 2.4
      vertex 2.50006 -3.74161 2.4
    endloop
  endfacet
  facet normal -0.514099 0.857731 0
    outer loop
      vertex 2.12128 -3.96864 2.4
      vertex 2.50006 -3.74161 0
      vertex 2.12128 -3.96864 0
    endloop
  endfacet
  facet normal -0.427561 0.903987 0
    outer loop
      vertex 2.12128 -3.96864 0
      vertex 1.72206 -4.15746 2.4
      vertex 2.12128 -3.96864 2.4
    endloop
  endfacet
  facet normal -0.427561 0.903987 0
    outer loop
      vertex 1.72206 -4.15746 2.4
      vertex 2.12128 -3.96864 0
      vertex 1.72206 -4.15746 0
    endloop
  endfacet
  facet normal -0.336886 0.941546 0
    outer loop
      vertex 1.72206 -4.15746 0
      vertex 1.30627 -4.30623 2.4
      vertex 1.72206 -4.15746 2.4
    endloop
  endfacet
  facet normal -0.336886 0.941546 0
    outer loop
      vertex 1.30627 -4.30623 2.4
      vertex 1.72206 -4.15746 0
      vertex 1.30627 -4.30623 0
    endloop
  endfacet
  facet normal -0.242977 0.970032 0
    outer loop
      vertex 1.30627 -4.30623 0
      vertex 0.877899 -4.41353 2.4
      vertex 1.30627 -4.30623 2.4
    endloop
  endfacet
  facet normal -0.242977 0.970032 0
    outer loop
      vertex 0.877899 -4.41353 2.4
      vertex 1.30627 -4.30623 0
      vertex 0.877899 -4.41353 0
    endloop
  endfacet
  facet normal -0.146714 0.989179 0
    outer loop
      vertex 0.877899 -4.41353 0
      vertex 0.441071 -4.47832 2.4
      vertex 0.877899 -4.41353 2.4
    endloop
  endfacet
  facet normal -0.146714 0.989179 0
    outer loop
      vertex 0.441071 -4.47832 2.4
      vertex 0.877899 -4.41353 0
      vertex 0.441071 -4.47832 0
    endloop
  endfacet
  facet normal -0.0490938 0.998794 0
    outer loop
      vertex 0.441071 -4.47832 0
      vertex 0 -4.5 2.4
      vertex 0.441071 -4.47832 2.4
    endloop
  endfacet
  facet normal -0.0490938 0.998794 0
    outer loop
      vertex 0 -4.5 2.4
      vertex 0.441071 -4.47832 0
      vertex 0 -4.5 0
    endloop
  endfacet
  facet normal 0.0490938 0.998794 -0
    outer loop
      vertex 0 -4.5 0
      vertex -0.441071 -4.47832 2.4
      vertex 0 -4.5 2.4
    endloop
  endfacet
  facet normal 0.0490938 0.998794 0
    outer loop
      vertex -0.441071 -4.47832 2.4
      vertex 0 -4.5 0
      vertex -0.441071 -4.47832 0
    endloop
  endfacet
  facet normal 0 0 1
    outer loop
      vertex -10.6057 -19.1667 1.6
      vertex -11.3943 -20.8333 1.6
      vertex -10 -19.6714 1.6
    endloop
  endfacet
  facet normal 0 -0 1
    outer loop
      vertex -11.3943 -20.8333 1.6
      vertex -10.6057 -19.1667 1.6
      vertex -12 -20.3285 1.6
    endloop
  endfacet
  facet normal 0 0 1
    outer loop
      vertex -4.59381 -15.1663 1.6
      vertex -5.45007 -15.3501 1.6
      vertex -5.39426 -15.8333 1.6
    endloop
  endfacet
  facet normal 0 0 1
    outer loop
      vertex 0 -13.6619 1.6
      vertex 0.300003 -13.5 1.6
      vertex 0.194244 -13.5 1.6
    endloop
  endfacet
  facet normal 0 0 1
    outer loop
      vertex 2.78391 -14.865 1.6
      vertex 2.60574 -15.8333 1.6
      vertex 3.61742 -14.9903 1.6
    endloop
  endfacet
  facet normal 0 -0 1
    outer loop
      vertex 2.60574 -15.8333 1.6
      vertex 2.78391 -14.865 1.6
      vertex 2.5782 -14.8467 1.6
    endloop
  endfacet
  facet normal 0 0 1
    outer loop
      vertex 8.60573 -17.5 1.6
      vertex 8.98453 -16.6199 1.6
      vertex 8.63632 -16.465 1.6
    endloop
  endfacet
  facet normal 0 0 1
    outer loop
      vertex 8.98453 -16.6199 1.6
      vertex 8.60573 -17.5 1.6
      vertex 9.39439 -16.8428 1.6
    endloop
  endfacet
  facet normal 0 -0 1
    outer loop
      vertex 8.60573 -17.5 1.6
      vertex 8.63632 -16.465 1.6
      vertex 8 -16.9952 1.6
    endloop
  endfacet
  facet normal 0 0 1
    outer loop
      vertex 10.9854 -17.8407 1.6
      vertex 10.6057 -19.1667 1.6
      vertex 11.6001 -18.338 1.6
    endloop
  endfacet
  facet normal 0 -0 1
    outer loop
      vertex 10.6057 -19.1667 1.6
      vertex 10.9854 -17.8407 1.6
      vertex 10 -18.6619 1.6
    endloop
  endfacet
  facet normal 0 0 1
    outer loop
      vertex 12 -20.3285 1.6
      vertex 12.8675 -19.7374 1.6
      vertex 12.8048 -19.6579 1.6
    endloop
  endfacet
  facet normal 0 0 1
    outer loop
      vertex 12.8675 -19.7374 1.6
      vertex 12.6057 -20.8333 1.6
      vertex 13.2171 -20.3238 1.6
    endloop
  endfacet
  facet normal 0 0 1
    outer loop
      vertex 12.8675 -19.7374 1.6
      vertex 12 -20.3285 1.6
      vertex 12.6057 -20.8333 1.6
    endloop
  endfacet
  facet normal 0 0 1
    outer loop
      vertex 11.3943 -20.8333 1.6
      vertex 12.6057 -20.8333 1.6
      vertex 12 -20.3285 1.6
    endloop
  endfacet
  facet normal -0 0 1
    outer loop
      vertex 11.3943 -20.8333 1.6
      vertex 13.1657 -21.3 1.6
      vertex 12.6057 -20.8333 1.6
    endloop
  endfacet
  facet normal 0 0 1
    outer loop
      vertex 13.1657 -21.3 1.6
      vertex 11.3943 -20.8333 1.6
      vertex 10.8342 -21.3 1.6
    endloop
  endfacet
  facet normal 0 0 1
    outer loop
      vertex 10.6057 -19.1667 1.6
      vertex 11.3943 -20.8333 1.6
      vertex 12 -20.3285 1.6
    endloop
  endfacet
  facet normal 0 0 1
    outer loop
      vertex 10 -19.6714 1.6
      vertex 10.6057 -19.1667 1.6
      vertex 10 -18.6619 1.6
    endloop
  endfacet
  facet normal 0 0 1
    outer loop
      vertex 10.6057 -19.1667 1.6
      vertex 10 -19.6714 1.6
      vertex 11.3943 -20.8333 1.6
    endloop
  endfacet
  facet normal 0 0 1
    outer loop
      vertex 10 -18.6619 1.6
      vertex 9.39426 -19.1667 1.6
      vertex 10 -19.6714 1.6
    endloop
  endfacet
  facet normal 0 0 1
    outer loop
      vertex 8.60573 -17.5 1.6
      vertex 9.39426 -19.1667 1.6
      vertex 10 -18.6619 1.6
    endloop
  endfacet
  facet normal 0 0 1
    outer loop
      vertex 8 -18.0048 1.6
      vertex 8.60573 -17.5 1.6
      vertex 8 -16.9952 1.6
    endloop
  endfacet
  facet normal 0 0 1
    outer loop
      vertex 8.60573 -17.5 1.6
      vertex 8 -18.0048 1.6
      vertex 9.39426 -19.1667 1.6
    endloop
  endfacet
  facet normal 0 0 1
    outer loop
      vertex 8 -16.9952 1.6
      vertex 7.39426 -17.5 1.6
      vertex 8 -18.0048 1.6
    endloop
  endfacet
  facet normal 0 0 1
    outer loop
      vertex 6.60573 -15.8333 1.6
      vertex 7.39426 -17.5 1.6
      vertex 8 -16.9952 1.6
    endloop
  endfacet
  facet normal 0 0 1
    outer loop
      vertex 7.39426 -17.5 1.6
      vertex 6.60573 -15.8333 1.6
      vertex 6 -16.3381 1.6
    endloop
  endfacet
  facet normal 0 0 1
    outer loop
      vertex 9.39426 -19.1667 1.6
      vertex 8.60573 -20.8333 1.6
      vertex 10 -19.6714 1.6
    endloop
  endfacet
  facet normal 0 -0 1
    outer loop
      vertex 8.60573 -20.8333 1.6
      vertex 9.39426 -19.1667 1.6
      vertex 8 -20.3285 1.6
    endloop
  endfacet
  facet normal 0 0 1
    outer loop
      vertex 7.39426 -20.8333 1.6
      vertex 8.60573 -20.8333 1.6
      vertex 8 -20.3285 1.6
    endloop
  endfacet
  facet normal -0 0 1
    outer loop
      vertex 7.39426 -20.8333 1.6
      vertex 9.16574 -21.3 1.6
      vertex 8.60573 -20.8333 1.6
    endloop
  endfacet
  facet normal 0 0 1
    outer loop
      vertex 9.16574 -21.3 1.6
      vertex 7.39426 -20.8333 1.6
      vertex 6.83424 -21.3 1.6
    endloop
  endfacet
  facet normal 0 0 1
    outer loop
      vertex 3.39426 -20.8333 1.6
      vertex 4.60573 -20.8333 1.6
      vertex 4 -20.3285 1.6
    endloop
  endfacet
  facet normal -0 0 1
    outer loop
      vertex 3.39426 -20.8333 1.6
      vertex 5.16574 -21.3 1.6
      vertex 4.60573 -20.8333 1.6
    endloop
  endfacet
  facet normal 0 0 1
    outer loop
      vertex 5.16574 -21.3 1.6
      vertex 3.39426 -20.8333 1.6
      vertex 2.83424 -21.3 1.6
    endloop
  endfacet
  facet normal 0 0 1
    outer loop
      vertex 2.60574 -19.1667 1.6
      vertex 3.39426 -20.8333 1.6
      vertex 4 -20.3285 1.6
    endloop
  endfacet
  facet normal 0 0 1
    outer loop
      vertex 2 -19.6714 1.6
      vertex 2.60574 -19.1667 1.6
      vertex 2 -18.6619 1.6
    endloop
  endfacet
  facet normal 0 0 1
    outer loop
      vertex 2.60574 -19.1667 1.6
      vertex 2 -19.6714 1.6
      vertex 3.39426 -20.8333 1.6
    endloop
  endfacet
  facet normal 0 0 1
    outer loop
      vertex 2 -18.6619 1.6
      vertex 1.39426 -19.1667 1.6
      vertex 2 -19.6714 1.6
    endloop
  endfacet
  facet normal 0 0 1
    outer loop
      vertex 0.605743 -17.5 1.6
      vertex 1.39426 -19.1667 1.6
      vertex 2 -18.6619 1.6
    endloop
  endfacet
  facet normal 0 0 1
    outer loop
      vertex 0 -18.0048 1.6
      vertex 0.605743 -17.5 1.6
      vertex 0 -16.9952 1.6
    endloop
  endfacet
  facet normal 0 0 1
    outer loop
      vertex 0.605743 -17.5 1.6
      vertex 0 -18.0048 1.6
      vertex 1.39426 -19.1667 1.6
    endloop
  endfacet
  facet normal 0 0 1
    outer loop
      vertex 0 -16.9952 1.6
      vertex -0.605743 -17.5 1.6
      vertex 0 -18.0048 1.6
    endloop
  endfacet
  facet normal 0 0 1
    outer loop
      vertex -1.39426 -15.8333 1.6
      vertex -0.605743 -17.5 1.6
      vertex 0 -16.9952 1.6
    endloop
  endfacet
  facet normal 0 0 1
    outer loop
      vertex -2 -16.3381 1.6
      vertex -1.39426 -15.8333 1.6
      vertex -2 -15.3285 1.6
    endloop
  endfacet
  facet normal 0 0 1
    outer loop
      vertex -1.39426 -15.8333 1.6
      vertex -2 -16.3381 1.6
      vertex -0.605743 -17.5 1.6
    endloop
  endfacet
  facet normal 0 0 1
    outer loop
      vertex -2.60574 -15.8333 1.6
      vertex -2 -15.3285 1.6
      vertex -2.5782 -14.8467 1.6
    endloop
  endfacet
  facet normal 0 0 1
    outer loop
      vertex -2 -15.3285 1.6
      vertex -2.60574 -15.8333 1.6
      vertex -2 -16.3381 1.6
    endloop
  endfacet
  facet normal 0 0 1
    outer loop
      vertex -2.60574 -15.8333 1.6
      vertex -3.39426 -17.5 1.6
      vertex -2 -16.3381 1.6
    endloop
  endfacet
  facet normal 0 -0 1
    outer loop
      vertex -3.39426 -17.5 1.6
      vertex -2.60574 -15.8333 1.6
      vertex -4 -16.9952 1.6
    endloop
  endfacet
  facet normal 0 0 1
    outer loop
      vertex 3.39426 -17.5 1.6
      vertex 2.60574 -19.1667 1.6
      vertex 4 -18.0048 1.6
    endloop
  endfacet
  facet normal 0 -0 1
    outer loop
      vertex 2.60574 -19.1667 1.6
      vertex 3.39426 -17.5 1.6
      vertex 2 -18.6619 1.6
    endloop
  endfacet
  facet normal 0 0 1
    outer loop
      vertex -0.605743 -20.8333 1.6
      vertex 0.605743 -20.8333 1.6
      vertex 0 -20.3286 1.6
    endloop
  endfacet
  facet normal 0 0 1
    outer loop
      vertex 0.605743 -20.8333 1.6
      vertex -0.605743 -20.8333 1.6
      vertex 1.16576 -21.3 1.6
    endloop
  endfacet
  facet normal 0 0 1
    outer loop
      vertex 1.16576 -21.3 1.6
      vertex -0.605743 -20.8333 1.6
      vertex -1.16576 -21.3 1.6
    endloop
  endfacet
  facet normal 0 0 1
    outer loop
      vertex -4.60573 -20.8333 1.6
      vertex -3.39426 -20.8333 1.6
      vertex -4 -20.3285 1.6
    endloop
  endfacet
  facet normal -0 0 1
    outer loop
      vertex -4.60573 -20.8333 1.6
      vertex -2.83424 -21.3 1.6
      vertex -3.39426 -20.8333 1.6
    endloop
  endfacet
  facet normal 0 0 1
    outer loop
      vertex -2.83424 -21.3 1.6
      vertex -4.60573 -20.8333 1.6
      vertex -5.16574 -21.3 1.6
    endloop
  endfacet
  facet normal 0 0 1
    outer loop
      vertex -5.39426 -19.1667 1.6
      vertex -4.60573 -20.8333 1.6
      vertex -4 -20.3285 1.6
    endloop
  endfacet
  facet normal 0 0 1
    outer loop
      vertex -6 -19.6714 1.6
      vertex -5.39426 -19.1667 1.6
      vertex -6 -18.6619 1.6
    endloop
  endfacet
  facet normal 0 0 1
    outer loop
      vertex -5.39426 -19.1667 1.6
      vertex -6 -19.6714 1.6
      vertex -4.60573 -20.8333 1.6
    endloop
  endfacet
  facet normal 0 0 1
    outer loop
      vertex -6 -18.6619 1.6
      vertex -6.60573 -19.1667 1.6
      vertex -6 -19.6714 1.6
    endloop
  endfacet
  facet normal 0 0 1
    outer loop
      vertex -7.39426 -17.5 1.6
      vertex -6.60573 -19.1667 1.6
      vertex -6 -18.6619 1.6
    endloop
  endfacet
  facet normal 0 0 1
    outer loop
      vertex -8 -18.0048 1.6
      vertex -7.39426 -17.5 1.6
      vertex -8 -16.9952 1.6
    endloop
  endfacet
  facet normal 0 0 1
    outer loop
      vertex -7.39426 -17.5 1.6
      vertex -8 -18.0048 1.6
      vertex -6.60573 -19.1667 1.6
    endloop
  endfacet
  facet normal 0 0 1
    outer loop
      vertex -8 -16.9952 1.6
      vertex -8.60573 -17.5 1.6
      vertex -8 -18.0048 1.6
    endloop
  endfacet
  facet normal 0 0 1
    outer loop
      vertex -8.63632 -16.465 1.6
      vertex -8.60573 -17.5 1.6
      vertex -8 -16.9952 1.6
    endloop
  endfacet
  facet normal -0 0 1
    outer loop
      vertex -8.98453 -16.6199 1.6
      vertex -8.60573 -17.5 1.6
      vertex -8.63632 -16.465 1.6
    endloop
  endfacet
  facet normal 0 0 1
    outer loop
      vertex -8.60573 -17.5 1.6
      vertex -8.98453 -16.6199 1.6
      vertex -9.39439 -16.8428 1.6
    endloop
  endfacet
  facet normal 0 0 1
    outer loop
      vertex -4.60574 -17.5 1.6
      vertex -5.39426 -19.1667 1.6
      vertex -4 -18.0048 1.6
    endloop
  endfacet
  facet normal 0 -0 1
    outer loop
      vertex -5.39426 -19.1667 1.6
      vertex -4.60574 -17.5 1.6
      vertex -6 -18.6619 1.6
    endloop
  endfacet
  facet normal 0 0 1
    outer loop
      vertex -8.60573 -20.8333 1.6
      vertex -7.39426 -20.8333 1.6
      vertex -8 -20.3285 1.6
    endloop
  endfacet
  facet normal -0 0 1
    outer loop
      vertex -8.60573 -20.8333 1.6
      vertex -6.83424 -21.3 1.6
      vertex -7.39426 -20.8333 1.6
    endloop
  endfacet
  facet normal 0 0 1
    outer loop
      vertex -6.83424 -21.3 1.6
      vertex -8.60573 -20.8333 1.6
      vertex -9.16574 -21.3 1.6
    endloop
  endfacet
  facet normal 0 0 1
    outer loop
      vertex -12.6057 -20.8333 1.6
      vertex -11.3943 -20.8333 1.6
      vertex -12 -20.3285 1.6
    endloop
  endfacet
  facet normal -0 0 1
    outer loop
      vertex -12.6057 -20.8333 1.6
      vertex -10.8342 -21.3 1.6
      vertex -11.3943 -20.8333 1.6
    endloop
  endfacet
  facet normal 0 0 1
    outer loop
      vertex -10.8342 -21.3 1.6
      vertex -12.6057 -20.8333 1.6
      vertex -13.1657 -21.3 1.6
    endloop
  endfacet
  facet normal -0 0 1
    outer loop
      vertex -12.8675 -19.7374 1.6
      vertex -12 -20.3285 1.6
      vertex -12.8048 -19.6579 1.6
    endloop
  endfacet
  facet normal 0 0 1
    outer loop
      vertex -12 -20.3285 1.6
      vertex -12.8675 -19.7374 1.6
      vertex -12.6057 -20.8333 1.6
    endloop
  endfacet
  facet normal 0 0 1
    outer loop
      vertex -12.6057 -20.8333 1.6
      vertex -12.8675 -19.7374 1.6
      vertex -13.2171 -20.3238 1.6
    endloop
  endfacet
  facet normal 0 0 1
    outer loop
      vertex -9.39426 -19.1667 1.6
      vertex -8.60573 -20.8333 1.6
      vertex -8 -20.3285 1.6
    endloop
  endfacet
  facet normal 0 0 1
    outer loop
      vertex -10 -19.6714 1.6
      vertex -9.39426 -19.1667 1.6
      vertex -10 -18.6619 1.6
    endloop
  endfacet
  facet normal 0 0 1
    outer loop
      vertex -9.39426 -19.1667 1.6
      vertex -10 -19.6714 1.6
      vertex -8.60573 -20.8333 1.6
    endloop
  endfacet
  facet normal 0 0 1
    outer loop
      vertex -10 -18.6619 1.6
      vertex -10.6057 -19.1667 1.6
      vertex -10 -19.6714 1.6
    endloop
  endfacet
  facet normal 0 0 1
    outer loop
      vertex -10.9854 -17.8407 1.6
      vertex -10.6057 -19.1667 1.6
      vertex -10 -18.6619 1.6
    endloop
  endfacet
  facet normal 0 0 1
    outer loop
      vertex -10.6057 -19.1667 1.6
      vertex -10.9854 -17.8407 1.6
      vertex -11.6001 -18.338 1.6
    endloop
  endfacet
  facet normal 0 0 1
    outer loop
      vertex -8.60573 -17.5 1.6
      vertex -9.39426 -19.1667 1.6
      vertex -8 -18.0048 1.6
    endloop
  endfacet
  facet normal 0 -0 1
    outer loop
      vertex -9.39426 -19.1667 1.6
      vertex -8.60573 -17.5 1.6
      vertex -10 -18.6619 1.6
    endloop
  endfacet
  facet normal 0 0 1
    outer loop
      vertex -6.60573 -15.8333 1.6
      vertex -7.39426 -17.5 1.6
      vertex -6 -16.3381 1.6
    endloop
  endfacet
  facet normal 0 -0 1
    outer loop
      vertex -7.39426 -17.5 1.6
      vertex -6.60573 -15.8333 1.6
      vertex -8 -16.9952 1.6
    endloop
  endfacet
  facet normal 0 0 1
    outer loop
      vertex -6.60573 -19.1667 1.6
      vertex -7.39426 -20.8333 1.6
      vertex -6 -19.6714 1.6
    endloop
  endfacet
  facet normal 0 -0 1
    outer loop
      vertex -7.39426 -20.8333 1.6
      vertex -6.60573 -19.1667 1.6
      vertex -8 -20.3285 1.6
    endloop
  endfacet
  facet normal -0 0 1
    outer loop
      vertex -2.78391 -14.865 1.6
      vertex -2.60574 -15.8333 1.6
      vertex -2.5782 -14.8467 1.6
    endloop
  endfacet
  facet normal 0 0 1
    outer loop
      vertex -2.60574 -15.8333 1.6
      vertex -2.78391 -14.865 1.6
      vertex -3.61742 -14.9903 1.6
    endloop
  endfacet
  facet normal 0 0 1
    outer loop
      vertex -2.60574 -19.1667 1.6
      vertex -3.39426 -20.8333 1.6
      vertex -2 -19.6714 1.6
    endloop
  endfacet
  facet normal 0 -0 1
    outer loop
      vertex -3.39426 -20.8333 1.6
      vertex -2.60574 -19.1667 1.6
      vertex -4 -20.3285 1.6
    endloop
  endfacet
  facet normal 0 0 1
    outer loop
      vertex -1.39426 -19.1667 1.6
      vertex -0.605743 -20.8333 1.6
      vertex 0 -20.3286 1.6
    endloop
  endfacet
  facet normal 0 0 1
    outer loop
      vertex -2 -19.6714 1.6
      vertex -1.39426 -19.1667 1.6
      vertex -2 -18.6619 1.6
    endloop
  endfacet
  facet normal 0 0 1
    outer loop
      vertex -1.39426 -19.1667 1.6
      vertex -2 -19.6714 1.6
      vertex -0.605743 -20.8333 1.6
    endloop
  endfacet
  facet normal 0 0 1
    outer loop
      vertex -2 -18.6619 1.6
      vertex -2.60574 -19.1667 1.6
      vertex -2 -19.6714 1.6
    endloop
  endfacet
  facet normal 0 0 1
    outer loop
      vertex -3.39426 -17.5 1.6
      vertex -2.60574 -19.1667 1.6
      vertex -2 -18.6619 1.6
    endloop
  endfacet
  facet normal 0 0 1
    outer loop
      vertex -4 -18.0048 1.6
      vertex -3.39426 -17.5 1.6
      vertex -4 -16.9952 1.6
    endloop
  endfacet
  facet normal 0 0 1
    outer loop
      vertex -3.39426 -17.5 1.6
      vertex -4 -18.0048 1.6
      vertex -2.60574 -19.1667 1.6
    endloop
  endfacet
  facet normal 0 0 1
    outer loop
      vertex -4 -16.9952 1.6
      vertex -4.60574 -17.5 1.6
      vertex -4 -18.0048 1.6
    endloop
  endfacet
  facet normal 0 0 1
    outer loop
      vertex -5.39426 -15.8333 1.6
      vertex -4.60574 -17.5 1.6
      vertex -4 -16.9952 1.6
    endloop
  endfacet
  facet normal 0 0 1
    outer loop
      vertex -5.39426 -15.8333 1.6
      vertex -6 -16.3381 1.6
      vertex -4.60574 -17.5 1.6
    endloop
  endfacet
  facet normal 0 0 1
    outer loop
      vertex -6.60573 -15.8333 1.6
      vertex -5.39426 -15.8333 1.6
      vertex -5.45007 -15.3501 1.6
    endloop
  endfacet
  facet normal 0 0 1
    outer loop
      vertex -5.39426 -15.8333 1.6
      vertex -6.60573 -15.8333 1.6
      vertex -6 -16.3381 1.6
    endloop
  endfacet
  facet normal -0 0 1
    outer loop
      vertex -6.70372 -15.7059 1.6
      vertex -6.60573 -15.8333 1.6
      vertex -5.45007 -15.3501 1.6
    endloop
  endfacet
  facet normal 0 0 1
    outer loop
      vertex -6.60573 -15.8333 1.6
      vertex -6.70372 -15.7059 1.6
      vertex -6.74211 -15.7197 1.6
    endloop
  endfacet
  facet normal 0 0 1
    outer loop
      vertex -0.605743 -17.5 1.6
      vertex -1.39426 -19.1667 1.6
      vertex 0 -18.0048 1.6
    endloop
  endfacet
  facet normal 0 -0 1
    outer loop
      vertex -1.39426 -19.1667 1.6
      vertex -0.605743 -17.5 1.6
      vertex -2 -18.6619 1.6
    endloop
  endfacet
  facet normal 0 0 1
    outer loop
      vertex 1.39426 -15.8333 1.6
      vertex 0.605743 -17.5 1.6
      vertex 2 -16.3381 1.6
    endloop
  endfacet
  facet normal 0 -0 1
    outer loop
      vertex 0.605743 -17.5 1.6
      vertex 1.39426 -15.8333 1.6
      vertex 0 -16.9952 1.6
    endloop
  endfacet
  facet normal 0 0 1
    outer loop
      vertex 1.39426 -19.1667 1.6
      vertex 0.605743 -20.8333 1.6
      vertex 2 -19.6714 1.6
    endloop
  endfacet
  facet normal 0 -0 1
    outer loop
      vertex 0.605743 -20.8333 1.6
      vertex 1.39426 -19.1667 1.6
      vertex 0 -20.3286 1.6
    endloop
  endfacet
  facet normal 0 0 1
    outer loop
      vertex 5.45007 -15.3501 1.6
      vertex 4.59381 -15.1663 1.6
      vertex 5.39426 -15.8333 1.6
    endloop
  endfacet
  facet normal 0 0 1
    outer loop
      vertex 5.39426 -19.1667 1.6
      vertex 4.60573 -20.8333 1.6
      vertex 6 -19.6714 1.6
    endloop
  endfacet
  facet normal 0 -0 1
    outer loop
      vertex 4.60573 -20.8333 1.6
      vertex 5.39426 -19.1667 1.6
      vertex 4 -20.3285 1.6
    endloop
  endfacet
  facet normal 0 0 1
    outer loop
      vertex 6.70372 -15.7059 1.6
      vertex 6.60573 -15.8333 1.6
      vertex 6.74211 -15.7197 1.6
    endloop
  endfacet
  facet normal 0 0 1
    outer loop
      vertex 5.45007 -15.3501 1.6
      vertex 6.60573 -15.8333 1.6
      vertex 6.70372 -15.7059 1.6
    endloop
  endfacet
  facet normal 0 0 1
    outer loop
      vertex 6.60573 -15.8333 1.6
      vertex 5.45007 -15.3501 1.6
      vertex 5.39426 -15.8333 1.6
    endloop
  endfacet
  facet normal 0 0 1
    outer loop
      vertex 6.60573 -15.8333 1.6
      vertex 5.39426 -15.8333 1.6
      vertex 6 -16.3381 1.6
    endloop
  endfacet
  facet normal 0 0 1
    outer loop
      vertex 5.39426 -15.8333 1.6
      vertex 4.60574 -17.5 1.6
      vertex 6 -16.3381 1.6
    endloop
  endfacet
  facet normal 0 -0 1
    outer loop
      vertex 4.60574 -17.5 1.6
      vertex 5.39426 -15.8333 1.6
      vertex 4 -16.9952 1.6
    endloop
  endfacet
  facet normal 0 0 1
    outer loop
      vertex 6.60573 -19.1667 1.6
      vertex 7.39426 -20.8333 1.6
      vertex 8 -20.3285 1.6
    endloop
  endfacet
  facet normal 0 0 1
    outer loop
      vertex 6 -19.6714 1.6
      vertex 6.60573 -19.1667 1.6
      vertex 6 -18.6619 1.6
    endloop
  endfacet
  facet normal 0 0 1
    outer loop
      vertex 6.60573 -19.1667 1.6
      vertex 6 -19.6714 1.6
      vertex 7.39426 -20.8333 1.6
    endloop
  endfacet
  facet normal 0 0 1
    outer loop
      vertex 6 -18.6619 1.6
      vertex 5.39426 -19.1667 1.6
      vertex 6 -19.6714 1.6
    endloop
  endfacet
  facet normal 0 0 1
    outer loop
      vertex 4.60574 -17.5 1.6
      vertex 5.39426 -19.1667 1.6
      vertex 6 -18.6619 1.6
    endloop
  endfacet
  facet normal 0 0 1
    outer loop
      vertex 4 -18.0048 1.6
      vertex 4.60574 -17.5 1.6
      vertex 4 -16.9952 1.6
    endloop
  endfacet
  facet normal 0 0 1
    outer loop
      vertex 4.60574 -17.5 1.6
      vertex 4 -18.0048 1.6
      vertex 5.39426 -19.1667 1.6
    endloop
  endfacet
  facet normal 0 0 1
    outer loop
      vertex 4 -16.9952 1.6
      vertex 3.39426 -17.5 1.6
      vertex 4 -18.0048 1.6
    endloop
  endfacet
  facet normal 0 0 1
    outer loop
      vertex 2.60574 -15.8333 1.6
      vertex 3.39426 -17.5 1.6
      vertex 4 -16.9952 1.6
    endloop
  endfacet
  facet normal -0 0 1
    outer loop
      vertex 2 -15.3285 1.6
      vertex 2.60574 -15.8333 1.6
      vertex 2.5782 -14.8467 1.6
    endloop
  endfacet
  facet normal 0 0 1
    outer loop
      vertex 2 -16.3381 1.6
      vertex 2.60574 -15.8333 1.6
      vertex 2 -15.3285 1.6
    endloop
  endfacet
  facet normal 0 0 1
    outer loop
      vertex 2.60574 -15.8333 1.6
      vertex 2 -16.3381 1.6
      vertex 3.39426 -17.5 1.6
    endloop
  endfacet
  facet normal 0 0 1
    outer loop
      vertex 2 -15.3285 1.6
      vertex 1.39426 -15.8333 1.6
      vertex 2 -16.3381 1.6
    endloop
  endfacet
  facet normal 0 0 1
    outer loop
      vertex 1.28352 -14.7315 1.6
      vertex 1.39426 -15.8333 1.6
      vertex 2 -15.3285 1.6
    endloop
  endfacet
  facet normal 0 0 1
    outer loop
      vertex 0.300003 -14.6439 1.6
      vertex 1.39426 -15.8333 1.6
      vertex 1.28352 -14.7315 1.6
    endloop
  endfacet
  facet normal 0 0 1
    outer loop
      vertex 0.300003 -13.5 1.6
      vertex 0 -13.6619 1.6
      vertex 0.300003 -14.6439 1.6
    endloop
  endfacet
  facet normal 0 0 1
    outer loop
      vertex 0.300003 -14.6439 1.6
      vertex 0 -14.6714 1.6
      vertex 1.39426 -15.8333 1.6
    endloop
  endfacet
  facet normal 0 0 1
    outer loop
      vertex 0 -13.6619 1.6
      vertex 0 -14.6714 1.6
      vertex 0.300003 -14.6439 1.6
    endloop
  endfacet
  facet normal -0 0 1
    outer loop
      vertex -0.300003 -13.5 1.6
      vertex 0 -13.6619 1.6
      vertex -0.194244 -13.5 1.6
    endloop
  endfacet
  facet normal 0 0 1
    outer loop
      vertex 0 -13.6619 1.6
      vertex -0.300003 -13.5 1.6
      vertex -0.300003 -14.6439 1.6
    endloop
  endfacet
  facet normal 0 0 1
    outer loop
      vertex 0 -13.6619 1.6
      vertex -0.300003 -14.6439 1.6
      vertex 0 -14.6714 1.6
    endloop
  endfacet
  facet normal 0 0 1
    outer loop
      vertex -1.39426 -15.8333 1.6
      vertex -0.300003 -14.6439 1.6
      vertex -1.28352 -14.7315 1.6
    endloop
  endfacet
  facet normal 0 0 1
    outer loop
      vertex -0.300003 -14.6439 1.6
      vertex -1.39426 -15.8333 1.6
      vertex 0 -14.6714 1.6
    endloop
  endfacet
  facet normal 0 -0 1
    outer loop
      vertex -1.39426 -15.8333 1.6
      vertex -1.28352 -14.7315 1.6
      vertex -2 -15.3285 1.6
    endloop
  endfacet
  facet normal 0 0 1
    outer loop
      vertex 7.39426 -17.5 1.6
      vertex 6.60573 -19.1667 1.6
      vertex 8 -18.0048 1.6
    endloop
  endfacet
  facet normal 0 -0 1
    outer loop
      vertex 6.60573 -19.1667 1.6
      vertex 7.39426 -17.5 1.6
      vertex 6 -18.6619 1.6
    endloop
  endfacet
  facet normal 0 0 1
    outer loop
      vertex -0.449997 -27.5 1.6
      vertex 0.449997 -27.5 1.6
      vertex 0.364044 -27.2355 1.6
    endloop
  endfacet
  facet normal 0 0 1
    outer loop
      vertex 0.449997 -27.5 1.6
      vertex -0.449997 -27.5 1.6
      vertex 0.449997 -47.5 1.6
    endloop
  endfacet
  facet normal 0 0 1
    outer loop
      vertex -0.449997 -27.5 1.6
      vertex 0.364044 -27.2355 1.6
      vertex 0.139053 -27.072 1.6
    endloop
  endfacet
  facet normal 0 0 1
    outer loop
      vertex -0.449997 -47.5 1.6
      vertex 0.449997 -47.5 1.6
      vertex -0.449997 -27.5 1.6
    endloop
  endfacet
  facet normal 0 0 1
    outer loop
      vertex -0.449997 -27.5 1.6
      vertex 0.139053 -27.072 1.6
      vertex -0.139053 -27.072 1.6
    endloop
  endfacet
  facet normal 0 0 1
    outer loop
      vertex 0.449997 -47.5 1.6
      vertex -0.449997 -47.5 1.6
      vertex 0.364044 -47.7645 1.6
    endloop
  endfacet
  facet normal 0 0 1
    outer loop
      vertex -0.449997 -27.5 1.6
      vertex -0.139053 -27.072 1.6
      vertex -0.364044 -27.2355 1.6
    endloop
  endfacet
  facet normal 0 0 1
    outer loop
      vertex 0.364044 -47.7645 1.6
      vertex -0.449997 -47.5 1.6
      vertex 0.139053 -47.928 1.6
    endloop
  endfacet
  facet normal 0 0 1
    outer loop
      vertex 0.139053 -47.928 1.6
      vertex -0.449997 -47.5 1.6
      vertex -0.139053 -47.928 1.6
    endloop
  endfacet
  facet normal 0 0 1
    outer loop
      vertex -0.139053 -47.928 1.6
      vertex -0.449997 -47.5 1.6
      vertex -0.364044 -47.7645 1.6
    endloop
  endfacet
  facet normal 0 0 1
    outer loop
      vertex -0.640503 -21.8719 1.6
      vertex -3.23715 -23.1 1.6
      vertex -1.15424 -22.3 1.6
    endloop
  endfacet
  facet normal 0 0 1
    outer loop
      vertex 3.23715 -23.1 1.6
      vertex 0.640503 -21.8719 1.6
      vertex 1.15424 -22.3 1.6
    endloop
  endfacet
  facet normal -0 0 1
    outer loop
      vertex -1.15424 -22.3 1.6
      vertex 3.23715 -23.1 1.6
      vertex 1.15424 -22.3 1.6
    endloop
  endfacet
  facet normal 0 0 1
    outer loop
      vertex 3.23715 -23.1 1.6
      vertex -1.15424 -22.3 1.6
      vertex -3.23715 -23.1 1.6
    endloop
  endfacet
  facet normal -0.640184 0.768221 0
    outer loop
      vertex 13.2171 -20.3238 1.6
      vertex 12.6057 -20.8333 2.4
      vertex 13.2171 -20.3238 2.4
    endloop
  endfacet
  facet normal -0.640184 0.768221 0
    outer loop
      vertex 12.6057 -20.8333 2.4
      vertex 13.2171 -20.3238 1.6
      vertex 12.6057 -20.8333 1.6
    endloop
  endfacet
  facet normal -0.858937 -0.512081 0
    outer loop
      vertex 13.2171 -20.3238 1.6
      vertex 12.8675 -19.7374 2.4
      vertex 12.8675 -19.7374 1.6
    endloop
  endfacet
  facet normal -0.858937 -0.512081 0
    outer loop
      vertex 12.8675 -19.7374 2.4
      vertex 13.2171 -20.3238 1.6
      vertex 13.2171 -20.3238 2.4
    endloop
  endfacet
  facet normal -0.785186 -0.61926 0
    outer loop
      vertex 12.8675 -19.7374 1.6
      vertex 12.8048 -19.6579 2.4
      vertex 12.8048 -19.6579 1.6
    endloop
  endfacet
  facet normal -0.785186 -0.61926 0
    outer loop
      vertex 12.8048 -19.6579 2.4
      vertex 12.8675 -19.7374 1.6
      vertex 12.8675 -19.7374 2.4
    endloop
  endfacet
  facet normal 0.640147 -0.768253 0
    outer loop
      vertex 12 -20.3285 1.6
      vertex 12.8048 -19.6579 2.4
      vertex 12 -20.3285 2.4
    endloop
  endfacet
  facet normal 0.640147 -0.768253 0
    outer loop
      vertex 12.8048 -19.6579 2.4
      vertex 12 -20.3285 1.6
      vertex 12.8048 -19.6579 1.6
    endloop
  endfacet
  facet normal -0.640146 -0.768253 0
    outer loop
      vertex 10.6057 -19.1667 1.6
      vertex 12 -20.3285 2.4
      vertex 10.6057 -19.1667 2.4
    endloop
  endfacet
  facet normal -0.640146 -0.768253 -0
    outer loop
      vertex 12 -20.3285 2.4
      vertex 10.6057 -19.1667 1.6
      vertex 12 -20.3285 1.6
    endloop
  endfacet
  facet normal -0.6402 0.768209 0
    outer loop
      vertex 11.6001 -18.338 1.6
      vertex 10.6057 -19.1667 2.4
      vertex 11.6001 -18.338 2.4
    endloop
  endfacet
  facet normal -0.6402 0.768209 0
    outer loop
      vertex 10.6057 -19.1667 2.4
      vertex 11.6001 -18.338 1.6
      vertex 10.6057 -19.1667 1.6
    endloop
  endfacet
  facet normal -0.628958 -0.777439 0
    outer loop
      vertex 10.9854 -17.8407 1.6
      vertex 11.6001 -18.338 2.4
      vertex 10.9854 -17.8407 2.4
    endloop
  endfacet
  facet normal -0.628958 -0.777439 -0
    outer loop
      vertex 11.6001 -18.338 2.4
      vertex 10.9854 -17.8407 1.6
      vertex 11.6001 -18.338 1.6
    endloop
  endfacet
  facet normal 0.6402 -0.768208 0
    outer loop
      vertex 10 -18.6619 1.6
      vertex 10.9854 -17.8407 2.4
      vertex 10 -18.6619 2.4
    endloop
  endfacet
  facet normal 0.6402 -0.768208 0
    outer loop
      vertex 10.9854 -17.8407 2.4
      vertex 10 -18.6619 1.6
      vertex 10.9854 -17.8407 1.6
    endloop
  endfacet
  facet normal -0.640187 -0.768219 0
    outer loop
      vertex 8.60573 -17.5 1.6
      vertex 10 -18.6619 2.4
      vertex 8.60573 -17.5 2.4
    endloop
  endfacet
  facet normal -0.640187 -0.768219 -0
    outer loop
      vertex 10 -18.6619 2.4
      vertex 8.60573 -17.5 1.6
      vertex 10 -18.6619 1.6
    endloop
  endfacet
  facet normal -0.640175 0.768229 0
    outer loop
      vertex 9.39439 -16.8428 1.6
      vertex 8.60573 -17.5 2.4
      vertex 9.39439 -16.8428 2.4
    endloop
  endfacet
  facet normal -0.640175 0.768229 0
    outer loop
      vertex 8.60573 -17.5 2.4
      vertex 9.39439 -16.8428 1.6
      vertex 8.60573 -17.5 1.6
    endloop
  endfacet
  facet normal -0.477761 -0.87849 0
    outer loop
      vertex 8.98453 -16.6199 1.6
      vertex 9.39439 -16.8428 2.4
      vertex 8.98453 -16.6199 2.4
    endloop
  endfacet
  facet normal -0.477761 -0.87849 -0
    outer loop
      vertex 9.39439 -16.8428 2.4
      vertex 8.98453 -16.6199 1.6
      vertex 9.39439 -16.8428 1.6
    endloop
  endfacet
  facet normal -0.406445 -0.913675 0
    outer loop
      vertex 8.63632 -16.465 1.6
      vertex 8.98453 -16.6199 2.4
      vertex 8.63632 -16.465 2.4
    endloop
  endfacet
  facet normal -0.406445 -0.913675 -0
    outer loop
      vertex 8.98453 -16.6199 2.4
      vertex 8.63632 -16.465 1.6
      vertex 8.98453 -16.6199 1.6
    endloop
  endfacet
  facet normal 0.640137 -0.768261 0
    outer loop
      vertex 8 -16.9952 1.6
      vertex 8.63632 -16.465 2.4
      vertex 8 -16.9952 2.4
    endloop
  endfacet
  facet normal 0.640137 -0.768261 0
    outer loop
      vertex 8.63632 -16.465 2.4
      vertex 8 -16.9952 1.6
      vertex 8.63632 -16.465 1.6
    endloop
  endfacet
  facet normal -0.640187 -0.768219 0
    outer loop
      vertex 6.60573 -15.8333 1.6
      vertex 8 -16.9952 2.4
      vertex 6.60573 -15.8333 2.4
    endloop
  endfacet
  facet normal -0.640187 -0.768219 -0
    outer loop
      vertex 8 -16.9952 2.4
      vertex 6.60573 -15.8333 1.6
      vertex 8 -16.9952 1.6
    endloop
  endfacet
  facet normal -0.640018 0.76836 0
    outer loop
      vertex 6.74211 -15.7197 1.6
      vertex 6.60573 -15.8333 2.4
      vertex 6.74211 -15.7197 2.4
    endloop
  endfacet
  facet normal -0.640018 0.76836 0
    outer loop
      vertex 6.60573 -15.8333 2.4
      vertex 6.74211 -15.7197 1.6
      vertex 6.60573 -15.8333 1.6
    endloop
  endfacet
  facet normal -0.338277 -0.941047 0
    outer loop
      vertex 6.70372 -15.7059 1.6
      vertex 6.74211 -15.7197 2.4
      vertex 6.70372 -15.7059 2.4
    endloop
  endfacet
  facet normal -0.338277 -0.941047 -0
    outer loop
      vertex 6.74211 -15.7197 2.4
      vertex 6.70372 -15.7059 1.6
      vertex 6.74211 -15.7197 1.6
    endloop
  endfacet
  facet normal -0.273028 -0.962006 0
    outer loop
      vertex 5.45007 -15.3501 1.6
      vertex 6.70372 -15.7059 2.4
      vertex 5.45007 -15.3501 2.4
    endloop
  endfacet
  facet normal -0.273028 -0.962006 -0
    outer loop
      vertex 6.70372 -15.7059 2.4
      vertex 5.45007 -15.3501 1.6
      vertex 6.70372 -15.7059 1.6
    endloop
  endfacet
  facet normal -0.209874 -0.977728 0
    outer loop
      vertex 4.59381 -15.1663 1.6
      vertex 5.45007 -15.3501 2.4
      vertex 4.59381 -15.1663 2.4
    endloop
  endfacet
  facet normal -0.209874 -0.977728 -0
    outer loop
      vertex 5.45007 -15.3501 2.4
      vertex 4.59381 -15.1663 1.6
      vertex 5.45007 -15.3501 1.6
    endloop
  endfacet
  facet normal 0.640161 0.768241 -0
    outer loop
      vertex 5.39426 -15.8333 1.6
      vertex 4.59381 -15.1663 2.4
      vertex 5.39426 -15.8333 2.4
    endloop
  endfacet
  facet normal 0.640161 0.768241 0
    outer loop
      vertex 4.59381 -15.1663 2.4
      vertex 5.39426 -15.8333 1.6
      vertex 4.59381 -15.1663 1.6
    endloop
  endfacet
  facet normal 0.64019 -0.768217 0
    outer loop
      vertex 4 -16.9952 1.6
      vertex 5.39426 -15.8333 2.4
      vertex 4 -16.9952 2.4
    endloop
  endfacet
  facet normal 0.64019 -0.768217 0
    outer loop
      vertex 5.39426 -15.8333 2.4
      vertex 4 -16.9952 1.6
      vertex 5.39426 -15.8333 1.6
    endloop
  endfacet
  facet normal -0.64019 -0.768217 0
    outer loop
      vertex 2.60574 -15.8333 1.6
      vertex 4 -16.9952 2.4
      vertex 2.60574 -15.8333 2.4
    endloop
  endfacet
  facet normal -0.64019 -0.768217 -0
    outer loop
      vertex 4 -16.9952 2.4
      vertex 2.60574 -15.8333 1.6
      vertex 4 -16.9952 1.6
    endloop
  endfacet
  facet normal -0.640155 0.768246 0
    outer loop
      vertex 3.61742 -14.9903 1.6
      vertex 2.60574 -15.8333 2.4
      vertex 3.61742 -14.9903 2.4
    endloop
  endfacet
  facet normal -0.640155 0.768246 0
    outer loop
      vertex 2.60574 -15.8333 2.4
      vertex 3.61742 -14.9903 1.6
      vertex 2.60574 -15.8333 1.6
    endloop
  endfacet
  facet normal -0.148658 -0.988889 0
    outer loop
      vertex 2.78391 -14.865 1.6
      vertex 3.61742 -14.9903 2.4
      vertex 2.78391 -14.865 2.4
    endloop
  endfacet
  facet normal -0.148658 -0.988889 -0
    outer loop
      vertex 3.61742 -14.9903 2.4
      vertex 2.78391 -14.865 1.6
      vertex 3.61742 -14.9903 1.6
    endloop
  endfacet
  facet normal -0.0886103 -0.996066 0
    outer loop
      vertex 2.5782 -14.8467 1.6
      vertex 2.78391 -14.865 2.4
      vertex 2.5782 -14.8467 2.4
    endloop
  endfacet
  facet normal -0.0886103 -0.996066 -0
    outer loop
      vertex 2.78391 -14.865 2.4
      vertex 2.5782 -14.8467 1.6
      vertex 2.78391 -14.865 1.6
    endloop
  endfacet
  facet normal 0.640158 -0.768243 0
    outer loop
      vertex 2 -15.3285 1.6
      vertex 2.5782 -14.8467 2.4
      vertex 2 -15.3285 2.4
    endloop
  endfacet
  facet normal 0.640158 -0.768243 0
    outer loop
      vertex 2.5782 -14.8467 2.4
      vertex 2 -15.3285 1.6
      vertex 2.5782 -14.8467 1.6
    endloop
  endfacet
  facet normal -0.640142 -0.768256 0
    outer loop
      vertex 1.28352 -14.7315 1.6
      vertex 2 -15.3285 2.4
      vertex 1.28352 -14.7315 2.4
    endloop
  endfacet
  facet normal -0.640142 -0.768256 -0
    outer loop
      vertex 2 -15.3285 2.4
      vertex 1.28352 -14.7315 1.6
      vertex 2 -15.3285 1.6
    endloop
  endfacet
  facet normal -0.0887169 -0.996057 0
    outer loop
      vertex 0.300003 -14.6439 1.6
      vertex 1.28352 -14.7315 2.4
      vertex 0.300003 -14.6439 2.4
    endloop
  endfacet
  facet normal -0.0887169 -0.996057 -0
    outer loop
      vertex 1.28352 -14.7315 2.4
      vertex 0.300003 -14.6439 1.6
      vertex 1.28352 -14.7315 1.6
    endloop
  endfacet
  facet normal -1 0 0
    outer loop
      vertex 0.300003 -14.6439 1.6
      vertex 0.300003 -13.5 2.4
      vertex 0.300003 -13.5 1.6
    endloop
  endfacet
  facet normal -1 -0 0
    outer loop
      vertex 0.300003 -13.5 2.4
      vertex 0.300003 -14.6439 1.6
      vertex 0.300003 -14.6439 2.4
    endloop
  endfacet
  facet normal 0 -1 0
    outer loop
      vertex 0.194244 -13.5 1.6
      vertex 0.300003 -13.5 2.4
      vertex 0.194244 -13.5 2.4
    endloop
  endfacet
  facet normal 0 -1 -0
    outer loop
      vertex 0.300003 -13.5 2.4
      vertex 0.194244 -13.5 1.6
      vertex 0.300003 -13.5 1.6
    endloop
  endfacet
  facet normal 0.640254 -0.768163 0
    outer loop
      vertex 0 -13.6619 1.6
      vertex 0.194244 -13.5 2.4
      vertex 0 -13.6619 2.4
    endloop
  endfacet
  facet normal 0.640254 -0.768163 0
    outer loop
      vertex 0.194244 -13.5 2.4
      vertex 0 -13.6619 1.6
      vertex 0.194244 -13.5 1.6
    endloop
  endfacet
  facet normal -0.640254 -0.768163 0
    outer loop
      vertex -0.194244 -13.5 1.6
      vertex 0 -13.6619 2.4
      vertex -0.194244 -13.5 2.4
    endloop
  endfacet
  facet normal -0.640254 -0.768163 -0
    outer loop
      vertex 0 -13.6619 2.4
      vertex -0.194244 -13.5 1.6
      vertex 0 -13.6619 1.6
    endloop
  endfacet
  facet normal 0 -1 0
    outer loop
      vertex -0.300003 -13.5 1.6
      vertex -0.194244 -13.5 2.4
      vertex -0.300003 -13.5 2.4
    endloop
  endfacet
  facet normal 0 -1 -0
    outer loop
      vertex -0.194244 -13.5 2.4
      vertex -0.300003 -13.5 1.6
      vertex -0.194244 -13.5 1.6
    endloop
  endfacet
  facet normal 1 -0 0
    outer loop
      vertex -0.300003 -14.6439 2.4
      vertex -0.300003 -13.5 1.6
      vertex -0.300003 -13.5 2.4
    endloop
  endfacet
  facet normal 1 0 0
    outer loop
      vertex -0.300003 -13.5 1.6
      vertex -0.300003 -14.6439 2.4
      vertex -0.300003 -14.6439 1.6
    endloop
  endfacet
  facet normal 0.0887169 -0.996057 0
    outer loop
      vertex -1.28352 -14.7315 1.6
      vertex -0.300003 -14.6439 2.4
      vertex -1.28352 -14.7315 2.4
    endloop
  endfacet
  facet normal 0.0887169 -0.996057 0
    outer loop
      vertex -0.300003 -14.6439 2.4
      vertex -1.28352 -14.7315 1.6
      vertex -0.300003 -14.6439 1.6
    endloop
  endfacet
  facet normal 0.640142 -0.768256 0
    outer loop
      vertex -2 -15.3285 1.6
      vertex -1.28352 -14.7315 2.4
      vertex -2 -15.3285 2.4
    endloop
  endfacet
  facet normal 0.640142 -0.768256 0
    outer loop
      vertex -1.28352 -14.7315 2.4
      vertex -2 -15.3285 1.6
      vertex -1.28352 -14.7315 1.6
    endloop
  endfacet
  facet normal -0.640158 -0.768243 0
    outer loop
      vertex -2.5782 -14.8467 1.6
      vertex -2 -15.3285 2.4
      vertex -2.5782 -14.8467 2.4
    endloop
  endfacet
  facet normal -0.640158 -0.768243 -0
    outer loop
      vertex -2 -15.3285 2.4
      vertex -2.5782 -14.8467 1.6
      vertex -2 -15.3285 1.6
    endloop
  endfacet
  facet normal 0.0886103 -0.996066 0
    outer loop
      vertex -2.78391 -14.865 1.6
      vertex -2.5782 -14.8467 2.4
      vertex -2.78391 -14.865 2.4
    endloop
  endfacet
  facet normal 0.0886103 -0.996066 0
    outer loop
      vertex -2.5782 -14.8467 2.4
      vertex -2.78391 -14.865 1.6
      vertex -2.5782 -14.8467 1.6
    endloop
  endfacet
  facet normal 0.148658 -0.988889 0
    outer loop
      vertex -3.61742 -14.9903 1.6
      vertex -2.78391 -14.865 2.4
      vertex -3.61742 -14.9903 2.4
    endloop
  endfacet
  facet normal 0.148658 -0.988889 0
    outer loop
      vertex -2.78391 -14.865 2.4
      vertex -3.61742 -14.9903 1.6
      vertex -2.78391 -14.865 1.6
    endloop
  endfacet
  facet normal 0.640155 0.768246 -0
    outer loop
      vertex -2.60574 -15.8333 1.6
      vertex -3.61742 -14.9903 2.4
      vertex -2.60574 -15.8333 2.4
    endloop
  endfacet
  facet normal 0.640155 0.768246 0
    outer loop
      vertex -3.61742 -14.9903 2.4
      vertex -2.60574 -15.8333 1.6
      vertex -3.61742 -14.9903 1.6
    endloop
  endfacet
  facet normal 0.64019 -0.768217 0
    outer loop
      vertex -4 -16.9952 1.6
      vertex -2.60574 -15.8333 2.4
      vertex -4 -16.9952 2.4
    endloop
  endfacet
  facet normal 0.64019 -0.768217 0
    outer loop
      vertex -2.60574 -15.8333 2.4
      vertex -4 -16.9952 1.6
      vertex -2.60574 -15.8333 1.6
    endloop
  endfacet
  facet normal -0.64019 -0.768217 0
    outer loop
      vertex -5.39426 -15.8333 1.6
      vertex -4 -16.9952 2.4
      vertex -5.39426 -15.8333 2.4
    endloop
  endfacet
  facet normal -0.64019 -0.768217 -0
    outer loop
      vertex -4 -16.9952 2.4
      vertex -5.39426 -15.8333 1.6
      vertex -4 -16.9952 1.6
    endloop
  endfacet
  facet normal -0.640161 0.768241 0
    outer loop
      vertex -4.59381 -15.1663 1.6
      vertex -5.39426 -15.8333 2.4
      vertex -4.59381 -15.1663 2.4
    endloop
  endfacet
  facet normal -0.640161 0.768241 0
    outer loop
      vertex -5.39426 -15.8333 2.4
      vertex -4.59381 -15.1663 1.6
      vertex -5.39426 -15.8333 1.6
    endloop
  endfacet
  facet normal 0.209874 -0.977728 0
    outer loop
      vertex -5.45007 -15.3501 1.6
      vertex -4.59381 -15.1663 2.4
      vertex -5.45007 -15.3501 2.4
    endloop
  endfacet
  facet normal 0.209874 -0.977728 0
    outer loop
      vertex -4.59381 -15.1663 2.4
      vertex -5.45007 -15.3501 1.6
      vertex -4.59381 -15.1663 1.6
    endloop
  endfacet
  facet normal 0.273028 -0.962006 0
    outer loop
      vertex -6.70372 -15.7059 1.6
      vertex -5.45007 -15.3501 2.4
      vertex -6.70372 -15.7059 2.4
    endloop
  endfacet
  facet normal 0.273028 -0.962006 0
    outer loop
      vertex -5.45007 -15.3501 2.4
      vertex -6.70372 -15.7059 1.6
      vertex -5.45007 -15.3501 1.6
    endloop
  endfacet
  facet normal 0.338277 -0.941047 0
    outer loop
      vertex -6.74211 -15.7197 1.6
      vertex -6.70372 -15.7059 2.4
      vertex -6.74211 -15.7197 2.4
    endloop
  endfacet
  facet normal 0.338277 -0.941047 0
    outer loop
      vertex -6.70372 -15.7059 2.4
      vertex -6.74211 -15.7197 1.6
      vertex -6.70372 -15.7059 1.6
    endloop
  endfacet
  facet normal 0.640018 0.76836 -0
    outer loop
      vertex -6.60573 -15.8333 1.6
      vertex -6.74211 -15.7197 2.4
      vertex -6.60573 -15.8333 2.4
    endloop
  endfacet
  facet normal 0.640018 0.76836 0
    outer loop
      vertex -6.74211 -15.7197 2.4
      vertex -6.60573 -15.8333 1.6
      vertex -6.74211 -15.7197 1.6
    endloop
  endfacet
  facet normal 0.640187 -0.768219 0
    outer loop
      vertex -8 -16.9952 1.6
      vertex -6.60573 -15.8333 2.4
      vertex -8 -16.9952 2.4
    endloop
  endfacet
  facet normal 0.640187 -0.768219 0
    outer loop
      vertex -6.60573 -15.8333 2.4
      vertex -8 -16.9952 1.6
      vertex -6.60573 -15.8333 1.6
    endloop
  endfacet
  facet normal -0.640137 -0.768261 0
    outer loop
      vertex -8.63632 -16.465 1.6
      vertex -8 -16.9952 2.4
      vertex -8.63632 -16.465 2.4
    endloop
  endfacet
  facet normal -0.640137 -0.768261 -0
    outer loop
      vertex -8 -16.9952 2.4
      vertex -8.63632 -16.465 1.6
      vertex -8 -16.9952 1.6
    endloop
  endfacet
  facet normal 0.406445 -0.913675 0
    outer loop
      vertex -8.98453 -16.6199 1.6
      vertex -8.63632 -16.465 2.4
      vertex -8.98453 -16.6199 2.4
    endloop
  endfacet
  facet normal 0.406445 -0.913675 0
    outer loop
      vertex -8.63632 -16.465 2.4
      vertex -8.98453 -16.6199 1.6
      vertex -8.63632 -16.465 1.6
    endloop
  endfacet
  facet normal 0.477761 -0.87849 0
    outer loop
      vertex -9.39439 -16.8428 1.6
      vertex -8.98453 -16.6199 2.4
      vertex -9.39439 -16.8428 2.4
    endloop
  endfacet
  facet normal 0.477761 -0.87849 0
    outer loop
      vertex -8.98453 -16.6199 2.4
      vertex -9.39439 -16.8428 1.6
      vertex -8.98453 -16.6199 1.6
    endloop
  endfacet
  facet normal 0.640175 0.768229 -0
    outer loop
      vertex -8.60573 -17.5 1.6
      vertex -9.39439 -16.8428 2.4
      vertex -8.60573 -17.5 2.4
    endloop
  endfacet
  facet normal 0.640175 0.768229 0
    outer loop
      vertex -9.39439 -16.8428 2.4
      vertex -8.60573 -17.5 1.6
      vertex -9.39439 -16.8428 1.6
    endloop
  endfacet
  facet normal 0.640187 -0.768219 0
    outer loop
      vertex -10 -18.6619 1.6
      vertex -8.60573 -17.5 2.4
      vertex -10 -18.6619 2.4
    endloop
  endfacet
  facet normal 0.640187 -0.768219 0
    outer loop
      vertex -8.60573 -17.5 2.4
      vertex -10 -18.6619 1.6
      vertex -8.60573 -17.5 1.6
    endloop
  endfacet
  facet normal -0.6402 -0.768208 0
    outer loop
      vertex -10.9854 -17.8407 1.6
      vertex -10 -18.6619 2.4
      vertex -10.9854 -17.8407 2.4
    endloop
  endfacet
  facet normal -0.6402 -0.768208 -0
    outer loop
      vertex -10 -18.6619 2.4
      vertex -10.9854 -17.8407 1.6
      vertex -10 -18.6619 1.6
    endloop
  endfacet
  facet normal 0.628958 -0.777439 0
    outer loop
      vertex -11.6001 -18.338 1.6
      vertex -10.9854 -17.8407 2.4
      vertex -11.6001 -18.338 2.4
    endloop
  endfacet
  facet normal 0.628958 -0.777439 0
    outer loop
      vertex -10.9854 -17.8407 2.4
      vertex -11.6001 -18.338 1.6
      vertex -10.9854 -17.8407 1.6
    endloop
  endfacet
  facet normal 0.6402 0.768209 -0
    outer loop
      vertex -10.6057 -19.1667 1.6
      vertex -11.6001 -18.338 2.4
      vertex -10.6057 -19.1667 2.4
    endloop
  endfacet
  facet normal 0.6402 0.768209 0
    outer loop
      vertex -11.6001 -18.338 2.4
      vertex -10.6057 -19.1667 1.6
      vertex -11.6001 -18.338 1.6
    endloop
  endfacet
  facet normal 0.640146 -0.768253 0
    outer loop
      vertex -12 -20.3285 1.6
      vertex -10.6057 -19.1667 2.4
      vertex -12 -20.3285 2.4
    endloop
  endfacet
  facet normal 0.640146 -0.768253 0
    outer loop
      vertex -10.6057 -19.1667 2.4
      vertex -12 -20.3285 1.6
      vertex -10.6057 -19.1667 1.6
    endloop
  endfacet
  facet normal -0.640147 -0.768253 0
    outer loop
      vertex -12.8048 -19.6579 1.6
      vertex -12 -20.3285 2.4
      vertex -12.8048 -19.6579 2.4
    endloop
  endfacet
  facet normal -0.640147 -0.768253 -0
    outer loop
      vertex -12 -20.3285 2.4
      vertex -12.8048 -19.6579 1.6
      vertex -12 -20.3285 1.6
    endloop
  endfacet
  facet normal 0.785186 -0.61926 0
    outer loop
      vertex -12.8675 -19.7374 2.4
      vertex -12.8048 -19.6579 1.6
      vertex -12.8048 -19.6579 2.4
    endloop
  endfacet
  facet normal 0.785186 -0.61926 0
    outer loop
      vertex -12.8048 -19.6579 1.6
      vertex -12.8675 -19.7374 2.4
      vertex -12.8675 -19.7374 1.6
    endloop
  endfacet
  facet normal 0.858937 -0.512081 0
    outer loop
      vertex -13.2171 -20.3238 2.4
      vertex -12.8675 -19.7374 1.6
      vertex -12.8675 -19.7374 2.4
    endloop
  endfacet
  facet normal 0.858937 -0.512081 0
    outer loop
      vertex -12.8675 -19.7374 1.6
      vertex -13.2171 -20.3238 2.4
      vertex -13.2171 -20.3238 1.6
    endloop
  endfacet
  facet normal 0.640184 0.768221 -0
    outer loop
      vertex -12.6057 -20.8333 1.6
      vertex -13.2171 -20.3238 2.4
      vertex -12.6057 -20.8333 2.4
    endloop
  endfacet
  facet normal 0.640184 0.768221 0
    outer loop
      vertex -13.2171 -20.3238 2.4
      vertex -12.6057 -20.8333 1.6
      vertex -13.2171 -20.3238 1.6
    endloop
  endfacet
  facet normal 0.640211 -0.768199 0
    outer loop
      vertex -13.1657 -21.3 1.6
      vertex -12.6057 -20.8333 2.4
      vertex -13.1657 -21.3 2.4
    endloop
  endfacet
  facet normal 0.640211 -0.768199 0
    outer loop
      vertex -12.6057 -20.8333 2.4
      vertex -13.1657 -21.3 1.6
      vertex -12.6057 -20.8333 1.6
    endloop
  endfacet
  facet normal 0 1 -0
    outer loop
      vertex -10.8342 -21.3 1.6
      vertex -13.1657 -21.3 2.4
      vertex -10.8342 -21.3 2.4
    endloop
  endfacet
  facet normal 0 1 0
    outer loop
      vertex -13.1657 -21.3 2.4
      vertex -10.8342 -21.3 1.6
      vertex -13.1657 -21.3 1.6
    endloop
  endfacet
  facet normal -0.640144 -0.768255 0
    outer loop
      vertex -11.3943 -20.8333 1.6
      vertex -10.8342 -21.3 2.4
      vertex -11.3943 -20.8333 2.4
    endloop
  endfacet
  facet normal -0.640144 -0.768255 -0
    outer loop
      vertex -10.8342 -21.3 2.4
      vertex -11.3943 -20.8333 1.6
      vertex -10.8342 -21.3 1.6
    endloop
  endfacet
  facet normal -0.640179 0.768226 0
    outer loop
      vertex -10 -19.6714 1.6
      vertex -11.3943 -20.8333 2.4
      vertex -10 -19.6714 2.4
    endloop
  endfacet
  facet normal -0.640179 0.768226 0
    outer loop
      vertex -11.3943 -20.8333 2.4
      vertex -10 -19.6714 1.6
      vertex -11.3943 -20.8333 1.6
    endloop
  endfacet
  facet normal 0.640187 0.768219 -0
    outer loop
      vertex -8.60573 -20.8333 1.6
      vertex -10 -19.6714 2.4
      vertex -8.60573 -20.8333 2.4
    endloop
  endfacet
  facet normal 0.640187 0.768219 0
    outer loop
      vertex -10 -19.6714 2.4
      vertex -8.60573 -20.8333 1.6
      vertex -10 -19.6714 1.6
    endloop
  endfacet
  facet normal 0.640205 -0.768204 0
    outer loop
      vertex -9.16574 -21.3 1.6
      vertex -8.60573 -20.8333 2.4
      vertex -9.16574 -21.3 2.4
    endloop
  endfacet
  facet normal 0.640205 -0.768204 0
    outer loop
      vertex -8.60573 -20.8333 2.4
      vertex -9.16574 -21.3 1.6
      vertex -8.60573 -20.8333 1.6
    endloop
  endfacet
  facet normal 0 1 -0
    outer loop
      vertex -6.83424 -21.3 1.6
      vertex -9.16574 -21.3 2.4
      vertex -6.83424 -21.3 2.4
    endloop
  endfacet
  facet normal 0 1 0
    outer loop
      vertex -9.16574 -21.3 2.4
      vertex -6.83424 -21.3 1.6
      vertex -9.16574 -21.3 1.6
    endloop
  endfacet
  facet normal -0.640198 -0.76821 0
    outer loop
      vertex -7.39426 -20.8333 1.6
      vertex -6.83424 -21.3 2.4
      vertex -7.39426 -20.8333 2.4
    endloop
  endfacet
  facet normal -0.640198 -0.76821 -0
    outer loop
      vertex -6.83424 -21.3 2.4
      vertex -7.39426 -20.8333 1.6
      vertex -6.83424 -21.3 1.6
    endloop
  endfacet
  facet normal -0.64019 0.768217 0
    outer loop
      vertex -6 -19.6714 1.6
      vertex -7.39426 -20.8333 2.4
      vertex -6 -19.6714 2.4
    endloop
  endfacet
  facet normal -0.64019 0.768217 0
    outer loop
      vertex -7.39426 -20.8333 2.4
      vertex -6 -19.6714 1.6
      vertex -7.39426 -20.8333 1.6
    endloop
  endfacet
  facet normal 0.640187 0.768219 -0
    outer loop
      vertex -4.60573 -20.8333 1.6
      vertex -6 -19.6714 2.4
      vertex -4.60573 -20.8333 2.4
    endloop
  endfacet
  facet normal 0.640187 0.768219 0
    outer loop
      vertex -6 -19.6714 2.4
      vertex -4.60573 -20.8333 1.6
      vertex -6 -19.6714 1.6
    endloop
  endfacet
  facet normal 0.640205 -0.768204 0
    outer loop
      vertex -5.16574 -21.3 1.6
      vertex -4.60573 -20.8333 2.4
      vertex -5.16574 -21.3 2.4
    endloop
  endfacet
  facet normal 0.640205 -0.768204 0
    outer loop
      vertex -4.60573 -20.8333 2.4
      vertex -5.16574 -21.3 1.6
      vertex -4.60573 -20.8333 1.6
    endloop
  endfacet
  facet normal 0 1 -0
    outer loop
      vertex -2.83424 -21.3 1.6
      vertex -5.16574 -21.3 2.4
      vertex -2.83424 -21.3 2.4
    endloop
  endfacet
  facet normal 0 1 0
    outer loop
      vertex -5.16574 -21.3 2.4
      vertex -2.83424 -21.3 1.6
      vertex -5.16574 -21.3 1.6
    endloop
  endfacet
  facet normal -0.640198 -0.76821 0
    outer loop
      vertex -3.39426 -20.8333 1.6
      vertex -2.83424 -21.3 2.4
      vertex -3.39426 -20.8333 2.4
    endloop
  endfacet
  facet normal -0.640198 -0.76821 -0
    outer loop
      vertex -2.83424 -21.3 2.4
      vertex -3.39426 -20.8333 1.6
      vertex -2.83424 -21.3 1.6
    endloop
  endfacet
  facet normal -0.64019 0.768217 0
    outer loop
      vertex -2 -19.6714 1.6
      vertex -3.39426 -20.8333 2.4
      vertex -2 -19.6714 2.4
    endloop
  endfacet
  facet normal -0.64019 0.768217 0
    outer loop
      vertex -3.39426 -20.8333 2.4
      vertex -2 -19.6714 1.6
      vertex -3.39426 -20.8333 1.6
    endloop
  endfacet
  facet normal 0.640191 0.768216 -0
    outer loop
      vertex -0.605743 -20.8333 1.6
      vertex -2 -19.6714 2.4
      vertex -0.605743 -20.8333 2.4
    endloop
  endfacet
  facet normal 0.640191 0.768216 0
    outer loop
      vertex -2 -19.6714 2.4
      vertex -0.605743 -20.8333 1.6
      vertex -2 -19.6714 1.6
    endloop
  endfacet
  facet normal 0.6402 -0.768208 0
    outer loop
      vertex -1.16576 -21.3 1.6
      vertex -0.605743 -20.8333 2.4
      vertex -1.16576 -21.3 2.4
    endloop
  endfacet
  facet normal 0.6402 -0.768208 0
    outer loop
      vertex -0.605743 -20.8333 2.4
      vertex -1.16576 -21.3 1.6
      vertex -0.605743 -20.8333 1.6
    endloop
  endfacet
  facet normal 0 1 -0
    outer loop
      vertex 1.16576 -21.3 1.6
      vertex -1.16576 -21.3 2.4
      vertex 1.16576 -21.3 2.4
    endloop
  endfacet
  facet normal 0 1 0
    outer loop
      vertex -1.16576 -21.3 2.4
      vertex 1.16576 -21.3 1.6
      vertex -1.16576 -21.3 1.6
    endloop
  endfacet
  facet normal -0.6402 -0.768208 0
    outer loop
      vertex 0.605743 -20.8333 1.6
      vertex 1.16576 -21.3 2.4
      vertex 0.605743 -20.8333 2.4
    endloop
  endfacet
  facet normal -0.6402 -0.768208 -0
    outer loop
      vertex 1.16576 -21.3 2.4
      vertex 0.605743 -20.8333 1.6
      vertex 1.16576 -21.3 1.6
    endloop
  endfacet
  facet normal -0.640191 0.768216 0
    outer loop
      vertex 2 -19.6714 1.6
      vertex 0.605743 -20.8333 2.4
      vertex 2 -19.6714 2.4
    endloop
  endfacet
  facet normal -0.640191 0.768216 0
    outer loop
      vertex 0.605743 -20.8333 2.4
      vertex 2 -19.6714 1.6
      vertex 0.605743 -20.8333 1.6
    endloop
  endfacet
  facet normal 0.64019 0.768217 -0
    outer loop
      vertex 3.39426 -20.8333 1.6
      vertex 2 -19.6714 2.4
      vertex 3.39426 -20.8333 2.4
    endloop
  endfacet
  facet normal 0.64019 0.768217 0
    outer loop
      vertex 2 -19.6714 2.4
      vertex 3.39426 -20.8333 1.6
      vertex 2 -19.6714 1.6
    endloop
  endfacet
  facet normal 0.640198 -0.76821 0
    outer loop
      vertex 2.83424 -21.3 1.6
      vertex 3.39426 -20.8333 2.4
      vertex 2.83424 -21.3 2.4
    endloop
  endfacet
  facet normal 0.640198 -0.76821 0
    outer loop
      vertex 3.39426 -20.8333 2.4
      vertex 2.83424 -21.3 1.6
      vertex 3.39426 -20.8333 1.6
    endloop
  endfacet
  facet normal 0 1 -0
    outer loop
      vertex 5.16574 -21.3 1.6
      vertex 2.83424 -21.3 2.4
      vertex 5.16574 -21.3 2.4
    endloop
  endfacet
  facet normal 0 1 0
    outer loop
      vertex 2.83424 -21.3 2.4
      vertex 5.16574 -21.3 1.6
      vertex 2.83424 -21.3 1.6
    endloop
  endfacet
  facet normal -0.640205 -0.768204 0
    outer loop
      vertex 4.60573 -20.8333 1.6
      vertex 5.16574 -21.3 2.4
      vertex 4.60573 -20.8333 2.4
    endloop
  endfacet
  facet normal -0.640205 -0.768204 -0
    outer loop
      vertex 5.16574 -21.3 2.4
      vertex 4.60573 -20.8333 1.6
      vertex 5.16574 -21.3 1.6
    endloop
  endfacet
  facet normal -0.640187 0.768219 0
    outer loop
      vertex 6 -19.6714 1.6
      vertex 4.60573 -20.8333 2.4
      vertex 6 -19.6714 2.4
    endloop
  endfacet
  facet normal -0.640187 0.768219 0
    outer loop
      vertex 4.60573 -20.8333 2.4
      vertex 6 -19.6714 1.6
      vertex 4.60573 -20.8333 1.6
    endloop
  endfacet
  facet normal 0.64019 0.768217 -0
    outer loop
      vertex 7.39426 -20.8333 1.6
      vertex 6 -19.6714 2.4
      vertex 7.39426 -20.8333 2.4
    endloop
  endfacet
  facet normal 0.64019 0.768217 0
    outer loop
      vertex 6 -19.6714 2.4
      vertex 7.39426 -20.8333 1.6
      vertex 6 -19.6714 1.6
    endloop
  endfacet
  facet normal 0.640198 -0.76821 0
    outer loop
      vertex 6.83424 -21.3 1.6
      vertex 7.39426 -20.8333 2.4
      vertex 6.83424 -21.3 2.4
    endloop
  endfacet
  facet normal 0.640198 -0.76821 0
    outer loop
      vertex 7.39426 -20.8333 2.4
      vertex 6.83424 -21.3 1.6
      vertex 7.39426 -20.8333 1.6
    endloop
  endfacet
  facet normal 0 1 -0
    outer loop
      vertex 9.16574 -21.3 1.6
      vertex 6.83424 -21.3 2.4
      vertex 9.16574 -21.3 2.4
    endloop
  endfacet
  facet normal 0 1 0
    outer loop
      vertex 6.83424 -21.3 2.4
      vertex 9.16574 -21.3 1.6
      vertex 6.83424 -21.3 1.6
    endloop
  endfacet
  facet normal -0.640205 -0.768204 0
    outer loop
      vertex 8.60573 -20.8333 1.6
      vertex 9.16574 -21.3 2.4
      vertex 8.60573 -20.8333 2.4
    endloop
  endfacet
  facet normal -0.640205 -0.768204 -0
    outer loop
      vertex 9.16574 -21.3 2.4
      vertex 8.60573 -20.8333 1.6
      vertex 9.16574 -21.3 1.6
    endloop
  endfacet
  facet normal -0.640187 0.768219 0
    outer loop
      vertex 10 -19.6714 1.6
      vertex 8.60573 -20.8333 2.4
      vertex 10 -19.6714 2.4
    endloop
  endfacet
  facet normal -0.640187 0.768219 0
    outer loop
      vertex 8.60573 -20.8333 2.4
      vertex 10 -19.6714 1.6
      vertex 8.60573 -20.8333 1.6
    endloop
  endfacet
  facet normal 0.640179 0.768226 -0
    outer loop
      vertex 11.3943 -20.8333 1.6
      vertex 10 -19.6714 2.4
      vertex 11.3943 -20.8333 2.4
    endloop
  endfacet
  facet normal 0.640179 0.768226 0
    outer loop
      vertex 10 -19.6714 2.4
      vertex 11.3943 -20.8333 1.6
      vertex 10 -19.6714 1.6
    endloop
  endfacet
  facet normal 0.640144 -0.768255 0
    outer loop
      vertex 10.8342 -21.3 1.6
      vertex 11.3943 -20.8333 2.4
      vertex 10.8342 -21.3 2.4
    endloop
  endfacet
  facet normal 0.640144 -0.768255 0
    outer loop
      vertex 11.3943 -20.8333 2.4
      vertex 10.8342 -21.3 1.6
      vertex 11.3943 -20.8333 1.6
    endloop
  endfacet
  facet normal 0 1 -0
    outer loop
      vertex 13.1657 -21.3 1.6
      vertex 10.8342 -21.3 2.4
      vertex 13.1657 -21.3 2.4
    endloop
  endfacet
  facet normal 0 1 0
    outer loop
      vertex 10.8342 -21.3 2.4
      vertex 13.1657 -21.3 1.6
      vertex 10.8342 -21.3 1.6
    endloop
  endfacet
  facet normal -0.640211 -0.768199 0
    outer loop
      vertex 12.6057 -20.8333 1.6
      vertex 13.1657 -21.3 2.4
      vertex 12.6057 -20.8333 2.4
    endloop
  endfacet
  facet normal -0.640211 -0.768199 -0
    outer loop
      vertex 13.1657 -21.3 2.4
      vertex 12.6057 -20.8333 1.6
      vertex 13.1657 -21.3 1.6
    endloop
  endfacet
  facet normal -0.64019 0.768217 0
    outer loop
      vertex 0 -14.6714 1.6
      vertex -1.39426 -15.8333 2.4
      vertex 0 -14.6714 2.4
    endloop
  endfacet
  facet normal -0.64019 0.768217 0
    outer loop
      vertex -1.39426 -15.8333 2.4
      vertex 0 -14.6714 1.6
      vertex -1.39426 -15.8333 1.6
    endloop
  endfacet
  facet normal 0.64019 0.768217 -0
    outer loop
      vertex 1.39426 -15.8333 1.6
      vertex 0 -14.6714 2.4
      vertex 1.39426 -15.8333 2.4
    endloop
  endfacet
  facet normal 0.64019 0.768217 0
    outer loop
      vertex 0 -14.6714 2.4
      vertex 1.39426 -15.8333 1.6
      vertex 0 -14.6714 1.6
    endloop
  endfacet
  facet normal 0.64019 -0.768217 0
    outer loop
      vertex 0 -16.9952 1.6
      vertex 1.39426 -15.8333 2.4
      vertex 0 -16.9952 2.4
    endloop
  endfacet
  facet normal 0.64019 -0.768217 0
    outer loop
      vertex 1.39426 -15.8333 2.4
      vertex 0 -16.9952 1.6
      vertex 1.39426 -15.8333 1.6
    endloop
  endfacet
  facet normal -0.64019 -0.768217 0
    outer loop
      vertex -1.39426 -15.8333 1.6
      vertex 0 -16.9952 2.4
      vertex -1.39426 -15.8333 2.4
    endloop
  endfacet
  facet normal -0.64019 -0.768217 -0
    outer loop
      vertex 0 -16.9952 2.4
      vertex -1.39426 -15.8333 1.6
      vertex 0 -16.9952 1.6
    endloop
  endfacet
  facet normal -0.64019 0.768217 0
    outer loop
      vertex 6 -16.3381 1.6
      vertex 4.60574 -17.5 2.4
      vertex 6 -16.3381 2.4
    endloop
  endfacet
  facet normal -0.64019 0.768217 0
    outer loop
      vertex 4.60574 -17.5 2.4
      vertex 6 -16.3381 1.6
      vertex 4.60574 -17.5 1.6
    endloop
  endfacet
  facet normal 0.64019 0.768217 -0
    outer loop
      vertex 7.39426 -17.5 1.6
      vertex 6 -16.3381 2.4
      vertex 7.39426 -17.5 2.4
    endloop
  endfacet
  facet normal 0.64019 0.768217 0
    outer loop
      vertex 6 -16.3381 2.4
      vertex 7.39426 -17.5 1.6
      vertex 6 -16.3381 1.6
    endloop
  endfacet
  facet normal 0.64019 -0.768217 0
    outer loop
      vertex 6 -18.6619 1.6
      vertex 7.39426 -17.5 2.4
      vertex 6 -18.6619 2.4
    endloop
  endfacet
  facet normal 0.64019 -0.768217 0
    outer loop
      vertex 7.39426 -17.5 2.4
      vertex 6 -18.6619 1.6
      vertex 7.39426 -17.5 1.6
    endloop
  endfacet
  facet normal -0.64019 -0.768217 0
    outer loop
      vertex 4.60574 -17.5 1.6
      vertex 6 -18.6619 2.4
      vertex 4.60574 -17.5 2.4
    endloop
  endfacet
  facet normal -0.64019 -0.768217 -0
    outer loop
      vertex 6 -18.6619 2.4
      vertex 4.60574 -17.5 1.6
      vertex 6 -18.6619 1.6
    endloop
  endfacet
  facet normal -0.640191 0.768216 0
    outer loop
      vertex 2 -16.3381 1.6
      vertex 0.605743 -17.5 2.4
      vertex 2 -16.3381 2.4
    endloop
  endfacet
  facet normal -0.640191 0.768216 0
    outer loop
      vertex 0.605743 -17.5 2.4
      vertex 2 -16.3381 1.6
      vertex 0.605743 -17.5 1.6
    endloop
  endfacet
  facet normal 0.64019 0.768217 -0
    outer loop
      vertex 3.39426 -17.5 1.6
      vertex 2 -16.3381 2.4
      vertex 3.39426 -17.5 2.4
    endloop
  endfacet
  facet normal 0.64019 0.768217 0
    outer loop
      vertex 2 -16.3381 2.4
      vertex 3.39426 -17.5 1.6
      vertex 2 -16.3381 1.6
    endloop
  endfacet
  facet normal 0.64019 -0.768217 0
    outer loop
      vertex 2 -18.6619 1.6
      vertex 3.39426 -17.5 2.4
      vertex 2 -18.6619 2.4
    endloop
  endfacet
  facet normal 0.64019 -0.768217 0
    outer loop
      vertex 3.39426 -17.5 2.4
      vertex 2 -18.6619 1.6
      vertex 3.39426 -17.5 1.6
    endloop
  endfacet
  facet normal -0.640191 -0.768216 0
    outer loop
      vertex 0.605743 -17.5 1.6
      vertex 2 -18.6619 2.4
      vertex 0.605743 -17.5 2.4
    endloop
  endfacet
  facet normal -0.640191 -0.768216 -0
    outer loop
      vertex 2 -18.6619 2.4
      vertex 0.605743 -17.5 1.6
      vertex 2 -18.6619 1.6
    endloop
  endfacet
  facet normal -0.64019 0.768217 0
    outer loop
      vertex -6 -16.3381 1.6
      vertex -7.39426 -17.5 2.4
      vertex -6 -16.3381 2.4
    endloop
  endfacet
  facet normal -0.64019 0.768217 0
    outer loop
      vertex -7.39426 -17.5 2.4
      vertex -6 -16.3381 1.6
      vertex -7.39426 -17.5 1.6
    endloop
  endfacet
  facet normal 0.64019 0.768217 -0
    outer loop
      vertex -4.60574 -17.5 1.6
      vertex -6 -16.3381 2.4
      vertex -4.60574 -17.5 2.4
    endloop
  endfacet
  facet normal 0.64019 0.768217 0
    outer loop
      vertex -6 -16.3381 2.4
      vertex -4.60574 -17.5 1.6
      vertex -6 -16.3381 1.6
    endloop
  endfacet
  facet normal 0.64019 -0.768217 0
    outer loop
      vertex -6 -18.6619 1.6
      vertex -4.60574 -17.5 2.4
      vertex -6 -18.6619 2.4
    endloop
  endfacet
  facet normal 0.64019 -0.768217 0
    outer loop
      vertex -4.60574 -17.5 2.4
      vertex -6 -18.6619 1.6
      vertex -4.60574 -17.5 1.6
    endloop
  endfacet
  facet normal -0.64019 -0.768217 0
    outer loop
      vertex -7.39426 -17.5 1.6
      vertex -6 -18.6619 2.4
      vertex -7.39426 -17.5 2.4
    endloop
  endfacet
  facet normal -0.64019 -0.768217 -0
    outer loop
      vertex -6 -18.6619 2.4
      vertex -7.39426 -17.5 1.6
      vertex -6 -18.6619 1.6
    endloop
  endfacet
  facet normal -0.64019 0.768217 0
    outer loop
      vertex -2 -16.3381 1.6
      vertex -3.39426 -17.5 2.4
      vertex -2 -16.3381 2.4
    endloop
  endfacet
  facet normal -0.64019 0.768217 0
    outer loop
      vertex -3.39426 -17.5 2.4
      vertex -2 -16.3381 1.6
      vertex -3.39426 -17.5 1.6
    endloop
  endfacet
  facet normal 0.640191 0.768216 -0
    outer loop
      vertex -0.605743 -17.5 1.6
      vertex -2 -16.3381 2.4
      vertex -0.605743 -17.5 2.4
    endloop
  endfacet
  facet normal 0.640191 0.768216 0
    outer loop
      vertex -2 -16.3381 2.4
      vertex -0.605743 -17.5 1.6
      vertex -2 -16.3381 1.6
    endloop
  endfacet
  facet normal 0.640191 -0.768216 0
    outer loop
      vertex -2 -18.6619 1.6
      vertex -0.605743 -17.5 2.4
      vertex -2 -18.6619 2.4
    endloop
  endfacet
  facet normal 0.640191 -0.768216 0
    outer loop
      vertex -0.605743 -17.5 2.4
      vertex -2 -18.6619 1.6
      vertex -0.605743 -17.5 1.6
    endloop
  endfacet
  facet normal -0.64019 -0.768217 0
    outer loop
      vertex -3.39426 -17.5 1.6
      vertex -2 -18.6619 2.4
      vertex -3.39426 -17.5 2.4
    endloop
  endfacet
  facet normal -0.64019 -0.768217 -0
    outer loop
      vertex -2 -18.6619 2.4
      vertex -3.39426 -17.5 1.6
      vertex -2 -18.6619 1.6
    endloop
  endfacet
  facet normal -0.64019 0.768217 0
    outer loop
      vertex -8 -18.0048 1.6
      vertex -9.39426 -19.1667 2.4
      vertex -8 -18.0048 2.4
    endloop
  endfacet
  facet normal -0.64019 0.768217 0
    outer loop
      vertex -9.39426 -19.1667 2.4
      vertex -8 -18.0048 1.6
      vertex -9.39426 -19.1667 1.6
    endloop
  endfacet
  facet normal 0.640187 0.768219 -0
    outer loop
      vertex -6.60573 -19.1667 1.6
      vertex -8 -18.0048 2.4
      vertex -6.60573 -19.1667 2.4
    endloop
  endfacet
  facet normal 0.640187 0.768219 0
    outer loop
      vertex -8 -18.0048 2.4
      vertex -6.60573 -19.1667 1.6
      vertex -8 -18.0048 1.6
    endloop
  endfacet
  facet normal 0.640155 -0.768246 0
    outer loop
      vertex -8 -20.3285 1.6
      vertex -6.60573 -19.1667 2.4
      vertex -8 -20.3285 2.4
    endloop
  endfacet
  facet normal 0.640155 -0.768246 0
    outer loop
      vertex -6.60573 -19.1667 2.4
      vertex -8 -20.3285 1.6
      vertex -6.60573 -19.1667 1.6
    endloop
  endfacet
  facet normal -0.640157 -0.768244 0
    outer loop
      vertex -9.39426 -19.1667 1.6
      vertex -8 -20.3285 2.4
      vertex -9.39426 -19.1667 2.4
    endloop
  endfacet
  facet normal -0.640157 -0.768244 -0
    outer loop
      vertex -8 -20.3285 2.4
      vertex -9.39426 -19.1667 1.6
      vertex -8 -20.3285 1.6
    endloop
  endfacet
  facet normal -0.64019 0.768217 0
    outer loop
      vertex -4 -18.0048 1.6
      vertex -5.39426 -19.1667 2.4
      vertex -4 -18.0048 2.4
    endloop
  endfacet
  facet normal -0.64019 0.768217 0
    outer loop
      vertex -5.39426 -19.1667 2.4
      vertex -4 -18.0048 1.6
      vertex -5.39426 -19.1667 1.6
    endloop
  endfacet
  facet normal 0.64019 0.768217 -0
    outer loop
      vertex -2.60574 -19.1667 1.6
      vertex -4 -18.0048 2.4
      vertex -2.60574 -19.1667 2.4
    endloop
  endfacet
  facet normal 0.64019 0.768217 0
    outer loop
      vertex -4 -18.0048 2.4
      vertex -2.60574 -19.1667 1.6
      vertex -4 -18.0048 1.6
    endloop
  endfacet
  facet normal 0.640157 -0.768244 0
    outer loop
      vertex -4 -20.3285 1.6
      vertex -2.60574 -19.1667 2.4
      vertex -4 -20.3285 2.4
    endloop
  endfacet
  facet normal 0.640157 -0.768244 0
    outer loop
      vertex -2.60574 -19.1667 2.4
      vertex -4 -20.3285 1.6
      vertex -2.60574 -19.1667 1.6
    endloop
  endfacet
  facet normal -0.640157 -0.768244 0
    outer loop
      vertex -5.39426 -19.1667 1.6
      vertex -4 -20.3285 2.4
      vertex -5.39426 -19.1667 2.4
    endloop
  endfacet
  facet normal -0.640157 -0.768244 -0
    outer loop
      vertex -4 -20.3285 2.4
      vertex -5.39426 -19.1667 1.6
      vertex -4 -20.3285 1.6
    endloop
  endfacet
  facet normal -0.64019 0.768217 0
    outer loop
      vertex 4 -18.0048 1.6
      vertex 2.60574 -19.1667 2.4
      vertex 4 -18.0048 2.4
    endloop
  endfacet
  facet normal -0.64019 0.768217 0
    outer loop
      vertex 2.60574 -19.1667 2.4
      vertex 4 -18.0048 1.6
      vertex 2.60574 -19.1667 1.6
    endloop
  endfacet
  facet normal 0.64019 0.768217 -0
    outer loop
      vertex 5.39426 -19.1667 1.6
      vertex 4 -18.0048 2.4
      vertex 5.39426 -19.1667 2.4
    endloop
  endfacet
  facet normal 0.64019 0.768217 0
    outer loop
      vertex 4 -18.0048 2.4
      vertex 5.39426 -19.1667 1.6
      vertex 4 -18.0048 1.6
    endloop
  endfacet
  facet normal 0.640157 -0.768244 0
    outer loop
      vertex 4 -20.3285 1.6
      vertex 5.39426 -19.1667 2.4
      vertex 4 -20.3285 2.4
    endloop
  endfacet
  facet normal 0.640157 -0.768244 0
    outer loop
      vertex 5.39426 -19.1667 2.4
      vertex 4 -20.3285 1.6
      vertex 5.39426 -19.1667 1.6
    endloop
  endfacet
  facet normal -0.640157 -0.768244 0
    outer loop
      vertex 2.60574 -19.1667 1.6
      vertex 4 -20.3285 2.4
      vertex 2.60574 -19.1667 2.4
    endloop
  endfacet
  facet normal -0.640157 -0.768244 -0
    outer loop
      vertex 4 -20.3285 2.4
      vertex 2.60574 -19.1667 1.6
      vertex 4 -20.3285 1.6
    endloop
  endfacet
  facet normal -0.640187 0.768219 0
    outer loop
      vertex 8 -18.0048 1.6
      vertex 6.60573 -19.1667 2.4
      vertex 8 -18.0048 2.4
    endloop
  endfacet
  facet normal -0.640187 0.768219 0
    outer loop
      vertex 6.60573 -19.1667 2.4
      vertex 8 -18.0048 1.6
      vertex 6.60573 -19.1667 1.6
    endloop
  endfacet
  facet normal 0.64019 0.768217 -0
    outer loop
      vertex 9.39426 -19.1667 1.6
      vertex 8 -18.0048 2.4
      vertex 9.39426 -19.1667 2.4
    endloop
  endfacet
  facet normal 0.64019 0.768217 0
    outer loop
      vertex 8 -18.0048 2.4
      vertex 9.39426 -19.1667 1.6
      vertex 8 -18.0048 1.6
    endloop
  endfacet
  facet normal 0.640157 -0.768244 0
    outer loop
      vertex 8 -20.3285 1.6
      vertex 9.39426 -19.1667 2.4
      vertex 8 -20.3285 2.4
    endloop
  endfacet
  facet normal 0.640157 -0.768244 0
    outer loop
      vertex 9.39426 -19.1667 2.4
      vertex 8 -20.3285 1.6
      vertex 9.39426 -19.1667 1.6
    endloop
  endfacet
  facet normal -0.640155 -0.768246 0
    outer loop
      vertex 6.60573 -19.1667 1.6
      vertex 8 -20.3285 2.4
      vertex 6.60573 -19.1667 2.4
    endloop
  endfacet
  facet normal -0.640155 -0.768246 -0
    outer loop
      vertex 8 -20.3285 2.4
      vertex 6.60573 -19.1667 1.6
      vertex 8 -20.3285 1.6
    endloop
  endfacet
  facet normal -0.64019 0.768217 0
    outer loop
      vertex 0 -18.0048 1.6
      vertex -1.39426 -19.1667 2.4
      vertex 0 -18.0048 2.4
    endloop
  endfacet
  facet normal -0.64019 0.768217 0
    outer loop
      vertex -1.39426 -19.1667 2.4
      vertex 0 -18.0048 1.6
      vertex -1.39426 -19.1667 1.6
    endloop
  endfacet
  facet normal 0.64019 0.768217 -0
    outer loop
      vertex 1.39426 -19.1667 1.6
      vertex 0 -18.0048 2.4
      vertex 1.39426 -19.1667 2.4
    endloop
  endfacet
  facet normal 0.64019 0.768217 0
    outer loop
      vertex 0 -18.0048 2.4
      vertex 1.39426 -19.1667 1.6
      vertex 0 -18.0048 1.6
    endloop
  endfacet
  facet normal 0.64019 -0.768217 0
    outer loop
      vertex 0 -20.3286 1.6
      vertex 1.39426 -19.1667 2.4
      vertex 0 -20.3286 2.4
    endloop
  endfacet
  facet normal 0.64019 -0.768217 0
    outer loop
      vertex 1.39426 -19.1667 2.4
      vertex 0 -20.3286 1.6
      vertex 1.39426 -19.1667 1.6
    endloop
  endfacet
  facet normal -0.64019 -0.768217 0
    outer loop
      vertex -1.39426 -19.1667 1.6
      vertex 0 -20.3286 2.4
      vertex -1.39426 -19.1667 2.4
    endloop
  endfacet
  facet normal -0.64019 -0.768217 -0
    outer loop
      vertex 0 -20.3286 2.4
      vertex -1.39426 -19.1667 1.6
      vertex 0 -20.3286 1.6
    endloop
  endfacet
  facet normal 0.640172 0.768232 -0
    outer loop
      vertex 1.15424 -22.3 1.6
      vertex 0.640503 -21.8719 2.4
      vertex 1.15424 -22.3 2.4
    endloop
  endfacet
  facet normal 0.640172 0.768232 0
    outer loop
      vertex 0.640503 -21.8719 2.4
      vertex 1.15424 -22.3 1.6
      vertex 0.640503 -21.8719 1.6
    endloop
  endfacet
  facet normal 0 -1 0
    outer loop
      vertex -1.15424 -22.3 1.6
      vertex 1.15424 -22.3 2.4
      vertex -1.15424 -22.3 2.4
    endloop
  endfacet
  facet normal 0 -1 -0
    outer loop
      vertex 1.15424 -22.3 2.4
      vertex -1.15424 -22.3 1.6
      vertex 1.15424 -22.3 1.6
    endloop
  endfacet
  facet normal -0.640172 0.768232 0
    outer loop
      vertex -0.640503 -21.8719 1.6
      vertex -1.15424 -22.3 2.4
      vertex -0.640503 -21.8719 2.4
    endloop
  endfacet
  facet normal -0.640172 0.768232 0
    outer loop
      vertex -1.15424 -22.3 2.4
      vertex -0.640503 -21.8719 1.6
      vertex -1.15424 -22.3 1.6
    endloop
  endfacet
  facet normal 0.427549 -0.903992 0
    outer loop
      vertex -3.23715 -23.1 1.6
      vertex -0.640503 -21.8719 2.4
      vertex -3.23715 -23.1 2.4
    endloop
  endfacet
  facet normal 0.427549 -0.903992 0
    outer loop
      vertex -0.640503 -21.8719 2.4
      vertex -3.23715 -23.1 1.6
      vertex -0.640503 -21.8719 1.6
    endloop
  endfacet
  facet normal 0 1 -0
    outer loop
      vertex 3.23715 -23.1 1.6
      vertex -3.23715 -23.1 2.4
      vertex 3.23715 -23.1 2.4
    endloop
  endfacet
  facet normal 0 1 0
    outer loop
      vertex -3.23715 -23.1 2.4
      vertex 3.23715 -23.1 1.6
      vertex -3.23715 -23.1 1.6
    endloop
  endfacet
  facet normal -0.427549 -0.903992 0
    outer loop
      vertex 0.640503 -21.8719 1.6
      vertex 3.23715 -23.1 2.4
      vertex 0.640503 -21.8719 2.4
    endloop
  endfacet
  facet normal -0.427549 -0.903992 -0
    outer loop
      vertex 3.23715 -23.1 2.4
      vertex 0.640503 -21.8719 1.6
      vertex 3.23715 -23.1 1.6
    endloop
  endfacet
  facet normal -0.951044 0.309055 0
    outer loop
      vertex 0.364044 -47.7645 1.6
      vertex 0.449997 -47.5 2.4
      vertex 0.449997 -47.5 1.6
    endloop
  endfacet
  facet normal -0.951044 0.309055 0
    outer loop
      vertex 0.449997 -47.5 2.4
      vertex 0.364044 -47.7645 1.6
      vertex 0.364044 -47.7645 2.4
    endloop
  endfacet
  facet normal -1 0 0
    outer loop
      vertex 0.449997 -47.5 1.6
      vertex 0.449997 -27.5 2.4
      vertex 0.449997 -27.5 1.6
    endloop
  endfacet
  facet normal -1 -0 0
    outer loop
      vertex 0.449997 -27.5 2.4
      vertex 0.449997 -47.5 1.6
      vertex 0.449997 -47.5 2.4
    endloop
  endfacet
  facet normal -0.951044 -0.309055 0
    outer loop
      vertex 0.449997 -27.5 1.6
      vertex 0.364044 -27.2355 2.4
      vertex 0.364044 -27.2355 1.6
    endloop
  endfacet
  facet normal -0.951044 -0.309055 0
    outer loop
      vertex 0.364044 -27.2355 2.4
      vertex 0.449997 -27.5 1.6
      vertex 0.449997 -27.5 2.4
    endloop
  endfacet
  facet normal -0.587866 -0.808958 0
    outer loop
      vertex 0.139053 -27.072 1.6
      vertex 0.364044 -27.2355 2.4
      vertex 0.139053 -27.072 2.4
    endloop
  endfacet
  facet normal -0.587866 -0.808958 -0
    outer loop
      vertex 0.364044 -27.2355 2.4
      vertex 0.139053 -27.072 1.6
      vertex 0.364044 -27.2355 1.6
    endloop
  endfacet
  facet normal 0 -1 0
    outer loop
      vertex -0.139053 -27.072 1.6
      vertex 0.139053 -27.072 2.4
      vertex -0.139053 -27.072 2.4
    endloop
  endfacet
  facet normal 0 -1 -0
    outer loop
      vertex 0.139053 -27.072 2.4
      vertex -0.139053 -27.072 1.6
      vertex 0.139053 -27.072 1.6
    endloop
  endfacet
  facet normal 0.587866 -0.808958 0
    outer loop
      vertex -0.364044 -27.2355 1.6
      vertex -0.139053 -27.072 2.4
      vertex -0.364044 -27.2355 2.4
    endloop
  endfacet
  facet normal 0.587866 -0.808958 0
    outer loop
      vertex -0.139053 -27.072 2.4
      vertex -0.364044 -27.2355 1.6
      vertex -0.139053 -27.072 1.6
    endloop
  endfacet
  facet normal 0.951044 -0.309055 0
    outer loop
      vertex -0.449997 -27.5 2.4
      vertex -0.364044 -27.2355 1.6
      vertex -0.364044 -27.2355 2.4
    endloop
  endfacet
  facet normal 0.951044 -0.309055 0
    outer loop
      vertex -0.364044 -27.2355 1.6
      vertex -0.449997 -27.5 2.4
      vertex -0.449997 -27.5 1.6
    endloop
  endfacet
  facet normal 1 -0 0
    outer loop
      vertex -0.449997 -47.5 2.4
      vertex -0.449997 -27.5 1.6
      vertex -0.449997 -27.5 2.4
    endloop
  endfacet
  facet normal 1 0 0
    outer loop
      vertex -0.449997 -27.5 1.6
      vertex -0.449997 -47.5 2.4
      vertex -0.449997 -47.5 1.6
    endloop
  endfacet
  facet normal 0.951044 0.309055 0
    outer loop
      vertex -0.364044 -47.7645 2.4
      vertex -0.449997 -47.5 1.6
      vertex -0.449997 -47.5 2.4
    endloop
  endfacet
  facet normal 0.951044 0.309055 0
    outer loop
      vertex -0.449997 -47.5 1.6
      vertex -0.364044 -47.7645 2.4
      vertex -0.364044 -47.7645 1.6
    endloop
  endfacet
  facet normal 0.587866 0.808958 -0
    outer loop
      vertex -0.139053 -47.928 1.6
      vertex -0.364044 -47.7645 2.4
      vertex -0.139053 -47.928 2.4
    endloop
  endfacet
  facet normal 0.587866 0.808958 0
    outer loop
      vertex -0.364044 -47.7645 2.4
      vertex -0.139053 -47.928 1.6
      vertex -0.364044 -47.7645 1.6
    endloop
  endfacet
  facet normal 0 1 -0
    outer loop
      vertex 0.139053 -47.928 1.6
      vertex -0.139053 -47.928 2.4
      vertex 0.139053 -47.928 2.4
    endloop
  endfacet
  facet normal 0 1 0
    outer loop
      vertex -0.139053 -47.928 2.4
      vertex 0.139053 -47.928 1.6
      vertex -0.139053 -47.928 1.6
    endloop
  endfacet
  facet normal -0.587866 0.808958 0
    outer loop
      vertex 0.364044 -47.7645 1.6
      vertex 0.139053 -47.928 2.4
      vertex 0.364044 -47.7645 2.4
    endloop
  endfacet
  facet normal -0.587866 0.808958 0
    outer loop
      vertex 0.139053 -47.928 2.4
      vertex 0.364044 -47.7645 1.6
      vertex 0.139053 -47.928 1.6
    endloop
  endfacet
endsolid OpenSCAD_Model
