solid OpenSCAD_Model
  facet normal 0 0 -1
    outer loop
      vertex 2 -11 0
      vertex 1.75 -11 0
      vertex 2 -7.22142 0
    endloop
  endfacet
  facet normal 0 0 -1
    outer loop
      vertex 10.4061 -19.7117 0
      vertex 10.3466 -19.3367 0
      vertex 10.529 -19.4809 0
    endloop
  endfacet
  facet normal 0 0 -1
    outer loop
      vertex 10.4061 -19.7117 0
      vertex 10.1667 -19.1966 0
      vertex 10.3466 -19.3367 0
    endloop
  endfacet
  facet normal 0 -0 -1
    outer loop
      vertex 10.1667 -19.1966 0
      vertex 10.4061 -19.7117 0
      vertex 9.87541 -20.0378 0
    endloop
  endfacet
  facet normal 0 0 -1
    outer loop
      vertex 12.2704 -17.5424 0
      vertex 12.2465 -17.0475 0
      vertex 12.4835 -17.201 0
    endloop
  endfacet
  facet normal 0 0 -1
    outer loop
      vertex 12.2704 -17.5424 0
      vertex 11.8331 -16.9821 0
      vertex 12.2465 -17.0475 0
    endloop
  endfacet
  facet normal 0 0 -1
    outer loop
      vertex 11.6288 -18.0361 0
      vertex 11.8331 -16.9821 0
      vertex 12.2704 -17.5424 0
    endloop
  endfacet
  facet normal -0 0 -1
    outer loop
      vertex 11.8331 -16.9821 0
      vertex 11.6288 -18.0361 0
      vertex 11.6363 -16.8246 0
    endloop
  endfacet
  facet normal 0 0 -1
    outer loop
      vertex 18.3513 -35.833 0
      vertex 18.8055 -35.1845 0
      vertex 19.1721 -35.9244 0
    endloop
  endfacet
  facet normal 0 0 -1
    outer loop
      vertex 18.3513 -35.833 0
      vertex 18.0097 -34.1956 0
      vertex 18.8055 -35.1845 0
    endloop
  endfacet
  facet normal 0 0 -1
    outer loop
      vertex 17.15 -35.4234 0
      vertex 18.0097 -34.1956 0
      vertex 18.3513 -35.833 0
    endloop
  endfacet
  facet normal -0 0 -1
    outer loop
      vertex 18.0097 -34.1956 0
      vertex 17.15 -35.4234 0
      vertex 17.1538 -33.2189 0
    endloop
  endfacet
  facet normal 0 0 -1
    outer loop
      vertex 15.9394 -34.9532 0
      vertex 17.1538 -33.2189 0
      vertex 17.15 -35.4234 0
    endloop
  endfacet
  facet normal -0 0 -1
    outer loop
      vertex 17.1538 -33.2189 0
      vertex 15.9394 -34.9532 0
      vertex 16.6252 -32.4894 0
    endloop
  endfacet
  facet normal 0 0 -1
    outer loop
      vertex 15.0732 -34.706 0
      vertex 16.6252 -32.4894 0
      vertex 15.9394 -34.9532 0
    endloop
  endfacet
  facet normal 0 0 -1
    outer loop
      vertex 14.7068 -34.8405 0
      vertex 16.6252 -32.4894 0
      vertex 15.0732 -34.706 0
    endloop
  endfacet
  facet normal 0 -0 -1
    outer loop
      vertex 15.1811 -28.944 0
      vertex 16.6252 -32.4894 0
      vertex 14.7068 -34.8405 0
    endloop
  endfacet
  facet normal 0 0 -1
    outer loop
      vertex 16.6252 -32.4894 0
      vertex 15.1811 -28.944 0
      vertex 16.0021 -29.6246 0
    endloop
  endfacet
  facet normal 0 0 -1
    outer loop
      vertex 11.2476 -34.5616 0
      vertex 15.1811 -28.944 0
      vertex 14.7068 -34.8405 0
    endloop
  endfacet
  facet normal 0 0 -1
    outer loop
      vertex 17.6333 -31.8758 0
      vertex 17.6952 -31.1305 0
      vertex 17.9244 -31.6329 0
    endloop
  endfacet
  facet normal 0 0 -1
    outer loop
      vertex 17.0707 -31.9624 0
      vertex 17.6952 -31.1305 0
      vertex 17.6333 -31.8758 0
    endloop
  endfacet
  facet normal 0 0 -1
    outer loop
      vertex 17.0707 -31.9624 0
      vertex 16.9644 -30.4106 0
      vertex 17.6952 -31.1305 0
    endloop
  endfacet
  facet normal 0 0 -1
    outer loop
      vertex 16.6263 -32.0992 0
      vertex 16.9644 -30.4106 0
      vertex 17.0707 -31.9624 0
    endloop
  endfacet
  facet normal 0 0 -1
    outer loop
      vertex 16.6263 -32.0992 0
      vertex 16.0021 -29.6246 0
      vertex 16.9644 -30.4106 0
    endloop
  endfacet
  facet normal 0 0 -1
    outer loop
      vertex 16.0021 -29.6246 0
      vertex 16.6263 -32.0992 0
      vertex 16.6252 -32.4894 0
    endloop
  endfacet
  facet normal 0 0 -1
    outer loop
      vertex 15.149 -28.0138 0
      vertex 15.2035 -27.4399 0
      vertex 15.3673 -27.7914 0
    endloop
  endfacet
  facet normal 0 0 -1
    outer loop
      vertex 14.8392 -28.1962 0
      vertex 15.2035 -27.4399 0
      vertex 15.149 -28.0138 0
    endloop
  endfacet
  facet normal 0 0 -1
    outer loop
      vertex 14.8392 -28.1962 0
      vertex 14.5677 -26.9538 0
      vertex 15.2035 -27.4399 0
    endloop
  endfacet
  facet normal 0 0 -1
    outer loop
      vertex 13.6074 -26.4019 0
      vertex 14.8392 -28.1962 0
      vertex 14.7799 -28.4715 0
    endloop
  endfacet
  facet normal -0 0 -1
    outer loop
      vertex 15.1811 -28.944 0
      vertex 11.2476 -34.5616 0
      vertex 14.7799 -28.4715 0
    endloop
  endfacet
  facet normal 0 0 -1
    outer loop
      vertex 13.2868 -15.135 0
      vertex 13.0216 -14.6758 0
      vertex 13.6596 -14.6136 0
    endloop
  endfacet
  facet normal 0 0 -1
    outer loop
      vertex 12.5697 -15.8166 0
      vertex 13.0216 -14.6758 0
      vertex 13.2868 -15.135 0
    endloop
  endfacet
  facet normal 0 0 -1
    outer loop
      vertex 12.5697 -15.8166 0
      vertex 12.0729 -14.956 0
      vertex 13.0216 -14.6758 0
    endloop
  endfacet
  facet normal 0 0 -1
    outer loop
      vertex 11.9044 -16.4344 0
      vertex 12.0729 -14.956 0
      vertex 12.5697 -15.8166 0
    endloop
  endfacet
  facet normal 0 0 -1
    outer loop
      vertex 11.2051 -15.2233 0
      vertex 11.9044 -16.4344 0
      vertex 11.6363 -16.8246 0
    endloop
  endfacet
  facet normal 0 0 -1
    outer loop
      vertex 11.9044 -16.4344 0
      vertex 11.2051 -15.2233 0
      vertex 12.0729 -14.956 0
    endloop
  endfacet
  facet normal 0 0 -1
    outer loop
      vertex 10.852 -18.5502 0
      vertex 11.6363 -16.8246 0
      vertex 11.6288 -18.0361 0
    endloop
  endfacet
  facet normal -0 0 -1
    outer loop
      vertex 11.6363 -16.8246 0
      vertex 10.852 -18.5502 0
      vertex 10.7332 -15.2604 0
    endloop
  endfacet
  facet normal 0 0 -1
    outer loop
      vertex 11.6363 -16.8246 0
      vertex 10.7332 -15.2604 0
      vertex 11.2051 -15.2233 0
    endloop
  endfacet
  facet normal 0 0 -1
    outer loop
      vertex 8.84663 -15.0768 0
      vertex 10.7332 -15.2604 0
      vertex 10.852 -18.5502 0
    endloop
  endfacet
  facet normal 0 -0 -1
    outer loop
      vertex 9.68027 -14.6611 0
      vertex 10.7332 -15.2604 0
      vertex 8.84663 -15.0768 0
    endloop
  endfacet
  facet normal 0 0 -1
    outer loop
      vertex 8.84663 -15.0768 0
      vertex 10.852 -18.5502 0
      vertex 10.3016 -18.9529 0
    endloop
  endfacet
  facet normal 0 0 -1
    outer loop
      vertex 8.22269 -15.3521 0
      vertex 10.3016 -18.9529 0
      vertex 10.1667 -19.1966 0
    endloop
  endfacet
  facet normal 0 0 -1
    outer loop
      vertex 9.09592 -20.4001 0
      vertex 10.1667 -19.1966 0
      vertex 9.87541 -20.0378 0
    endloop
  endfacet
  facet normal 0 0 -1
    outer loop
      vertex 10.6952 -15.0111 0
      vertex 9.68027 -14.6611 0
      vertex 10.4286 -14.3523 0
    endloop
  endfacet
  facet normal 0 0 -1
    outer loop
      vertex 7.94418 -15.347 0
      vertex 10.1667 -19.1966 0
      vertex 9.09592 -20.4001 0
    endloop
  endfacet
  facet normal 0 0 -1
    outer loop
      vertex 10.7332 -15.2604 0
      vertex 9.68027 -14.6611 0
      vertex 10.6952 -15.0111 0
    endloop
  endfacet
  facet normal 0 0 -1
    outer loop
      vertex 6.36658 -15.6727 0
      vertex 9.09592 -20.4001 0
      vertex 8.36623 -20.7217 0
    endloop
  endfacet
  facet normal 0 0 -1
    outer loop
      vertex 10.3016 -18.9529 0
      vertex 8.22269 -15.3521 0
      vertex 8.84663 -15.0768 0
    endloop
  endfacet
  facet normal 0 0 -1
    outer loop
      vertex 10.1667 -19.1966 0
      vertex 7.94418 -15.347 0
      vertex 8.22269 -15.3521 0
    endloop
  endfacet
  facet normal 0 0 -1
    outer loop
      vertex 5.72316 -16.1438 0
      vertex 8.36623 -20.7217 0
      vertex 7.91829 -20.9608 0
    endloop
  endfacet
  facet normal 0 0 -1
    outer loop
      vertex 9.09592 -20.4001 0
      vertex 6.36658 -15.6727 0
      vertex 7.94418 -15.347 0
    endloop
  endfacet
  facet normal 0 -0 -1
    outer loop
      vertex 7.07005 -15.1787 0
      vertex 7.94418 -15.347 0
      vertex 6.36658 -15.6727 0
    endloop
  endfacet
  facet normal 0 0 -1
    outer loop
      vertex 5.2921 -16.4121 0
      vertex 7.91829 -20.9608 0
      vertex 7.76799 -21.1303 0
    endloop
  endfacet
  facet normal 0 0 -1
    outer loop
      vertex 7.513 -21.4441 0
      vertex 7.76799 -21.1303 0
      vertex 7.72 -21.2773 0
    endloop
  endfacet
  facet normal 0 0 -1
    outer loop
      vertex 7.94418 -15.347 0
      vertex 7.61775 -14.8822 0
      vertex 7.91275 -15.1212 0
    endloop
  endfacet
  facet normal 0 0 -1
    outer loop
      vertex 7.76799 -21.1303 0
      vertex 7.513 -21.4441 0
      vertex 7.14633 -21.6225 0
    endloop
  endfacet
  facet normal -0 0 -1
    outer loop
      vertex 7.76799 -21.1303 0
      vertex 7.14633 -21.6225 0
      vertex 5.2921 -16.4121 0
    endloop
  endfacet
  facet normal 0 0 -1
    outer loop
      vertex 7.91275 -15.1212 0
      vertex 7.61775 -14.8822 0
      vertex 7.87918 -14.8912 0
    endloop
  endfacet
  facet normal 0 0 -1
    outer loop
      vertex 10.4286 -14.3523 0
      vertex 10.8452 -14.6205 0
      vertex 10.6952 -15.0111 0
    endloop
  endfacet
  facet normal 0 0 -1
    outer loop
      vertex 10.8452 -14.6205 0
      vertex 10.4286 -14.3523 0
      vertex 10.8308 -14.3384 0
    endloop
  endfacet
  facet normal 0 0 -1
    outer loop
      vertex 4.5 0 0
      vertex 7.5 0 0
      vertex 7.46388 -0.735123 0
    endloop
  endfacet
  facet normal 0 0 -1
    outer loop
      vertex 4.47832 -0.441071 0
      vertex 7.46388 -0.735123 0
      vertex 7.35588 -1.46317 0
    endloop
  endfacet
  facet normal 0 0 -1
    outer loop
      vertex 7.5 0 0
      vertex 4.5 0 0
      vertex 7.46388 0.735123 0
    endloop
  endfacet
  facet normal 0 0 -1
    outer loop
      vertex 4.41353 -0.877899 0
      vertex 7.35588 -1.46317 0
      vertex 7.17705 -2.17712 0
    endloop
  endfacet
  facet normal 0 0 -1
    outer loop
      vertex 4.47832 0.441071 0
      vertex 7.46388 0.735123 0
      vertex 4.5 0 0
    endloop
  endfacet
  facet normal 0 0 -1
    outer loop
      vertex 4.30623 -1.30627 0
      vertex 7.17705 -2.17712 0
      vertex 6.92909 -2.87012 0
    endloop
  endfacet
  facet normal -0 0 -1
    outer loop
      vertex 7.46388 0.735123 0
      vertex 4.47832 0.441071 0
      vertex 7.35588 1.46317 0
    endloop
  endfacet
  facet normal 0 0 -1
    outer loop
      vertex 4.15746 -1.72206 0
      vertex 6.92909 -2.87012 0
      vertex 6.6144 -3.53546 0
    endloop
  endfacet
  facet normal 0 0 -1
    outer loop
      vertex 4.41353 0.877899 0
      vertex 7.35588 1.46317 0
      vertex 4.47832 0.441071 0
    endloop
  endfacet
  facet normal 0 0 -1
    outer loop
      vertex 3.96864 -2.12128 0
      vertex 6.6144 -3.53546 0
      vertex 6.23601 -4.16676 0
    endloop
  endfacet
  facet normal -0 0 -1
    outer loop
      vertex 7.35588 1.46317 0
      vertex 4.41353 0.877899 0
      vertex 7.17705 2.17712 0
    endloop
  endfacet
  facet normal 0 0 -1
    outer loop
      vertex 3.74161 -2.50006 0
      vertex 6.23601 -4.16676 0
      vertex 5.79758 -4.75793 0
    endloop
  endfacet
  facet normal 0 0 -1
    outer loop
      vertex 4.30623 1.30627 0
      vertex 7.17705 2.17712 0
      vertex 4.41353 0.877899 0
    endloop
  endfacet
  facet normal 0 0 -1
    outer loop
      vertex 3.47855 -2.85477 0
      vertex 5.79758 -4.75793 0
      vertex 5.3033 -5.3033 0
    endloop
  endfacet
  facet normal -0 0 -1
    outer loop
      vertex 7.17705 2.17712 0
      vertex 4.30623 1.30627 0
      vertex 6.92909 2.87012 0
    endloop
  endfacet
  facet normal 0 0 -1
    outer loop
      vertex 3.18198 -3.18198 0
      vertex 5.3033 -5.3033 0
      vertex 4.75793 -5.79758 0
    endloop
  endfacet
  facet normal 0 0 -1
    outer loop
      vertex 4.15746 1.72206 0
      vertex 6.92909 2.87012 0
      vertex 4.30623 1.30627 0
    endloop
  endfacet
  facet normal -0 0 -1
    outer loop
      vertex 6.92909 2.87012 0
      vertex 4.15746 1.72206 0
      vertex 6.6144 3.53546 0
    endloop
  endfacet
  facet normal 0 0 -1
    outer loop
      vertex 7.46388 -0.735123 0
      vertex 4.47832 -0.441071 0
      vertex 4.5 0 0
    endloop
  endfacet
  facet normal 0 0 -1
    outer loop
      vertex 7.35588 -1.46317 0
      vertex 4.41353 -0.877899 0
      vertex 4.47832 -0.441071 0
    endloop
  endfacet
  facet normal 0 0 -1
    outer loop
      vertex 7.17705 -2.17712 0
      vertex 4.30623 -1.30627 0
      vertex 4.41353 -0.877899 0
    endloop
  endfacet
  facet normal 0 0 -1
    outer loop
      vertex 2.85477 -3.47855 0
      vertex 4.75793 -5.79758 0
      vertex 4.16676 -6.23601 0
    endloop
  endfacet
  facet normal 0 0 -1
    outer loop
      vertex 6.92909 -2.87012 0
      vertex 4.15746 -1.72206 0
      vertex 4.30623 -1.30627 0
    endloop
  endfacet
  facet normal 0 0 -1
    outer loop
      vertex 6.6144 -3.53546 0
      vertex 3.96864 -2.12128 0
      vertex 4.15746 -1.72206 0
    endloop
  endfacet
  facet normal 0 0 -1
    outer loop
      vertex 6.23601 -4.16676 0
      vertex 3.74161 -2.50006 0
      vertex 3.96864 -2.12128 0
    endloop
  endfacet
  facet normal 0 0 -1
    outer loop
      vertex 2.50006 -3.74161 0
      vertex 4.16676 -6.23601 0
      vertex 3.53546 -6.6144 0
    endloop
  endfacet
  facet normal 0 0 -1
    outer loop
      vertex 5.79758 -4.75793 0
      vertex 3.47855 -2.85477 0
      vertex 3.74161 -2.50006 0
    endloop
  endfacet
  facet normal 0 0 -1
    outer loop
      vertex 5.3033 -5.3033 0
      vertex 3.18198 -3.18198 0
      vertex 3.47855 -2.85477 0
    endloop
  endfacet
  facet normal 0 0 -1
    outer loop
      vertex 2.12128 -3.96864 0
      vertex 3.53546 -6.6144 0
      vertex 2.87012 -6.92909 0
    endloop
  endfacet
  facet normal 0 0 -1
    outer loop
      vertex 4.75793 -5.79758 0
      vertex 2.85477 -3.47855 0
      vertex 3.18198 -3.18198 0
    endloop
  endfacet
  facet normal 0 0 -1
    outer loop
      vertex 4.16676 -6.23601 0
      vertex 2.50006 -3.74161 0
      vertex 2.85477 -3.47855 0
    endloop
  endfacet
  facet normal 0 0 -1
    outer loop
      vertex 1.72206 -4.15746 0
      vertex 2.87012 -6.92909 0
      vertex 2.17712 -7.17705 0
    endloop
  endfacet
  facet normal 0 0 -1
    outer loop
      vertex 3.53546 -6.6144 0
      vertex 2.12128 -3.96864 0
      vertex 2.50006 -3.74161 0
    endloop
  endfacet
  facet normal 0 0 -1
    outer loop
      vertex 1.30627 -4.30623 0
      vertex 2.17712 -7.17705 0
      vertex 2 -7.22142 0
    endloop
  endfacet
  facet normal 0 0 -1
    outer loop
      vertex -2 -7.22142 0
      vertex 2 -7.22142 0
      vertex 1.75 -11 0
    endloop
  endfacet
  facet normal 0 0 -1
    outer loop
      vertex 2.87012 -6.92909 0
      vertex 1.72206 -4.15746 0
      vertex 2.12128 -3.96864 0
    endloop
  endfacet
  facet normal 0 0 -1
    outer loop
      vertex 3.96864 2.12128 0
      vertex 6.6144 3.53546 0
      vertex 4.15746 1.72206 0
    endloop
  endfacet
  facet normal -0 0 -1
    outer loop
      vertex 6.6144 3.53546 0
      vertex 3.96864 2.12128 0
      vertex 6.23601 4.16676 0
    endloop
  endfacet
  facet normal 0 0 -1
    outer loop
      vertex 3.74161 2.50006 0
      vertex 6.23601 4.16676 0
      vertex 3.96864 2.12128 0
    endloop
  endfacet
  facet normal -0 0 -1
    outer loop
      vertex 6.23601 4.16676 0
      vertex 3.74161 2.50006 0
      vertex 5.79758 4.75793 0
    endloop
  endfacet
  facet normal 0 0 -1
    outer loop
      vertex 3.47855 2.85477 0
      vertex 5.79758 4.75793 0
      vertex 3.74161 2.50006 0
    endloop
  endfacet
  facet normal -0 0 -1
    outer loop
      vertex 5.79758 4.75793 0
      vertex 3.47855 2.85477 0
      vertex 5.3033 5.3033 0
    endloop
  endfacet
  facet normal 0 0 -1
    outer loop
      vertex 3.18198 3.18198 0
      vertex 5.3033 5.3033 0
      vertex 3.47855 2.85477 0
    endloop
  endfacet
  facet normal -0 0 -1
    outer loop
      vertex 5.3033 5.3033 0
      vertex 3.18198 3.18198 0
      vertex 4.75793 5.79758 0
    endloop
  endfacet
  facet normal 0 0 -1
    outer loop
      vertex 2.85477 3.47855 0
      vertex 4.75793 5.79758 0
      vertex 3.18198 3.18198 0
    endloop
  endfacet
  facet normal -0 0 -1
    outer loop
      vertex 4.75793 5.79758 0
      vertex 2.85477 3.47855 0
      vertex 4.16676 6.23601 0
    endloop
  endfacet
  facet normal 0 0 -1
    outer loop
      vertex 2.50006 3.74161 0
      vertex 4.16676 6.23601 0
      vertex 2.85477 3.47855 0
    endloop
  endfacet
  facet normal -0 0 -1
    outer loop
      vertex 4.16676 6.23601 0
      vertex 2.50006 3.74161 0
      vertex 3.53546 6.6144 0
    endloop
  endfacet
  facet normal 0 0 -1
    outer loop
      vertex 2.12128 3.96864 0
      vertex 3.53546 6.6144 0
      vertex 2.50006 3.74161 0
    endloop
  endfacet
  facet normal -0 0 -1
    outer loop
      vertex 3.53546 6.6144 0
      vertex 2.12128 3.96864 0
      vertex 2.87012 6.92909 0
    endloop
  endfacet
  facet normal 0 0 -1
    outer loop
      vertex 1.72206 4.15746 0
      vertex 2.87012 6.92909 0
      vertex 2.12128 3.96864 0
    endloop
  endfacet
  facet normal -0 0 -1
    outer loop
      vertex 2.87012 6.92909 0
      vertex 1.72206 4.15746 0
      vertex 2.17712 7.17705 0
    endloop
  endfacet
  facet normal 0 0 -1
    outer loop
      vertex 1.30627 4.30623 0
      vertex 2.17712 7.17705 0
      vertex 1.72206 4.15746 0
    endloop
  endfacet
  facet normal -0 0 -1
    outer loop
      vertex 2.17712 7.17705 0
      vertex 1.30627 4.30623 0
      vertex 1.46317 7.35588 0
    endloop
  endfacet
  facet normal 0 0 -1
    outer loop
      vertex 0.877899 4.41353 0
      vertex 1.46317 7.35588 0
      vertex 1.30627 4.30623 0
    endloop
  endfacet
  facet normal 0 0 -1
    outer loop
      vertex 0.877899 4.41353 0
      vertex 0.735123 7.46388 0
      vertex 1.46317 7.35588 0
    endloop
  endfacet
  facet normal 0 0 -1
    outer loop
      vertex 0.441071 4.47832 0
      vertex 0.735123 7.46388 0
      vertex 0.877899 4.41353 0
    endloop
  endfacet
  facet normal 0 0 -1
    outer loop
      vertex 0 4.5 0
      vertex 0.735123 7.46388 0
      vertex 0.441071 4.47832 0
    endloop
  endfacet
  facet normal 0 0 -1
    outer loop
      vertex 0 4.5 0
      vertex 0 7.5 0
      vertex 0.735123 7.46388 0
    endloop
  endfacet
  facet normal 0 0 -1
    outer loop
      vertex -0.441071 4.47832 0
      vertex 0 7.5 0
      vertex 0 4.5 0
    endloop
  endfacet
  facet normal 0 0 -1
    outer loop
      vertex -0.441071 4.47832 0
      vertex -0.735123 7.46388 0
      vertex 0 7.5 0
    endloop
  endfacet
  facet normal 0 0 -1
    outer loop
      vertex -0.877899 4.41353 0
      vertex -0.735123 7.46388 0
      vertex -0.441071 4.47832 0
    endloop
  endfacet
  facet normal 0 0 -1
    outer loop
      vertex -1.46317 7.35588 0
      vertex -0.877899 4.41353 0
      vertex -1.30627 4.30623 0
    endloop
  endfacet
  facet normal 0 0 -1
    outer loop
      vertex -0.877899 4.41353 0
      vertex -1.46317 7.35588 0
      vertex -0.735123 7.46388 0
    endloop
  endfacet
  facet normal 0 0 -1
    outer loop
      vertex -2.17712 7.17705 0
      vertex -1.30627 4.30623 0
      vertex -1.72206 4.15746 0
    endloop
  endfacet
  facet normal 0 0 -1
    outer loop
      vertex -2.87012 6.92909 0
      vertex -1.72206 4.15746 0
      vertex -2.12128 3.96864 0
    endloop
  endfacet
  facet normal 0 0 -1
    outer loop
      vertex -1.30627 4.30623 0
      vertex -2.17712 7.17705 0
      vertex -1.46317 7.35588 0
    endloop
  endfacet
  facet normal 0 0 -1
    outer loop
      vertex -3.53546 6.6144 0
      vertex -2.12128 3.96864 0
      vertex -2.50006 3.74161 0
    endloop
  endfacet
  facet normal 0 0 -1
    outer loop
      vertex -4.16676 6.23601 0
      vertex -2.50006 3.74161 0
      vertex -2.85477 3.47855 0
    endloop
  endfacet
  facet normal 0 0 -1
    outer loop
      vertex -1.72206 4.15746 0
      vertex -2.87012 6.92909 0
      vertex -2.17712 7.17705 0
    endloop
  endfacet
  facet normal 0 0 -1
    outer loop
      vertex -4.75793 5.79758 0
      vertex -2.85477 3.47855 0
      vertex -3.18198 3.18198 0
    endloop
  endfacet
  facet normal 0 0 -1
    outer loop
      vertex -5.3033 5.3033 0
      vertex -3.18198 3.18198 0
      vertex -3.47855 2.85477 0
    endloop
  endfacet
  facet normal 0 0 -1
    outer loop
      vertex -2.12128 3.96864 0
      vertex -3.53546 6.6144 0
      vertex -2.87012 6.92909 0
    endloop
  endfacet
  facet normal 0 0 -1
    outer loop
      vertex -5.79758 4.75793 0
      vertex -3.47855 2.85477 0
      vertex -3.74161 2.50006 0
    endloop
  endfacet
  facet normal 0 0 -1
    outer loop
      vertex -6.23601 4.16676 0
      vertex -3.74161 2.50006 0
      vertex -3.96864 2.12128 0
    endloop
  endfacet
  facet normal 0 0 -1
    outer loop
      vertex -6.6144 3.53546 0
      vertex -3.96864 2.12128 0
      vertex -4.15746 1.72206 0
    endloop
  endfacet
  facet normal 0 0 -1
    outer loop
      vertex -2.50006 3.74161 0
      vertex -4.16676 6.23601 0
      vertex -3.53546 6.6144 0
    endloop
  endfacet
  facet normal 0 0 -1
    outer loop
      vertex -6.92909 2.87012 0
      vertex -4.15746 1.72206 0
      vertex -4.30623 1.30627 0
    endloop
  endfacet
  facet normal 0 0 -1
    outer loop
      vertex -7.17705 2.17712 0
      vertex -4.30623 1.30627 0
      vertex -4.41353 0.877899 0
    endloop
  endfacet
  facet normal 0 0 -1
    outer loop
      vertex -7.35588 1.46317 0
      vertex -4.41353 0.877899 0
      vertex -4.47832 0.441071 0
    endloop
  endfacet
  facet normal 0 0 -1
    outer loop
      vertex -2.85477 3.47855 0
      vertex -4.75793 5.79758 0
      vertex -4.16676 6.23601 0
    endloop
  endfacet
  facet normal 0 0 -1
    outer loop
      vertex -7.46388 0.735123 0
      vertex -4.47832 0.441071 0
      vertex -4.5 0 0
    endloop
  endfacet
  facet normal 0 0 -1
    outer loop
      vertex -6.92909 -2.87012 0
      vertex -4.15746 -1.72206 0
      vertex -6.6144 -3.53546 0
    endloop
  endfacet
  facet normal -0 0 -1
    outer loop
      vertex -4.15746 -1.72206 0
      vertex -6.92909 -2.87012 0
      vertex -4.30623 -1.30627 0
    endloop
  endfacet
  facet normal 0 0 -1
    outer loop
      vertex -3.18198 3.18198 0
      vertex -5.3033 5.3033 0
      vertex -4.75793 5.79758 0
    endloop
  endfacet
  facet normal 0 0 -1
    outer loop
      vertex -7.17705 -2.17712 0
      vertex -4.30623 -1.30627 0
      vertex -6.92909 -2.87012 0
    endloop
  endfacet
  facet normal 0 0 -1
    outer loop
      vertex -3.47855 2.85477 0
      vertex -5.79758 4.75793 0
      vertex -5.3033 5.3033 0
    endloop
  endfacet
  facet normal -0 0 -1
    outer loop
      vertex -4.30623 -1.30627 0
      vertex -7.17705 -2.17712 0
      vertex -4.41353 -0.877899 0
    endloop
  endfacet
  facet normal 0 0 -1
    outer loop
      vertex -3.74161 2.50006 0
      vertex -6.23601 4.16676 0
      vertex -5.79758 4.75793 0
    endloop
  endfacet
  facet normal 0 0 -1
    outer loop
      vertex -7.35588 -1.46317 0
      vertex -4.41353 -0.877899 0
      vertex -7.17705 -2.17712 0
    endloop
  endfacet
  facet normal 0 0 -1
    outer loop
      vertex -3.96864 2.12128 0
      vertex -6.6144 3.53546 0
      vertex -6.23601 4.16676 0
    endloop
  endfacet
  facet normal -0 0 -1
    outer loop
      vertex -4.41353 -0.877899 0
      vertex -7.35588 -1.46317 0
      vertex -4.47832 -0.441071 0
    endloop
  endfacet
  facet normal 0 0 -1
    outer loop
      vertex -4.15746 1.72206 0
      vertex -6.92909 2.87012 0
      vertex -6.6144 3.53546 0
    endloop
  endfacet
  facet normal 0 0 -1
    outer loop
      vertex -7.46388 -0.735123 0
      vertex -4.47832 -0.441071 0
      vertex -7.35588 -1.46317 0
    endloop
  endfacet
  facet normal 0 0 -1
    outer loop
      vertex -4.30623 1.30627 0
      vertex -7.17705 2.17712 0
      vertex -6.92909 2.87012 0
    endloop
  endfacet
  facet normal -0 0 -1
    outer loop
      vertex -4.47832 -0.441071 0
      vertex -7.46388 -0.735123 0
      vertex -4.5 0 0
    endloop
  endfacet
  facet normal 0 0 -1
    outer loop
      vertex -4.41353 0.877899 0
      vertex -7.35588 1.46317 0
      vertex -7.17705 2.17712 0
    endloop
  endfacet
  facet normal 0 0 -1
    outer loop
      vertex -7.5 0 0
      vertex -4.5 0 0
      vertex -7.46388 -0.735123 0
    endloop
  endfacet
  facet normal 0 0 -1
    outer loop
      vertex -4.47832 0.441071 0
      vertex -7.46388 0.735123 0
      vertex -7.35588 1.46317 0
    endloop
  endfacet
  facet normal 0 0 -1
    outer loop
      vertex -4.5 0 0
      vertex -7.5 0 0
      vertex -7.46388 0.735123 0
    endloop
  endfacet
  facet normal 0 0 -1
    outer loop
      vertex -16.6263 -32.0992 0
      vertex -14.7068 -34.8405 0
      vertex -15.0732 -34.706 0
    endloop
  endfacet
  facet normal 0 0 -1
    outer loop
      vertex -14.7068 -34.8405 0
      vertex -15.1811 -28.944 0
      vertex -14.7799 -28.4715 0
    endloop
  endfacet
  facet normal 0 0 -1
    outer loop
      vertex -16.6252 -32.4894 0
      vertex -15.0732 -34.706 0
      vertex -15.9394 -34.9532 0
    endloop
  endfacet
  facet normal 0 0 -1
    outer loop
      vertex -16.6263 -32.0992 0
      vertex -15.0732 -34.706 0
      vertex -16.6252 -32.4894 0
    endloop
  endfacet
  facet normal 0 0 -1
    outer loop
      vertex -14.7068 -34.8405 0
      vertex -16.6263 -32.0992 0
      vertex -15.1811 -28.944 0
    endloop
  endfacet
  facet normal 0 0 -1
    outer loop
      vertex -17.1538 -33.2189 0
      vertex -15.9394 -34.9532 0
      vertex -17.15 -35.4234 0
    endloop
  endfacet
  facet normal 0 0 -1
    outer loop
      vertex -15.9394 -34.9532 0
      vertex -17.1538 -33.2189 0
      vertex -16.6252 -32.4894 0
    endloop
  endfacet
  facet normal 0 0 -1
    outer loop
      vertex -17.15 -35.4234 0
      vertex -18.0097 -34.1956 0
      vertex -17.1538 -33.2189 0
    endloop
  endfacet
  facet normal 0 0 -1
    outer loop
      vertex -18.3513 -35.833 0
      vertex -18.0097 -34.1956 0
      vertex -17.15 -35.4234 0
    endloop
  endfacet
  facet normal 0 0 -1
    outer loop
      vertex -18.3513 -35.833 0
      vertex -18.8055 -35.1845 0
      vertex -18.0097 -34.1956 0
    endloop
  endfacet
  facet normal 0 -0 -1
    outer loop
      vertex -18.8055 -35.1845 0
      vertex -18.3513 -35.833 0
      vertex -19.1721 -35.9244 0
    endloop
  endfacet
  facet normal 0 0 -1
    outer loop
      vertex -11.6288 -18.0361 0
      vertex -11.8331 -16.9821 0
      vertex -11.6363 -16.8246 0
    endloop
  endfacet
  facet normal 0 0 -1
    outer loop
      vertex -12.2704 -17.5424 0
      vertex -11.8331 -16.9821 0
      vertex -11.6288 -18.0361 0
    endloop
  endfacet
  facet normal 0 0 -1
    outer loop
      vertex -11.8331 -16.9821 0
      vertex -12.2704 -17.5424 0
      vertex -12.2465 -17.0475 0
    endloop
  endfacet
  facet normal 0 0 -1
    outer loop
      vertex -12.2465 -17.0475 0
      vertex -12.2704 -17.5424 0
      vertex -12.4835 -17.201 0
    endloop
  endfacet
  facet normal 0 0 -1
    outer loop
      vertex -10.4061 -19.7117 0
      vertex -10.1667 -19.1966 0
      vertex -9.87541 -20.0378 0
    endloop
  endfacet
  facet normal 0 0 -1
    outer loop
      vertex -10.1667 -19.1966 0
      vertex -10.4061 -19.7117 0
      vertex -10.3466 -19.3367 0
    endloop
  endfacet
  facet normal 0 0 -1
    outer loop
      vertex -10.3466 -19.3367 0
      vertex -10.4061 -19.7117 0
      vertex -10.529 -19.4809 0
    endloop
  endfacet
  facet normal 0 0 -1
    outer loop
      vertex -7.17259 -23.1275 0
      vertex 5.10033 -31.7012 0
      vertex -5.10033 -31.7012 0
    endloop
  endfacet
  facet normal 0 0 -1
    outer loop
      vertex 5.10033 -31.7012 0
      vertex -7.17259 -23.1275 0
      vertex -4.33305 -16.7498 0
    endloop
  endfacet
  facet normal 0 -0 -1
    outer loop
      vertex -7.14633 -21.6225 0
      vertex -4.33305 -16.7498 0
      vertex -7.17259 -23.1275 0
    endloop
  endfacet
  facet normal 0 0 -1
    outer loop
      vertex -5.05345 -34.4052 0
      vertex -5.15311 -32.1916 0
      vertex -5.10033 -31.7012 0
    endloop
  endfacet
  facet normal 0 0 -1
    outer loop
      vertex -5.17462 -34.1224 0
      vertex -5.15311 -32.1916 0
      vertex -5.05345 -34.4052 0
    endloop
  endfacet
  facet normal 0 0 -1
    outer loop
      vertex -5.44005 -33.6537 0
      vertex -5.17462 -34.1224 0
      vertex -5.339 -33.9495 0
    endloop
  endfacet
  facet normal 0 0 -1
    outer loop
      vertex -5.17462 -34.1224 0
      vertex -5.38803 -33.0746 0
      vertex -5.15311 -32.1916 0
    endloop
  endfacet
  facet normal 0 0 -1
    outer loop
      vertex -5.17462 -34.1224 0
      vertex -5.44005 -33.6537 0
      vertex -5.38803 -33.0746 0
    endloop
  endfacet
  facet normal 0 -0 -1
    outer loop
      vertex -5.07019 -16.4576 0
      vertex -4.33305 -16.7498 0
      vertex -7.14633 -21.6225 0
    endloop
  endfacet
  facet normal 0 0 -1
    outer loop
      vertex -6.18686 -32.4011 0
      vertex -5.10033 -31.7012 0
      vertex -5.61217 -32.2206 0
    endloop
  endfacet
  facet normal 0 0 -1
    outer loop
      vertex -4.33305 -16.7498 0
      vertex -5.07019 -16.4576 0
      vertex -4.91891 -16.4256 0
    endloop
  endfacet
  facet normal 0 0 -1
    outer loop
      vertex -6.18686 -32.4011 0
      vertex -5.61217 -32.2206 0
      vertex -5.95644 -32.4132 0
    endloop
  endfacet
  facet normal 0 0 -1
    outer loop
      vertex -5.10033 -31.7012 0
      vertex -6.18686 -32.4011 0
      vertex -6.43582 -32.4103 0
    endloop
  endfacet
  facet normal -0 0 -1
    outer loop
      vertex -5.07019 -16.4576 0
      vertex -7.14633 -21.6225 0
      vertex -5.2921 -16.4121 0
    endloop
  endfacet
  facet normal 0 0 -1
    outer loop
      vertex -9.41249 -23.8228 0
      vertex -5.10033 -31.7012 0
      vertex -6.43582 -32.4103 0
    endloop
  endfacet
  facet normal 0 0 -1
    outer loop
      vertex -11.5138 -25.1582 0
      vertex -6.43582 -32.4103 0
      vertex -6.84723 -32.6514 0
    endloop
  endfacet
  facet normal 0 0 -1
    outer loop
      vertex -7.91829 -20.9608 0
      vertex -5.2921 -16.4121 0
      vertex -7.14633 -21.6225 0
    endloop
  endfacet
  facet normal 0 0 -1
    outer loop
      vertex -8.36623 -20.7217 0
      vertex -5.72316 -16.1438 0
      vertex -7.91829 -20.9608 0
    endloop
  endfacet
  facet normal -0 0 -1
    outer loop
      vertex -5.2921 -16.4121 0
      vertex -7.91829 -20.9608 0
      vertex -5.72316 -16.1438 0
    endloop
  endfacet
  facet normal 0 0 -1
    outer loop
      vertex -7.14633 -21.6225 0
      vertex -7.17259 -23.1275 0
      vertex -7.16055 -21.7474 0
    endloop
  endfacet
  facet normal 0 0 -1
    outer loop
      vertex -5.10033 -31.7012 0
      vertex -7.26094 -23.2632 0
      vertex -7.17259 -23.1275 0
    endloop
  endfacet
  facet normal 0 0 -1
    outer loop
      vertex -11.8811 -25.4623 0
      vertex -6.84723 -32.6514 0
      vertex -7.49295 -33.201 0
    endloop
  endfacet
  facet normal 0 0 -1
    outer loop
      vertex -5.10033 -31.7012 0
      vertex -8.30289 -23.5195 0
      vertex -7.26094 -23.2632 0
    endloop
  endfacet
  facet normal 0 0 -1
    outer loop
      vertex -10.6664 -34.3462 0
      vertex -7.49295 -33.201 0
      vertex -8.32054 -33.9523 0
    endloop
  endfacet
  facet normal 0 0 -1
    outer loop
      vertex -10.428 -34.496 0
      vertex -8.32054 -33.9523 0
      vertex -9.16762 -34.6658 0
    endloop
  endfacet
  facet normal 0 0 -1
    outer loop
      vertex -5.10033 -31.7012 0
      vertex -9.41249 -23.8228 0
      vertex -8.30289 -23.5195 0
    endloop
  endfacet
  facet normal 0 0 -1
    outer loop
      vertex -10.428 -34.496 0
      vertex -9.16762 -34.6658 0
      vertex -9.84192 -35.0971 0
    endloop
  endfacet
  facet normal 0 0 -1
    outer loop
      vertex -10.3625 -34.8496 0
      vertex -9.84192 -35.0971 0
      vertex -10.2282 -35.1308 0
    endloop
  endfacet
  facet normal 0 0 -1
    outer loop
      vertex -9.84192 -35.0971 0
      vertex -10.3625 -34.8496 0
      vertex -10.428 -34.496 0
    endloop
  endfacet
  facet normal 0 0 -1
    outer loop
      vertex -8.32054 -33.9523 0
      vertex -10.428 -34.496 0
      vertex -10.6664 -34.3462 0
    endloop
  endfacet
  facet normal 0 0 -1
    outer loop
      vertex -6.43582 -32.4103 0
      vertex -11.5138 -25.1582 0
      vertex -9.41249 -23.8228 0
    endloop
  endfacet
  facet normal -0 0 -1
    outer loop
      vertex -7.49295 -33.201 0
      vertex -10.6664 -34.3462 0
      vertex -12.6184 -25.8811 0
    endloop
  endfacet
  facet normal 0 0 -1
    outer loop
      vertex -9.41249 -23.8228 0
      vertex -11.5138 -25.1582 0
      vertex -10.3908 -24.1457 0
    endloop
  endfacet
  facet normal 0 0 -1
    outer loop
      vertex -14.7799 -28.4715 0
      vertex -10.6664 -34.3462 0
      vertex -11.2476 -34.5616 0
    endloop
  endfacet
  facet normal 0 -0 -1
    outer loop
      vertex -11.42 -24.9274 0
      vertex -10.3908 -24.1457 0
      vertex -11.5138 -25.1582 0
    endloop
  endfacet
  facet normal 0 0 -1
    outer loop
      vertex -11.0538 -24.4491 0
      vertex -11.42 -24.9274 0
      vertex -11.3526 -24.7067 0
    endloop
  endfacet
  facet normal 0 0 -1
    outer loop
      vertex -10.3908 -24.1457 0
      vertex -11.42 -24.9274 0
      vertex -11.0538 -24.4491 0
    endloop
  endfacet
  facet normal 0 0 -1
    outer loop
      vertex -6.84723 -32.6514 0
      vertex -11.8811 -25.4623 0
      vertex -11.5138 -25.1582 0
    endloop
  endfacet
  facet normal 0 0 -1
    outer loop
      vertex -14.7068 -34.8405 0
      vertex -11.2476 -34.5616 0
      vertex -12.1679 -35.1003 0
    endloop
  endfacet
  facet normal 0 0 -1
    outer loop
      vertex -7.49295 -33.201 0
      vertex -12.6184 -25.8811 0
      vertex -11.8811 -25.4623 0
    endloop
  endfacet
  facet normal 0 0 -1
    outer loop
      vertex -14.7068 -34.8405 0
      vertex -12.1679 -35.1003 0
      vertex -13.2358 -35.7358 0
    endloop
  endfacet
  facet normal 0 0 -1
    outer loop
      vertex -10.6664 -34.3462 0
      vertex -14.7799 -28.4715 0
      vertex -12.6184 -25.8811 0
    endloop
  endfacet
  facet normal 0 0 -1
    outer loop
      vertex -14.7303 -35.3049 0
      vertex -13.2358 -35.7358 0
      vertex -14.1622 -36.1762 0
    endloop
  endfacet
  facet normal -0 0 -1
    outer loop
      vertex -11.2476 -34.5616 0
      vertex -14.7068 -34.8405 0
      vertex -14.7799 -28.4715 0
    endloop
  endfacet
  facet normal 0 0 -1
    outer loop
      vertex -12.6184 -25.8811 0
      vertex -14.7799 -28.4715 0
      vertex -13.6074 -26.4019 0
    endloop
  endfacet
  facet normal 0 0 -1
    outer loop
      vertex -14.8413 -35.8631 0
      vertex -14.1622 -36.1762 0
      vertex -14.7126 -36.2198 0
    endloop
  endfacet
  facet normal 0 0 -1
    outer loop
      vertex -13.2358 -35.7358 0
      vertex -14.7303 -35.3049 0
      vertex -14.7068 -34.8405 0
    endloop
  endfacet
  facet normal 0 0 -1
    outer loop
      vertex -14.1622 -36.1762 0
      vertex -14.8413 -35.8631 0
      vertex -14.7303 -35.3049 0
    endloop
  endfacet
  facet normal 0 0 -1
    outer loop
      vertex -7.76799 -21.1303 0
      vertex -7.14633 -21.6225 0
      vertex -7.513 -21.4441 0
    endloop
  endfacet
  facet normal 0 0 -1
    outer loop
      vertex -7.91829 -20.9608 0
      vertex -7.14633 -21.6225 0
      vertex -7.76799 -21.1303 0
    endloop
  endfacet
  facet normal 0 0 -1
    outer loop
      vertex -7.76799 -21.1303 0
      vertex -7.513 -21.4441 0
      vertex -7.72 -21.2773 0
    endloop
  endfacet
  facet normal -0 0 -1
    outer loop
      vertex -5.72316 -16.1438 0
      vertex -8.36623 -20.7217 0
      vertex -6.36658 -15.6727 0
    endloop
  endfacet
  facet normal -0 0 -1
    outer loop
      vertex -7.07005 -15.1787 0
      vertex -7.94418 -15.347 0
      vertex -7.61775 -14.8822 0
    endloop
  endfacet
  facet normal 0 0 -1
    outer loop
      vertex -7.61775 -14.8822 0
      vertex -7.91275 -15.1212 0
      vertex -7.87918 -14.8912 0
    endloop
  endfacet
  facet normal 0 0 -1
    outer loop
      vertex -9.09592 -20.4001 0
      vertex -6.36658 -15.6727 0
      vertex -8.36623 -20.7217 0
    endloop
  endfacet
  facet normal 0 0 -1
    outer loop
      vertex -7.61775 -14.8822 0
      vertex -7.94418 -15.347 0
      vertex -7.91275 -15.1212 0
    endloop
  endfacet
  facet normal 0 0 -1
    outer loop
      vertex -6.36658 -15.6727 0
      vertex -7.94418 -15.347 0
      vertex -7.07005 -15.1787 0
    endloop
  endfacet
  facet normal -0 0 -1
    outer loop
      vertex -6.36658 -15.6727 0
      vertex -9.09592 -20.4001 0
      vertex -7.94418 -15.347 0
    endloop
  endfacet
  facet normal 0 0 -1
    outer loop
      vertex -10.1667 -19.1966 0
      vertex -7.94418 -15.347 0
      vertex -9.09592 -20.4001 0
    endloop
  endfacet
  facet normal 0 0 -1
    outer loop
      vertex -7.94418 -15.347 0
      vertex -10.1667 -19.1966 0
      vertex -8.22269 -15.3521 0
    endloop
  endfacet
  facet normal 0 0 -1
    outer loop
      vertex -10.3016 -18.9529 0
      vertex -8.22269 -15.3521 0
      vertex -10.1667 -19.1966 0
    endloop
  endfacet
  facet normal 0 0 -1
    outer loop
      vertex -10.1667 -19.1966 0
      vertex -9.09592 -20.4001 0
      vertex -9.87541 -20.0378 0
    endloop
  endfacet
  facet normal -0 0 -1
    outer loop
      vertex -8.22269 -15.3521 0
      vertex -10.3016 -18.9529 0
      vertex -8.84663 -15.0768 0
    endloop
  endfacet
  facet normal 0 0 -1
    outer loop
      vertex -10.852 -18.5502 0
      vertex -8.84663 -15.0768 0
      vertex -10.3016 -18.9529 0
    endloop
  endfacet
  facet normal -0 0 -1
    outer loop
      vertex -8.84663 -15.0768 0
      vertex -10.7332 -15.2604 0
      vertex -9.68027 -14.6611 0
    endloop
  endfacet
  facet normal 0 -0 -1
    outer loop
      vertex -10.6952 -15.0111 0
      vertex -9.68027 -14.6611 0
      vertex -10.7332 -15.2604 0
    endloop
  endfacet
  facet normal -0 0 -1
    outer loop
      vertex -9.68027 -14.6611 0
      vertex -10.6952 -15.0111 0
      vertex -10.4286 -14.3523 0
    endloop
  endfacet
  facet normal 0 0 -1
    outer loop
      vertex -8.84663 -15.0768 0
      vertex -10.852 -18.5502 0
      vertex -10.7332 -15.2604 0
    endloop
  endfacet
  facet normal 0 0 -1
    outer loop
      vertex -11.6363 -16.8246 0
      vertex -10.7332 -15.2604 0
      vertex -10.852 -18.5502 0
    endloop
  endfacet
  facet normal 0 0 -1
    outer loop
      vertex -11.6363 -16.8246 0
      vertex -10.852 -18.5502 0
      vertex -11.6288 -18.0361 0
    endloop
  endfacet
  facet normal -0 0 -1
    outer loop
      vertex -10.7332 -15.2604 0
      vertex -11.6363 -16.8246 0
      vertex -11.2051 -15.2233 0
    endloop
  endfacet
  facet normal 0 0 -1
    outer loop
      vertex -11.9044 -16.4344 0
      vertex -11.2051 -15.2233 0
      vertex -11.6363 -16.8246 0
    endloop
  endfacet
  facet normal 0 0 -1
    outer loop
      vertex -11.9044 -16.4344 0
      vertex -12.0729 -14.956 0
      vertex -11.2051 -15.2233 0
    endloop
  endfacet
  facet normal 0 0 -1
    outer loop
      vertex -12.5697 -15.8166 0
      vertex -12.0729 -14.956 0
      vertex -11.9044 -16.4344 0
    endloop
  endfacet
  facet normal 0 0 -1
    outer loop
      vertex -12.5697 -15.8166 0
      vertex -13.0216 -14.6758 0
      vertex -12.0729 -14.956 0
    endloop
  endfacet
  facet normal 0 0 -1
    outer loop
      vertex -13.2868 -15.135 0
      vertex -13.0216 -14.6758 0
      vertex -12.5697 -15.8166 0
    endloop
  endfacet
  facet normal -0 0 -1
    outer loop
      vertex -13.0216 -14.6758 0
      vertex -13.2868 -15.135 0
      vertex -13.6596 -14.6136 0
    endloop
  endfacet
  facet normal 0 0 -1
    outer loop
      vertex -7.17259 -23.1275 0
      vertex -7.17259 -21.8725 0
      vertex -7.16055 -21.7474 0
    endloop
  endfacet
  facet normal 0 0 -1
    outer loop
      vertex -7.18245 -23.0022 0
      vertex -7.17259 -21.8725 0
      vertex -7.17259 -23.1275 0
    endloop
  endfacet
  facet normal 0 0 -1
    outer loop
      vertex -7.18245 -23.0022 0
      vertex -7.18245 -21.9978 0
      vertex -7.17259 -21.8725 0
    endloop
  endfacet
  facet normal 0 0 -1
    outer loop
      vertex -7.19012 -22.8768 0
      vertex -7.18245 -21.9978 0
      vertex -7.18245 -23.0022 0
    endloop
  endfacet
  facet normal 0 0 -1
    outer loop
      vertex -7.19012 -22.8768 0
      vertex -7.19012 -22.1232 0
      vertex -7.18245 -21.9978 0
    endloop
  endfacet
  facet normal 0 0 -1
    outer loop
      vertex -7.1956 -22.7513 0
      vertex -7.19012 -22.1232 0
      vertex -7.19012 -22.8768 0
    endloop
  endfacet
  facet normal 0 0 -1
    outer loop
      vertex -7.1956 -22.7513 0
      vertex -7.1956 -22.2487 0
      vertex -7.19012 -22.1232 0
    endloop
  endfacet
  facet normal 0 0 -1
    outer loop
      vertex -7.1989 -22.6257 0
      vertex -7.1956 -22.2487 0
      vertex -7.1956 -22.7513 0
    endloop
  endfacet
  facet normal 0 0 -1
    outer loop
      vertex -7.1989 -22.6257 0
      vertex -7.1989 -22.3743 0
      vertex -7.1956 -22.2487 0
    endloop
  endfacet
  facet normal 0 -0 -1
    outer loop
      vertex -7.1989 -22.3743 0
      vertex -7.1989 -22.6257 0
      vertex -7.2 -22.5 0
    endloop
  endfacet
  facet normal 0 0 -1
    outer loop
      vertex -10.8452 -14.6205 0
      vertex -10.4286 -14.3523 0
      vertex -10.6952 -15.0111 0
    endloop
  endfacet
  facet normal -0 0 -1
    outer loop
      vertex -10.4286 -14.3523 0
      vertex -10.8452 -14.6205 0
      vertex -10.8308 -14.3384 0
    endloop
  endfacet
  facet normal 0 0 -1
    outer loop
      vertex -14.8392 -28.1962 0
      vertex -13.6074 -26.4019 0
      vertex -14.7799 -28.4715 0
    endloop
  endfacet
  facet normal 0 0 -1
    outer loop
      vertex -13.6074 -26.4019 0
      vertex -14.8392 -28.1962 0
      vertex -14.5677 -26.9538 0
    endloop
  endfacet
  facet normal 0 0 -1
    outer loop
      vertex -15.2035 -27.4399 0
      vertex -14.8392 -28.1962 0
      vertex -15.149 -28.0138 0
    endloop
  endfacet
  facet normal 0 0 -1
    outer loop
      vertex -14.8392 -28.1962 0
      vertex -15.2035 -27.4399 0
      vertex -14.5677 -26.9538 0
    endloop
  endfacet
  facet normal 0 -0 -1
    outer loop
      vertex -15.2035 -27.4399 0
      vertex -15.149 -28.0138 0
      vertex -15.3673 -27.7914 0
    endloop
  endfacet
  facet normal 0 0 -1
    outer loop
      vertex -15.1811 -28.944 0
      vertex -16.6263 -32.0992 0
      vertex -16.0021 -29.6246 0
    endloop
  endfacet
  facet normal 0 0 -1
    outer loop
      vertex -16.6263 -32.0992 0
      vertex -16.9644 -30.4106 0
      vertex -16.0021 -29.6246 0
    endloop
  endfacet
  facet normal 0 0 -1
    outer loop
      vertex -17.0707 -31.9624 0
      vertex -16.9644 -30.4106 0
      vertex -16.6263 -32.0992 0
    endloop
  endfacet
  facet normal 0 0 -1
    outer loop
      vertex -17.6952 -31.1305 0
      vertex -17.0707 -31.9624 0
      vertex -17.6333 -31.8758 0
    endloop
  endfacet
  facet normal 0 0 -1
    outer loop
      vertex -17.0707 -31.9624 0
      vertex -17.6952 -31.1305 0
      vertex -16.9644 -30.4106 0
    endloop
  endfacet
  facet normal 0 -0 -1
    outer loop
      vertex -17.6952 -31.1305 0
      vertex -17.6333 -31.8758 0
      vertex -17.9244 -31.6329 0
    endloop
  endfacet
  facet normal 0 0 -1
    outer loop
      vertex 4.47954 -39.2179 0
      vertex 5.40941 -38.2101 0
      vertex 5.36948 -39.0256 0
    endloop
  endfacet
  facet normal 0 0 -1
    outer loop
      vertex 4.83783 -39.3715 0
      vertex 5.36948 -39.0256 0
      vertex 5.16429 -39.3916 0
    endloop
  endfacet
  facet normal 0 0 -1
    outer loop
      vertex 4.17877 -39.2601 0
      vertex 5.40941 -38.2101 0
      vertex 4.47954 -39.2179 0
    endloop
  endfacet
  facet normal -0 0 -1
    outer loop
      vertex 5.40941 -38.2101 0
      vertex 4.17877 -39.2601 0
      vertex 5.30962 -37.0881 0
    endloop
  endfacet
  facet normal 0 0 -1
    outer loop
      vertex 5.36948 -39.0256 0
      vertex 4.83783 -39.3715 0
      vertex 4.47954 -39.2179 0
    endloop
  endfacet
  facet normal 0 0 -1
    outer loop
      vertex 5.1546 -35.9282 0
      vertex -5.1546 -35.9282 0
      vertex 5.04646 -34.9904 0
    endloop
  endfacet
  facet normal 0 0 -1
    outer loop
      vertex 5.10033 -31.7012 0
      vertex 4.33305 -16.7498 0
      vertex 4.91891 -16.4256 0
    endloop
  endfacet
  facet normal 0 0 -1
    outer loop
      vertex 5.04646 -34.9904 0
      vertex -5.04646 -34.9904 0
      vertex 5.05345 -34.4052 0
    endloop
  endfacet
  facet normal 0 0 -1
    outer loop
      vertex 4.91891 -16.4256 0
      vertex 4.33305 -16.7498 0
      vertex 4.67091 -16.5215 0
    endloop
  endfacet
  facet normal 0 0 -1
    outer loop
      vertex -5.10033 -31.7012 0
      vertex 5.15311 -32.1916 0
      vertex -5.05345 -34.4052 0
    endloop
  endfacet
  facet normal 0 0 -1
    outer loop
      vertex -5.05345 -34.4052 0
      vertex 5.05345 -34.4052 0
      vertex -5.04646 -34.9904 0
    endloop
  endfacet
  facet normal 0 0 -1
    outer loop
      vertex 5.10033 -31.7012 0
      vertex -4.33305 -16.7498 0
      vertex 4.33305 -16.7498 0
    endloop
  endfacet
  facet normal 0 0 -1
    outer loop
      vertex 4.33305 -16.7498 0
      vertex -4.33305 -16.7498 0
      vertex 4.23204 -16.6751 0
    endloop
  endfacet
  facet normal 0 0 -1
    outer loop
      vertex -4.17877 -39.2601 0
      vertex 4.17877 -39.2601 0
      vertex 3.9818 -39.7471 0
    endloop
  endfacet
  facet normal -0 0 -1
    outer loop
      vertex 4.23204 -16.6751 0
      vertex -4.33305 -16.7498 0
      vertex 4.12975 -16.6021 0
    endloop
  endfacet
  facet normal 0 0 -1
    outer loop
      vertex 1.81796 -43.2795 0
      vertex 3.9818 -39.7471 0
      vertex 3.87268 -40.7195 0
    endloop
  endfacet
  facet normal -0 0 -1
    outer loop
      vertex 4.12975 -16.6021 0
      vertex -4.33305 -16.7498 0
      vertex 4.02618 -16.5309 0
    endloop
  endfacet
  facet normal 0 0 -1
    outer loop
      vertex 1.81796 -43.2795 0
      vertex 3.87268 -40.7195 0
      vertex 3.78627 -41.9787 0
    endloop
  endfacet
  facet normal -0 0 -1
    outer loop
      vertex 4.02618 -16.5309 0
      vertex -4.33305 -16.7498 0
      vertex 3.92139 -16.4616 0
    endloop
  endfacet
  facet normal 0 0 -1
    outer loop
      vertex 2.20123 -43.4434 0
      vertex 3.78627 -41.9787 0
      vertex 3.64473 -43.1703 0
    endloop
  endfacet
  facet normal -0 0 -1
    outer loop
      vertex 3.92139 -16.4616 0
      vertex -4.33305 -16.7498 0
      vertex 3.81541 -16.3941 0
    endloop
  endfacet
  facet normal -0 0 -1
    outer loop
      vertex 3.81541 -16.3941 0
      vertex -4.33305 -16.7498 0
      vertex 3.70827 -16.3284 0
    endloop
  endfacet
  facet normal 0 0 -1
    outer loop
      vertex 2.62396 -43.8706 0
      vertex 3.64473 -43.1703 0
      vertex 3.39729 -43.9497 0
    endloop
  endfacet
  facet normal -0 0 -1
    outer loop
      vertex 3.70827 -16.3284 0
      vertex -4.33305 -16.7498 0
      vertex 3.59999 -16.2646 0
    endloop
  endfacet
  facet normal -0 0 -1
    outer loop
      vertex 3.59999 -16.2646 0
      vertex -4.33305 -16.7498 0
      vertex 3.49062 -16.2027 0
    endloop
  endfacet
  facet normal -0 0 -1
    outer loop
      vertex 3.49062 -16.2027 0
      vertex -4.33305 -16.7498 0
      vertex 3.38019 -16.1428 0
    endloop
  endfacet
  facet normal -0 0 -1
    outer loop
      vertex 3.38019 -16.1428 0
      vertex -4.33305 -16.7498 0
      vertex 3.26872 -16.0848 0
    endloop
  endfacet
  facet normal 0 0 -1
    outer loop
      vertex 2.62396 -43.8706 0
      vertex 3.39729 -43.9497 0
      vertex 3.04265 -44.1496 0
    endloop
  endfacet
  facet normal 0 0 -1
    outer loop
      vertex 3.78627 -41.9787 0
      vertex 2.20123 -43.4434 0
      vertex 1.81796 -43.2795 0
    endloop
  endfacet
  facet normal -0 0 -1
    outer loop
      vertex 3.26872 -16.0848 0
      vertex -4.33305 -16.7498 0
      vertex 3.15627 -16.0287 0
    endloop
  endfacet
  facet normal -0 0 -1
    outer loop
      vertex 3.15627 -16.0287 0
      vertex -4.33305 -16.7498 0
      vertex 3.04285 -15.9746 0
    endloop
  endfacet
  facet normal 0 0 -1
    outer loop
      vertex 3.64473 -43.1703 0
      vertex 2.62396 -43.8706 0
      vertex 2.20123 -43.4434 0
    endloop
  endfacet
  facet normal -0 0 -1
    outer loop
      vertex 3.04285 -15.9746 0
      vertex -4.33305 -16.7498 0
      vertex 2.9285 -15.9225 0
    endloop
  endfacet
  facet normal -0 0 -1
    outer loop
      vertex 2.9285 -15.9225 0
      vertex -4.33305 -16.7498 0
      vertex 2.81326 -15.8724 0
    endloop
  endfacet
  facet normal -0 0 -1
    outer loop
      vertex 2.81326 -15.8724 0
      vertex -4.33305 -16.7498 0
      vertex 2.69716 -15.8243 0
    endloop
  endfacet
  facet normal -0 0 -1
    outer loop
      vertex 2.69716 -15.8243 0
      vertex -4.33305 -16.7498 0
      vertex 2.58025 -15.7782 0
    endloop
  endfacet
  facet normal -0 0 -1
    outer loop
      vertex 2.58025 -15.7782 0
      vertex -4.33305 -16.7498 0
      vertex 2.46254 -15.7342 0
    endloop
  endfacet
  facet normal -0 0 -1
    outer loop
      vertex 2.46254 -15.7342 0
      vertex -4.33305 -16.7498 0
      vertex 2.34409 -15.6923 0
    endloop
  endfacet
  facet normal -0 0 -1
    outer loop
      vertex 2.34409 -15.6923 0
      vertex -4.33305 -16.7498 0
      vertex 2.22491 -15.6524 0
    endloop
  endfacet
  facet normal -0 0 -1
    outer loop
      vertex 2.22491 -15.6524 0
      vertex -4.33305 -16.7498 0
      vertex 2.10507 -15.6146 0
    endloop
  endfacet
  facet normal -0 0 -1
    outer loop
      vertex 3.9818 -39.7471 0
      vertex 1.81796 -43.2795 0
      vertex -3.9818 -39.7471 0
    endloop
  endfacet
  facet normal -0 0 -1
    outer loop
      vertex 2.10507 -15.6146 0
      vertex -4.33305 -16.7498 0
      vertex 1.98459 -15.5789 0
    endloop
  endfacet
  facet normal 0 0 -1
    outer loop
      vertex -1.75 -11 0
      vertex 1.75 -11 0
      vertex 1.75 -15.516 0
    endloop
  endfacet
  facet normal -0 0 -1
    outer loop
      vertex 1.98459 -15.5789 0
      vertex -4.33305 -16.7498 0
      vertex 1.86349 -15.5453 0
    endloop
  endfacet
  facet normal 0 0 -1
    outer loop
      vertex -1.81796 -43.2795 0
      vertex 1.81796 -43.2795 0
      vertex 1.48067 -43.6746 0
    endloop
  endfacet
  facet normal 0 0 -1
    outer loop
      vertex -1.75 -11 0
      vertex 1.75 -15.516 0
      vertex -1.75 -15.516 0
    endloop
  endfacet
  facet normal 0 0 -1
    outer loop
      vertex -1.48067 -43.6746 0
      vertex 1.48067 -43.6746 0
      vertex 1.16144 -44.6617 0
    endloop
  endfacet
  facet normal 0 0 -1
    outer loop
      vertex -2 -7.22142 0
      vertex 1.75 -11 0
      vertex -1.75 -11 0
    endloop
  endfacet
  facet normal 0 0 -1
    outer loop
      vertex -1.16144 -44.6617 0
      vertex 1.16144 -44.6617 0
      vertex 0.820114 -45.9852 0
    endloop
  endfacet
  facet normal 0 0 -1
    outer loop
      vertex 2.17712 -7.17705 0
      vertex 1.30627 -4.30623 0
      vertex 1.72206 -4.15746 0
    endloop
  endfacet
  facet normal 0 0 -1
    outer loop
      vertex -0.820114 -45.9852 0
      vertex 0.820114 -45.9852 0
      vertex 0.431366 -47.2134 0
    endloop
  endfacet
  facet normal 0 0 -1
    outer loop
      vertex -0.431366 -47.2134 0
      vertex 0.431366 -47.2134 0
      vertex 0 -47.94 0
    endloop
  endfacet
  facet normal 0 -0 -1
    outer loop
      vertex 0 -4.5 0
      vertex 2 -7.22142 0
      vertex -2 -7.22142 0
    endloop
  endfacet
  facet normal 0 0 -1
    outer loop
      vertex 0.431366 -47.2134 0
      vertex -0.431366 -47.2134 0
      vertex -0.820114 -45.9852 0
    endloop
  endfacet
  facet normal 0 0 -1
    outer loop
      vertex 2 -7.22142 0
      vertex 0.877899 -4.41353 0
      vertex 1.30627 -4.30623 0
    endloop
  endfacet
  facet normal 0 0 -1
    outer loop
      vertex 0.820114 -45.9852 0
      vertex -0.820114 -45.9852 0
      vertex -1.16144 -44.6617 0
    endloop
  endfacet
  facet normal 0 0 -1
    outer loop
      vertex 2 -7.22142 0
      vertex 0.441071 -4.47832 0
      vertex 0.877899 -4.41353 0
    endloop
  endfacet
  facet normal 0 0 -1
    outer loop
      vertex 1.16144 -44.6617 0
      vertex -1.16144 -44.6617 0
      vertex -1.48067 -43.6746 0
    endloop
  endfacet
  facet normal 0 0 -1
    outer loop
      vertex 2 -7.22142 0
      vertex 0 -4.5 0
      vertex 0.441071 -4.47832 0
    endloop
  endfacet
  facet normal 0 0 -1
    outer loop
      vertex 1.48067 -43.6746 0
      vertex -1.48067 -43.6746 0
      vertex -1.81796 -43.2795 0
    endloop
  endfacet
  facet normal -0 0 -1
    outer loop
      vertex 0 -4.5 0
      vertex -2 -7.22142 0
      vertex -0.441071 -4.47832 0
    endloop
  endfacet
  facet normal -0 0 -1
    outer loop
      vertex -0.441071 -4.47832 0
      vertex -2 -7.22142 0
      vertex -0.877899 -4.41353 0
    endloop
  endfacet
  facet normal 0 0 -1
    outer loop
      vertex 1.81796 -43.2795 0
      vertex -1.81796 -43.2795 0
      vertex -3.9818 -39.7471 0
    endloop
  endfacet
  facet normal -0 0 -1
    outer loop
      vertex 1.86349 -15.5453 0
      vertex -4.33305 -16.7498 0
      vertex 1.75 -15.516 0
    endloop
  endfacet
  facet normal -0 0 -1
    outer loop
      vertex 1.75 -15.516 0
      vertex -1.86349 -15.5453 0
      vertex -1.75 -15.516 0
    endloop
  endfacet
  facet normal 0 0 -1
    outer loop
      vertex 1.75 -15.516 0
      vertex -1.98459 -15.5789 0
      vertex -1.86349 -15.5453 0
    endloop
  endfacet
  facet normal 0 0 -1
    outer loop
      vertex -3.78627 -41.9787 0
      vertex -1.81796 -43.2795 0
      vertex -2.20123 -43.4434 0
    endloop
  endfacet
  facet normal 0 0 -1
    outer loop
      vertex 1.75 -15.516 0
      vertex -2.10507 -15.6146 0
      vertex -1.98459 -15.5789 0
    endloop
  endfacet
  facet normal 0 0 -1
    outer loop
      vertex 1.75 -15.516 0
      vertex -2.22491 -15.6524 0
      vertex -2.10507 -15.6146 0
    endloop
  endfacet
  facet normal 0 0 -1
    outer loop
      vertex 1.75 -15.516 0
      vertex -2.34409 -15.6923 0
      vertex -2.22491 -15.6524 0
    endloop
  endfacet
  facet normal 0 0 -1
    outer loop
      vertex 1.75 -15.516 0
      vertex -2.46254 -15.7342 0
      vertex -2.34409 -15.6923 0
    endloop
  endfacet
  facet normal 0 0 -1
    outer loop
      vertex -3.64473 -43.1703 0
      vertex -2.20123 -43.4434 0
      vertex -2.62396 -43.8706 0
    endloop
  endfacet
  facet normal 0 0 -1
    outer loop
      vertex 3.9818 -39.7471 0
      vertex -3.9818 -39.7471 0
      vertex -4.17877 -39.2601 0
    endloop
  endfacet
  facet normal 0 0 -1
    outer loop
      vertex 1.75 -15.516 0
      vertex -2.58025 -15.7782 0
      vertex -2.46254 -15.7342 0
    endloop
  endfacet
  facet normal 0 0 -1
    outer loop
      vertex 1.75 -15.516 0
      vertex -2.69716 -15.8243 0
      vertex -2.58025 -15.7782 0
    endloop
  endfacet
  facet normal 0 0 -1
    outer loop
      vertex -3.39729 -43.9497 0
      vertex -2.62396 -43.8706 0
      vertex -3.04265 -44.1496 0
    endloop
  endfacet
  facet normal 0 0 -1
    outer loop
      vertex 1.75 -15.516 0
      vertex -2.81326 -15.8724 0
      vertex -2.69716 -15.8243 0
    endloop
  endfacet
  facet normal 0 0 -1
    outer loop
      vertex 1.75 -15.516 0
      vertex -2.9285 -15.9225 0
      vertex -2.81326 -15.8724 0
    endloop
  endfacet
  facet normal 0 0 -1
    outer loop
      vertex 1.75 -15.516 0
      vertex -3.04285 -15.9746 0
      vertex -2.9285 -15.9225 0
    endloop
  endfacet
  facet normal 0 0 -1
    outer loop
      vertex 1.75 -15.516 0
      vertex -3.15627 -16.0287 0
      vertex -3.04285 -15.9746 0
    endloop
  endfacet
  facet normal -0 0 -1
    outer loop
      vertex -2.62396 -43.8706 0
      vertex -3.39729 -43.9497 0
      vertex -3.64473 -43.1703 0
    endloop
  endfacet
  facet normal 0 0 -1
    outer loop
      vertex 1.75 -15.516 0
      vertex -3.26872 -16.0848 0
      vertex -3.15627 -16.0287 0
    endloop
  endfacet
  facet normal 0 0 -1
    outer loop
      vertex 1.75 -15.516 0
      vertex -3.38019 -16.1428 0
      vertex -3.26872 -16.0848 0
    endloop
  endfacet
  facet normal 0 0 -1
    outer loop
      vertex -2.20123 -43.4434 0
      vertex -3.64473 -43.1703 0
      vertex -3.78627 -41.9787 0
    endloop
  endfacet
  facet normal 0 0 -1
    outer loop
      vertex -1.81796 -43.2795 0
      vertex -3.87268 -40.7195 0
      vertex -3.9818 -39.7471 0
    endloop
  endfacet
  facet normal 0 0 -1
    outer loop
      vertex -1.81796 -43.2795 0
      vertex -3.78627 -41.9787 0
      vertex -3.87268 -40.7195 0
    endloop
  endfacet
  facet normal 0 0 -1
    outer loop
      vertex 1.75 -15.516 0
      vertex -3.49062 -16.2027 0
      vertex -3.38019 -16.1428 0
    endloop
  endfacet
  facet normal 0 0 -1
    outer loop
      vertex 1.75 -15.516 0
      vertex -3.59999 -16.2646 0
      vertex -3.49062 -16.2027 0
    endloop
  endfacet
  facet normal 0 0 -1
    outer loop
      vertex 1.75 -15.516 0
      vertex -3.70827 -16.3284 0
      vertex -3.59999 -16.2646 0
    endloop
  endfacet
  facet normal 0 0 -1
    outer loop
      vertex 1.75 -15.516 0
      vertex -3.81541 -16.3941 0
      vertex -3.70827 -16.3284 0
    endloop
  endfacet
  facet normal 0 0 -1
    outer loop
      vertex 1.75 -15.516 0
      vertex -3.92139 -16.4616 0
      vertex -3.81541 -16.3941 0
    endloop
  endfacet
  facet normal 0 0 -1
    outer loop
      vertex 1.75 -15.516 0
      vertex -4.02618 -16.5309 0
      vertex -3.92139 -16.4616 0
    endloop
  endfacet
  facet normal 0 0 -1
    outer loop
      vertex 4.17877 -39.2601 0
      vertex -4.17877 -39.2601 0
      vertex -5.1546 -35.9282 0
    endloop
  endfacet
  facet normal 0 0 -1
    outer loop
      vertex 1.75 -15.516 0
      vertex -4.12975 -16.6021 0
      vertex -4.02618 -16.5309 0
    endloop
  endfacet
  facet normal 0 0 -1
    outer loop
      vertex 1.75 -15.516 0
      vertex -4.23204 -16.6751 0
      vertex -4.12975 -16.6021 0
    endloop
  endfacet
  facet normal 0 0 -1
    outer loop
      vertex -5.40941 -38.2101 0
      vertex -4.17877 -39.2601 0
      vertex -4.47954 -39.2179 0
    endloop
  endfacet
  facet normal 0 0 -1
    outer loop
      vertex 1.75 -15.516 0
      vertex -4.33305 -16.7498 0
      vertex -4.23204 -16.6751 0
    endloop
  endfacet
  facet normal 0 0 -1
    outer loop
      vertex -5.36948 -39.0256 0
      vertex -4.47954 -39.2179 0
      vertex -4.83783 -39.3715 0
    endloop
  endfacet
  facet normal 0 0 -1
    outer loop
      vertex 5.15311 -32.1916 0
      vertex -5.10033 -31.7012 0
      vertex 5.10033 -31.7012 0
    endloop
  endfacet
  facet normal 0 0 -1
    outer loop
      vertex -4.33305 -16.7498 0
      vertex -4.91891 -16.4256 0
      vertex -4.67091 -16.5215 0
    endloop
  endfacet
  facet normal -0 0 -1
    outer loop
      vertex 5.04646 -34.9904 0
      vertex -5.1546 -35.9282 0
      vertex -5.04646 -34.9904 0
    endloop
  endfacet
  facet normal 0 0 -1
    outer loop
      vertex -5.36948 -39.0256 0
      vertex -4.83783 -39.3715 0
      vertex -5.16429 -39.3916 0
    endloop
  endfacet
  facet normal 0 0 -1
    outer loop
      vertex -4.17877 -39.2601 0
      vertex -5.30962 -37.0881 0
      vertex -5.1546 -35.9282 0
    endloop
  endfacet
  facet normal 0 0 -1
    outer loop
      vertex -4.47954 -39.2179 0
      vertex -5.36948 -39.0256 0
      vertex -5.40941 -38.2101 0
    endloop
  endfacet
  facet normal 0 0 -1
    outer loop
      vertex -4.17877 -39.2601 0
      vertex -5.40941 -38.2101 0
      vertex -5.30962 -37.0881 0
    endloop
  endfacet
  facet normal 0 0 -1
    outer loop
      vertex 5.17462 -34.1224 0
      vertex 5.44005 -33.6537 0
      vertex 5.339 -33.9495 0
    endloop
  endfacet
  facet normal -0 0 -1
    outer loop
      vertex 5.44005 -33.6537 0
      vertex 5.17462 -34.1224 0
      vertex 5.38803 -33.0746 0
    endloop
  endfacet
  facet normal 0 0 -1
    outer loop
      vertex 5.17462 -34.1224 0
      vertex 5.15311 -32.1916 0
      vertex 5.38803 -33.0746 0
    endloop
  endfacet
  facet normal 0 0 -1
    outer loop
      vertex 5.05345 -34.4052 0
      vertex 5.15311 -32.1916 0
      vertex 5.17462 -34.1224 0
    endloop
  endfacet
  facet normal 0 0 -1
    outer loop
      vertex -5.05345 -34.4052 0
      vertex 5.15311 -32.1916 0
      vertex 5.05345 -34.4052 0
    endloop
  endfacet
  facet normal 0 0 -1
    outer loop
      vertex -5.1546 -35.9282 0
      vertex 5.1546 -35.9282 0
      vertex 4.17877 -39.2601 0
    endloop
  endfacet
  facet normal -0 0 -1
    outer loop
      vertex 5.30962 -37.0881 0
      vertex 4.17877 -39.2601 0
      vertex 5.1546 -35.9282 0
    endloop
  endfacet
  facet normal 0 0 -1
    outer loop
      vertex 5.10033 -31.7012 0
      vertex 4.91891 -16.4256 0
      vertex 5.07019 -16.4576 0
    endloop
  endfacet
  facet normal 0 0 -1
    outer loop
      vertex 14.1622 -36.1762 0
      vertex 14.8413 -35.8631 0
      vertex 14.7126 -36.2198 0
    endloop
  endfacet
  facet normal -0 0 -1
    outer loop
      vertex 14.8413 -35.8631 0
      vertex 14.1622 -36.1762 0
      vertex 14.7303 -35.3049 0
    endloop
  endfacet
  facet normal 0 0 -1
    outer loop
      vertex 13.2358 -35.7358 0
      vertex 14.7303 -35.3049 0
      vertex 14.1622 -36.1762 0
    endloop
  endfacet
  facet normal -0 0 -1
    outer loop
      vertex 14.7303 -35.3049 0
      vertex 13.2358 -35.7358 0
      vertex 14.7068 -34.8405 0
    endloop
  endfacet
  facet normal 0 0 -1
    outer loop
      vertex 12.1679 -35.1003 0
      vertex 14.7068 -34.8405 0
      vertex 13.2358 -35.7358 0
    endloop
  endfacet
  facet normal 0 0 -1
    outer loop
      vertex 11.2476 -34.5616 0
      vertex 14.7068 -34.8405 0
      vertex 12.1679 -35.1003 0
    endloop
  endfacet
  facet normal 0 0 -1
    outer loop
      vertex 10.6664 -34.3462 0
      vertex 14.7799 -28.4715 0
      vertex 11.2476 -34.5616 0
    endloop
  endfacet
  facet normal 0 -0 -1
    outer loop
      vertex 12.6184 -25.8811 0
      vertex 14.7799 -28.4715 0
      vertex 10.6664 -34.3462 0
    endloop
  endfacet
  facet normal 0 0 -1
    outer loop
      vertex 14.8392 -28.1962 0
      vertex 13.6074 -26.4019 0
      vertex 14.5677 -26.9538 0
    endloop
  endfacet
  facet normal 0 0 -1
    outer loop
      vertex 14.7799 -28.4715 0
      vertex 12.6184 -25.8811 0
      vertex 13.6074 -26.4019 0
    endloop
  endfacet
  facet normal 0 0 -1
    outer loop
      vertex 7.49295 -33.201 0
      vertex 12.6184 -25.8811 0
      vertex 10.6664 -34.3462 0
    endloop
  endfacet
  facet normal -0 0 -1
    outer loop
      vertex 12.6184 -25.8811 0
      vertex 7.49295 -33.201 0
      vertex 11.8811 -25.4623 0
    endloop
  endfacet
  facet normal 0 0 -1
    outer loop
      vertex 6.84723 -32.6514 0
      vertex 11.8811 -25.4623 0
      vertex 7.49295 -33.201 0
    endloop
  endfacet
  facet normal -0 0 -1
    outer loop
      vertex 11.8811 -25.4623 0
      vertex 6.84723 -32.6514 0
      vertex 11.5138 -25.1582 0
    endloop
  endfacet
  facet normal 0 0 -1
    outer loop
      vertex 6.43582 -32.4103 0
      vertex 11.5138 -25.1582 0
      vertex 6.84723 -32.6514 0
    endloop
  endfacet
  facet normal 0 0 -1
    outer loop
      vertex 8.32054 -33.9523 0
      vertex 10.6664 -34.3462 0
      vertex 10.428 -34.496 0
    endloop
  endfacet
  facet normal 0 -0 -1
    outer loop
      vertex 9.41249 -23.8228 0
      vertex 11.5138 -25.1582 0
      vertex 6.43582 -32.4103 0
    endloop
  endfacet
  facet normal 0 0 -1
    outer loop
      vertex 9.84192 -35.0971 0
      vertex 10.428 -34.496 0
      vertex 10.3625 -34.8496 0
    endloop
  endfacet
  facet normal 0 0 -1
    outer loop
      vertex 9.84192 -35.0971 0
      vertex 10.3625 -34.8496 0
      vertex 10.2282 -35.1308 0
    endloop
  endfacet
  facet normal 0 0 -1
    outer loop
      vertex 10.428 -34.496 0
      vertex 9.84192 -35.0971 0
      vertex 9.16762 -34.6658 0
    endloop
  endfacet
  facet normal -0 0 -1
    outer loop
      vertex 10.428 -34.496 0
      vertex 9.16762 -34.6658 0
      vertex 8.32054 -33.9523 0
    endloop
  endfacet
  facet normal 0 0 -1
    outer loop
      vertex 10.6664 -34.3462 0
      vertex 8.32054 -33.9523 0
      vertex 7.49295 -33.201 0
    endloop
  endfacet
  facet normal -0 -0 -1
    outer loop
      vertex 10.3908 -24.1457 0
      vertex 11.5138 -25.1582 0
      vertex 9.41249 -23.8228 0
    endloop
  endfacet
  facet normal -0 -0 -1
    outer loop
      vertex 11.0538 -24.4491 0
      vertex 11.42 -24.9274 0
      vertex 10.3908 -24.1457 0
    endloop
  endfacet
  facet normal 0 0 -1
    outer loop
      vertex 11.42 -24.9274 0
      vertex 11.0538 -24.4491 0
      vertex 11.3526 -24.7067 0
    endloop
  endfacet
  facet normal 0 0 -1
    outer loop
      vertex 11.5138 -25.1582 0
      vertex 10.3908 -24.1457 0
      vertex 11.42 -24.9274 0
    endloop
  endfacet
  facet normal 0 0 -1
    outer loop
      vertex 5.10033 -31.7012 0
      vertex 9.41249 -23.8228 0
      vertex 6.43582 -32.4103 0
    endloop
  endfacet
  facet normal 0 0 -1
    outer loop
      vertex 7.17259 -23.1275 0
      vertex 7.16055 -21.7474 0
      vertex 7.17259 -21.8725 0
    endloop
  endfacet
  facet normal 0 0 -1
    outer loop
      vertex 7.17259 -23.1275 0
      vertex 7.14633 -21.6225 0
      vertex 7.16055 -21.7474 0
    endloop
  endfacet
  facet normal -0 0 -1
    outer loop
      vertex 9.41249 -23.8228 0
      vertex 5.10033 -31.7012 0
      vertex 8.30289 -23.5195 0
    endloop
  endfacet
  facet normal -0 0 -1
    outer loop
      vertex 8.30289 -23.5195 0
      vertex 5.10033 -31.7012 0
      vertex 7.26094 -23.2632 0
    endloop
  endfacet
  facet normal -0 0 -1
    outer loop
      vertex 7.26094 -23.2632 0
      vertex 5.10033 -31.7012 0
      vertex 7.17259 -23.1275 0
    endloop
  endfacet
  facet normal 0 0 -1
    outer loop
      vertex 5.07019 -16.4576 0
      vertex 7.17259 -23.1275 0
      vertex 5.10033 -31.7012 0
    endloop
  endfacet
  facet normal 0 -0 -1
    outer loop
      vertex 7.61775 -14.8822 0
      vertex 7.94418 -15.347 0
      vertex 7.07005 -15.1787 0
    endloop
  endfacet
  facet normal 0 0 -1
    outer loop
      vertex 5.10033 -31.7012 0
      vertex 6.43582 -32.4103 0
      vertex 6.18686 -32.4011 0
    endloop
  endfacet
  facet normal 0 0 -1
    outer loop
      vertex 5.61217 -32.2206 0
      vertex 6.18686 -32.4011 0
      vertex 5.95644 -32.4132 0
    endloop
  endfacet
  facet normal 0 0 -1
    outer loop
      vertex 8.36623 -20.7217 0
      vertex 5.72316 -16.1438 0
      vertex 6.36658 -15.6727 0
    endloop
  endfacet
  facet normal 0 0 -1
    outer loop
      vertex 6.18686 -32.4011 0
      vertex 5.61217 -32.2206 0
      vertex 5.10033 -31.7012 0
    endloop
  endfacet
  facet normal 0 0 -1
    outer loop
      vertex 7.17259 -23.1275 0
      vertex 5.07019 -16.4576 0
      vertex 7.14633 -21.6225 0
    endloop
  endfacet
  facet normal 0 0 -1
    outer loop
      vertex 7.91829 -20.9608 0
      vertex 5.2921 -16.4121 0
      vertex 5.72316 -16.1438 0
    endloop
  endfacet
  facet normal 0 0 -1
    outer loop
      vertex 7.14633 -21.6225 0
      vertex 5.07019 -16.4576 0
      vertex 5.2921 -16.4121 0
    endloop
  endfacet
  facet normal 0 0 -1
    outer loop
      vertex 7.1989 -22.6257 0
      vertex 7.1989 -22.3743 0
      vertex 7.2 -22.5 0
    endloop
  endfacet
  facet normal 0 0 -1
    outer loop
      vertex 7.1956 -22.7513 0
      vertex 7.1989 -22.3743 0
      vertex 7.1989 -22.6257 0
    endloop
  endfacet
  facet normal 0 0 -1
    outer loop
      vertex 7.1956 -22.7513 0
      vertex 7.1956 -22.2487 0
      vertex 7.1989 -22.3743 0
    endloop
  endfacet
  facet normal 0 0 -1
    outer loop
      vertex 7.19012 -22.8768 0
      vertex 7.1956 -22.2487 0
      vertex 7.1956 -22.7513 0
    endloop
  endfacet
  facet normal 0 0 -1
    outer loop
      vertex 7.19012 -22.8768 0
      vertex 7.19012 -22.1232 0
      vertex 7.1956 -22.2487 0
    endloop
  endfacet
  facet normal 0 0 -1
    outer loop
      vertex 7.18245 -23.0022 0
      vertex 7.19012 -22.1232 0
      vertex 7.19012 -22.8768 0
    endloop
  endfacet
  facet normal 0 0 -1
    outer loop
      vertex 7.18245 -23.0022 0
      vertex 7.18245 -21.9978 0
      vertex 7.19012 -22.1232 0
    endloop
  endfacet
  facet normal 0 0 -1
    outer loop
      vertex 7.17259 -23.1275 0
      vertex 7.18245 -21.9978 0
      vertex 7.18245 -23.0022 0
    endloop
  endfacet
  facet normal -0 0 -1
    outer loop
      vertex 7.18245 -21.9978 0
      vertex 7.17259 -23.1275 0
      vertex 7.17259 -21.8725 0
    endloop
  endfacet
  facet normal -0 0 -1
    outer loop
      vertex -0.877899 -4.41353 0
      vertex -2 -7.22142 0
      vertex -1.30627 -4.30623 0
    endloop
  endfacet
  facet normal 0 0 -1
    outer loop
      vertex -2 -7.22142 0
      vertex -1.75 -11 0
      vertex -2 -11 0
    endloop
  endfacet
  facet normal 0 0 -1
    outer loop
      vertex -2.17712 -7.17705 0
      vertex -1.30627 -4.30623 0
      vertex -2 -7.22142 0
    endloop
  endfacet
  facet normal -0 0 -1
    outer loop
      vertex -1.30627 -4.30623 0
      vertex -2.17712 -7.17705 0
      vertex -1.72206 -4.15746 0
    endloop
  endfacet
  facet normal 0 0 -1
    outer loop
      vertex -2.87012 -6.92909 0
      vertex -1.72206 -4.15746 0
      vertex -2.17712 -7.17705 0
    endloop
  endfacet
  facet normal -0 0 -1
    outer loop
      vertex -1.72206 -4.15746 0
      vertex -2.87012 -6.92909 0
      vertex -2.12128 -3.96864 0
    endloop
  endfacet
  facet normal 0 0 -1
    outer loop
      vertex -3.53546 -6.6144 0
      vertex -2.12128 -3.96864 0
      vertex -2.87012 -6.92909 0
    endloop
  endfacet
  facet normal -0 0 -1
    outer loop
      vertex -2.12128 -3.96864 0
      vertex -3.53546 -6.6144 0
      vertex -2.50006 -3.74161 0
    endloop
  endfacet
  facet normal 0 0 -1
    outer loop
      vertex -4.16676 -6.23601 0
      vertex -2.50006 -3.74161 0
      vertex -3.53546 -6.6144 0
    endloop
  endfacet
  facet normal -0 0 -1
    outer loop
      vertex -2.50006 -3.74161 0
      vertex -4.16676 -6.23601 0
      vertex -2.85477 -3.47855 0
    endloop
  endfacet
  facet normal 0 0 -1
    outer loop
      vertex -4.75793 -5.79758 0
      vertex -2.85477 -3.47855 0
      vertex -4.16676 -6.23601 0
    endloop
  endfacet
  facet normal -0 0 -1
    outer loop
      vertex -2.85477 -3.47855 0
      vertex -4.75793 -5.79758 0
      vertex -3.18198 -3.18198 0
    endloop
  endfacet
  facet normal 0 0 -1
    outer loop
      vertex -5.3033 -5.3033 0
      vertex -3.18198 -3.18198 0
      vertex -4.75793 -5.79758 0
    endloop
  endfacet
  facet normal -0 0 -1
    outer loop
      vertex -3.18198 -3.18198 0
      vertex -5.3033 -5.3033 0
      vertex -3.47855 -2.85477 0
    endloop
  endfacet
  facet normal 0 0 -1
    outer loop
      vertex -5.79758 -4.75793 0
      vertex -3.47855 -2.85477 0
      vertex -5.3033 -5.3033 0
    endloop
  endfacet
  facet normal -0 0 -1
    outer loop
      vertex -3.47855 -2.85477 0
      vertex -5.79758 -4.75793 0
      vertex -3.74161 -2.50006 0
    endloop
  endfacet
  facet normal 0 0 -1
    outer loop
      vertex -6.23601 -4.16676 0
      vertex -3.74161 -2.50006 0
      vertex -5.79758 -4.75793 0
    endloop
  endfacet
  facet normal -0 0 -1
    outer loop
      vertex -3.74161 -2.50006 0
      vertex -6.23601 -4.16676 0
      vertex -3.96864 -2.12128 0
    endloop
  endfacet
  facet normal -0 0 -1
    outer loop
      vertex -3.96864 -2.12128 0
      vertex -6.6144 -3.53546 0
      vertex -4.15746 -1.72206 0
    endloop
  endfacet
  facet normal 0 0 -1
    outer loop
      vertex -6.6144 -3.53546 0
      vertex -3.96864 -2.12128 0
      vertex -6.23601 -4.16676 0
    endloop
  endfacet
  facet normal 0 0 1
    outer loop
      vertex 4.5 0 2.4
      vertex 7.5 0 2.4
      vertex 7.46388 0.735123 2.4
    endloop
  endfacet
  facet normal 0 0 1
    outer loop
      vertex 4.47832 0.441071 2.4
      vertex 7.46388 0.735123 2.4
      vertex 7.35588 1.46317 2.4
    endloop
  endfacet
  facet normal 0 0 1
    outer loop
      vertex 7.5 0 2.4
      vertex 4.5 0 2.4
      vertex 7.46388 -0.735123 2.4
    endloop
  endfacet
  facet normal 0 0 1
    outer loop
      vertex 4.41353 0.877899 2.4
      vertex 7.35588 1.46317 2.4
      vertex 7.17705 2.17712 2.4
    endloop
  endfacet
  facet normal -0 0 1
    outer loop
      vertex 4.47832 -0.441071 2.4
      vertex 7.46388 -0.735123 2.4
      vertex 4.5 0 2.4
    endloop
  endfacet
  facet normal 0 0 1
    outer loop
      vertex 4.30623 1.30627 2.4
      vertex 7.17705 2.17712 2.4
      vertex 6.92909 2.87012 2.4
    endloop
  endfacet
  facet normal 0 0 1
    outer loop
      vertex 7.46388 -0.735123 2.4
      vertex 4.47832 -0.441071 2.4
      vertex 7.35588 -1.46317 2.4
    endloop
  endfacet
  facet normal 0 0 1
    outer loop
      vertex 4.15746 1.72206 2.4
      vertex 6.92909 2.87012 2.4
      vertex 6.6144 3.53546 2.4
    endloop
  endfacet
  facet normal -0 0 1
    outer loop
      vertex 4.41353 -0.877899 2.4
      vertex 7.35588 -1.46317 2.4
      vertex 4.47832 -0.441071 2.4
    endloop
  endfacet
  facet normal 0 0 1
    outer loop
      vertex 3.96864 2.12128 2.4
      vertex 6.6144 3.53546 2.4
      vertex 6.23601 4.16676 2.4
    endloop
  endfacet
  facet normal 0 0 1
    outer loop
      vertex 7.35588 -1.46317 2.4
      vertex 4.41353 -0.877899 2.4
      vertex 7.17705 -2.17712 2.4
    endloop
  endfacet
  facet normal 0 0 1
    outer loop
      vertex 3.74161 2.50006 2.4
      vertex 6.23601 4.16676 2.4
      vertex 5.79758 4.75793 2.4
    endloop
  endfacet
  facet normal -0 0 1
    outer loop
      vertex 4.30623 -1.30627 2.4
      vertex 7.17705 -2.17712 2.4
      vertex 4.41353 -0.877899 2.4
    endloop
  endfacet
  facet normal 0 0 1
    outer loop
      vertex 3.47855 2.85477 2.4
      vertex 5.79758 4.75793 2.4
      vertex 5.3033 5.3033 2.4
    endloop
  endfacet
  facet normal 0 0 1
    outer loop
      vertex 7.17705 -2.17712 2.4
      vertex 4.30623 -1.30627 2.4
      vertex 6.92909 -2.87012 2.4
    endloop
  endfacet
  facet normal 0 0 1
    outer loop
      vertex 3.18198 3.18198 2.4
      vertex 5.3033 5.3033 2.4
      vertex 4.75793 5.79758 2.4
    endloop
  endfacet
  facet normal -0 0 1
    outer loop
      vertex 4.15746 -1.72206 2.4
      vertex 6.92909 -2.87012 2.4
      vertex 4.30623 -1.30627 2.4
    endloop
  endfacet
  facet normal 0 0 1
    outer loop
      vertex 6.92909 -2.87012 2.4
      vertex 4.15746 -1.72206 2.4
      vertex 6.6144 -3.53546 2.4
    endloop
  endfacet
  facet normal 0 0 1
    outer loop
      vertex 7.46388 0.735123 2.4
      vertex 4.47832 0.441071 2.4
      vertex 4.5 0 2.4
    endloop
  endfacet
  facet normal 0 0 1
    outer loop
      vertex 7.35588 1.46317 2.4
      vertex 4.41353 0.877899 2.4
      vertex 4.47832 0.441071 2.4
    endloop
  endfacet
  facet normal 0 0 1
    outer loop
      vertex 7.17705 2.17712 2.4
      vertex 4.30623 1.30627 2.4
      vertex 4.41353 0.877899 2.4
    endloop
  endfacet
  facet normal 0 0 1
    outer loop
      vertex 2.85477 3.47855 2.4
      vertex 4.75793 5.79758 2.4
      vertex 4.16676 6.23601 2.4
    endloop
  endfacet
  facet normal 0 0 1
    outer loop
      vertex 6.92909 2.87012 2.4
      vertex 4.15746 1.72206 2.4
      vertex 4.30623 1.30627 2.4
    endloop
  endfacet
  facet normal 0 0 1
    outer loop
      vertex 6.6144 3.53546 2.4
      vertex 3.96864 2.12128 2.4
      vertex 4.15746 1.72206 2.4
    endloop
  endfacet
  facet normal 0 0 1
    outer loop
      vertex 6.23601 4.16676 2.4
      vertex 3.74161 2.50006 2.4
      vertex 3.96864 2.12128 2.4
    endloop
  endfacet
  facet normal 0 0 1
    outer loop
      vertex 2.50006 3.74161 2.4
      vertex 4.16676 6.23601 2.4
      vertex 3.53546 6.6144 2.4
    endloop
  endfacet
  facet normal 0 0 1
    outer loop
      vertex 5.79758 4.75793 2.4
      vertex 3.47855 2.85477 2.4
      vertex 3.74161 2.50006 2.4
    endloop
  endfacet
  facet normal 0 0 1
    outer loop
      vertex 5.3033 5.3033 2.4
      vertex 3.18198 3.18198 2.4
      vertex 3.47855 2.85477 2.4
    endloop
  endfacet
  facet normal 0 0 1
    outer loop
      vertex 2.12128 3.96864 2.4
      vertex 3.53546 6.6144 2.4
      vertex 2.87012 6.92909 2.4
    endloop
  endfacet
  facet normal 0 0 1
    outer loop
      vertex 4.75793 5.79758 2.4
      vertex 2.85477 3.47855 2.4
      vertex 3.18198 3.18198 2.4
    endloop
  endfacet
  facet normal 0 0 1
    outer loop
      vertex 4.16676 6.23601 2.4
      vertex 2.50006 3.74161 2.4
      vertex 2.85477 3.47855 2.4
    endloop
  endfacet
  facet normal 0 0 1
    outer loop
      vertex 1.72206 4.15746 2.4
      vertex 2.87012 6.92909 2.4
      vertex 2.17712 7.17705 2.4
    endloop
  endfacet
  facet normal 0 0 1
    outer loop
      vertex 3.53546 6.6144 2.4
      vertex 2.12128 3.96864 2.4
      vertex 2.50006 3.74161 2.4
    endloop
  endfacet
  facet normal 0 0 1
    outer loop
      vertex 2.87012 6.92909 2.4
      vertex 1.72206 4.15746 2.4
      vertex 2.12128 3.96864 2.4
    endloop
  endfacet
  facet normal 0 0 1
    outer loop
      vertex 1.30627 4.30623 2.4
      vertex 2.17712 7.17705 2.4
      vertex 1.46317 7.35588 2.4
    endloop
  endfacet
  facet normal 0 0 1
    outer loop
      vertex 2.17712 7.17705 2.4
      vertex 1.30627 4.30623 2.4
      vertex 1.72206 4.15746 2.4
    endloop
  endfacet
  facet normal 0 0 1
    outer loop
      vertex 1.46317 7.35588 2.4
      vertex 0.877899 4.41353 2.4
      vertex 1.30627 4.30623 2.4
    endloop
  endfacet
  facet normal 0 0 1
    outer loop
      vertex 0.735123 7.46388 2.4
      vertex 0.877899 4.41353 2.4
      vertex 1.46317 7.35588 2.4
    endloop
  endfacet
  facet normal 0 0 1
    outer loop
      vertex 0.735123 7.46388 2.4
      vertex 0.441071 4.47832 2.4
      vertex 0.877899 4.41353 2.4
    endloop
  endfacet
  facet normal 0 0 1
    outer loop
      vertex 0 7.5 2.4
      vertex 0.441071 4.47832 2.4
      vertex 0.735123 7.46388 2.4
    endloop
  endfacet
  facet normal 0 0 1
    outer loop
      vertex 0 7.5 2.4
      vertex 0 4.5 2.4
      vertex 0.441071 4.47832 2.4
    endloop
  endfacet
  facet normal 0 0 1
    outer loop
      vertex 0 7.5 2.4
      vertex -0.441071 4.47832 2.4
      vertex 0 4.5 2.4
    endloop
  endfacet
  facet normal -0 0 1
    outer loop
      vertex -0.735123 7.46388 2.4
      vertex -0.441071 4.47832 2.4
      vertex 0 7.5 2.4
    endloop
  endfacet
  facet normal 0 0 1
    outer loop
      vertex -0.735123 7.46388 2.4
      vertex -0.877899 4.41353 2.4
      vertex -0.441071 4.47832 2.4
    endloop
  endfacet
  facet normal -0 0 1
    outer loop
      vertex -1.46317 7.35588 2.4
      vertex -0.877899 4.41353 2.4
      vertex -0.735123 7.46388 2.4
    endloop
  endfacet
  facet normal 0 0 1
    outer loop
      vertex -0.877899 4.41353 2.4
      vertex -1.46317 7.35588 2.4
      vertex -1.30627 4.30623 2.4
    endloop
  endfacet
  facet normal -0 0 1
    outer loop
      vertex -2.17712 7.17705 2.4
      vertex -1.30627 4.30623 2.4
      vertex -1.46317 7.35588 2.4
    endloop
  endfacet
  facet normal 0 0 1
    outer loop
      vertex -1.30627 4.30623 2.4
      vertex -2.17712 7.17705 2.4
      vertex -1.72206 4.15746 2.4
    endloop
  endfacet
  facet normal -0 0 1
    outer loop
      vertex -2.87012 6.92909 2.4
      vertex -1.72206 4.15746 2.4
      vertex -2.17712 7.17705 2.4
    endloop
  endfacet
  facet normal 0 0 1
    outer loop
      vertex -1.72206 4.15746 2.4
      vertex -2.87012 6.92909 2.4
      vertex -2.12128 3.96864 2.4
    endloop
  endfacet
  facet normal -0 0 1
    outer loop
      vertex -3.53546 6.6144 2.4
      vertex -2.12128 3.96864 2.4
      vertex -2.87012 6.92909 2.4
    endloop
  endfacet
  facet normal 0 0 1
    outer loop
      vertex -2.12128 3.96864 2.4
      vertex -3.53546 6.6144 2.4
      vertex -2.50006 3.74161 2.4
    endloop
  endfacet
  facet normal -0 0 1
    outer loop
      vertex -4.16676 6.23601 2.4
      vertex -2.50006 3.74161 2.4
      vertex -3.53546 6.6144 2.4
    endloop
  endfacet
  facet normal 0 0 1
    outer loop
      vertex -2.50006 3.74161 2.4
      vertex -4.16676 6.23601 2.4
      vertex -2.85477 3.47855 2.4
    endloop
  endfacet
  facet normal -0 0 1
    outer loop
      vertex -4.75793 5.79758 2.4
      vertex -2.85477 3.47855 2.4
      vertex -4.16676 6.23601 2.4
    endloop
  endfacet
  facet normal 0 0 1
    outer loop
      vertex -2.85477 3.47855 2.4
      vertex -4.75793 5.79758 2.4
      vertex -3.18198 3.18198 2.4
    endloop
  endfacet
  facet normal -0 0 1
    outer loop
      vertex -5.3033 5.3033 2.4
      vertex -3.18198 3.18198 2.4
      vertex -4.75793 5.79758 2.4
    endloop
  endfacet
  facet normal 0 0 1
    outer loop
      vertex -3.18198 3.18198 2.4
      vertex -5.3033 5.3033 2.4
      vertex -3.47855 2.85477 2.4
    endloop
  endfacet
  facet normal -0 0 1
    outer loop
      vertex -5.79758 4.75793 2.4
      vertex -3.47855 2.85477 2.4
      vertex -5.3033 5.3033 2.4
    endloop
  endfacet
  facet normal 0 0 1
    outer loop
      vertex -3.47855 2.85477 2.4
      vertex -5.79758 4.75793 2.4
      vertex -3.74161 2.50006 2.4
    endloop
  endfacet
  facet normal -0 0 1
    outer loop
      vertex -6.23601 4.16676 2.4
      vertex -3.74161 2.50006 2.4
      vertex -5.79758 4.75793 2.4
    endloop
  endfacet
  facet normal 0 0 1
    outer loop
      vertex -3.74161 2.50006 2.4
      vertex -6.23601 4.16676 2.4
      vertex -3.96864 2.12128 2.4
    endloop
  endfacet
  facet normal 0 0 1
    outer loop
      vertex -3.96864 2.12128 2.4
      vertex -6.6144 3.53546 2.4
      vertex -4.15746 1.72206 2.4
    endloop
  endfacet
  facet normal -0 0 1
    outer loop
      vertex -6.6144 3.53546 2.4
      vertex -3.96864 2.12128 2.4
      vertex -6.23601 4.16676 2.4
    endloop
  endfacet
  facet normal -0 0 1
    outer loop
      vertex 3.96864 -2.12128 2.4
      vertex 6.6144 -3.53546 2.4
      vertex 4.15746 -1.72206 2.4
    endloop
  endfacet
  facet normal 0 0 1
    outer loop
      vertex 6.6144 -3.53546 2.4
      vertex 3.96864 -2.12128 2.4
      vertex 6.23601 -4.16676 2.4
    endloop
  endfacet
  facet normal -0 0 1
    outer loop
      vertex 3.74161 -2.50006 2.4
      vertex 6.23601 -4.16676 2.4
      vertex 3.96864 -2.12128 2.4
    endloop
  endfacet
  facet normal 0 0 1
    outer loop
      vertex 6.23601 -4.16676 2.4
      vertex 3.74161 -2.50006 2.4
      vertex 5.79758 -4.75793 2.4
    endloop
  endfacet
  facet normal -0 0 1
    outer loop
      vertex 3.47855 -2.85477 2.4
      vertex 5.79758 -4.75793 2.4
      vertex 3.74161 -2.50006 2.4
    endloop
  endfacet
  facet normal 0 0 1
    outer loop
      vertex 5.79758 -4.75793 2.4
      vertex 3.47855 -2.85477 2.4
      vertex 5.3033 -5.3033 2.4
    endloop
  endfacet
  facet normal -0 0 1
    outer loop
      vertex 3.18198 -3.18198 2.4
      vertex 5.3033 -5.3033 2.4
      vertex 3.47855 -2.85477 2.4
    endloop
  endfacet
  facet normal 0 0 1
    outer loop
      vertex 5.3033 -5.3033 2.4
      vertex 3.18198 -3.18198 2.4
      vertex 4.75793 -5.79758 2.4
    endloop
  endfacet
  facet normal -0 0 1
    outer loop
      vertex 2.85477 -3.47855 2.4
      vertex 4.75793 -5.79758 2.4
      vertex 3.18198 -3.18198 2.4
    endloop
  endfacet
  facet normal 0 0 1
    outer loop
      vertex 4.75793 -5.79758 2.4
      vertex 2.85477 -3.47855 2.4
      vertex 4.16676 -6.23601 2.4
    endloop
  endfacet
  facet normal -0 0 1
    outer loop
      vertex 2.50006 -3.74161 2.4
      vertex 4.16676 -6.23601 2.4
      vertex 2.85477 -3.47855 2.4
    endloop
  endfacet
  facet normal 0 0 1
    outer loop
      vertex 4.16676 -6.23601 2.4
      vertex 2.50006 -3.74161 2.4
      vertex 3.53546 -6.6144 2.4
    endloop
  endfacet
  facet normal -0 0 1
    outer loop
      vertex 2.12128 -3.96864 2.4
      vertex 3.53546 -6.6144 2.4
      vertex 2.50006 -3.74161 2.4
    endloop
  endfacet
  facet normal 0 0 1
    outer loop
      vertex 3.53546 -6.6144 2.4
      vertex 2.12128 -3.96864 2.4
      vertex 2.87012 -6.92909 2.4
    endloop
  endfacet
  facet normal -0 0 1
    outer loop
      vertex 1.72206 -4.15746 2.4
      vertex 2.87012 -6.92909 2.4
      vertex 2.12128 -3.96864 2.4
    endloop
  endfacet
  facet normal 0 0 1
    outer loop
      vertex 2.87012 -6.92909 2.4
      vertex 1.72206 -4.15746 2.4
      vertex 2.17712 -7.17705 2.4
    endloop
  endfacet
  facet normal 0 0 1
    outer loop
      vertex 2 -7.22142 2.4
      vertex 1.75 -11 2.4
      vertex 2 -11 2.4
    endloop
  endfacet
  facet normal -0 0 1
    outer loop
      vertex 1.30627 -4.30623 2.4
      vertex 2.17712 -7.17705 2.4
      vertex 1.72206 -4.15746 2.4
    endloop
  endfacet
  facet normal -0 0 1
    outer loop
      vertex 0.877899 -4.41353 2.4
      vertex 2 -7.22142 2.4
      vertex 1.30627 -4.30623 2.4
    endloop
  endfacet
  facet normal 0 0 1
    outer loop
      vertex 2.17712 -7.17705 2.4
      vertex 1.30627 -4.30623 2.4
      vertex 2 -7.22142 2.4
    endloop
  endfacet
  facet normal 0 0 1
    outer loop
      vertex 8.46759 -17.1171 2.4
      vertex 7.45122 -16.7623 2.4
      vertex 7.50264 -17.0041 2.4
    endloop
  endfacet
  facet normal 0 0 1
    outer loop
      vertex 7.94418 -15.347 2.4
      vertex 7.26752 -16.5969 2.4
      vertex 7.45122 -16.7623 2.4
    endloop
  endfacet
  facet normal 0 0 1
    outer loop
      vertex 7.94418 -15.347 2.4
      vertex 7.07005 -15.1787 2.4
      vertex 7.26752 -16.5969 2.4
    endloop
  endfacet
  facet normal 0 0 1
    outer loop
      vertex 7.26752 -16.5969 2.4
      vertex 7.07005 -15.1787 2.4
      vertex 7.15541 -16.5851 2.4
    endloop
  endfacet
  facet normal -0 0 1
    outer loop
      vertex 6.36658 -15.6727 2.4
      vertex 7.15541 -16.5851 2.4
      vertex 7.07005 -15.1787 2.4
    endloop
  endfacet
  facet normal 0 0 1
    outer loop
      vertex 7.15541 -16.5851 2.4
      vertex 6.36658 -15.6727 2.4
      vertex 7.06564 -16.6481 2.4
    endloop
  endfacet
  facet normal 0 0 1
    outer loop
      vertex 7.06564 -16.6481 2.4
      vertex 6.36658 -15.6727 2.4
      vertex 6.71349 -16.906 2.4
    endloop
  endfacet
  facet normal -0 0 1
    outer loop
      vertex 5.72316 -16.1438 2.4
      vertex 6.71349 -16.906 2.4
      vertex 6.36658 -15.6727 2.4
    endloop
  endfacet
  facet normal 0 0 1
    outer loop
      vertex 6.71349 -16.906 2.4
      vertex 5.72316 -16.1438 2.4
      vertex 6.70702 -16.9205 2.4
    endloop
  endfacet
  facet normal -0 0 1
    outer loop
      vertex 5.2921 -16.4121 2.4
      vertex 6.70702 -16.9205 2.4
      vertex 5.72316 -16.1438 2.4
    endloop
  endfacet
  facet normal 0 0 1
    outer loop
      vertex 6.70702 -16.9205 2.4
      vertex 5.2921 -16.4121 2.4
      vertex 6.14803 -18.4563 2.4
    endloop
  endfacet
  facet normal -0 0 1
    outer loop
      vertex 5.07019 -16.4576 2.4
      vertex 6.14803 -18.4563 2.4
      vertex 5.2921 -16.4121 2.4
    endloop
  endfacet
  facet normal 0 0 1
    outer loop
      vertex 4.67091 -16.5215 2.4
      vertex 5.07019 -16.4576 2.4
      vertex 4.91891 -16.4256 2.4
    endloop
  endfacet
  facet normal 0 0 1
    outer loop
      vertex 4.33305 -16.7498 2.4
      vertex 5.07019 -16.4576 2.4
      vertex 4.67091 -16.5215 2.4
    endloop
  endfacet
  facet normal 0 0 1
    outer loop
      vertex 5.07019 -16.4576 2.4
      vertex 4.33305 -16.7498 2.4
      vertex 6.14803 -18.4563 2.4
    endloop
  endfacet
  facet normal 0 0 1
    outer loop
      vertex 2.26366 -20.6989 2.4
      vertex 4.33305 -16.7498 2.4
      vertex 4.23204 -16.6751 2.4
    endloop
  endfacet
  facet normal 0 0 1
    outer loop
      vertex 2.26366 -20.6989 2.4
      vertex 4.23204 -16.6751 2.4
      vertex 4.12975 -16.6021 2.4
    endloop
  endfacet
  facet normal 0 0 1
    outer loop
      vertex 2.26366 -20.6989 2.4
      vertex 4.12975 -16.6021 2.4
      vertex 4.02618 -16.5309 2.4
    endloop
  endfacet
  facet normal 0 0 1
    outer loop
      vertex 2.26366 -20.6989 2.4
      vertex 4.02618 -16.5309 2.4
      vertex 3.92139 -16.4616 2.4
    endloop
  endfacet
  facet normal 0 0 1
    outer loop
      vertex 2.26366 -20.6989 2.4
      vertex 3.92139 -16.4616 2.4
      vertex 3.81541 -16.3941 2.4
    endloop
  endfacet
  facet normal 0 0 1
    outer loop
      vertex 2.26366 -20.6989 2.4
      vertex 3.81541 -16.3941 2.4
      vertex 3.70827 -16.3284 2.4
    endloop
  endfacet
  facet normal 0 0 1
    outer loop
      vertex 2.26366 -20.6989 2.4
      vertex 3.70827 -16.3284 2.4
      vertex 3.59999 -16.2646 2.4
    endloop
  endfacet
  facet normal 0 0 1
    outer loop
      vertex 2.26366 -20.6989 2.4
      vertex 3.59999 -16.2646 2.4
      vertex 3.49062 -16.2027 2.4
    endloop
  endfacet
  facet normal 0 0 1
    outer loop
      vertex 2.26366 -20.6989 2.4
      vertex 3.49062 -16.2027 2.4
      vertex 3.38019 -16.1428 2.4
    endloop
  endfacet
  facet normal 0 0 1
    outer loop
      vertex 2.26366 -20.6989 2.4
      vertex 3.38019 -16.1428 2.4
      vertex 3.26872 -16.0848 2.4
    endloop
  endfacet
  facet normal 0 0 1
    outer loop
      vertex 2.26366 -20.6989 2.4
      vertex 3.26872 -16.0848 2.4
      vertex 3.15627 -16.0287 2.4
    endloop
  endfacet
  facet normal 0 0 1
    outer loop
      vertex 2.26366 -20.6989 2.4
      vertex 3.15627 -16.0287 2.4
      vertex 3.04285 -15.9746 2.4
    endloop
  endfacet
  facet normal 0 0 1
    outer loop
      vertex 2.26366 -20.6989 2.4
      vertex 3.04285 -15.9746 2.4
      vertex 2.9285 -15.9225 2.4
    endloop
  endfacet
  facet normal 0 0 1
    outer loop
      vertex 2.26366 -20.6989 2.4
      vertex 2.9285 -15.9225 2.4
      vertex 2.81326 -15.8724 2.4
    endloop
  endfacet
  facet normal 0 0 1
    outer loop
      vertex 2.26366 -20.6989 2.4
      vertex 2.81326 -15.8724 2.4
      vertex 2.69716 -15.8243 2.4
    endloop
  endfacet
  facet normal 0 0 1
    outer loop
      vertex 2.26366 -20.6989 2.4
      vertex 2.69716 -15.8243 2.4
      vertex 2.58025 -15.7782 2.4
    endloop
  endfacet
  facet normal 0 0 1
    outer loop
      vertex 2.26366 -20.6989 2.4
      vertex 2.58025 -15.7782 2.4
      vertex 2.46254 -15.7342 2.4
    endloop
  endfacet
  facet normal 0 0 1
    outer loop
      vertex 2.26366 -20.6989 2.4
      vertex 2.46254 -15.7342 2.4
      vertex 2.34409 -15.6923 2.4
    endloop
  endfacet
  facet normal 0 0 1
    outer loop
      vertex 4.33305 -16.7498 2.4
      vertex 2.26366 -20.6989 2.4
      vertex 6.14803 -18.4563 2.4
    endloop
  endfacet
  facet normal 0 0 1
    outer loop
      vertex 2.22491 -15.6524 2.4
      vertex 2.26366 -20.6989 2.4
      vertex 2.34409 -15.6923 2.4
    endloop
  endfacet
  facet normal 0 0 1
    outer loop
      vertex 2.10507 -15.6146 2.4
      vertex 2.26366 -20.6989 2.4
      vertex 2.22491 -15.6524 2.4
    endloop
  endfacet
  facet normal 0 0 1
    outer loop
      vertex 1.98459 -15.5789 2.4
      vertex 2.26366 -20.6989 2.4
      vertex 2.10507 -15.6146 2.4
    endloop
  endfacet
  facet normal 0 0 1
    outer loop
      vertex 10.1667 -19.1966 2.4
      vertex 8.69463 -18.9159 2.4
      vertex 8.74603 -19.1577 2.4
    endloop
  endfacet
  facet normal 0 0 1
    outer loop
      vertex 8.89555 -17.8583 2.4
      vertex 8.51093 -18.7505 2.4
      vertex 8.69463 -18.9159 2.4
    endloop
  endfacet
  facet normal 0 -0 1
    outer loop
      vertex 8.51093 -18.7505 2.4
      vertex 8.89555 -17.8583 2.4
      vertex 7.62181 -18.5937 2.4
    endloop
  endfacet
  facet normal 0 0 1
    outer loop
      vertex 10.4106 -16.4894 2.4
      vertex 9.63573 -16.0242 2.4
      vertex 9.65216 -16.132 2.4
    endloop
  endfacet
  facet normal -0 0 1
    outer loop
      vertex 8.84663 -15.0768 2.4
      vertex 9.63573 -16.0242 2.4
      vertex 9.68027 -14.6611 2.4
    endloop
  endfacet
  facet normal 0 0 1
    outer loop
      vertex 9.63573 -16.0242 2.4
      vertex 8.84663 -15.0768 2.4
      vertex 9.3569 -16.1633 2.4
    endloop
  endfacet
  facet normal 0 0 1
    outer loop
      vertex 8.84663 -15.0768 2.4
      vertex 8.71101 -16.4483 2.4
      vertex 9.3569 -16.1633 2.4
    endloop
  endfacet
  facet normal -0 0 1
    outer loop
      vertex 8.22269 -15.3521 2.4
      vertex 8.71101 -16.4483 2.4
      vertex 8.84663 -15.0768 2.4
    endloop
  endfacet
  facet normal 0 0 1
    outer loop
      vertex 7.94418 -15.347 2.4
      vertex 8.71101 -16.4483 2.4
      vertex 8.22269 -15.3521 2.4
    endloop
  endfacet
  facet normal 0 0 1
    outer loop
      vertex 7.45122 -16.7623 2.4
      vertex 8.71101 -16.4483 2.4
      vertex 7.94418 -15.347 2.4
    endloop
  endfacet
  facet normal 0 0 1
    outer loop
      vertex 7.61775 -14.8822 2.4
      vertex 7.91275 -15.1212 2.4
      vertex 7.87918 -14.8912 2.4
    endloop
  endfacet
  facet normal 0 0 1
    outer loop
      vertex 7.91275 -15.1212 2.4
      vertex 7.61775 -14.8822 2.4
      vertex 7.94418 -15.347 2.4
    endloop
  endfacet
  facet normal -0 0 1
    outer loop
      vertex 7.07005 -15.1787 2.4
      vertex 7.94418 -15.347 2.4
      vertex 7.61775 -14.8822 2.4
    endloop
  endfacet
  facet normal -0 0 1
    outer loop
      vertex 7.45122 -16.7623 2.4
      vertex 8.46759 -17.1171 2.4
      vertex 8.71101 -16.4483 2.4
    endloop
  endfacet
  facet normal 0 0 1
    outer loop
      vertex 8.46759 -17.1171 2.4
      vertex 7.50264 -17.0041 2.4
      vertex 7.19385 -17.8525 2.4
    endloop
  endfacet
  facet normal 0 0 1
    outer loop
      vertex 10.3409 -17.325 2.4
      vertex 10.1223 -17.15 2.4
      vertex 9.94136 -17.2545 2.4
    endloop
  endfacet
  facet normal 0 0 1
    outer loop
      vertex 2.69162 -21.4402 2.4
      vertex 7.2 -22.5 2.4
      vertex 7.1989 -22.3743 2.4
    endloop
  endfacet
  facet normal 0 0 1
    outer loop
      vertex 2.69162 -21.4402 2.4
      vertex 7.1989 -22.3743 2.4
      vertex 7.1956 -22.2487 2.4
    endloop
  endfacet
  facet normal 0 0 1
    outer loop
      vertex 7.2 -22.5 2.4
      vertex 2.69162 -21.4402 2.4
      vertex 7.1989 -22.6257 2.4
    endloop
  endfacet
  facet normal 0 0 1
    outer loop
      vertex 2.69162 -21.4402 2.4
      vertex 7.1956 -22.2487 2.4
      vertex 7.19012 -22.1232 2.4
    endloop
  endfacet
  facet normal 0 0 1
    outer loop
      vertex 7.1989 -22.6257 2.4
      vertex 2.69162 -21.4402 2.4
      vertex 7.1956 -22.7513 2.4
    endloop
  endfacet
  facet normal 0 0 1
    outer loop
      vertex 2.69162 -21.4402 2.4
      vertex 7.19012 -22.1232 2.4
      vertex 7.18245 -21.9978 2.4
    endloop
  endfacet
  facet normal 0 0 1
    outer loop
      vertex 7.1956 -22.7513 2.4
      vertex 2.69162 -21.4402 2.4
      vertex 7.19012 -22.8768 2.4
    endloop
  endfacet
  facet normal 0 0 1
    outer loop
      vertex 2.69162 -21.4402 2.4
      vertex 7.18245 -21.9978 2.4
      vertex 7.17259 -21.8725 2.4
    endloop
  endfacet
  facet normal 0 0 1
    outer loop
      vertex 2.589 -23.7904 2.4
      vertex 7.19012 -22.8768 2.4
      vertex 2.69162 -21.4402 2.4
    endloop
  endfacet
  facet normal 0 0 1
    outer loop
      vertex 2.69162 -21.4402 2.4
      vertex 7.17259 -21.8725 2.4
      vertex 7.16055 -21.7474 2.4
    endloop
  endfacet
  facet normal 0 0 1
    outer loop
      vertex 11.6363 -16.8246 2.4
      vertex 10.4106 -16.4894 2.4
      vertex 10.4261 -17.3931 2.4
    endloop
  endfacet
  facet normal 0 0 1
    outer loop
      vertex 10.7332 -15.2604 2.4
      vertex 9.63573 -16.0242 2.4
      vertex 10.4106 -16.4894 2.4
    endloop
  endfacet
  facet normal 0 0 1
    outer loop
      vertex 10.4106 -16.4894 2.4
      vertex 9.69434 -16.4088 2.4
      vertex 9.71495 -16.5441 2.4
    endloop
  endfacet
  facet normal 0 0 1
    outer loop
      vertex 9.63573 -16.0242 2.4
      vertex 10.6952 -15.0111 2.4
      vertex 9.68027 -14.6611 2.4
    endloop
  endfacet
  facet normal 0 0 1
    outer loop
      vertex 10.4106 -16.4894 2.4
      vertex 9.65216 -16.132 2.4
      vertex 9.69434 -16.4088 2.4
    endloop
  endfacet
  facet normal 0 0 1
    outer loop
      vertex 9.69434 -16.4088 2.4
      vertex 9.65216 -16.132 2.4
      vertex 9.5134 -16.5133 2.4
    endloop
  endfacet
  facet normal 0 0 1
    outer loop
      vertex 10.4106 -16.4894 2.4
      vertex 10.3409 -17.325 2.4
      vertex 10.4261 -17.3931 2.4
    endloop
  endfacet
  facet normal 0 0 1
    outer loop
      vertex 10.4106 -16.4894 2.4
      vertex 10.1223 -17.15 2.4
      vertex 10.3409 -17.325 2.4
    endloop
  endfacet
  facet normal 0 -0 1
    outer loop
      vertex 10.1223 -17.15 2.4
      vertex 10.4106 -16.4894 2.4
      vertex 10.0155 -17.0645 2.4
    endloop
  endfacet
  facet normal -0 0 1
    outer loop
      vertex 10.4286 -14.3523 2.4
      vertex 10.8452 -14.6205 2.4
      vertex 10.8308 -14.3384 2.4
    endloop
  endfacet
  facet normal 0 0 1
    outer loop
      vertex 10.8452 -14.6205 2.4
      vertex 10.4286 -14.3523 2.4
      vertex 10.6952 -15.0111 2.4
    endloop
  endfacet
  facet normal 0 0 1
    outer loop
      vertex 15.2035 -27.4399 2.4
      vertex 15.149 -28.0138 2.4
      vertex 15.3673 -27.7914 2.4
    endloop
  endfacet
  facet normal 0 0 1
    outer loop
      vertex 15.2035 -27.4399 2.4
      vertex 14.8392 -28.1962 2.4
      vertex 15.149 -28.0138 2.4
    endloop
  endfacet
  facet normal 0 0 1
    outer loop
      vertex 12.2224 -28.3414 2.4
      vertex 14.8392 -28.1962 2.4
      vertex 14.5677 -26.9538 2.4
    endloop
  endfacet
  facet normal 0 0 1
    outer loop
      vertex 14.5677 -26.9538 2.4
      vertex 14.8392 -28.1962 2.4
      vertex 15.2035 -27.4399 2.4
    endloop
  endfacet
  facet normal 0 0 1
    outer loop
      vertex 16.6263 -32.0992 2.4
      vertex 15.2888 -31.2399 2.4
      vertex 15.4244 -32.7778 2.4
    endloop
  endfacet
  facet normal 0 0 1
    outer loop
      vertex 15.4244 -32.7778 2.4
      vertex 15.2888 -31.2399 2.4
      vertex 13.4569 -31.4002 2.4
    endloop
  endfacet
  facet normal 0 0 1
    outer loop
      vertex 16.9644 -30.4106 2.4
      vertex 15.5378 -30.7948 2.4
      vertex 15.5585 -30.8547 2.4
    endloop
  endfacet
  facet normal 0 0 1
    outer loop
      vertex 16.0021 -29.6246 2.4
      vertex 15.2396 -30.5512 2.4
      vertex 15.5378 -30.7948 2.4
    endloop
  endfacet
  facet normal 0 0 1
    outer loop
      vertex 15.1553 -30.4813 2.4
      vertex 16.0021 -29.6246 2.4
      vertex 15.1811 -28.944 2.4
    endloop
  endfacet
  facet normal 0 0 1
    outer loop
      vertex 16.0021 -29.6246 2.4
      vertex 15.1553 -30.4813 2.4
      vertex 15.2396 -30.5512 2.4
    endloop
  endfacet
  facet normal 0 0 1
    outer loop
      vertex 15.1811 -28.944 2.4
      vertex 15.0283 -30.4835 2.4
      vertex 15.1553 -30.4813 2.4
    endloop
  endfacet
  facet normal 0 0 1
    outer loop
      vertex 14.7799 -28.4715 2.4
      vertex 15.0283 -30.4835 2.4
      vertex 15.1811 -28.944 2.4
    endloop
  endfacet
  facet normal 0 -0 1
    outer loop
      vertex 12.3028 -28.5751 2.4
      vertex 14.8392 -28.1962 2.4
      vertex 12.2224 -28.3414 2.4
    endloop
  endfacet
  facet normal 0 0 1
    outer loop
      vertex 12.2224 -28.3414 2.4
      vertex 14.5677 -26.9538 2.4
      vertex 13.6074 -26.4019 2.4
    endloop
  endfacet
  facet normal 0 0 1
    outer loop
      vertex 12.0199 -28.1996 2.4
      vertex 13.6074 -26.4019 2.4
      vertex 12.6184 -25.8811 2.4
    endloop
  endfacet
  facet normal 0 0 1
    outer loop
      vertex 12.2305 -28.8115 2.4
      vertex 14.7799 -28.4715 2.4
      vertex 12.3028 -28.5751 2.4
    endloop
  endfacet
  facet normal 0 -0 1
    outer loop
      vertex 12.4677 -30.7076 2.4
      vertex 14.7799 -28.4715 2.4
      vertex 12.2305 -28.8115 2.4
    endloop
  endfacet
  facet normal 0 0 1
    outer loop
      vertex 14.8392 -28.1962 2.4
      vertex 12.3028 -28.5751 2.4
      vertex 14.7799 -28.4715 2.4
    endloop
  endfacet
  facet normal 0 0 1
    outer loop
      vertex 13.6074 -26.4019 2.4
      vertex 12.0199 -28.1996 2.4
      vertex 12.2224 -28.3414 2.4
    endloop
  endfacet
  facet normal 0 0 1
    outer loop
      vertex 11.7727 -28.2039 2.4
      vertex 12.6184 -25.8811 2.4
      vertex 11.8811 -25.4623 2.4
    endloop
  endfacet
  facet normal 0 0 1
    outer loop
      vertex 12.6184 -25.8811 2.4
      vertex 11.7727 -28.2039 2.4
      vertex 12.0199 -28.1996 2.4
    endloop
  endfacet
  facet normal 0 0 1
    outer loop
      vertex 11.5138 -25.1582 2.4
      vertex 11.7727 -28.2039 2.4
      vertex 11.8811 -25.4623 2.4
    endloop
  endfacet
  facet normal 0 0 1
    outer loop
      vertex 10.3908 -24.1457 2.4
      vertex 11.5138 -25.1582 2.4
      vertex 11.42 -24.9274 2.4
    endloop
  endfacet
  facet normal 0 0 1
    outer loop
      vertex 11.0538 -24.4491 2.4
      vertex 11.42 -24.9274 2.4
      vertex 11.3526 -24.7067 2.4
    endloop
  endfacet
  facet normal 0 0 1
    outer loop
      vertex 11.42 -24.9274 2.4
      vertex 11.0538 -24.4491 2.4
      vertex 10.3908 -24.1457 2.4
    endloop
  endfacet
  facet normal 0 0 1
    outer loop
      vertex 11.5138 -25.1582 2.4
      vertex 10.3908 -24.1457 2.4
      vertex 9.21208 -28.4279 2.4
    endloop
  endfacet
  facet normal 0 0 1
    outer loop
      vertex 9.21208 -28.4279 2.4
      vertex 10.3908 -24.1457 2.4
      vertex 9.41249 -23.8228 2.4
    endloop
  endfacet
  facet normal 0 0 1
    outer loop
      vertex 11.5138 -25.1582 2.4
      vertex 9.21208 -28.4279 2.4
      vertex 11.7727 -28.2039 2.4
    endloop
  endfacet
  facet normal 0 0 1
    outer loop
      vertex 8.30289 -23.5195 2.4
      vertex 9.21208 -28.4279 2.4
      vertex 9.41249 -23.8228 2.4
    endloop
  endfacet
  facet normal 0 0 1
    outer loop
      vertex 7.26094 -23.2632 2.4
      vertex 9.21208 -28.4279 2.4
      vertex 8.30289 -23.5195 2.4
    endloop
  endfacet
  facet normal 0 0 1
    outer loop
      vertex 2.589 -23.7904 2.4
      vertex 7.26094 -23.2632 2.4
      vertex 7.17259 -23.1275 2.4
    endloop
  endfacet
  facet normal 0 0 1
    outer loop
      vertex 2.69162 -21.4402 2.4
      vertex 7.16055 -21.7474 2.4
      vertex 7.14633 -21.6225 2.4
    endloop
  endfacet
  facet normal -0 0 1
    outer loop
      vertex 2.69162 -21.4402 2.4
      vertex 7.14633 -21.6225 2.4
      vertex 6.57599 -19.1975 2.4
    endloop
  endfacet
  facet normal 0 0 1
    outer loop
      vertex 7.19012 -22.8768 2.4
      vertex 2.589 -23.7904 2.4
      vertex 7.18245 -23.0022 2.4
    endloop
  endfacet
  facet normal 0 0 1
    outer loop
      vertex 7.18245 -23.0022 2.4
      vertex 2.589 -23.7904 2.4
      vertex 7.17259 -23.1275 2.4
    endloop
  endfacet
  facet normal 0 0 1
    outer loop
      vertex 7.26094 -23.2632 2.4
      vertex 2.589 -23.7904 2.4
      vertex 9.21208 -28.4279 2.4
    endloop
  endfacet
  facet normal 0 0 1
    outer loop
      vertex 2.41504 -21.4111 2.4
      vertex 2.589 -23.7904 2.4
      vertex 2.69162 -21.4402 2.4
    endloop
  endfacet
  facet normal 0 0 1
    outer loop
      vertex 2.41504 -21.4111 2.4
      vertex 2.31094 -23.7952 2.4
      vertex 2.589 -23.7904 2.4
    endloop
  endfacet
  facet normal 0 0 1
    outer loop
      vertex 2.20834 -21.225 2.4
      vertex 2.31094 -23.7952 2.4
      vertex 2.41504 -21.4111 2.4
    endloop
  endfacet
  facet normal 0 0 1
    outer loop
      vertex -2.20834 -21.225 2.4
      vertex 2.20834 -21.225 2.4
      vertex 2.15054 -20.953 2.4
    endloop
  endfacet
  facet normal 0 0 1
    outer loop
      vertex 2.20834 -21.225 2.4
      vertex 2.08882 -23.9626 2.4
      vertex 2.31094 -23.7952 2.4
    endloop
  endfacet
  facet normal 0 0 1
    outer loop
      vertex 1.86349 -15.5453 2.4
      vertex 2.26366 -20.6989 2.4
      vertex 1.98459 -15.5789 2.4
    endloop
  endfacet
  facet normal 0 0 1
    outer loop
      vertex 1.75 -15.516 2.4
      vertex 2.26366 -20.6989 2.4
      vertex 1.86349 -15.5453 2.4
    endloop
  endfacet
  facet normal -0 0 1
    outer loop
      vertex -1.75 -15.516 2.4
      vertex 2.26366 -20.6989 2.4
      vertex 1.75 -15.516 2.4
    endloop
  endfacet
  facet normal 0 0 1
    outer loop
      vertex 17.6952 -31.1305 2.4
      vertex 17.6333 -31.8758 2.4
      vertex 17.9244 -31.6329 2.4
    endloop
  endfacet
  facet normal 0 0 1
    outer loop
      vertex 17.6952 -31.1305 2.4
      vertex 17.0707 -31.9624 2.4
      vertex 17.6333 -31.8758 2.4
    endloop
  endfacet
  facet normal 0 0 1
    outer loop
      vertex 16.9644 -30.4106 2.4
      vertex 17.0707 -31.9624 2.4
      vertex 17.6952 -31.1305 2.4
    endloop
  endfacet
  facet normal 0 0 1
    outer loop
      vertex 16.9644 -30.4106 2.4
      vertex 16.6263 -32.0992 2.4
      vertex 17.0707 -31.9624 2.4
    endloop
  endfacet
  facet normal 0 0 1
    outer loop
      vertex 15.4244 -32.7778 2.4
      vertex 16.6252 -32.4894 2.4
      vertex 16.6263 -32.0992 2.4
    endloop
  endfacet
  facet normal -0 0 1
    outer loop
      vertex 15.5585 -30.8547 2.4
      vertex 16.6263 -32.0992 2.4
      vertex 16.9644 -30.4106 2.4
    endloop
  endfacet
  facet normal 0 0 1
    outer loop
      vertex 15.5378 -30.7948 2.4
      vertex 16.9644 -30.4106 2.4
      vertex 16.0021 -29.6246 2.4
    endloop
  endfacet
  facet normal 0 0 1
    outer loop
      vertex 16.6263 -32.0992 2.4
      vertex 15.5585 -30.8547 2.4
      vertex 15.4862 -31.0912 2.4
    endloop
  endfacet
  facet normal -0 0 1
    outer loop
      vertex 15.2888 -31.2399 2.4
      vertex 16.6263 -32.0992 2.4
      vertex 15.4862 -31.0912 2.4
    endloop
  endfacet
  facet normal 0 0 1
    outer loop
      vertex 16.6252 -32.4894 2.4
      vertex 15.4244 -32.7778 2.4
      vertex 15.4241 -32.8771 2.4
    endloop
  endfacet
  facet normal 0 0 1
    outer loop
      vertex 16.6252 -32.4894 2.4
      vertex 15.4241 -32.8771 2.4
      vertex 16.0465 -33.7359 2.4
    endloop
  endfacet
  facet normal 0 0 1
    outer loop
      vertex 18.8055 -35.1845 2.4
      vertex 18.3513 -35.833 2.4
      vertex 19.1721 -35.9244 2.4
    endloop
  endfacet
  facet normal 0 0 1
    outer loop
      vertex 18.0097 -34.1956 2.4
      vertex 18.3513 -35.833 2.4
      vertex 18.8055 -35.1845 2.4
    endloop
  endfacet
  facet normal -0 0 1
    outer loop
      vertex 16.0465 -33.7359 2.4
      vertex 18.0097 -34.1956 2.4
      vertex 17.1538 -33.2189 2.4
    endloop
  endfacet
  facet normal 0 0 1
    outer loop
      vertex 18.0097 -34.1956 2.4
      vertex 17.15 -35.4234 2.4
      vertex 18.3513 -35.833 2.4
    endloop
  endfacet
  facet normal 0 0 1
    outer loop
      vertex 16.0465 -33.7359 2.4
      vertex 17.1538 -33.2189 2.4
      vertex 16.6252 -32.4894 2.4
    endloop
  endfacet
  facet normal 0 0 1
    outer loop
      vertex 18.0097 -34.1956 2.4
      vertex 16.0465 -33.7359 2.4
      vertex 17.15 -35.4234 2.4
    endloop
  endfacet
  facet normal 0 0 1
    outer loop
      vertex 16.0465 -33.7359 2.4
      vertex 15.9394 -34.9532 2.4
      vertex 17.15 -35.4234 2.4
    endloop
  endfacet
  facet normal 0 0 1
    outer loop
      vertex 16.0465 -33.7359 2.4
      vertex 15.0732 -34.706 2.4
      vertex 15.9394 -34.9532 2.4
    endloop
  endfacet
  facet normal 0 0 1
    outer loop
      vertex 15.0266 -33.4448 2.4
      vertex 15.0732 -34.706 2.4
      vertex 16.0465 -33.7359 2.4
    endloop
  endfacet
  facet normal -0 0 1
    outer loop
      vertex 14.9335 -33.479 2.4
      vertex 15.0732 -34.706 2.4
      vertex 15.0266 -33.4448 2.4
    endloop
  endfacet
  facet normal 0 0 1
    outer loop
      vertex 14.9335 -33.479 2.4
      vertex 14.7068 -34.8405 2.4
      vertex 15.0732 -34.706 2.4
    endloop
  endfacet
  facet normal -0 0 1
    outer loop
      vertex 13.4419 -33.8775 2.4
      vertex 14.7068 -34.8405 2.4
      vertex 14.9335 -33.479 2.4
    endloop
  endfacet
  facet normal 0 0 1
    outer loop
      vertex 14.7068 -34.8405 2.4
      vertex 13.4419 -33.8775 2.4
      vertex 13.3696 -34.1139 2.4
    endloop
  endfacet
  facet normal 0 -0 1
    outer loop
      vertex 13.4419 -33.8775 2.4
      vertex 14.9335 -33.479 2.4
      vertex 12.966 -32.1013 2.4
    endloop
  endfacet
  facet normal -0 0 1
    outer loop
      vertex 13.0216 -14.6758 2.4
      vertex 13.2868 -15.135 2.4
      vertex 13.6596 -14.6136 2.4
    endloop
  endfacet
  facet normal 0 0 1
    outer loop
      vertex 13.0216 -14.6758 2.4
      vertex 12.5697 -15.8166 2.4
      vertex 13.2868 -15.135 2.4
    endloop
  endfacet
  facet normal -0 0 1
    outer loop
      vertex 12.0729 -14.956 2.4
      vertex 12.5697 -15.8166 2.4
      vertex 13.0216 -14.6758 2.4
    endloop
  endfacet
  facet normal 0 0 1
    outer loop
      vertex 12.0729 -14.956 2.4
      vertex 11.9044 -16.4344 2.4
      vertex 12.5697 -15.8166 2.4
    endloop
  endfacet
  facet normal -0 0 1
    outer loop
      vertex 11.2051 -15.2233 2.4
      vertex 11.9044 -16.4344 2.4
      vertex 12.0729 -14.956 2.4
    endloop
  endfacet
  facet normal 0 0 1
    outer loop
      vertex 10.4106 -16.4894 2.4
      vertex 11.9044 -16.4344 2.4
      vertex 11.2051 -15.2233 2.4
    endloop
  endfacet
  facet normal 0 0 1
    outer loop
      vertex 10.4106 -16.4894 2.4
      vertex 11.2051 -15.2233 2.4
      vertex 10.7332 -15.2604 2.4
    endloop
  endfacet
  facet normal 0 0 1
    outer loop
      vertex 11.6363 -16.8246 2.4
      vertex 10.4261 -17.3931 2.4
      vertex 11.6288 -18.0361 2.4
    endloop
  endfacet
  facet normal 0 0 1
    outer loop
      vertex 11.9044 -16.4344 2.4
      vertex 10.4106 -16.4894 2.4
      vertex 11.6363 -16.8246 2.4
    endloop
  endfacet
  facet normal -0 0 1
    outer loop
      vertex 9.68027 -14.6611 2.4
      vertex 10.6952 -15.0111 2.4
      vertex 10.4286 -14.3523 2.4
    endloop
  endfacet
  facet normal 0 0 1
    outer loop
      vertex 9.63573 -16.0242 2.4
      vertex 10.7332 -15.2604 2.4
      vertex 10.6952 -15.0111 2.4
    endloop
  endfacet
  facet normal 0 0 1
    outer loop
      vertex 11.6288 -18.0361 2.4
      vertex 10.4261 -17.3931 2.4
      vertex 10.852 -18.5502 2.4
    endloop
  endfacet
  facet normal -0 0 1
    outer loop
      vertex 10.1662 -17.565 2.4
      vertex 10.852 -18.5502 2.4
      vertex 10.4261 -17.3931 2.4
    endloop
  endfacet
  facet normal -0 0 1
    outer loop
      vertex 9.59644 -17.9819 2.4
      vertex 10.852 -18.5502 2.4
      vertex 10.1662 -17.565 2.4
    endloop
  endfacet
  facet normal 0 0 1
    outer loop
      vertex 10.852 -18.5502 2.4
      vertex 9.59644 -17.9819 2.4
      vertex 10.3016 -18.9529 2.4
    endloop
  endfacet
  facet normal 0 0 1
    outer loop
      vertex 12.2465 -17.0475 2.4
      vertex 12.2704 -17.5424 2.4
      vertex 12.4835 -17.201 2.4
    endloop
  endfacet
  facet normal 0 0 1
    outer loop
      vertex 11.8331 -16.9821 2.4
      vertex 12.2704 -17.5424 2.4
      vertex 12.2465 -17.0475 2.4
    endloop
  endfacet
  facet normal 0 0 1
    outer loop
      vertex 11.6288 -18.0361 2.4
      vertex 11.8331 -16.9821 2.4
      vertex 11.6363 -16.8246 2.4
    endloop
  endfacet
  facet normal 0 0 1
    outer loop
      vertex 11.8331 -16.9821 2.4
      vertex 11.6288 -18.0361 2.4
      vertex 12.2704 -17.5424 2.4
    endloop
  endfacet
  facet normal 0 0 1
    outer loop
      vertex 10.3466 -19.3367 2.4
      vertex 10.4061 -19.7117 2.4
      vertex 10.529 -19.4809 2.4
    endloop
  endfacet
  facet normal 0 0 1
    outer loop
      vertex 10.1667 -19.1966 2.4
      vertex 10.4061 -19.7117 2.4
      vertex 10.3466 -19.3367 2.4
    endloop
  endfacet
  facet normal 0 0 1
    outer loop
      vertex 10.1667 -19.1966 2.4
      vertex 9.87541 -20.0378 2.4
      vertex 10.4061 -19.7117 2.4
    endloop
  endfacet
  facet normal 0 0 1
    outer loop
      vertex 10.3016 -18.9529 2.4
      vertex 9.59644 -17.9819 2.4
      vertex 10.1667 -19.1966 2.4
    endloop
  endfacet
  facet normal -0 0 1
    outer loop
      vertex 8.69463 -18.9159 2.4
      vertex 10.1667 -19.1966 2.4
      vertex 9.59644 -17.9819 2.4
    endloop
  endfacet
  facet normal 0 0 1
    outer loop
      vertex 10.1667 -19.1966 2.4
      vertex 8.74603 -19.1577 2.4
      vertex 9.87541 -20.0378 2.4
    endloop
  endfacet
  facet normal 0 0 1
    outer loop
      vertex 8.69463 -18.9159 2.4
      vertex 9.59644 -17.9819 2.4
      vertex 8.89555 -17.8583 2.4
    endloop
  endfacet
  facet normal -0 0 1
    outer loop
      vertex 8.70018 -19.2607 2.4
      vertex 9.87541 -20.0378 2.4
      vertex 8.74603 -19.1577 2.4
    endloop
  endfacet
  facet normal 0 0 1
    outer loop
      vertex 9.87541 -20.0378 2.4
      vertex 8.70018 -19.2607 2.4
      vertex 9.09592 -20.4001 2.4
    endloop
  endfacet
  facet normal -0 0 1
    outer loop
      vertex 8.60146 -19.3066 2.4
      vertex 9.09592 -20.4001 2.4
      vertex 8.70018 -19.2607 2.4
    endloop
  endfacet
  facet normal -0 0 1
    outer loop
      vertex 8.20131 -19.483 2.4
      vertex 9.09592 -20.4001 2.4
      vertex 8.60146 -19.3066 2.4
    endloop
  endfacet
  facet normal 0 0 1
    outer loop
      vertex 9.09592 -20.4001 2.4
      vertex 8.20131 -19.483 2.4
      vertex 8.36623 -20.7217 2.4
    endloop
  endfacet
  facet normal 0 0 1
    outer loop
      vertex 8.18553 -19.4813 2.4
      vertex 8.36623 -20.7217 2.4
      vertex 8.20131 -19.483 2.4
    endloop
  endfacet
  facet normal 0 0 1
    outer loop
      vertex 8.18553 -19.4813 2.4
      vertex 7.91829 -20.9608 2.4
      vertex 8.36623 -20.7217 2.4
    endloop
  endfacet
  facet normal 0 0 1
    outer loop
      vertex 6.57599 -19.1975 2.4
      vertex 7.91829 -20.9608 2.4
      vertex 8.18553 -19.4813 2.4
    endloop
  endfacet
  facet normal 0 0 1
    outer loop
      vertex 7.91829 -20.9608 2.4
      vertex 6.57599 -19.1975 2.4
      vertex 7.76799 -21.1303 2.4
    endloop
  endfacet
  facet normal 0 -0 1
    outer loop
      vertex 7.14633 -21.6225 2.4
      vertex 7.76799 -21.1303 2.4
      vertex 6.57599 -19.1975 2.4
    endloop
  endfacet
  facet normal 0 0 1
    outer loop
      vertex 7.76799 -21.1303 2.4
      vertex 7.513 -21.4441 2.4
      vertex 7.72 -21.2773 2.4
    endloop
  endfacet
  facet normal 0 0 1
    outer loop
      vertex 7.76799 -21.1303 2.4
      vertex 7.14633 -21.6225 2.4
      vertex 7.513 -21.4441 2.4
    endloop
  endfacet
  facet normal 0 0 1
    outer loop
      vertex 14.1622 -36.1762 2.4
      vertex 14.8413 -35.8631 2.4
      vertex 14.7303 -35.3049 2.4
    endloop
  endfacet
  facet normal 0 0 1
    outer loop
      vertex 14.1622 -36.1762 2.4
      vertex 14.7303 -35.3049 2.4
      vertex 14.7068 -34.8405 2.4
    endloop
  endfacet
  facet normal 0 0 1
    outer loop
      vertex 14.8413 -35.8631 2.4
      vertex 14.1622 -36.1762 2.4
      vertex 14.7126 -36.2198 2.4
    endloop
  endfacet
  facet normal -0 0 1
    outer loop
      vertex 13.1722 -34.2627 2.4
      vertex 14.7068 -34.8405 2.4
      vertex 13.3696 -34.1139 2.4
    endloop
  endfacet
  facet normal 0 0 1
    outer loop
      vertex 14.7068 -34.8405 2.4
      vertex 13.2358 -35.7358 2.4
      vertex 14.1622 -36.1762 2.4
    endloop
  endfacet
  facet normal 0 0 1
    outer loop
      vertex 14.7068 -34.8405 2.4
      vertex 13.1722 -34.2627 2.4
      vertex 13.2358 -35.7358 2.4
    endloop
  endfacet
  facet normal -0 0 1
    outer loop
      vertex 13.1088 -34.2638 2.4
      vertex 13.2358 -35.7358 2.4
      vertex 13.1722 -34.2627 2.4
    endloop
  endfacet
  facet normal 0 0 1
    outer loop
      vertex 12.1679 -35.1003 2.4
      vertex 13.1088 -34.2638 2.4
      vertex 12.7779 -34.0668 2.4
    endloop
  endfacet
  facet normal 0 0 1
    outer loop
      vertex 12.1679 -35.1003 2.4
      vertex 12.7779 -34.0668 2.4
      vertex 12.6834 -34.0115 2.4
    endloop
  endfacet
  facet normal 0 0 1
    outer loop
      vertex 11.2476 -34.5616 2.4
      vertex 12.6834 -34.0115 2.4
      vertex 12.642 -33.8915 2.4
    endloop
  endfacet
  facet normal 0 0 1
    outer loop
      vertex 13.1088 -34.2638 2.4
      vertex 12.1679 -35.1003 2.4
      vertex 13.2358 -35.7358 2.4
    endloop
  endfacet
  facet normal 0 0 1
    outer loop
      vertex 10.6664 -34.3462 2.4
      vertex 12.642 -33.8915 2.4
      vertex 11.9768 -31.4087 2.4
    endloop
  endfacet
  facet normal 0 0 1
    outer loop
      vertex 12.6834 -34.0115 2.4
      vertex 11.2476 -34.5616 2.4
      vertex 12.1679 -35.1003 2.4
    endloop
  endfacet
  facet normal 0 0 1
    outer loop
      vertex 12.642 -33.8915 2.4
      vertex 10.6664 -34.3462 2.4
      vertex 11.2476 -34.5616 2.4
    endloop
  endfacet
  facet normal -0 0 1
    outer loop
      vertex 10.114 -31.8343 2.4
      vertex 10.6664 -34.3462 2.4
      vertex 11.9768 -31.4087 2.4
    endloop
  endfacet
  facet normal 0 0 1
    outer loop
      vertex 9.84192 -35.0971 2.4
      vertex 10.3625 -34.8496 2.4
      vertex 10.428 -34.496 2.4
    endloop
  endfacet
  facet normal -0 0 1
    outer loop
      vertex 9.91656 -31.9831 2.4
      vertex 10.6664 -34.3462 2.4
      vertex 10.114 -31.8343 2.4
    endloop
  endfacet
  facet normal 0 0 1
    outer loop
      vertex 10.114 -31.8343 2.4
      vertex 11.9768 -31.4087 2.4
      vertex 10.1863 -31.5979 2.4
    endloop
  endfacet
  facet normal 0 -0 1
    outer loop
      vertex 10.1863 -31.5979 2.4
      vertex 11.9768 -31.4087 2.4
      vertex 9.71036 -29.8217 2.4
    endloop
  endfacet
  facet normal 0 0 1
    outer loop
      vertex 14.7799 -28.4715 2.4
      vertex 12.4677 -30.7076 2.4
      vertex 15.0283 -30.4835 2.4
    endloop
  endfacet
  facet normal -0 0 1
    outer loop
      vertex 12.0331 -28.9603 2.4
      vertex 12.4677 -30.7076 2.4
      vertex 12.2305 -28.8115 2.4
    endloop
  endfacet
  facet normal 0 0 1
    outer loop
      vertex 12.4677 -30.7076 2.4
      vertex 12.0331 -28.9603 2.4
      vertex 10.2013 -29.1206 2.4
    endloop
  endfacet
  facet normal 0 0 1
    outer loop
      vertex 10.6664 -34.3462 2.4
      vertex 9.91656 -31.9831 2.4
      vertex 10.428 -34.496 2.4
    endloop
  endfacet
  facet normal -0 0 1
    outer loop
      vertex 9.66939 -31.9874 2.4
      vertex 10.428 -34.496 2.4
      vertex 9.91656 -31.9831 2.4
    endloop
  endfacet
  facet normal 0 -0 1
    outer loop
      vertex 9.84192 -35.0971 2.4
      vertex 10.428 -34.496 2.4
      vertex 9.16762 -34.6658 2.4
    endloop
  endfacet
  facet normal 0 0 1
    outer loop
      vertex 10.428 -34.496 2.4
      vertex 9.66939 -31.9874 2.4
      vertex 9.16762 -34.6658 2.4
    endloop
  endfacet
  facet normal 0 0 1
    outer loop
      vertex 8.32054 -33.9523 2.4
      vertex 9.66939 -31.9874 2.4
      vertex 9.46689 -31.8456 2.4
    endloop
  endfacet
  facet normal 0 0 1
    outer loop
      vertex 7.49295 -33.201 2.4
      vertex 9.46689 -31.8456 2.4
      vertex 9.3864 -31.6118 2.4
    endloop
  endfacet
  facet normal 0 0 1
    outer loop
      vertex 10.3625 -34.8496 2.4
      vertex 9.84192 -35.0971 2.4
      vertex 10.2282 -35.1308 2.4
    endloop
  endfacet
  facet normal 0 0 1
    outer loop
      vertex 6.43582 -32.4103 2.4
      vertex 9.3864 -31.6118 2.4
      vertex 8.72115 -29.1291 2.4
    endloop
  endfacet
  facet normal 0 0 1
    outer loop
      vertex 9.66939 -31.9874 2.4
      vertex 8.32054 -33.9523 2.4
      vertex 9.16762 -34.6658 2.4
    endloop
  endfacet
  facet normal 0 0 1
    outer loop
      vertex 9.46689 -31.8456 2.4
      vertex 7.49295 -33.201 2.4
      vertex 8.32054 -33.9523 2.4
    endloop
  endfacet
  facet normal 0 0 1
    outer loop
      vertex 9.3864 -31.6118 2.4
      vertex 6.84723 -32.6514 2.4
      vertex 7.49295 -33.201 2.4
    endloop
  endfacet
  facet normal 0 0 1
    outer loop
      vertex 9.3864 -31.6118 2.4
      vertex 6.43582 -32.4103 2.4
      vertex 6.84723 -32.6514 2.4
    endloop
  endfacet
  facet normal -0 0 1
    outer loop
      vertex 5.10033 -31.7012 2.4
      vertex 6.43582 -32.4103 2.4
      vertex 8.72115 -29.1291 2.4
    endloop
  endfacet
  facet normal 0 0 1
    outer loop
      vertex 6.43582 -32.4103 2.4
      vertex 5.10033 -31.7012 2.4
      vertex 6.18686 -32.4011 2.4
    endloop
  endfacet
  facet normal -0 -0 1
    outer loop
      vertex 5.61217 -32.2206 2.4
      vertex 6.18686 -32.4011 2.4
      vertex 5.10033 -31.7012 2.4
    endloop
  endfacet
  facet normal 0 0 1
    outer loop
      vertex 6.18686 -32.4011 2.4
      vertex 5.61217 -32.2206 2.4
      vertex 5.95644 -32.4132 2.4
    endloop
  endfacet
  facet normal 0 0 1
    outer loop
      vertex 2.2406 -36.5664 2.4
      vertex 5.04646 -34.9904 2.4
      vertex 5.05345 -34.4052 2.4
    endloop
  endfacet
  facet normal 0 0 1
    outer loop
      vertex 5.17462 -34.1224 2.4
      vertex 0.427963 -34.4062 2.4
      vertex 5.05345 -34.4052 2.4
    endloop
  endfacet
  facet normal 0 0 1
    outer loop
      vertex 5.04646 -34.9904 2.4
      vertex 4.47954 -39.2179 2.4
      vertex 4.83783 -39.3715 2.4
    endloop
  endfacet
  facet normal 0 0 1
    outer loop
      vertex 2.38591 -37.0137 2.4
      vertex 5.04646 -34.9904 2.4
      vertex 2.38591 -36.7664 2.4
    endloop
  endfacet
  facet normal 0 0 1
    outer loop
      vertex 5.04646 -34.9904 2.4
      vertex 2.38591 -37.0137 2.4
      vertex 4.47954 -39.2179 2.4
    endloop
  endfacet
  facet normal -0 0 1
    outer loop
      vertex 2.38591 -41.3337 2.4
      vertex 3.78627 -41.9787 2.4
      vertex 3.87268 -40.7195 2.4
    endloop
  endfacet
  facet normal -0 0 1
    outer loop
      vertex 2.2406 -41.5337 2.4
      vertex 3.78627 -41.9787 2.4
      vertex 2.38591 -41.3337 2.4
    endloop
  endfacet
  facet normal 0 0 1
    outer loop
      vertex 2.2406 -40.8864 2.4
      vertex 3.87268 -40.7195 2.4
      vertex 3.9818 -39.7471 2.4
    endloop
  endfacet
  facet normal 0 0 1
    outer loop
      vertex 4.47954 -39.2179 2.4
      vertex 2.38591 -37.0137 2.4
      vertex 4.17877 -39.2601 2.4
    endloop
  endfacet
  facet normal 0 0 1
    outer loop
      vertex 3.87268 -40.7195 2.4
      vertex 2.38591 -41.0864 2.4
      vertex 2.38591 -41.3337 2.4
    endloop
  endfacet
  facet normal 0 0 1
    outer loop
      vertex 3.78627 -41.9787 2.4
      vertex 2.2406 -41.5337 2.4
      vertex 3.64473 -43.1703 2.4
    endloop
  endfacet
  facet normal -0 0 1
    outer loop
      vertex 2.2406 -37.2137 2.4
      vertex 4.17877 -39.2601 2.4
      vertex 2.38591 -37.0137 2.4
    endloop
  endfacet
  facet normal 0 0 1
    outer loop
      vertex 5.04646 -34.9904 2.4
      vertex 2.2406 -36.5664 2.4
      vertex 2.38591 -36.7664 2.4
    endloop
  endfacet
  facet normal 0 0 1
    outer loop
      vertex 2.09805 -24.4915 2.4
      vertex 5.10033 -31.7012 2.4
      vertex 8.72115 -29.1291 2.4
    endloop
  endfacet
  facet normal -0 0 1
    outer loop
      vertex 0.427963 -25.3609 2.4
      vertex 5.10033 -31.7012 2.4
      vertex 2.09805 -24.4915 2.4
    endloop
  endfacet
  facet normal 0 0 1
    outer loop
      vertex 0.427963 -25.3609 2.4
      vertex 2.09805 -24.4915 2.4
      vertex 2.00752 -24.2286 2.4
    endloop
  endfacet
  facet normal 0 0 1
    outer loop
      vertex -2.15054 -20.953 2.4
      vertex 2.26366 -20.6989 2.4
      vertex -1.75 -15.516 2.4
    endloop
  endfacet
  facet normal 0 0 1
    outer loop
      vertex 2.20834 -21.225 2.4
      vertex -2.08882 -23.9626 2.4
      vertex 2.08882 -23.9626 2.4
    endloop
  endfacet
  facet normal 0 -0 1
    outer loop
      vertex 0 -25.05 2.4
      vertex 2.08882 -23.9626 2.4
      vertex -2.08882 -23.9626 2.4
    endloop
  endfacet
  facet normal -0 0 1
    outer loop
      vertex 0.441071 -4.47832 2.4
      vertex 2 -7.22142 2.4
      vertex 0.877899 -4.41353 2.4
    endloop
  endfacet
  facet normal 0 0 1
    outer loop
      vertex 1.75 -11 2.4
      vertex -1.75 -11 2.4
      vertex 1.75 -15.516 2.4
    endloop
  endfacet
  facet normal 0 0 1
    outer loop
      vertex 2 -7.22142 2.4
      vertex -2 -7.22142 2.4
      vertex 1.75 -11 2.4
    endloop
  endfacet
  facet normal -0 0 1
    outer loop
      vertex 0 -4.5 2.4
      vertex 2 -7.22142 2.4
      vertex 0.441071 -4.47832 2.4
    endloop
  endfacet
  facet normal 0 0 1
    outer loop
      vertex 5.10033 -31.7012 2.4
      vertex 0.427963 -25.3609 2.4
      vertex 0.427963 -34.4062 2.4
    endloop
  endfacet
  facet normal 0 0 1
    outer loop
      vertex 5.05345 -34.4052 2.4
      vertex 0.427963 -34.4062 2.4
      vertex 2.2406 -36.5664 2.4
    endloop
  endfacet
  facet normal 0 0 1
    outer loop
      vertex -12.3028 -28.5751 2.4
      vertex -14.8392 -28.1962 2.4
      vertex -14.7799 -28.4715 2.4
    endloop
  endfacet
  facet normal -0 0 1
    outer loop
      vertex -15.2035 -27.4399 2.4
      vertex -14.8392 -28.1962 2.4
      vertex -14.5677 -26.9538 2.4
    endloop
  endfacet
  facet normal 0 0 1
    outer loop
      vertex -14.8392 -28.1962 2.4
      vertex -15.2035 -27.4399 2.4
      vertex -15.149 -28.0138 2.4
    endloop
  endfacet
  facet normal 0 0 1
    outer loop
      vertex -15.149 -28.0138 2.4
      vertex -15.2035 -27.4399 2.4
      vertex -15.3673 -27.7914 2.4
    endloop
  endfacet
  facet normal -0 0 1
    outer loop
      vertex -14.9335 -33.479 2.4
      vertex -13.4419 -33.8775 2.4
      vertex -12.966 -32.1013 2.4
    endloop
  endfacet
  facet normal 0 0 1
    outer loop
      vertex -13.4419 -33.8775 2.4
      vertex -14.7068 -34.8405 2.4
      vertex -14.1622 -36.1762 2.4
    endloop
  endfacet
  facet normal 0 0 1
    outer loop
      vertex -13.4419 -33.8775 2.4
      vertex -14.9335 -33.479 2.4
      vertex -14.7068 -34.8405 2.4
    endloop
  endfacet
  facet normal 0 0 1
    outer loop
      vertex -15.0732 -34.706 2.4
      vertex -14.9335 -33.479 2.4
      vertex -15.0266 -33.4448 2.4
    endloop
  endfacet
  facet normal 0 0 1
    outer loop
      vertex -14.9335 -33.479 2.4
      vertex -15.0732 -34.706 2.4
      vertex -14.7068 -34.8405 2.4
    endloop
  endfacet
  facet normal -0 0 1
    outer loop
      vertex -16.0465 -33.7359 2.4
      vertex -15.0732 -34.706 2.4
      vertex -15.0266 -33.4448 2.4
    endloop
  endfacet
  facet normal 0 0 1
    outer loop
      vertex -15.0732 -34.706 2.4
      vertex -16.0465 -33.7359 2.4
      vertex -15.9394 -34.9532 2.4
    endloop
  endfacet
  facet normal -0 0 1
    outer loop
      vertex -17.1538 -33.2189 2.4
      vertex -16.0465 -33.7359 2.4
      vertex -16.6252 -32.4894 2.4
    endloop
  endfacet
  facet normal 0 0 1
    outer loop
      vertex -18.0097 -34.1956 2.4
      vertex -16.0465 -33.7359 2.4
      vertex -17.1538 -33.2189 2.4
    endloop
  endfacet
  facet normal 0 0 1
    outer loop
      vertex -16.0465 -33.7359 2.4
      vertex -17.15 -35.4234 2.4
      vertex -15.9394 -34.9532 2.4
    endloop
  endfacet
  facet normal 0 0 1
    outer loop
      vertex -16.0465 -33.7359 2.4
      vertex -18.0097 -34.1956 2.4
      vertex -17.15 -35.4234 2.4
    endloop
  endfacet
  facet normal 0 0 1
    outer loop
      vertex -18.0097 -34.1956 2.4
      vertex -18.3513 -35.833 2.4
      vertex -17.15 -35.4234 2.4
    endloop
  endfacet
  facet normal -0 0 1
    outer loop
      vertex -18.8055 -35.1845 2.4
      vertex -18.3513 -35.833 2.4
      vertex -18.0097 -34.1956 2.4
    endloop
  endfacet
  facet normal 0 0 1
    outer loop
      vertex -18.3513 -35.833 2.4
      vertex -18.8055 -35.1845 2.4
      vertex -19.1721 -35.9244 2.4
    endloop
  endfacet
  facet normal 0 0 1
    outer loop
      vertex -10.8452 -14.6205 2.4
      vertex -10.4286 -14.3523 2.4
      vertex -10.8308 -14.3384 2.4
    endloop
  endfacet
  facet normal 0 0 1
    outer loop
      vertex -10.4286 -14.3523 2.4
      vertex -10.8452 -14.6205 2.4
      vertex -10.6952 -15.0111 2.4
    endloop
  endfacet
  facet normal -0 0 1
    outer loop
      vertex -11.8331 -16.9821 2.4
      vertex -11.6288 -18.0361 2.4
      vertex -11.6363 -16.8246 2.4
    endloop
  endfacet
  facet normal 0 0 1
    outer loop
      vertex -12.2704 -17.5424 2.4
      vertex -11.8331 -16.9821 2.4
      vertex -12.2465 -17.0475 2.4
    endloop
  endfacet
  facet normal 0 0 1
    outer loop
      vertex -11.8331 -16.9821 2.4
      vertex -12.2704 -17.5424 2.4
      vertex -11.6288 -18.0361 2.4
    endloop
  endfacet
  facet normal 0 -0 1
    outer loop
      vertex -12.2704 -17.5424 2.4
      vertex -12.2465 -17.0475 2.4
      vertex -12.4835 -17.201 2.4
    endloop
  endfacet
  facet normal 0 0 1
    outer loop
      vertex -12.0331 -28.9603 2.4
      vertex -12.4677 -30.7076 2.4
      vertex -10.2013 -29.1206 2.4
    endloop
  endfacet
  facet normal 0 0 1
    outer loop
      vertex -12.2305 -28.8115 2.4
      vertex -12.4677 -30.7076 2.4
      vertex -12.0331 -28.9603 2.4
    endloop
  endfacet
  facet normal 0 0 1
    outer loop
      vertex -14.7799 -28.4715 2.4
      vertex -12.2305 -28.8115 2.4
      vertex -12.3028 -28.5751 2.4
    endloop
  endfacet
  facet normal -0 0 1
    outer loop
      vertex -14.7303 -35.3049 2.4
      vertex -14.1622 -36.1762 2.4
      vertex -14.7068 -34.8405 2.4
    endloop
  endfacet
  facet normal -0 0 1
    outer loop
      vertex -14.8413 -35.8631 2.4
      vertex -14.1622 -36.1762 2.4
      vertex -14.7303 -35.3049 2.4
    endloop
  endfacet
  facet normal 0 0 1
    outer loop
      vertex -14.1622 -36.1762 2.4
      vertex -14.8413 -35.8631 2.4
      vertex -14.7126 -36.2198 2.4
    endloop
  endfacet
  facet normal 0 0 1
    outer loop
      vertex -15.2888 -31.2399 2.4
      vertex -15.4244 -32.7778 2.4
      vertex -13.4569 -31.4002 2.4
    endloop
  endfacet
  facet normal 0 0 1
    outer loop
      vertex -16.6263 -32.0992 2.4
      vertex -15.2888 -31.2399 2.4
      vertex -15.4862 -31.0912 2.4
    endloop
  endfacet
  facet normal 0 0 1
    outer loop
      vertex -15.2888 -31.2399 2.4
      vertex -16.6263 -32.0992 2.4
      vertex -15.4244 -32.7778 2.4
    endloop
  endfacet
  facet normal 0 0 1
    outer loop
      vertex -16.6263 -32.0992 2.4
      vertex -15.4862 -31.0912 2.4
      vertex -15.5585 -30.8547 2.4
    endloop
  endfacet
  facet normal 0 0 1
    outer loop
      vertex -15.5378 -30.7948 2.4
      vertex -16.9644 -30.4106 2.4
      vertex -15.5585 -30.8547 2.4
    endloop
  endfacet
  facet normal -0 -0 1
    outer loop
      vertex -16.6252 -32.4894 2.4
      vertex -15.4244 -32.7778 2.4
      vertex -16.6263 -32.0992 2.4
    endloop
  endfacet
  facet normal 0 0 1
    outer loop
      vertex -15.4244 -32.7778 2.4
      vertex -16.6252 -32.4894 2.4
      vertex -15.4241 -32.8771 2.4
    endloop
  endfacet
  facet normal 0 0 1
    outer loop
      vertex -15.4241 -32.8771 2.4
      vertex -16.6252 -32.4894 2.4
      vertex -16.0465 -33.7359 2.4
    endloop
  endfacet
  facet normal 0 0 1
    outer loop
      vertex -15.5585 -30.8547 2.4
      vertex -16.9644 -30.4106 2.4
      vertex -16.6263 -32.0992 2.4
    endloop
  endfacet
  facet normal 0 0 1
    outer loop
      vertex -16.9644 -30.4106 2.4
      vertex -17.0707 -31.9624 2.4
      vertex -16.6263 -32.0992 2.4
    endloop
  endfacet
  facet normal -0 0 1
    outer loop
      vertex -17.6952 -31.1305 2.4
      vertex -17.0707 -31.9624 2.4
      vertex -16.9644 -30.4106 2.4
    endloop
  endfacet
  facet normal 0 0 1
    outer loop
      vertex -17.0707 -31.9624 2.4
      vertex -17.6952 -31.1305 2.4
      vertex -17.6333 -31.8758 2.4
    endloop
  endfacet
  facet normal 0 0 1
    outer loop
      vertex -17.6333 -31.8758 2.4
      vertex -17.6952 -31.1305 2.4
      vertex -17.9244 -31.6329 2.4
    endloop
  endfacet
  facet normal 0 0 1
    outer loop
      vertex -9.84192 -35.0971 2.4
      vertex -10.3625 -34.8496 2.4
      vertex -10.2282 -35.1308 2.4
    endloop
  endfacet
  facet normal 0 0 1
    outer loop
      vertex -10.114 -31.8343 2.4
      vertex -10.428 -34.496 2.4
      vertex -10.3625 -34.8496 2.4
    endloop
  endfacet
  facet normal 0 0 1
    outer loop
      vertex -10.114 -31.8343 2.4
      vertex -10.6664 -34.3462 2.4
      vertex -10.428 -34.496 2.4
    endloop
  endfacet
  facet normal 0 0 1
    outer loop
      vertex -10.114 -31.8343 2.4
      vertex -11.9768 -31.4087 2.4
      vertex -10.6664 -34.3462 2.4
    endloop
  endfacet
  facet normal -0 0 1
    outer loop
      vertex -11.9768 -31.4087 2.4
      vertex -10.1863 -31.5979 2.4
      vertex -9.71036 -29.8217 2.4
    endloop
  endfacet
  facet normal -0 0 1
    outer loop
      vertex -12.642 -33.8915 2.4
      vertex -10.6664 -34.3462 2.4
      vertex -11.9768 -31.4087 2.4
    endloop
  endfacet
  facet normal 0 0 1
    outer loop
      vertex -10.6664 -34.3462 2.4
      vertex -12.642 -33.8915 2.4
      vertex -11.2476 -34.5616 2.4
    endloop
  endfacet
  facet normal -0 0 1
    outer loop
      vertex -12.6834 -34.0115 2.4
      vertex -11.2476 -34.5616 2.4
      vertex -12.642 -33.8915 2.4
    endloop
  endfacet
  facet normal 0 0 1
    outer loop
      vertex -11.2476 -34.5616 2.4
      vertex -12.6834 -34.0115 2.4
      vertex -12.1679 -35.1003 2.4
    endloop
  endfacet
  facet normal -0 0 1
    outer loop
      vertex -12.7779 -34.0668 2.4
      vertex -12.1679 -35.1003 2.4
      vertex -12.6834 -34.0115 2.4
    endloop
  endfacet
  facet normal -0 0 1
    outer loop
      vertex -13.1088 -34.2638 2.4
      vertex -12.1679 -35.1003 2.4
      vertex -12.7779 -34.0668 2.4
    endloop
  endfacet
  facet normal 0 0 1
    outer loop
      vertex -13.2358 -35.7358 2.4
      vertex -13.1088 -34.2638 2.4
      vertex -13.1722 -34.2627 2.4
    endloop
  endfacet
  facet normal 0 0 1
    outer loop
      vertex -13.1088 -34.2638 2.4
      vertex -13.2358 -35.7358 2.4
      vertex -12.1679 -35.1003 2.4
    endloop
  endfacet
  facet normal 0 0 1
    outer loop
      vertex -13.3696 -34.1139 2.4
      vertex -13.2358 -35.7358 2.4
      vertex -13.1722 -34.2627 2.4
    endloop
  endfacet
  facet normal 0 0 1
    outer loop
      vertex -14.1622 -36.1762 2.4
      vertex -13.3696 -34.1139 2.4
      vertex -13.4419 -33.8775 2.4
    endloop
  endfacet
  facet normal 0 0 1
    outer loop
      vertex -13.3696 -34.1139 2.4
      vertex -14.1622 -36.1762 2.4
      vertex -13.2358 -35.7358 2.4
    endloop
  endfacet
  facet normal 0 0 1
    outer loop
      vertex -9.59644 -17.9819 2.4
      vertex -10.3016 -18.9529 2.4
      vertex -10.1667 -19.1966 2.4
    endloop
  endfacet
  facet normal 0 0 1
    outer loop
      vertex -10.852 -18.5502 2.4
      vertex -10.1662 -17.565 2.4
      vertex -10.4261 -17.3931 2.4
    endloop
  endfacet
  facet normal 0 0 1
    outer loop
      vertex -9.63573 -16.0242 2.4
      vertex -10.7332 -15.2604 2.4
      vertex -10.4106 -16.4894 2.4
    endloop
  endfacet
  facet normal 0 0 1
    outer loop
      vertex -11.2051 -15.2233 2.4
      vertex -10.4106 -16.4894 2.4
      vertex -10.7332 -15.2604 2.4
    endloop
  endfacet
  facet normal 0 0 1
    outer loop
      vertex -10.4106 -16.4894 2.4
      vertex -11.6363 -16.8246 2.4
      vertex -10.4261 -17.3931 2.4
    endloop
  endfacet
  facet normal 0 0 1
    outer loop
      vertex -9.59644 -17.9819 2.4
      vertex -10.852 -18.5502 2.4
      vertex -10.3016 -18.9529 2.4
    endloop
  endfacet
  facet normal -0 0 1
    outer loop
      vertex -11.9044 -16.4344 2.4
      vertex -10.4106 -16.4894 2.4
      vertex -11.2051 -15.2233 2.4
    endloop
  endfacet
  facet normal 0 -0 1
    outer loop
      vertex -11.6288 -18.0361 2.4
      vertex -10.4261 -17.3931 2.4
      vertex -11.6363 -16.8246 2.4
    endloop
  endfacet
  facet normal 0 0 1
    outer loop
      vertex -10.4261 -17.3931 2.4
      vertex -11.6288 -18.0361 2.4
      vertex -10.852 -18.5502 2.4
    endloop
  endfacet
  facet normal 0 0 1
    outer loop
      vertex -10.4106 -16.4894 2.4
      vertex -11.9044 -16.4344 2.4
      vertex -11.6363 -16.8246 2.4
    endloop
  endfacet
  facet normal 0 0 1
    outer loop
      vertex -12.0729 -14.956 2.4
      vertex -11.9044 -16.4344 2.4
      vertex -11.2051 -15.2233 2.4
    endloop
  endfacet
  facet normal 0 0 1
    outer loop
      vertex -12.0729 -14.956 2.4
      vertex -12.5697 -15.8166 2.4
      vertex -11.9044 -16.4344 2.4
    endloop
  endfacet
  facet normal 0 0 1
    outer loop
      vertex -13.0216 -14.6758 2.4
      vertex -12.5697 -15.8166 2.4
      vertex -12.0729 -14.956 2.4
    endloop
  endfacet
  facet normal 0 0 1
    outer loop
      vertex -13.0216 -14.6758 2.4
      vertex -13.2868 -15.135 2.4
      vertex -12.5697 -15.8166 2.4
    endloop
  endfacet
  facet normal 0 -0 1
    outer loop
      vertex -13.2868 -15.135 2.4
      vertex -13.0216 -14.6758 2.4
      vertex -13.6596 -14.6136 2.4
    endloop
  endfacet
  facet normal 0 0 1
    outer loop
      vertex -10.4106 -16.4894 2.4
      vertex -10.1223 -17.15 2.4
      vertex -10.0155 -17.0645 2.4
    endloop
  endfacet
  facet normal 0 0 1
    outer loop
      vertex -10.1223 -17.15 2.4
      vertex -10.4106 -16.4894 2.4
      vertex -10.3409 -17.325 2.4
    endloop
  endfacet
  facet normal 0 0 1
    outer loop
      vertex -10.3409 -17.325 2.4
      vertex -10.4106 -16.4894 2.4
      vertex -10.4261 -17.3931 2.4
    endloop
  endfacet
  facet normal 0 0 1
    outer loop
      vertex -9.94136 -17.2545 2.4
      vertex -10.1223 -17.15 2.4
      vertex -10.3409 -17.325 2.4
    endloop
  endfacet
  facet normal -0 0 1
    outer loop
      vertex -9.59644 -17.9819 2.4
      vertex -8.69463 -18.9159 2.4
      vertex -8.89555 -17.8583 2.4
    endloop
  endfacet
  facet normal 0 0 1
    outer loop
      vertex -8.51093 -18.7505 2.4
      vertex -8.89555 -17.8583 2.4
      vertex -8.69463 -18.9159 2.4
    endloop
  endfacet
  facet normal 0 0 1
    outer loop
      vertex -8.89555 -17.8583 2.4
      vertex -8.51093 -18.7505 2.4
      vertex -7.62181 -18.5937 2.4
    endloop
  endfacet
  facet normal 0 0 1
    outer loop
      vertex -7.19012 -22.1232 2.4
      vertex -2.69162 -21.4402 2.4
      vertex -7.18245 -21.9978 2.4
    endloop
  endfacet
  facet normal 0 0 1
    outer loop
      vertex -2.69162 -21.4402 2.4
      vertex -7.18245 -23.0022 2.4
      vertex -7.17259 -23.1275 2.4
    endloop
  endfacet
  facet normal 0 0 1
    outer loop
      vertex -7.1956 -22.2487 2.4
      vertex -2.69162 -21.4402 2.4
      vertex -7.19012 -22.1232 2.4
    endloop
  endfacet
  facet normal 0 0 1
    outer loop
      vertex -2.69162 -21.4402 2.4
      vertex -7.19012 -22.8768 2.4
      vertex -7.18245 -23.0022 2.4
    endloop
  endfacet
  facet normal 0 0 1
    outer loop
      vertex -7.1989 -22.3743 2.4
      vertex -2.69162 -21.4402 2.4
      vertex -7.1956 -22.2487 2.4
    endloop
  endfacet
  facet normal 0 0 1
    outer loop
      vertex -2.69162 -21.4402 2.4
      vertex -7.1956 -22.7513 2.4
      vertex -7.19012 -22.8768 2.4
    endloop
  endfacet
  facet normal 0 0 1
    outer loop
      vertex -7.2 -22.5 2.4
      vertex -2.69162 -21.4402 2.4
      vertex -7.1989 -22.3743 2.4
    endloop
  endfacet
  facet normal 0 0 1
    outer loop
      vertex -2.69162 -21.4402 2.4
      vertex -7.1989 -22.6257 2.4
      vertex -7.1956 -22.7513 2.4
    endloop
  endfacet
  facet normal 0 0 1
    outer loop
      vertex -2.69162 -21.4402 2.4
      vertex -7.2 -22.5 2.4
      vertex -7.1989 -22.6257 2.4
    endloop
  endfacet
  facet normal -0 0 1
    outer loop
      vertex -7.76799 -21.1303 2.4
      vertex -7.14633 -21.6225 2.4
      vertex -6.57599 -19.1975 2.4
    endloop
  endfacet
  facet normal 0 0 1
    outer loop
      vertex -7.14633 -21.6225 2.4
      vertex -7.76799 -21.1303 2.4
      vertex -7.513 -21.4441 2.4
    endloop
  endfacet
  facet normal 0 0 1
    outer loop
      vertex -7.513 -21.4441 2.4
      vertex -7.76799 -21.1303 2.4
      vertex -7.72 -21.2773 2.4
    endloop
  endfacet
  facet normal 0 0 1
    outer loop
      vertex -6.57599 -19.1975 2.4
      vertex -7.91829 -20.9608 2.4
      vertex -7.76799 -21.1303 2.4
    endloop
  endfacet
  facet normal -0 0 1
    outer loop
      vertex -8.18553 -19.4813 2.4
      vertex -7.91829 -20.9608 2.4
      vertex -6.57599 -19.1975 2.4
    endloop
  endfacet
  facet normal 0 0 1
    outer loop
      vertex -8.36623 -20.7217 2.4
      vertex -8.18553 -19.4813 2.4
      vertex -8.20131 -19.483 2.4
    endloop
  endfacet
  facet normal 0 0 1
    outer loop
      vertex -8.18553 -19.4813 2.4
      vertex -8.36623 -20.7217 2.4
      vertex -7.91829 -20.9608 2.4
    endloop
  endfacet
  facet normal 0 0 1
    outer loop
      vertex -9.09592 -20.4001 2.4
      vertex -8.20131 -19.483 2.4
      vertex -8.60146 -19.3066 2.4
    endloop
  endfacet
  facet normal 0 0 1
    outer loop
      vertex -9.09592 -20.4001 2.4
      vertex -8.60146 -19.3066 2.4
      vertex -8.70018 -19.2607 2.4
    endloop
  endfacet
  facet normal 0 0 1
    outer loop
      vertex -9.87541 -20.0378 2.4
      vertex -8.70018 -19.2607 2.4
      vertex -8.74603 -19.1577 2.4
    endloop
  endfacet
  facet normal 0 0 1
    outer loop
      vertex -8.20131 -19.483 2.4
      vertex -9.09592 -20.4001 2.4
      vertex -8.36623 -20.7217 2.4
    endloop
  endfacet
  facet normal 0 0 1
    outer loop
      vertex -10.1667 -19.1966 2.4
      vertex -8.69463 -18.9159 2.4
      vertex -9.59644 -17.9819 2.4
    endloop
  endfacet
  facet normal 0 0 1
    outer loop
      vertex -8.69463 -18.9159 2.4
      vertex -10.1667 -19.1966 2.4
      vertex -8.74603 -19.1577 2.4
    endloop
  endfacet
  facet normal 0 -0 1
    outer loop
      vertex -9.87541 -20.0378 2.4
      vertex -8.74603 -19.1577 2.4
      vertex -10.1667 -19.1966 2.4
    endloop
  endfacet
  facet normal 0 0 1
    outer loop
      vertex -10.852 -18.5502 2.4
      vertex -9.59644 -17.9819 2.4
      vertex -10.1662 -17.565 2.4
    endloop
  endfacet
  facet normal 0 0 1
    outer loop
      vertex -8.70018 -19.2607 2.4
      vertex -9.87541 -20.0378 2.4
      vertex -9.09592 -20.4001 2.4
    endloop
  endfacet
  facet normal 0 0 1
    outer loop
      vertex -10.4061 -19.7117 2.4
      vertex -10.1667 -19.1966 2.4
      vertex -10.3466 -19.3367 2.4
    endloop
  endfacet
  facet normal 0 0 1
    outer loop
      vertex -10.1667 -19.1966 2.4
      vertex -10.4061 -19.7117 2.4
      vertex -9.87541 -20.0378 2.4
    endloop
  endfacet
  facet normal 0 -0 1
    outer loop
      vertex -10.4061 -19.7117 2.4
      vertex -10.3466 -19.3367 2.4
      vertex -10.529 -19.4809 2.4
    endloop
  endfacet
  facet normal -0 0 1
    outer loop
      vertex -5.40941 -38.2101 2.4
      vertex -4.17877 -39.2601 2.4
      vertex -5.30962 -37.0881 2.4
    endloop
  endfacet
  facet normal 0 0 1
    outer loop
      vertex -4.17877 -39.2601 2.4
      vertex -5.40941 -38.2101 2.4
      vertex -4.47954 -39.2179 2.4
    endloop
  endfacet
  facet normal -0 -0 1
    outer loop
      vertex -5.36948 -39.0256 2.4
      vertex -4.47954 -39.2179 2.4
      vertex -5.40941 -38.2101 2.4
    endloop
  endfacet
  facet normal 0 0 1
    outer loop
      vertex -4.47954 -39.2179 2.4
      vertex -5.36948 -39.0256 2.4
      vertex -4.83783 -39.3715 2.4
    endloop
  endfacet
  facet normal 0 0 1
    outer loop
      vertex -4.83783 -39.3715 2.4
      vertex -5.36948 -39.0256 2.4
      vertex -5.16429 -39.3916 2.4
    endloop
  endfacet
  facet normal -0 0 1
    outer loop
      vertex -5.17462 -34.1224 2.4
      vertex -0.427963 -34.4062 2.4
      vertex -5.15311 -32.1916 2.4
    endloop
  endfacet
  facet normal 0 0 1
    outer loop
      vertex -0.427963 -34.4062 2.4
      vertex -5.17462 -34.1224 2.4
      vertex -5.05345 -34.4052 2.4
    endloop
  endfacet
  facet normal -0 0 1
    outer loop
      vertex -5.38803 -33.0746 2.4
      vertex -5.17462 -34.1224 2.4
      vertex -5.15311 -32.1916 2.4
    endloop
  endfacet
  facet normal -0 0 1
    outer loop
      vertex -5.44005 -33.6537 2.4
      vertex -5.17462 -34.1224 2.4
      vertex -5.38803 -33.0746 2.4
    endloop
  endfacet
  facet normal 0 0 1
    outer loop
      vertex -5.17462 -34.1224 2.4
      vertex -5.44005 -33.6537 2.4
      vertex -5.339 -33.9495 2.4
    endloop
  endfacet
  facet normal 0 0 1
    outer loop
      vertex -7.07005 -15.1787 2.4
      vertex -7.94418 -15.347 2.4
      vertex -7.26752 -16.5969 2.4
    endloop
  endfacet
  facet normal 0 0 1
    outer loop
      vertex -7.26752 -16.5969 2.4
      vertex -7.94418 -15.347 2.4
      vertex -7.45122 -16.7623 2.4
    endloop
  endfacet
  facet normal -0 0 1
    outer loop
      vertex -8.71101 -16.4483 2.4
      vertex -7.45122 -16.7623 2.4
      vertex -7.94418 -15.347 2.4
    endloop
  endfacet
  facet normal 0 0 1
    outer loop
      vertex -8.71101 -16.4483 2.4
      vertex -7.94418 -15.347 2.4
      vertex -8.22269 -15.3521 2.4
    endloop
  endfacet
  facet normal 0 -0 1
    outer loop
      vertex -8.46759 -17.1171 2.4
      vertex -7.45122 -16.7623 2.4
      vertex -8.71101 -16.4483 2.4
    endloop
  endfacet
  facet normal 0 0 1
    outer loop
      vertex -7.50264 -17.0041 2.4
      vertex -8.46759 -17.1171 2.4
      vertex -7.19385 -17.8525 2.4
    endloop
  endfacet
  facet normal 0 0 1
    outer loop
      vertex -7.45122 -16.7623 2.4
      vertex -8.46759 -17.1171 2.4
      vertex -7.50264 -17.0041 2.4
    endloop
  endfacet
  facet normal 0 0 1
    outer loop
      vertex -8.84663 -15.0768 2.4
      vertex -8.71101 -16.4483 2.4
      vertex -8.22269 -15.3521 2.4
    endloop
  endfacet
  facet normal 0 0 1
    outer loop
      vertex -8.84663 -15.0768 2.4
      vertex -9.3569 -16.1633 2.4
      vertex -8.71101 -16.4483 2.4
    endloop
  endfacet
  facet normal 0 0 1
    outer loop
      vertex -8.84663 -15.0768 2.4
      vertex -9.63573 -16.0242 2.4
      vertex -9.3569 -16.1633 2.4
    endloop
  endfacet
  facet normal 0 0 1
    outer loop
      vertex -10.6952 -15.0111 2.4
      vertex -9.68027 -14.6611 2.4
      vertex -10.4286 -14.3523 2.4
    endloop
  endfacet
  facet normal 0 0 1
    outer loop
      vertex -9.68027 -14.6611 2.4
      vertex -9.63573 -16.0242 2.4
      vertex -8.84663 -15.0768 2.4
    endloop
  endfacet
  facet normal 0 0 1
    outer loop
      vertex -9.65216 -16.132 2.4
      vertex -9.69434 -16.4088 2.4
      vertex -9.5134 -16.5133 2.4
    endloop
  endfacet
  facet normal 0 0 1
    outer loop
      vertex -10.7332 -15.2604 2.4
      vertex -9.68027 -14.6611 2.4
      vertex -10.6952 -15.0111 2.4
    endloop
  endfacet
  facet normal 0 0 1
    outer loop
      vertex -9.65216 -16.132 2.4
      vertex -10.4106 -16.4894 2.4
      vertex -9.69434 -16.4088 2.4
    endloop
  endfacet
  facet normal 0 0 1
    outer loop
      vertex -9.69434 -16.4088 2.4
      vertex -10.4106 -16.4894 2.4
      vertex -9.71495 -16.5441 2.4
    endloop
  endfacet
  facet normal 0 0 1
    outer loop
      vertex -9.68027 -14.6611 2.4
      vertex -10.7332 -15.2604 2.4
      vertex -9.63573 -16.0242 2.4
    endloop
  endfacet
  facet normal 0 0 1
    outer loop
      vertex -9.63573 -16.0242 2.4
      vertex -10.4106 -16.4894 2.4
      vertex -9.65216 -16.132 2.4
    endloop
  endfacet
  facet normal 0 0 1
    outer loop
      vertex -2.26366 -20.6989 2.4
      vertex -2.10507 -15.6146 2.4
      vertex -2.22491 -15.6524 2.4
    endloop
  endfacet
  facet normal 0 0 1
    outer loop
      vertex -2.10507 -15.6146 2.4
      vertex -2.26366 -20.6989 2.4
      vertex -2.15054 -20.953 2.4
    endloop
  endfacet
  facet normal -0 0 1
    outer loop
      vertex -2.34409 -15.6923 2.4
      vertex -2.26366 -20.6989 2.4
      vertex -2.22491 -15.6524 2.4
    endloop
  endfacet
  facet normal -0 0 1
    outer loop
      vertex -2.46254 -15.7342 2.4
      vertex -2.26366 -20.6989 2.4
      vertex -2.34409 -15.6923 2.4
    endloop
  endfacet
  facet normal -0 0 1
    outer loop
      vertex -2.58025 -15.7782 2.4
      vertex -2.26366 -20.6989 2.4
      vertex -2.46254 -15.7342 2.4
    endloop
  endfacet
  facet normal -0 0 1
    outer loop
      vertex -2.69716 -15.8243 2.4
      vertex -2.26366 -20.6989 2.4
      vertex -2.58025 -15.7782 2.4
    endloop
  endfacet
  facet normal -0 0 1
    outer loop
      vertex -2.81326 -15.8724 2.4
      vertex -2.26366 -20.6989 2.4
      vertex -2.69716 -15.8243 2.4
    endloop
  endfacet
  facet normal -0 0 1
    outer loop
      vertex -2.9285 -15.9225 2.4
      vertex -2.26366 -20.6989 2.4
      vertex -2.81326 -15.8724 2.4
    endloop
  endfacet
  facet normal -0 0 1
    outer loop
      vertex -3.04285 -15.9746 2.4
      vertex -2.26366 -20.6989 2.4
      vertex -2.9285 -15.9225 2.4
    endloop
  endfacet
  facet normal -0 0 1
    outer loop
      vertex -3.15627 -16.0287 2.4
      vertex -2.26366 -20.6989 2.4
      vertex -3.04285 -15.9746 2.4
    endloop
  endfacet
  facet normal -0 0 1
    outer loop
      vertex -3.26872 -16.0848 2.4
      vertex -2.26366 -20.6989 2.4
      vertex -3.15627 -16.0287 2.4
    endloop
  endfacet
  facet normal -0 0 1
    outer loop
      vertex -3.38019 -16.1428 2.4
      vertex -2.26366 -20.6989 2.4
      vertex -3.26872 -16.0848 2.4
    endloop
  endfacet
  facet normal -0 0 1
    outer loop
      vertex -3.49062 -16.2027 2.4
      vertex -2.26366 -20.6989 2.4
      vertex -3.38019 -16.1428 2.4
    endloop
  endfacet
  facet normal -0 0 1
    outer loop
      vertex -3.59999 -16.2646 2.4
      vertex -2.26366 -20.6989 2.4
      vertex -3.49062 -16.2027 2.4
    endloop
  endfacet
  facet normal -0 0 1
    outer loop
      vertex -3.70827 -16.3284 2.4
      vertex -2.26366 -20.6989 2.4
      vertex -3.59999 -16.2646 2.4
    endloop
  endfacet
  facet normal -0 0 1
    outer loop
      vertex -3.81541 -16.3941 2.4
      vertex -2.26366 -20.6989 2.4
      vertex -3.70827 -16.3284 2.4
    endloop
  endfacet
  facet normal -0 0 1
    outer loop
      vertex -3.92139 -16.4616 2.4
      vertex -2.26366 -20.6989 2.4
      vertex -3.81541 -16.3941 2.4
    endloop
  endfacet
  facet normal -0 0 1
    outer loop
      vertex -4.02618 -16.5309 2.4
      vertex -2.26366 -20.6989 2.4
      vertex -3.92139 -16.4616 2.4
    endloop
  endfacet
  facet normal -0 0 1
    outer loop
      vertex -4.12975 -16.6021 2.4
      vertex -2.26366 -20.6989 2.4
      vertex -4.02618 -16.5309 2.4
    endloop
  endfacet
  facet normal -0 0 1
    outer loop
      vertex -4.23204 -16.6751 2.4
      vertex -2.26366 -20.6989 2.4
      vertex -4.12975 -16.6021 2.4
    endloop
  endfacet
  facet normal -0 0 1
    outer loop
      vertex -4.33305 -16.7498 2.4
      vertex -2.26366 -20.6989 2.4
      vertex -4.23204 -16.6751 2.4
    endloop
  endfacet
  facet normal 0 0 1
    outer loop
      vertex -5.07019 -16.4576 2.4
      vertex -4.33305 -16.7498 2.4
      vertex -4.67091 -16.5215 2.4
    endloop
  endfacet
  facet normal -0 0 1
    outer loop
      vertex -5.07019 -16.4576 2.4
      vertex -4.67091 -16.5215 2.4
      vertex -4.91891 -16.4256 2.4
    endloop
  endfacet
  facet normal 0 0 1
    outer loop
      vertex -4.33305 -16.7498 2.4
      vertex -5.07019 -16.4576 2.4
      vertex -6.14803 -18.4563 2.4
    endloop
  endfacet
  facet normal 0 0 1
    outer loop
      vertex -6.14803 -18.4563 2.4
      vertex -5.07019 -16.4576 2.4
      vertex -5.2921 -16.4121 2.4
    endloop
  endfacet
  facet normal 0 0 1
    outer loop
      vertex -6.70702 -16.9205 2.4
      vertex -5.2921 -16.4121 2.4
      vertex -5.72316 -16.1438 2.4
    endloop
  endfacet
  facet normal 0 0 1
    outer loop
      vertex -4.33305 -16.7498 2.4
      vertex -6.14803 -18.4563 2.4
      vertex -2.26366 -20.6989 2.4
    endloop
  endfacet
  facet normal 0 0 1
    outer loop
      vertex -6.71349 -16.906 2.4
      vertex -5.72316 -16.1438 2.4
      vertex -6.36658 -15.6727 2.4
    endloop
  endfacet
  facet normal 0 0 1
    outer loop
      vertex -5.2921 -16.4121 2.4
      vertex -6.70702 -16.9205 2.4
      vertex -6.14803 -18.4563 2.4
    endloop
  endfacet
  facet normal 0 0 1
    outer loop
      vertex -5.72316 -16.1438 2.4
      vertex -6.71349 -16.906 2.4
      vertex -6.70702 -16.9205 2.4
    endloop
  endfacet
  facet normal 0 0 1
    outer loop
      vertex -6.36658 -15.6727 2.4
      vertex -7.06564 -16.6481 2.4
      vertex -6.71349 -16.906 2.4
    endloop
  endfacet
  facet normal 0 0 1
    outer loop
      vertex -7.15541 -16.5851 2.4
      vertex -6.36658 -15.6727 2.4
      vertex -7.07005 -15.1787 2.4
    endloop
  endfacet
  facet normal 0 0 1
    outer loop
      vertex -6.36658 -15.6727 2.4
      vertex -7.15541 -16.5851 2.4
      vertex -7.06564 -16.6481 2.4
    endloop
  endfacet
  facet normal 0 0 1
    outer loop
      vertex -7.07005 -15.1787 2.4
      vertex -7.26752 -16.5969 2.4
      vertex -7.15541 -16.5851 2.4
    endloop
  endfacet
  facet normal 0 0 1
    outer loop
      vertex -7.91275 -15.1212 2.4
      vertex -7.61775 -14.8822 2.4
      vertex -7.87918 -14.8912 2.4
    endloop
  endfacet
  facet normal 0 0 1
    outer loop
      vertex -7.61775 -14.8822 2.4
      vertex -7.94418 -15.347 2.4
      vertex -7.07005 -15.1787 2.4
    endloop
  endfacet
  facet normal 0 0 1
    outer loop
      vertex -7.94418 -15.347 2.4
      vertex -7.61775 -14.8822 2.4
      vertex -7.91275 -15.1212 2.4
    endloop
  endfacet
  facet normal 0 0 1
    outer loop
      vertex 0 -25.05 2.4
      vertex -2.08882 -23.9626 2.4
      vertex -2.00752 -24.2286 2.4
    endloop
  endfacet
  facet normal 0 0 1
    outer loop
      vertex -2.15054 -20.953 2.4
      vertex -1.98459 -15.5789 2.4
      vertex -2.10507 -15.6146 2.4
    endloop
  endfacet
  facet normal 0 0 1
    outer loop
      vertex -2.20834 -21.225 2.4
      vertex 2.15054 -20.953 2.4
      vertex -2.15054 -20.953 2.4
    endloop
  endfacet
  facet normal 0 0 1
    outer loop
      vertex 2.20834 -21.225 2.4
      vertex -2.20834 -21.225 2.4
      vertex -2.08882 -23.9626 2.4
    endloop
  endfacet
  facet normal 0 0 1
    outer loop
      vertex -2.20834 -21.225 2.4
      vertex -2.31094 -23.7952 2.4
      vertex -2.08882 -23.9626 2.4
    endloop
  endfacet
  facet normal -0 0 1
    outer loop
      vertex -2.41504 -21.4111 2.4
      vertex -2.31094 -23.7952 2.4
      vertex -2.20834 -21.225 2.4
    endloop
  endfacet
  facet normal 0 0 1
    outer loop
      vertex -2.41504 -21.4111 2.4
      vertex -2.589 -23.7904 2.4
      vertex -2.31094 -23.7952 2.4
    endloop
  endfacet
  facet normal -0 0 1
    outer loop
      vertex -2.69162 -21.4402 2.4
      vertex -2.589 -23.7904 2.4
      vertex -2.41504 -21.4111 2.4
    endloop
  endfacet
  facet normal 0 0 1
    outer loop
      vertex -7.14633 -21.6225 2.4
      vertex -2.69162 -21.4402 2.4
      vertex -6.57599 -19.1975 2.4
    endloop
  endfacet
  facet normal 0 0 1
    outer loop
      vertex -7.16055 -21.7474 2.4
      vertex -2.69162 -21.4402 2.4
      vertex -7.14633 -21.6225 2.4
    endloop
  endfacet
  facet normal 0 0 1
    outer loop
      vertex -7.17259 -21.8725 2.4
      vertex -2.69162 -21.4402 2.4
      vertex -7.16055 -21.7474 2.4
    endloop
  endfacet
  facet normal 0 0 1
    outer loop
      vertex -7.18245 -21.9978 2.4
      vertex -2.69162 -21.4402 2.4
      vertex -7.17259 -21.8725 2.4
    endloop
  endfacet
  facet normal 0 0 1
    outer loop
      vertex -2.69162 -21.4402 2.4
      vertex -7.17259 -23.1275 2.4
      vertex -2.589 -23.7904 2.4
    endloop
  endfacet
  facet normal -0 0 1
    outer loop
      vertex -7.26094 -23.2632 2.4
      vertex -2.589 -23.7904 2.4
      vertex -7.17259 -23.1275 2.4
    endloop
  endfacet
  facet normal 0 0 1
    outer loop
      vertex -9.21208 -28.4279 2.4
      vertex -7.26094 -23.2632 2.4
      vertex -8.30289 -23.5195 2.4
    endloop
  endfacet
  facet normal 0 0 1
    outer loop
      vertex -7.26094 -23.2632 2.4
      vertex -9.21208 -28.4279 2.4
      vertex -2.589 -23.7904 2.4
    endloop
  endfacet
  facet normal -0 0 1
    outer loop
      vertex -9.41249 -23.8228 2.4
      vertex -9.21208 -28.4279 2.4
      vertex -8.30289 -23.5195 2.4
    endloop
  endfacet
  facet normal -0 0 1
    outer loop
      vertex -10.3908 -24.1457 2.4
      vertex -9.21208 -28.4279 2.4
      vertex -9.41249 -23.8228 2.4
    endloop
  endfacet
  facet normal 0 0 1
    outer loop
      vertex -11.42 -24.9274 2.4
      vertex -10.3908 -24.1457 2.4
      vertex -11.0538 -24.4491 2.4
    endloop
  endfacet
  facet normal 0 0 1
    outer loop
      vertex -11.42 -24.9274 2.4
      vertex -11.0538 -24.4491 2.4
      vertex -11.3526 -24.7067 2.4
    endloop
  endfacet
  facet normal 0 0 1
    outer loop
      vertex -10.3908 -24.1457 2.4
      vertex -11.42 -24.9274 2.4
      vertex -11.5138 -25.1582 2.4
    endloop
  endfacet
  facet normal 0 0 1
    outer loop
      vertex -10.3908 -24.1457 2.4
      vertex -11.5138 -25.1582 2.4
      vertex -9.21208 -28.4279 2.4
    endloop
  endfacet
  facet normal 0 0 1
    outer loop
      vertex -11.5138 -25.1582 2.4
      vertex -11.7727 -28.2039 2.4
      vertex -9.21208 -28.4279 2.4
    endloop
  endfacet
  facet normal -0 0 1
    outer loop
      vertex -11.8811 -25.4623 2.4
      vertex -11.7727 -28.2039 2.4
      vertex -11.5138 -25.1582 2.4
    endloop
  endfacet
  facet normal -0 0 1
    outer loop
      vertex -12.6184 -25.8811 2.4
      vertex -11.7727 -28.2039 2.4
      vertex -11.8811 -25.4623 2.4
    endloop
  endfacet
  facet normal 0 0 1
    outer loop
      vertex -11.7727 -28.2039 2.4
      vertex -12.6184 -25.8811 2.4
      vertex -12.0199 -28.1996 2.4
    endloop
  endfacet
  facet normal -0 0 1
    outer loop
      vertex -13.6074 -26.4019 2.4
      vertex -12.0199 -28.1996 2.4
      vertex -12.6184 -25.8811 2.4
    endloop
  endfacet
  facet normal 0 0 1
    outer loop
      vertex -12.0199 -28.1996 2.4
      vertex -13.6074 -26.4019 2.4
      vertex -12.2224 -28.3414 2.4
    endloop
  endfacet
  facet normal -0 0 1
    outer loop
      vertex -14.5677 -26.9538 2.4
      vertex -12.2224 -28.3414 2.4
      vertex -13.6074 -26.4019 2.4
    endloop
  endfacet
  facet normal -0 0 1
    outer loop
      vertex -14.8392 -28.1962 2.4
      vertex -12.2224 -28.3414 2.4
      vertex -14.5677 -26.9538 2.4
    endloop
  endfacet
  facet normal 0 0 1
    outer loop
      vertex -14.8392 -28.1962 2.4
      vertex -12.3028 -28.5751 2.4
      vertex -12.2224 -28.3414 2.4
    endloop
  endfacet
  facet normal 0 0 1
    outer loop
      vertex -12.2305 -28.8115 2.4
      vertex -14.7799 -28.4715 2.4
      vertex -12.4677 -30.7076 2.4
    endloop
  endfacet
  facet normal 0 0 1
    outer loop
      vertex -14.7799 -28.4715 2.4
      vertex -15.0283 -30.4835 2.4
      vertex -12.4677 -30.7076 2.4
    endloop
  endfacet
  facet normal -0 0 1
    outer loop
      vertex -15.1811 -28.944 2.4
      vertex -15.0283 -30.4835 2.4
      vertex -14.7799 -28.4715 2.4
    endloop
  endfacet
  facet normal 0 0 1
    outer loop
      vertex -15.0283 -30.4835 2.4
      vertex -15.1811 -28.944 2.4
      vertex -15.1553 -30.4813 2.4
    endloop
  endfacet
  facet normal -0 0 1
    outer loop
      vertex -16.0021 -29.6246 2.4
      vertex -15.1553 -30.4813 2.4
      vertex -15.1811 -28.944 2.4
    endloop
  endfacet
  facet normal 0 0 1
    outer loop
      vertex -15.1553 -30.4813 2.4
      vertex -16.0021 -29.6246 2.4
      vertex -15.2396 -30.5512 2.4
    endloop
  endfacet
  facet normal 0 0 1
    outer loop
      vertex -15.2396 -30.5512 2.4
      vertex -16.0021 -29.6246 2.4
      vertex -15.5378 -30.7948 2.4
    endloop
  endfacet
  facet normal -0 0 1
    outer loop
      vertex -16.9644 -30.4106 2.4
      vertex -15.5378 -30.7948 2.4
      vertex -16.0021 -29.6246 2.4
    endloop
  endfacet
  facet normal 0 0 1
    outer loop
      vertex 1.75 -11 2.4
      vertex -2 -7.22142 2.4
      vertex -1.75 -11 2.4
    endloop
  endfacet
  facet normal 0 0 1
    outer loop
      vertex -2.87012 -6.92909 2.4
      vertex -1.72206 -4.15746 2.4
      vertex -2.12128 -3.96864 2.4
    endloop
  endfacet
  facet normal 0 0 1
    outer loop
      vertex -1.30627 -4.30623 2.4
      vertex -2.17712 -7.17705 2.4
      vertex -2 -7.22142 2.4
    endloop
  endfacet
  facet normal 0 0 1
    outer loop
      vertex -3.53546 -6.6144 2.4
      vertex -2.12128 -3.96864 2.4
      vertex -2.50006 -3.74161 2.4
    endloop
  endfacet
  facet normal 0 0 1
    outer loop
      vertex -4.16676 -6.23601 2.4
      vertex -2.50006 -3.74161 2.4
      vertex -2.85477 -3.47855 2.4
    endloop
  endfacet
  facet normal 0 0 1
    outer loop
      vertex -1.72206 -4.15746 2.4
      vertex -2.87012 -6.92909 2.4
      vertex -2.17712 -7.17705 2.4
    endloop
  endfacet
  facet normal 0 0 1
    outer loop
      vertex -4.75793 -5.79758 2.4
      vertex -2.85477 -3.47855 2.4
      vertex -3.18198 -3.18198 2.4
    endloop
  endfacet
  facet normal 0 0 1
    outer loop
      vertex -5.3033 -5.3033 2.4
      vertex -3.18198 -3.18198 2.4
      vertex -3.47855 -2.85477 2.4
    endloop
  endfacet
  facet normal 0 0 1
    outer loop
      vertex -2.12128 -3.96864 2.4
      vertex -3.53546 -6.6144 2.4
      vertex -2.87012 -6.92909 2.4
    endloop
  endfacet
  facet normal 0 0 1
    outer loop
      vertex -5.79758 -4.75793 2.4
      vertex -3.47855 -2.85477 2.4
      vertex -3.74161 -2.50006 2.4
    endloop
  endfacet
  facet normal 0 0 1
    outer loop
      vertex -6.23601 -4.16676 2.4
      vertex -3.74161 -2.50006 2.4
      vertex -3.96864 -2.12128 2.4
    endloop
  endfacet
  facet normal 0 0 1
    outer loop
      vertex -6.6144 -3.53546 2.4
      vertex -3.96864 -2.12128 2.4
      vertex -4.15746 -1.72206 2.4
    endloop
  endfacet
  facet normal 0 0 1
    outer loop
      vertex -2.50006 -3.74161 2.4
      vertex -4.16676 -6.23601 2.4
      vertex -3.53546 -6.6144 2.4
    endloop
  endfacet
  facet normal 0 0 1
    outer loop
      vertex -6.92909 -2.87012 2.4
      vertex -4.15746 -1.72206 2.4
      vertex -4.30623 -1.30627 2.4
    endloop
  endfacet
  facet normal 0 0 1
    outer loop
      vertex -7.17705 -2.17712 2.4
      vertex -4.30623 -1.30627 2.4
      vertex -4.41353 -0.877899 2.4
    endloop
  endfacet
  facet normal 0 0 1
    outer loop
      vertex -7.35588 -1.46317 2.4
      vertex -4.41353 -0.877899 2.4
      vertex -4.47832 -0.441071 2.4
    endloop
  endfacet
  facet normal 0 0 1
    outer loop
      vertex -2.85477 -3.47855 2.4
      vertex -4.75793 -5.79758 2.4
      vertex -4.16676 -6.23601 2.4
    endloop
  endfacet
  facet normal 0 0 1
    outer loop
      vertex -7.46388 -0.735123 2.4
      vertex -4.47832 -0.441071 2.4
      vertex -4.5 0 2.4
    endloop
  endfacet
  facet normal -0 0 1
    outer loop
      vertex -6.92909 2.87012 2.4
      vertex -4.15746 1.72206 2.4
      vertex -6.6144 3.53546 2.4
    endloop
  endfacet
  facet normal 0 0 1
    outer loop
      vertex -4.15746 1.72206 2.4
      vertex -6.92909 2.87012 2.4
      vertex -4.30623 1.30627 2.4
    endloop
  endfacet
  facet normal 0 0 1
    outer loop
      vertex -3.18198 -3.18198 2.4
      vertex -5.3033 -5.3033 2.4
      vertex -4.75793 -5.79758 2.4
    endloop
  endfacet
  facet normal -0 0 1
    outer loop
      vertex -7.17705 2.17712 2.4
      vertex -4.30623 1.30627 2.4
      vertex -6.92909 2.87012 2.4
    endloop
  endfacet
  facet normal 0 0 1
    outer loop
      vertex -3.47855 -2.85477 2.4
      vertex -5.79758 -4.75793 2.4
      vertex -5.3033 -5.3033 2.4
    endloop
  endfacet
  facet normal 0 0 1
    outer loop
      vertex -4.30623 1.30627 2.4
      vertex -7.17705 2.17712 2.4
      vertex -4.41353 0.877899 2.4
    endloop
  endfacet
  facet normal 0 0 1
    outer loop
      vertex -3.74161 -2.50006 2.4
      vertex -6.23601 -4.16676 2.4
      vertex -5.79758 -4.75793 2.4
    endloop
  endfacet
  facet normal -0 0 1
    outer loop
      vertex -7.35588 1.46317 2.4
      vertex -4.41353 0.877899 2.4
      vertex -7.17705 2.17712 2.4
    endloop
  endfacet
  facet normal 0 0 1
    outer loop
      vertex -3.96864 -2.12128 2.4
      vertex -6.6144 -3.53546 2.4
      vertex -6.23601 -4.16676 2.4
    endloop
  endfacet
  facet normal 0 0 1
    outer loop
      vertex -4.41353 0.877899 2.4
      vertex -7.35588 1.46317 2.4
      vertex -4.47832 0.441071 2.4
    endloop
  endfacet
  facet normal 0 0 1
    outer loop
      vertex -4.15746 -1.72206 2.4
      vertex -6.92909 -2.87012 2.4
      vertex -6.6144 -3.53546 2.4
    endloop
  endfacet
  facet normal -0 0 1
    outer loop
      vertex -7.46388 0.735123 2.4
      vertex -4.47832 0.441071 2.4
      vertex -7.35588 1.46317 2.4
    endloop
  endfacet
  facet normal 0 0 1
    outer loop
      vertex -4.30623 -1.30627 2.4
      vertex -7.17705 -2.17712 2.4
      vertex -6.92909 -2.87012 2.4
    endloop
  endfacet
  facet normal 0 0 1
    outer loop
      vertex -4.47832 0.441071 2.4
      vertex -7.46388 0.735123 2.4
      vertex -4.5 0 2.4
    endloop
  endfacet
  facet normal 0 0 1
    outer loop
      vertex -4.41353 -0.877899 2.4
      vertex -7.35588 -1.46317 2.4
      vertex -7.17705 -2.17712 2.4
    endloop
  endfacet
  facet normal 0 0 1
    outer loop
      vertex -7.5 0 2.4
      vertex -4.5 0 2.4
      vertex -7.46388 0.735123 2.4
    endloop
  endfacet
  facet normal 0 0 1
    outer loop
      vertex -4.47832 -0.441071 2.4
      vertex -7.46388 -0.735123 2.4
      vertex -7.35588 -1.46317 2.4
    endloop
  endfacet
  facet normal 0 0 1
    outer loop
      vertex -4.5 0 2.4
      vertex -7.5 0 2.4
      vertex -7.46388 -0.735123 2.4
    endloop
  endfacet
  facet normal -0 0 1
    outer loop
      vertex -1.77037 -41.5337 2.4
      vertex -0.427963 -43.0595 2.4
      vertex -0.427963 -39.9338 2.4
    endloop
  endfacet
  facet normal 0 0 1
    outer loop
      vertex -0.427963 -43.0595 2.4
      vertex -0.820114 -45.9852 2.4
      vertex -0.431366 -47.2134 2.4
    endloop
  endfacet
  facet normal 0 0 1
    outer loop
      vertex -0.427963 -43.0595 2.4
      vertex -1.16144 -44.6617 2.4
      vertex -0.820114 -45.9852 2.4
    endloop
  endfacet
  facet normal 0 0 1
    outer loop
      vertex -0.427963 -43.0595 2.4
      vertex -1.48067 -43.6746 2.4
      vertex -1.16144 -44.6617 2.4
    endloop
  endfacet
  facet normal 0 0 1
    outer loop
      vertex -1.81796 -43.2795 2.4
      vertex -0.427963 -43.0595 2.4
      vertex -1.77037 -41.5337 2.4
    endloop
  endfacet
  facet normal 0 0 1
    outer loop
      vertex -0.427963 -43.0595 2.4
      vertex -1.81796 -43.2795 2.4
      vertex -1.48067 -43.6746 2.4
    endloop
  endfacet
  facet normal -0 0 1
    outer loop
      vertex -2.00549 -41.61 2.4
      vertex -1.81796 -43.2795 2.4
      vertex -1.77037 -41.5337 2.4
    endloop
  endfacet
  facet normal 0 0 1
    outer loop
      vertex -2.00549 -41.61 2.4
      vertex -2.20123 -43.4434 2.4
      vertex -1.81796 -43.2795 2.4
    endloop
  endfacet
  facet normal 0 0 1
    outer loop
      vertex -2.2406 -41.5337 2.4
      vertex -2.20123 -43.4434 2.4
      vertex -2.00549 -41.61 2.4
    endloop
  endfacet
  facet normal 0 0 1
    outer loop
      vertex -3.78627 -41.9787 2.4
      vertex -2.2406 -41.5337 2.4
      vertex -2.38591 -41.3337 2.4
    endloop
  endfacet
  facet normal 0 -0 1
    outer loop
      vertex -3.64473 -43.1703 2.4
      vertex -2.2406 -41.5337 2.4
      vertex -3.78627 -41.9787 2.4
    endloop
  endfacet
  facet normal 0 0 1
    outer loop
      vertex -2.15054 -20.953 2.4
      vertex -1.75 -15.516 2.4
      vertex -1.86349 -15.5453 2.4
    endloop
  endfacet
  facet normal 0 0 1
    outer loop
      vertex 2 -7.22142 2.4
      vertex 0 -4.5 2.4
      vertex -2 -7.22142 2.4
    endloop
  endfacet
  facet normal 0 0 1
    outer loop
      vertex 2.00752 -24.2286 2.4
      vertex 0.264496 -25.1359 2.4
      vertex 0.427963 -25.3609 2.4
    endloop
  endfacet
  facet normal 0 0 1
    outer loop
      vertex 2.00752 -24.2286 2.4
      vertex 0 -25.05 2.4
      vertex 0.264496 -25.1359 2.4
    endloop
  endfacet
  facet normal 0 0 1
    outer loop
      vertex 2.08882 -23.9626 2.4
      vertex 0 -25.05 2.4
      vertex 2.00752 -24.2286 2.4
    endloop
  endfacet
  facet normal 0 0 1
    outer loop
      vertex -2 -7.22142 2.4
      vertex 0 -4.5 2.4
      vertex -0.441071 -4.47832 2.4
    endloop
  endfacet
  facet normal 0 0 1
    outer loop
      vertex 0 -25.05 2.4
      vertex -2.00752 -24.2286 2.4
      vertex -0.264496 -25.1359 2.4
    endloop
  endfacet
  facet normal 0 0 1
    outer loop
      vertex -2 -7.22142 2.4
      vertex -0.441071 -4.47832 2.4
      vertex -0.877899 -4.41353 2.4
    endloop
  endfacet
  facet normal 0 0 1
    outer loop
      vertex -2 -7.22142 2.4
      vertex -0.877899 -4.41353 2.4
      vertex -1.30627 -4.30623 2.4
    endloop
  endfacet
  facet normal 0 0 1
    outer loop
      vertex -2.17712 -7.17705 2.4
      vertex -1.30627 -4.30623 2.4
      vertex -1.72206 -4.15746 2.4
    endloop
  endfacet
  facet normal 0 0 1
    outer loop
      vertex 1.75 -15.516 2.4
      vertex -1.75 -11 2.4
      vertex -1.75 -15.516 2.4
    endloop
  endfacet
  facet normal 0 0 1
    outer loop
      vertex -0.264496 -25.1359 2.4
      vertex -2.00752 -24.2286 2.4
      vertex -0.427963 -25.3609 2.4
    endloop
  endfacet
  facet normal 0 0 1
    outer loop
      vertex 2.26366 -20.6989 2.4
      vertex -2.15054 -20.953 2.4
      vertex 2.15054 -20.953 2.4
    endloop
  endfacet
  facet normal 0 0 1
    outer loop
      vertex -2.15054 -20.953 2.4
      vertex -1.86349 -15.5453 2.4
      vertex -1.98459 -15.5789 2.4
    endloop
  endfacet
  facet normal -0 0 1
    outer loop
      vertex -2.09805 -24.4915 2.4
      vertex -0.427963 -25.3609 2.4
      vertex -2.00752 -24.2286 2.4
    endloop
  endfacet
  facet normal 0 0 1
    outer loop
      vertex -5.10033 -31.7012 2.4
      vertex -0.427963 -25.3609 2.4
      vertex -2.09805 -24.4915 2.4
    endloop
  endfacet
  facet normal 0 0 1
    outer loop
      vertex -0.427963 -25.3609 2.4
      vertex -5.10033 -31.7012 2.4
      vertex -0.427963 -34.4062 2.4
    endloop
  endfacet
  facet normal -0 0 1
    outer loop
      vertex -5.15311 -32.1916 2.4
      vertex -0.427963 -34.4062 2.4
      vertex -5.10033 -31.7012 2.4
    endloop
  endfacet
  facet normal 0 0 1
    outer loop
      vertex -2.2406 -36.5664 2.4
      vertex -5.1546 -35.9282 2.4
      vertex -2.38591 -36.7664 2.4
    endloop
  endfacet
  facet normal 0 0 1
    outer loop
      vertex -2.38591 -37.0137 2.4
      vertex -3.9818 -39.7471 2.4
      vertex -2.38591 -41.0864 2.4
    endloop
  endfacet
  facet normal -0 -0 1
    outer loop
      vertex -3.87268 -40.7195 2.4
      vertex -2.38591 -41.0864 2.4
      vertex -3.9818 -39.7471 2.4
    endloop
  endfacet
  facet normal 0 0 1
    outer loop
      vertex -0.427963 -34.4062 2.4
      vertex -5.05345 -34.4052 2.4
      vertex -2.2406 -36.5664 2.4
    endloop
  endfacet
  facet normal 0 0 1
    outer loop
      vertex -2.38591 -41.0864 2.4
      vertex -3.87268 -40.7195 2.4
      vertex -2.38591 -41.3337 2.4
    endloop
  endfacet
  facet normal 0 -0 1
    outer loop
      vertex -3.78627 -41.9787 2.4
      vertex -2.38591 -41.3337 2.4
      vertex -3.87268 -40.7195 2.4
    endloop
  endfacet
  facet normal 0 0 1
    outer loop
      vertex -2.20123 -43.4434 2.4
      vertex -3.64473 -43.1703 2.4
      vertex -2.62396 -43.8706 2.4
    endloop
  endfacet
  facet normal 0 -0 1
    outer loop
      vertex -3.39729 -43.9497 2.4
      vertex -2.62396 -43.8706 2.4
      vertex -3.64473 -43.1703 2.4
    endloop
  endfacet
  facet normal 0 0 1
    outer loop
      vertex -2.62396 -43.8706 2.4
      vertex -3.39729 -43.9497 2.4
      vertex -3.04265 -44.1496 2.4
    endloop
  endfacet
  facet normal 0 0 1
    outer loop
      vertex -2.2406 -41.5337 2.4
      vertex -3.64473 -43.1703 2.4
      vertex -2.20123 -43.4434 2.4
    endloop
  endfacet
  facet normal -0 0 1
    outer loop
      vertex -5.1546 -35.9282 2.4
      vertex -2.2406 -36.5664 2.4
      vertex -5.04646 -34.9904 2.4
    endloop
  endfacet
  facet normal 0 0 1
    outer loop
      vertex -2.38591 -37.0137 2.4
      vertex -4.17877 -39.2601 2.4
      vertex -3.9818 -39.7471 2.4
    endloop
  endfacet
  facet normal -0 0 1
    outer loop
      vertex -5.30962 -37.0881 2.4
      vertex -4.17877 -39.2601 2.4
      vertex -2.38591 -37.0137 2.4
    endloop
  endfacet
  facet normal 0 0 1
    outer loop
      vertex -2.38591 -36.7664 2.4
      vertex -5.30962 -37.0881 2.4
      vertex -2.38591 -37.0137 2.4
    endloop
  endfacet
  facet normal 0 0 1
    outer loop
      vertex -5.30962 -37.0881 2.4
      vertex -2.38591 -36.7664 2.4
      vertex -5.1546 -35.9282 2.4
    endloop
  endfacet
  facet normal -0 -0 1
    outer loop
      vertex -5.04646 -34.9904 2.4
      vertex -2.2406 -36.5664 2.4
      vertex -5.05345 -34.4052 2.4
    endloop
  endfacet
  facet normal -0 0 1
    outer loop
      vertex -8.72115 -29.1291 2.4
      vertex -5.10033 -31.7012 2.4
      vertex -2.09805 -24.4915 2.4
    endloop
  endfacet
  facet normal 0 -0 1
    outer loop
      vertex -6.43582 -32.4103 2.4
      vertex -5.10033 -31.7012 2.4
      vertex -8.72115 -29.1291 2.4
    endloop
  endfacet
  facet normal 0 -0 1
    outer loop
      vertex -6.18686 -32.4011 2.4
      vertex -5.10033 -31.7012 2.4
      vertex -6.43582 -32.4103 2.4
    endloop
  endfacet
  facet normal 0 0 1
    outer loop
      vertex -5.61217 -32.2206 2.4
      vertex -6.18686 -32.4011 2.4
      vertex -5.95644 -32.4132 2.4
    endloop
  endfacet
  facet normal 0 0 1
    outer loop
      vertex -5.10033 -31.7012 2.4
      vertex -6.18686 -32.4011 2.4
      vertex -5.61217 -32.2206 2.4
    endloop
  endfacet
  facet normal -0 0 1
    outer loop
      vertex -9.3864 -31.6118 2.4
      vertex -6.43582 -32.4103 2.4
      vertex -8.72115 -29.1291 2.4
    endloop
  endfacet
  facet normal 0 0 1
    outer loop
      vertex -6.43582 -32.4103 2.4
      vertex -9.3864 -31.6118 2.4
      vertex -6.84723 -32.6514 2.4
    endloop
  endfacet
  facet normal 0 0 1
    outer loop
      vertex -6.84723 -32.6514 2.4
      vertex -9.3864 -31.6118 2.4
      vertex -7.49295 -33.201 2.4
    endloop
  endfacet
  facet normal -0 0 1
    outer loop
      vertex -9.46689 -31.8456 2.4
      vertex -7.49295 -33.201 2.4
      vertex -9.3864 -31.6118 2.4
    endloop
  endfacet
  facet normal 0 0 1
    outer loop
      vertex -7.49295 -33.201 2.4
      vertex -9.46689 -31.8456 2.4
      vertex -8.32054 -33.9523 2.4
    endloop
  endfacet
  facet normal -0 0 1
    outer loop
      vertex -9.66939 -31.9874 2.4
      vertex -8.32054 -33.9523 2.4
      vertex -9.46689 -31.8456 2.4
    endloop
  endfacet
  facet normal 0 0 1
    outer loop
      vertex -8.32054 -33.9523 2.4
      vertex -9.66939 -31.9874 2.4
      vertex -9.16762 -34.6658 2.4
    endloop
  endfacet
  facet normal 0 0 1
    outer loop
      vertex -9.91656 -31.9831 2.4
      vertex -9.16762 -34.6658 2.4
      vertex -9.66939 -31.9874 2.4
    endloop
  endfacet
  facet normal 0 0 1
    outer loop
      vertex -10.3625 -34.8496 2.4
      vertex -9.16762 -34.6658 2.4
      vertex -9.91656 -31.9831 2.4
    endloop
  endfacet
  facet normal 0 0 1
    outer loop
      vertex -10.3625 -34.8496 2.4
      vertex -9.91656 -31.9831 2.4
      vertex -10.114 -31.8343 2.4
    endloop
  endfacet
  facet normal 0 0 1
    outer loop
      vertex -11.9768 -31.4087 2.4
      vertex -10.114 -31.8343 2.4
      vertex -10.1863 -31.5979 2.4
    endloop
  endfacet
  facet normal -0 0 1
    outer loop
      vertex -10.3625 -34.8496 2.4
      vertex -9.84192 -35.0971 2.4
      vertex -9.16762 -34.6658 2.4
    endloop
  endfacet
  facet normal 0 0 1
    outer loop
      vertex -1.75 -11 2.4
      vertex -2 -7.22142 2.4
      vertex -2 -11 2.4
    endloop
  endfacet
  facet normal -0 0 1
    outer loop
      vertex -1.77037 -37.2137 2.4
      vertex -0.427963 -38.7262 2.4
      vertex -0.427963 -35.6138 2.4
    endloop
  endfacet
  facet normal -0 0 1
    outer loop
      vertex -2.00549 -37.2901 2.4
      vertex -0.427963 -38.7262 2.4
      vertex -1.77037 -37.2137 2.4
    endloop
  endfacet
  facet normal 0 0 1
    outer loop
      vertex -2.2406 -40.8864 2.4
      vertex -2.00549 -37.2901 2.4
      vertex -2.2406 -37.2137 2.4
    endloop
  endfacet
  facet normal 0 0 1
    outer loop
      vertex -2.00549 -37.2901 2.4
      vertex -2.2406 -40.8864 2.4
      vertex -0.427963 -38.7262 2.4
    endloop
  endfacet
  facet normal 0 0 1
    outer loop
      vertex -2.38591 -37.0137 2.4
      vertex -2.2406 -40.8864 2.4
      vertex -2.2406 -37.2137 2.4
    endloop
  endfacet
  facet normal 0 0 1
    outer loop
      vertex -2.2406 -40.8864 2.4
      vertex -2.38591 -37.0137 2.4
      vertex -2.38591 -41.0864 2.4
    endloop
  endfacet
  facet normal 0 0 1
    outer loop
      vertex 4.17877 -39.2601 2.4
      vertex 2.00549 -37.2901 2.4
      vertex 3.9818 -39.7471 2.4
    endloop
  endfacet
  facet normal 0 0 1
    outer loop
      vertex 3.87268 -40.7195 2.4
      vertex 2.2406 -40.8864 2.4
      vertex 2.38591 -41.0864 2.4
    endloop
  endfacet
  facet normal 0 0 1
    outer loop
      vertex 3.9818 -39.7471 2.4
      vertex 2.00549 -37.2901 2.4
      vertex 2.2406 -40.8864 2.4
    endloop
  endfacet
  facet normal 0 0 1
    outer loop
      vertex 0.427963 -38.7262 2.4
      vertex 2.00549 -37.2901 2.4
      vertex 1.77037 -37.2137 2.4
    endloop
  endfacet
  facet normal 0 0 1
    outer loop
      vertex 0.427963 -38.7262 2.4
      vertex 1.77037 -37.2137 2.4
      vertex 0.427963 -35.6138 2.4
    endloop
  endfacet
  facet normal 0 0 1
    outer loop
      vertex 2.00549 -37.2901 2.4
      vertex 0.427963 -38.7262 2.4
      vertex 2.2406 -40.8864 2.4
    endloop
  endfacet
  facet normal 0 0 1
    outer loop
      vertex 5.17462 -34.1224 2.4
      vertex 5.44005 -33.6537 2.4
      vertex 5.38803 -33.0746 2.4
    endloop
  endfacet
  facet normal 0 0 1
    outer loop
      vertex 5.44005 -33.6537 2.4
      vertex 5.17462 -34.1224 2.4
      vertex 5.339 -33.9495 2.4
    endloop
  endfacet
  facet normal 0 0 1
    outer loop
      vertex 5.15311 -32.1916 2.4
      vertex 5.17462 -34.1224 2.4
      vertex 5.38803 -33.0746 2.4
    endloop
  endfacet
  facet normal 0 0 1
    outer loop
      vertex 0.427963 -34.4062 2.4
      vertex 5.15311 -32.1916 2.4
      vertex 5.10033 -31.7012 2.4
    endloop
  endfacet
  facet normal 0 0 1
    outer loop
      vertex 0.427963 -34.4062 2.4
      vertex 5.17462 -34.1224 2.4
      vertex 5.15311 -32.1916 2.4
    endloop
  endfacet
  facet normal 0 0 1
    outer loop
      vertex 4.83783 -39.3715 2.4
      vertex 5.40941 -38.2101 2.4
      vertex 5.30962 -37.0881 2.4
    endloop
  endfacet
  facet normal 0 0 1
    outer loop
      vertex 5.40941 -38.2101 2.4
      vertex 4.83783 -39.3715 2.4
      vertex 5.36948 -39.0256 2.4
    endloop
  endfacet
  facet normal 0 0 1
    outer loop
      vertex 4.83783 -39.3715 2.4
      vertex 5.30962 -37.0881 2.4
      vertex 5.1546 -35.9282 2.4
    endloop
  endfacet
  facet normal 0 0 1
    outer loop
      vertex 4.83783 -39.3715 2.4
      vertex 5.1546 -35.9282 2.4
      vertex 5.04646 -34.9904 2.4
    endloop
  endfacet
  facet normal 0 0 1
    outer loop
      vertex 5.36948 -39.0256 2.4
      vertex 4.83783 -39.3715 2.4
      vertex 5.16429 -39.3916 2.4
    endloop
  endfacet
  facet normal -0 0 1
    outer loop
      vertex 2.00549 -37.2901 2.4
      vertex 4.17877 -39.2601 2.4
      vertex 2.2406 -37.2137 2.4
    endloop
  endfacet
  facet normal 0 0 1
    outer loop
      vertex 2.20123 -43.4434 2.4
      vertex 3.64473 -43.1703 2.4
      vertex 2.2406 -41.5337 2.4
    endloop
  endfacet
  facet normal 0 0 1
    outer loop
      vertex 3.39729 -43.9497 2.4
      vertex 2.62396 -43.8706 2.4
      vertex 3.04265 -44.1496 2.4
    endloop
  endfacet
  facet normal 0 -0 1
    outer loop
      vertex 2.62396 -43.8706 2.4
      vertex 3.64473 -43.1703 2.4
      vertex 2.20123 -43.4434 2.4
    endloop
  endfacet
  facet normal 0 0 1
    outer loop
      vertex 3.64473 -43.1703 2.4
      vertex 2.62396 -43.8706 2.4
      vertex 3.39729 -43.9497 2.4
    endloop
  endfacet
  facet normal -0 0 1
    outer loop
      vertex 2.00549 -41.61 2.4
      vertex 2.20123 -43.4434 2.4
      vertex 2.2406 -41.5337 2.4
    endloop
  endfacet
  facet normal 0 0 1
    outer loop
      vertex 2.00549 -41.61 2.4
      vertex 1.81796 -43.2795 2.4
      vertex 2.20123 -43.4434 2.4
    endloop
  endfacet
  facet normal 0 0 1
    outer loop
      vertex 1.77037 -41.5337 2.4
      vertex 1.81796 -43.2795 2.4
      vertex 2.00549 -41.61 2.4
    endloop
  endfacet
  facet normal -0 0 1
    outer loop
      vertex 0.427963 -43.0595 2.4
      vertex 1.81796 -43.2795 2.4
      vertex 1.77037 -41.5337 2.4
    endloop
  endfacet
  facet normal 0 0 1
    outer loop
      vertex 1.81796 -43.2795 2.4
      vertex 0.427963 -43.0595 2.4
      vertex 1.48067 -43.6746 2.4
    endloop
  endfacet
  facet normal -0 0 1
    outer loop
      vertex 0.412552 -43.0775 2.4
      vertex 1.48067 -43.6746 2.4
      vertex 0.427963 -43.0595 2.4
    endloop
  endfacet
  facet normal 0 0 1
    outer loop
      vertex 0.00849915 -44.327 2.4
      vertex 1.48067 -43.6746 2.4
      vertex 0.412552 -43.0775 2.4
    endloop
  endfacet
  facet normal 0 0 1
    outer loop
      vertex 0.427963 -43.0595 2.4
      vertex 1.77037 -41.5337 2.4
      vertex 0.427963 -39.9338 2.4
    endloop
  endfacet
  facet normal -0 0 1
    outer loop
      vertex 0 -44.3599 2.4
      vertex 1.16144 -44.6617 2.4
      vertex 0.00849915 -44.327 2.4
    endloop
  endfacet
  facet normal 0 0 1
    outer loop
      vertex 1.48067 -43.6746 2.4
      vertex 0.00849915 -44.327 2.4
      vertex 1.16144 -44.6617 2.4
    endloop
  endfacet
  facet normal 0 0 1
    outer loop
      vertex 1.16144 -44.6617 2.4
      vertex 0 -44.3599 2.4
      vertex 0.820114 -45.9852 2.4
    endloop
  endfacet
  facet normal 0 0 1
    outer loop
      vertex -0.431366 -47.2134 2.4
      vertex 0.820114 -45.9852 2.4
      vertex 0 -44.3599 2.4
    endloop
  endfacet
  facet normal 0 0 1
    outer loop
      vertex 0.820114 -45.9852 2.4
      vertex -0.431366 -47.2134 2.4
      vertex 0.431366 -47.2134 2.4
    endloop
  endfacet
  facet normal 0 0 1
    outer loop
      vertex -0.431366 -47.2134 2.4
      vertex 0 -44.3599 2.4
      vertex -0.00849915 -44.327 2.4
    endloop
  endfacet
  facet normal 0 0 1
    outer loop
      vertex -0.427963 -43.0595 2.4
      vertex -0.00849915 -44.327 2.4
      vertex -0.412552 -43.0775 2.4
    endloop
  endfacet
  facet normal 0 0 1
    outer loop
      vertex -0.00849915 -44.327 2.4
      vertex -0.427963 -43.0595 2.4
      vertex -0.431366 -47.2134 2.4
    endloop
  endfacet
  facet normal 0 0 1
    outer loop
      vertex 0.431366 -47.2134 2.4
      vertex -0.431366 -47.2134 2.4
      vertex 0 -47.94 2.4
    endloop
  endfacet
  facet normal 0.953383 -0.301763 0
    outer loop
      vertex 0.431366 -47.2134 2.4
      vertex 0.820114 -45.9852 0
      vertex 0.820114 -45.9852 2.4
    endloop
  endfacet
  facet normal 0.953383 -0.301763 0
    outer loop
      vertex 0.820114 -45.9852 0
      vertex 0.431366 -47.2134 2.4
      vertex 0.431366 -47.2134 0
    endloop
  endfacet
  facet normal 0.968317 -0.249725 0
    outer loop
      vertex 0.820114 -45.9852 2.4
      vertex 1.16144 -44.6617 0
      vertex 1.16144 -44.6617 2.4
    endloop
  endfacet
  facet normal 0.968317 -0.249725 0
    outer loop
      vertex 1.16144 -44.6617 0
      vertex 0.820114 -45.9852 2.4
      vertex 0.820114 -45.9852 0
    endloop
  endfacet
  facet normal 0.95148 -0.30771 0
    outer loop
      vertex 1.16144 -44.6617 2.4
      vertex 1.48067 -43.6746 0
      vertex 1.48067 -43.6746 2.4
    endloop
  endfacet
  facet normal 0.95148 -0.30771 0
    outer loop
      vertex 1.48067 -43.6746 0
      vertex 1.16144 -44.6617 2.4
      vertex 1.16144 -44.6617 0
    endloop
  endfacet
  facet normal 0.760555 -0.649273 0
    outer loop
      vertex 1.48067 -43.6746 2.4
      vertex 1.81796 -43.2795 0
      vertex 1.81796 -43.2795 2.4
    endloop
  endfacet
  facet normal 0.760555 -0.649273 0
    outer loop
      vertex 1.81796 -43.2795 0
      vertex 1.48067 -43.6746 2.4
      vertex 1.48067 -43.6746 0
    endloop
  endfacet
  facet normal -0.393192 -0.919456 0
    outer loop
      vertex 1.81796 -43.2795 0
      vertex 2.20123 -43.4434 2.4
      vertex 1.81796 -43.2795 2.4
    endloop
  endfacet
  facet normal -0.393192 -0.919456 -0
    outer loop
      vertex 2.20123 -43.4434 2.4
      vertex 1.81796 -43.2795 0
      vertex 2.20123 -43.4434 0
    endloop
  endfacet
  facet normal -0.710816 -0.703378 0
    outer loop
      vertex 2.62396 -43.8706 0
      vertex 2.20123 -43.4434 2.4
      vertex 2.20123 -43.4434 0
    endloop
  endfacet
  facet normal -0.710816 -0.703378 0
    outer loop
      vertex 2.20123 -43.4434 2.4
      vertex 2.62396 -43.8706 0
      vertex 2.62396 -43.8706 2.4
    endloop
  endfacet
  facet normal -0.554526 -0.832166 0
    outer loop
      vertex 2.62396 -43.8706 0
      vertex 3.04265 -44.1496 2.4
      vertex 2.62396 -43.8706 2.4
    endloop
  endfacet
  facet normal -0.554526 -0.832166 -0
    outer loop
      vertex 3.04265 -44.1496 2.4
      vertex 2.62396 -43.8706 0
      vertex 3.04265 -44.1496 0
    endloop
  endfacet
  facet normal 0.491035 -0.87114 0
    outer loop
      vertex 3.04265 -44.1496 0
      vertex 3.39729 -43.9497 2.4
      vertex 3.04265 -44.1496 2.4
    endloop
  endfacet
  facet normal 0.491035 -0.87114 0
    outer loop
      vertex 3.39729 -43.9497 2.4
      vertex 3.04265 -44.1496 0
      vertex 3.39729 -43.9497 0
    endloop
  endfacet
  facet normal 0.95312 -0.302592 0
    outer loop
      vertex 3.39729 -43.9497 2.4
      vertex 3.64473 -43.1703 0
      vertex 3.64473 -43.1703 2.4
    endloop
  endfacet
  facet normal 0.95312 -0.302592 0
    outer loop
      vertex 3.64473 -43.1703 0
      vertex 3.39729 -43.9497 2.4
      vertex 3.39729 -43.9497 0
    endloop
  endfacet
  facet normal 0.993019 -0.117952 0
    outer loop
      vertex 3.64473 -43.1703 2.4
      vertex 3.78627 -41.9787 0
      vertex 3.78627 -41.9787 2.4
    endloop
  endfacet
  facet normal 0.993019 -0.117952 0
    outer loop
      vertex 3.78627 -41.9787 0
      vertex 3.64473 -43.1703 2.4
      vertex 3.64473 -43.1703 0
    endloop
  endfacet
  facet normal 0.997654 -0.0684619 0
    outer loop
      vertex 3.78627 -41.9787 2.4
      vertex 3.87268 -40.7195 0
      vertex 3.87268 -40.7195 2.4
    endloop
  endfacet
  facet normal 0.997654 -0.0684619 0
    outer loop
      vertex 3.87268 -40.7195 0
      vertex 3.78627 -41.9787 2.4
      vertex 3.78627 -41.9787 0
    endloop
  endfacet
  facet normal 0.993762 -0.111517 0
    outer loop
      vertex 3.87268 -40.7195 2.4
      vertex 3.9818 -39.7471 0
      vertex 3.9818 -39.7471 2.4
    endloop
  endfacet
  facet normal 0.993762 -0.111517 0
    outer loop
      vertex 3.9818 -39.7471 0
      vertex 3.87268 -40.7195 2.4
      vertex 3.87268 -40.7195 0
    endloop
  endfacet
  facet normal 0.927045 -0.374949 0
    outer loop
      vertex 3.9818 -39.7471 2.4
      vertex 4.17877 -39.2601 0
      vertex 4.17877 -39.2601 2.4
    endloop
  endfacet
  facet normal 0.927045 -0.374949 0
    outer loop
      vertex 4.17877 -39.2601 0
      vertex 3.9818 -39.7471 2.4
      vertex 3.9818 -39.7471 0
    endloop
  endfacet
  facet normal 0.138946 -0.9903 0
    outer loop
      vertex 4.17877 -39.2601 0
      vertex 4.47954 -39.2179 2.4
      vertex 4.17877 -39.2601 2.4
    endloop
  endfacet
  facet normal 0.138946 -0.9903 0
    outer loop
      vertex 4.47954 -39.2179 2.4
      vertex 4.17877 -39.2601 0
      vertex 4.47954 -39.2179 0
    endloop
  endfacet
  facet normal -0.394021 -0.919101 0
    outer loop
      vertex 4.47954 -39.2179 0
      vertex 4.83783 -39.3715 2.4
      vertex 4.47954 -39.2179 2.4
    endloop
  endfacet
  facet normal -0.394021 -0.919101 -0
    outer loop
      vertex 4.83783 -39.3715 2.4
      vertex 4.47954 -39.2179 0
      vertex 4.83783 -39.3715 0
    endloop
  endfacet
  facet normal -0.0614532 -0.99811 0
    outer loop
      vertex 4.83783 -39.3715 0
      vertex 5.16429 -39.3916 2.4
      vertex 4.83783 -39.3715 2.4
    endloop
  endfacet
  facet normal -0.0614532 -0.99811 -0
    outer loop
      vertex 5.16429 -39.3916 2.4
      vertex 4.83783 -39.3715 0
      vertex 5.16429 -39.3916 0
    endloop
  endfacet
  facet normal 0.872272 -0.489021 0
    outer loop
      vertex 5.16429 -39.3916 2.4
      vertex 5.36948 -39.0256 0
      vertex 5.36948 -39.0256 2.4
    endloop
  endfacet
  facet normal 0.872272 -0.489021 0
    outer loop
      vertex 5.36948 -39.0256 0
      vertex 5.16429 -39.3916 2.4
      vertex 5.16429 -39.3916 0
    endloop
  endfacet
  facet normal 0.998803 -0.0489052 0
    outer loop
      vertex 5.36948 -39.0256 2.4
      vertex 5.40941 -38.2101 0
      vertex 5.40941 -38.2101 2.4
    endloop
  endfacet
  facet normal 0.998803 -0.0489052 0
    outer loop
      vertex 5.40941 -38.2101 0
      vertex 5.36948 -39.0256 2.4
      vertex 5.36948 -39.0256 0
    endloop
  endfacet
  facet normal 0.996068 0.0885897 0
    outer loop
      vertex 5.40941 -38.2101 2.4
      vertex 5.30962 -37.0881 0
      vertex 5.30962 -37.0881 2.4
    endloop
  endfacet
  facet normal 0.996068 0.0885897 0
    outer loop
      vertex 5.30962 -37.0881 0
      vertex 5.40941 -38.2101 2.4
      vertex 5.40941 -38.2101 0
    endloop
  endfacet
  facet normal 0.991187 0.132472 0
    outer loop
      vertex 5.30962 -37.0881 2.4
      vertex 5.1546 -35.9282 0
      vertex 5.1546 -35.9282 2.4
    endloop
  endfacet
  facet normal 0.991187 0.132472 0
    outer loop
      vertex 5.1546 -35.9282 0
      vertex 5.30962 -37.0881 2.4
      vertex 5.30962 -37.0881 0
    endloop
  endfacet
  facet normal 0.993417 0.114553 0
    outer loop
      vertex 5.1546 -35.9282 2.4
      vertex 5.04646 -34.9904 0
      vertex 5.04646 -34.9904 2.4
    endloop
  endfacet
  facet normal 0.993417 0.114553 0
    outer loop
      vertex 5.04646 -34.9904 0
      vertex 5.1546 -35.9282 2.4
      vertex 5.1546 -35.9282 0
    endloop
  endfacet
  facet normal 0.999929 -0.0119438 0
    outer loop
      vertex 5.04646 -34.9904 2.4
      vertex 5.05345 -34.4052 0
      vertex 5.05345 -34.4052 2.4
    endloop
  endfacet
  facet normal 0.999929 -0.0119438 0
    outer loop
      vertex 5.05345 -34.4052 0
      vertex 5.04646 -34.9904 2.4
      vertex 5.04646 -34.9904 0
    endloop
  endfacet
  facet normal 0.91918 -0.393837 0
    outer loop
      vertex 5.05345 -34.4052 2.4
      vertex 5.17462 -34.1224 0
      vertex 5.17462 -34.1224 2.4
    endloop
  endfacet
  facet normal 0.91918 -0.393837 0
    outer loop
      vertex 5.17462 -34.1224 0
      vertex 5.05345 -34.4052 2.4
      vertex 5.05345 -34.4052 0
    endloop
  endfacet
  facet normal 0.724738 -0.689025 0
    outer loop
      vertex 5.17462 -34.1224 2.4
      vertex 5.339 -33.9495 0
      vertex 5.339 -33.9495 2.4
    endloop
  endfacet
  facet normal 0.724738 -0.689025 0
    outer loop
      vertex 5.339 -33.9495 0
      vertex 5.17462 -34.1224 2.4
      vertex 5.17462 -34.1224 0
    endloop
  endfacet
  facet normal 0.946306 -0.323273 0
    outer loop
      vertex 5.339 -33.9495 2.4
      vertex 5.44005 -33.6537 0
      vertex 5.44005 -33.6537 2.4
    endloop
  endfacet
  facet normal 0.946306 -0.323273 0
    outer loop
      vertex 5.44005 -33.6537 0
      vertex 5.339 -33.9495 2.4
      vertex 5.339 -33.9495 0
    endloop
  endfacet
  facet normal 0.99599 0.0894688 0
    outer loop
      vertex 5.44005 -33.6537 2.4
      vertex 5.38803 -33.0746 0
      vertex 5.38803 -33.0746 2.4
    endloop
  endfacet
  facet normal 0.99599 0.0894688 0
    outer loop
      vertex 5.38803 -33.0746 0
      vertex 5.44005 -33.6537 2.4
      vertex 5.44005 -33.6537 0
    endloop
  endfacet
  facet normal 0.966384 0.257104 0
    outer loop
      vertex 5.38803 -33.0746 2.4
      vertex 5.15311 -32.1916 0
      vertex 5.15311 -32.1916 2.4
    endloop
  endfacet
  facet normal 0.966384 0.257104 0
    outer loop
      vertex 5.15311 -32.1916 0
      vertex 5.38803 -33.0746 2.4
      vertex 5.38803 -33.0746 0
    endloop
  endfacet
  facet normal 0.994258 0.107008 0
    outer loop
      vertex 5.15311 -32.1916 2.4
      vertex 5.10033 -31.7012 0
      vertex 5.10033 -31.7012 2.4
    endloop
  endfacet
  facet normal 0.994258 0.107008 0
    outer loop
      vertex 5.10033 -31.7012 0
      vertex 5.15311 -32.1916 2.4
      vertex 5.15311 -32.1916 0
    endloop
  endfacet
  facet normal -0.712271 -0.701904 0
    outer loop
      vertex 5.61217 -32.2206 0
      vertex 5.10033 -31.7012 2.4
      vertex 5.10033 -31.7012 0
    endloop
  endfacet
  facet normal -0.712271 -0.701904 0
    outer loop
      vertex 5.10033 -31.7012 2.4
      vertex 5.61217 -32.2206 0
      vertex 5.61217 -32.2206 2.4
    endloop
  endfacet
  facet normal -0.488234 -0.872713 0
    outer loop
      vertex 5.61217 -32.2206 0
      vertex 5.95644 -32.4132 2.4
      vertex 5.61217 -32.2206 2.4
    endloop
  endfacet
  facet normal -0.488234 -0.872713 -0
    outer loop
      vertex 5.95644 -32.4132 2.4
      vertex 5.61217 -32.2206 0
      vertex 5.95644 -32.4132 0
    endloop
  endfacet
  facet normal 0.0524405 -0.998624 0
    outer loop
      vertex 5.95644 -32.4132 0
      vertex 6.18686 -32.4011 2.4
      vertex 5.95644 -32.4132 2.4
    endloop
  endfacet
  facet normal 0.0524405 -0.998624 0
    outer loop
      vertex 6.18686 -32.4011 2.4
      vertex 5.95644 -32.4132 0
      vertex 6.18686 -32.4011 0
    endloop
  endfacet
  facet normal -0.0369285 -0.999318 0
    outer loop
      vertex 6.18686 -32.4011 0
      vertex 6.43582 -32.4103 2.4
      vertex 6.18686 -32.4011 2.4
    endloop
  endfacet
  facet normal -0.0369285 -0.999318 -0
    outer loop
      vertex 6.43582 -32.4103 2.4
      vertex 6.18686 -32.4011 0
      vertex 6.43582 -32.4103 0
    endloop
  endfacet
  facet normal -0.505608 -0.862763 0
    outer loop
      vertex 6.43582 -32.4103 0
      vertex 6.84723 -32.6514 2.4
      vertex 6.43582 -32.4103 2.4
    endloop
  endfacet
  facet normal -0.505608 -0.862763 -0
    outer loop
      vertex 6.84723 -32.6514 2.4
      vertex 6.43582 -32.4103 0
      vertex 6.84723 -32.6514 0
    endloop
  endfacet
  facet normal -0.648154 -0.76151 0
    outer loop
      vertex 6.84723 -32.6514 0
      vertex 7.49295 -33.201 2.4
      vertex 6.84723 -32.6514 2.4
    endloop
  endfacet
  facet normal -0.648154 -0.76151 -0
    outer loop
      vertex 7.49295 -33.201 2.4
      vertex 6.84723 -32.6514 0
      vertex 7.49295 -33.201 0
    endloop
  endfacet
  facet normal -0.672156 -0.740409 0
    outer loop
      vertex 7.49295 -33.201 0
      vertex 8.32054 -33.9523 2.4
      vertex 7.49295 -33.201 2.4
    endloop
  endfacet
  facet normal -0.672156 -0.740409 -0
    outer loop
      vertex 8.32054 -33.9523 2.4
      vertex 7.49295 -33.201 0
      vertex 8.32054 -33.9523 0
    endloop
  endfacet
  facet normal -0.644225 -0.764836 0
    outer loop
      vertex 8.32054 -33.9523 0
      vertex 9.16762 -34.6658 2.4
      vertex 8.32054 -33.9523 2.4
    endloop
  endfacet
  facet normal -0.644225 -0.764836 -0
    outer loop
      vertex 9.16762 -34.6658 2.4
      vertex 8.32054 -33.9523 0
      vertex 9.16762 -34.6658 0
    endloop
  endfacet
  facet normal -0.53883 -0.842414 0
    outer loop
      vertex 9.16762 -34.6658 0
      vertex 9.84192 -35.0971 2.4
      vertex 9.16762 -34.6658 2.4
    endloop
  endfacet
  facet normal -0.53883 -0.842414 -0
    outer loop
      vertex 9.84192 -35.0971 2.4
      vertex 9.16762 -34.6658 0
      vertex 9.84192 -35.0971 0
    endloop
  endfacet
  facet normal -0.0869123 -0.996216 0
    outer loop
      vertex 9.84192 -35.0971 0
      vertex 10.2282 -35.1308 2.4
      vertex 9.84192 -35.0971 2.4
    endloop
  endfacet
  facet normal -0.0869123 -0.996216 -0
    outer loop
      vertex 10.2282 -35.1308 2.4
      vertex 9.84192 -35.0971 0
      vertex 10.2282 -35.1308 0
    endloop
  endfacet
  facet normal 0.902368 -0.430967 0
    outer loop
      vertex 10.2282 -35.1308 2.4
      vertex 10.3625 -34.8496 0
      vertex 10.3625 -34.8496 2.4
    endloop
  endfacet
  facet normal 0.902368 -0.430967 0
    outer loop
      vertex 10.3625 -34.8496 0
      vertex 10.2282 -35.1308 2.4
      vertex 10.2282 -35.1308 0
    endloop
  endfacet
  facet normal 0.983273 -0.182139 0
    outer loop
      vertex 10.3625 -34.8496 2.4
      vertex 10.428 -34.496 0
      vertex 10.428 -34.496 2.4
    endloop
  endfacet
  facet normal 0.983273 -0.182139 0
    outer loop
      vertex 10.428 -34.496 0
      vertex 10.3625 -34.8496 2.4
      vertex 10.3625 -34.8496 0
    endloop
  endfacet
  facet normal 0.532041 -0.846719 0
    outer loop
      vertex 10.428 -34.496 0
      vertex 10.6664 -34.3462 2.4
      vertex 10.428 -34.496 2.4
    endloop
  endfacet
  facet normal 0.532041 -0.846719 0
    outer loop
      vertex 10.6664 -34.3462 2.4
      vertex 10.428 -34.496 0
      vertex 10.6664 -34.3462 0
    endloop
  endfacet
  facet normal -0.347514 -0.937675 0
    outer loop
      vertex 10.6664 -34.3462 0
      vertex 11.2476 -34.5616 2.4
      vertex 10.6664 -34.3462 2.4
    endloop
  endfacet
  facet normal -0.347514 -0.937675 -0
    outer loop
      vertex 11.2476 -34.5616 2.4
      vertex 10.6664 -34.3462 0
      vertex 11.2476 -34.5616 0
    endloop
  endfacet
  facet normal -0.505171 -0.863019 0
    outer loop
      vertex 11.2476 -34.5616 0
      vertex 12.1679 -35.1003 2.4
      vertex 11.2476 -34.5616 2.4
    endloop
  endfacet
  facet normal -0.505171 -0.863019 -0
    outer loop
      vertex 12.1679 -35.1003 2.4
      vertex 11.2476 -34.5616 0
      vertex 12.1679 -35.1003 0
    endloop
  endfacet
  facet normal -0.511392 -0.859348 0
    outer loop
      vertex 12.1679 -35.1003 0
      vertex 13.2358 -35.7358 2.4
      vertex 12.1679 -35.1003 2.4
    endloop
  endfacet
  facet normal -0.511392 -0.859348 -0
    outer loop
      vertex 13.2358 -35.7358 2.4
      vertex 12.1679 -35.1003 0
      vertex 13.2358 -35.7358 0
    endloop
  endfacet
  facet normal -0.429343 -0.903141 0
    outer loop
      vertex 13.2358 -35.7358 0
      vertex 14.1622 -36.1762 2.4
      vertex 13.2358 -35.7358 2.4
    endloop
  endfacet
  facet normal -0.429343 -0.903141 -0
    outer loop
      vertex 14.1622 -36.1762 2.4
      vertex 13.2358 -35.7358 0
      vertex 14.1622 -36.1762 0
    endloop
  endfacet
  facet normal -0.0789677 -0.996877 0
    outer loop
      vertex 14.1622 -36.1762 0
      vertex 14.7126 -36.2198 2.4
      vertex 14.1622 -36.1762 2.4
    endloop
  endfacet
  facet normal -0.0789677 -0.996877 -0
    outer loop
      vertex 14.7126 -36.2198 2.4
      vertex 14.1622 -36.1762 0
      vertex 14.7126 -36.2198 0
    endloop
  endfacet
  facet normal 0.940645 -0.339392 0
    outer loop
      vertex 14.7126 -36.2198 2.4
      vertex 14.8413 -35.8631 0
      vertex 14.8413 -35.8631 2.4
    endloop
  endfacet
  facet normal 0.940645 -0.339392 0
    outer loop
      vertex 14.8413 -35.8631 0
      vertex 14.7126 -36.2198 2.4
      vertex 14.7126 -36.2198 0
    endloop
  endfacet
  facet normal 0.980796 0.195035 0
    outer loop
      vertex 14.8413 -35.8631 2.4
      vertex 14.7303 -35.3049 0
      vertex 14.7303 -35.3049 2.4
    endloop
  endfacet
  facet normal 0.980796 0.195035 0
    outer loop
      vertex 14.7303 -35.3049 0
      vertex 14.8413 -35.8631 2.4
      vertex 14.8413 -35.8631 0
    endloop
  endfacet
  facet normal 0.998722 0.0505383 0
    outer loop
      vertex 14.7303 -35.3049 2.4
      vertex 14.7068 -34.8405 0
      vertex 14.7068 -34.8405 2.4
    endloop
  endfacet
  facet normal 0.998722 0.0505383 0
    outer loop
      vertex 14.7068 -34.8405 0
      vertex 14.7303 -35.3049 2.4
      vertex 14.7303 -35.3049 0
    endloop
  endfacet
  facet normal 0.344601 -0.938749 0
    outer loop
      vertex 14.7068 -34.8405 0
      vertex 15.0732 -34.706 2.4
      vertex 14.7068 -34.8405 2.4
    endloop
  endfacet
  facet normal 0.344601 -0.938749 0
    outer loop
      vertex 15.0732 -34.706 2.4
      vertex 14.7068 -34.8405 0
      vertex 15.0732 -34.706 0
    endloop
  endfacet
  facet normal -0.274428 -0.961608 0
    outer loop
      vertex 15.0732 -34.706 0
      vertex 15.9394 -34.9532 2.4
      vertex 15.0732 -34.706 2.4
    endloop
  endfacet
  facet normal -0.274428 -0.961608 -0
    outer loop
      vertex 15.9394 -34.9532 2.4
      vertex 15.0732 -34.706 0
      vertex 15.9394 -34.9532 0
    endloop
  endfacet
  facet normal -0.362052 -0.932158 0
    outer loop
      vertex 15.9394 -34.9532 0
      vertex 17.15 -35.4234 2.4
      vertex 15.9394 -34.9532 2.4
    endloop
  endfacet
  facet normal -0.362052 -0.932158 -0
    outer loop
      vertex 17.15 -35.4234 2.4
      vertex 15.9394 -34.9532 0
      vertex 17.15 -35.4234 0
    endloop
  endfacet
  facet normal -0.32272 -0.946494 0
    outer loop
      vertex 17.15 -35.4234 0
      vertex 18.3513 -35.833 2.4
      vertex 17.15 -35.4234 2.4
    endloop
  endfacet
  facet normal -0.32272 -0.946494 -0
    outer loop
      vertex 18.3513 -35.833 2.4
      vertex 17.15 -35.4234 0
      vertex 18.3513 -35.833 0
    endloop
  endfacet
  facet normal -0.110671 -0.993857 0
    outer loop
      vertex 18.3513 -35.833 0
      vertex 19.1721 -35.9244 2.4
      vertex 18.3513 -35.833 2.4
    endloop
  endfacet
  facet normal -0.110671 -0.993857 -0
    outer loop
      vertex 19.1721 -35.9244 2.4
      vertex 18.3513 -35.833 0
      vertex 19.1721 -35.9244 0
    endloop
  endfacet
  facet normal 0.896044 0.443965 0
    outer loop
      vertex 19.1721 -35.9244 2.4
      vertex 18.8055 -35.1845 0
      vertex 18.8055 -35.1845 2.4
    endloop
  endfacet
  facet normal 0.896044 0.443965 0
    outer loop
      vertex 18.8055 -35.1845 0
      vertex 19.1721 -35.9244 2.4
      vertex 19.1721 -35.9244 0
    endloop
  endfacet
  facet normal 0.779067 0.626941 0
    outer loop
      vertex 18.8055 -35.1845 2.4
      vertex 18.0097 -34.1956 0
      vertex 18.0097 -34.1956 2.4
    endloop
  endfacet
  facet normal 0.779067 0.626941 0
    outer loop
      vertex 18.0097 -34.1956 0
      vertex 18.8055 -35.1845 2.4
      vertex 18.8055 -35.1845 0
    endloop
  endfacet
  facet normal 0.752085 0.659066 0
    outer loop
      vertex 18.0097 -34.1956 2.4
      vertex 17.1538 -33.2189 0
      vertex 17.1538 -33.2189 2.4
    endloop
  endfacet
  facet normal 0.752085 0.659066 0
    outer loop
      vertex 17.1538 -33.2189 0
      vertex 18.0097 -34.1956 2.4
      vertex 18.0097 -34.1956 0
    endloop
  endfacet
  facet normal 0.809762 0.586758 0
    outer loop
      vertex 17.1538 -33.2189 2.4
      vertex 16.6252 -32.4894 0
      vertex 16.6252 -32.4894 2.4
    endloop
  endfacet
  facet normal 0.809762 0.586758 0
    outer loop
      vertex 16.6252 -32.4894 0
      vertex 17.1538 -33.2189 2.4
      vertex 17.1538 -33.2189 0
    endloop
  endfacet
  facet normal 0.999996 -0.00281906 0
    outer loop
      vertex 16.6252 -32.4894 2.4
      vertex 16.6263 -32.0992 0
      vertex 16.6263 -32.0992 2.4
    endloop
  endfacet
  facet normal 0.999996 -0.00281906 0
    outer loop
      vertex 16.6263 -32.0992 0
      vertex 16.6252 -32.4894 2.4
      vertex 16.6252 -32.4894 0
    endloop
  endfacet
  facet normal 0.294207 -0.955742 0
    outer loop
      vertex 16.6263 -32.0992 0
      vertex 17.0707 -31.9624 2.4
      vertex 16.6263 -32.0992 2.4
    endloop
  endfacet
  facet normal 0.294207 -0.955742 0
    outer loop
      vertex 17.0707 -31.9624 2.4
      vertex 16.6263 -32.0992 0
      vertex 17.0707 -31.9624 0
    endloop
  endfacet
  facet normal 0.152136 -0.98836 0
    outer loop
      vertex 17.0707 -31.9624 0
      vertex 17.6333 -31.8758 2.4
      vertex 17.0707 -31.9624 2.4
    endloop
  endfacet
  facet normal 0.152136 -0.98836 0
    outer loop
      vertex 17.6333 -31.8758 2.4
      vertex 17.0707 -31.9624 0
      vertex 17.6333 -31.8758 0
    endloop
  endfacet
  facet normal 0.640677 -0.76781 0
    outer loop
      vertex 17.6333 -31.8758 0
      vertex 17.9244 -31.6329 2.4
      vertex 17.6333 -31.8758 2.4
    endloop
  endfacet
  facet normal 0.640677 -0.76781 0
    outer loop
      vertex 17.9244 -31.6329 2.4
      vertex 17.6333 -31.8758 0
      vertex 17.9244 -31.6329 0
    endloop
  endfacet
  facet normal 0.909795 0.415058 0
    outer loop
      vertex 17.9244 -31.6329 2.4
      vertex 17.6952 -31.1305 0
      vertex 17.6952 -31.1305 2.4
    endloop
  endfacet
  facet normal 0.909795 0.415058 0
    outer loop
      vertex 17.6952 -31.1305 0
      vertex 17.9244 -31.6329 2.4
      vertex 17.9244 -31.6329 0
    endloop
  endfacet
  facet normal 0.701774 0.7124 -0
    outer loop
      vertex 17.6952 -31.1305 0
      vertex 16.9644 -30.4106 2.4
      vertex 17.6952 -31.1305 2.4
    endloop
  endfacet
  facet normal 0.701774 0.7124 0
    outer loop
      vertex 16.9644 -30.4106 2.4
      vertex 17.6952 -31.1305 0
      vertex 16.9644 -30.4106 0
    endloop
  endfacet
  facet normal 0.632593 0.774484 -0
    outer loop
      vertex 16.9644 -30.4106 0
      vertex 16.0021 -29.6246 2.4
      vertex 16.9644 -30.4106 2.4
    endloop
  endfacet
  facet normal 0.632593 0.774484 0
    outer loop
      vertex 16.0021 -29.6246 2.4
      vertex 16.9644 -30.4106 0
      vertex 16.0021 -29.6246 0
    endloop
  endfacet
  facet normal 0.638208 0.769864 -0
    outer loop
      vertex 16.0021 -29.6246 0
      vertex 15.1811 -28.944 2.4
      vertex 16.0021 -29.6246 2.4
    endloop
  endfacet
  facet normal 0.638208 0.769864 0
    outer loop
      vertex 15.1811 -28.944 2.4
      vertex 16.0021 -29.6246 0
      vertex 15.1811 -28.944 0
    endloop
  endfacet
  facet normal 0.762278 0.64725 0
    outer loop
      vertex 15.1811 -28.944 2.4
      vertex 14.7799 -28.4715 0
      vertex 14.7799 -28.4715 2.4
    endloop
  endfacet
  facet normal 0.762278 0.64725 0
    outer loop
      vertex 14.7799 -28.4715 0
      vertex 15.1811 -28.944 2.4
      vertex 15.1811 -28.944 0
    endloop
  endfacet
  facet normal 0.977578 -0.210572 0
    outer loop
      vertex 14.7799 -28.4715 2.4
      vertex 14.8392 -28.1962 0
      vertex 14.8392 -28.1962 2.4
    endloop
  endfacet
  facet normal 0.977578 -0.210572 0
    outer loop
      vertex 14.8392 -28.1962 0
      vertex 14.7799 -28.4715 2.4
      vertex 14.7799 -28.4715 0
    endloop
  endfacet
  facet normal 0.50736 -0.861734 0
    outer loop
      vertex 14.8392 -28.1962 0
      vertex 15.149 -28.0138 2.4
      vertex 14.8392 -28.1962 2.4
    endloop
  endfacet
  facet normal 0.50736 -0.861734 0
    outer loop
      vertex 15.149 -28.0138 2.4
      vertex 14.8392 -28.1962 0
      vertex 15.149 -28.0138 0
    endloop
  endfacet
  facet normal 0.713654 -0.700498 0
    outer loop
      vertex 15.149 -28.0138 2.4
      vertex 15.3673 -27.7914 0
      vertex 15.3673 -27.7914 2.4
    endloop
  endfacet
  facet normal 0.713654 -0.700498 0
    outer loop
      vertex 15.3673 -27.7914 0
      vertex 15.149 -28.0138 2.4
      vertex 15.149 -28.0138 0
    endloop
  endfacet
  facet normal 0.906414 0.422391 0
    outer loop
      vertex 15.3673 -27.7914 2.4
      vertex 15.2035 -27.4399 0
      vertex 15.2035 -27.4399 2.4
    endloop
  endfacet
  facet normal 0.906414 0.422391 0
    outer loop
      vertex 15.2035 -27.4399 0
      vertex 15.3673 -27.7914 2.4
      vertex 15.3673 -27.7914 0
    endloop
  endfacet
  facet normal 0.607371 0.794418 -0
    outer loop
      vertex 15.2035 -27.4399 0
      vertex 14.5677 -26.9538 2.4
      vertex 15.2035 -27.4399 2.4
    endloop
  endfacet
  facet normal 0.607371 0.794418 0
    outer loop
      vertex 14.5677 -26.9538 2.4
      vertex 15.2035 -27.4399 0
      vertex 14.5677 -26.9538 0
    endloop
  endfacet
  facet normal 0.498286 0.867013 -0
    outer loop
      vertex 14.5677 -26.9538 0
      vertex 13.6074 -26.4019 2.4
      vertex 14.5677 -26.9538 2.4
    endloop
  endfacet
  facet normal 0.498286 0.867013 0
    outer loop
      vertex 13.6074 -26.4019 2.4
      vertex 14.5677 -26.9538 0
      vertex 13.6074 -26.4019 0
    endloop
  endfacet
  facet normal 0.465938 0.884817 -0
    outer loop
      vertex 13.6074 -26.4019 0
      vertex 12.6184 -25.8811 2.4
      vertex 13.6074 -26.4019 2.4
    endloop
  endfacet
  facet normal 0.465938 0.884817 0
    outer loop
      vertex 12.6184 -25.8811 2.4
      vertex 13.6074 -26.4019 0
      vertex 12.6184 -25.8811 0
    endloop
  endfacet
  facet normal 0.493902 0.869518 -0
    outer loop
      vertex 12.6184 -25.8811 0
      vertex 11.8811 -25.4623 2.4
      vertex 12.6184 -25.8811 2.4
    endloop
  endfacet
  facet normal 0.493902 0.869518 0
    outer loop
      vertex 11.8811 -25.4623 2.4
      vertex 12.6184 -25.8811 0
      vertex 11.8811 -25.4623 0
    endloop
  endfacet
  facet normal 0.637726 0.770263 -0
    outer loop
      vertex 11.8811 -25.4623 0
      vertex 11.5138 -25.1582 2.4
      vertex 11.8811 -25.4623 2.4
    endloop
  endfacet
  facet normal 0.637726 0.770263 0
    outer loop
      vertex 11.5138 -25.1582 2.4
      vertex 11.8811 -25.4623 0
      vertex 11.5138 -25.1582 0
    endloop
  endfacet
  facet normal 0.926414 0.376506 0
    outer loop
      vertex 11.5138 -25.1582 2.4
      vertex 11.42 -24.9274 0
      vertex 11.42 -24.9274 2.4
    endloop
  endfacet
  facet normal 0.926414 0.376506 0
    outer loop
      vertex 11.42 -24.9274 0
      vertex 11.5138 -25.1582 2.4
      vertex 11.5138 -25.1582 0
    endloop
  endfacet
  facet normal 0.956395 0.292075 0
    outer loop
      vertex 11.42 -24.9274 2.4
      vertex 11.3526 -24.7067 0
      vertex 11.3526 -24.7067 2.4
    endloop
  endfacet
  facet normal 0.956395 0.292075 0
    outer loop
      vertex 11.3526 -24.7067 0
      vertex 11.42 -24.9274 2.4
      vertex 11.42 -24.9274 0
    endloop
  endfacet
  facet normal 0.65296 0.757393 -0
    outer loop
      vertex 11.3526 -24.7067 0
      vertex 11.0538 -24.4491 2.4
      vertex 11.3526 -24.7067 2.4
    endloop
  endfacet
  facet normal 0.65296 0.757393 0
    outer loop
      vertex 11.0538 -24.4491 2.4
      vertex 11.3526 -24.7067 0
      vertex 11.0538 -24.4491 0
    endloop
  endfacet
  facet normal 0.416116 0.909311 -0
    outer loop
      vertex 11.0538 -24.4491 0
      vertex 10.3908 -24.1457 2.4
      vertex 11.0538 -24.4491 2.4
    endloop
  endfacet
  facet normal 0.416116 0.909311 0
    outer loop
      vertex 10.3908 -24.1457 2.4
      vertex 11.0538 -24.4491 0
      vertex 10.3908 -24.1457 0
    endloop
  endfacet
  facet normal 0.313428 0.949612 -0
    outer loop
      vertex 10.3908 -24.1457 0
      vertex 9.41249 -23.8228 2.4
      vertex 10.3908 -24.1457 2.4
    endloop
  endfacet
  facet normal 0.313428 0.949612 0
    outer loop
      vertex 9.41249 -23.8228 2.4
      vertex 10.3908 -24.1457 0
      vertex 9.41249 -23.8228 0
    endloop
  endfacet
  facet normal 0.263669 0.964613 -0
    outer loop
      vertex 9.41249 -23.8228 0
      vertex 8.30289 -23.5195 2.4
      vertex 9.41249 -23.8228 2.4
    endloop
  endfacet
  facet normal 0.263669 0.964613 0
    outer loop
      vertex 8.30289 -23.5195 2.4
      vertex 9.41249 -23.8228 0
      vertex 8.30289 -23.5195 0
    endloop
  endfacet
  facet normal 0.238861 0.971054 -0
    outer loop
      vertex 8.30289 -23.5195 0
      vertex 7.26094 -23.2632 2.4
      vertex 8.30289 -23.5195 2.4
    endloop
  endfacet
  facet normal 0.238861 0.971054 0
    outer loop
      vertex 7.26094 -23.2632 2.4
      vertex 8.30289 -23.5195 0
      vertex 7.26094 -23.2632 0
    endloop
  endfacet
  facet normal 0.838034 0.545618 0
    outer loop
      vertex 7.26094 -23.2632 2.4
      vertex 7.17259 -23.1275 0
      vertex 7.17259 -23.1275 2.4
    endloop
  endfacet
  facet normal 0.838034 0.545618 0
    outer loop
      vertex 7.17259 -23.1275 0
      vertex 7.26094 -23.2632 2.4
      vertex 7.26094 -23.2632 0
    endloop
  endfacet
  facet normal 0.996918 -0.0784486 0
    outer loop
      vertex 7.17259 -23.1275 2.4
      vertex 7.18245 -23.0022 0
      vertex 7.18245 -23.0022 2.4
    endloop
  endfacet
  facet normal 0.996918 -0.0784486 0
    outer loop
      vertex 7.18245 -23.0022 0
      vertex 7.17259 -23.1275 2.4
      vertex 7.17259 -23.1275 0
    endloop
  endfacet
  facet normal 0.998135 -0.0610502 0
    outer loop
      vertex 7.18245 -23.0022 2.4
      vertex 7.19012 -22.8768 0
      vertex 7.19012 -22.8768 2.4
    endloop
  endfacet
  facet normal 0.998135 -0.0610502 0
    outer loop
      vertex 7.19012 -22.8768 0
      vertex 7.18245 -23.0022 2.4
      vertex 7.18245 -23.0022 0
    endloop
  endfacet
  facet normal 0.999048 -0.0436238 0
    outer loop
      vertex 7.19012 -22.8768 2.4
      vertex 7.1956 -22.7513 0
      vertex 7.1956 -22.7513 2.4
    endloop
  endfacet
  facet normal 0.999048 -0.0436238 0
    outer loop
      vertex 7.1956 -22.7513 0
      vertex 7.19012 -22.8768 2.4
      vertex 7.19012 -22.8768 0
    endloop
  endfacet
  facet normal 0.999655 -0.0262648 0
    outer loop
      vertex 7.1956 -22.7513 2.4
      vertex 7.1989 -22.6257 0
      vertex 7.1989 -22.6257 2.4
    endloop
  endfacet
  facet normal 0.999655 -0.0262648 0
    outer loop
      vertex 7.1989 -22.6257 0
      vertex 7.1956 -22.7513 2.4
      vertex 7.1956 -22.7513 0
    endloop
  endfacet
  facet normal 0.999962 -0.00875066 0
    outer loop
      vertex 7.1989 -22.6257 2.4
      vertex 7.2 -22.5 0
      vertex 7.2 -22.5 2.4
    endloop
  endfacet
  facet normal 0.999962 -0.00875066 0
    outer loop
      vertex 7.2 -22.5 0
      vertex 7.1989 -22.6257 2.4
      vertex 7.1989 -22.6257 0
    endloop
  endfacet
  facet normal 0.999962 0.00875066 0
    outer loop
      vertex 7.2 -22.5 2.4
      vertex 7.1989 -22.3743 0
      vertex 7.1989 -22.3743 2.4
    endloop
  endfacet
  facet normal 0.999962 0.00875066 0
    outer loop
      vertex 7.1989 -22.3743 0
      vertex 7.2 -22.5 2.4
      vertex 7.2 -22.5 0
    endloop
  endfacet
  facet normal 0.999655 0.0262648 0
    outer loop
      vertex 7.1989 -22.3743 2.4
      vertex 7.1956 -22.2487 0
      vertex 7.1956 -22.2487 2.4
    endloop
  endfacet
  facet normal 0.999655 0.0262648 0
    outer loop
      vertex 7.1956 -22.2487 0
      vertex 7.1989 -22.3743 2.4
      vertex 7.1989 -22.3743 0
    endloop
  endfacet
  facet normal 0.999048 0.0436238 0
    outer loop
      vertex 7.1956 -22.2487 2.4
      vertex 7.19012 -22.1232 0
      vertex 7.19012 -22.1232 2.4
    endloop
  endfacet
  facet normal 0.999048 0.0436238 0
    outer loop
      vertex 7.19012 -22.1232 0
      vertex 7.1956 -22.2487 2.4
      vertex 7.1956 -22.2487 0
    endloop
  endfacet
  facet normal 0.998135 0.0610502 0
    outer loop
      vertex 7.19012 -22.1232 2.4
      vertex 7.18245 -21.9978 0
      vertex 7.18245 -21.9978 2.4
    endloop
  endfacet
  facet normal 0.998135 0.0610502 0
    outer loop
      vertex 7.18245 -21.9978 0
      vertex 7.19012 -22.1232 2.4
      vertex 7.19012 -22.1232 0
    endloop
  endfacet
  facet normal 0.996918 0.0784486 0
    outer loop
      vertex 7.18245 -21.9978 2.4
      vertex 7.17259 -21.8725 0
      vertex 7.17259 -21.8725 2.4
    endloop
  endfacet
  facet normal 0.996918 0.0784486 0
    outer loop
      vertex 7.17259 -21.8725 0
      vertex 7.18245 -21.9978 2.4
      vertex 7.18245 -21.9978 0
    endloop
  endfacet
  facet normal 0.995401 0.0958003 0
    outer loop
      vertex 7.17259 -21.8725 2.4
      vertex 7.16055 -21.7474 0
      vertex 7.16055 -21.7474 2.4
    endloop
  endfacet
  facet normal 0.995401 0.0958003 0
    outer loop
      vertex 7.16055 -21.7474 0
      vertex 7.17259 -21.8725 2.4
      vertex 7.17259 -21.8725 0
    endloop
  endfacet
  facet normal 0.993581 0.11312 0
    outer loop
      vertex 7.16055 -21.7474 2.4
      vertex 7.14633 -21.6225 0
      vertex 7.14633 -21.6225 2.4
    endloop
  endfacet
  facet normal 0.993581 0.11312 0
    outer loop
      vertex 7.14633 -21.6225 0
      vertex 7.16055 -21.7474 2.4
      vertex 7.16055 -21.7474 0
    endloop
  endfacet
  facet normal 0.437505 -0.899216 0
    outer loop
      vertex 7.14633 -21.6225 0
      vertex 7.513 -21.4441 2.4
      vertex 7.14633 -21.6225 2.4
    endloop
  endfacet
  facet normal 0.437505 -0.899216 0
    outer loop
      vertex 7.513 -21.4441 2.4
      vertex 7.14633 -21.6225 0
      vertex 7.513 -21.4441 0
    endloop
  endfacet
  facet normal 0.627444 -0.778662 0
    outer loop
      vertex 7.513 -21.4441 0
      vertex 7.72 -21.2773 2.4
      vertex 7.513 -21.4441 2.4
    endloop
  endfacet
  facet normal 0.627444 -0.778662 0
    outer loop
      vertex 7.72 -21.2773 2.4
      vertex 7.513 -21.4441 0
      vertex 7.72 -21.2773 0
    endloop
  endfacet
  facet normal 0.950625 -0.310343 0
    outer loop
      vertex 7.72 -21.2773 2.4
      vertex 7.76799 -21.1303 0
      vertex 7.76799 -21.1303 2.4
    endloop
  endfacet
  facet normal 0.950625 -0.310343 0
    outer loop
      vertex 7.76799 -21.1303 0
      vertex 7.72 -21.2773 2.4
      vertex 7.72 -21.2773 0
    endloop
  endfacet
  facet normal 0.748212 -0.663459 0
    outer loop
      vertex 7.76799 -21.1303 2.4
      vertex 7.91829 -20.9608 0
      vertex 7.91829 -20.9608 2.4
    endloop
  endfacet
  facet normal 0.748212 -0.663459 0
    outer loop
      vertex 7.91829 -20.9608 0
      vertex 7.76799 -21.1303 2.4
      vertex 7.76799 -21.1303 0
    endloop
  endfacet
  facet normal 0.470893 -0.88219 0
    outer loop
      vertex 7.91829 -20.9608 0
      vertex 8.36623 -20.7217 2.4
      vertex 7.91829 -20.9608 2.4
    endloop
  endfacet
  facet normal 0.470893 -0.88219 0
    outer loop
      vertex 8.36623 -20.7217 2.4
      vertex 7.91829 -20.9608 0
      vertex 8.36623 -20.7217 0
    endloop
  endfacet
  facet normal 0.403302 -0.915067 0
    outer loop
      vertex 8.36623 -20.7217 0
      vertex 9.09592 -20.4001 2.4
      vertex 8.36623 -20.7217 2.4
    endloop
  endfacet
  facet normal 0.403302 -0.915067 0
    outer loop
      vertex 9.09592 -20.4001 2.4
      vertex 8.36623 -20.7217 0
      vertex 9.09592 -20.4001 0
    endloop
  endfacet
  facet normal 0.421488 -0.906834 0
    outer loop
      vertex 9.09592 -20.4001 0
      vertex 9.87541 -20.0378 2.4
      vertex 9.09592 -20.4001 2.4
    endloop
  endfacet
  facet normal 0.421488 -0.906834 0
    outer loop
      vertex 9.87541 -20.0378 2.4
      vertex 9.09592 -20.4001 0
      vertex 9.87541 -20.0378 0
    endloop
  endfacet
  facet normal 0.52354 -0.852001 0
    outer loop
      vertex 9.87541 -20.0378 0
      vertex 10.4061 -19.7117 2.4
      vertex 9.87541 -20.0378 2.4
    endloop
  endfacet
  facet normal 0.52354 -0.852001 0
    outer loop
      vertex 10.4061 -19.7117 2.4
      vertex 9.87541 -20.0378 0
      vertex 10.4061 -19.7117 0
    endloop
  endfacet
  facet normal 0.88266 -0.470012 0
    outer loop
      vertex 10.4061 -19.7117 2.4
      vertex 10.529 -19.4809 0
      vertex 10.529 -19.4809 2.4
    endloop
  endfacet
  facet normal 0.88266 -0.470012 0
    outer loop
      vertex 10.529 -19.4809 0
      vertex 10.4061 -19.7117 2.4
      vertex 10.4061 -19.7117 0
    endloop
  endfacet
  facet normal 0.620174 0.784464 -0
    outer loop
      vertex 10.529 -19.4809 0
      vertex 10.3466 -19.3367 2.4
      vertex 10.529 -19.4809 2.4
    endloop
  endfacet
  facet normal 0.620174 0.784464 0
    outer loop
      vertex 10.3466 -19.3367 2.4
      vertex 10.529 -19.4809 0
      vertex 10.3466 -19.3367 0
    endloop
  endfacet
  facet normal 0.614426 0.788974 -0
    outer loop
      vertex 10.3466 -19.3367 0
      vertex 10.1667 -19.1966 2.4
      vertex 10.3466 -19.3367 2.4
    endloop
  endfacet
  facet normal 0.614426 0.788974 0
    outer loop
      vertex 10.1667 -19.1966 2.4
      vertex 10.3466 -19.3367 0
      vertex 10.1667 -19.1966 0
    endloop
  endfacet
  facet normal 0.874901 -0.484301 0
    outer loop
      vertex 10.1667 -19.1966 2.4
      vertex 10.3016 -18.9529 0
      vertex 10.3016 -18.9529 2.4
    endloop
  endfacet
  facet normal 0.874901 -0.484301 0
    outer loop
      vertex 10.3016 -18.9529 0
      vertex 10.1667 -19.1966 2.4
      vertex 10.1667 -19.1966 0
    endloop
  endfacet
  facet normal 0.59048 -0.807052 0
    outer loop
      vertex 10.3016 -18.9529 0
      vertex 10.852 -18.5502 2.4
      vertex 10.3016 -18.9529 2.4
    endloop
  endfacet
  facet normal 0.59048 -0.807052 0
    outer loop
      vertex 10.852 -18.5502 2.4
      vertex 10.3016 -18.9529 0
      vertex 10.852 -18.5502 0
    endloop
  endfacet
  facet normal 0.551898 -0.833912 0
    outer loop
      vertex 10.852 -18.5502 0
      vertex 11.6288 -18.0361 2.4
      vertex 10.852 -18.5502 2.4
    endloop
  endfacet
  facet normal 0.551898 -0.833912 0
    outer loop
      vertex 11.6288 -18.0361 2.4
      vertex 10.852 -18.5502 0
      vertex 11.6288 -18.0361 0
    endloop
  endfacet
  facet normal 0.609836 -0.792528 0
    outer loop
      vertex 11.6288 -18.0361 0
      vertex 12.2704 -17.5424 2.4
      vertex 11.6288 -18.0361 2.4
    endloop
  endfacet
  facet normal 0.609836 -0.792528 0
    outer loop
      vertex 12.2704 -17.5424 2.4
      vertex 11.6288 -18.0361 0
      vertex 12.2704 -17.5424 0
    endloop
  endfacet
  facet normal 0.848305 -0.529507 0
    outer loop
      vertex 12.2704 -17.5424 2.4
      vertex 12.4835 -17.201 0
      vertex 12.4835 -17.201 2.4
    endloop
  endfacet
  facet normal 0.848305 -0.529507 0
    outer loop
      vertex 12.4835 -17.201 0
      vertex 12.2704 -17.5424 2.4
      vertex 12.2704 -17.5424 0
    endloop
  endfacet
  facet normal 0.543618 0.839333 -0
    outer loop
      vertex 12.4835 -17.201 0
      vertex 12.2465 -17.0475 2.4
      vertex 12.4835 -17.201 2.4
    endloop
  endfacet
  facet normal 0.543618 0.839333 0
    outer loop
      vertex 12.2465 -17.0475 2.4
      vertex 12.4835 -17.201 0
      vertex 12.2465 -17.0475 0
    endloop
  endfacet
  facet normal 0.156257 0.987716 -0
    outer loop
      vertex 12.2465 -17.0475 0
      vertex 11.8331 -16.9821 2.4
      vertex 12.2465 -17.0475 2.4
    endloop
  endfacet
  facet normal 0.156257 0.987716 0
    outer loop
      vertex 11.8331 -16.9821 2.4
      vertex 12.2465 -17.0475 0
      vertex 11.8331 -16.9821 0
    endloop
  endfacet
  facet normal 0.62484 0.780753 -0
    outer loop
      vertex 11.8331 -16.9821 0
      vertex 11.6363 -16.8246 2.4
      vertex 11.8331 -16.9821 2.4
    endloop
  endfacet
  facet normal 0.62484 0.780753 0
    outer loop
      vertex 11.6363 -16.8246 2.4
      vertex 11.8331 -16.9821 0
      vertex 11.6363 -16.8246 0
    endloop
  endfacet
  facet normal 0.824202 -0.566296 0
    outer loop
      vertex 11.6363 -16.8246 2.4
      vertex 11.9044 -16.4344 0
      vertex 11.9044 -16.4344 2.4
    endloop
  endfacet
  facet normal 0.824202 -0.566296 0
    outer loop
      vertex 11.9044 -16.4344 0
      vertex 11.6363 -16.8246 2.4
      vertex 11.6363 -16.8246 0
    endloop
  endfacet
  facet normal 0.680464 -0.732782 0
    outer loop
      vertex 11.9044 -16.4344 0
      vertex 12.5697 -15.8166 2.4
      vertex 11.9044 -16.4344 2.4
    endloop
  endfacet
  facet normal 0.680464 -0.732782 0
    outer loop
      vertex 12.5697 -15.8166 2.4
      vertex 11.9044 -16.4344 0
      vertex 12.5697 -15.8166 0
    endloop
  endfacet
  facet normal 0.688938 -0.72482 0
    outer loop
      vertex 12.5697 -15.8166 0
      vertex 13.2868 -15.135 2.4
      vertex 12.5697 -15.8166 2.4
    endloop
  endfacet
  facet normal 0.688938 -0.72482 0
    outer loop
      vertex 13.2868 -15.135 2.4
      vertex 12.5697 -15.8166 0
      vertex 13.2868 -15.135 0
    endloop
  endfacet
  facet normal 0.813459 -0.581622 0
    outer loop
      vertex 13.2868 -15.135 2.4
      vertex 13.6596 -14.6136 0
      vertex 13.6596 -14.6136 2.4
    endloop
  endfacet
  facet normal 0.813459 -0.581622 0
    outer loop
      vertex 13.6596 -14.6136 0
      vertex 13.2868 -15.135 2.4
      vertex 13.2868 -15.135 0
    endloop
  endfacet
  facet normal -0.0970321 0.995281 0
    outer loop
      vertex 13.6596 -14.6136 0
      vertex 13.0216 -14.6758 2.4
      vertex 13.6596 -14.6136 2.4
    endloop
  endfacet
  facet normal -0.0970321 0.995281 0
    outer loop
      vertex 13.0216 -14.6758 2.4
      vertex 13.6596 -14.6136 0
      vertex 13.0216 -14.6758 0
    endloop
  endfacet
  facet normal -0.283255 0.959045 0
    outer loop
      vertex 13.0216 -14.6758 0
      vertex 12.0729 -14.956 2.4
      vertex 13.0216 -14.6758 2.4
    endloop
  endfacet
  facet normal -0.283255 0.959045 0
    outer loop
      vertex 12.0729 -14.956 2.4
      vertex 13.0216 -14.6758 0
      vertex 12.0729 -14.956 0
    endloop
  endfacet
  facet normal -0.294372 0.955691 0
    outer loop
      vertex 12.0729 -14.956 0
      vertex 11.2051 -15.2233 2.4
      vertex 12.0729 -14.956 2.4
    endloop
  endfacet
  facet normal -0.294372 0.955691 0
    outer loop
      vertex 11.2051 -15.2233 2.4
      vertex 12.0729 -14.956 0
      vertex 11.2051 -15.2233 0
    endloop
  endfacet
  facet normal -0.0783765 0.996924 0
    outer loop
      vertex 11.2051 -15.2233 0
      vertex 10.7332 -15.2604 2.4
      vertex 11.2051 -15.2233 2.4
    endloop
  endfacet
  facet normal -0.0783765 0.996924 0
    outer loop
      vertex 10.7332 -15.2604 2.4
      vertex 11.2051 -15.2233 0
      vertex 10.7332 -15.2604 0
    endloop
  endfacet
  facet normal 0.988582 0.150686 0
    outer loop
      vertex 10.7332 -15.2604 2.4
      vertex 10.6952 -15.0111 0
      vertex 10.6952 -15.0111 2.4
    endloop
  endfacet
  facet normal 0.988582 0.150686 0
    outer loop
      vertex 10.6952 -15.0111 0
      vertex 10.7332 -15.2604 2.4
      vertex 10.7332 -15.2604 0
    endloop
  endfacet
  facet normal 0.93353 -0.358499 0
    outer loop
      vertex 10.6952 -15.0111 2.4
      vertex 10.8452 -14.6205 0
      vertex 10.8452 -14.6205 2.4
    endloop
  endfacet
  facet normal 0.93353 -0.358499 0
    outer loop
      vertex 10.8452 -14.6205 0
      vertex 10.6952 -15.0111 2.4
      vertex 10.6952 -15.0111 0
    endloop
  endfacet
  facet normal 0.9987 0.0509794 0
    outer loop
      vertex 10.8452 -14.6205 2.4
      vertex 10.8308 -14.3384 0
      vertex 10.8308 -14.3384 2.4
    endloop
  endfacet
  facet normal 0.9987 0.0509794 0
    outer loop
      vertex 10.8308 -14.3384 0
      vertex 10.8452 -14.6205 2.4
      vertex 10.8452 -14.6205 0
    endloop
  endfacet
  facet normal -0.0345393 0.999403 0
    outer loop
      vertex 10.8308 -14.3384 0
      vertex 10.4286 -14.3523 2.4
      vertex 10.8308 -14.3384 2.4
    endloop
  endfacet
  facet normal -0.0345393 0.999403 0
    outer loop
      vertex 10.4286 -14.3523 2.4
      vertex 10.8308 -14.3384 0
      vertex 10.4286 -14.3523 0
    endloop
  endfacet
  facet normal -0.381451 0.924389 0
    outer loop
      vertex 10.4286 -14.3523 0
      vertex 9.68027 -14.6611 2.4
      vertex 10.4286 -14.3523 2.4
    endloop
  endfacet
  facet normal -0.381451 0.924389 0
    outer loop
      vertex 9.68027 -14.6611 2.4
      vertex 10.4286 -14.3523 0
      vertex 9.68027 -14.6611 0
    endloop
  endfacet
  facet normal -0.446251 0.894908 0
    outer loop
      vertex 9.68027 -14.6611 0
      vertex 8.84663 -15.0768 2.4
      vertex 9.68027 -14.6611 2.4
    endloop
  endfacet
  facet normal -0.446251 0.894908 0
    outer loop
      vertex 8.84663 -15.0768 2.4
      vertex 9.68027 -14.6611 0
      vertex 8.84663 -15.0768 0
    endloop
  endfacet
  facet normal -0.40368 0.9149 0
    outer loop
      vertex 8.84663 -15.0768 0
      vertex 8.22269 -15.3521 2.4
      vertex 8.84663 -15.0768 2.4
    endloop
  endfacet
  facet normal -0.40368 0.9149 0
    outer loop
      vertex 8.22269 -15.3521 2.4
      vertex 8.84663 -15.0768 0
      vertex 8.22269 -15.3521 0
    endloop
  endfacet
  facet normal 0.0183087 0.999832 -0
    outer loop
      vertex 8.22269 -15.3521 0
      vertex 7.94418 -15.347 2.4
      vertex 8.22269 -15.3521 2.4
    endloop
  endfacet
  facet normal 0.0183087 0.999832 0
    outer loop
      vertex 7.94418 -15.347 2.4
      vertex 8.22269 -15.3521 0
      vertex 7.94418 -15.347 0
    endloop
  endfacet
  facet normal 0.990451 0.137865 0
    outer loop
      vertex 7.94418 -15.347 2.4
      vertex 7.91275 -15.1212 0
      vertex 7.91275 -15.1212 2.4
    endloop
  endfacet
  facet normal 0.990451 0.137865 0
    outer loop
      vertex 7.91275 -15.1212 0
      vertex 7.94418 -15.347 2.4
      vertex 7.94418 -15.347 0
    endloop
  endfacet
  facet normal 0.989516 0.144426 0
    outer loop
      vertex 7.91275 -15.1212 2.4
      vertex 7.87918 -14.8912 0
      vertex 7.87918 -14.8912 2.4
    endloop
  endfacet
  facet normal 0.989516 0.144426 0
    outer loop
      vertex 7.87918 -14.8912 0
      vertex 7.91275 -15.1212 2.4
      vertex 7.91275 -15.1212 0
    endloop
  endfacet
  facet normal 0.0344057 0.999408 -0
    outer loop
      vertex 7.87918 -14.8912 0
      vertex 7.61775 -14.8822 2.4
      vertex 7.87918 -14.8912 2.4
    endloop
  endfacet
  facet normal 0.0344057 0.999408 0
    outer loop
      vertex 7.61775 -14.8822 2.4
      vertex 7.87918 -14.8912 0
      vertex 7.61775 -14.8822 0
    endloop
  endfacet
  facet normal -0.476071 0.879407 0
    outer loop
      vertex 7.61775 -14.8822 0
      vertex 7.07005 -15.1787 2.4
      vertex 7.61775 -14.8822 2.4
    endloop
  endfacet
  facet normal -0.476071 0.879407 0
    outer loop
      vertex 7.07005 -15.1787 2.4
      vertex 7.61775 -14.8822 0
      vertex 7.07005 -15.1787 0
    endloop
  endfacet
  facet normal -0.574688 0.818372 0
    outer loop
      vertex 7.07005 -15.1787 0
      vertex 6.36658 -15.6727 2.4
      vertex 7.07005 -15.1787 2.4
    endloop
  endfacet
  facet normal -0.574688 0.818372 0
    outer loop
      vertex 6.36658 -15.6727 2.4
      vertex 7.07005 -15.1787 0
      vertex 6.36658 -15.6727 0
    endloop
  endfacet
  facet normal -0.590759 0.806848 0
    outer loop
      vertex 6.36658 -15.6727 0
      vertex 5.72316 -16.1438 2.4
      vertex 6.36658 -15.6727 2.4
    endloop
  endfacet
  facet normal -0.590759 0.806848 0
    outer loop
      vertex 5.72316 -16.1438 2.4
      vertex 6.36658 -15.6727 0
      vertex 5.72316 -16.1438 0
    endloop
  endfacet
  facet normal -0.528422 0.848982 0
    outer loop
      vertex 5.72316 -16.1438 0
      vertex 5.2921 -16.4121 2.4
      vertex 5.72316 -16.1438 2.4
    endloop
  endfacet
  facet normal -0.528422 0.848982 0
    outer loop
      vertex 5.2921 -16.4121 2.4
      vertex 5.72316 -16.1438 0
      vertex 5.2921 -16.4121 0
    endloop
  endfacet
  facet normal -0.200859 0.97962 0
    outer loop
      vertex 5.2921 -16.4121 0
      vertex 5.07019 -16.4576 2.4
      vertex 5.2921 -16.4121 2.4
    endloop
  endfacet
  facet normal -0.200859 0.97962 0
    outer loop
      vertex 5.07019 -16.4576 2.4
      vertex 5.2921 -16.4121 0
      vertex 5.07019 -16.4576 0
    endloop
  endfacet
  facet normal 0.206949 0.978352 -0
    outer loop
      vertex 5.07019 -16.4576 0
      vertex 4.91891 -16.4256 2.4
      vertex 5.07019 -16.4576 2.4
    endloop
  endfacet
  facet normal 0.206949 0.978352 0
    outer loop
      vertex 4.91891 -16.4256 2.4
      vertex 5.07019 -16.4576 0
      vertex 4.91891 -16.4256 0
    endloop
  endfacet
  facet normal -0.360667 0.932695 0
    outer loop
      vertex 4.91891 -16.4256 0
      vertex 4.67091 -16.5215 2.4
      vertex 4.91891 -16.4256 2.4
    endloop
  endfacet
  facet normal -0.360667 0.932695 0
    outer loop
      vertex 4.67091 -16.5215 2.4
      vertex 4.91891 -16.4256 0
      vertex 4.67091 -16.5215 0
    endloop
  endfacet
  facet normal -0.559885 0.828571 0
    outer loop
      vertex 4.67091 -16.5215 0
      vertex 4.33305 -16.7498 2.4
      vertex 4.67091 -16.5215 2.4
    endloop
  endfacet
  facet normal -0.559885 0.828571 0
    outer loop
      vertex 4.33305 -16.7498 2.4
      vertex 4.67091 -16.5215 0
      vertex 4.33305 -16.7498 0
    endloop
  endfacet
  facet normal 0.594599 0.804022 -0
    outer loop
      vertex 4.33305 -16.7498 0
      vertex 4.23204 -16.6751 2.4
      vertex 4.33305 -16.7498 2.4
    endloop
  endfacet
  facet normal 0.594599 0.804022 0
    outer loop
      vertex 4.23204 -16.6751 2.4
      vertex 4.33305 -16.7498 0
      vertex 4.23204 -16.6751 0
    endloop
  endfacet
  facet normal 0.580899 0.813975 -0
    outer loop
      vertex 4.23204 -16.6751 0
      vertex 4.12975 -16.6021 2.4
      vertex 4.23204 -16.6751 2.4
    endloop
  endfacet
  facet normal 0.580899 0.813975 0
    outer loop
      vertex 4.12975 -16.6021 2.4
      vertex 4.23204 -16.6751 0
      vertex 4.12975 -16.6021 0
    endloop
  endfacet
  facet normal 0.566505 0.824058 -0
    outer loop
      vertex 4.12975 -16.6021 0
      vertex 4.02618 -16.5309 2.4
      vertex 4.12975 -16.6021 2.4
    endloop
  endfacet
  facet normal 0.566505 0.824058 0
    outer loop
      vertex 4.02618 -16.5309 2.4
      vertex 4.12975 -16.6021 0
      vertex 4.02618 -16.5309 0
    endloop
  endfacet
  facet normal 0.55161 0.834102 -0
    outer loop
      vertex 4.02618 -16.5309 0
      vertex 3.92139 -16.4616 2.4
      vertex 4.02618 -16.5309 2.4
    endloop
  endfacet
  facet normal 0.55161 0.834102 0
    outer loop
      vertex 3.92139 -16.4616 2.4
      vertex 4.02618 -16.5309 0
      vertex 3.92139 -16.4616 0
    endloop
  endfacet
  facet normal 0.537205 0.843452 -0
    outer loop
      vertex 3.92139 -16.4616 0
      vertex 3.81541 -16.3941 2.4
      vertex 3.92139 -16.4616 2.4
    endloop
  endfacet
  facet normal 0.537205 0.843452 0
    outer loop
      vertex 3.81541 -16.3941 2.4
      vertex 3.92139 -16.4616 0
      vertex 3.81541 -16.3941 0
    endloop
  endfacet
  facet normal 0.522756 0.852482 -0
    outer loop
      vertex 3.81541 -16.3941 0
      vertex 3.70827 -16.3284 2.4
      vertex 3.81541 -16.3941 2.4
    endloop
  endfacet
  facet normal 0.522756 0.852482 0
    outer loop
      vertex 3.70827 -16.3284 2.4
      vertex 3.81541 -16.3941 0
      vertex 3.70827 -16.3284 0
    endloop
  endfacet
  facet normal 0.507646 0.861566 -0
    outer loop
      vertex 3.70827 -16.3284 0
      vertex 3.59999 -16.2646 2.4
      vertex 3.70827 -16.3284 2.4
    endloop
  endfacet
  facet normal 0.507646 0.861566 0
    outer loop
      vertex 3.59999 -16.2646 2.4
      vertex 3.70827 -16.3284 0
      vertex 3.59999 -16.2646 0
    endloop
  endfacet
  facet normal 0.492553 0.870283 -0
    outer loop
      vertex 3.59999 -16.2646 0
      vertex 3.49062 -16.2027 2.4
      vertex 3.59999 -16.2646 2.4
    endloop
  endfacet
  facet normal 0.492553 0.870283 0
    outer loop
      vertex 3.49062 -16.2027 2.4
      vertex 3.59999 -16.2646 0
      vertex 3.49062 -16.2027 0
    endloop
  endfacet
  facet normal 0.476798 0.879013 -0
    outer loop
      vertex 3.49062 -16.2027 0
      vertex 3.38019 -16.1428 2.4
      vertex 3.49062 -16.2027 2.4
    endloop
  endfacet
  facet normal 0.476798 0.879013 0
    outer loop
      vertex 3.38019 -16.1428 2.4
      vertex 3.49062 -16.2027 0
      vertex 3.38019 -16.1428 0
    endloop
  endfacet
  facet normal 0.461576 0.887101 -0
    outer loop
      vertex 3.38019 -16.1428 0
      vertex 3.26872 -16.0848 2.4
      vertex 3.38019 -16.1428 2.4
    endloop
  endfacet
  facet normal 0.461576 0.887101 0
    outer loop
      vertex 3.26872 -16.0848 2.4
      vertex 3.38019 -16.1428 0
      vertex 3.26872 -16.0848 0
    endloop
  endfacet
  facet normal 0.446418 0.894825 -0
    outer loop
      vertex 3.26872 -16.0848 0
      vertex 3.15627 -16.0287 2.4
      vertex 3.26872 -16.0848 2.4
    endloop
  endfacet
  facet normal 0.446418 0.894825 0
    outer loop
      vertex 3.15627 -16.0287 2.4
      vertex 3.26872 -16.0848 0
      vertex 3.15627 -16.0287 0
    endloop
  endfacet
  facet normal 0.43052 0.902581 -0
    outer loop
      vertex 3.15627 -16.0287 0
      vertex 3.04285 -15.9746 2.4
      vertex 3.15627 -16.0287 2.4
    endloop
  endfacet
  facet normal 0.43052 0.902581 0
    outer loop
      vertex 3.04285 -15.9746 2.4
      vertex 3.15627 -16.0287 0
      vertex 3.04285 -15.9746 0
    endloop
  endfacet
  facet normal 0.414612 0.909998 -0
    outer loop
      vertex 3.04285 -15.9746 0
      vertex 2.9285 -15.9225 2.4
      vertex 3.04285 -15.9746 2.4
    endloop
  endfacet
  facet normal 0.414612 0.909998 0
    outer loop
      vertex 2.9285 -15.9225 2.4
      vertex 3.04285 -15.9746 0
      vertex 2.9285 -15.9225 0
    endloop
  endfacet
  facet normal 0.398697 0.917083 -0
    outer loop
      vertex 2.9285 -15.9225 0
      vertex 2.81326 -15.8724 2.4
      vertex 2.9285 -15.9225 2.4
    endloop
  endfacet
  facet normal 0.398697 0.917083 0
    outer loop
      vertex 2.81326 -15.8724 2.4
      vertex 2.9285 -15.9225 0
      vertex 2.81326 -15.8724 0
    endloop
  endfacet
  facet normal 0.38275 0.923852 -0
    outer loop
      vertex 2.81326 -15.8724 0
      vertex 2.69716 -15.8243 2.4
      vertex 2.81326 -15.8724 2.4
    endloop
  endfacet
  facet normal 0.38275 0.923852 0
    outer loop
      vertex 2.69716 -15.8243 2.4
      vertex 2.81326 -15.8724 0
      vertex 2.69716 -15.8243 0
    endloop
  endfacet
  facet normal 0.366831 0.930287 -0
    outer loop
      vertex 2.69716 -15.8243 0
      vertex 2.58025 -15.7782 2.4
      vertex 2.69716 -15.8243 2.4
    endloop
  endfacet
  facet normal 0.366831 0.930287 0
    outer loop
      vertex 2.58025 -15.7782 2.4
      vertex 2.69716 -15.8243 0
      vertex 2.58025 -15.7782 0
    endloop
  endfacet
  facet normal 0.350138 0.936698 -0
    outer loop
      vertex 2.58025 -15.7782 0
      vertex 2.46254 -15.7342 2.4
      vertex 2.58025 -15.7782 2.4
    endloop
  endfacet
  facet normal 0.350138 0.936698 0
    outer loop
      vertex 2.46254 -15.7342 2.4
      vertex 2.58025 -15.7782 0
      vertex 2.46254 -15.7342 0
    endloop
  endfacet
  facet normal 0.333486 0.942755 -0
    outer loop
      vertex 2.46254 -15.7342 0
      vertex 2.34409 -15.6923 2.4
      vertex 2.46254 -15.7342 2.4
    endloop
  endfacet
  facet normal 0.333486 0.942755 0
    outer loop
      vertex 2.34409 -15.6923 2.4
      vertex 2.46254 -15.7342 0
      vertex 2.34409 -15.6923 0
    endloop
  endfacet
  facet normal 0.317469 0.948269 -0
    outer loop
      vertex 2.34409 -15.6923 0
      vertex 2.22491 -15.6524 2.4
      vertex 2.34409 -15.6923 2.4
    endloop
  endfacet
  facet normal 0.317469 0.948269 0
    outer loop
      vertex 2.22491 -15.6524 2.4
      vertex 2.34409 -15.6923 0
      vertex 2.22491 -15.6524 0
    endloop
  endfacet
  facet normal 0.300811 0.953684 -0
    outer loop
      vertex 2.22491 -15.6524 0
      vertex 2.10507 -15.6146 2.4
      vertex 2.22491 -15.6524 2.4
    endloop
  endfacet
  facet normal 0.300811 0.953684 0
    outer loop
      vertex 2.10507 -15.6146 2.4
      vertex 2.22491 -15.6524 0
      vertex 2.10507 -15.6146 0
    endloop
  endfacet
  facet normal 0.284105 0.958793 -0
    outer loop
      vertex 2.10507 -15.6146 0
      vertex 1.98459 -15.5789 2.4
      vertex 2.10507 -15.6146 2.4
    endloop
  endfacet
  facet normal 0.284105 0.958793 0
    outer loop
      vertex 1.98459 -15.5789 2.4
      vertex 2.10507 -15.6146 0
      vertex 1.98459 -15.5789 0
    endloop
  endfacet
  facet normal 0.267357 0.963598 -0
    outer loop
      vertex 1.98459 -15.5789 0
      vertex 1.86349 -15.5453 2.4
      vertex 1.98459 -15.5789 2.4
    endloop
  endfacet
  facet normal 0.267357 0.963598 0
    outer loop
      vertex 1.86349 -15.5453 2.4
      vertex 1.98459 -15.5789 0
      vertex 1.86349 -15.5453 0
    endloop
  endfacet
  facet normal 0.249976 0.968252 -0
    outer loop
      vertex 1.86349 -15.5453 0
      vertex 1.75 -15.516 2.4
      vertex 1.86349 -15.5453 2.4
    endloop
  endfacet
  facet normal 0.249976 0.968252 0
    outer loop
      vertex 1.75 -15.516 2.4
      vertex 1.86349 -15.5453 0
      vertex 1.75 -15.516 0
    endloop
  endfacet
  facet normal 1 -0 0
    outer loop
      vertex 1.75 -15.516 2.4
      vertex 1.75 -11 0
      vertex 1.75 -11 2.4
    endloop
  endfacet
  facet normal 1 0 0
    outer loop
      vertex 1.75 -11 0
      vertex 1.75 -15.516 2.4
      vertex 1.75 -15.516 0
    endloop
  endfacet
  facet normal 0 -1 0
    outer loop
      vertex 1.75 -11 0
      vertex 2 -11 2.4
      vertex 1.75 -11 2.4
    endloop
  endfacet
  facet normal 0 -1 -0
    outer loop
      vertex 2 -11 2.4
      vertex 1.75 -11 0
      vertex 2 -11 0
    endloop
  endfacet
  facet normal 1 -0 0
    outer loop
      vertex 2 -11 2.4
      vertex 2 -7.22142 0
      vertex 2 -7.22142 2.4
    endloop
  endfacet
  facet normal 1 0 0
    outer loop
      vertex 2 -7.22142 0
      vertex 2 -11 2.4
      vertex 2 -11 0
    endloop
  endfacet
  facet normal 0.243 -0.970026 0
    outer loop
      vertex 2 -7.22142 0
      vertex 2.17712 -7.17705 2.4
      vertex 2 -7.22142 2.4
    endloop
  endfacet
  facet normal 0.243 -0.970026 0
    outer loop
      vertex 2.17712 -7.17705 2.4
      vertex 2 -7.22142 0
      vertex 2.17712 -7.17705 0
    endloop
  endfacet
  facet normal 0.336891 -0.941544 0
    outer loop
      vertex 2.17712 -7.17705 0
      vertex 2.87012 -6.92909 2.4
      vertex 2.17712 -7.17705 2.4
    endloop
  endfacet
  facet normal 0.336891 -0.941544 0
    outer loop
      vertex 2.87012 -6.92909 2.4
      vertex 2.17712 -7.17705 0
      vertex 2.87012 -6.92909 0
    endloop
  endfacet
  facet normal 0.427564 -0.903985 0
    outer loop
      vertex 2.87012 -6.92909 0
      vertex 3.53546 -6.6144 2.4
      vertex 2.87012 -6.92909 2.4
    endloop
  endfacet
  facet normal 0.427564 -0.903985 0
    outer loop
      vertex 3.53546 -6.6144 2.4
      vertex 2.87012 -6.92909 0
      vertex 3.53546 -6.6144 0
    endloop
  endfacet
  facet normal 0.514106 -0.857727 0
    outer loop
      vertex 3.53546 -6.6144 0
      vertex 4.16676 -6.23601 2.4
      vertex 3.53546 -6.6144 2.4
    endloop
  endfacet
  facet normal 0.514106 -0.857727 0
    outer loop
      vertex 4.16676 -6.23601 2.4
      vertex 3.53546 -6.6144 0
      vertex 4.16676 -6.23601 0
    endloop
  endfacet
  facet normal 0.595689 -0.803215 0
    outer loop
      vertex 4.16676 -6.23601 0
      vertex 4.75793 -5.79758 2.4
      vertex 4.16676 -6.23601 2.4
    endloop
  endfacet
  facet normal 0.595689 -0.803215 0
    outer loop
      vertex 4.75793 -5.79758 2.4
      vertex 4.16676 -6.23601 0
      vertex 4.75793 -5.79758 0
    endloop
  endfacet
  facet normal 0.671548 -0.740961 0
    outer loop
      vertex 4.75793 -5.79758 0
      vertex 5.3033 -5.3033 2.4
      vertex 4.75793 -5.79758 2.4
    endloop
  endfacet
  facet normal 0.671548 -0.740961 0
    outer loop
      vertex 5.3033 -5.3033 2.4
      vertex 4.75793 -5.79758 0
      vertex 5.3033 -5.3033 0
    endloop
  endfacet
  facet normal 0.740961 -0.671548 0
    outer loop
      vertex 5.3033 -5.3033 2.4
      vertex 5.79758 -4.75793 0
      vertex 5.79758 -4.75793 2.4
    endloop
  endfacet
  facet normal 0.740961 -0.671548 0
    outer loop
      vertex 5.79758 -4.75793 0
      vertex 5.3033 -5.3033 2.4
      vertex 5.3033 -5.3033 0
    endloop
  endfacet
  facet normal 0.803215 -0.595689 0
    outer loop
      vertex 5.79758 -4.75793 2.4
      vertex 6.23601 -4.16676 0
      vertex 6.23601 -4.16676 2.4
    endloop
  endfacet
  facet normal 0.803215 -0.595689 0
    outer loop
      vertex 6.23601 -4.16676 0
      vertex 5.79758 -4.75793 2.4
      vertex 5.79758 -4.75793 0
    endloop
  endfacet
  facet normal 0.857727 -0.514106 0
    outer loop
      vertex 6.23601 -4.16676 2.4
      vertex 6.6144 -3.53546 0
      vertex 6.6144 -3.53546 2.4
    endloop
  endfacet
  facet normal 0.857727 -0.514106 0
    outer loop
      vertex 6.6144 -3.53546 0
      vertex 6.23601 -4.16676 2.4
      vertex 6.23601 -4.16676 0
    endloop
  endfacet
  facet normal 0.903985 -0.427564 0
    outer loop
      vertex 6.6144 -3.53546 2.4
      vertex 6.92909 -2.87012 0
      vertex 6.92909 -2.87012 2.4
    endloop
  endfacet
  facet normal 0.903985 -0.427564 0
    outer loop
      vertex 6.92909 -2.87012 0
      vertex 6.6144 -3.53546 2.4
      vertex 6.6144 -3.53546 0
    endloop
  endfacet
  facet normal 0.941544 -0.336891 0
    outer loop
      vertex 6.92909 -2.87012 2.4
      vertex 7.17705 -2.17712 0
      vertex 7.17705 -2.17712 2.4
    endloop
  endfacet
  facet normal 0.941544 -0.336891 0
    outer loop
      vertex 7.17705 -2.17712 0
      vertex 6.92909 -2.87012 2.4
      vertex 6.92909 -2.87012 0
    endloop
  endfacet
  facet normal 0.970033 -0.242974 0
    outer loop
      vertex 7.17705 -2.17712 2.4
      vertex 7.35588 -1.46317 0
      vertex 7.35588 -1.46317 2.4
    endloop
  endfacet
  facet normal 0.970033 -0.242974 0
    outer loop
      vertex 7.35588 -1.46317 0
      vertex 7.17705 -2.17712 2.4
      vertex 7.17705 -2.17712 0
    endloop
  endfacet
  facet normal 0.989176 -0.146736 0
    outer loop
      vertex 7.35588 -1.46317 2.4
      vertex 7.46388 -0.735123 0
      vertex 7.46388 -0.735123 2.4
    endloop
  endfacet
  facet normal 0.989176 -0.146736 0
    outer loop
      vertex 7.46388 -0.735123 0
      vertex 7.35588 -1.46317 2.4
      vertex 7.35588 -1.46317 0
    endloop
  endfacet
  facet normal 0.998795 -0.0490754 0
    outer loop
      vertex 7.46388 -0.735123 2.4
      vertex 7.5 0 0
      vertex 7.5 0 2.4
    endloop
  endfacet
  facet normal 0.998795 -0.0490754 0
    outer loop
      vertex 7.5 0 0
      vertex 7.46388 -0.735123 2.4
      vertex 7.46388 -0.735123 0
    endloop
  endfacet
  facet normal 0.998795 0.0490754 0
    outer loop
      vertex 7.5 0 2.4
      vertex 7.46388 0.735123 0
      vertex 7.46388 0.735123 2.4
    endloop
  endfacet
  facet normal 0.998795 0.0490754 0
    outer loop
      vertex 7.46388 0.735123 0
      vertex 7.5 0 2.4
      vertex 7.5 0 0
    endloop
  endfacet
  facet normal 0.989176 0.146736 0
    outer loop
      vertex 7.46388 0.735123 2.4
      vertex 7.35588 1.46317 0
      vertex 7.35588 1.46317 2.4
    endloop
  endfacet
  facet normal 0.989176 0.146736 0
    outer loop
      vertex 7.35588 1.46317 0
      vertex 7.46388 0.735123 2.4
      vertex 7.46388 0.735123 0
    endloop
  endfacet
  facet normal 0.970033 0.242974 0
    outer loop
      vertex 7.35588 1.46317 2.4
      vertex 7.17705 2.17712 0
      vertex 7.17705 2.17712 2.4
    endloop
  endfacet
  facet normal 0.970033 0.242974 0
    outer loop
      vertex 7.17705 2.17712 0
      vertex 7.35588 1.46317 2.4
      vertex 7.35588 1.46317 0
    endloop
  endfacet
  facet normal 0.941544 0.336891 0
    outer loop
      vertex 7.17705 2.17712 2.4
      vertex 6.92909 2.87012 0
      vertex 6.92909 2.87012 2.4
    endloop
  endfacet
  facet normal 0.941544 0.336891 0
    outer loop
      vertex 6.92909 2.87012 0
      vertex 7.17705 2.17712 2.4
      vertex 7.17705 2.17712 0
    endloop
  endfacet
  facet normal 0.903985 0.427564 0
    outer loop
      vertex 6.92909 2.87012 2.4
      vertex 6.6144 3.53546 0
      vertex 6.6144 3.53546 2.4
    endloop
  endfacet
  facet normal 0.903985 0.427564 0
    outer loop
      vertex 6.6144 3.53546 0
      vertex 6.92909 2.87012 2.4
      vertex 6.92909 2.87012 0
    endloop
  endfacet
  facet normal 0.857727 0.514106 0
    outer loop
      vertex 6.6144 3.53546 2.4
      vertex 6.23601 4.16676 0
      vertex 6.23601 4.16676 2.4
    endloop
  endfacet
  facet normal 0.857727 0.514106 0
    outer loop
      vertex 6.23601 4.16676 0
      vertex 6.6144 3.53546 2.4
      vertex 6.6144 3.53546 0
    endloop
  endfacet
  facet normal 0.803215 0.595689 0
    outer loop
      vertex 6.23601 4.16676 2.4
      vertex 5.79758 4.75793 0
      vertex 5.79758 4.75793 2.4
    endloop
  endfacet
  facet normal 0.803215 0.595689 0
    outer loop
      vertex 5.79758 4.75793 0
      vertex 6.23601 4.16676 2.4
      vertex 6.23601 4.16676 0
    endloop
  endfacet
  facet normal 0.740961 0.671548 0
    outer loop
      vertex 5.79758 4.75793 2.4
      vertex 5.3033 5.3033 0
      vertex 5.3033 5.3033 2.4
    endloop
  endfacet
  facet normal 0.740961 0.671548 0
    outer loop
      vertex 5.3033 5.3033 0
      vertex 5.79758 4.75793 2.4
      vertex 5.79758 4.75793 0
    endloop
  endfacet
  facet normal 0.671548 0.740961 -0
    outer loop
      vertex 5.3033 5.3033 0
      vertex 4.75793 5.79758 2.4
      vertex 5.3033 5.3033 2.4
    endloop
  endfacet
  facet normal 0.671548 0.740961 0
    outer loop
      vertex 4.75793 5.79758 2.4
      vertex 5.3033 5.3033 0
      vertex 4.75793 5.79758 0
    endloop
  endfacet
  facet normal 0.595689 0.803215 -0
    outer loop
      vertex 4.75793 5.79758 0
      vertex 4.16676 6.23601 2.4
      vertex 4.75793 5.79758 2.4
    endloop
  endfacet
  facet normal 0.595689 0.803215 0
    outer loop
      vertex 4.16676 6.23601 2.4
      vertex 4.75793 5.79758 0
      vertex 4.16676 6.23601 0
    endloop
  endfacet
  facet normal 0.514106 0.857727 -0
    outer loop
      vertex 4.16676 6.23601 0
      vertex 3.53546 6.6144 2.4
      vertex 4.16676 6.23601 2.4
    endloop
  endfacet
  facet normal 0.514106 0.857727 0
    outer loop
      vertex 3.53546 6.6144 2.4
      vertex 4.16676 6.23601 0
      vertex 3.53546 6.6144 0
    endloop
  endfacet
  facet normal 0.427564 0.903985 -0
    outer loop
      vertex 3.53546 6.6144 0
      vertex 2.87012 6.92909 2.4
      vertex 3.53546 6.6144 2.4
    endloop
  endfacet
  facet normal 0.427564 0.903985 0
    outer loop
      vertex 2.87012 6.92909 2.4
      vertex 3.53546 6.6144 0
      vertex 2.87012 6.92909 0
    endloop
  endfacet
  facet normal 0.336891 0.941544 -0
    outer loop
      vertex 2.87012 6.92909 0
      vertex 2.17712 7.17705 2.4
      vertex 2.87012 6.92909 2.4
    endloop
  endfacet
  facet normal 0.336891 0.941544 0
    outer loop
      vertex 2.17712 7.17705 2.4
      vertex 2.87012 6.92909 0
      vertex 2.17712 7.17705 0
    endloop
  endfacet
  facet normal 0.242974 0.970033 -0
    outer loop
      vertex 2.17712 7.17705 0
      vertex 1.46317 7.35588 2.4
      vertex 2.17712 7.17705 2.4
    endloop
  endfacet
  facet normal 0.242974 0.970033 0
    outer loop
      vertex 1.46317 7.35588 2.4
      vertex 2.17712 7.17705 0
      vertex 1.46317 7.35588 0
    endloop
  endfacet
  facet normal 0.146736 0.989176 -0
    outer loop
      vertex 1.46317 7.35588 0
      vertex 0.735123 7.46388 2.4
      vertex 1.46317 7.35588 2.4
    endloop
  endfacet
  facet normal 0.146736 0.989176 0
    outer loop
      vertex 0.735123 7.46388 2.4
      vertex 1.46317 7.35588 0
      vertex 0.735123 7.46388 0
    endloop
  endfacet
  facet normal 0.0490754 0.998795 -0
    outer loop
      vertex 0.735123 7.46388 0
      vertex 0 7.5 2.4
      vertex 0.735123 7.46388 2.4
    endloop
  endfacet
  facet normal 0.0490754 0.998795 0
    outer loop
      vertex 0 7.5 2.4
      vertex 0.735123 7.46388 0
      vertex 0 7.5 0
    endloop
  endfacet
  facet normal -0.0490754 0.998795 0
    outer loop
      vertex 0 7.5 0
      vertex -0.735123 7.46388 2.4
      vertex 0 7.5 2.4
    endloop
  endfacet
  facet normal -0.0490754 0.998795 0
    outer loop
      vertex -0.735123 7.46388 2.4
      vertex 0 7.5 0
      vertex -0.735123 7.46388 0
    endloop
  endfacet
  facet normal -0.146736 0.989176 0
    outer loop
      vertex -0.735123 7.46388 0
      vertex -1.46317 7.35588 2.4
      vertex -0.735123 7.46388 2.4
    endloop
  endfacet
  facet normal -0.146736 0.989176 0
    outer loop
      vertex -1.46317 7.35588 2.4
      vertex -0.735123 7.46388 0
      vertex -1.46317 7.35588 0
    endloop
  endfacet
  facet normal -0.242974 0.970033 0
    outer loop
      vertex -1.46317 7.35588 0
      vertex -2.17712 7.17705 2.4
      vertex -1.46317 7.35588 2.4
    endloop
  endfacet
  facet normal -0.242974 0.970033 0
    outer loop
      vertex -2.17712 7.17705 2.4
      vertex -1.46317 7.35588 0
      vertex -2.17712 7.17705 0
    endloop
  endfacet
  facet normal -0.336891 0.941544 0
    outer loop
      vertex -2.17712 7.17705 0
      vertex -2.87012 6.92909 2.4
      vertex -2.17712 7.17705 2.4
    endloop
  endfacet
  facet normal -0.336891 0.941544 0
    outer loop
      vertex -2.87012 6.92909 2.4
      vertex -2.17712 7.17705 0
      vertex -2.87012 6.92909 0
    endloop
  endfacet
  facet normal -0.427564 0.903985 0
    outer loop
      vertex -2.87012 6.92909 0
      vertex -3.53546 6.6144 2.4
      vertex -2.87012 6.92909 2.4
    endloop
  endfacet
  facet normal -0.427564 0.903985 0
    outer loop
      vertex -3.53546 6.6144 2.4
      vertex -2.87012 6.92909 0
      vertex -3.53546 6.6144 0
    endloop
  endfacet
  facet normal -0.514106 0.857727 0
    outer loop
      vertex -3.53546 6.6144 0
      vertex -4.16676 6.23601 2.4
      vertex -3.53546 6.6144 2.4
    endloop
  endfacet
  facet normal -0.514106 0.857727 0
    outer loop
      vertex -4.16676 6.23601 2.4
      vertex -3.53546 6.6144 0
      vertex -4.16676 6.23601 0
    endloop
  endfacet
  facet normal -0.595689 0.803215 0
    outer loop
      vertex -4.16676 6.23601 0
      vertex -4.75793 5.79758 2.4
      vertex -4.16676 6.23601 2.4
    endloop
  endfacet
  facet normal -0.595689 0.803215 0
    outer loop
      vertex -4.75793 5.79758 2.4
      vertex -4.16676 6.23601 0
      vertex -4.75793 5.79758 0
    endloop
  endfacet
  facet normal -0.671548 0.740961 0
    outer loop
      vertex -4.75793 5.79758 0
      vertex -5.3033 5.3033 2.4
      vertex -4.75793 5.79758 2.4
    endloop
  endfacet
  facet normal -0.671548 0.740961 0
    outer loop
      vertex -5.3033 5.3033 2.4
      vertex -4.75793 5.79758 0
      vertex -5.3033 5.3033 0
    endloop
  endfacet
  facet normal -0.740961 0.671548 0
    outer loop
      vertex -5.79758 4.75793 0
      vertex -5.3033 5.3033 2.4
      vertex -5.3033 5.3033 0
    endloop
  endfacet
  facet normal -0.740961 0.671548 0
    outer loop
      vertex -5.3033 5.3033 2.4
      vertex -5.79758 4.75793 0
      vertex -5.79758 4.75793 2.4
    endloop
  endfacet
  facet normal -0.803215 0.595689 0
    outer loop
      vertex -6.23601 4.16676 0
      vertex -5.79758 4.75793 2.4
      vertex -5.79758 4.75793 0
    endloop
  endfacet
  facet normal -0.803215 0.595689 0
    outer loop
      vertex -5.79758 4.75793 2.4
      vertex -6.23601 4.16676 0
      vertex -6.23601 4.16676 2.4
    endloop
  endfacet
  facet normal -0.857727 0.514106 0
    outer loop
      vertex -6.6144 3.53546 0
      vertex -6.23601 4.16676 2.4
      vertex -6.23601 4.16676 0
    endloop
  endfacet
  facet normal -0.857727 0.514106 0
    outer loop
      vertex -6.23601 4.16676 2.4
      vertex -6.6144 3.53546 0
      vertex -6.6144 3.53546 2.4
    endloop
  endfacet
  facet normal -0.903985 0.427564 0
    outer loop
      vertex -6.92909 2.87012 0
      vertex -6.6144 3.53546 2.4
      vertex -6.6144 3.53546 0
    endloop
  endfacet
  facet normal -0.903985 0.427564 0
    outer loop
      vertex -6.6144 3.53546 2.4
      vertex -6.92909 2.87012 0
      vertex -6.92909 2.87012 2.4
    endloop
  endfacet
  facet normal -0.941544 0.336891 0
    outer loop
      vertex -7.17705 2.17712 0
      vertex -6.92909 2.87012 2.4
      vertex -6.92909 2.87012 0
    endloop
  endfacet
  facet normal -0.941544 0.336891 0
    outer loop
      vertex -6.92909 2.87012 2.4
      vertex -7.17705 2.17712 0
      vertex -7.17705 2.17712 2.4
    endloop
  endfacet
  facet normal -0.970033 0.242974 0
    outer loop
      vertex -7.35588 1.46317 0
      vertex -7.17705 2.17712 2.4
      vertex -7.17705 2.17712 0
    endloop
  endfacet
  facet normal -0.970033 0.242974 0
    outer loop
      vertex -7.17705 2.17712 2.4
      vertex -7.35588 1.46317 0
      vertex -7.35588 1.46317 2.4
    endloop
  endfacet
  facet normal -0.989176 0.146736 0
    outer loop
      vertex -7.46388 0.735123 0
      vertex -7.35588 1.46317 2.4
      vertex -7.35588 1.46317 0
    endloop
  endfacet
  facet normal -0.989176 0.146736 0
    outer loop
      vertex -7.35588 1.46317 2.4
      vertex -7.46388 0.735123 0
      vertex -7.46388 0.735123 2.4
    endloop
  endfacet
  facet normal -0.998795 0.0490754 0
    outer loop
      vertex -7.5 0 0
      vertex -7.46388 0.735123 2.4
      vertex -7.46388 0.735123 0
    endloop
  endfacet
  facet normal -0.998795 0.0490754 0
    outer loop
      vertex -7.46388 0.735123 2.4
      vertex -7.5 0 0
      vertex -7.5 0 2.4
    endloop
  endfacet
  facet normal -0.998795 -0.0490754 0
    outer loop
      vertex -7.46388 -0.735123 0
      vertex -7.5 0 2.4
      vertex -7.5 0 0
    endloop
  endfacet
  facet normal -0.998795 -0.0490754 0
    outer loop
      vertex -7.5 0 2.4
      vertex -7.46388 -0.735123 0
      vertex -7.46388 -0.735123 2.4
    endloop
  endfacet
  facet normal -0.989176 -0.146736 0
    outer loop
      vertex -7.35588 -1.46317 0
      vertex -7.46388 -0.735123 2.4
      vertex -7.46388 -0.735123 0
    endloop
  endfacet
  facet normal -0.989176 -0.146736 0
    outer loop
      vertex -7.46388 -0.735123 2.4
      vertex -7.35588 -1.46317 0
      vertex -7.35588 -1.46317 2.4
    endloop
  endfacet
  facet normal -0.970033 -0.242974 0
    outer loop
      vertex -7.17705 -2.17712 0
      vertex -7.35588 -1.46317 2.4
      vertex -7.35588 -1.46317 0
    endloop
  endfacet
  facet normal -0.970033 -0.242974 0
    outer loop
      vertex -7.35588 -1.46317 2.4
      vertex -7.17705 -2.17712 0
      vertex -7.17705 -2.17712 2.4
    endloop
  endfacet
  facet normal -0.941544 -0.336891 0
    outer loop
      vertex -6.92909 -2.87012 0
      vertex -7.17705 -2.17712 2.4
      vertex -7.17705 -2.17712 0
    endloop
  endfacet
  facet normal -0.941544 -0.336891 0
    outer loop
      vertex -7.17705 -2.17712 2.4
      vertex -6.92909 -2.87012 0
      vertex -6.92909 -2.87012 2.4
    endloop
  endfacet
  facet normal -0.903985 -0.427564 0
    outer loop
      vertex -6.6144 -3.53546 0
      vertex -6.92909 -2.87012 2.4
      vertex -6.92909 -2.87012 0
    endloop
  endfacet
  facet normal -0.903985 -0.427564 0
    outer loop
      vertex -6.92909 -2.87012 2.4
      vertex -6.6144 -3.53546 0
      vertex -6.6144 -3.53546 2.4
    endloop
  endfacet
  facet normal -0.857727 -0.514106 0
    outer loop
      vertex -6.23601 -4.16676 0
      vertex -6.6144 -3.53546 2.4
      vertex -6.6144 -3.53546 0
    endloop
  endfacet
  facet normal -0.857727 -0.514106 0
    outer loop
      vertex -6.6144 -3.53546 2.4
      vertex -6.23601 -4.16676 0
      vertex -6.23601 -4.16676 2.4
    endloop
  endfacet
  facet normal -0.803215 -0.595689 0
    outer loop
      vertex -5.79758 -4.75793 0
      vertex -6.23601 -4.16676 2.4
      vertex -6.23601 -4.16676 0
    endloop
  endfacet
  facet normal -0.803215 -0.595689 0
    outer loop
      vertex -6.23601 -4.16676 2.4
      vertex -5.79758 -4.75793 0
      vertex -5.79758 -4.75793 2.4
    endloop
  endfacet
  facet normal -0.740961 -0.671548 0
    outer loop
      vertex -5.3033 -5.3033 0
      vertex -5.79758 -4.75793 2.4
      vertex -5.79758 -4.75793 0
    endloop
  endfacet
  facet normal -0.740961 -0.671548 0
    outer loop
      vertex -5.79758 -4.75793 2.4
      vertex -5.3033 -5.3033 0
      vertex -5.3033 -5.3033 2.4
    endloop
  endfacet
  facet normal -0.671548 -0.740961 0
    outer loop
      vertex -5.3033 -5.3033 0
      vertex -4.75793 -5.79758 2.4
      vertex -5.3033 -5.3033 2.4
    endloop
  endfacet
  facet normal -0.671548 -0.740961 -0
    outer loop
      vertex -4.75793 -5.79758 2.4
      vertex -5.3033 -5.3033 0
      vertex -4.75793 -5.79758 0
    endloop
  endfacet
  facet normal -0.595689 -0.803215 0
    outer loop
      vertex -4.75793 -5.79758 0
      vertex -4.16676 -6.23601 2.4
      vertex -4.75793 -5.79758 2.4
    endloop
  endfacet
  facet normal -0.595689 -0.803215 -0
    outer loop
      vertex -4.16676 -6.23601 2.4
      vertex -4.75793 -5.79758 0
      vertex -4.16676 -6.23601 0
    endloop
  endfacet
  facet normal -0.514106 -0.857727 0
    outer loop
      vertex -4.16676 -6.23601 0
      vertex -3.53546 -6.6144 2.4
      vertex -4.16676 -6.23601 2.4
    endloop
  endfacet
  facet normal -0.514106 -0.857727 -0
    outer loop
      vertex -3.53546 -6.6144 2.4
      vertex -4.16676 -6.23601 0
      vertex -3.53546 -6.6144 0
    endloop
  endfacet
  facet normal -0.427564 -0.903985 0
    outer loop
      vertex -3.53546 -6.6144 0
      vertex -2.87012 -6.92909 2.4
      vertex -3.53546 -6.6144 2.4
    endloop
  endfacet
  facet normal -0.427564 -0.903985 -0
    outer loop
      vertex -2.87012 -6.92909 2.4
      vertex -3.53546 -6.6144 0
      vertex -2.87012 -6.92909 0
    endloop
  endfacet
  facet normal -0.336891 -0.941544 0
    outer loop
      vertex -2.87012 -6.92909 0
      vertex -2.17712 -7.17705 2.4
      vertex -2.87012 -6.92909 2.4
    endloop
  endfacet
  facet normal -0.336891 -0.941544 -0
    outer loop
      vertex -2.17712 -7.17705 2.4
      vertex -2.87012 -6.92909 0
      vertex -2.17712 -7.17705 0
    endloop
  endfacet
  facet normal -0.243 -0.970026 0
    outer loop
      vertex -2.17712 -7.17705 0
      vertex -2 -7.22142 2.4
      vertex -2.17712 -7.17705 2.4
    endloop
  endfacet
  facet normal -0.243 -0.970026 -0
    outer loop
      vertex -2 -7.22142 2.4
      vertex -2.17712 -7.17705 0
      vertex -2 -7.22142 0
    endloop
  endfacet
  facet normal -1 0 0
    outer loop
      vertex -2 -11 0
      vertex -2 -7.22142 2.4
      vertex -2 -7.22142 0
    endloop
  endfacet
  facet normal -1 -0 0
    outer loop
      vertex -2 -7.22142 2.4
      vertex -2 -11 0
      vertex -2 -11 2.4
    endloop
  endfacet
  facet normal 0 -1 0
    outer loop
      vertex -2 -11 0
      vertex -1.75 -11 2.4
      vertex -2 -11 2.4
    endloop
  endfacet
  facet normal 0 -1 -0
    outer loop
      vertex -1.75 -11 2.4
      vertex -2 -11 0
      vertex -1.75 -11 0
    endloop
  endfacet
  facet normal -1 0 0
    outer loop
      vertex -1.75 -15.516 0
      vertex -1.75 -11 2.4
      vertex -1.75 -11 0
    endloop
  endfacet
  facet normal -1 -0 0
    outer loop
      vertex -1.75 -11 2.4
      vertex -1.75 -15.516 0
      vertex -1.75 -15.516 2.4
    endloop
  endfacet
  facet normal -0.249976 0.968252 0
    outer loop
      vertex -1.75 -15.516 0
      vertex -1.86349 -15.5453 2.4
      vertex -1.75 -15.516 2.4
    endloop
  endfacet
  facet normal -0.249976 0.968252 0
    outer loop
      vertex -1.86349 -15.5453 2.4
      vertex -1.75 -15.516 0
      vertex -1.86349 -15.5453 0
    endloop
  endfacet
  facet normal -0.267357 0.963598 0
    outer loop
      vertex -1.86349 -15.5453 0
      vertex -1.98459 -15.5789 2.4
      vertex -1.86349 -15.5453 2.4
    endloop
  endfacet
  facet normal -0.267357 0.963598 0
    outer loop
      vertex -1.98459 -15.5789 2.4
      vertex -1.86349 -15.5453 0
      vertex -1.98459 -15.5789 0
    endloop
  endfacet
  facet normal -0.284105 0.958793 0
    outer loop
      vertex -1.98459 -15.5789 0
      vertex -2.10507 -15.6146 2.4
      vertex -1.98459 -15.5789 2.4
    endloop
  endfacet
  facet normal -0.284105 0.958793 0
    outer loop
      vertex -2.10507 -15.6146 2.4
      vertex -1.98459 -15.5789 0
      vertex -2.10507 -15.6146 0
    endloop
  endfacet
  facet normal -0.300811 0.953684 0
    outer loop
      vertex -2.10507 -15.6146 0
      vertex -2.22491 -15.6524 2.4
      vertex -2.10507 -15.6146 2.4
    endloop
  endfacet
  facet normal -0.300811 0.953684 0
    outer loop
      vertex -2.22491 -15.6524 2.4
      vertex -2.10507 -15.6146 0
      vertex -2.22491 -15.6524 0
    endloop
  endfacet
  facet normal -0.317469 0.948269 0
    outer loop
      vertex -2.22491 -15.6524 0
      vertex -2.34409 -15.6923 2.4
      vertex -2.22491 -15.6524 2.4
    endloop
  endfacet
  facet normal -0.317469 0.948269 0
    outer loop
      vertex -2.34409 -15.6923 2.4
      vertex -2.22491 -15.6524 0
      vertex -2.34409 -15.6923 0
    endloop
  endfacet
  facet normal -0.333486 0.942755 0
    outer loop
      vertex -2.34409 -15.6923 0
      vertex -2.46254 -15.7342 2.4
      vertex -2.34409 -15.6923 2.4
    endloop
  endfacet
  facet normal -0.333486 0.942755 0
    outer loop
      vertex -2.46254 -15.7342 2.4
      vertex -2.34409 -15.6923 0
      vertex -2.46254 -15.7342 0
    endloop
  endfacet
  facet normal -0.350138 0.936698 0
    outer loop
      vertex -2.46254 -15.7342 0
      vertex -2.58025 -15.7782 2.4
      vertex -2.46254 -15.7342 2.4
    endloop
  endfacet
  facet normal -0.350138 0.936698 0
    outer loop
      vertex -2.58025 -15.7782 2.4
      vertex -2.46254 -15.7342 0
      vertex -2.58025 -15.7782 0
    endloop
  endfacet
  facet normal -0.366831 0.930287 0
    outer loop
      vertex -2.58025 -15.7782 0
      vertex -2.69716 -15.8243 2.4
      vertex -2.58025 -15.7782 2.4
    endloop
  endfacet
  facet normal -0.366831 0.930287 0
    outer loop
      vertex -2.69716 -15.8243 2.4
      vertex -2.58025 -15.7782 0
      vertex -2.69716 -15.8243 0
    endloop
  endfacet
  facet normal -0.38275 0.923852 0
    outer loop
      vertex -2.69716 -15.8243 0
      vertex -2.81326 -15.8724 2.4
      vertex -2.69716 -15.8243 2.4
    endloop
  endfacet
  facet normal -0.38275 0.923852 0
    outer loop
      vertex -2.81326 -15.8724 2.4
      vertex -2.69716 -15.8243 0
      vertex -2.81326 -15.8724 0
    endloop
  endfacet
  facet normal -0.398697 0.917083 0
    outer loop
      vertex -2.81326 -15.8724 0
      vertex -2.9285 -15.9225 2.4
      vertex -2.81326 -15.8724 2.4
    endloop
  endfacet
  facet normal -0.398697 0.917083 0
    outer loop
      vertex -2.9285 -15.9225 2.4
      vertex -2.81326 -15.8724 0
      vertex -2.9285 -15.9225 0
    endloop
  endfacet
  facet normal -0.414612 0.909998 0
    outer loop
      vertex -2.9285 -15.9225 0
      vertex -3.04285 -15.9746 2.4
      vertex -2.9285 -15.9225 2.4
    endloop
  endfacet
  facet normal -0.414612 0.909998 0
    outer loop
      vertex -3.04285 -15.9746 2.4
      vertex -2.9285 -15.9225 0
      vertex -3.04285 -15.9746 0
    endloop
  endfacet
  facet normal -0.43052 0.902581 0
    outer loop
      vertex -3.04285 -15.9746 0
      vertex -3.15627 -16.0287 2.4
      vertex -3.04285 -15.9746 2.4
    endloop
  endfacet
  facet normal -0.43052 0.902581 0
    outer loop
      vertex -3.15627 -16.0287 2.4
      vertex -3.04285 -15.9746 0
      vertex -3.15627 -16.0287 0
    endloop
  endfacet
  facet normal -0.446418 0.894825 0
    outer loop
      vertex -3.15627 -16.0287 0
      vertex -3.26872 -16.0848 2.4
      vertex -3.15627 -16.0287 2.4
    endloop
  endfacet
  facet normal -0.446418 0.894825 0
    outer loop
      vertex -3.26872 -16.0848 2.4
      vertex -3.15627 -16.0287 0
      vertex -3.26872 -16.0848 0
    endloop
  endfacet
  facet normal -0.461576 0.887101 0
    outer loop
      vertex -3.26872 -16.0848 0
      vertex -3.38019 -16.1428 2.4
      vertex -3.26872 -16.0848 2.4
    endloop
  endfacet
  facet normal -0.461576 0.887101 0
    outer loop
      vertex -3.38019 -16.1428 2.4
      vertex -3.26872 -16.0848 0
      vertex -3.38019 -16.1428 0
    endloop
  endfacet
  facet normal -0.476798 0.879013 0
    outer loop
      vertex -3.38019 -16.1428 0
      vertex -3.49062 -16.2027 2.4
      vertex -3.38019 -16.1428 2.4
    endloop
  endfacet
  facet normal -0.476798 0.879013 0
    outer loop
      vertex -3.49062 -16.2027 2.4
      vertex -3.38019 -16.1428 0
      vertex -3.49062 -16.2027 0
    endloop
  endfacet
  facet normal -0.492553 0.870283 0
    outer loop
      vertex -3.49062 -16.2027 0
      vertex -3.59999 -16.2646 2.4
      vertex -3.49062 -16.2027 2.4
    endloop
  endfacet
  facet normal -0.492553 0.870283 0
    outer loop
      vertex -3.59999 -16.2646 2.4
      vertex -3.49062 -16.2027 0
      vertex -3.59999 -16.2646 0
    endloop
  endfacet
  facet normal -0.507646 0.861566 0
    outer loop
      vertex -3.59999 -16.2646 0
      vertex -3.70827 -16.3284 2.4
      vertex -3.59999 -16.2646 2.4
    endloop
  endfacet
  facet normal -0.507646 0.861566 0
    outer loop
      vertex -3.70827 -16.3284 2.4
      vertex -3.59999 -16.2646 0
      vertex -3.70827 -16.3284 0
    endloop
  endfacet
  facet normal -0.522756 0.852482 0
    outer loop
      vertex -3.70827 -16.3284 0
      vertex -3.81541 -16.3941 2.4
      vertex -3.70827 -16.3284 2.4
    endloop
  endfacet
  facet normal -0.522756 0.852482 0
    outer loop
      vertex -3.81541 -16.3941 2.4
      vertex -3.70827 -16.3284 0
      vertex -3.81541 -16.3941 0
    endloop
  endfacet
  facet normal -0.537205 0.843452 0
    outer loop
      vertex -3.81541 -16.3941 0
      vertex -3.92139 -16.4616 2.4
      vertex -3.81541 -16.3941 2.4
    endloop
  endfacet
  facet normal -0.537205 0.843452 0
    outer loop
      vertex -3.92139 -16.4616 2.4
      vertex -3.81541 -16.3941 0
      vertex -3.92139 -16.4616 0
    endloop
  endfacet
  facet normal -0.55161 0.834102 0
    outer loop
      vertex -3.92139 -16.4616 0
      vertex -4.02618 -16.5309 2.4
      vertex -3.92139 -16.4616 2.4
    endloop
  endfacet
  facet normal -0.55161 0.834102 0
    outer loop
      vertex -4.02618 -16.5309 2.4
      vertex -3.92139 -16.4616 0
      vertex -4.02618 -16.5309 0
    endloop
  endfacet
  facet normal -0.566505 0.824058 0
    outer loop
      vertex -4.02618 -16.5309 0
      vertex -4.12975 -16.6021 2.4
      vertex -4.02618 -16.5309 2.4
    endloop
  endfacet
  facet normal -0.566505 0.824058 0
    outer loop
      vertex -4.12975 -16.6021 2.4
      vertex -4.02618 -16.5309 0
      vertex -4.12975 -16.6021 0
    endloop
  endfacet
  facet normal -0.580899 0.813975 0
    outer loop
      vertex -4.12975 -16.6021 0
      vertex -4.23204 -16.6751 2.4
      vertex -4.12975 -16.6021 2.4
    endloop
  endfacet
  facet normal -0.580899 0.813975 0
    outer loop
      vertex -4.23204 -16.6751 2.4
      vertex -4.12975 -16.6021 0
      vertex -4.23204 -16.6751 0
    endloop
  endfacet
  facet normal -0.594599 0.804022 0
    outer loop
      vertex -4.23204 -16.6751 0
      vertex -4.33305 -16.7498 2.4
      vertex -4.23204 -16.6751 2.4
    endloop
  endfacet
  facet normal -0.594599 0.804022 0
    outer loop
      vertex -4.33305 -16.7498 2.4
      vertex -4.23204 -16.6751 0
      vertex -4.33305 -16.7498 0
    endloop
  endfacet
  facet normal 0.559885 0.828571 -0
    outer loop
      vertex -4.33305 -16.7498 0
      vertex -4.67091 -16.5215 2.4
      vertex -4.33305 -16.7498 2.4
    endloop
  endfacet
  facet normal 0.559885 0.828571 0
    outer loop
      vertex -4.67091 -16.5215 2.4
      vertex -4.33305 -16.7498 0
      vertex -4.67091 -16.5215 0
    endloop
  endfacet
  facet normal 0.360667 0.932695 -0
    outer loop
      vertex -4.67091 -16.5215 0
      vertex -4.91891 -16.4256 2.4
      vertex -4.67091 -16.5215 2.4
    endloop
  endfacet
  facet normal 0.360667 0.932695 0
    outer loop
      vertex -4.91891 -16.4256 2.4
      vertex -4.67091 -16.5215 0
      vertex -4.91891 -16.4256 0
    endloop
  endfacet
  facet normal -0.206949 0.978352 0
    outer loop
      vertex -4.91891 -16.4256 0
      vertex -5.07019 -16.4576 2.4
      vertex -4.91891 -16.4256 2.4
    endloop
  endfacet
  facet normal -0.206949 0.978352 0
    outer loop
      vertex -5.07019 -16.4576 2.4
      vertex -4.91891 -16.4256 0
      vertex -5.07019 -16.4576 0
    endloop
  endfacet
  facet normal 0.200859 0.97962 -0
    outer loop
      vertex -5.07019 -16.4576 0
      vertex -5.2921 -16.4121 2.4
      vertex -5.07019 -16.4576 2.4
    endloop
  endfacet
  facet normal 0.200859 0.97962 0
    outer loop
      vertex -5.2921 -16.4121 2.4
      vertex -5.07019 -16.4576 0
      vertex -5.2921 -16.4121 0
    endloop
  endfacet
  facet normal 0.528422 0.848982 -0
    outer loop
      vertex -5.2921 -16.4121 0
      vertex -5.72316 -16.1438 2.4
      vertex -5.2921 -16.4121 2.4
    endloop
  endfacet
  facet normal 0.528422 0.848982 0
    outer loop
      vertex -5.72316 -16.1438 2.4
      vertex -5.2921 -16.4121 0
      vertex -5.72316 -16.1438 0
    endloop
  endfacet
  facet normal 0.590759 0.806848 -0
    outer loop
      vertex -5.72316 -16.1438 0
      vertex -6.36658 -15.6727 2.4
      vertex -5.72316 -16.1438 2.4
    endloop
  endfacet
  facet normal 0.590759 0.806848 0
    outer loop
      vertex -6.36658 -15.6727 2.4
      vertex -5.72316 -16.1438 0
      vertex -6.36658 -15.6727 0
    endloop
  endfacet
  facet normal 0.574688 0.818372 -0
    outer loop
      vertex -6.36658 -15.6727 0
      vertex -7.07005 -15.1787 2.4
      vertex -6.36658 -15.6727 2.4
    endloop
  endfacet
  facet normal 0.574688 0.818372 0
    outer loop
      vertex -7.07005 -15.1787 2.4
      vertex -6.36658 -15.6727 0
      vertex -7.07005 -15.1787 0
    endloop
  endfacet
  facet normal 0.476071 0.879407 -0
    outer loop
      vertex -7.07005 -15.1787 0
      vertex -7.61775 -14.8822 2.4
      vertex -7.07005 -15.1787 2.4
    endloop
  endfacet
  facet normal 0.476071 0.879407 0
    outer loop
      vertex -7.61775 -14.8822 2.4
      vertex -7.07005 -15.1787 0
      vertex -7.61775 -14.8822 0
    endloop
  endfacet
  facet normal -0.0344057 0.999408 0
    outer loop
      vertex -7.61775 -14.8822 0
      vertex -7.87918 -14.8912 2.4
      vertex -7.61775 -14.8822 2.4
    endloop
  endfacet
  facet normal -0.0344057 0.999408 0
    outer loop
      vertex -7.87918 -14.8912 2.4
      vertex -7.61775 -14.8822 0
      vertex -7.87918 -14.8912 0
    endloop
  endfacet
  facet normal -0.989516 0.144426 0
    outer loop
      vertex -7.91275 -15.1212 0
      vertex -7.87918 -14.8912 2.4
      vertex -7.87918 -14.8912 0
    endloop
  endfacet
  facet normal -0.989516 0.144426 0
    outer loop
      vertex -7.87918 -14.8912 2.4
      vertex -7.91275 -15.1212 0
      vertex -7.91275 -15.1212 2.4
    endloop
  endfacet
  facet normal -0.990451 0.137865 0
    outer loop
      vertex -7.94418 -15.347 0
      vertex -7.91275 -15.1212 2.4
      vertex -7.91275 -15.1212 0
    endloop
  endfacet
  facet normal -0.990451 0.137865 0
    outer loop
      vertex -7.91275 -15.1212 2.4
      vertex -7.94418 -15.347 0
      vertex -7.94418 -15.347 2.4
    endloop
  endfacet
  facet normal -0.0183087 0.999832 0
    outer loop
      vertex -7.94418 -15.347 0
      vertex -8.22269 -15.3521 2.4
      vertex -7.94418 -15.347 2.4
    endloop
  endfacet
  facet normal -0.0183087 0.999832 0
    outer loop
      vertex -8.22269 -15.3521 2.4
      vertex -7.94418 -15.347 0
      vertex -8.22269 -15.3521 0
    endloop
  endfacet
  facet normal 0.40368 0.9149 -0
    outer loop
      vertex -8.22269 -15.3521 0
      vertex -8.84663 -15.0768 2.4
      vertex -8.22269 -15.3521 2.4
    endloop
  endfacet
  facet normal 0.40368 0.9149 0
    outer loop
      vertex -8.84663 -15.0768 2.4
      vertex -8.22269 -15.3521 0
      vertex -8.84663 -15.0768 0
    endloop
  endfacet
  facet normal 0.446251 0.894908 -0
    outer loop
      vertex -8.84663 -15.0768 0
      vertex -9.68027 -14.6611 2.4
      vertex -8.84663 -15.0768 2.4
    endloop
  endfacet
  facet normal 0.446251 0.894908 0
    outer loop
      vertex -9.68027 -14.6611 2.4
      vertex -8.84663 -15.0768 0
      vertex -9.68027 -14.6611 0
    endloop
  endfacet
  facet normal 0.381451 0.924389 -0
    outer loop
      vertex -9.68027 -14.6611 0
      vertex -10.4286 -14.3523 2.4
      vertex -9.68027 -14.6611 2.4
    endloop
  endfacet
  facet normal 0.381451 0.924389 0
    outer loop
      vertex -10.4286 -14.3523 2.4
      vertex -9.68027 -14.6611 0
      vertex -10.4286 -14.3523 0
    endloop
  endfacet
  facet normal 0.0345393 0.999403 -0
    outer loop
      vertex -10.4286 -14.3523 0
      vertex -10.8308 -14.3384 2.4
      vertex -10.4286 -14.3523 2.4
    endloop
  endfacet
  facet normal 0.0345393 0.999403 0
    outer loop
      vertex -10.8308 -14.3384 2.4
      vertex -10.4286 -14.3523 0
      vertex -10.8308 -14.3384 0
    endloop
  endfacet
  facet normal -0.9987 0.0509794 0
    outer loop
      vertex -10.8452 -14.6205 0
      vertex -10.8308 -14.3384 2.4
      vertex -10.8308 -14.3384 0
    endloop
  endfacet
  facet normal -0.9987 0.0509794 0
    outer loop
      vertex -10.8308 -14.3384 2.4
      vertex -10.8452 -14.6205 0
      vertex -10.8452 -14.6205 2.4
    endloop
  endfacet
  facet normal -0.93353 -0.358499 0
    outer loop
      vertex -10.6952 -15.0111 0
      vertex -10.8452 -14.6205 2.4
      vertex -10.8452 -14.6205 0
    endloop
  endfacet
  facet normal -0.93353 -0.358499 0
    outer loop
      vertex -10.8452 -14.6205 2.4
      vertex -10.6952 -15.0111 0
      vertex -10.6952 -15.0111 2.4
    endloop
  endfacet
  facet normal -0.988582 0.150686 0
    outer loop
      vertex -10.7332 -15.2604 0
      vertex -10.6952 -15.0111 2.4
      vertex -10.6952 -15.0111 0
    endloop
  endfacet
  facet normal -0.988582 0.150686 0
    outer loop
      vertex -10.6952 -15.0111 2.4
      vertex -10.7332 -15.2604 0
      vertex -10.7332 -15.2604 2.4
    endloop
  endfacet
  facet normal 0.0783765 0.996924 -0
    outer loop
      vertex -10.7332 -15.2604 0
      vertex -11.2051 -15.2233 2.4
      vertex -10.7332 -15.2604 2.4
    endloop
  endfacet
  facet normal 0.0783765 0.996924 0
    outer loop
      vertex -11.2051 -15.2233 2.4
      vertex -10.7332 -15.2604 0
      vertex -11.2051 -15.2233 0
    endloop
  endfacet
  facet normal 0.294372 0.955691 -0
    outer loop
      vertex -11.2051 -15.2233 0
      vertex -12.0729 -14.956 2.4
      vertex -11.2051 -15.2233 2.4
    endloop
  endfacet
  facet normal 0.294372 0.955691 0
    outer loop
      vertex -12.0729 -14.956 2.4
      vertex -11.2051 -15.2233 0
      vertex -12.0729 -14.956 0
    endloop
  endfacet
  facet normal 0.283255 0.959045 -0
    outer loop
      vertex -12.0729 -14.956 0
      vertex -13.0216 -14.6758 2.4
      vertex -12.0729 -14.956 2.4
    endloop
  endfacet
  facet normal 0.283255 0.959045 0
    outer loop
      vertex -13.0216 -14.6758 2.4
      vertex -12.0729 -14.956 0
      vertex -13.0216 -14.6758 0
    endloop
  endfacet
  facet normal 0.0970321 0.995281 -0
    outer loop
      vertex -13.0216 -14.6758 0
      vertex -13.6596 -14.6136 2.4
      vertex -13.0216 -14.6758 2.4
    endloop
  endfacet
  facet normal 0.0970321 0.995281 0
    outer loop
      vertex -13.6596 -14.6136 2.4
      vertex -13.0216 -14.6758 0
      vertex -13.6596 -14.6136 0
    endloop
  endfacet
  facet normal -0.813459 -0.581622 0
    outer loop
      vertex -13.2868 -15.135 0
      vertex -13.6596 -14.6136 2.4
      vertex -13.6596 -14.6136 0
    endloop
  endfacet
  facet normal -0.813459 -0.581622 0
    outer loop
      vertex -13.6596 -14.6136 2.4
      vertex -13.2868 -15.135 0
      vertex -13.2868 -15.135 2.4
    endloop
  endfacet
  facet normal -0.688938 -0.72482 0
    outer loop
      vertex -13.2868 -15.135 0
      vertex -12.5697 -15.8166 2.4
      vertex -13.2868 -15.135 2.4
    endloop
  endfacet
  facet normal -0.688938 -0.72482 -0
    outer loop
      vertex -12.5697 -15.8166 2.4
      vertex -13.2868 -15.135 0
      vertex -12.5697 -15.8166 0
    endloop
  endfacet
  facet normal -0.680464 -0.732782 0
    outer loop
      vertex -12.5697 -15.8166 0
      vertex -11.9044 -16.4344 2.4
      vertex -12.5697 -15.8166 2.4
    endloop
  endfacet
  facet normal -0.680464 -0.732782 -0
    outer loop
      vertex -11.9044 -16.4344 2.4
      vertex -12.5697 -15.8166 0
      vertex -11.9044 -16.4344 0
    endloop
  endfacet
  facet normal -0.824202 -0.566296 0
    outer loop
      vertex -11.6363 -16.8246 0
      vertex -11.9044 -16.4344 2.4
      vertex -11.9044 -16.4344 0
    endloop
  endfacet
  facet normal -0.824202 -0.566296 0
    outer loop
      vertex -11.9044 -16.4344 2.4
      vertex -11.6363 -16.8246 0
      vertex -11.6363 -16.8246 2.4
    endloop
  endfacet
  facet normal -0.62484 0.780753 0
    outer loop
      vertex -11.6363 -16.8246 0
      vertex -11.8331 -16.9821 2.4
      vertex -11.6363 -16.8246 2.4
    endloop
  endfacet
  facet normal -0.62484 0.780753 0
    outer loop
      vertex -11.8331 -16.9821 2.4
      vertex -11.6363 -16.8246 0
      vertex -11.8331 -16.9821 0
    endloop
  endfacet
  facet normal -0.156257 0.987716 0
    outer loop
      vertex -11.8331 -16.9821 0
      vertex -12.2465 -17.0475 2.4
      vertex -11.8331 -16.9821 2.4
    endloop
  endfacet
  facet normal -0.156257 0.987716 0
    outer loop
      vertex -12.2465 -17.0475 2.4
      vertex -11.8331 -16.9821 0
      vertex -12.2465 -17.0475 0
    endloop
  endfacet
  facet normal -0.543618 0.839333 0
    outer loop
      vertex -12.2465 -17.0475 0
      vertex -12.4835 -17.201 2.4
      vertex -12.2465 -17.0475 2.4
    endloop
  endfacet
  facet normal -0.543618 0.839333 0
    outer loop
      vertex -12.4835 -17.201 2.4
      vertex -12.2465 -17.0475 0
      vertex -12.4835 -17.201 0
    endloop
  endfacet
  facet normal -0.848305 -0.529507 0
    outer loop
      vertex -12.2704 -17.5424 0
      vertex -12.4835 -17.201 2.4
      vertex -12.4835 -17.201 0
    endloop
  endfacet
  facet normal -0.848305 -0.529507 0
    outer loop
      vertex -12.4835 -17.201 2.4
      vertex -12.2704 -17.5424 0
      vertex -12.2704 -17.5424 2.4
    endloop
  endfacet
  facet normal -0.609836 -0.792528 0
    outer loop
      vertex -12.2704 -17.5424 0
      vertex -11.6288 -18.0361 2.4
      vertex -12.2704 -17.5424 2.4
    endloop
  endfacet
  facet normal -0.609836 -0.792528 -0
    outer loop
      vertex -11.6288 -18.0361 2.4
      vertex -12.2704 -17.5424 0
      vertex -11.6288 -18.0361 0
    endloop
  endfacet
  facet normal -0.551898 -0.833912 0
    outer loop
      vertex -11.6288 -18.0361 0
      vertex -10.852 -18.5502 2.4
      vertex -11.6288 -18.0361 2.4
    endloop
  endfacet
  facet normal -0.551898 -0.833912 -0
    outer loop
      vertex -10.852 -18.5502 2.4
      vertex -11.6288 -18.0361 0
      vertex -10.852 -18.5502 0
    endloop
  endfacet
  facet normal -0.59048 -0.807052 0
    outer loop
      vertex -10.852 -18.5502 0
      vertex -10.3016 -18.9529 2.4
      vertex -10.852 -18.5502 2.4
    endloop
  endfacet
  facet normal -0.59048 -0.807052 -0
    outer loop
      vertex -10.3016 -18.9529 2.4
      vertex -10.852 -18.5502 0
      vertex -10.3016 -18.9529 0
    endloop
  endfacet
  facet normal -0.874901 -0.484301 0
    outer loop
      vertex -10.1667 -19.1966 0
      vertex -10.3016 -18.9529 2.4
      vertex -10.3016 -18.9529 0
    endloop
  endfacet
  facet normal -0.874901 -0.484301 0
    outer loop
      vertex -10.3016 -18.9529 2.4
      vertex -10.1667 -19.1966 0
      vertex -10.1667 -19.1966 2.4
    endloop
  endfacet
  facet normal -0.614426 0.788974 0
    outer loop
      vertex -10.1667 -19.1966 0
      vertex -10.3466 -19.3367 2.4
      vertex -10.1667 -19.1966 2.4
    endloop
  endfacet
  facet normal -0.614426 0.788974 0
    outer loop
      vertex -10.3466 -19.3367 2.4
      vertex -10.1667 -19.1966 0
      vertex -10.3466 -19.3367 0
    endloop
  endfacet
  facet normal -0.620174 0.784464 0
    outer loop
      vertex -10.3466 -19.3367 0
      vertex -10.529 -19.4809 2.4
      vertex -10.3466 -19.3367 2.4
    endloop
  endfacet
  facet normal -0.620174 0.784464 0
    outer loop
      vertex -10.529 -19.4809 2.4
      vertex -10.3466 -19.3367 0
      vertex -10.529 -19.4809 0
    endloop
  endfacet
  facet normal -0.88266 -0.470012 0
    outer loop
      vertex -10.4061 -19.7117 0
      vertex -10.529 -19.4809 2.4
      vertex -10.529 -19.4809 0
    endloop
  endfacet
  facet normal -0.88266 -0.470012 0
    outer loop
      vertex -10.529 -19.4809 2.4
      vertex -10.4061 -19.7117 0
      vertex -10.4061 -19.7117 2.4
    endloop
  endfacet
  facet normal -0.52354 -0.852001 0
    outer loop
      vertex -10.4061 -19.7117 0
      vertex -9.87541 -20.0378 2.4
      vertex -10.4061 -19.7117 2.4
    endloop
  endfacet
  facet normal -0.52354 -0.852001 -0
    outer loop
      vertex -9.87541 -20.0378 2.4
      vertex -10.4061 -19.7117 0
      vertex -9.87541 -20.0378 0
    endloop
  endfacet
  facet normal -0.421488 -0.906834 0
    outer loop
      vertex -9.87541 -20.0378 0
      vertex -9.09592 -20.4001 2.4
      vertex -9.87541 -20.0378 2.4
    endloop
  endfacet
  facet normal -0.421488 -0.906834 -0
    outer loop
      vertex -9.09592 -20.4001 2.4
      vertex -9.87541 -20.0378 0
      vertex -9.09592 -20.4001 0
    endloop
  endfacet
  facet normal -0.403302 -0.915067 0
    outer loop
      vertex -9.09592 -20.4001 0
      vertex -8.36623 -20.7217 2.4
      vertex -9.09592 -20.4001 2.4
    endloop
  endfacet
  facet normal -0.403302 -0.915067 -0
    outer loop
      vertex -8.36623 -20.7217 2.4
      vertex -9.09592 -20.4001 0
      vertex -8.36623 -20.7217 0
    endloop
  endfacet
  facet normal -0.470893 -0.88219 0
    outer loop
      vertex -8.36623 -20.7217 0
      vertex -7.91829 -20.9608 2.4
      vertex -8.36623 -20.7217 2.4
    endloop
  endfacet
  facet normal -0.470893 -0.88219 -0
    outer loop
      vertex -7.91829 -20.9608 2.4
      vertex -8.36623 -20.7217 0
      vertex -7.91829 -20.9608 0
    endloop
  endfacet
  facet normal -0.748212 -0.663459 0
    outer loop
      vertex -7.76799 -21.1303 0
      vertex -7.91829 -20.9608 2.4
      vertex -7.91829 -20.9608 0
    endloop
  endfacet
  facet normal -0.748212 -0.663459 0
    outer loop
      vertex -7.91829 -20.9608 2.4
      vertex -7.76799 -21.1303 0
      vertex -7.76799 -21.1303 2.4
    endloop
  endfacet
  facet normal -0.950625 -0.310343 0
    outer loop
      vertex -7.72 -21.2773 0
      vertex -7.76799 -21.1303 2.4
      vertex -7.76799 -21.1303 0
    endloop
  endfacet
  facet normal -0.950625 -0.310343 0
    outer loop
      vertex -7.76799 -21.1303 2.4
      vertex -7.72 -21.2773 0
      vertex -7.72 -21.2773 2.4
    endloop
  endfacet
  facet normal -0.627444 -0.778662 0
    outer loop
      vertex -7.72 -21.2773 0
      vertex -7.513 -21.4441 2.4
      vertex -7.72 -21.2773 2.4
    endloop
  endfacet
  facet normal -0.627444 -0.778662 -0
    outer loop
      vertex -7.513 -21.4441 2.4
      vertex -7.72 -21.2773 0
      vertex -7.513 -21.4441 0
    endloop
  endfacet
  facet normal -0.437505 -0.899216 0
    outer loop
      vertex -7.513 -21.4441 0
      vertex -7.14633 -21.6225 2.4
      vertex -7.513 -21.4441 2.4
    endloop
  endfacet
  facet normal -0.437505 -0.899216 -0
    outer loop
      vertex -7.14633 -21.6225 2.4
      vertex -7.513 -21.4441 0
      vertex -7.14633 -21.6225 0
    endloop
  endfacet
  facet normal -0.993581 0.11312 0
    outer loop
      vertex -7.16055 -21.7474 0
      vertex -7.14633 -21.6225 2.4
      vertex -7.14633 -21.6225 0
    endloop
  endfacet
  facet normal -0.993581 0.11312 0
    outer loop
      vertex -7.14633 -21.6225 2.4
      vertex -7.16055 -21.7474 0
      vertex -7.16055 -21.7474 2.4
    endloop
  endfacet
  facet normal -0.995401 0.0958003 0
    outer loop
      vertex -7.17259 -21.8725 0
      vertex -7.16055 -21.7474 2.4
      vertex -7.16055 -21.7474 0
    endloop
  endfacet
  facet normal -0.995401 0.0958003 0
    outer loop
      vertex -7.16055 -21.7474 2.4
      vertex -7.17259 -21.8725 0
      vertex -7.17259 -21.8725 2.4
    endloop
  endfacet
  facet normal -0.996918 0.0784486 0
    outer loop
      vertex -7.18245 -21.9978 0
      vertex -7.17259 -21.8725 2.4
      vertex -7.17259 -21.8725 0
    endloop
  endfacet
  facet normal -0.996918 0.0784486 0
    outer loop
      vertex -7.17259 -21.8725 2.4
      vertex -7.18245 -21.9978 0
      vertex -7.18245 -21.9978 2.4
    endloop
  endfacet
  facet normal -0.998135 0.0610502 0
    outer loop
      vertex -7.19012 -22.1232 0
      vertex -7.18245 -21.9978 2.4
      vertex -7.18245 -21.9978 0
    endloop
  endfacet
  facet normal -0.998135 0.0610502 0
    outer loop
      vertex -7.18245 -21.9978 2.4
      vertex -7.19012 -22.1232 0
      vertex -7.19012 -22.1232 2.4
    endloop
  endfacet
  facet normal -0.999048 0.0436238 0
    outer loop
      vertex -7.1956 -22.2487 0
      vertex -7.19012 -22.1232 2.4
      vertex -7.19012 -22.1232 0
    endloop
  endfacet
  facet normal -0.999048 0.0436238 0
    outer loop
      vertex -7.19012 -22.1232 2.4
      vertex -7.1956 -22.2487 0
      vertex -7.1956 -22.2487 2.4
    endloop
  endfacet
  facet normal -0.999655 0.0262648 0
    outer loop
      vertex -7.1989 -22.3743 0
      vertex -7.1956 -22.2487 2.4
      vertex -7.1956 -22.2487 0
    endloop
  endfacet
  facet normal -0.999655 0.0262648 0
    outer loop
      vertex -7.1956 -22.2487 2.4
      vertex -7.1989 -22.3743 0
      vertex -7.1989 -22.3743 2.4
    endloop
  endfacet
  facet normal -0.999962 0.00875066 0
    outer loop
      vertex -7.2 -22.5 0
      vertex -7.1989 -22.3743 2.4
      vertex -7.1989 -22.3743 0
    endloop
  endfacet
  facet normal -0.999962 0.00875066 0
    outer loop
      vertex -7.1989 -22.3743 2.4
      vertex -7.2 -22.5 0
      vertex -7.2 -22.5 2.4
    endloop
  endfacet
  facet normal -0.999962 -0.00875066 0
    outer loop
      vertex -7.1989 -22.6257 0
      vertex -7.2 -22.5 2.4
      vertex -7.2 -22.5 0
    endloop
  endfacet
  facet normal -0.999962 -0.00875066 0
    outer loop
      vertex -7.2 -22.5 2.4
      vertex -7.1989 -22.6257 0
      vertex -7.1989 -22.6257 2.4
    endloop
  endfacet
  facet normal -0.999655 -0.0262648 0
    outer loop
      vertex -7.1956 -22.7513 0
      vertex -7.1989 -22.6257 2.4
      vertex -7.1989 -22.6257 0
    endloop
  endfacet
  facet normal -0.999655 -0.0262648 0
    outer loop
      vertex -7.1989 -22.6257 2.4
      vertex -7.1956 -22.7513 0
      vertex -7.1956 -22.7513 2.4
    endloop
  endfacet
  facet normal -0.999048 -0.0436238 0
    outer loop
      vertex -7.19012 -22.8768 0
      vertex -7.1956 -22.7513 2.4
      vertex -7.1956 -22.7513 0
    endloop
  endfacet
  facet normal -0.999048 -0.0436238 0
    outer loop
      vertex -7.1956 -22.7513 2.4
      vertex -7.19012 -22.8768 0
      vertex -7.19012 -22.8768 2.4
    endloop
  endfacet
  facet normal -0.998135 -0.0610502 0
    outer loop
      vertex -7.18245 -23.0022 0
      vertex -7.19012 -22.8768 2.4
      vertex -7.19012 -22.8768 0
    endloop
  endfacet
  facet normal -0.998135 -0.0610502 0
    outer loop
      vertex -7.19012 -22.8768 2.4
      vertex -7.18245 -23.0022 0
      vertex -7.18245 -23.0022 2.4
    endloop
  endfacet
  facet normal -0.996918 -0.0784486 0
    outer loop
      vertex -7.17259 -23.1275 0
      vertex -7.18245 -23.0022 2.4
      vertex -7.18245 -23.0022 0
    endloop
  endfacet
  facet normal -0.996918 -0.0784486 0
    outer loop
      vertex -7.18245 -23.0022 2.4
      vertex -7.17259 -23.1275 0
      vertex -7.17259 -23.1275 2.4
    endloop
  endfacet
  facet normal -0.838034 0.545618 0
    outer loop
      vertex -7.26094 -23.2632 0
      vertex -7.17259 -23.1275 2.4
      vertex -7.17259 -23.1275 0
    endloop
  endfacet
  facet normal -0.838034 0.545618 0
    outer loop
      vertex -7.17259 -23.1275 2.4
      vertex -7.26094 -23.2632 0
      vertex -7.26094 -23.2632 2.4
    endloop
  endfacet
  facet normal -0.238861 0.971054 0
    outer loop
      vertex -7.26094 -23.2632 0
      vertex -8.30289 -23.5195 2.4
      vertex -7.26094 -23.2632 2.4
    endloop
  endfacet
  facet normal -0.238861 0.971054 0
    outer loop
      vertex -8.30289 -23.5195 2.4
      vertex -7.26094 -23.2632 0
      vertex -8.30289 -23.5195 0
    endloop
  endfacet
  facet normal -0.263669 0.964613 0
    outer loop
      vertex -8.30289 -23.5195 0
      vertex -9.41249 -23.8228 2.4
      vertex -8.30289 -23.5195 2.4
    endloop
  endfacet
  facet normal -0.263669 0.964613 0
    outer loop
      vertex -9.41249 -23.8228 2.4
      vertex -8.30289 -23.5195 0
      vertex -9.41249 -23.8228 0
    endloop
  endfacet
  facet normal -0.313428 0.949612 0
    outer loop
      vertex -9.41249 -23.8228 0
      vertex -10.3908 -24.1457 2.4
      vertex -9.41249 -23.8228 2.4
    endloop
  endfacet
  facet normal -0.313428 0.949612 0
    outer loop
      vertex -10.3908 -24.1457 2.4
      vertex -9.41249 -23.8228 0
      vertex -10.3908 -24.1457 0
    endloop
  endfacet
  facet normal -0.416116 0.909311 0
    outer loop
      vertex -10.3908 -24.1457 0
      vertex -11.0538 -24.4491 2.4
      vertex -10.3908 -24.1457 2.4
    endloop
  endfacet
  facet normal -0.416116 0.909311 0
    outer loop
      vertex -11.0538 -24.4491 2.4
      vertex -10.3908 -24.1457 0
      vertex -11.0538 -24.4491 0
    endloop
  endfacet
  facet normal -0.65296 0.757393 0
    outer loop
      vertex -11.0538 -24.4491 0
      vertex -11.3526 -24.7067 2.4
      vertex -11.0538 -24.4491 2.4
    endloop
  endfacet
  facet normal -0.65296 0.757393 0
    outer loop
      vertex -11.3526 -24.7067 2.4
      vertex -11.0538 -24.4491 0
      vertex -11.3526 -24.7067 0
    endloop
  endfacet
  facet normal -0.956395 0.292075 0
    outer loop
      vertex -11.42 -24.9274 0
      vertex -11.3526 -24.7067 2.4
      vertex -11.3526 -24.7067 0
    endloop
  endfacet
  facet normal -0.956395 0.292075 0
    outer loop
      vertex -11.3526 -24.7067 2.4
      vertex -11.42 -24.9274 0
      vertex -11.42 -24.9274 2.4
    endloop
  endfacet
  facet normal -0.926414 0.376506 0
    outer loop
      vertex -11.5138 -25.1582 0
      vertex -11.42 -24.9274 2.4
      vertex -11.42 -24.9274 0
    endloop
  endfacet
  facet normal -0.926414 0.376506 0
    outer loop
      vertex -11.42 -24.9274 2.4
      vertex -11.5138 -25.1582 0
      vertex -11.5138 -25.1582 2.4
    endloop
  endfacet
  facet normal -0.637726 0.770263 0
    outer loop
      vertex -11.5138 -25.1582 0
      vertex -11.8811 -25.4623 2.4
      vertex -11.5138 -25.1582 2.4
    endloop
  endfacet
  facet normal -0.637726 0.770263 0
    outer loop
      vertex -11.8811 -25.4623 2.4
      vertex -11.5138 -25.1582 0
      vertex -11.8811 -25.4623 0
    endloop
  endfacet
  facet normal -0.493902 0.869518 0
    outer loop
      vertex -11.8811 -25.4623 0
      vertex -12.6184 -25.8811 2.4
      vertex -11.8811 -25.4623 2.4
    endloop
  endfacet
  facet normal -0.493902 0.869518 0
    outer loop
      vertex -12.6184 -25.8811 2.4
      vertex -11.8811 -25.4623 0
      vertex -12.6184 -25.8811 0
    endloop
  endfacet
  facet normal -0.465938 0.884817 0
    outer loop
      vertex -12.6184 -25.8811 0
      vertex -13.6074 -26.4019 2.4
      vertex -12.6184 -25.8811 2.4
    endloop
  endfacet
  facet normal -0.465938 0.884817 0
    outer loop
      vertex -13.6074 -26.4019 2.4
      vertex -12.6184 -25.8811 0
      vertex -13.6074 -26.4019 0
    endloop
  endfacet
  facet normal -0.498286 0.867013 0
    outer loop
      vertex -13.6074 -26.4019 0
      vertex -14.5677 -26.9538 2.4
      vertex -13.6074 -26.4019 2.4
    endloop
  endfacet
  facet normal -0.498286 0.867013 0
    outer loop
      vertex -14.5677 -26.9538 2.4
      vertex -13.6074 -26.4019 0
      vertex -14.5677 -26.9538 0
    endloop
  endfacet
  facet normal -0.607371 0.794418 0
    outer loop
      vertex -14.5677 -26.9538 0
      vertex -15.2035 -27.4399 2.4
      vertex -14.5677 -26.9538 2.4
    endloop
  endfacet
  facet normal -0.607371 0.794418 0
    outer loop
      vertex -15.2035 -27.4399 2.4
      vertex -14.5677 -26.9538 0
      vertex -15.2035 -27.4399 0
    endloop
  endfacet
  facet normal -0.906414 0.422391 0
    outer loop
      vertex -15.3673 -27.7914 0
      vertex -15.2035 -27.4399 2.4
      vertex -15.2035 -27.4399 0
    endloop
  endfacet
  facet normal -0.906414 0.422391 0
    outer loop
      vertex -15.2035 -27.4399 2.4
      vertex -15.3673 -27.7914 0
      vertex -15.3673 -27.7914 2.4
    endloop
  endfacet
  facet normal -0.713654 -0.700498 0
    outer loop
      vertex -15.149 -28.0138 0
      vertex -15.3673 -27.7914 2.4
      vertex -15.3673 -27.7914 0
    endloop
  endfacet
  facet normal -0.713654 -0.700498 0
    outer loop
      vertex -15.3673 -27.7914 2.4
      vertex -15.149 -28.0138 0
      vertex -15.149 -28.0138 2.4
    endloop
  endfacet
  facet normal -0.50736 -0.861734 0
    outer loop
      vertex -15.149 -28.0138 0
      vertex -14.8392 -28.1962 2.4
      vertex -15.149 -28.0138 2.4
    endloop
  endfacet
  facet normal -0.50736 -0.861734 -0
    outer loop
      vertex -14.8392 -28.1962 2.4
      vertex -15.149 -28.0138 0
      vertex -14.8392 -28.1962 0
    endloop
  endfacet
  facet normal -0.977578 -0.210572 0
    outer loop
      vertex -14.7799 -28.4715 0
      vertex -14.8392 -28.1962 2.4
      vertex -14.8392 -28.1962 0
    endloop
  endfacet
  facet normal -0.977578 -0.210572 0
    outer loop
      vertex -14.8392 -28.1962 2.4
      vertex -14.7799 -28.4715 0
      vertex -14.7799 -28.4715 2.4
    endloop
  endfacet
  facet normal -0.762278 0.64725 0
    outer loop
      vertex -15.1811 -28.944 0
      vertex -14.7799 -28.4715 2.4
      vertex -14.7799 -28.4715 0
    endloop
  endfacet
  facet normal -0.762278 0.64725 0
    outer loop
      vertex -14.7799 -28.4715 2.4
      vertex -15.1811 -28.944 0
      vertex -15.1811 -28.944 2.4
    endloop
  endfacet
  facet normal -0.638208 0.769864 0
    outer loop
      vertex -15.1811 -28.944 0
      vertex -16.0021 -29.6246 2.4
      vertex -15.1811 -28.944 2.4
    endloop
  endfacet
  facet normal -0.638208 0.769864 0
    outer loop
      vertex -16.0021 -29.6246 2.4
      vertex -15.1811 -28.944 0
      vertex -16.0021 -29.6246 0
    endloop
  endfacet
  facet normal -0.632593 0.774484 0
    outer loop
      vertex -16.0021 -29.6246 0
      vertex -16.9644 -30.4106 2.4
      vertex -16.0021 -29.6246 2.4
    endloop
  endfacet
  facet normal -0.632593 0.774484 0
    outer loop
      vertex -16.9644 -30.4106 2.4
      vertex -16.0021 -29.6246 0
      vertex -16.9644 -30.4106 0
    endloop
  endfacet
  facet normal -0.701774 0.7124 0
    outer loop
      vertex -16.9644 -30.4106 0
      vertex -17.6952 -31.1305 2.4
      vertex -16.9644 -30.4106 2.4
    endloop
  endfacet
  facet normal -0.701774 0.7124 0
    outer loop
      vertex -17.6952 -31.1305 2.4
      vertex -16.9644 -30.4106 0
      vertex -17.6952 -31.1305 0
    endloop
  endfacet
  facet normal -0.909795 0.415058 0
    outer loop
      vertex -17.9244 -31.6329 0
      vertex -17.6952 -31.1305 2.4
      vertex -17.6952 -31.1305 0
    endloop
  endfacet
  facet normal -0.909795 0.415058 0
    outer loop
      vertex -17.6952 -31.1305 2.4
      vertex -17.9244 -31.6329 0
      vertex -17.9244 -31.6329 2.4
    endloop
  endfacet
  facet normal -0.640677 -0.76781 0
    outer loop
      vertex -17.9244 -31.6329 0
      vertex -17.6333 -31.8758 2.4
      vertex -17.9244 -31.6329 2.4
    endloop
  endfacet
  facet normal -0.640677 -0.76781 -0
    outer loop
      vertex -17.6333 -31.8758 2.4
      vertex -17.9244 -31.6329 0
      vertex -17.6333 -31.8758 0
    endloop
  endfacet
  facet normal -0.152136 -0.98836 0
    outer loop
      vertex -17.6333 -31.8758 0
      vertex -17.0707 -31.9624 2.4
      vertex -17.6333 -31.8758 2.4
    endloop
  endfacet
  facet normal -0.152136 -0.98836 -0
    outer loop
      vertex -17.0707 -31.9624 2.4
      vertex -17.6333 -31.8758 0
      vertex -17.0707 -31.9624 0
    endloop
  endfacet
  facet normal -0.294207 -0.955742 0
    outer loop
      vertex -17.0707 -31.9624 0
      vertex -16.6263 -32.0992 2.4
      vertex -17.0707 -31.9624 2.4
    endloop
  endfacet
  facet normal -0.294207 -0.955742 -0
    outer loop
      vertex -16.6263 -32.0992 2.4
      vertex -17.0707 -31.9624 0
      vertex -16.6263 -32.0992 0
    endloop
  endfacet
  facet normal -0.999996 -0.00281906 0
    outer loop
      vertex -16.6252 -32.4894 0
      vertex -16.6263 -32.0992 2.4
      vertex -16.6263 -32.0992 0
    endloop
  endfacet
  facet normal -0.999996 -0.00281906 0
    outer loop
      vertex -16.6263 -32.0992 2.4
      vertex -16.6252 -32.4894 0
      vertex -16.6252 -32.4894 2.4
    endloop
  endfacet
  facet normal -0.809762 0.586758 0
    outer loop
      vertex -17.1538 -33.2189 0
      vertex -16.6252 -32.4894 2.4
      vertex -16.6252 -32.4894 0
    endloop
  endfacet
  facet normal -0.809762 0.586758 0
    outer loop
      vertex -16.6252 -32.4894 2.4
      vertex -17.1538 -33.2189 0
      vertex -17.1538 -33.2189 2.4
    endloop
  endfacet
  facet normal -0.752085 0.659066 0
    outer loop
      vertex -18.0097 -34.1956 0
      vertex -17.1538 -33.2189 2.4
      vertex -17.1538 -33.2189 0
    endloop
  endfacet
  facet normal -0.752085 0.659066 0
    outer loop
      vertex -17.1538 -33.2189 2.4
      vertex -18.0097 -34.1956 0
      vertex -18.0097 -34.1956 2.4
    endloop
  endfacet
  facet normal -0.779067 0.626941 0
    outer loop
      vertex -18.8055 -35.1845 0
      vertex -18.0097 -34.1956 2.4
      vertex -18.0097 -34.1956 0
    endloop
  endfacet
  facet normal -0.779067 0.626941 0
    outer loop
      vertex -18.0097 -34.1956 2.4
      vertex -18.8055 -35.1845 0
      vertex -18.8055 -35.1845 2.4
    endloop
  endfacet
  facet normal -0.896044 0.443965 0
    outer loop
      vertex -19.1721 -35.9244 0
      vertex -18.8055 -35.1845 2.4
      vertex -18.8055 -35.1845 0
    endloop
  endfacet
  facet normal -0.896044 0.443965 0
    outer loop
      vertex -18.8055 -35.1845 2.4
      vertex -19.1721 -35.9244 0
      vertex -19.1721 -35.9244 2.4
    endloop
  endfacet
  facet normal 0.110671 -0.993857 0
    outer loop
      vertex -19.1721 -35.9244 0
      vertex -18.3513 -35.833 2.4
      vertex -19.1721 -35.9244 2.4
    endloop
  endfacet
  facet normal 0.110671 -0.993857 0
    outer loop
      vertex -18.3513 -35.833 2.4
      vertex -19.1721 -35.9244 0
      vertex -18.3513 -35.833 0
    endloop
  endfacet
  facet normal 0.32272 -0.946494 0
    outer loop
      vertex -18.3513 -35.833 0
      vertex -17.15 -35.4234 2.4
      vertex -18.3513 -35.833 2.4
    endloop
  endfacet
  facet normal 0.32272 -0.946494 0
    outer loop
      vertex -17.15 -35.4234 2.4
      vertex -18.3513 -35.833 0
      vertex -17.15 -35.4234 0
    endloop
  endfacet
  facet normal 0.362052 -0.932158 0
    outer loop
      vertex -17.15 -35.4234 0
      vertex -15.9394 -34.9532 2.4
      vertex -17.15 -35.4234 2.4
    endloop
  endfacet
  facet normal 0.362052 -0.932158 0
    outer loop
      vertex -15.9394 -34.9532 2.4
      vertex -17.15 -35.4234 0
      vertex -15.9394 -34.9532 0
    endloop
  endfacet
  facet normal 0.274428 -0.961608 0
    outer loop
      vertex -15.9394 -34.9532 0
      vertex -15.0732 -34.706 2.4
      vertex -15.9394 -34.9532 2.4
    endloop
  endfacet
  facet normal 0.274428 -0.961608 0
    outer loop
      vertex -15.0732 -34.706 2.4
      vertex -15.9394 -34.9532 0
      vertex -15.0732 -34.706 0
    endloop
  endfacet
  facet normal -0.344601 -0.938749 0
    outer loop
      vertex -15.0732 -34.706 0
      vertex -14.7068 -34.8405 2.4
      vertex -15.0732 -34.706 2.4
    endloop
  endfacet
  facet normal -0.344601 -0.938749 -0
    outer loop
      vertex -14.7068 -34.8405 2.4
      vertex -15.0732 -34.706 0
      vertex -14.7068 -34.8405 0
    endloop
  endfacet
  facet normal -0.998722 0.0505383 0
    outer loop
      vertex -14.7303 -35.3049 0
      vertex -14.7068 -34.8405 2.4
      vertex -14.7068 -34.8405 0
    endloop
  endfacet
  facet normal -0.998722 0.0505383 0
    outer loop
      vertex -14.7068 -34.8405 2.4
      vertex -14.7303 -35.3049 0
      vertex -14.7303 -35.3049 2.4
    endloop
  endfacet
  facet normal -0.980796 0.195035 0
    outer loop
      vertex -14.8413 -35.8631 0
      vertex -14.7303 -35.3049 2.4
      vertex -14.7303 -35.3049 0
    endloop
  endfacet
  facet normal -0.980796 0.195035 0
    outer loop
      vertex -14.7303 -35.3049 2.4
      vertex -14.8413 -35.8631 0
      vertex -14.8413 -35.8631 2.4
    endloop
  endfacet
  facet normal -0.940645 -0.339392 0
    outer loop
      vertex -14.7126 -36.2198 0
      vertex -14.8413 -35.8631 2.4
      vertex -14.8413 -35.8631 0
    endloop
  endfacet
  facet normal -0.940645 -0.339392 0
    outer loop
      vertex -14.8413 -35.8631 2.4
      vertex -14.7126 -36.2198 0
      vertex -14.7126 -36.2198 2.4
    endloop
  endfacet
  facet normal 0.0789677 -0.996877 0
    outer loop
      vertex -14.7126 -36.2198 0
      vertex -14.1622 -36.1762 2.4
      vertex -14.7126 -36.2198 2.4
    endloop
  endfacet
  facet normal 0.0789677 -0.996877 0
    outer loop
      vertex -14.1622 -36.1762 2.4
      vertex -14.7126 -36.2198 0
      vertex -14.1622 -36.1762 0
    endloop
  endfacet
  facet normal 0.429343 -0.903141 0
    outer loop
      vertex -14.1622 -36.1762 0
      vertex -13.2358 -35.7358 2.4
      vertex -14.1622 -36.1762 2.4
    endloop
  endfacet
  facet normal 0.429343 -0.903141 0
    outer loop
      vertex -13.2358 -35.7358 2.4
      vertex -14.1622 -36.1762 0
      vertex -13.2358 -35.7358 0
    endloop
  endfacet
  facet normal 0.511392 -0.859348 0
    outer loop
      vertex -13.2358 -35.7358 0
      vertex -12.1679 -35.1003 2.4
      vertex -13.2358 -35.7358 2.4
    endloop
  endfacet
  facet normal 0.511392 -0.859348 0
    outer loop
      vertex -12.1679 -35.1003 2.4
      vertex -13.2358 -35.7358 0
      vertex -12.1679 -35.1003 0
    endloop
  endfacet
  facet normal 0.505171 -0.863019 0
    outer loop
      vertex -12.1679 -35.1003 0
      vertex -11.2476 -34.5616 2.4
      vertex -12.1679 -35.1003 2.4
    endloop
  endfacet
  facet normal 0.505171 -0.863019 0
    outer loop
      vertex -11.2476 -34.5616 2.4
      vertex -12.1679 -35.1003 0
      vertex -11.2476 -34.5616 0
    endloop
  endfacet
  facet normal 0.347514 -0.937675 0
    outer loop
      vertex -11.2476 -34.5616 0
      vertex -10.6664 -34.3462 2.4
      vertex -11.2476 -34.5616 2.4
    endloop
  endfacet
  facet normal 0.347514 -0.937675 0
    outer loop
      vertex -10.6664 -34.3462 2.4
      vertex -11.2476 -34.5616 0
      vertex -10.6664 -34.3462 0
    endloop
  endfacet
  facet normal -0.532041 -0.846719 0
    outer loop
      vertex -10.6664 -34.3462 0
      vertex -10.428 -34.496 2.4
      vertex -10.6664 -34.3462 2.4
    endloop
  endfacet
  facet normal -0.532041 -0.846719 -0
    outer loop
      vertex -10.428 -34.496 2.4
      vertex -10.6664 -34.3462 0
      vertex -10.428 -34.496 0
    endloop
  endfacet
  facet normal -0.983273 -0.182139 0
    outer loop
      vertex -10.3625 -34.8496 0
      vertex -10.428 -34.496 2.4
      vertex -10.428 -34.496 0
    endloop
  endfacet
  facet normal -0.983273 -0.182139 0
    outer loop
      vertex -10.428 -34.496 2.4
      vertex -10.3625 -34.8496 0
      vertex -10.3625 -34.8496 2.4
    endloop
  endfacet
  facet normal -0.902368 -0.430967 0
    outer loop
      vertex -10.2282 -35.1308 0
      vertex -10.3625 -34.8496 2.4
      vertex -10.3625 -34.8496 0
    endloop
  endfacet
  facet normal -0.902368 -0.430967 0
    outer loop
      vertex -10.3625 -34.8496 2.4
      vertex -10.2282 -35.1308 0
      vertex -10.2282 -35.1308 2.4
    endloop
  endfacet
  facet normal 0.0869123 -0.996216 0
    outer loop
      vertex -10.2282 -35.1308 0
      vertex -9.84192 -35.0971 2.4
      vertex -10.2282 -35.1308 2.4
    endloop
  endfacet
  facet normal 0.0869123 -0.996216 0
    outer loop
      vertex -9.84192 -35.0971 2.4
      vertex -10.2282 -35.1308 0
      vertex -9.84192 -35.0971 0
    endloop
  endfacet
  facet normal 0.53883 -0.842414 0
    outer loop
      vertex -9.84192 -35.0971 0
      vertex -9.16762 -34.6658 2.4
      vertex -9.84192 -35.0971 2.4
    endloop
  endfacet
  facet normal 0.53883 -0.842414 0
    outer loop
      vertex -9.16762 -34.6658 2.4
      vertex -9.84192 -35.0971 0
      vertex -9.16762 -34.6658 0
    endloop
  endfacet
  facet normal 0.644225 -0.764836 0
    outer loop
      vertex -9.16762 -34.6658 0
      vertex -8.32054 -33.9523 2.4
      vertex -9.16762 -34.6658 2.4
    endloop
  endfacet
  facet normal 0.644225 -0.764836 0
    outer loop
      vertex -8.32054 -33.9523 2.4
      vertex -9.16762 -34.6658 0
      vertex -8.32054 -33.9523 0
    endloop
  endfacet
  facet normal 0.672156 -0.740409 0
    outer loop
      vertex -8.32054 -33.9523 0
      vertex -7.49295 -33.201 2.4
      vertex -8.32054 -33.9523 2.4
    endloop
  endfacet
  facet normal 0.672156 -0.740409 0
    outer loop
      vertex -7.49295 -33.201 2.4
      vertex -8.32054 -33.9523 0
      vertex -7.49295 -33.201 0
    endloop
  endfacet
  facet normal 0.648154 -0.76151 0
    outer loop
      vertex -7.49295 -33.201 0
      vertex -6.84723 -32.6514 2.4
      vertex -7.49295 -33.201 2.4
    endloop
  endfacet
  facet normal 0.648154 -0.76151 0
    outer loop
      vertex -6.84723 -32.6514 2.4
      vertex -7.49295 -33.201 0
      vertex -6.84723 -32.6514 0
    endloop
  endfacet
  facet normal 0.505608 -0.862763 0
    outer loop
      vertex -6.84723 -32.6514 0
      vertex -6.43582 -32.4103 2.4
      vertex -6.84723 -32.6514 2.4
    endloop
  endfacet
  facet normal 0.505608 -0.862763 0
    outer loop
      vertex -6.43582 -32.4103 2.4
      vertex -6.84723 -32.6514 0
      vertex -6.43582 -32.4103 0
    endloop
  endfacet
  facet normal 0.0369285 -0.999318 0
    outer loop
      vertex -6.43582 -32.4103 0
      vertex -6.18686 -32.4011 2.4
      vertex -6.43582 -32.4103 2.4
    endloop
  endfacet
  facet normal 0.0369285 -0.999318 0
    outer loop
      vertex -6.18686 -32.4011 2.4
      vertex -6.43582 -32.4103 0
      vertex -6.18686 -32.4011 0
    endloop
  endfacet
  facet normal -0.0524405 -0.998624 0
    outer loop
      vertex -6.18686 -32.4011 0
      vertex -5.95644 -32.4132 2.4
      vertex -6.18686 -32.4011 2.4
    endloop
  endfacet
  facet normal -0.0524405 -0.998624 -0
    outer loop
      vertex -5.95644 -32.4132 2.4
      vertex -6.18686 -32.4011 0
      vertex -5.95644 -32.4132 0
    endloop
  endfacet
  facet normal 0.488234 -0.872713 0
    outer loop
      vertex -5.95644 -32.4132 0
      vertex -5.61217 -32.2206 2.4
      vertex -5.95644 -32.4132 2.4
    endloop
  endfacet
  facet normal 0.488234 -0.872713 0
    outer loop
      vertex -5.61217 -32.2206 2.4
      vertex -5.95644 -32.4132 0
      vertex -5.61217 -32.2206 0
    endloop
  endfacet
  facet normal 0.712271 -0.701904 0
    outer loop
      vertex -5.61217 -32.2206 2.4
      vertex -5.10033 -31.7012 0
      vertex -5.10033 -31.7012 2.4
    endloop
  endfacet
  facet normal 0.712271 -0.701904 0
    outer loop
      vertex -5.10033 -31.7012 0
      vertex -5.61217 -32.2206 2.4
      vertex -5.61217 -32.2206 0
    endloop
  endfacet
  facet normal -0.994258 0.107008 0
    outer loop
      vertex -5.15311 -32.1916 0
      vertex -5.10033 -31.7012 2.4
      vertex -5.10033 -31.7012 0
    endloop
  endfacet
  facet normal -0.994258 0.107008 0
    outer loop
      vertex -5.10033 -31.7012 2.4
      vertex -5.15311 -32.1916 0
      vertex -5.15311 -32.1916 2.4
    endloop
  endfacet
  facet normal -0.966384 0.257104 0
    outer loop
      vertex -5.38803 -33.0746 0
      vertex -5.15311 -32.1916 2.4
      vertex -5.15311 -32.1916 0
    endloop
  endfacet
  facet normal -0.966384 0.257104 0
    outer loop
      vertex -5.15311 -32.1916 2.4
      vertex -5.38803 -33.0746 0
      vertex -5.38803 -33.0746 2.4
    endloop
  endfacet
  facet normal -0.99599 0.0894688 0
    outer loop
      vertex -5.44005 -33.6537 0
      vertex -5.38803 -33.0746 2.4
      vertex -5.38803 -33.0746 0
    endloop
  endfacet
  facet normal -0.99599 0.0894688 0
    outer loop
      vertex -5.38803 -33.0746 2.4
      vertex -5.44005 -33.6537 0
      vertex -5.44005 -33.6537 2.4
    endloop
  endfacet
  facet normal -0.946306 -0.323273 0
    outer loop
      vertex -5.339 -33.9495 0
      vertex -5.44005 -33.6537 2.4
      vertex -5.44005 -33.6537 0
    endloop
  endfacet
  facet normal -0.946306 -0.323273 0
    outer loop
      vertex -5.44005 -33.6537 2.4
      vertex -5.339 -33.9495 0
      vertex -5.339 -33.9495 2.4
    endloop
  endfacet
  facet normal -0.724738 -0.689025 0
    outer loop
      vertex -5.17462 -34.1224 0
      vertex -5.339 -33.9495 2.4
      vertex -5.339 -33.9495 0
    endloop
  endfacet
  facet normal -0.724738 -0.689025 0
    outer loop
      vertex -5.339 -33.9495 2.4
      vertex -5.17462 -34.1224 0
      vertex -5.17462 -34.1224 2.4
    endloop
  endfacet
  facet normal -0.91918 -0.393837 0
    outer loop
      vertex -5.05345 -34.4052 0
      vertex -5.17462 -34.1224 2.4
      vertex -5.17462 -34.1224 0
    endloop
  endfacet
  facet normal -0.91918 -0.393837 0
    outer loop
      vertex -5.17462 -34.1224 2.4
      vertex -5.05345 -34.4052 0
      vertex -5.05345 -34.4052 2.4
    endloop
  endfacet
  facet normal -0.999929 -0.0119438 0
    outer loop
      vertex -5.04646 -34.9904 0
      vertex -5.05345 -34.4052 2.4
      vertex -5.05345 -34.4052 0
    endloop
  endfacet
  facet normal -0.999929 -0.0119438 0
    outer loop
      vertex -5.05345 -34.4052 2.4
      vertex -5.04646 -34.9904 0
      vertex -5.04646 -34.9904 2.4
    endloop
  endfacet
  facet normal -0.993417 0.114553 0
    outer loop
      vertex -5.1546 -35.9282 0
      vertex -5.04646 -34.9904 2.4
      vertex -5.04646 -34.9904 0
    endloop
  endfacet
  facet normal -0.993417 0.114553 0
    outer loop
      vertex -5.04646 -34.9904 2.4
      vertex -5.1546 -35.9282 0
      vertex -5.1546 -35.9282 2.4
    endloop
  endfacet
  facet normal -0.991187 0.132472 0
    outer loop
      vertex -5.30962 -37.0881 0
      vertex -5.1546 -35.9282 2.4
      vertex -5.1546 -35.9282 0
    endloop
  endfacet
  facet normal -0.991187 0.132472 0
    outer loop
      vertex -5.1546 -35.9282 2.4
      vertex -5.30962 -37.0881 0
      vertex -5.30962 -37.0881 2.4
    endloop
  endfacet
  facet normal -0.996068 0.0885897 0
    outer loop
      vertex -5.40941 -38.2101 0
      vertex -5.30962 -37.0881 2.4
      vertex -5.30962 -37.0881 0
    endloop
  endfacet
  facet normal -0.996068 0.0885897 0
    outer loop
      vertex -5.30962 -37.0881 2.4
      vertex -5.40941 -38.2101 0
      vertex -5.40941 -38.2101 2.4
    endloop
  endfacet
  facet normal -0.998803 -0.0489052 0
    outer loop
      vertex -5.36948 -39.0256 0
      vertex -5.40941 -38.2101 2.4
      vertex -5.40941 -38.2101 0
    endloop
  endfacet
  facet normal -0.998803 -0.0489052 0
    outer loop
      vertex -5.40941 -38.2101 2.4
      vertex -5.36948 -39.0256 0
      vertex -5.36948 -39.0256 2.4
    endloop
  endfacet
  facet normal -0.872272 -0.489021 0
    outer loop
      vertex -5.16429 -39.3916 0
      vertex -5.36948 -39.0256 2.4
      vertex -5.36948 -39.0256 0
    endloop
  endfacet
  facet normal -0.872272 -0.489021 0
    outer loop
      vertex -5.36948 -39.0256 2.4
      vertex -5.16429 -39.3916 0
      vertex -5.16429 -39.3916 2.4
    endloop
  endfacet
  facet normal 0.0614532 -0.99811 0
    outer loop
      vertex -5.16429 -39.3916 0
      vertex -4.83783 -39.3715 2.4
      vertex -5.16429 -39.3916 2.4
    endloop
  endfacet
  facet normal 0.0614532 -0.99811 0
    outer loop
      vertex -4.83783 -39.3715 2.4
      vertex -5.16429 -39.3916 0
      vertex -4.83783 -39.3715 0
    endloop
  endfacet
  facet normal 0.394021 -0.919101 0
    outer loop
      vertex -4.83783 -39.3715 0
      vertex -4.47954 -39.2179 2.4
      vertex -4.83783 -39.3715 2.4
    endloop
  endfacet
  facet normal 0.394021 -0.919101 0
    outer loop
      vertex -4.47954 -39.2179 2.4
      vertex -4.83783 -39.3715 0
      vertex -4.47954 -39.2179 0
    endloop
  endfacet
  facet normal -0.138946 -0.9903 0
    outer loop
      vertex -4.47954 -39.2179 0
      vertex -4.17877 -39.2601 2.4
      vertex -4.47954 -39.2179 2.4
    endloop
  endfacet
  facet normal -0.138946 -0.9903 -0
    outer loop
      vertex -4.17877 -39.2601 2.4
      vertex -4.47954 -39.2179 0
      vertex -4.17877 -39.2601 0
    endloop
  endfacet
  facet normal -0.927045 -0.374949 0
    outer loop
      vertex -3.9818 -39.7471 0
      vertex -4.17877 -39.2601 2.4
      vertex -4.17877 -39.2601 0
    endloop
  endfacet
  facet normal -0.927045 -0.374949 0
    outer loop
      vertex -4.17877 -39.2601 2.4
      vertex -3.9818 -39.7471 0
      vertex -3.9818 -39.7471 2.4
    endloop
  endfacet
  facet normal -0.993762 -0.111517 0
    outer loop
      vertex -3.87268 -40.7195 0
      vertex -3.9818 -39.7471 2.4
      vertex -3.9818 -39.7471 0
    endloop
  endfacet
  facet normal -0.993762 -0.111517 0
    outer loop
      vertex -3.9818 -39.7471 2.4
      vertex -3.87268 -40.7195 0
      vertex -3.87268 -40.7195 2.4
    endloop
  endfacet
  facet normal -0.997654 -0.0684619 0
    outer loop
      vertex -3.78627 -41.9787 0
      vertex -3.87268 -40.7195 2.4
      vertex -3.87268 -40.7195 0
    endloop
  endfacet
  facet normal -0.997654 -0.0684619 0
    outer loop
      vertex -3.87268 -40.7195 2.4
      vertex -3.78627 -41.9787 0
      vertex -3.78627 -41.9787 2.4
    endloop
  endfacet
  facet normal -0.993019 -0.117952 0
    outer loop
      vertex -3.64473 -43.1703 0
      vertex -3.78627 -41.9787 2.4
      vertex -3.78627 -41.9787 0
    endloop
  endfacet
  facet normal -0.993019 -0.117952 0
    outer loop
      vertex -3.78627 -41.9787 2.4
      vertex -3.64473 -43.1703 0
      vertex -3.64473 -43.1703 2.4
    endloop
  endfacet
  facet normal -0.95312 -0.302592 0
    outer loop
      vertex -3.39729 -43.9497 0
      vertex -3.64473 -43.1703 2.4
      vertex -3.64473 -43.1703 0
    endloop
  endfacet
  facet normal -0.95312 -0.302592 0
    outer loop
      vertex -3.64473 -43.1703 2.4
      vertex -3.39729 -43.9497 0
      vertex -3.39729 -43.9497 2.4
    endloop
  endfacet
  facet normal -0.491035 -0.87114 0
    outer loop
      vertex -3.39729 -43.9497 0
      vertex -3.04265 -44.1496 2.4
      vertex -3.39729 -43.9497 2.4
    endloop
  endfacet
  facet normal -0.491035 -0.87114 -0
    outer loop
      vertex -3.04265 -44.1496 2.4
      vertex -3.39729 -43.9497 0
      vertex -3.04265 -44.1496 0
    endloop
  endfacet
  facet normal 0.554526 -0.832166 0
    outer loop
      vertex -3.04265 -44.1496 0
      vertex -2.62396 -43.8706 2.4
      vertex -3.04265 -44.1496 2.4
    endloop
  endfacet
  facet normal 0.554526 -0.832166 0
    outer loop
      vertex -2.62396 -43.8706 2.4
      vertex -3.04265 -44.1496 0
      vertex -2.62396 -43.8706 0
    endloop
  endfacet
  facet normal 0.710816 -0.703378 0
    outer loop
      vertex -2.62396 -43.8706 2.4
      vertex -2.20123 -43.4434 0
      vertex -2.20123 -43.4434 2.4
    endloop
  endfacet
  facet normal 0.710816 -0.703378 0
    outer loop
      vertex -2.20123 -43.4434 0
      vertex -2.62396 -43.8706 2.4
      vertex -2.62396 -43.8706 0
    endloop
  endfacet
  facet normal 0.393192 -0.919456 0
    outer loop
      vertex -2.20123 -43.4434 0
      vertex -1.81796 -43.2795 2.4
      vertex -2.20123 -43.4434 2.4
    endloop
  endfacet
  facet normal 0.393192 -0.919456 0
    outer loop
      vertex -1.81796 -43.2795 2.4
      vertex -2.20123 -43.4434 0
      vertex -1.81796 -43.2795 0
    endloop
  endfacet
  facet normal -0.760555 -0.649273 0
    outer loop
      vertex -1.48067 -43.6746 0
      vertex -1.81796 -43.2795 2.4
      vertex -1.81796 -43.2795 0
    endloop
  endfacet
  facet normal -0.760555 -0.649273 0
    outer loop
      vertex -1.81796 -43.2795 2.4
      vertex -1.48067 -43.6746 0
      vertex -1.48067 -43.6746 2.4
    endloop
  endfacet
  facet normal -0.95148 -0.30771 0
    outer loop
      vertex -1.16144 -44.6617 0
      vertex -1.48067 -43.6746 2.4
      vertex -1.48067 -43.6746 0
    endloop
  endfacet
  facet normal -0.95148 -0.30771 0
    outer loop
      vertex -1.48067 -43.6746 2.4
      vertex -1.16144 -44.6617 0
      vertex -1.16144 -44.6617 2.4
    endloop
  endfacet
  facet normal -0.968317 -0.249725 0
    outer loop
      vertex -0.820114 -45.9852 0
      vertex -1.16144 -44.6617 2.4
      vertex -1.16144 -44.6617 0
    endloop
  endfacet
  facet normal -0.968317 -0.249725 0
    outer loop
      vertex -1.16144 -44.6617 2.4
      vertex -0.820114 -45.9852 0
      vertex -0.820114 -45.9852 2.4
    endloop
  endfacet
  facet normal -0.953383 -0.301763 0
    outer loop
      vertex -0.431366 -47.2134 0
      vertex -0.820114 -45.9852 2.4
      vertex -0.820114 -45.9852 0
    endloop
  endfacet
  facet normal -0.953383 -0.301763 0
    outer loop
      vertex -0.820114 -45.9852 2.4
      vertex -0.431366 -47.2134 0
      vertex -0.431366 -47.2134 2.4
    endloop
  endfacet
  facet normal -0.859882 -0.510493 0
    outer loop
      vertex 0 -47.94 0
      vertex -0.431366 -47.2134 2.4
      vertex -0.431366 -47.2134 0
    endloop
  endfacet
  facet normal -0.859882 -0.510493 0
    outer loop
      vertex -0.431366 -47.2134 2.4
      vertex 0 -47.94 0
      vertex 0 -47.94 2.4
    endloop
  endfacet
  facet normal 0.859882 -0.510493 0
    outer loop
      vertex 0 -47.94 2.4
      vertex 0.431366 -47.2134 0
      vertex 0.431366 -47.2134 2.4
    endloop
  endfacet
  facet normal 0.859882 -0.510493 0
    outer loop
      vertex 0.431366 -47.2134 0
      vertex 0 -47.94 2.4
      vertex 0 -47.94 0
    endloop
  endfacet
  facet normal 0.146714 0.989179 -0
    outer loop
      vertex -0.441071 -4.47832 0
      vertex -0.877899 -4.41353 2.4
      vertex -0.441071 -4.47832 2.4
    endloop
  endfacet
  facet normal 0.146714 0.989179 0
    outer loop
      vertex -0.877899 -4.41353 2.4
      vertex -0.441071 -4.47832 0
      vertex -0.877899 -4.41353 0
    endloop
  endfacet
  facet normal 0.242977 0.970032 -0
    outer loop
      vertex -0.877899 -4.41353 0
      vertex -1.30627 -4.30623 2.4
      vertex -0.877899 -4.41353 2.4
    endloop
  endfacet
  facet normal 0.242977 0.970032 0
    outer loop
      vertex -1.30627 -4.30623 2.4
      vertex -0.877899 -4.41353 0
      vertex -1.30627 -4.30623 0
    endloop
  endfacet
  facet normal 0.336886 0.941546 -0
    outer loop
      vertex -1.30627 -4.30623 0
      vertex -1.72206 -4.15746 2.4
      vertex -1.30627 -4.30623 2.4
    endloop
  endfacet
  facet normal 0.336886 0.941546 0
    outer loop
      vertex -1.72206 -4.15746 2.4
      vertex -1.30627 -4.30623 0
      vertex -1.72206 -4.15746 0
    endloop
  endfacet
  facet normal 0.427561 0.903987 -0
    outer loop
      vertex -1.72206 -4.15746 0
      vertex -2.12128 -3.96864 2.4
      vertex -1.72206 -4.15746 2.4
    endloop
  endfacet
  facet normal 0.427561 0.903987 0
    outer loop
      vertex -2.12128 -3.96864 2.4
      vertex -1.72206 -4.15746 0
      vertex -2.12128 -3.96864 0
    endloop
  endfacet
  facet normal 0.514099 0.857731 -0
    outer loop
      vertex -2.12128 -3.96864 0
      vertex -2.50006 -3.74161 2.4
      vertex -2.12128 -3.96864 2.4
    endloop
  endfacet
  facet normal 0.514099 0.857731 0
    outer loop
      vertex -2.50006 -3.74161 2.4
      vertex -2.12128 -3.96864 0
      vertex -2.50006 -3.74161 0
    endloop
  endfacet
  facet normal 0.595683 0.803219 -0
    outer loop
      vertex -2.50006 -3.74161 0
      vertex -2.85477 -3.47855 2.4
      vertex -2.50006 -3.74161 2.4
    endloop
  endfacet
  facet normal 0.595683 0.803219 0
    outer loop
      vertex -2.85477 -3.47855 2.4
      vertex -2.50006 -3.74161 0
      vertex -2.85477 -3.47855 0
    endloop
  endfacet
  facet normal 0.671564 0.740946 -0
    outer loop
      vertex -2.85477 -3.47855 0
      vertex -3.18198 -3.18198 2.4
      vertex -2.85477 -3.47855 2.4
    endloop
  endfacet
  facet normal 0.671564 0.740946 0
    outer loop
      vertex -3.18198 -3.18198 2.4
      vertex -2.85477 -3.47855 0
      vertex -3.18198 -3.18198 0
    endloop
  endfacet
  facet normal 0.740946 0.671564 0
    outer loop
      vertex -3.18198 -3.18198 2.4
      vertex -3.47855 -2.85477 0
      vertex -3.47855 -2.85477 2.4
    endloop
  endfacet
  facet normal 0.740946 0.671564 0
    outer loop
      vertex -3.47855 -2.85477 0
      vertex -3.18198 -3.18198 2.4
      vertex -3.18198 -3.18198 0
    endloop
  endfacet
  facet normal 0.803219 0.595683 0
    outer loop
      vertex -3.47855 -2.85477 2.4
      vertex -3.74161 -2.50006 0
      vertex -3.74161 -2.50006 2.4
    endloop
  endfacet
  facet normal 0.803219 0.595683 0
    outer loop
      vertex -3.74161 -2.50006 0
      vertex -3.47855 -2.85477 2.4
      vertex -3.47855 -2.85477 0
    endloop
  endfacet
  facet normal 0.857731 0.514099 0
    outer loop
      vertex -3.74161 -2.50006 2.4
      vertex -3.96864 -2.12128 0
      vertex -3.96864 -2.12128 2.4
    endloop
  endfacet
  facet normal 0.857731 0.514099 0
    outer loop
      vertex -3.96864 -2.12128 0
      vertex -3.74161 -2.50006 2.4
      vertex -3.74161 -2.50006 0
    endloop
  endfacet
  facet normal 0.903987 0.427561 0
    outer loop
      vertex -3.96864 -2.12128 2.4
      vertex -4.15746 -1.72206 0
      vertex -4.15746 -1.72206 2.4
    endloop
  endfacet
  facet normal 0.903987 0.427561 0
    outer loop
      vertex -4.15746 -1.72206 0
      vertex -3.96864 -2.12128 2.4
      vertex -3.96864 -2.12128 0
    endloop
  endfacet
  facet normal 0.941546 0.336886 0
    outer loop
      vertex -4.15746 -1.72206 2.4
      vertex -4.30623 -1.30627 0
      vertex -4.30623 -1.30627 2.4
    endloop
  endfacet
  facet normal 0.941546 0.336886 0
    outer loop
      vertex -4.30623 -1.30627 0
      vertex -4.15746 -1.72206 2.4
      vertex -4.15746 -1.72206 0
    endloop
  endfacet
  facet normal 0.970032 0.242977 0
    outer loop
      vertex -4.30623 -1.30627 2.4
      vertex -4.41353 -0.877899 0
      vertex -4.41353 -0.877899 2.4
    endloop
  endfacet
  facet normal 0.970032 0.242977 0
    outer loop
      vertex -4.41353 -0.877899 0
      vertex -4.30623 -1.30627 2.4
      vertex -4.30623 -1.30627 0
    endloop
  endfacet
  facet normal 0.989179 0.146714 0
    outer loop
      vertex -4.41353 -0.877899 2.4
      vertex -4.47832 -0.441071 0
      vertex -4.47832 -0.441071 2.4
    endloop
  endfacet
  facet normal 0.989179 0.146714 0
    outer loop
      vertex -4.47832 -0.441071 0
      vertex -4.41353 -0.877899 2.4
      vertex -4.41353 -0.877899 0
    endloop
  endfacet
  facet normal 0.998794 0.0490938 0
    outer loop
      vertex -4.47832 -0.441071 2.4
      vertex -4.5 0 0
      vertex -4.5 0 2.4
    endloop
  endfacet
  facet normal 0.998794 0.0490938 0
    outer loop
      vertex -4.5 0 0
      vertex -4.47832 -0.441071 2.4
      vertex -4.47832 -0.441071 0
    endloop
  endfacet
  facet normal 0.998794 -0.0490938 0
    outer loop
      vertex -4.5 0 2.4
      vertex -4.47832 0.441071 0
      vertex -4.47832 0.441071 2.4
    endloop
  endfacet
  facet normal 0.998794 -0.0490938 0
    outer loop
      vertex -4.47832 0.441071 0
      vertex -4.5 0 2.4
      vertex -4.5 0 0
    endloop
  endfacet
  facet normal 0.989179 -0.146714 0
    outer loop
      vertex -4.47832 0.441071 2.4
      vertex -4.41353 0.877899 0
      vertex -4.41353 0.877899 2.4
    endloop
  endfacet
  facet normal 0.989179 -0.146714 0
    outer loop
      vertex -4.41353 0.877899 0
      vertex -4.47832 0.441071 2.4
      vertex -4.47832 0.441071 0
    endloop
  endfacet
  facet normal 0.970032 -0.242977 0
    outer loop
      vertex -4.41353 0.877899 2.4
      vertex -4.30623 1.30627 0
      vertex -4.30623 1.30627 2.4
    endloop
  endfacet
  facet normal 0.970032 -0.242977 0
    outer loop
      vertex -4.30623 1.30627 0
      vertex -4.41353 0.877899 2.4
      vertex -4.41353 0.877899 0
    endloop
  endfacet
  facet normal 0.941546 -0.336886 0
    outer loop
      vertex -4.30623 1.30627 2.4
      vertex -4.15746 1.72206 0
      vertex -4.15746 1.72206 2.4
    endloop
  endfacet
  facet normal 0.941546 -0.336886 0
    outer loop
      vertex -4.15746 1.72206 0
      vertex -4.30623 1.30627 2.4
      vertex -4.30623 1.30627 0
    endloop
  endfacet
  facet normal 0.903987 -0.427561 0
    outer loop
      vertex -4.15746 1.72206 2.4
      vertex -3.96864 2.12128 0
      vertex -3.96864 2.12128 2.4
    endloop
  endfacet
  facet normal 0.903987 -0.427561 0
    outer loop
      vertex -3.96864 2.12128 0
      vertex -4.15746 1.72206 2.4
      vertex -4.15746 1.72206 0
    endloop
  endfacet
  facet normal 0.857731 -0.514099 0
    outer loop
      vertex -3.96864 2.12128 2.4
      vertex -3.74161 2.50006 0
      vertex -3.74161 2.50006 2.4
    endloop
  endfacet
  facet normal 0.857731 -0.514099 0
    outer loop
      vertex -3.74161 2.50006 0
      vertex -3.96864 2.12128 2.4
      vertex -3.96864 2.12128 0
    endloop
  endfacet
  facet normal 0.803219 -0.595683 0
    outer loop
      vertex -3.74161 2.50006 2.4
      vertex -3.47855 2.85477 0
      vertex -3.47855 2.85477 2.4
    endloop
  endfacet
  facet normal 0.803219 -0.595683 0
    outer loop
      vertex -3.47855 2.85477 0
      vertex -3.74161 2.50006 2.4
      vertex -3.74161 2.50006 0
    endloop
  endfacet
  facet normal 0.740946 -0.671564 0
    outer loop
      vertex -3.47855 2.85477 2.4
      vertex -3.18198 3.18198 0
      vertex -3.18198 3.18198 2.4
    endloop
  endfacet
  facet normal 0.740946 -0.671564 0
    outer loop
      vertex -3.18198 3.18198 0
      vertex -3.47855 2.85477 2.4
      vertex -3.47855 2.85477 0
    endloop
  endfacet
  facet normal 0.671564 -0.740946 0
    outer loop
      vertex -3.18198 3.18198 0
      vertex -2.85477 3.47855 2.4
      vertex -3.18198 3.18198 2.4
    endloop
  endfacet
  facet normal 0.671564 -0.740946 0
    outer loop
      vertex -2.85477 3.47855 2.4
      vertex -3.18198 3.18198 0
      vertex -2.85477 3.47855 0
    endloop
  endfacet
  facet normal 0.595683 -0.803219 0
    outer loop
      vertex -2.85477 3.47855 0
      vertex -2.50006 3.74161 2.4
      vertex -2.85477 3.47855 2.4
    endloop
  endfacet
  facet normal 0.595683 -0.803219 0
    outer loop
      vertex -2.50006 3.74161 2.4
      vertex -2.85477 3.47855 0
      vertex -2.50006 3.74161 0
    endloop
  endfacet
  facet normal 0.514099 -0.857731 0
    outer loop
      vertex -2.50006 3.74161 0
      vertex -2.12128 3.96864 2.4
      vertex -2.50006 3.74161 2.4
    endloop
  endfacet
  facet normal 0.514099 -0.857731 0
    outer loop
      vertex -2.12128 3.96864 2.4
      vertex -2.50006 3.74161 0
      vertex -2.12128 3.96864 0
    endloop
  endfacet
  facet normal 0.427561 -0.903987 0
    outer loop
      vertex -2.12128 3.96864 0
      vertex -1.72206 4.15746 2.4
      vertex -2.12128 3.96864 2.4
    endloop
  endfacet
  facet normal 0.427561 -0.903987 0
    outer loop
      vertex -1.72206 4.15746 2.4
      vertex -2.12128 3.96864 0
      vertex -1.72206 4.15746 0
    endloop
  endfacet
  facet normal 0.336886 -0.941546 0
    outer loop
      vertex -1.72206 4.15746 0
      vertex -1.30627 4.30623 2.4
      vertex -1.72206 4.15746 2.4
    endloop
  endfacet
  facet normal 0.336886 -0.941546 0
    outer loop
      vertex -1.30627 4.30623 2.4
      vertex -1.72206 4.15746 0
      vertex -1.30627 4.30623 0
    endloop
  endfacet
  facet normal 0.242977 -0.970032 0
    outer loop
      vertex -1.30627 4.30623 0
      vertex -0.877899 4.41353 2.4
      vertex -1.30627 4.30623 2.4
    endloop
  endfacet
  facet normal 0.242977 -0.970032 0
    outer loop
      vertex -0.877899 4.41353 2.4
      vertex -1.30627 4.30623 0
      vertex -0.877899 4.41353 0
    endloop
  endfacet
  facet normal 0.146714 -0.989179 0
    outer loop
      vertex -0.877899 4.41353 0
      vertex -0.441071 4.47832 2.4
      vertex -0.877899 4.41353 2.4
    endloop
  endfacet
  facet normal 0.146714 -0.989179 0
    outer loop
      vertex -0.441071 4.47832 2.4
      vertex -0.877899 4.41353 0
      vertex -0.441071 4.47832 0
    endloop
  endfacet
  facet normal 0.0490938 -0.998794 0
    outer loop
      vertex -0.441071 4.47832 0
      vertex 0 4.5 2.4
      vertex -0.441071 4.47832 2.4
    endloop
  endfacet
  facet normal 0.0490938 -0.998794 0
    outer loop
      vertex 0 4.5 2.4
      vertex -0.441071 4.47832 0
      vertex 0 4.5 0
    endloop
  endfacet
  facet normal -0.0490938 -0.998794 0
    outer loop
      vertex 0 4.5 0
      vertex 0.441071 4.47832 2.4
      vertex 0 4.5 2.4
    endloop
  endfacet
  facet normal -0.0490938 -0.998794 -0
    outer loop
      vertex 0.441071 4.47832 2.4
      vertex 0 4.5 0
      vertex 0.441071 4.47832 0
    endloop
  endfacet
  facet normal -0.146714 -0.989179 0
    outer loop
      vertex 0.441071 4.47832 0
      vertex 0.877899 4.41353 2.4
      vertex 0.441071 4.47832 2.4
    endloop
  endfacet
  facet normal -0.146714 -0.989179 -0
    outer loop
      vertex 0.877899 4.41353 2.4
      vertex 0.441071 4.47832 0
      vertex 0.877899 4.41353 0
    endloop
  endfacet
  facet normal -0.242977 -0.970032 0
    outer loop
      vertex 0.877899 4.41353 0
      vertex 1.30627 4.30623 2.4
      vertex 0.877899 4.41353 2.4
    endloop
  endfacet
  facet normal -0.242977 -0.970032 -0
    outer loop
      vertex 1.30627 4.30623 2.4
      vertex 0.877899 4.41353 0
      vertex 1.30627 4.30623 0
    endloop
  endfacet
  facet normal -0.336886 -0.941546 0
    outer loop
      vertex 1.30627 4.30623 0
      vertex 1.72206 4.15746 2.4
      vertex 1.30627 4.30623 2.4
    endloop
  endfacet
  facet normal -0.336886 -0.941546 -0
    outer loop
      vertex 1.72206 4.15746 2.4
      vertex 1.30627 4.30623 0
      vertex 1.72206 4.15746 0
    endloop
  endfacet
  facet normal -0.427561 -0.903987 0
    outer loop
      vertex 1.72206 4.15746 0
      vertex 2.12128 3.96864 2.4
      vertex 1.72206 4.15746 2.4
    endloop
  endfacet
  facet normal -0.427561 -0.903987 -0
    outer loop
      vertex 2.12128 3.96864 2.4
      vertex 1.72206 4.15746 0
      vertex 2.12128 3.96864 0
    endloop
  endfacet
  facet normal -0.514099 -0.857731 0
    outer loop
      vertex 2.12128 3.96864 0
      vertex 2.50006 3.74161 2.4
      vertex 2.12128 3.96864 2.4
    endloop
  endfacet
  facet normal -0.514099 -0.857731 -0
    outer loop
      vertex 2.50006 3.74161 2.4
      vertex 2.12128 3.96864 0
      vertex 2.50006 3.74161 0
    endloop
  endfacet
  facet normal -0.595683 -0.803219 0
    outer loop
      vertex 2.50006 3.74161 0
      vertex 2.85477 3.47855 2.4
      vertex 2.50006 3.74161 2.4
    endloop
  endfacet
  facet normal -0.595683 -0.803219 -0
    outer loop
      vertex 2.85477 3.47855 2.4
      vertex 2.50006 3.74161 0
      vertex 2.85477 3.47855 0
    endloop
  endfacet
  facet normal -0.671564 -0.740946 0
    outer loop
      vertex 2.85477 3.47855 0
      vertex 3.18198 3.18198 2.4
      vertex 2.85477 3.47855 2.4
    endloop
  endfacet
  facet normal -0.671564 -0.740946 -0
    outer loop
      vertex 3.18198 3.18198 2.4
      vertex 2.85477 3.47855 0
      vertex 3.18198 3.18198 0
    endloop
  endfacet
  facet normal -0.740946 -0.671564 0
    outer loop
      vertex 3.47855 2.85477 0
      vertex 3.18198 3.18198 2.4
      vertex 3.18198 3.18198 0
    endloop
  endfacet
  facet normal -0.740946 -0.671564 0
    outer loop
      vertex 3.18198 3.18198 2.4
      vertex 3.47855 2.85477 0
      vertex 3.47855 2.85477 2.4
    endloop
  endfacet
  facet normal -0.803219 -0.595683 0
    outer loop
      vertex 3.74161 2.50006 0
      vertex 3.47855 2.85477 2.4
      vertex 3.47855 2.85477 0
    endloop
  endfacet
  facet normal -0.803219 -0.595683 0
    outer loop
      vertex 3.47855 2.85477 2.4
      vertex 3.74161 2.50006 0
      vertex 3.74161 2.50006 2.4
    endloop
  endfacet
  facet normal -0.857731 -0.514099 0
    outer loop
      vertex 3.96864 2.12128 0
      vertex 3.74161 2.50006 2.4
      vertex 3.74161 2.50006 0
    endloop
  endfacet
  facet normal -0.857731 -0.514099 0
    outer loop
      vertex 3.74161 2.50006 2.4
      vertex 3.96864 2.12128 0
      vertex 3.96864 2.12128 2.4
    endloop
  endfacet
  facet normal -0.903987 -0.427561 0
    outer loop
      vertex 4.15746 1.72206 0
      vertex 3.96864 2.12128 2.4
      vertex 3.96864 2.12128 0
    endloop
  endfacet
  facet normal -0.903987 -0.427561 0
    outer loop
      vertex 3.96864 2.12128 2.4
      vertex 4.15746 1.72206 0
      vertex 4.15746 1.72206 2.4
    endloop
  endfacet
  facet normal -0.941546 -0.336886 0
    outer loop
      vertex 4.30623 1.30627 0
      vertex 4.15746 1.72206 2.4
      vertex 4.15746 1.72206 0
    endloop
  endfacet
  facet normal -0.941546 -0.336886 0
    outer loop
      vertex 4.15746 1.72206 2.4
      vertex 4.30623 1.30627 0
      vertex 4.30623 1.30627 2.4
    endloop
  endfacet
  facet normal -0.970032 -0.242977 0
    outer loop
      vertex 4.41353 0.877899 0
      vertex 4.30623 1.30627 2.4
      vertex 4.30623 1.30627 0
    endloop
  endfacet
  facet normal -0.970032 -0.242977 0
    outer loop
      vertex 4.30623 1.30627 2.4
      vertex 4.41353 0.877899 0
      vertex 4.41353 0.877899 2.4
    endloop
  endfacet
  facet normal -0.989179 -0.146714 0
    outer loop
      vertex 4.47832 0.441071 0
      vertex 4.41353 0.877899 2.4
      vertex 4.41353 0.877899 0
    endloop
  endfacet
  facet normal -0.989179 -0.146714 0
    outer loop
      vertex 4.41353 0.877899 2.4
      vertex 4.47832 0.441071 0
      vertex 4.47832 0.441071 2.4
    endloop
  endfacet
  facet normal -0.998794 -0.0490938 0
    outer loop
      vertex 4.5 0 0
      vertex 4.47832 0.441071 2.4
      vertex 4.47832 0.441071 0
    endloop
  endfacet
  facet normal -0.998794 -0.0490938 0
    outer loop
      vertex 4.47832 0.441071 2.4
      vertex 4.5 0 0
      vertex 4.5 0 2.4
    endloop
  endfacet
  facet normal -0.998794 0.0490938 0
    outer loop
      vertex 4.47832 -0.441071 0
      vertex 4.5 0 2.4
      vertex 4.5 0 0
    endloop
  endfacet
  facet normal -0.998794 0.0490938 0
    outer loop
      vertex 4.5 0 2.4
      vertex 4.47832 -0.441071 0
      vertex 4.47832 -0.441071 2.4
    endloop
  endfacet
  facet normal -0.989179 0.146714 0
    outer loop
      vertex 4.41353 -0.877899 0
      vertex 4.47832 -0.441071 2.4
      vertex 4.47832 -0.441071 0
    endloop
  endfacet
  facet normal -0.989179 0.146714 0
    outer loop
      vertex 4.47832 -0.441071 2.4
      vertex 4.41353 -0.877899 0
      vertex 4.41353 -0.877899 2.4
    endloop
  endfacet
  facet normal -0.970032 0.242977 0
    outer loop
      vertex 4.30623 -1.30627 0
      vertex 4.41353 -0.877899 2.4
      vertex 4.41353 -0.877899 0
    endloop
  endfacet
  facet normal -0.970032 0.242977 0
    outer loop
      vertex 4.41353 -0.877899 2.4
      vertex 4.30623 -1.30627 0
      vertex 4.30623 -1.30627 2.4
    endloop
  endfacet
  facet normal -0.941546 0.336886 0
    outer loop
      vertex 4.15746 -1.72206 0
      vertex 4.30623 -1.30627 2.4
      vertex 4.30623 -1.30627 0
    endloop
  endfacet
  facet normal -0.941546 0.336886 0
    outer loop
      vertex 4.30623 -1.30627 2.4
      vertex 4.15746 -1.72206 0
      vertex 4.15746 -1.72206 2.4
    endloop
  endfacet
  facet normal -0.903987 0.427561 0
    outer loop
      vertex 3.96864 -2.12128 0
      vertex 4.15746 -1.72206 2.4
      vertex 4.15746 -1.72206 0
    endloop
  endfacet
  facet normal -0.903987 0.427561 0
    outer loop
      vertex 4.15746 -1.72206 2.4
      vertex 3.96864 -2.12128 0
      vertex 3.96864 -2.12128 2.4
    endloop
  endfacet
  facet normal -0.857731 0.514099 0
    outer loop
      vertex 3.74161 -2.50006 0
      vertex 3.96864 -2.12128 2.4
      vertex 3.96864 -2.12128 0
    endloop
  endfacet
  facet normal -0.857731 0.514099 0
    outer loop
      vertex 3.96864 -2.12128 2.4
      vertex 3.74161 -2.50006 0
      vertex 3.74161 -2.50006 2.4
    endloop
  endfacet
  facet normal -0.803219 0.595683 0
    outer loop
      vertex 3.47855 -2.85477 0
      vertex 3.74161 -2.50006 2.4
      vertex 3.74161 -2.50006 0
    endloop
  endfacet
  facet normal -0.803219 0.595683 0
    outer loop
      vertex 3.74161 -2.50006 2.4
      vertex 3.47855 -2.85477 0
      vertex 3.47855 -2.85477 2.4
    endloop
  endfacet
  facet normal -0.740946 0.671564 0
    outer loop
      vertex 3.18198 -3.18198 0
      vertex 3.47855 -2.85477 2.4
      vertex 3.47855 -2.85477 0
    endloop
  endfacet
  facet normal -0.740946 0.671564 0
    outer loop
      vertex 3.47855 -2.85477 2.4
      vertex 3.18198 -3.18198 0
      vertex 3.18198 -3.18198 2.4
    endloop
  endfacet
  facet normal -0.671564 0.740946 0
    outer loop
      vertex 3.18198 -3.18198 0
      vertex 2.85477 -3.47855 2.4
      vertex 3.18198 -3.18198 2.4
    endloop
  endfacet
  facet normal -0.671564 0.740946 0
    outer loop
      vertex 2.85477 -3.47855 2.4
      vertex 3.18198 -3.18198 0
      vertex 2.85477 -3.47855 0
    endloop
  endfacet
  facet normal -0.595683 0.803219 0
    outer loop
      vertex 2.85477 -3.47855 0
      vertex 2.50006 -3.74161 2.4
      vertex 2.85477 -3.47855 2.4
    endloop
  endfacet
  facet normal -0.595683 0.803219 0
    outer loop
      vertex 2.50006 -3.74161 2.4
      vertex 2.85477 -3.47855 0
      vertex 2.50006 -3.74161 0
    endloop
  endfacet
  facet normal -0.514099 0.857731 0
    outer loop
      vertex 2.50006 -3.74161 0
      vertex 2.12128 -3.96864 2.4
      vertex 2.50006 -3.74161 2.4
    endloop
  endfacet
  facet normal -0.514099 0.857731 0
    outer loop
      vertex 2.12128 -3.96864 2.4
      vertex 2.50006 -3.74161 0
      vertex 2.12128 -3.96864 0
    endloop
  endfacet
  facet normal -0.427561 0.903987 0
    outer loop
      vertex 2.12128 -3.96864 0
      vertex 1.72206 -4.15746 2.4
      vertex 2.12128 -3.96864 2.4
    endloop
  endfacet
  facet normal -0.427561 0.903987 0
    outer loop
      vertex 1.72206 -4.15746 2.4
      vertex 2.12128 -3.96864 0
      vertex 1.72206 -4.15746 0
    endloop
  endfacet
  facet normal -0.336886 0.941546 0
    outer loop
      vertex 1.72206 -4.15746 0
      vertex 1.30627 -4.30623 2.4
      vertex 1.72206 -4.15746 2.4
    endloop
  endfacet
  facet normal -0.336886 0.941546 0
    outer loop
      vertex 1.30627 -4.30623 2.4
      vertex 1.72206 -4.15746 0
      vertex 1.30627 -4.30623 0
    endloop
  endfacet
  facet normal -0.242977 0.970032 0
    outer loop
      vertex 1.30627 -4.30623 0
      vertex 0.877899 -4.41353 2.4
      vertex 1.30627 -4.30623 2.4
    endloop
  endfacet
  facet normal -0.242977 0.970032 0
    outer loop
      vertex 0.877899 -4.41353 2.4
      vertex 1.30627 -4.30623 0
      vertex 0.877899 -4.41353 0
    endloop
  endfacet
  facet normal -0.146714 0.989179 0
    outer loop
      vertex 0.877899 -4.41353 0
      vertex 0.441071 -4.47832 2.4
      vertex 0.877899 -4.41353 2.4
    endloop
  endfacet
  facet normal -0.146714 0.989179 0
    outer loop
      vertex 0.441071 -4.47832 2.4
      vertex 0.877899 -4.41353 0
      vertex 0.441071 -4.47832 0
    endloop
  endfacet
  facet normal -0.0490938 0.998794 0
    outer loop
      vertex 0.441071 -4.47832 0
      vertex 0 -4.5 2.4
      vertex 0.441071 -4.47832 2.4
    endloop
  endfacet
  facet normal -0.0490938 0.998794 0
    outer loop
      vertex 0 -4.5 2.4
      vertex 0.441071 -4.47832 0
      vertex 0 -4.5 0
    endloop
  endfacet
  facet normal 0.0490938 0.998794 -0
    outer loop
      vertex 0 -4.5 0
      vertex -0.441071 -4.47832 2.4
      vertex 0 -4.5 2.4
    endloop
  endfacet
  facet normal 0.0490938 0.998794 0
    outer loop
      vertex -0.441071 -4.47832 2.4
      vertex 0 -4.5 0
      vertex -0.441071 -4.47832 0
    endloop
  endfacet
  facet normal -0 0 1
    outer loop
      vertex 7.06564 -16.6481 1.6
      vertex 7.45122 -16.7623 1.6
      vertex 7.26752 -16.5969 1.6
    endloop
  endfacet
  facet normal 0 0 1
    outer loop
      vertex 7.45122 -16.7623 1.6
      vertex 7.06564 -16.6481 1.6
      vertex 7.50264 -17.0041 1.6
    endloop
  endfacet
  facet normal 0 0 1
    outer loop
      vertex 7.06564 -16.6481 1.6
      vertex 7.26752 -16.5969 1.6
      vertex 7.15541 -16.5851 1.6
    endloop
  endfacet
  facet normal 0 0 1
    outer loop
      vertex 9.3569 -16.1633 1.6
      vertex 9.65216 -16.132 1.6
      vertex 9.63573 -16.0242 1.6
    endloop
  endfacet
  facet normal 0 0 1
    outer loop
      vertex 9.65216 -16.132 1.6
      vertex 9.3569 -16.1633 1.6
      vertex 9.5134 -16.5133 1.6
    endloop
  endfacet
  facet normal 0 0 1
    outer loop
      vertex 10.0155 -17.0645 1.6
      vertex 9.71495 -16.5441 1.6
      vertex 9.94136 -17.2545 1.6
    endloop
  endfacet
  facet normal -0 0 1
    outer loop
      vertex 9.71495 -16.5441 1.6
      vertex 10.0155 -17.0645 1.6
      vertex 10.4106 -16.4894 1.6
    endloop
  endfacet
  facet normal 0 0 1
    outer loop
      vertex 10.1223 -17.15 1.6
      vertex 10.0155 -17.0645 1.6
      vertex 9.94136 -17.2545 1.6
    endloop
  endfacet
  facet normal 0 0 1
    outer loop
      vertex 10.3409 -17.325 1.6
      vertex 10.1662 -17.565 1.6
      vertex 10.4261 -17.3931 1.6
    endloop
  endfacet
  facet normal 0 0 1
    outer loop
      vertex 9.94136 -17.2545 1.6
      vertex 10.1662 -17.565 1.6
      vertex 10.3409 -17.325 1.6
    endloop
  endfacet
  facet normal 0 0 1
    outer loop
      vertex 9.94136 -17.2545 1.6
      vertex 9.59644 -17.9819 1.6
      vertex 10.1662 -17.565 1.6
    endloop
  endfacet
  facet normal 0 0 1
    outer loop
      vertex 9.5134 -16.5133 1.6
      vertex 9.94136 -17.2545 1.6
      vertex 9.71495 -16.5441 1.6
    endloop
  endfacet
  facet normal -0 0 1
    outer loop
      vertex 9.5134 -16.5133 1.6
      vertex 9.71495 -16.5441 1.6
      vertex 9.69434 -16.4088 1.6
    endloop
  endfacet
  facet normal 0 0 1
    outer loop
      vertex 8.89555 -17.8583 1.6
      vertex 9.94136 -17.2545 1.6
      vertex 9.5134 -16.5133 1.6
    endloop
  endfacet
  facet normal -0 0 1
    outer loop
      vertex 8.71101 -16.4483 1.6
      vertex 9.5134 -16.5133 1.6
      vertex 9.3569 -16.1633 1.6
    endloop
  endfacet
  facet normal 0 0 1
    outer loop
      vertex 9.94136 -17.2545 1.6
      vertex 8.89555 -17.8583 1.6
      vertex 9.59644 -17.9819 1.6
    endloop
  endfacet
  facet normal 0 0 1
    outer loop
      vertex 9.5134 -16.5133 1.6
      vertex 8.71101 -16.4483 1.6
      vertex 8.46759 -17.1171 1.6
    endloop
  endfacet
  facet normal 0 0 1
    outer loop
      vertex 9.5134 -16.5133 1.6
      vertex 8.46759 -17.1171 1.6
      vertex 8.89555 -17.8583 1.6
    endloop
  endfacet
  facet normal 0 0 1
    outer loop
      vertex 8.46759 -17.1171 1.6
      vertex 7.62181 -18.5937 1.6
      vertex 8.89555 -17.8583 1.6
    endloop
  endfacet
  facet normal 0 -0 1
    outer loop
      vertex 7.62181 -18.5937 1.6
      vertex 8.46759 -17.1171 1.6
      vertex 7.19385 -17.8525 1.6
    endloop
  endfacet
  facet normal 0 0 1
    outer loop
      vertex 8.60146 -19.3066 1.6
      vertex 8.74603 -19.1577 1.6
      vertex 8.69463 -18.9159 1.6
    endloop
  endfacet
  facet normal 0 0 1
    outer loop
      vertex 8.74603 -19.1577 1.6
      vertex 8.60146 -19.3066 1.6
      vertex 8.70018 -19.2607 1.6
    endloop
  endfacet
  facet normal 0 0 1
    outer loop
      vertex 8.51093 -18.7505 1.6
      vertex 8.60146 -19.3066 1.6
      vertex 8.69463 -18.9159 1.6
    endloop
  endfacet
  facet normal 0 0 1
    outer loop
      vertex 8.51093 -18.7505 1.6
      vertex 8.20131 -19.483 1.6
      vertex 8.60146 -19.3066 1.6
    endloop
  endfacet
  facet normal 0 0 1
    outer loop
      vertex 8.51093 -18.7505 1.6
      vertex 8.18553 -19.4813 1.6
      vertex 8.20131 -19.483 1.6
    endloop
  endfacet
  facet normal 0 0 1
    outer loop
      vertex 7.62181 -18.5937 1.6
      vertex 8.18553 -19.4813 1.6
      vertex 8.51093 -18.7505 1.6
    endloop
  endfacet
  facet normal -0 0 1
    outer loop
      vertex 6.71349 -16.906 1.6
      vertex 7.50264 -17.0041 1.6
      vertex 7.06564 -16.6481 1.6
    endloop
  endfacet
  facet normal 0 0 1
    outer loop
      vertex 7.50264 -17.0041 1.6
      vertex 6.71349 -16.906 1.6
      vertex 6.70702 -16.9205 1.6
    endloop
  endfacet
  facet normal 0 0 1
    outer loop
      vertex 7.50264 -17.0041 1.6
      vertex 6.70702 -16.9205 1.6
      vertex 7.19385 -17.8525 1.6
    endloop
  endfacet
  facet normal 0 0 1
    outer loop
      vertex 7.62181 -18.5937 1.6
      vertex 6.57599 -19.1975 1.6
      vertex 8.18553 -19.4813 1.6
    endloop
  endfacet
  facet normal 0 0 1
    outer loop
      vertex 7.19385 -17.8525 1.6
      vertex 6.57599 -19.1975 1.6
      vertex 7.62181 -18.5937 1.6
    endloop
  endfacet
  facet normal 0 0 1
    outer loop
      vertex 6.14803 -18.4563 1.6
      vertex 7.19385 -17.8525 1.6
      vertex 6.70702 -16.9205 1.6
    endloop
  endfacet
  facet normal 0 0 1
    outer loop
      vertex 7.19385 -17.8525 1.6
      vertex 6.14803 -18.4563 1.6
      vertex 6.57599 -19.1975 1.6
    endloop
  endfacet
  facet normal 0 0 1
    outer loop
      vertex 6.14803 -18.4563 1.6
      vertex 2.69162 -21.4402 1.6
      vertex 6.57599 -19.1975 1.6
    endloop
  endfacet
  facet normal -0 0 1
    outer loop
      vertex 2.26366 -20.6989 1.6
      vertex 2.69162 -21.4402 1.6
      vertex 6.14803 -18.4563 1.6
    endloop
  endfacet
  facet normal 0 0 1
    outer loop
      vertex 2.69162 -21.4402 1.6
      vertex 2.26366 -20.6989 1.6
      vertex 2.41504 -21.4111 1.6
    endloop
  endfacet
  facet normal 0 0 1
    outer loop
      vertex 2.26366 -20.6989 1.6
      vertex 2.20834 -21.225 1.6
      vertex 2.41504 -21.4111 1.6
    endloop
  endfacet
  facet normal 0 -0 1
    outer loop
      vertex 2.20834 -21.225 1.6
      vertex 2.26366 -20.6989 1.6
      vertex 2.15054 -20.953 1.6
    endloop
  endfacet
  facet normal 0 0 1
    outer loop
      vertex -9.71495 -16.5441 1.6
      vertex -10.0155 -17.0645 1.6
      vertex -9.94136 -17.2545 1.6
    endloop
  endfacet
  facet normal 0 -0 1
    outer loop
      vertex -10.0155 -17.0645 1.6
      vertex -9.71495 -16.5441 1.6
      vertex -10.4106 -16.4894 1.6
    endloop
  endfacet
  facet normal -0 0 1
    outer loop
      vertex -9.65216 -16.132 1.6
      vertex -9.3569 -16.1633 1.6
      vertex -9.63573 -16.0242 1.6
    endloop
  endfacet
  facet normal 0 0 1
    outer loop
      vertex -9.3569 -16.1633 1.6
      vertex -9.65216 -16.132 1.6
      vertex -9.5134 -16.5133 1.6
    endloop
  endfacet
  facet normal 0 0 1
    outer loop
      vertex -8.46759 -17.1171 1.6
      vertex -7.62181 -18.5937 1.6
      vertex -7.19385 -17.8525 1.6
    endloop
  endfacet
  facet normal 0 0 1
    outer loop
      vertex -8.46759 -17.1171 1.6
      vertex -8.89555 -17.8583 1.6
      vertex -7.62181 -18.5937 1.6
    endloop
  endfacet
  facet normal -0 0 1
    outer loop
      vertex -9.5134 -16.5133 1.6
      vertex -8.46759 -17.1171 1.6
      vertex -8.71101 -16.4483 1.6
    endloop
  endfacet
  facet normal 0 0 1
    outer loop
      vertex -9.5134 -16.5133 1.6
      vertex -8.71101 -16.4483 1.6
      vertex -9.3569 -16.1633 1.6
    endloop
  endfacet
  facet normal 0 0 1
    outer loop
      vertex -8.46759 -17.1171 1.6
      vertex -9.5134 -16.5133 1.6
      vertex -8.89555 -17.8583 1.6
    endloop
  endfacet
  facet normal -0 0 1
    outer loop
      vertex -9.94136 -17.2545 1.6
      vertex -8.89555 -17.8583 1.6
      vertex -9.5134 -16.5133 1.6
    endloop
  endfacet
  facet normal 0 0 1
    outer loop
      vertex -9.71495 -16.5441 1.6
      vertex -9.5134 -16.5133 1.6
      vertex -9.69434 -16.4088 1.6
    endloop
  endfacet
  facet normal 0 0 1
    outer loop
      vertex -9.94136 -17.2545 1.6
      vertex -9.5134 -16.5133 1.6
      vertex -9.71495 -16.5441 1.6
    endloop
  endfacet
  facet normal 0 0 1
    outer loop
      vertex -8.89555 -17.8583 1.6
      vertex -9.94136 -17.2545 1.6
      vertex -9.59644 -17.9819 1.6
    endloop
  endfacet
  facet normal 0 0 1
    outer loop
      vertex -9.94136 -17.2545 1.6
      vertex -10.1662 -17.565 1.6
      vertex -9.59644 -17.9819 1.6
    endloop
  endfacet
  facet normal -0 0 1
    outer loop
      vertex -10.3409 -17.325 1.6
      vertex -10.1662 -17.565 1.6
      vertex -9.94136 -17.2545 1.6
    endloop
  endfacet
  facet normal 0 0 1
    outer loop
      vertex -10.1662 -17.565 1.6
      vertex -10.3409 -17.325 1.6
      vertex -10.4261 -17.3931 1.6
    endloop
  endfacet
  facet normal 0 0 1
    outer loop
      vertex -7.45122 -16.7623 1.6
      vertex -7.06564 -16.6481 1.6
      vertex -7.26752 -16.5969 1.6
    endloop
  endfacet
  facet normal 0 0 1
    outer loop
      vertex -7.06564 -16.6481 1.6
      vertex -7.45122 -16.7623 1.6
      vertex -7.50264 -17.0041 1.6
    endloop
  endfacet
  facet normal 0 0 1
    outer loop
      vertex -7.06564 -16.6481 1.6
      vertex -7.50264 -17.0041 1.6
      vertex -7.19385 -17.8525 1.6
    endloop
  endfacet
  facet normal 0 0 1
    outer loop
      vertex -2.26366 -20.6989 1.6
      vertex -2.20834 -21.225 1.6
      vertex -2.15054 -20.953 1.6
    endloop
  endfacet
  facet normal 0 0 1
    outer loop
      vertex -2.26366 -20.6989 1.6
      vertex -2.41504 -21.4111 1.6
      vertex -2.20834 -21.225 1.6
    endloop
  endfacet
  facet normal 0 0 1
    outer loop
      vertex -2.26366 -20.6989 1.6
      vertex -2.69162 -21.4402 1.6
      vertex -2.41504 -21.4111 1.6
    endloop
  endfacet
  facet normal 0 0 1
    outer loop
      vertex -6.14803 -18.4563 1.6
      vertex -2.69162 -21.4402 1.6
      vertex -2.26366 -20.6989 1.6
    endloop
  endfacet
  facet normal 0 0 1
    outer loop
      vertex -6.14803 -18.4563 1.6
      vertex -6.57599 -19.1975 1.6
      vertex -2.69162 -21.4402 1.6
    endloop
  endfacet
  facet normal -0 0 1
    outer loop
      vertex -7.19385 -17.8525 1.6
      vertex -6.14803 -18.4563 1.6
      vertex -6.70702 -16.9205 1.6
    endloop
  endfacet
  facet normal 0 0 1
    outer loop
      vertex -7.06564 -16.6481 1.6
      vertex -6.70702 -16.9205 1.6
      vertex -6.71349 -16.906 1.6
    endloop
  endfacet
  facet normal 0 0 1
    outer loop
      vertex -6.70702 -16.9205 1.6
      vertex -7.06564 -16.6481 1.6
      vertex -7.19385 -17.8525 1.6
    endloop
  endfacet
  facet normal -0 0 1
    outer loop
      vertex -7.26752 -16.5969 1.6
      vertex -7.06564 -16.6481 1.6
      vertex -7.15541 -16.5851 1.6
    endloop
  endfacet
  facet normal 0 0 1
    outer loop
      vertex -6.14803 -18.4563 1.6
      vertex -7.19385 -17.8525 1.6
      vertex -6.57599 -19.1975 1.6
    endloop
  endfacet
  facet normal -0 0 1
    outer loop
      vertex -7.62181 -18.5937 1.6
      vertex -6.57599 -19.1975 1.6
      vertex -7.19385 -17.8525 1.6
    endloop
  endfacet
  facet normal 0 0 1
    outer loop
      vertex -7.62181 -18.5937 1.6
      vertex -8.18553 -19.4813 1.6
      vertex -6.57599 -19.1975 1.6
    endloop
  endfacet
  facet normal -0 0 1
    outer loop
      vertex -8.51093 -18.7505 1.6
      vertex -8.18553 -19.4813 1.6
      vertex -7.62181 -18.5937 1.6
    endloop
  endfacet
  facet normal 0 0 1
    outer loop
      vertex -8.18553 -19.4813 1.6
      vertex -8.51093 -18.7505 1.6
      vertex -8.20131 -19.483 1.6
    endloop
  endfacet
  facet normal 0 0 1
    outer loop
      vertex -8.51093 -18.7505 1.6
      vertex -8.60146 -19.3066 1.6
      vertex -8.20131 -19.483 1.6
    endloop
  endfacet
  facet normal -0 0 1
    outer loop
      vertex -8.69463 -18.9159 1.6
      vertex -8.60146 -19.3066 1.6
      vertex -8.51093 -18.7505 1.6
    endloop
  endfacet
  facet normal -0 0 1
    outer loop
      vertex -8.74603 -19.1577 1.6
      vertex -8.60146 -19.3066 1.6
      vertex -8.69463 -18.9159 1.6
    endloop
  endfacet
  facet normal 0 0 1
    outer loop
      vertex -8.60146 -19.3066 1.6
      vertex -8.74603 -19.1577 1.6
      vertex -8.70018 -19.2607 1.6
    endloop
  endfacet
  facet normal 0 0 1
    outer loop
      vertex -9.94136 -17.2545 1.6
      vertex -10.0155 -17.0645 1.6
      vertex -10.1223 -17.15 1.6
    endloop
  endfacet
  facet normal 0 0 1
    outer loop
      vertex -2.08882 -23.9626 1.6
      vertex -2.09805 -24.4915 1.6
      vertex -2.00752 -24.2286 1.6
    endloop
  endfacet
  facet normal 0 0 1
    outer loop
      vertex -2.31094 -23.7952 1.6
      vertex -2.09805 -24.4915 1.6
      vertex -2.08882 -23.9626 1.6
    endloop
  endfacet
  facet normal 0 0 1
    outer loop
      vertex -2.589 -23.7904 1.6
      vertex -2.09805 -24.4915 1.6
      vertex -2.31094 -23.7952 1.6
    endloop
  endfacet
  facet normal 0 0 1
    outer loop
      vertex -2.589 -23.7904 1.6
      vertex -8.72115 -29.1291 1.6
      vertex -2.09805 -24.4915 1.6
    endloop
  endfacet
  facet normal -0 0 1
    outer loop
      vertex -9.21208 -28.4279 1.6
      vertex -8.72115 -29.1291 1.6
      vertex -2.589 -23.7904 1.6
    endloop
  endfacet
  facet normal 0 0 1
    outer loop
      vertex -9.71036 -29.8217 1.6
      vertex -8.72115 -29.1291 1.6
      vertex -9.21208 -28.4279 1.6
    endloop
  endfacet
  facet normal 0 0 1
    outer loop
      vertex -8.72115 -29.1291 1.6
      vertex -9.71036 -29.8217 1.6
      vertex -9.3864 -31.6118 1.6
    endloop
  endfacet
  facet normal -0 0 1
    outer loop
      vertex -10.1863 -31.5979 1.6
      vertex -9.3864 -31.6118 1.6
      vertex -9.71036 -29.8217 1.6
    endloop
  endfacet
  facet normal 0 0 1
    outer loop
      vertex -9.3864 -31.6118 1.6
      vertex -10.1863 -31.5979 1.6
      vertex -9.46689 -31.8456 1.6
    endloop
  endfacet
  facet normal 0 0 1
    outer loop
      vertex -9.21208 -28.4279 1.6
      vertex -10.2013 -29.1206 1.6
      vertex -9.71036 -29.8217 1.6
    endloop
  endfacet
  facet normal 0 0 1
    outer loop
      vertex -11.7727 -28.2039 1.6
      vertex -10.2013 -29.1206 1.6
      vertex -9.21208 -28.4279 1.6
    endloop
  endfacet
  facet normal 0 0 1
    outer loop
      vertex -12.0331 -28.9603 1.6
      vertex -11.7727 -28.2039 1.6
      vertex -12.0199 -28.1996 1.6
    endloop
  endfacet
  facet normal 0 0 1
    outer loop
      vertex -11.7727 -28.2039 1.6
      vertex -12.0331 -28.9603 1.6
      vertex -10.2013 -29.1206 1.6
    endloop
  endfacet
  facet normal -0 0 1
    outer loop
      vertex -12.2224 -28.3414 1.6
      vertex -12.0331 -28.9603 1.6
      vertex -12.0199 -28.1996 1.6
    endloop
  endfacet
  facet normal 0 0 1
    outer loop
      vertex -12.2224 -28.3414 1.6
      vertex -12.2305 -28.8115 1.6
      vertex -12.0331 -28.9603 1.6
    endloop
  endfacet
  facet normal 0 -0 1
    outer loop
      vertex -12.2305 -28.8115 1.6
      vertex -12.2224 -28.3414 1.6
      vertex -12.3028 -28.5751 1.6
    endloop
  endfacet
  facet normal 0 0 1
    outer loop
      vertex -9.46689 -31.8456 1.6
      vertex -10.1863 -31.5979 1.6
      vertex -9.66939 -31.9874 1.6
    endloop
  endfacet
  facet normal 0 0 1
    outer loop
      vertex -9.66939 -31.9874 1.6
      vertex -10.1863 -31.5979 1.6
      vertex -9.91656 -31.9831 1.6
    endloop
  endfacet
  facet normal 0 0 1
    outer loop
      vertex -9.91656 -31.9831 1.6
      vertex -10.1863 -31.5979 1.6
      vertex -10.114 -31.8343 1.6
    endloop
  endfacet
  facet normal 0 0 1
    outer loop
      vertex -10.2013 -29.1206 1.6
      vertex -11.9768 -31.4087 1.6
      vertex -9.71036 -29.8217 1.6
    endloop
  endfacet
  facet normal -0 0 1
    outer loop
      vertex -12.4677 -30.7076 1.6
      vertex -11.9768 -31.4087 1.6
      vertex -10.2013 -29.1206 1.6
    endloop
  endfacet
  facet normal 0 0 1
    outer loop
      vertex -12.966 -32.1013 1.6
      vertex -11.9768 -31.4087 1.6
      vertex -12.4677 -30.7076 1.6
    endloop
  endfacet
  facet normal 0 0 1
    outer loop
      vertex -11.9768 -31.4087 1.6
      vertex -12.966 -32.1013 1.6
      vertex -12.642 -33.8915 1.6
    endloop
  endfacet
  facet normal -0 0 1
    outer loop
      vertex -13.4419 -33.8775 1.6
      vertex -12.642 -33.8915 1.6
      vertex -12.966 -32.1013 1.6
    endloop
  endfacet
  facet normal 0 -0 1
    outer loop
      vertex -12.7779 -34.0668 1.6
      vertex -12.642 -33.8915 1.6
      vertex -13.4419 -33.8775 1.6
    endloop
  endfacet
  facet normal 0 0 1
    outer loop
      vertex -12.4677 -30.7076 1.6
      vertex -13.4569 -31.4002 1.6
      vertex -12.966 -32.1013 1.6
    endloop
  endfacet
  facet normal 0 0 1
    outer loop
      vertex -15.0283 -30.4835 1.6
      vertex -13.4569 -31.4002 1.6
      vertex -12.4677 -30.7076 1.6
    endloop
  endfacet
  facet normal 0 0 1
    outer loop
      vertex -15.2396 -30.5512 1.6
      vertex -15.0283 -30.4835 1.6
      vertex -15.1553 -30.4813 1.6
    endloop
  endfacet
  facet normal 0 0 1
    outer loop
      vertex -15.0283 -30.4835 1.6
      vertex -15.2396 -30.5512 1.6
      vertex -15.2888 -31.2399 1.6
    endloop
  endfacet
  facet normal 0 0 1
    outer loop
      vertex -15.0283 -30.4835 1.6
      vertex -15.2888 -31.2399 1.6
      vertex -13.4569 -31.4002 1.6
    endloop
  endfacet
  facet normal 0 0 1
    outer loop
      vertex -15.2396 -30.5512 1.6
      vertex -15.4862 -31.0912 1.6
      vertex -15.2888 -31.2399 1.6
    endloop
  endfacet
  facet normal -0 0 1
    outer loop
      vertex -15.5378 -30.7948 1.6
      vertex -15.4862 -31.0912 1.6
      vertex -15.2396 -30.5512 1.6
    endloop
  endfacet
  facet normal 0 0 1
    outer loop
      vertex -15.4862 -31.0912 1.6
      vertex -15.5378 -30.7948 1.6
      vertex -15.5585 -30.8547 1.6
    endloop
  endfacet
  facet normal 0 0 1
    outer loop
      vertex -12.642 -33.8915 1.6
      vertex -12.7779 -34.0668 1.6
      vertex -12.6834 -34.0115 1.6
    endloop
  endfacet
  facet normal 0 -0 1
    outer loop
      vertex -13.3696 -34.1139 1.6
      vertex -12.7779 -34.0668 1.6
      vertex -13.4419 -33.8775 1.6
    endloop
  endfacet
  facet normal 0 0 1
    outer loop
      vertex -12.7779 -34.0668 1.6
      vertex -13.3696 -34.1139 1.6
      vertex -13.1088 -34.2638 1.6
    endloop
  endfacet
  facet normal 0 0 1
    outer loop
      vertex -13.1088 -34.2638 1.6
      vertex -13.3696 -34.1139 1.6
      vertex -13.1722 -34.2627 1.6
    endloop
  endfacet
  facet normal 0 0 1
    outer loop
      vertex -13.4569 -31.4002 1.6
      vertex -14.9335 -33.479 1.6
      vertex -12.966 -32.1013 1.6
    endloop
  endfacet
  facet normal -0 0 1
    outer loop
      vertex -15.4244 -32.7778 1.6
      vertex -14.9335 -33.479 1.6
      vertex -13.4569 -31.4002 1.6
    endloop
  endfacet
  facet normal 0 0 1
    outer loop
      vertex -14.9335 -33.479 1.6
      vertex -15.4244 -32.7778 1.6
      vertex -15.0266 -33.4448 1.6
    endloop
  endfacet
  facet normal 0 0 1
    outer loop
      vertex -15.0266 -33.4448 1.6
      vertex -15.4244 -32.7778 1.6
      vertex -15.4241 -32.8771 1.6
    endloop
  endfacet
  facet normal 0 0 1
    outer loop
      vertex -15.0266 -33.4448 1.6
      vertex -15.4241 -32.8771 1.6
      vertex -16.0465 -33.7359 1.6
    endloop
  endfacet
  facet normal 0 0 1
    outer loop
      vertex 12.2224 -28.3414 1.6
      vertex 12.2305 -28.8115 1.6
      vertex 12.3028 -28.5751 1.6
    endloop
  endfacet
  facet normal 0 0 1
    outer loop
      vertex 12.2224 -28.3414 1.6
      vertex 12.0331 -28.9603 1.6
      vertex 12.2305 -28.8115 1.6
    endloop
  endfacet
  facet normal 0 0 1
    outer loop
      vertex 12.0199 -28.1996 1.6
      vertex 12.0331 -28.9603 1.6
      vertex 12.2224 -28.3414 1.6
    endloop
  endfacet
  facet normal -0 0 1
    outer loop
      vertex 11.7727 -28.2039 1.6
      vertex 12.0331 -28.9603 1.6
      vertex 12.0199 -28.1996 1.6
    endloop
  endfacet
  facet normal 0 0 1
    outer loop
      vertex 11.7727 -28.2039 1.6
      vertex 10.2013 -29.1206 1.6
      vertex 12.0331 -28.9603 1.6
    endloop
  endfacet
  facet normal 0 0 1
    outer loop
      vertex 10.1863 -31.5979 1.6
      vertex 9.46689 -31.8456 1.6
      vertex 9.66939 -31.9874 1.6
    endloop
  endfacet
  facet normal 0 0 1
    outer loop
      vertex 10.1863 -31.5979 1.6
      vertex 9.3864 -31.6118 1.6
      vertex 9.46689 -31.8456 1.6
    endloop
  endfacet
  facet normal -0 0 1
    outer loop
      vertex 9.21208 -28.4279 1.6
      vertex 10.2013 -29.1206 1.6
      vertex 11.7727 -28.2039 1.6
    endloop
  endfacet
  facet normal 0 0 1
    outer loop
      vertex 9.21208 -28.4279 1.6
      vertex 9.71036 -29.8217 1.6
      vertex 10.2013 -29.1206 1.6
    endloop
  endfacet
  facet normal -0 0 1
    outer loop
      vertex 8.72115 -29.1291 1.6
      vertex 9.71036 -29.8217 1.6
      vertex 9.21208 -28.4279 1.6
    endloop
  endfacet
  facet normal 0 0 1
    outer loop
      vertex 9.71036 -29.8217 1.6
      vertex 8.72115 -29.1291 1.6
      vertex 9.3864 -31.6118 1.6
    endloop
  endfacet
  facet normal 0 0 1
    outer loop
      vertex 2.589 -23.7904 1.6
      vertex 8.72115 -29.1291 1.6
      vertex 9.21208 -28.4279 1.6
    endloop
  endfacet
  facet normal 0 0 1
    outer loop
      vertex 2.09805 -24.4915 1.6
      vertex 2.589 -23.7904 1.6
      vertex 2.31094 -23.7952 1.6
    endloop
  endfacet
  facet normal 0 0 1
    outer loop
      vertex 2.589 -23.7904 1.6
      vertex 2.09805 -24.4915 1.6
      vertex 8.72115 -29.1291 1.6
    endloop
  endfacet
  facet normal -0 0 1
    outer loop
      vertex 2.08882 -23.9626 1.6
      vertex 2.09805 -24.4915 1.6
      vertex 2.31094 -23.7952 1.6
    endloop
  endfacet
  facet normal 0 0 1
    outer loop
      vertex 2.09805 -24.4915 1.6
      vertex 2.08882 -23.9626 1.6
      vertex 2.00752 -24.2286 1.6
    endloop
  endfacet
  facet normal 0 0 1
    outer loop
      vertex 15.5378 -30.7948 1.6
      vertex 15.4862 -31.0912 1.6
      vertex 15.5585 -30.8547 1.6
    endloop
  endfacet
  facet normal 0 0 1
    outer loop
      vertex 15.2396 -30.5512 1.6
      vertex 15.4862 -31.0912 1.6
      vertex 15.5378 -30.7948 1.6
    endloop
  endfacet
  facet normal 0 0 1
    outer loop
      vertex 15.4862 -31.0912 1.6
      vertex 15.2396 -30.5512 1.6
      vertex 15.2888 -31.2399 1.6
    endloop
  endfacet
  facet normal -0 0 1
    outer loop
      vertex 15.0283 -30.4835 1.6
      vertex 15.2396 -30.5512 1.6
      vertex 15.1553 -30.4813 1.6
    endloop
  endfacet
  facet normal 0 0 1
    outer loop
      vertex 15.2396 -30.5512 1.6
      vertex 15.0283 -30.4835 1.6
      vertex 15.2888 -31.2399 1.6
    endloop
  endfacet
  facet normal 0 0 1
    outer loop
      vertex 15.0283 -30.4835 1.6
      vertex 13.4569 -31.4002 1.6
      vertex 15.2888 -31.2399 1.6
    endloop
  endfacet
  facet normal 0 0 1
    outer loop
      vertex 13.4419 -33.8775 1.6
      vertex 12.6834 -34.0115 1.6
      vertex 12.7779 -34.0668 1.6
    endloop
  endfacet
  facet normal 0 0 1
    outer loop
      vertex 13.4419 -33.8775 1.6
      vertex 12.642 -33.8915 1.6
      vertex 12.6834 -34.0115 1.6
    endloop
  endfacet
  facet normal -0 0 1
    outer loop
      vertex 12.4677 -30.7076 1.6
      vertex 13.4569 -31.4002 1.6
      vertex 15.0283 -30.4835 1.6
    endloop
  endfacet
  facet normal 0 0 1
    outer loop
      vertex 12.4677 -30.7076 1.6
      vertex 12.966 -32.1013 1.6
      vertex 13.4569 -31.4002 1.6
    endloop
  endfacet
  facet normal -0 0 1
    outer loop
      vertex 11.9768 -31.4087 1.6
      vertex 12.966 -32.1013 1.6
      vertex 12.4677 -30.7076 1.6
    endloop
  endfacet
  facet normal 0 0 1
    outer loop
      vertex 12.966 -32.1013 1.6
      vertex 11.9768 -31.4087 1.6
      vertex 12.642 -33.8915 1.6
    endloop
  endfacet
  facet normal 0 0 1
    outer loop
      vertex 10.2013 -29.1206 1.6
      vertex 11.9768 -31.4087 1.6
      vertex 12.4677 -30.7076 1.6
    endloop
  endfacet
  facet normal 0 0 1
    outer loop
      vertex 11.9768 -31.4087 1.6
      vertex 10.2013 -29.1206 1.6
      vertex 9.71036 -29.8217 1.6
    endloop
  endfacet
  facet normal 0 0 1
    outer loop
      vertex 15.4244 -32.7778 1.6
      vertex 15.0266 -33.4448 1.6
      vertex 15.4241 -32.8771 1.6
    endloop
  endfacet
  facet normal 0 0 1
    outer loop
      vertex 15.4244 -32.7778 1.6
      vertex 14.9335 -33.479 1.6
      vertex 15.0266 -33.4448 1.6
    endloop
  endfacet
  facet normal 0 0 1
    outer loop
      vertex 13.4569 -31.4002 1.6
      vertex 14.9335 -33.479 1.6
      vertex 15.4244 -32.7778 1.6
    endloop
  endfacet
  facet normal 0 0 1
    outer loop
      vertex 14.9335 -33.479 1.6
      vertex 13.4569 -31.4002 1.6
      vertex 12.966 -32.1013 1.6
    endloop
  endfacet
  facet normal 0 0 1
    outer loop
      vertex 16.0465 -33.7359 1.6
      vertex 15.4241 -32.8771 1.6
      vertex 15.0266 -33.4448 1.6
    endloop
  endfacet
  facet normal -0 0 1
    outer loop
      vertex 12.7779 -34.0668 1.6
      vertex 13.3696 -34.1139 1.6
      vertex 13.4419 -33.8775 1.6
    endloop
  endfacet
  facet normal 0 0 1
    outer loop
      vertex 13.3696 -34.1139 1.6
      vertex 13.1088 -34.2638 1.6
      vertex 13.1722 -34.2627 1.6
    endloop
  endfacet
  facet normal 0 0 1
    outer loop
      vertex 12.642 -33.8915 1.6
      vertex 13.4419 -33.8775 1.6
      vertex 12.966 -32.1013 1.6
    endloop
  endfacet
  facet normal 0 0 1
    outer loop
      vertex 13.3696 -34.1139 1.6
      vertex 12.7779 -34.0668 1.6
      vertex 13.1088 -34.2638 1.6
    endloop
  endfacet
  facet normal 0 0 1
    outer loop
      vertex 10.1863 -31.5979 1.6
      vertex 9.91656 -31.9831 1.6
      vertex 10.114 -31.8343 1.6
    endloop
  endfacet
  facet normal 0 0 1
    outer loop
      vertex 9.3864 -31.6118 1.6
      vertex 10.1863 -31.5979 1.6
      vertex 9.71036 -29.8217 1.6
    endloop
  endfacet
  facet normal 0 0 1
    outer loop
      vertex 10.1863 -31.5979 1.6
      vertex 9.66939 -31.9874 1.6
      vertex 9.91656 -31.9831 1.6
    endloop
  endfacet
  facet normal 0 0 1
    outer loop
      vertex -2.2406 -40.8864 1.6
      vertex -0.427963 -39.9338 1.6
      vertex -0.427963 -38.7262 1.6
    endloop
  endfacet
  facet normal 0 0 1
    outer loop
      vertex -0.427963 -39.9338 1.6
      vertex -2.2406 -40.8864 1.6
      vertex -1.77037 -41.5337 1.6
    endloop
  endfacet
  facet normal 0 0 1
    outer loop
      vertex -1.77037 -41.5337 1.6
      vertex -2.2406 -40.8864 1.6
      vertex -2.00549 -41.61 1.6
    endloop
  endfacet
  facet normal 0 0 1
    outer loop
      vertex -2.2406 -40.8864 1.6
      vertex -2.2406 -41.5337 1.6
      vertex -2.00549 -41.61 1.6
    endloop
  endfacet
  facet normal -0 0 1
    outer loop
      vertex -2.38591 -41.0864 1.6
      vertex -2.2406 -41.5337 1.6
      vertex -2.2406 -40.8864 1.6
    endloop
  endfacet
  facet normal 0 0 1
    outer loop
      vertex -2.2406 -41.5337 1.6
      vertex -2.38591 -41.0864 1.6
      vertex -2.38591 -41.3337 1.6
    endloop
  endfacet
  facet normal 0 0 1
    outer loop
      vertex -2.2406 -36.5664 1.6
      vertex -0.427963 -35.6138 1.6
      vertex -0.427963 -34.4062 1.6
    endloop
  endfacet
  facet normal 0 0 1
    outer loop
      vertex -0.427963 -35.6138 1.6
      vertex -2.2406 -36.5664 1.6
      vertex -1.77037 -37.2137 1.6
    endloop
  endfacet
  facet normal 0 0 1
    outer loop
      vertex -1.77037 -37.2137 1.6
      vertex -2.2406 -36.5664 1.6
      vertex -2.00549 -37.2901 1.6
    endloop
  endfacet
  facet normal 0 0 1
    outer loop
      vertex -2.2406 -36.5664 1.6
      vertex -2.2406 -37.2137 1.6
      vertex -2.00549 -37.2901 1.6
    endloop
  endfacet
  facet normal -0 0 1
    outer loop
      vertex -2.38591 -36.7664 1.6
      vertex -2.2406 -37.2137 1.6
      vertex -2.2406 -36.5664 1.6
    endloop
  endfacet
  facet normal 0 0 1
    outer loop
      vertex -2.2406 -37.2137 1.6
      vertex -2.38591 -36.7664 1.6
      vertex -2.38591 -37.0137 1.6
    endloop
  endfacet
  facet normal 0 0 1
    outer loop
      vertex -0.427963 -34.4062 1.6
      vertex 0.427963 -34.4062 1.6
      vertex 0.427963 -25.3609 1.6
    endloop
  endfacet
  facet normal 0 0 1
    outer loop
      vertex 0.427963 -34.4062 1.6
      vertex -0.427963 -34.4062 1.6
      vertex 0.427963 -35.6138 1.6
    endloop
  endfacet
  facet normal 0 0 1
    outer loop
      vertex -0.427963 -35.6138 1.6
      vertex 0.427963 -35.6138 1.6
      vertex -0.427963 -34.4062 1.6
    endloop
  endfacet
  facet normal 0 0 1
    outer loop
      vertex 0.427963 -35.6138 1.6
      vertex -0.427963 -35.6138 1.6
      vertex 0.427963 -38.7262 1.6
    endloop
  endfacet
  facet normal 0 0 1
    outer loop
      vertex -0.427963 -38.7262 1.6
      vertex 0.427963 -38.7262 1.6
      vertex -0.427963 -35.6138 1.6
    endloop
  endfacet
  facet normal 0 0 1
    outer loop
      vertex -0.427963 -25.3609 1.6
      vertex 0.427963 -25.3609 1.6
      vertex 0.264496 -25.1359 1.6
    endloop
  endfacet
  facet normal 0 0 1
    outer loop
      vertex 0.427963 -38.7262 1.6
      vertex -0.427963 -38.7262 1.6
      vertex 0.427963 -39.9338 1.6
    endloop
  endfacet
  facet normal 0 0 1
    outer loop
      vertex -0.427963 -25.3609 1.6
      vertex 0.264496 -25.1359 1.6
      vertex 0 -25.05 1.6
    endloop
  endfacet
  facet normal 0 0 1
    outer loop
      vertex -0.427963 -39.9338 1.6
      vertex 0.427963 -39.9338 1.6
      vertex -0.427963 -38.7262 1.6
    endloop
  endfacet
  facet normal 0 0 1
    outer loop
      vertex 0.427963 -39.9338 1.6
      vertex -0.427963 -39.9338 1.6
      vertex 0.427963 -43.0595 1.6
    endloop
  endfacet
  facet normal 0 0 1
    outer loop
      vertex -0.427963 -25.3609 1.6
      vertex 0 -25.05 1.6
      vertex -0.264496 -25.1359 1.6
    endloop
  endfacet
  facet normal 0 0 1
    outer loop
      vertex -0.427963 -43.0595 1.6
      vertex 0.427963 -43.0595 1.6
      vertex -0.427963 -39.9338 1.6
    endloop
  endfacet
  facet normal 0 0 1
    outer loop
      vertex 0.427963 -25.3609 1.6
      vertex -0.427963 -25.3609 1.6
      vertex -0.427963 -34.4062 1.6
    endloop
  endfacet
  facet normal 0 0 1
    outer loop
      vertex 0.427963 -43.0595 1.6
      vertex -0.427963 -43.0595 1.6
      vertex 0.412552 -43.0775 1.6
    endloop
  endfacet
  facet normal 0 0 1
    outer loop
      vertex 0.412552 -43.0775 1.6
      vertex -0.412552 -43.0775 1.6
      vertex 0.00849915 -44.327 1.6
    endloop
  endfacet
  facet normal 0 0 1
    outer loop
      vertex 0.00849915 -44.327 1.6
      vertex -0.00849915 -44.327 1.6
      vertex 0 -44.3599 1.6
    endloop
  endfacet
  facet normal 0 0 1
    outer loop
      vertex 0.00849915 -44.327 1.6
      vertex -0.412552 -43.0775 1.6
      vertex -0.00849915 -44.327 1.6
    endloop
  endfacet
  facet normal 0 0 1
    outer loop
      vertex 0.412552 -43.0775 1.6
      vertex -0.427963 -43.0595 1.6
      vertex -0.412552 -43.0775 1.6
    endloop
  endfacet
  facet normal 0 0 1
    outer loop
      vertex 2.2406 -36.5664 1.6
      vertex 2.38591 -37.0137 1.6
      vertex 2.38591 -36.7664 1.6
    endloop
  endfacet
  facet normal 0 0 1
    outer loop
      vertex 2.2406 -36.5664 1.6
      vertex 2.2406 -37.2137 1.6
      vertex 2.38591 -37.0137 1.6
    endloop
  endfacet
  facet normal 0 0 1
    outer loop
      vertex 2.2406 -36.5664 1.6
      vertex 2.00549 -37.2901 1.6
      vertex 2.2406 -37.2137 1.6
    endloop
  endfacet
  facet normal 0 0 1
    outer loop
      vertex 2.2406 -36.5664 1.6
      vertex 1.77037 -37.2137 1.6
      vertex 2.00549 -37.2901 1.6
    endloop
  endfacet
  facet normal -0 0 1
    outer loop
      vertex 0.427963 -35.6138 1.6
      vertex 2.2406 -36.5664 1.6
      vertex 0.427963 -34.4062 1.6
    endloop
  endfacet
  facet normal 0 0 1
    outer loop
      vertex 2.2406 -36.5664 1.6
      vertex 0.427963 -35.6138 1.6
      vertex 1.77037 -37.2137 1.6
    endloop
  endfacet
  facet normal 0 0 1
    outer loop
      vertex 2.2406 -40.8864 1.6
      vertex 2.38591 -41.3337 1.6
      vertex 2.38591 -41.0864 1.6
    endloop
  endfacet
  facet normal 0 0 1
    outer loop
      vertex 2.2406 -40.8864 1.6
      vertex 2.2406 -41.5337 1.6
      vertex 2.38591 -41.3337 1.6
    endloop
  endfacet
  facet normal 0 0 1
    outer loop
      vertex 2.2406 -40.8864 1.6
      vertex 2.00549 -41.61 1.6
      vertex 2.2406 -41.5337 1.6
    endloop
  endfacet
  facet normal 0 0 1
    outer loop
      vertex 2.2406 -40.8864 1.6
      vertex 1.77037 -41.5337 1.6
      vertex 2.00549 -41.61 1.6
    endloop
  endfacet
  facet normal -0 0 1
    outer loop
      vertex 0.427963 -39.9338 1.6
      vertex 2.2406 -40.8864 1.6
      vertex 0.427963 -38.7262 1.6
    endloop
  endfacet
  facet normal 0 0 1
    outer loop
      vertex 2.2406 -40.8864 1.6
      vertex 0.427963 -39.9338 1.6
      vertex 1.77037 -41.5337 1.6
    endloop
  endfacet
  facet normal 0.173645 0.984808 -0
    outer loop
      vertex 8.18553 -19.4813 1.6
      vertex 6.57599 -19.1975 2.4
      vertex 8.18553 -19.4813 2.4
    endloop
  endfacet
  facet normal 0.173645 0.984808 0
    outer loop
      vertex 6.57599 -19.1975 2.4
      vertex 8.18553 -19.4813 1.6
      vertex 6.57599 -19.1975 1.6
    endloop
  endfacet
  facet normal 0.107112 0.994247 -0
    outer loop
      vertex 8.20131 -19.483 1.6
      vertex 8.18553 -19.4813 2.4
      vertex 8.20131 -19.483 2.4
    endloop
  endfacet
  facet normal 0.107112 0.994247 0
    outer loop
      vertex 8.18553 -19.4813 2.4
      vertex 8.20131 -19.483 1.6
      vertex 8.18553 -19.4813 1.6
    endloop
  endfacet
  facet normal -0.403378 0.915033 0
    outer loop
      vertex 8.60146 -19.3066 1.6
      vertex 8.20131 -19.483 2.4
      vertex 8.60146 -19.3066 2.4
    endloop
  endfacet
  facet normal -0.403378 0.915033 0
    outer loop
      vertex 8.20131 -19.483 2.4
      vertex 8.60146 -19.3066 1.6
      vertex 8.20131 -19.483 1.6
    endloop
  endfacet
  facet normal -0.421608 0.906778 0
    outer loop
      vertex 8.70018 -19.2607 1.6
      vertex 8.60146 -19.3066 2.4
      vertex 8.70018 -19.2607 2.4
    endloop
  endfacet
  facet normal -0.421608 0.906778 0
    outer loop
      vertex 8.60146 -19.3066 2.4
      vertex 8.70018 -19.2607 1.6
      vertex 8.60146 -19.3066 1.6
    endloop
  endfacet
  facet normal -0.913574 0.406673 0
    outer loop
      vertex 8.70018 -19.2607 1.6
      vertex 8.74603 -19.1577 2.4
      vertex 8.74603 -19.1577 1.6
    endloop
  endfacet
  facet normal -0.913574 0.406673 0
    outer loop
      vertex 8.74603 -19.1577 2.4
      vertex 8.70018 -19.2607 1.6
      vertex 8.70018 -19.2607 2.4
    endloop
  endfacet
  facet normal -0.978144 -0.207926 0
    outer loop
      vertex 8.74603 -19.1577 1.6
      vertex 8.69463 -18.9159 2.4
      vertex 8.69463 -18.9159 1.6
    endloop
  endfacet
  facet normal -0.978144 -0.207926 0
    outer loop
      vertex 8.69463 -18.9159 2.4
      vertex 8.74603 -19.1577 1.6
      vertex 8.74603 -19.1577 2.4
    endloop
  endfacet
  facet normal -0.669121 -0.743153 0
    outer loop
      vertex 8.51093 -18.7505 1.6
      vertex 8.69463 -18.9159 2.4
      vertex 8.51093 -18.7505 2.4
    endloop
  endfacet
  facet normal -0.669121 -0.743153 -0
    outer loop
      vertex 8.69463 -18.9159 2.4
      vertex 8.51093 -18.7505 1.6
      vertex 8.69463 -18.9159 1.6
    endloop
  endfacet
  facet normal -0.173674 -0.984803 0
    outer loop
      vertex 7.62181 -18.5937 1.6
      vertex 8.51093 -18.7505 2.4
      vertex 7.62181 -18.5937 2.4
    endloop
  endfacet
  facet normal -0.173674 -0.984803 -0
    outer loop
      vertex 8.51093 -18.7505 2.4
      vertex 7.62181 -18.5937 1.6
      vertex 8.51093 -18.7505 1.6
    endloop
  endfacet
  facet normal -0.500003 0.866024 0
    outer loop
      vertex 8.89555 -17.8583 1.6
      vertex 7.62181 -18.5937 2.4
      vertex 8.89555 -17.8583 2.4
    endloop
  endfacet
  facet normal -0.500003 0.866024 0
    outer loop
      vertex 7.62181 -18.5937 2.4
      vertex 8.89555 -17.8583 1.6
      vertex 7.62181 -18.5937 1.6
    endloop
  endfacet
  facet normal 0.173668 0.984804 -0
    outer loop
      vertex 9.59644 -17.9819 1.6
      vertex 8.89555 -17.8583 2.4
      vertex 9.59644 -17.9819 2.4
    endloop
  endfacet
  facet normal 0.173668 0.984804 0
    outer loop
      vertex 8.89555 -17.8583 2.4
      vertex 9.59644 -17.9819 1.6
      vertex 8.89555 -17.8583 1.6
    endloop
  endfacet
  facet normal -0.590512 0.807029 0
    outer loop
      vertex 10.1662 -17.565 1.6
      vertex 9.59644 -17.9819 2.4
      vertex 10.1662 -17.565 2.4
    endloop
  endfacet
  facet normal -0.590512 0.807029 0
    outer loop
      vertex 9.59644 -17.9819 2.4
      vertex 10.1662 -17.565 1.6
      vertex 9.59644 -17.9819 1.6
    endloop
  endfacet
  facet normal -0.55166 0.834069 0
    outer loop
      vertex 10.4261 -17.3931 1.6
      vertex 10.1662 -17.565 2.4
      vertex 10.4261 -17.3931 2.4
    endloop
  endfacet
  facet normal -0.55166 0.834069 0
    outer loop
      vertex 10.1662 -17.565 2.4
      vertex 10.4261 -17.3931 1.6
      vertex 10.1662 -17.565 1.6
    endloop
  endfacet
  facet normal -0.62436 -0.781137 0
    outer loop
      vertex 10.3409 -17.325 1.6
      vertex 10.4261 -17.3931 2.4
      vertex 10.3409 -17.325 2.4
    endloop
  endfacet
  facet normal -0.62436 -0.781137 -0
    outer loop
      vertex 10.4261 -17.3931 2.4
      vertex 10.3409 -17.325 1.6
      vertex 10.4261 -17.3931 1.6
    endloop
  endfacet
  facet normal -0.173768 -0.984787 0
    outer loop
      vertex 9.94136 -17.2545 1.6
      vertex 10.3409 -17.325 2.4
      vertex 9.94136 -17.2545 2.4
    endloop
  endfacet
  facet normal -0.173768 -0.984787 -0
    outer loop
      vertex 10.3409 -17.325 2.4
      vertex 9.94136 -17.2545 1.6
      vertex 10.3409 -17.325 1.6
    endloop
  endfacet
  facet normal -0.500123 0.865954 0
    outer loop
      vertex 10.1223 -17.15 1.6
      vertex 9.94136 -17.2545 2.4
      vertex 10.1223 -17.15 2.4
    endloop
  endfacet
  facet normal -0.500123 0.865954 0
    outer loop
      vertex 9.94136 -17.2545 2.4
      vertex 10.1223 -17.15 1.6
      vertex 9.94136 -17.2545 1.6
    endloop
  endfacet
  facet normal -0.624962 -0.780655 0
    outer loop
      vertex 10.0155 -17.0645 1.6
      vertex 10.1223 -17.15 2.4
      vertex 10.0155 -17.0645 2.4
    endloop
  endfacet
  facet normal -0.624962 -0.780655 -0
    outer loop
      vertex 10.1223 -17.15 2.4
      vertex 10.0155 -17.0645 1.6
      vertex 10.1223 -17.15 1.6
    endloop
  endfacet
  facet normal -0.82423 0.566255 0
    outer loop
      vertex 10.0155 -17.0645 1.6
      vertex 10.4106 -16.4894 2.4
      vertex 10.4106 -16.4894 1.6
    endloop
  endfacet
  facet normal -0.82423 0.566255 0
    outer loop
      vertex 10.4106 -16.4894 2.4
      vertex 10.0155 -17.0645 1.6
      vertex 10.0155 -17.0645 2.4
    endloop
  endfacet
  facet normal 0.0783895 -0.996923 0
    outer loop
      vertex 9.71495 -16.5441 1.6
      vertex 10.4106 -16.4894 2.4
      vertex 9.71495 -16.5441 2.4
    endloop
  endfacet
  facet normal 0.0783895 -0.996923 0
    outer loop
      vertex 10.4106 -16.4894 2.4
      vertex 9.71495 -16.5441 1.6
      vertex 10.4106 -16.4894 1.6
    endloop
  endfacet
  facet normal -0.988596 -0.150591 0
    outer loop
      vertex 9.71495 -16.5441 1.6
      vertex 9.69434 -16.4088 2.4
      vertex 9.69434 -16.4088 1.6
    endloop
  endfacet
  facet normal -0.988596 -0.150591 0
    outer loop
      vertex 9.69434 -16.4088 2.4
      vertex 9.71495 -16.5441 1.6
      vertex 9.71495 -16.5441 2.4
    endloop
  endfacet
  facet normal 0.500123 -0.865954 0
    outer loop
      vertex 9.5134 -16.5133 1.6
      vertex 9.69434 -16.4088 2.4
      vertex 9.5134 -16.5133 2.4
    endloop
  endfacet
  facet normal 0.500123 -0.865954 0
    outer loop
      vertex 9.69434 -16.4088 2.4
      vertex 9.5134 -16.5133 1.6
      vertex 9.69434 -16.4088 1.6
    endloop
  endfacet
  facet normal -0.93971 0.341973 0
    outer loop
      vertex 9.5134 -16.5133 1.6
      vertex 9.65216 -16.132 2.4
      vertex 9.65216 -16.132 1.6
    endloop
  endfacet
  facet normal -0.93971 0.341973 0
    outer loop
      vertex 9.65216 -16.132 2.4
      vertex 9.5134 -16.5133 1.6
      vertex 9.5134 -16.5133 2.4
    endloop
  endfacet
  facet normal -0.988584 -0.150672 0
    outer loop
      vertex 9.65216 -16.132 1.6
      vertex 9.63573 -16.0242 2.4
      vertex 9.63573 -16.0242 1.6
    endloop
  endfacet
  facet normal -0.988584 -0.150672 0
    outer loop
      vertex 9.63573 -16.0242 2.4
      vertex 9.65216 -16.132 1.6
      vertex 9.65216 -16.132 2.4
    endloop
  endfacet
  facet normal 0.446405 -0.894831 0
    outer loop
      vertex 9.3569 -16.1633 1.6
      vertex 9.63573 -16.0242 2.4
      vertex 9.3569 -16.1633 2.4
    endloop
  endfacet
  facet normal 0.446405 -0.894831 0
    outer loop
      vertex 9.63573 -16.0242 2.4
      vertex 9.3569 -16.1633 1.6
      vertex 9.63573 -16.0242 1.6
    endloop
  endfacet
  facet normal 0.403698 -0.914892 0
    outer loop
      vertex 8.71101 -16.4483 1.6
      vertex 9.3569 -16.1633 2.4
      vertex 8.71101 -16.4483 2.4
    endloop
  endfacet
  facet normal 0.403698 -0.914892 0
    outer loop
      vertex 9.3569 -16.1633 2.4
      vertex 8.71101 -16.4483 1.6
      vertex 9.3569 -16.1633 1.6
    endloop
  endfacet
  facet normal 0.939694 -0.342016 0
    outer loop
      vertex 8.46759 -17.1171 2.4
      vertex 8.71101 -16.4483 1.6
      vertex 8.71101 -16.4483 2.4
    endloop
  endfacet
  facet normal 0.939694 -0.342016 0
    outer loop
      vertex 8.71101 -16.4483 1.6
      vertex 8.46759 -17.1171 2.4
      vertex 8.46759 -17.1171 1.6
    endloop
  endfacet
  facet normal 0.500003 -0.866024 0
    outer loop
      vertex 7.19385 -17.8525 1.6
      vertex 8.46759 -17.1171 2.4
      vertex 7.19385 -17.8525 2.4
    endloop
  endfacet
  facet normal 0.500003 -0.866024 0
    outer loop
      vertex 8.46759 -17.1171 2.4
      vertex 7.19385 -17.8525 1.6
      vertex 8.46759 -17.1171 1.6
    endloop
  endfacet
  facet normal -0.939693 0.342018 0
    outer loop
      vertex 7.19385 -17.8525 1.6
      vertex 7.50264 -17.0041 2.4
      vertex 7.50264 -17.0041 1.6
    endloop
  endfacet
  facet normal -0.939693 0.342018 0
    outer loop
      vertex 7.50264 -17.0041 2.4
      vertex 7.19385 -17.8525 1.6
      vertex 7.19385 -17.8525 2.4
    endloop
  endfacet
  facet normal -0.978128 -0.208004 0
    outer loop
      vertex 7.50264 -17.0041 1.6
      vertex 7.45122 -16.7623 2.4
      vertex 7.45122 -16.7623 1.6
    endloop
  endfacet
  facet normal -0.978128 -0.208004 0
    outer loop
      vertex 7.45122 -16.7623 2.4
      vertex 7.50264 -17.0041 1.6
      vertex 7.50264 -17.0041 2.4
    endloop
  endfacet
  facet normal -0.669121 -0.743153 0
    outer loop
      vertex 7.26752 -16.5969 1.6
      vertex 7.45122 -16.7623 2.4
      vertex 7.26752 -16.5969 2.4
    endloop
  endfacet
  facet normal -0.669121 -0.743153 -0
    outer loop
      vertex 7.45122 -16.7623 2.4
      vertex 7.26752 -16.5969 1.6
      vertex 7.45122 -16.7623 1.6
    endloop
  endfacet
  facet normal -0.104676 -0.994506 0
    outer loop
      vertex 7.15541 -16.5851 1.6
      vertex 7.26752 -16.5969 2.4
      vertex 7.15541 -16.5851 2.4
    endloop
  endfacet
  facet normal -0.104676 -0.994506 -0
    outer loop
      vertex 7.26752 -16.5969 2.4
      vertex 7.15541 -16.5851 1.6
      vertex 7.26752 -16.5969 1.6
    endloop
  endfacet
  facet normal 0.574447 -0.818542 0
    outer loop
      vertex 7.06564 -16.6481 1.6
      vertex 7.15541 -16.5851 2.4
      vertex 7.06564 -16.6481 2.4
    endloop
  endfacet
  facet normal 0.574447 -0.818542 0
    outer loop
      vertex 7.15541 -16.5851 2.4
      vertex 7.06564 -16.6481 1.6
      vertex 7.15541 -16.5851 1.6
    endloop
  endfacet
  facet normal 0.590852 -0.80678 0
    outer loop
      vertex 6.71349 -16.906 1.6
      vertex 7.06564 -16.6481 2.4
      vertex 6.71349 -16.906 2.4
    endloop
  endfacet
  facet normal 0.590852 -0.80678 0
    outer loop
      vertex 7.06564 -16.6481 2.4
      vertex 6.71349 -16.906 1.6
      vertex 7.06564 -16.6481 1.6
    endloop
  endfacet
  facet normal 0.913213 -0.407482 0
    outer loop
      vertex 6.70702 -16.9205 2.4
      vertex 6.71349 -16.906 1.6
      vertex 6.71349 -16.906 2.4
    endloop
  endfacet
  facet normal 0.913213 -0.407482 0
    outer loop
      vertex 6.71349 -16.906 1.6
      vertex 6.70702 -16.9205 2.4
      vertex 6.70702 -16.9205 1.6
    endloop
  endfacet
  facet normal 0.939692 -0.342023 0
    outer loop
      vertex 6.14803 -18.4563 2.4
      vertex 6.70702 -16.9205 1.6
      vertex 6.70702 -16.9205 2.4
    endloop
  endfacet
  facet normal 0.939692 -0.342023 0
    outer loop
      vertex 6.70702 -16.9205 1.6
      vertex 6.14803 -18.4563 2.4
      vertex 6.14803 -18.4563 1.6
    endloop
  endfacet
  facet normal 0.499993 -0.866029 0
    outer loop
      vertex 2.26366 -20.6989 1.6
      vertex 6.14803 -18.4563 2.4
      vertex 2.26366 -20.6989 2.4
    endloop
  endfacet
  facet normal 0.499993 -0.866029 0
    outer loop
      vertex 6.14803 -18.4563 2.4
      vertex 2.26366 -20.6989 1.6
      vertex 6.14803 -18.4563 1.6
    endloop
  endfacet
  facet normal 0.913562 -0.406699 0
    outer loop
      vertex 2.15054 -20.953 2.4
      vertex 2.26366 -20.6989 1.6
      vertex 2.26366 -20.6989 2.4
    endloop
  endfacet
  facet normal 0.913562 -0.406699 0
    outer loop
      vertex 2.26366 -20.6989 1.6
      vertex 2.15054 -20.953 2.4
      vertex 2.15054 -20.953 1.6
    endloop
  endfacet
  facet normal 0.978159 0.207859 0
    outer loop
      vertex 2.20834 -21.225 2.4
      vertex 2.15054 -20.953 1.6
      vertex 2.15054 -20.953 2.4
    endloop
  endfacet
  facet normal 0.978159 0.207859 0
    outer loop
      vertex 2.15054 -20.953 1.6
      vertex 2.20834 -21.225 2.4
      vertex 2.20834 -21.225 1.6
    endloop
  endfacet
  facet normal 0.669104 0.743169 -0
    outer loop
      vertex 2.41504 -21.4111 1.6
      vertex 2.20834 -21.225 2.4
      vertex 2.41504 -21.4111 2.4
    endloop
  endfacet
  facet normal 0.669104 0.743169 0
    outer loop
      vertex 2.20834 -21.225 2.4
      vertex 2.41504 -21.4111 1.6
      vertex 2.20834 -21.225 1.6
    endloop
  endfacet
  facet normal 0.104636 0.994511 -0
    outer loop
      vertex 2.69162 -21.4402 1.6
      vertex 2.41504 -21.4111 2.4
      vertex 2.69162 -21.4402 2.4
    endloop
  endfacet
  facet normal 0.104636 0.994511 0
    outer loop
      vertex 2.41504 -21.4111 2.4
      vertex 2.69162 -21.4402 1.6
      vertex 2.41504 -21.4111 1.6
    endloop
  endfacet
  facet normal -0.50001 0.86602 0
    outer loop
      vertex 6.57599 -19.1975 1.6
      vertex 2.69162 -21.4402 2.4
      vertex 6.57599 -19.1975 2.4
    endloop
  endfacet
  facet normal -0.50001 0.86602 0
    outer loop
      vertex 2.69162 -21.4402 2.4
      vertex 6.57599 -19.1975 1.6
      vertex 2.69162 -21.4402 1.6
    endloop
  endfacet
  facet normal -0.669104 0.743169 0
    outer loop
      vertex -2.20834 -21.225 1.6
      vertex -2.41504 -21.4111 2.4
      vertex -2.20834 -21.225 2.4
    endloop
  endfacet
  facet normal -0.669104 0.743169 0
    outer loop
      vertex -2.41504 -21.4111 2.4
      vertex -2.20834 -21.225 1.6
      vertex -2.41504 -21.4111 1.6
    endloop
  endfacet
  facet normal -0.978159 0.207859 0
    outer loop
      vertex -2.20834 -21.225 1.6
      vertex -2.15054 -20.953 2.4
      vertex -2.15054 -20.953 1.6
    endloop
  endfacet
  facet normal -0.978159 0.207859 0
    outer loop
      vertex -2.15054 -20.953 2.4
      vertex -2.20834 -21.225 1.6
      vertex -2.20834 -21.225 2.4
    endloop
  endfacet
  facet normal -0.913562 -0.406699 0
    outer loop
      vertex -2.15054 -20.953 1.6
      vertex -2.26366 -20.6989 2.4
      vertex -2.26366 -20.6989 1.6
    endloop
  endfacet
  facet normal -0.913562 -0.406699 0
    outer loop
      vertex -2.26366 -20.6989 2.4
      vertex -2.15054 -20.953 1.6
      vertex -2.15054 -20.953 2.4
    endloop
  endfacet
  facet normal -0.499993 -0.866029 0
    outer loop
      vertex -6.14803 -18.4563 1.6
      vertex -2.26366 -20.6989 2.4
      vertex -6.14803 -18.4563 2.4
    endloop
  endfacet
  facet normal -0.499993 -0.866029 -0
    outer loop
      vertex -2.26366 -20.6989 2.4
      vertex -6.14803 -18.4563 1.6
      vertex -2.26366 -20.6989 1.6
    endloop
  endfacet
  facet normal -0.939692 -0.342023 0
    outer loop
      vertex -6.14803 -18.4563 1.6
      vertex -6.70702 -16.9205 2.4
      vertex -6.70702 -16.9205 1.6
    endloop
  endfacet
  facet normal -0.939692 -0.342023 0
    outer loop
      vertex -6.70702 -16.9205 2.4
      vertex -6.14803 -18.4563 1.6
      vertex -6.14803 -18.4563 2.4
    endloop
  endfacet
  facet normal -0.913213 -0.407482 0
    outer loop
      vertex -6.70702 -16.9205 1.6
      vertex -6.71349 -16.906 2.4
      vertex -6.71349 -16.906 1.6
    endloop
  endfacet
  facet normal -0.913213 -0.407482 0
    outer loop
      vertex -6.71349 -16.906 2.4
      vertex -6.70702 -16.9205 1.6
      vertex -6.70702 -16.9205 2.4
    endloop
  endfacet
  facet normal -0.590852 -0.80678 0
    outer loop
      vertex -7.06564 -16.6481 1.6
      vertex -6.71349 -16.906 2.4
      vertex -7.06564 -16.6481 2.4
    endloop
  endfacet
  facet normal -0.590852 -0.80678 -0
    outer loop
      vertex -6.71349 -16.906 2.4
      vertex -7.06564 -16.6481 1.6
      vertex -6.71349 -16.906 1.6
    endloop
  endfacet
  facet normal -0.574447 -0.818542 0
    outer loop
      vertex -7.15541 -16.5851 1.6
      vertex -7.06564 -16.6481 2.4
      vertex -7.15541 -16.5851 2.4
    endloop
  endfacet
  facet normal -0.574447 -0.818542 -0
    outer loop
      vertex -7.06564 -16.6481 2.4
      vertex -7.15541 -16.5851 1.6
      vertex -7.06564 -16.6481 1.6
    endloop
  endfacet
  facet normal 0.104676 -0.994506 0
    outer loop
      vertex -7.26752 -16.5969 1.6
      vertex -7.15541 -16.5851 2.4
      vertex -7.26752 -16.5969 2.4
    endloop
  endfacet
  facet normal 0.104676 -0.994506 0
    outer loop
      vertex -7.15541 -16.5851 2.4
      vertex -7.26752 -16.5969 1.6
      vertex -7.15541 -16.5851 1.6
    endloop
  endfacet
  facet normal 0.669121 -0.743153 0
    outer loop
      vertex -7.45122 -16.7623 1.6
      vertex -7.26752 -16.5969 2.4
      vertex -7.45122 -16.7623 2.4
    endloop
  endfacet
  facet normal 0.669121 -0.743153 0
    outer loop
      vertex -7.26752 -16.5969 2.4
      vertex -7.45122 -16.7623 1.6
      vertex -7.26752 -16.5969 1.6
    endloop
  endfacet
  facet normal 0.978128 -0.208004 0
    outer loop
      vertex -7.50264 -17.0041 2.4
      vertex -7.45122 -16.7623 1.6
      vertex -7.45122 -16.7623 2.4
    endloop
  endfacet
  facet normal 0.978128 -0.208004 0
    outer loop
      vertex -7.45122 -16.7623 1.6
      vertex -7.50264 -17.0041 2.4
      vertex -7.50264 -17.0041 1.6
    endloop
  endfacet
  facet normal 0.939693 0.342018 0
    outer loop
      vertex -7.19385 -17.8525 2.4
      vertex -7.50264 -17.0041 1.6
      vertex -7.50264 -17.0041 2.4
    endloop
  endfacet
  facet normal 0.939693 0.342018 0
    outer loop
      vertex -7.50264 -17.0041 1.6
      vertex -7.19385 -17.8525 2.4
      vertex -7.19385 -17.8525 1.6
    endloop
  endfacet
  facet normal -0.500003 -0.866024 0
    outer loop
      vertex -8.46759 -17.1171 1.6
      vertex -7.19385 -17.8525 2.4
      vertex -8.46759 -17.1171 2.4
    endloop
  endfacet
  facet normal -0.500003 -0.866024 -0
    outer loop
      vertex -7.19385 -17.8525 2.4
      vertex -8.46759 -17.1171 1.6
      vertex -7.19385 -17.8525 1.6
    endloop
  endfacet
  facet normal -0.939694 -0.342016 0
    outer loop
      vertex -8.46759 -17.1171 1.6
      vertex -8.71101 -16.4483 2.4
      vertex -8.71101 -16.4483 1.6
    endloop
  endfacet
  facet normal -0.939694 -0.342016 0
    outer loop
      vertex -8.71101 -16.4483 2.4
      vertex -8.46759 -17.1171 1.6
      vertex -8.46759 -17.1171 2.4
    endloop
  endfacet
  facet normal -0.403698 -0.914892 0
    outer loop
      vertex -9.3569 -16.1633 1.6
      vertex -8.71101 -16.4483 2.4
      vertex -9.3569 -16.1633 2.4
    endloop
  endfacet
  facet normal -0.403698 -0.914892 -0
    outer loop
      vertex -8.71101 -16.4483 2.4
      vertex -9.3569 -16.1633 1.6
      vertex -8.71101 -16.4483 1.6
    endloop
  endfacet
  facet normal -0.446405 -0.894831 0
    outer loop
      vertex -9.63573 -16.0242 1.6
      vertex -9.3569 -16.1633 2.4
      vertex -9.63573 -16.0242 2.4
    endloop
  endfacet
  facet normal -0.446405 -0.894831 -0
    outer loop
      vertex -9.3569 -16.1633 2.4
      vertex -9.63573 -16.0242 1.6
      vertex -9.3569 -16.1633 1.6
    endloop
  endfacet
  facet normal 0.988584 -0.150672 0
    outer loop
      vertex -9.65216 -16.132 2.4
      vertex -9.63573 -16.0242 1.6
      vertex -9.63573 -16.0242 2.4
    endloop
  endfacet
  facet normal 0.988584 -0.150672 0
    outer loop
      vertex -9.63573 -16.0242 1.6
      vertex -9.65216 -16.132 2.4
      vertex -9.65216 -16.132 1.6
    endloop
  endfacet
  facet normal 0.93971 0.341973 0
    outer loop
      vertex -9.5134 -16.5133 2.4
      vertex -9.65216 -16.132 1.6
      vertex -9.65216 -16.132 2.4
    endloop
  endfacet
  facet normal 0.93971 0.341973 0
    outer loop
      vertex -9.65216 -16.132 1.6
      vertex -9.5134 -16.5133 2.4
      vertex -9.5134 -16.5133 1.6
    endloop
  endfacet
  facet normal -0.500123 -0.865954 0
    outer loop
      vertex -9.69434 -16.4088 1.6
      vertex -9.5134 -16.5133 2.4
      vertex -9.69434 -16.4088 2.4
    endloop
  endfacet
  facet normal -0.500123 -0.865954 -0
    outer loop
      vertex -9.5134 -16.5133 2.4
      vertex -9.69434 -16.4088 1.6
      vertex -9.5134 -16.5133 1.6
    endloop
  endfacet
  facet normal 0.988596 -0.150591 0
    outer loop
      vertex -9.71495 -16.5441 2.4
      vertex -9.69434 -16.4088 1.6
      vertex -9.69434 -16.4088 2.4
    endloop
  endfacet
  facet normal 0.988596 -0.150591 0
    outer loop
      vertex -9.69434 -16.4088 1.6
      vertex -9.71495 -16.5441 2.4
      vertex -9.71495 -16.5441 1.6
    endloop
  endfacet
  facet normal -0.0783895 -0.996923 0
    outer loop
      vertex -10.4106 -16.4894 1.6
      vertex -9.71495 -16.5441 2.4
      vertex -10.4106 -16.4894 2.4
    endloop
  endfacet
  facet normal -0.0783895 -0.996923 -0
    outer loop
      vertex -9.71495 -16.5441 2.4
      vertex -10.4106 -16.4894 1.6
      vertex -9.71495 -16.5441 1.6
    endloop
  endfacet
  facet normal 0.82423 0.566255 0
    outer loop
      vertex -10.0155 -17.0645 2.4
      vertex -10.4106 -16.4894 1.6
      vertex -10.4106 -16.4894 2.4
    endloop
  endfacet
  facet normal 0.82423 0.566255 0
    outer loop
      vertex -10.4106 -16.4894 1.6
      vertex -10.0155 -17.0645 2.4
      vertex -10.0155 -17.0645 1.6
    endloop
  endfacet
  facet normal 0.624962 -0.780655 0
    outer loop
      vertex -10.1223 -17.15 1.6
      vertex -10.0155 -17.0645 2.4
      vertex -10.1223 -17.15 2.4
    endloop
  endfacet
  facet normal 0.624962 -0.780655 0
    outer loop
      vertex -10.0155 -17.0645 2.4
      vertex -10.1223 -17.15 1.6
      vertex -10.0155 -17.0645 1.6
    endloop
  endfacet
  facet normal 0.500123 0.865954 -0
    outer loop
      vertex -9.94136 -17.2545 1.6
      vertex -10.1223 -17.15 2.4
      vertex -9.94136 -17.2545 2.4
    endloop
  endfacet
  facet normal 0.500123 0.865954 0
    outer loop
      vertex -10.1223 -17.15 2.4
      vertex -9.94136 -17.2545 1.6
      vertex -10.1223 -17.15 1.6
    endloop
  endfacet
  facet normal 0.173768 -0.984787 0
    outer loop
      vertex -10.3409 -17.325 1.6
      vertex -9.94136 -17.2545 2.4
      vertex -10.3409 -17.325 2.4
    endloop
  endfacet
  facet normal 0.173768 -0.984787 0
    outer loop
      vertex -9.94136 -17.2545 2.4
      vertex -10.3409 -17.325 1.6
      vertex -9.94136 -17.2545 1.6
    endloop
  endfacet
  facet normal 0.62436 -0.781137 0
    outer loop
      vertex -10.4261 -17.3931 1.6
      vertex -10.3409 -17.325 2.4
      vertex -10.4261 -17.3931 2.4
    endloop
  endfacet
  facet normal 0.62436 -0.781137 0
    outer loop
      vertex -10.3409 -17.325 2.4
      vertex -10.4261 -17.3931 1.6
      vertex -10.3409 -17.325 1.6
    endloop
  endfacet
  facet normal 0.55166 0.834069 -0
    outer loop
      vertex -10.1662 -17.565 1.6
      vertex -10.4261 -17.3931 2.4
      vertex -10.1662 -17.565 2.4
    endloop
  endfacet
  facet normal 0.55166 0.834069 0
    outer loop
      vertex -10.4261 -17.3931 2.4
      vertex -10.1662 -17.565 1.6
      vertex -10.4261 -17.3931 1.6
    endloop
  endfacet
  facet normal 0.590512 0.807029 -0
    outer loop
      vertex -9.59644 -17.9819 1.6
      vertex -10.1662 -17.565 2.4
      vertex -9.59644 -17.9819 2.4
    endloop
  endfacet
  facet normal 0.590512 0.807029 0
    outer loop
      vertex -10.1662 -17.565 2.4
      vertex -9.59644 -17.9819 1.6
      vertex -10.1662 -17.565 1.6
    endloop
  endfacet
  facet normal -0.173668 0.984804 0
    outer loop
      vertex -8.89555 -17.8583 1.6
      vertex -9.59644 -17.9819 2.4
      vertex -8.89555 -17.8583 2.4
    endloop
  endfacet
  facet normal -0.173668 0.984804 0
    outer loop
      vertex -9.59644 -17.9819 2.4
      vertex -8.89555 -17.8583 1.6
      vertex -9.59644 -17.9819 1.6
    endloop
  endfacet
  facet normal 0.500003 0.866024 -0
    outer loop
      vertex -7.62181 -18.5937 1.6
      vertex -8.89555 -17.8583 2.4
      vertex -7.62181 -18.5937 2.4
    endloop
  endfacet
  facet normal 0.500003 0.866024 0
    outer loop
      vertex -8.89555 -17.8583 2.4
      vertex -7.62181 -18.5937 1.6
      vertex -8.89555 -17.8583 1.6
    endloop
  endfacet
  facet normal 0.173674 -0.984803 0
    outer loop
      vertex -8.51093 -18.7505 1.6
      vertex -7.62181 -18.5937 2.4
      vertex -8.51093 -18.7505 2.4
    endloop
  endfacet
  facet normal 0.173674 -0.984803 0
    outer loop
      vertex -7.62181 -18.5937 2.4
      vertex -8.51093 -18.7505 1.6
      vertex -7.62181 -18.5937 1.6
    endloop
  endfacet
  facet normal 0.669121 -0.743153 0
    outer loop
      vertex -8.69463 -18.9159 1.6
      vertex -8.51093 -18.7505 2.4
      vertex -8.69463 -18.9159 2.4
    endloop
  endfacet
  facet normal 0.669121 -0.743153 0
    outer loop
      vertex -8.51093 -18.7505 2.4
      vertex -8.69463 -18.9159 1.6
      vertex -8.51093 -18.7505 1.6
    endloop
  endfacet
  facet normal 0.978144 -0.207926 0
    outer loop
      vertex -8.74603 -19.1577 2.4
      vertex -8.69463 -18.9159 1.6
      vertex -8.69463 -18.9159 2.4
    endloop
  endfacet
  facet normal 0.978144 -0.207926 0
    outer loop
      vertex -8.69463 -18.9159 1.6
      vertex -8.74603 -19.1577 2.4
      vertex -8.74603 -19.1577 1.6
    endloop
  endfacet
  facet normal 0.913574 0.406673 0
    outer loop
      vertex -8.70018 -19.2607 2.4
      vertex -8.74603 -19.1577 1.6
      vertex -8.74603 -19.1577 2.4
    endloop
  endfacet
  facet normal 0.913574 0.406673 0
    outer loop
      vertex -8.74603 -19.1577 1.6
      vertex -8.70018 -19.2607 2.4
      vertex -8.70018 -19.2607 1.6
    endloop
  endfacet
  facet normal 0.421608 0.906778 -0
    outer loop
      vertex -8.60146 -19.3066 1.6
      vertex -8.70018 -19.2607 2.4
      vertex -8.60146 -19.3066 2.4
    endloop
  endfacet
  facet normal 0.421608 0.906778 0
    outer loop
      vertex -8.70018 -19.2607 2.4
      vertex -8.60146 -19.3066 1.6
      vertex -8.70018 -19.2607 1.6
    endloop
  endfacet
  facet normal 0.403378 0.915033 -0
    outer loop
      vertex -8.20131 -19.483 1.6
      vertex -8.60146 -19.3066 2.4
      vertex -8.20131 -19.483 2.4
    endloop
  endfacet
  facet normal 0.403378 0.915033 0
    outer loop
      vertex -8.60146 -19.3066 2.4
      vertex -8.20131 -19.483 1.6
      vertex -8.60146 -19.3066 1.6
    endloop
  endfacet
  facet normal -0.107112 0.994247 0
    outer loop
      vertex -8.18553 -19.4813 1.6
      vertex -8.20131 -19.483 2.4
      vertex -8.18553 -19.4813 2.4
    endloop
  endfacet
  facet normal -0.107112 0.994247 0
    outer loop
      vertex -8.20131 -19.483 2.4
      vertex -8.18553 -19.4813 1.6
      vertex -8.20131 -19.483 1.6
    endloop
  endfacet
  facet normal -0.173645 0.984808 0
    outer loop
      vertex -6.57599 -19.1975 1.6
      vertex -8.18553 -19.4813 2.4
      vertex -6.57599 -19.1975 2.4
    endloop
  endfacet
  facet normal -0.173645 0.984808 0
    outer loop
      vertex -8.18553 -19.4813 2.4
      vertex -6.57599 -19.1975 1.6
      vertex -8.18553 -19.4813 1.6
    endloop
  endfacet
  facet normal 0.50001 0.86602 -0
    outer loop
      vertex -2.69162 -21.4402 1.6
      vertex -6.57599 -19.1975 2.4
      vertex -2.69162 -21.4402 2.4
    endloop
  endfacet
  facet normal 0.50001 0.86602 0
    outer loop
      vertex -6.57599 -19.1975 2.4
      vertex -2.69162 -21.4402 1.6
      vertex -6.57599 -19.1975 1.6
    endloop
  endfacet
  facet normal -0.104636 0.994511 0
    outer loop
      vertex -2.41504 -21.4111 1.6
      vertex -2.69162 -21.4402 2.4
      vertex -2.41504 -21.4111 2.4
    endloop
  endfacet
  facet normal -0.104636 0.994511 0
    outer loop
      vertex -2.69162 -21.4402 2.4
      vertex -2.41504 -21.4111 1.6
      vertex -2.69162 -21.4402 1.6
    endloop
  endfacet
  facet normal -0.505063 0.863082 0
    outer loop
      vertex -12.6834 -34.0115 1.6
      vertex -12.7779 -34.0668 2.4
      vertex -12.6834 -34.0115 2.4
    endloop
  endfacet
  facet normal -0.505063 0.863082 0
    outer loop
      vertex -12.7779 -34.0668 2.4
      vertex -12.6834 -34.0115 1.6
      vertex -12.7779 -34.0668 1.6
    endloop
  endfacet
  facet normal -0.945323 0.326136 0
    outer loop
      vertex -12.6834 -34.0115 1.6
      vertex -12.642 -33.8915 2.4
      vertex -12.642 -33.8915 1.6
    endloop
  endfacet
  facet normal -0.945323 0.326136 0
    outer loop
      vertex -12.642 -33.8915 2.4
      vertex -12.6834 -34.0115 1.6
      vertex -12.6834 -34.0115 2.4
    endloop
  endfacet
  facet normal -0.965932 0.258796 0
    outer loop
      vertex -12.642 -33.8915 1.6
      vertex -11.9768 -31.4087 2.4
      vertex -11.9768 -31.4087 1.6
    endloop
  endfacet
  facet normal -0.965932 0.258796 0
    outer loop
      vertex -11.9768 -31.4087 2.4
      vertex -12.642 -33.8915 1.6
      vertex -12.642 -33.8915 2.4
    endloop
  endfacet
  facet normal -0.573582 0.819148 0
    outer loop
      vertex -9.71036 -29.8217 1.6
      vertex -11.9768 -31.4087 2.4
      vertex -9.71036 -29.8217 2.4
    endloop
  endfacet
  facet normal -0.573582 0.819148 0
    outer loop
      vertex -11.9768 -31.4087 2.4
      vertex -9.71036 -29.8217 1.6
      vertex -11.9768 -31.4087 1.6
    endloop
  endfacet
  facet normal 0.965925 -0.258823 0
    outer loop
      vertex -10.1863 -31.5979 2.4
      vertex -9.71036 -29.8217 1.6
      vertex -9.71036 -29.8217 2.4
    endloop
  endfacet
  facet normal 0.965925 -0.258823 0
    outer loop
      vertex -9.71036 -29.8217 1.6
      vertex -10.1863 -31.5979 2.4
      vertex -10.1863 -31.5979 1.6
    endloop
  endfacet
  facet normal 0.956276 0.292465 0
    outer loop
      vertex -10.114 -31.8343 2.4
      vertex -10.1863 -31.5979 1.6
      vertex -10.1863 -31.5979 2.4
    endloop
  endfacet
  facet normal 0.956276 0.292465 0
    outer loop
      vertex -10.1863 -31.5979 1.6
      vertex -10.114 -31.8343 2.4
      vertex -10.114 -31.8343 1.6
    endloop
  endfacet
  facet normal 0.601862 0.7986 -0
    outer loop
      vertex -9.91656 -31.9831 1.6
      vertex -10.114 -31.8343 2.4
      vertex -9.91656 -31.9831 2.4
    endloop
  endfacet
  facet normal 0.601862 0.7986 0
    outer loop
      vertex -10.114 -31.8343 2.4
      vertex -9.91656 -31.9831 1.6
      vertex -10.114 -31.8343 1.6
    endloop
  endfacet
  facet normal 0.0173943 0.999849 -0
    outer loop
      vertex -9.66939 -31.9874 1.6
      vertex -9.91656 -31.9831 2.4
      vertex -9.66939 -31.9874 2.4
    endloop
  endfacet
  facet normal 0.0173943 0.999849 0
    outer loop
      vertex -9.91656 -31.9831 2.4
      vertex -9.66939 -31.9874 1.6
      vertex -9.91656 -31.9831 1.6
    endloop
  endfacet
  facet normal -0.573598 0.819137 0
    outer loop
      vertex -9.46689 -31.8456 1.6
      vertex -9.66939 -31.9874 2.4
      vertex -9.46689 -31.8456 2.4
    endloop
  endfacet
  facet normal -0.573598 0.819137 0
    outer loop
      vertex -9.66939 -31.9874 2.4
      vertex -9.46689 -31.8456 1.6
      vertex -9.66939 -31.9874 1.6
    endloop
  endfacet
  facet normal -0.945536 0.325518 0
    outer loop
      vertex -9.46689 -31.8456 1.6
      vertex -9.3864 -31.6118 2.4
      vertex -9.3864 -31.6118 1.6
    endloop
  endfacet
  facet normal -0.945536 0.325518 0
    outer loop
      vertex -9.3864 -31.6118 2.4
      vertex -9.46689 -31.8456 1.6
      vertex -9.46689 -31.8456 2.4
    endloop
  endfacet
  facet normal -0.965925 0.258824 0
    outer loop
      vertex -9.3864 -31.6118 1.6
      vertex -8.72115 -29.1291 2.4
      vertex -8.72115 -29.1291 1.6
    endloop
  endfacet
  facet normal -0.965925 0.258824 0
    outer loop
      vertex -8.72115 -29.1291 2.4
      vertex -9.3864 -31.6118 1.6
      vertex -9.3864 -31.6118 2.4
    endloop
  endfacet
  facet normal -0.573581 0.819149 0
    outer loop
      vertex -2.09805 -24.4915 1.6
      vertex -8.72115 -29.1291 2.4
      vertex -2.09805 -24.4915 2.4
    endloop
  endfacet
  facet normal -0.573581 0.819149 0
    outer loop
      vertex -8.72115 -29.1291 2.4
      vertex -2.09805 -24.4915 1.6
      vertex -8.72115 -29.1291 1.6
    endloop
  endfacet
  facet normal -0.945512 0.325588 0
    outer loop
      vertex -2.09805 -24.4915 1.6
      vertex -2.00752 -24.2286 2.4
      vertex -2.00752 -24.2286 1.6
    endloop
  endfacet
  facet normal -0.945512 0.325588 0
    outer loop
      vertex -2.00752 -24.2286 2.4
      vertex -2.09805 -24.4915 1.6
      vertex -2.09805 -24.4915 2.4
    endloop
  endfacet
  facet normal -0.956329 -0.292292 0
    outer loop
      vertex -2.00752 -24.2286 1.6
      vertex -2.08882 -23.9626 2.4
      vertex -2.08882 -23.9626 1.6
    endloop
  endfacet
  facet normal -0.956329 -0.292292 0
    outer loop
      vertex -2.08882 -23.9626 2.4
      vertex -2.00752 -24.2286 1.6
      vertex -2.00752 -24.2286 2.4
    endloop
  endfacet
  facet normal -0.601862 -0.7986 0
    outer loop
      vertex -2.31094 -23.7952 1.6
      vertex -2.08882 -23.9626 2.4
      vertex -2.31094 -23.7952 2.4
    endloop
  endfacet
  facet normal -0.601862 -0.7986 -0
    outer loop
      vertex -2.08882 -23.9626 2.4
      vertex -2.31094 -23.7952 1.6
      vertex -2.08882 -23.9626 1.6
    endloop
  endfacet
  facet normal -0.0172599 -0.999851 0
    outer loop
      vertex -2.589 -23.7904 1.6
      vertex -2.31094 -23.7952 2.4
      vertex -2.589 -23.7904 2.4
    endloop
  endfacet
  facet normal -0.0172599 -0.999851 -0
    outer loop
      vertex -2.31094 -23.7952 2.4
      vertex -2.589 -23.7904 1.6
      vertex -2.31094 -23.7952 1.6
    endloop
  endfacet
  facet normal 0.573574 -0.819154 0
    outer loop
      vertex -9.21208 -28.4279 1.6
      vertex -2.589 -23.7904 2.4
      vertex -9.21208 -28.4279 2.4
    endloop
  endfacet
  facet normal 0.573574 -0.819154 0
    outer loop
      vertex -2.589 -23.7904 2.4
      vertex -9.21208 -28.4279 1.6
      vertex -2.589 -23.7904 1.6
    endloop
  endfacet
  facet normal -0.087146 -0.996196 0
    outer loop
      vertex -11.7727 -28.2039 1.6
      vertex -9.21208 -28.4279 2.4
      vertex -11.7727 -28.2039 2.4
    endloop
  endfacet
  facet normal -0.087146 -0.996196 -0
    outer loop
      vertex -9.21208 -28.4279 2.4
      vertex -11.7727 -28.2039 1.6
      vertex -9.21208 -28.4279 1.6
    endloop
  endfacet
  facet normal -0.0173922 -0.999849 0
    outer loop
      vertex -12.0199 -28.1996 1.6
      vertex -11.7727 -28.2039 2.4
      vertex -12.0199 -28.1996 2.4
    endloop
  endfacet
  facet normal -0.0173922 -0.999849 -0
    outer loop
      vertex -11.7727 -28.2039 2.4
      vertex -12.0199 -28.1996 1.6
      vertex -11.7727 -28.2039 1.6
    endloop
  endfacet
  facet normal 0.573598 -0.819137 0
    outer loop
      vertex -12.2224 -28.3414 1.6
      vertex -12.0199 -28.1996 2.4
      vertex -12.2224 -28.3414 2.4
    endloop
  endfacet
  facet normal 0.573598 -0.819137 0
    outer loop
      vertex -12.0199 -28.1996 2.4
      vertex -12.2224 -28.3414 1.6
      vertex -12.0199 -28.1996 1.6
    endloop
  endfacet
  facet normal 0.945605 -0.325317 0
    outer loop
      vertex -12.3028 -28.5751 2.4
      vertex -12.2224 -28.3414 1.6
      vertex -12.2224 -28.3414 2.4
    endloop
  endfacet
  facet normal 0.945605 -0.325317 0
    outer loop
      vertex -12.2224 -28.3414 1.6
      vertex -12.3028 -28.5751 2.4
      vertex -12.3028 -28.5751 1.6
    endloop
  endfacet
  facet normal 0.956276 0.292465 0
    outer loop
      vertex -12.2305 -28.8115 2.4
      vertex -12.3028 -28.5751 1.6
      vertex -12.3028 -28.5751 2.4
    endloop
  endfacet
  facet normal 0.956276 0.292465 0
    outer loop
      vertex -12.3028 -28.5751 1.6
      vertex -12.2305 -28.8115 2.4
      vertex -12.2305 -28.8115 1.6
    endloop
  endfacet
  facet normal 0.60194 0.798541 -0
    outer loop
      vertex -12.0331 -28.9603 1.6
      vertex -12.2305 -28.8115 2.4
      vertex -12.0331 -28.9603 2.4
    endloop
  endfacet
  facet normal 0.60194 0.798541 0
    outer loop
      vertex -12.2305 -28.8115 2.4
      vertex -12.0331 -28.9603 1.6
      vertex -12.2305 -28.8115 1.6
    endloop
  endfacet
  facet normal 0.0871764 0.996193 -0
    outer loop
      vertex -10.2013 -29.1206 1.6
      vertex -12.0331 -28.9603 2.4
      vertex -10.2013 -29.1206 2.4
    endloop
  endfacet
  facet normal 0.0871764 0.996193 0
    outer loop
      vertex -12.0331 -28.9603 2.4
      vertex -10.2013 -29.1206 1.6
      vertex -12.0331 -28.9603 1.6
    endloop
  endfacet
  facet normal 0.573588 -0.819144 0
    outer loop
      vertex -12.4677 -30.7076 1.6
      vertex -10.2013 -29.1206 2.4
      vertex -12.4677 -30.7076 2.4
    endloop
  endfacet
  facet normal 0.573588 -0.819144 0
    outer loop
      vertex -10.2013 -29.1206 2.4
      vertex -12.4677 -30.7076 1.6
      vertex -10.2013 -29.1206 1.6
    endloop
  endfacet
  facet normal -0.0871853 -0.996192 0
    outer loop
      vertex -15.0283 -30.4835 1.6
      vertex -12.4677 -30.7076 2.4
      vertex -15.0283 -30.4835 2.4
    endloop
  endfacet
  facet normal -0.0871853 -0.996192 -0
    outer loop
      vertex -12.4677 -30.7076 2.4
      vertex -15.0283 -30.4835 1.6
      vertex -12.4677 -30.7076 1.6
    endloop
  endfacet
  facet normal -0.0173202 -0.99985 0
    outer loop
      vertex -15.1553 -30.4813 1.6
      vertex -15.0283 -30.4835 2.4
      vertex -15.1553 -30.4813 2.4
    endloop
  endfacet
  facet normal -0.0173202 -0.99985 -0
    outer loop
      vertex -15.0283 -30.4835 2.4
      vertex -15.1553 -30.4813 1.6
      vertex -15.0283 -30.4835 1.6
    endloop
  endfacet
  facet normal 0.638296 -0.769791 0
    outer loop
      vertex -15.2396 -30.5512 1.6
      vertex -15.1553 -30.4813 2.4
      vertex -15.2396 -30.5512 2.4
    endloop
  endfacet
  facet normal 0.638296 -0.769791 0
    outer loop
      vertex -15.1553 -30.4813 2.4
      vertex -15.2396 -30.5512 1.6
      vertex -15.1553 -30.4813 1.6
    endloop
  endfacet
  facet normal 0.632644 -0.774443 0
    outer loop
      vertex -15.5378 -30.7948 1.6
      vertex -15.2396 -30.5512 2.4
      vertex -15.5378 -30.7948 2.4
    endloop
  endfacet
  facet normal 0.632644 -0.774443 0
    outer loop
      vertex -15.2396 -30.5512 2.4
      vertex -15.5378 -30.7948 1.6
      vertex -15.2396 -30.5512 1.6
    endloop
  endfacet
  facet normal 0.945155 -0.326623 0
    outer loop
      vertex -15.5585 -30.8547 2.4
      vertex -15.5378 -30.7948 1.6
      vertex -15.5378 -30.7948 2.4
    endloop
  endfacet
  facet normal 0.945155 -0.326623 0
    outer loop
      vertex -15.5378 -30.7948 1.6
      vertex -15.5585 -30.8547 2.4
      vertex -15.5585 -30.8547 1.6
    endloop
  endfacet
  facet normal 0.956311 0.292352 0
    outer loop
      vertex -15.4862 -31.0912 2.4
      vertex -15.5585 -30.8547 1.6
      vertex -15.5585 -30.8547 2.4
    endloop
  endfacet
  facet normal 0.956311 0.292352 0
    outer loop
      vertex -15.5585 -30.8547 1.6
      vertex -15.4862 -31.0912 2.4
      vertex -15.4862 -31.0912 1.6
    endloop
  endfacet
  facet normal 0.601682 0.798736 -0
    outer loop
      vertex -15.2888 -31.2399 1.6
      vertex -15.4862 -31.0912 2.4
      vertex -15.2888 -31.2399 2.4
    endloop
  endfacet
  facet normal 0.601682 0.798736 0
    outer loop
      vertex -15.4862 -31.0912 2.4
      vertex -15.2888 -31.2399 1.6
      vertex -15.4862 -31.0912 1.6
    endloop
  endfacet
  facet normal 0.0871717 0.996193 -0
    outer loop
      vertex -13.4569 -31.4002 1.6
      vertex -15.2888 -31.2399 2.4
      vertex -13.4569 -31.4002 2.4
    endloop
  endfacet
  facet normal 0.0871717 0.996193 0
    outer loop
      vertex -15.2888 -31.2399 2.4
      vertex -13.4569 -31.4002 1.6
      vertex -15.2888 -31.2399 1.6
    endloop
  endfacet
  facet normal 0.57356 -0.819163 0
    outer loop
      vertex -15.4244 -32.7778 1.6
      vertex -13.4569 -31.4002 2.4
      vertex -15.4244 -32.7778 2.4
    endloop
  endfacet
  facet normal 0.57356 -0.819163 0
    outer loop
      vertex -13.4569 -31.4002 2.4
      vertex -15.4244 -32.7778 1.6
      vertex -13.4569 -31.4002 1.6
    endloop
  endfacet
  facet normal 0.999995 0.00302113 0
    outer loop
      vertex -15.4241 -32.8771 2.4
      vertex -15.4244 -32.7778 1.6
      vertex -15.4244 -32.7778 2.4
    endloop
  endfacet
  facet normal 0.999995 0.00302113 0
    outer loop
      vertex -15.4244 -32.7778 1.6
      vertex -15.4241 -32.8771 2.4
      vertex -15.4241 -32.8771 1.6
    endloop
  endfacet
  facet normal 0.809713 -0.586825 0
    outer loop
      vertex -16.0465 -33.7359 2.4
      vertex -15.4241 -32.8771 1.6
      vertex -15.4241 -32.8771 2.4
    endloop
  endfacet
  facet normal 0.809713 -0.586825 0
    outer loop
      vertex -15.4241 -32.8771 1.6
      vertex -16.0465 -33.7359 2.4
      vertex -16.0465 -33.7359 1.6
    endloop
  endfacet
  facet normal -0.27446 0.961599 0
    outer loop
      vertex -15.0266 -33.4448 1.6
      vertex -16.0465 -33.7359 2.4
      vertex -15.0266 -33.4448 2.4
    endloop
  endfacet
  facet normal -0.27446 0.961599 0
    outer loop
      vertex -16.0465 -33.7359 2.4
      vertex -15.0266 -33.4448 1.6
      vertex -16.0465 -33.7359 1.6
    endloop
  endfacet
  facet normal 0.344817 0.93867 -0
    outer loop
      vertex -14.9335 -33.479 1.6
      vertex -15.0266 -33.4448 2.4
      vertex -14.9335 -33.479 2.4
    endloop
  endfacet
  facet normal 0.344817 0.93867 0
    outer loop
      vertex -15.0266 -33.4448 2.4
      vertex -14.9335 -33.479 1.6
      vertex -15.0266 -33.4448 1.6
    endloop
  endfacet
  facet normal -0.573588 0.819144 0
    outer loop
      vertex -12.966 -32.1013 1.6
      vertex -14.9335 -33.479 2.4
      vertex -12.966 -32.1013 2.4
    endloop
  endfacet
  facet normal -0.573588 0.819144 0
    outer loop
      vertex -14.9335 -33.479 2.4
      vertex -12.966 -32.1013 1.6
      vertex -14.9335 -33.479 1.6
    endloop
  endfacet
  facet normal 0.96593 -0.258803 0
    outer loop
      vertex -13.4419 -33.8775 2.4
      vertex -12.966 -32.1013 1.6
      vertex -12.966 -32.1013 2.4
    endloop
  endfacet
  facet normal 0.96593 -0.258803 0
    outer loop
      vertex -12.966 -32.1013 1.6
      vertex -13.4419 -33.8775 2.4
      vertex -13.4419 -33.8775 1.6
    endloop
  endfacet
  facet normal 0.956276 0.292465 0
    outer loop
      vertex -13.3696 -34.1139 2.4
      vertex -13.4419 -33.8775 1.6
      vertex -13.4419 -33.8775 2.4
    endloop
  endfacet
  facet normal 0.956276 0.292465 0
    outer loop
      vertex -13.4419 -33.8775 1.6
      vertex -13.3696 -34.1139 2.4
      vertex -13.3696 -34.1139 1.6
    endloop
  endfacet
  facet normal 0.60194 0.798541 -0
    outer loop
      vertex -13.1722 -34.2627 1.6
      vertex -13.3696 -34.1139 2.4
      vertex -13.1722 -34.2627 2.4
    endloop
  endfacet
  facet normal 0.60194 0.798541 0
    outer loop
      vertex -13.3696 -34.1139 2.4
      vertex -13.1722 -34.2627 1.6
      vertex -13.3696 -34.1139 1.6
    endloop
  endfacet
  facet normal 0.0173475 0.99985 -0
    outer loop
      vertex -13.1088 -34.2638 1.6
      vertex -13.1722 -34.2627 2.4
      vertex -13.1088 -34.2638 2.4
    endloop
  endfacet
  facet normal 0.0173475 0.99985 0
    outer loop
      vertex -13.1722 -34.2627 2.4
      vertex -13.1088 -34.2638 1.6
      vertex -13.1722 -34.2627 1.6
    endloop
  endfacet
  facet normal -0.511552 0.859252 0
    outer loop
      vertex -12.7779 -34.0668 1.6
      vertex -13.1088 -34.2638 2.4
      vertex -12.7779 -34.0668 2.4
    endloop
  endfacet
  facet normal -0.511552 0.859252 0
    outer loop
      vertex -13.1088 -34.2638 2.4
      vertex -12.7779 -34.0668 1.6
      vertex -13.1088 -34.2638 1.6
    endloop
  endfacet
  facet normal -0.60194 0.798541 0
    outer loop
      vertex 13.3696 -34.1139 1.6
      vertex 13.1722 -34.2627 2.4
      vertex 13.3696 -34.1139 2.4
    endloop
  endfacet
  facet normal -0.60194 0.798541 0
    outer loop
      vertex 13.1722 -34.2627 2.4
      vertex 13.3696 -34.1139 1.6
      vertex 13.1722 -34.2627 1.6
    endloop
  endfacet
  facet normal -0.956276 0.292465 0
    outer loop
      vertex 13.3696 -34.1139 1.6
      vertex 13.4419 -33.8775 2.4
      vertex 13.4419 -33.8775 1.6
    endloop
  endfacet
  facet normal -0.956276 0.292465 0
    outer loop
      vertex 13.4419 -33.8775 2.4
      vertex 13.3696 -34.1139 1.6
      vertex 13.3696 -34.1139 2.4
    endloop
  endfacet
  facet normal -0.96593 -0.258803 0
    outer loop
      vertex 13.4419 -33.8775 1.6
      vertex 12.966 -32.1013 2.4
      vertex 12.966 -32.1013 1.6
    endloop
  endfacet
  facet normal -0.96593 -0.258803 0
    outer loop
      vertex 12.966 -32.1013 2.4
      vertex 13.4419 -33.8775 1.6
      vertex 13.4419 -33.8775 2.4
    endloop
  endfacet
  facet normal 0.573588 0.819144 -0
    outer loop
      vertex 14.9335 -33.479 1.6
      vertex 12.966 -32.1013 2.4
      vertex 14.9335 -33.479 2.4
    endloop
  endfacet
  facet normal 0.573588 0.819144 0
    outer loop
      vertex 12.966 -32.1013 2.4
      vertex 14.9335 -33.479 1.6
      vertex 12.966 -32.1013 1.6
    endloop
  endfacet
  facet normal -0.344817 0.93867 0
    outer loop
      vertex 15.0266 -33.4448 1.6
      vertex 14.9335 -33.479 2.4
      vertex 15.0266 -33.4448 2.4
    endloop
  endfacet
  facet normal -0.344817 0.93867 0
    outer loop
      vertex 14.9335 -33.479 2.4
      vertex 15.0266 -33.4448 1.6
      vertex 14.9335 -33.479 1.6
    endloop
  endfacet
  facet normal 0.27446 0.961599 -0
    outer loop
      vertex 16.0465 -33.7359 1.6
      vertex 15.0266 -33.4448 2.4
      vertex 16.0465 -33.7359 2.4
    endloop
  endfacet
  facet normal 0.27446 0.961599 0
    outer loop
      vertex 15.0266 -33.4448 2.4
      vertex 16.0465 -33.7359 1.6
      vertex 15.0266 -33.4448 1.6
    endloop
  endfacet
  facet normal -0.809713 -0.586825 0
    outer loop
      vertex 16.0465 -33.7359 1.6
      vertex 15.4241 -32.8771 2.4
      vertex 15.4241 -32.8771 1.6
    endloop
  endfacet
  facet normal -0.809713 -0.586825 0
    outer loop
      vertex 15.4241 -32.8771 2.4
      vertex 16.0465 -33.7359 1.6
      vertex 16.0465 -33.7359 2.4
    endloop
  endfacet
  facet normal -0.999995 0.00302113 0
    outer loop
      vertex 15.4241 -32.8771 1.6
      vertex 15.4244 -32.7778 2.4
      vertex 15.4244 -32.7778 1.6
    endloop
  endfacet
  facet normal -0.999995 0.00302113 0
    outer loop
      vertex 15.4244 -32.7778 2.4
      vertex 15.4241 -32.8771 1.6
      vertex 15.4241 -32.8771 2.4
    endloop
  endfacet
  facet normal -0.57356 -0.819163 0
    outer loop
      vertex 13.4569 -31.4002 1.6
      vertex 15.4244 -32.7778 2.4
      vertex 13.4569 -31.4002 2.4
    endloop
  endfacet
  facet normal -0.57356 -0.819163 -0
    outer loop
      vertex 15.4244 -32.7778 2.4
      vertex 13.4569 -31.4002 1.6
      vertex 15.4244 -32.7778 1.6
    endloop
  endfacet
  facet normal -0.0871717 0.996193 0
    outer loop
      vertex 15.2888 -31.2399 1.6
      vertex 13.4569 -31.4002 2.4
      vertex 15.2888 -31.2399 2.4
    endloop
  endfacet
  facet normal -0.0871717 0.996193 0
    outer loop
      vertex 13.4569 -31.4002 2.4
      vertex 15.2888 -31.2399 1.6
      vertex 13.4569 -31.4002 1.6
    endloop
  endfacet
  facet normal -0.601682 0.798736 0
    outer loop
      vertex 15.4862 -31.0912 1.6
      vertex 15.2888 -31.2399 2.4
      vertex 15.4862 -31.0912 2.4
    endloop
  endfacet
  facet normal -0.601682 0.798736 0
    outer loop
      vertex 15.2888 -31.2399 2.4
      vertex 15.4862 -31.0912 1.6
      vertex 15.2888 -31.2399 1.6
    endloop
  endfacet
  facet normal -0.956311 0.292352 0
    outer loop
      vertex 15.4862 -31.0912 1.6
      vertex 15.5585 -30.8547 2.4
      vertex 15.5585 -30.8547 1.6
    endloop
  endfacet
  facet normal -0.956311 0.292352 0
    outer loop
      vertex 15.5585 -30.8547 2.4
      vertex 15.4862 -31.0912 1.6
      vertex 15.4862 -31.0912 2.4
    endloop
  endfacet
  facet normal -0.945155 -0.326623 0
    outer loop
      vertex 15.5585 -30.8547 1.6
      vertex 15.5378 -30.7948 2.4
      vertex 15.5378 -30.7948 1.6
    endloop
  endfacet
  facet normal -0.945155 -0.326623 0
    outer loop
      vertex 15.5378 -30.7948 2.4
      vertex 15.5585 -30.8547 1.6
      vertex 15.5585 -30.8547 2.4
    endloop
  endfacet
  facet normal -0.632644 -0.774443 0
    outer loop
      vertex 15.2396 -30.5512 1.6
      vertex 15.5378 -30.7948 2.4
      vertex 15.2396 -30.5512 2.4
    endloop
  endfacet
  facet normal -0.632644 -0.774443 -0
    outer loop
      vertex 15.5378 -30.7948 2.4
      vertex 15.2396 -30.5512 1.6
      vertex 15.5378 -30.7948 1.6
    endloop
  endfacet
  facet normal -0.638296 -0.769791 0
    outer loop
      vertex 15.1553 -30.4813 1.6
      vertex 15.2396 -30.5512 2.4
      vertex 15.1553 -30.4813 2.4
    endloop
  endfacet
  facet normal -0.638296 -0.769791 -0
    outer loop
      vertex 15.2396 -30.5512 2.4
      vertex 15.1553 -30.4813 1.6
      vertex 15.2396 -30.5512 1.6
    endloop
  endfacet
  facet normal 0.0173202 -0.99985 0
    outer loop
      vertex 15.0283 -30.4835 1.6
      vertex 15.1553 -30.4813 2.4
      vertex 15.0283 -30.4835 2.4
    endloop
  endfacet
  facet normal 0.0173202 -0.99985 0
    outer loop
      vertex 15.1553 -30.4813 2.4
      vertex 15.0283 -30.4835 1.6
      vertex 15.1553 -30.4813 1.6
    endloop
  endfacet
  facet normal 0.0871853 -0.996192 0
    outer loop
      vertex 12.4677 -30.7076 1.6
      vertex 15.0283 -30.4835 2.4
      vertex 12.4677 -30.7076 2.4
    endloop
  endfacet
  facet normal 0.0871853 -0.996192 0
    outer loop
      vertex 15.0283 -30.4835 2.4
      vertex 12.4677 -30.7076 1.6
      vertex 15.0283 -30.4835 1.6
    endloop
  endfacet
  facet normal -0.573588 -0.819144 0
    outer loop
      vertex 10.2013 -29.1206 1.6
      vertex 12.4677 -30.7076 2.4
      vertex 10.2013 -29.1206 2.4
    endloop
  endfacet
  facet normal -0.573588 -0.819144 -0
    outer loop
      vertex 12.4677 -30.7076 2.4
      vertex 10.2013 -29.1206 1.6
      vertex 12.4677 -30.7076 1.6
    endloop
  endfacet
  facet normal -0.0871764 0.996193 0
    outer loop
      vertex 12.0331 -28.9603 1.6
      vertex 10.2013 -29.1206 2.4
      vertex 12.0331 -28.9603 2.4
    endloop
  endfacet
  facet normal -0.0871764 0.996193 0
    outer loop
      vertex 10.2013 -29.1206 2.4
      vertex 12.0331 -28.9603 1.6
      vertex 10.2013 -29.1206 1.6
    endloop
  endfacet
  facet normal -0.60194 0.798541 0
    outer loop
      vertex 12.2305 -28.8115 1.6
      vertex 12.0331 -28.9603 2.4
      vertex 12.2305 -28.8115 2.4
    endloop
  endfacet
  facet normal -0.60194 0.798541 0
    outer loop
      vertex 12.0331 -28.9603 2.4
      vertex 12.2305 -28.8115 1.6
      vertex 12.0331 -28.9603 1.6
    endloop
  endfacet
  facet normal -0.956276 0.292465 0
    outer loop
      vertex 12.2305 -28.8115 1.6
      vertex 12.3028 -28.5751 2.4
      vertex 12.3028 -28.5751 1.6
    endloop
  endfacet
  facet normal -0.956276 0.292465 0
    outer loop
      vertex 12.3028 -28.5751 2.4
      vertex 12.2305 -28.8115 1.6
      vertex 12.2305 -28.8115 2.4
    endloop
  endfacet
  facet normal -0.945605 -0.325317 0
    outer loop
      vertex 12.3028 -28.5751 1.6
      vertex 12.2224 -28.3414 2.4
      vertex 12.2224 -28.3414 1.6
    endloop
  endfacet
  facet normal -0.945605 -0.325317 0
    outer loop
      vertex 12.2224 -28.3414 2.4
      vertex 12.3028 -28.5751 1.6
      vertex 12.3028 -28.5751 2.4
    endloop
  endfacet
  facet normal -0.573598 -0.819137 0
    outer loop
      vertex 12.0199 -28.1996 1.6
      vertex 12.2224 -28.3414 2.4
      vertex 12.0199 -28.1996 2.4
    endloop
  endfacet
  facet normal -0.573598 -0.819137 -0
    outer loop
      vertex 12.2224 -28.3414 2.4
      vertex 12.0199 -28.1996 1.6
      vertex 12.2224 -28.3414 1.6
    endloop
  endfacet
  facet normal 0.0173922 -0.999849 0
    outer loop
      vertex 11.7727 -28.2039 1.6
      vertex 12.0199 -28.1996 2.4
      vertex 11.7727 -28.2039 2.4
    endloop
  endfacet
  facet normal 0.0173922 -0.999849 0
    outer loop
      vertex 12.0199 -28.1996 2.4
      vertex 11.7727 -28.2039 1.6
      vertex 12.0199 -28.1996 1.6
    endloop
  endfacet
  facet normal 0.087146 -0.996196 0
    outer loop
      vertex 9.21208 -28.4279 1.6
      vertex 11.7727 -28.2039 2.4
      vertex 9.21208 -28.4279 2.4
    endloop
  endfacet
  facet normal 0.087146 -0.996196 0
    outer loop
      vertex 11.7727 -28.2039 2.4
      vertex 9.21208 -28.4279 1.6
      vertex 11.7727 -28.2039 1.6
    endloop
  endfacet
  facet normal -0.573574 -0.819154 0
    outer loop
      vertex 2.589 -23.7904 1.6
      vertex 9.21208 -28.4279 2.4
      vertex 2.589 -23.7904 2.4
    endloop
  endfacet
  facet normal -0.573574 -0.819154 -0
    outer loop
      vertex 9.21208 -28.4279 2.4
      vertex 2.589 -23.7904 1.6
      vertex 9.21208 -28.4279 1.6
    endloop
  endfacet
  facet normal 0.0172599 -0.999851 0
    outer loop
      vertex 2.31094 -23.7952 1.6
      vertex 2.589 -23.7904 2.4
      vertex 2.31094 -23.7952 2.4
    endloop
  endfacet
  facet normal 0.0172599 -0.999851 0
    outer loop
      vertex 2.589 -23.7904 2.4
      vertex 2.31094 -23.7952 1.6
      vertex 2.589 -23.7904 1.6
    endloop
  endfacet
  facet normal 0.601862 -0.7986 0
    outer loop
      vertex 2.08882 -23.9626 1.6
      vertex 2.31094 -23.7952 2.4
      vertex 2.08882 -23.9626 2.4
    endloop
  endfacet
  facet normal 0.601862 -0.7986 0
    outer loop
      vertex 2.31094 -23.7952 2.4
      vertex 2.08882 -23.9626 1.6
      vertex 2.31094 -23.7952 1.6
    endloop
  endfacet
  facet normal 0.956329 -0.292292 0
    outer loop
      vertex 2.00752 -24.2286 2.4
      vertex 2.08882 -23.9626 1.6
      vertex 2.08882 -23.9626 2.4
    endloop
  endfacet
  facet normal 0.956329 -0.292292 0
    outer loop
      vertex 2.08882 -23.9626 1.6
      vertex 2.00752 -24.2286 2.4
      vertex 2.00752 -24.2286 1.6
    endloop
  endfacet
  facet normal 0.945512 0.325588 0
    outer loop
      vertex 2.09805 -24.4915 2.4
      vertex 2.00752 -24.2286 1.6
      vertex 2.00752 -24.2286 2.4
    endloop
  endfacet
  facet normal 0.945512 0.325588 0
    outer loop
      vertex 2.00752 -24.2286 1.6
      vertex 2.09805 -24.4915 2.4
      vertex 2.09805 -24.4915 1.6
    endloop
  endfacet
  facet normal 0.573581 0.819149 -0
    outer loop
      vertex 8.72115 -29.1291 1.6
      vertex 2.09805 -24.4915 2.4
      vertex 8.72115 -29.1291 2.4
    endloop
  endfacet
  facet normal 0.573581 0.819149 0
    outer loop
      vertex 2.09805 -24.4915 2.4
      vertex 8.72115 -29.1291 1.6
      vertex 2.09805 -24.4915 1.6
    endloop
  endfacet
  facet normal 0.965925 0.258824 0
    outer loop
      vertex 9.3864 -31.6118 2.4
      vertex 8.72115 -29.1291 1.6
      vertex 8.72115 -29.1291 2.4
    endloop
  endfacet
  facet normal 0.965925 0.258824 0
    outer loop
      vertex 8.72115 -29.1291 1.6
      vertex 9.3864 -31.6118 2.4
      vertex 9.3864 -31.6118 1.6
    endloop
  endfacet
  facet normal 0.945536 0.325518 0
    outer loop
      vertex 9.46689 -31.8456 2.4
      vertex 9.3864 -31.6118 1.6
      vertex 9.3864 -31.6118 2.4
    endloop
  endfacet
  facet normal 0.945536 0.325518 0
    outer loop
      vertex 9.3864 -31.6118 1.6
      vertex 9.46689 -31.8456 2.4
      vertex 9.46689 -31.8456 1.6
    endloop
  endfacet
  facet normal 0.573598 0.819137 -0
    outer loop
      vertex 9.66939 -31.9874 1.6
      vertex 9.46689 -31.8456 2.4
      vertex 9.66939 -31.9874 2.4
    endloop
  endfacet
  facet normal 0.573598 0.819137 0
    outer loop
      vertex 9.46689 -31.8456 2.4
      vertex 9.66939 -31.9874 1.6
      vertex 9.46689 -31.8456 1.6
    endloop
  endfacet
  facet normal -0.0173943 0.999849 0
    outer loop
      vertex 9.91656 -31.9831 1.6
      vertex 9.66939 -31.9874 2.4
      vertex 9.91656 -31.9831 2.4
    endloop
  endfacet
  facet normal -0.0173943 0.999849 0
    outer loop
      vertex 9.66939 -31.9874 2.4
      vertex 9.91656 -31.9831 1.6
      vertex 9.66939 -31.9874 1.6
    endloop
  endfacet
  facet normal -0.601862 0.7986 0
    outer loop
      vertex 10.114 -31.8343 1.6
      vertex 9.91656 -31.9831 2.4
      vertex 10.114 -31.8343 2.4
    endloop
  endfacet
  facet normal -0.601862 0.7986 0
    outer loop
      vertex 9.91656 -31.9831 2.4
      vertex 10.114 -31.8343 1.6
      vertex 9.91656 -31.9831 1.6
    endloop
  endfacet
  facet normal -0.956276 0.292465 0
    outer loop
      vertex 10.114 -31.8343 1.6
      vertex 10.1863 -31.5979 2.4
      vertex 10.1863 -31.5979 1.6
    endloop
  endfacet
  facet normal -0.956276 0.292465 0
    outer loop
      vertex 10.1863 -31.5979 2.4
      vertex 10.114 -31.8343 1.6
      vertex 10.114 -31.8343 2.4
    endloop
  endfacet
  facet normal -0.965925 -0.258823 0
    outer loop
      vertex 10.1863 -31.5979 1.6
      vertex 9.71036 -29.8217 2.4
      vertex 9.71036 -29.8217 1.6
    endloop
  endfacet
  facet normal -0.965925 -0.258823 0
    outer loop
      vertex 9.71036 -29.8217 2.4
      vertex 10.1863 -31.5979 1.6
      vertex 10.1863 -31.5979 2.4
    endloop
  endfacet
  facet normal 0.573582 0.819148 -0
    outer loop
      vertex 11.9768 -31.4087 1.6
      vertex 9.71036 -29.8217 2.4
      vertex 11.9768 -31.4087 2.4
    endloop
  endfacet
  facet normal 0.573582 0.819148 0
    outer loop
      vertex 9.71036 -29.8217 2.4
      vertex 11.9768 -31.4087 1.6
      vertex 9.71036 -29.8217 1.6
    endloop
  endfacet
  facet normal 0.965932 0.258796 0
    outer loop
      vertex 12.642 -33.8915 2.4
      vertex 11.9768 -31.4087 1.6
      vertex 11.9768 -31.4087 2.4
    endloop
  endfacet
  facet normal 0.965932 0.258796 0
    outer loop
      vertex 11.9768 -31.4087 1.6
      vertex 12.642 -33.8915 2.4
      vertex 12.642 -33.8915 1.6
    endloop
  endfacet
  facet normal 0.945323 0.326136 0
    outer loop
      vertex 12.6834 -34.0115 2.4
      vertex 12.642 -33.8915 1.6
      vertex 12.642 -33.8915 2.4
    endloop
  endfacet
  facet normal 0.945323 0.326136 0
    outer loop
      vertex 12.642 -33.8915 1.6
      vertex 12.6834 -34.0115 2.4
      vertex 12.6834 -34.0115 1.6
    endloop
  endfacet
  facet normal 0.505063 0.863082 -0
    outer loop
      vertex 12.7779 -34.0668 1.6
      vertex 12.6834 -34.0115 2.4
      vertex 12.7779 -34.0668 2.4
    endloop
  endfacet
  facet normal 0.505063 0.863082 0
    outer loop
      vertex 12.6834 -34.0115 2.4
      vertex 12.7779 -34.0668 1.6
      vertex 12.6834 -34.0115 1.6
    endloop
  endfacet
  facet normal 0.511552 0.859252 -0
    outer loop
      vertex 13.1088 -34.2638 1.6
      vertex 12.7779 -34.0668 2.4
      vertex 13.1088 -34.2638 2.4
    endloop
  endfacet
  facet normal 0.511552 0.859252 0
    outer loop
      vertex 12.7779 -34.0668 2.4
      vertex 13.1088 -34.2638 1.6
      vertex 12.7779 -34.0668 1.6
    endloop
  endfacet
  facet normal -0.0173475 0.99985 0
    outer loop
      vertex 13.1722 -34.2627 1.6
      vertex 13.1088 -34.2638 2.4
      vertex 13.1722 -34.2627 2.4
    endloop
  endfacet
  facet normal -0.0173475 0.99985 0
    outer loop
      vertex 13.1088 -34.2638 2.4
      vertex 13.1722 -34.2627 1.6
      vertex 13.1088 -34.2638 1.6
    endloop
  endfacet
  facet normal -0.951488 0.307684 0
    outer loop
      vertex 0.00849915 -44.327 1.6
      vertex 0.412552 -43.0775 2.4
      vertex 0.412552 -43.0775 1.6
    endloop
  endfacet
  facet normal -0.951488 0.307684 0
    outer loop
      vertex 0.412552 -43.0775 2.4
      vertex 0.00849915 -44.327 1.6
      vertex 0.00849915 -44.327 2.4
    endloop
  endfacet
  facet normal -0.759623 0.650364 0
    outer loop
      vertex 0.412552 -43.0775 1.6
      vertex 0.427963 -43.0595 2.4
      vertex 0.427963 -43.0595 1.6
    endloop
  endfacet
  facet normal -0.759623 0.650364 0
    outer loop
      vertex 0.427963 -43.0595 2.4
      vertex 0.412552 -43.0775 1.6
      vertex 0.412552 -43.0775 2.4
    endloop
  endfacet
  facet normal -1 0 0
    outer loop
      vertex 0.427963 -43.0595 1.6
      vertex 0.427963 -39.9338 2.4
      vertex 0.427963 -39.9338 1.6
    endloop
  endfacet
  facet normal -1 -0 0
    outer loop
      vertex 0.427963 -39.9338 2.4
      vertex 0.427963 -43.0595 1.6
      vertex 0.427963 -43.0595 2.4
    endloop
  endfacet
  facet normal 0.766061 0.642768 0
    outer loop
      vertex 1.77037 -41.5337 2.4
      vertex 0.427963 -39.9338 1.6
      vertex 0.427963 -39.9338 2.4
    endloop
  endfacet
  facet normal 0.766061 0.642768 0
    outer loop
      vertex 0.427963 -39.9338 1.6
      vertex 1.77037 -41.5337 2.4
      vertex 1.77037 -41.5337 1.6
    endloop
  endfacet
  facet normal 0.308669 0.95117 -0
    outer loop
      vertex 2.00549 -41.61 1.6
      vertex 1.77037 -41.5337 2.4
      vertex 2.00549 -41.61 2.4
    endloop
  endfacet
  facet normal 0.308669 0.95117 0
    outer loop
      vertex 1.77037 -41.5337 2.4
      vertex 2.00549 -41.61 1.6
      vertex 1.77037 -41.5337 1.6
    endloop
  endfacet
  facet normal -0.308681 0.951166 0
    outer loop
      vertex 2.2406 -41.5337 1.6
      vertex 2.00549 -41.61 2.4
      vertex 2.2406 -41.5337 2.4
    endloop
  endfacet
  facet normal -0.308681 0.951166 0
    outer loop
      vertex 2.00549 -41.61 2.4
      vertex 2.2406 -41.5337 1.6
      vertex 2.00549 -41.61 1.6
    endloop
  endfacet
  facet normal -0.809014 0.587789 0
    outer loop
      vertex 2.2406 -41.5337 1.6
      vertex 2.38591 -41.3337 2.4
      vertex 2.38591 -41.3337 1.6
    endloop
  endfacet
  facet normal -0.809014 0.587789 0
    outer loop
      vertex 2.38591 -41.3337 2.4
      vertex 2.2406 -41.5337 1.6
      vertex 2.2406 -41.5337 2.4
    endloop
  endfacet
  facet normal -1 0 0
    outer loop
      vertex 2.38591 -41.3337 1.6
      vertex 2.38591 -41.0864 2.4
      vertex 2.38591 -41.0864 1.6
    endloop
  endfacet
  facet normal -1 -0 0
    outer loop
      vertex 2.38591 -41.0864 2.4
      vertex 2.38591 -41.3337 1.6
      vertex 2.38591 -41.3337 2.4
    endloop
  endfacet
  facet normal -0.809014 -0.587789 0
    outer loop
      vertex 2.38591 -41.0864 1.6
      vertex 2.2406 -40.8864 2.4
      vertex 2.2406 -40.8864 1.6
    endloop
  endfacet
  facet normal -0.809014 -0.587789 0
    outer loop
      vertex 2.2406 -40.8864 2.4
      vertex 2.38591 -41.0864 1.6
      vertex 2.38591 -41.0864 2.4
    endloop
  endfacet
  facet normal -0.766042 -0.642791 0
    outer loop
      vertex 2.2406 -40.8864 1.6
      vertex 0.427963 -38.7262 2.4
      vertex 0.427963 -38.7262 1.6
    endloop
  endfacet
  facet normal -0.766042 -0.642791 0
    outer loop
      vertex 0.427963 -38.7262 2.4
      vertex 2.2406 -40.8864 1.6
      vertex 2.2406 -40.8864 2.4
    endloop
  endfacet
  facet normal -1 0 0
    outer loop
      vertex 0.427963 -38.7262 1.6
      vertex 0.427963 -35.6138 2.4
      vertex 0.427963 -35.6138 1.6
    endloop
  endfacet
  facet normal -1 -0 0
    outer loop
      vertex 0.427963 -35.6138 2.4
      vertex 0.427963 -38.7262 1.6
      vertex 0.427963 -38.7262 2.4
    endloop
  endfacet
  facet normal 0.766061 0.642768 0
    outer loop
      vertex 1.77037 -37.2137 2.4
      vertex 0.427963 -35.6138 1.6
      vertex 0.427963 -35.6138 2.4
    endloop
  endfacet
  facet normal 0.766061 0.642768 0
    outer loop
      vertex 0.427963 -35.6138 1.6
      vertex 1.77037 -37.2137 2.4
      vertex 1.77037 -37.2137 1.6
    endloop
  endfacet
  facet normal 0.309035 0.951051 -0
    outer loop
      vertex 2.00549 -37.2901 1.6
      vertex 1.77037 -37.2137 2.4
      vertex 2.00549 -37.2901 2.4
    endloop
  endfacet
  facet normal 0.309035 0.951051 0
    outer loop
      vertex 1.77037 -37.2137 2.4
      vertex 2.00549 -37.2901 1.6
      vertex 1.77037 -37.2137 1.6
    endloop
  endfacet
  facet normal -0.309047 0.951047 0
    outer loop
      vertex 2.2406 -37.2137 1.6
      vertex 2.00549 -37.2901 2.4
      vertex 2.2406 -37.2137 2.4
    endloop
  endfacet
  facet normal -0.309047 0.951047 0
    outer loop
      vertex 2.00549 -37.2901 2.4
      vertex 2.2406 -37.2137 1.6
      vertex 2.00549 -37.2901 1.6
    endloop
  endfacet
  facet normal -0.809014 0.587789 0
    outer loop
      vertex 2.2406 -37.2137 1.6
      vertex 2.38591 -37.0137 2.4
      vertex 2.38591 -37.0137 1.6
    endloop
  endfacet
  facet normal -0.809014 0.587789 0
    outer loop
      vertex 2.38591 -37.0137 2.4
      vertex 2.2406 -37.2137 1.6
      vertex 2.2406 -37.2137 2.4
    endloop
  endfacet
  facet normal -1 0 0
    outer loop
      vertex 2.38591 -37.0137 1.6
      vertex 2.38591 -36.7664 2.4
      vertex 2.38591 -36.7664 1.6
    endloop
  endfacet
  facet normal -1 -0 0
    outer loop
      vertex 2.38591 -36.7664 2.4
      vertex 2.38591 -37.0137 1.6
      vertex 2.38591 -37.0137 2.4
    endloop
  endfacet
  facet normal -0.809014 -0.587789 0
    outer loop
      vertex 2.38591 -36.7664 1.6
      vertex 2.2406 -36.5664 2.4
      vertex 2.2406 -36.5664 1.6
    endloop
  endfacet
  facet normal -0.809014 -0.587789 0
    outer loop
      vertex 2.2406 -36.5664 2.4
      vertex 2.38591 -36.7664 1.6
      vertex 2.38591 -36.7664 2.4
    endloop
  endfacet
  facet normal -0.766042 -0.642791 0
    outer loop
      vertex 2.2406 -36.5664 1.6
      vertex 0.427963 -34.4062 2.4
      vertex 0.427963 -34.4062 1.6
    endloop
  endfacet
  facet normal -0.766042 -0.642791 0
    outer loop
      vertex 0.427963 -34.4062 2.4
      vertex 2.2406 -36.5664 1.6
      vertex 2.2406 -36.5664 2.4
    endloop
  endfacet
  facet normal -1 0 0
    outer loop
      vertex 0.427963 -34.4062 1.6
      vertex 0.427963 -25.3609 2.4
      vertex 0.427963 -25.3609 1.6
    endloop
  endfacet
  facet normal -1 -0 0
    outer loop
      vertex 0.427963 -25.3609 2.4
      vertex 0.427963 -34.4062 1.6
      vertex 0.427963 -34.4062 2.4
    endloop
  endfacet
  facet normal -0.809026 -0.587773 0
    outer loop
      vertex 0.427963 -25.3609 1.6
      vertex 0.264496 -25.1359 2.4
      vertex 0.264496 -25.1359 1.6
    endloop
  endfacet
  facet normal -0.809026 -0.587773 0
    outer loop
      vertex 0.264496 -25.1359 2.4
      vertex 0.427963 -25.3609 1.6
      vertex 0.427963 -25.3609 2.4
    endloop
  endfacet
  facet normal -0.308887 -0.951099 0
    outer loop
      vertex 0 -25.05 1.6
      vertex 0.264496 -25.1359 2.4
      vertex 0 -25.05 2.4
    endloop
  endfacet
  facet normal -0.308887 -0.951099 -0
    outer loop
      vertex 0.264496 -25.1359 2.4
      vertex 0 -25.05 1.6
      vertex 0.264496 -25.1359 1.6
    endloop
  endfacet
  facet normal 0.308887 -0.951099 0
    outer loop
      vertex -0.264496 -25.1359 1.6
      vertex 0 -25.05 2.4
      vertex -0.264496 -25.1359 2.4
    endloop
  endfacet
  facet normal 0.308887 -0.951099 0
    outer loop
      vertex 0 -25.05 2.4
      vertex -0.264496 -25.1359 1.6
      vertex 0 -25.05 1.6
    endloop
  endfacet
  facet normal 0.809026 -0.587773 0
    outer loop
      vertex -0.427963 -25.3609 2.4
      vertex -0.264496 -25.1359 1.6
      vertex -0.264496 -25.1359 2.4
    endloop
  endfacet
  facet normal 0.809026 -0.587773 0
    outer loop
      vertex -0.264496 -25.1359 1.6
      vertex -0.427963 -25.3609 2.4
      vertex -0.427963 -25.3609 1.6
    endloop
  endfacet
  facet normal 1 -0 0
    outer loop
      vertex -0.427963 -34.4062 2.4
      vertex -0.427963 -25.3609 1.6
      vertex -0.427963 -25.3609 2.4
    endloop
  endfacet
  facet normal 1 0 0
    outer loop
      vertex -0.427963 -25.3609 1.6
      vertex -0.427963 -34.4062 2.4
      vertex -0.427963 -34.4062 1.6
    endloop
  endfacet
  facet normal 0.766042 -0.642791 0
    outer loop
      vertex -2.2406 -36.5664 2.4
      vertex -0.427963 -34.4062 1.6
      vertex -0.427963 -34.4062 2.4
    endloop
  endfacet
  facet normal 0.766042 -0.642791 0
    outer loop
      vertex -0.427963 -34.4062 1.6
      vertex -2.2406 -36.5664 2.4
      vertex -2.2406 -36.5664 1.6
    endloop
  endfacet
  facet normal 0.809014 -0.587789 0
    outer loop
      vertex -2.38591 -36.7664 2.4
      vertex -2.2406 -36.5664 1.6
      vertex -2.2406 -36.5664 2.4
    endloop
  endfacet
  facet normal 0.809014 -0.587789 0
    outer loop
      vertex -2.2406 -36.5664 1.6
      vertex -2.38591 -36.7664 2.4
      vertex -2.38591 -36.7664 1.6
    endloop
  endfacet
  facet normal 1 -0 0
    outer loop
      vertex -2.38591 -37.0137 2.4
      vertex -2.38591 -36.7664 1.6
      vertex -2.38591 -36.7664 2.4
    endloop
  endfacet
  facet normal 1 0 0
    outer loop
      vertex -2.38591 -36.7664 1.6
      vertex -2.38591 -37.0137 2.4
      vertex -2.38591 -37.0137 1.6
    endloop
  endfacet
  facet normal 0.809014 0.587789 0
    outer loop
      vertex -2.2406 -37.2137 2.4
      vertex -2.38591 -37.0137 1.6
      vertex -2.38591 -37.0137 2.4
    endloop
  endfacet
  facet normal 0.809014 0.587789 0
    outer loop
      vertex -2.38591 -37.0137 1.6
      vertex -2.2406 -37.2137 2.4
      vertex -2.2406 -37.2137 1.6
    endloop
  endfacet
  facet normal 0.309047 0.951047 -0
    outer loop
      vertex -2.00549 -37.2901 1.6
      vertex -2.2406 -37.2137 2.4
      vertex -2.00549 -37.2901 2.4
    endloop
  endfacet
  facet normal 0.309047 0.951047 0
    outer loop
      vertex -2.2406 -37.2137 2.4
      vertex -2.00549 -37.2901 1.6
      vertex -2.2406 -37.2137 1.6
    endloop
  endfacet
  facet normal -0.309035 0.951051 0
    outer loop
      vertex -1.77037 -37.2137 1.6
      vertex -2.00549 -37.2901 2.4
      vertex -1.77037 -37.2137 2.4
    endloop
  endfacet
  facet normal -0.309035 0.951051 0
    outer loop
      vertex -2.00549 -37.2901 2.4
      vertex -1.77037 -37.2137 1.6
      vertex -2.00549 -37.2901 1.6
    endloop
  endfacet
  facet normal -0.766061 0.642768 0
    outer loop
      vertex -1.77037 -37.2137 1.6
      vertex -0.427963 -35.6138 2.4
      vertex -0.427963 -35.6138 1.6
    endloop
  endfacet
  facet normal -0.766061 0.642768 0
    outer loop
      vertex -0.427963 -35.6138 2.4
      vertex -1.77037 -37.2137 1.6
      vertex -1.77037 -37.2137 2.4
    endloop
  endfacet
  facet normal 1 -0 0
    outer loop
      vertex -0.427963 -38.7262 2.4
      vertex -0.427963 -35.6138 1.6
      vertex -0.427963 -35.6138 2.4
    endloop
  endfacet
  facet normal 1 0 0
    outer loop
      vertex -0.427963 -35.6138 1.6
      vertex -0.427963 -38.7262 2.4
      vertex -0.427963 -38.7262 1.6
    endloop
  endfacet
  facet normal 0.766042 -0.642791 0
    outer loop
      vertex -2.2406 -40.8864 2.4
      vertex -0.427963 -38.7262 1.6
      vertex -0.427963 -38.7262 2.4
    endloop
  endfacet
  facet normal 0.766042 -0.642791 0
    outer loop
      vertex -0.427963 -38.7262 1.6
      vertex -2.2406 -40.8864 2.4
      vertex -2.2406 -40.8864 1.6
    endloop
  endfacet
  facet normal 0.809014 -0.587789 0
    outer loop
      vertex -2.38591 -41.0864 2.4
      vertex -2.2406 -40.8864 1.6
      vertex -2.2406 -40.8864 2.4
    endloop
  endfacet
  facet normal 0.809014 -0.587789 0
    outer loop
      vertex -2.2406 -40.8864 1.6
      vertex -2.38591 -41.0864 2.4
      vertex -2.38591 -41.0864 1.6
    endloop
  endfacet
  facet normal 1 -0 0
    outer loop
      vertex -2.38591 -41.3337 2.4
      vertex -2.38591 -41.0864 1.6
      vertex -2.38591 -41.0864 2.4
    endloop
  endfacet
  facet normal 1 0 0
    outer loop
      vertex -2.38591 -41.0864 1.6
      vertex -2.38591 -41.3337 2.4
      vertex -2.38591 -41.3337 1.6
    endloop
  endfacet
  facet normal 0.809014 0.587789 0
    outer loop
      vertex -2.2406 -41.5337 2.4
      vertex -2.38591 -41.3337 1.6
      vertex -2.38591 -41.3337 2.4
    endloop
  endfacet
  facet normal 0.809014 0.587789 0
    outer loop
      vertex -2.38591 -41.3337 1.6
      vertex -2.2406 -41.5337 2.4
      vertex -2.2406 -41.5337 1.6
    endloop
  endfacet
  facet normal 0.308681 0.951166 -0
    outer loop
      vertex -2.00549 -41.61 1.6
      vertex -2.2406 -41.5337 2.4
      vertex -2.00549 -41.61 2.4
    endloop
  endfacet
  facet normal 0.308681 0.951166 0
    outer loop
      vertex -2.2406 -41.5337 2.4
      vertex -2.00549 -41.61 1.6
      vertex -2.2406 -41.5337 1.6
    endloop
  endfacet
  facet normal -0.308669 0.95117 0
    outer loop
      vertex -1.77037 -41.5337 1.6
      vertex -2.00549 -41.61 2.4
      vertex -1.77037 -41.5337 2.4
    endloop
  endfacet
  facet normal -0.308669 0.95117 0
    outer loop
      vertex -2.00549 -41.61 2.4
      vertex -1.77037 -41.5337 1.6
      vertex -2.00549 -41.61 1.6
    endloop
  endfacet
  facet normal -0.766061 0.642768 0
    outer loop
      vertex -1.77037 -41.5337 1.6
      vertex -0.427963 -39.9338 2.4
      vertex -0.427963 -39.9338 1.6
    endloop
  endfacet
  facet normal -0.766061 0.642768 0
    outer loop
      vertex -0.427963 -39.9338 2.4
      vertex -1.77037 -41.5337 1.6
      vertex -1.77037 -41.5337 2.4
    endloop
  endfacet
  facet normal 1 -0 0
    outer loop
      vertex -0.427963 -43.0595 2.4
      vertex -0.427963 -39.9338 1.6
      vertex -0.427963 -39.9338 2.4
    endloop
  endfacet
  facet normal 1 0 0
    outer loop
      vertex -0.427963 -39.9338 1.6
      vertex -0.427963 -43.0595 2.4
      vertex -0.427963 -43.0595 1.6
    endloop
  endfacet
  facet normal 0.759623 0.650364 0
    outer loop
      vertex -0.412552 -43.0775 2.4
      vertex -0.427963 -43.0595 1.6
      vertex -0.427963 -43.0595 2.4
    endloop
  endfacet
  facet normal 0.759623 0.650364 0
    outer loop
      vertex -0.427963 -43.0595 1.6
      vertex -0.412552 -43.0775 2.4
      vertex -0.412552 -43.0775 1.6
    endloop
  endfacet
  facet normal 0.951488 0.307684 0
    outer loop
      vertex -0.00849915 -44.327 2.4
      vertex -0.412552 -43.0775 1.6
      vertex -0.412552 -43.0775 2.4
    endloop
  endfacet
  facet normal 0.951488 0.307684 0
    outer loop
      vertex -0.412552 -43.0775 1.6
      vertex -0.00849915 -44.327 2.4
      vertex -0.00849915 -44.327 1.6
    endloop
  endfacet
  facet normal 0.968214 0.250122 0
    outer loop
      vertex 0 -44.3599 2.4
      vertex -0.00849915 -44.327 1.6
      vertex -0.00849915 -44.327 2.4
    endloop
  endfacet
  facet normal 0.968214 0.250122 0
    outer loop
      vertex -0.00849915 -44.327 1.6
      vertex 0 -44.3599 2.4
      vertex 0 -44.3599 1.6
    endloop
  endfacet
  facet normal -0.968214 0.250122 0
    outer loop
      vertex 0 -44.3599 1.6
      vertex 0.00849915 -44.327 2.4
      vertex 0.00849915 -44.327 1.6
    endloop
  endfacet
  facet normal -0.968214 0.250122 0
    outer loop
      vertex 0.00849915 -44.327 2.4
      vertex 0 -44.3599 1.6
      vertex 0 -44.3599 2.4
    endloop
  endfacet
endsolid OpenSCAD_Model
