solid OpenSCAD_Model
  facet normal 0 0 -1
    outer loop
      vertex 5 -54.5 0
      vertex 7 -52.5 0
      vertex 6.99037 -52.696 0
    endloop
  endfacet
  facet normal 0 0 -1
    outer loop
      vertex 14.1111 -27.1629 0
      vertex 22.9507 -30.9957 0
      vertex 23 -32.5 0
    endloop
  endfacet
  facet normal 0 -0 -1
    outer loop
      vertex 14.4142 -26.9142 0
      vertex 22.9507 -30.9957 0
      vertex 14.2688 -27.046 0
    endloop
  endfacet
  facet normal 0 -0 -1
    outer loop
      vertex 14.546 -26.7688 0
      vertex 22.8032 -29.4979 0
      vertex 14.4142 -26.9142 0
    endloop
  endfacet
  facet normal 0 -0 -1
    outer loop
      vertex 14.6629 -26.6111 0
      vertex 22.5581 -28.0129 0
      vertex 14.546 -26.7688 0
    endloop
  endfacet
  facet normal 0 0 -1
    outer loop
      vertex 22.5581 -28.0129 0
      vertex 14.7638 -26.4428 0
      vertex 22.2163 -26.5471 0
    endloop
  endfacet
  facet normal 0 0 -1
    outer loop
      vertex 22.2163 -26.5471 0
      vertex 14.9139 -26.0806 0
      vertex 21.7794 -25.1069 0
    endloop
  endfacet
  facet normal 0 -0 -1
    outer loop
      vertex 14.9904 -25.696 0
      vertex 21.7794 -25.1069 0
      vertex 14.9616 -25.8902 0
    endloop
  endfacet
  facet normal -0 0 -1
    outer loop
      vertex 21.7794 -25.1069 0
      vertex 15 -25.5 0
      vertex 21.2492 -23.6983 0
    endloop
  endfacet
  facet normal -0 0 -1
    outer loop
      vertex 21.2492 -23.6983 0
      vertex 14.9616 -25.1098 0
      vertex 20.6281 -22.3273 0
    endloop
  endfacet
  facet normal 0 0 -1
    outer loop
      vertex 14.8477 -24.7346 0
      vertex 20.6281 -22.3273 0
      vertex 14.9139 -24.9194 0
    endloop
  endfacet
  facet normal -0 0 -1
    outer loop
      vertex 20.6281 -22.3273 0
      vertex 14.7638 -24.5572 0
      vertex 19.9186 -21 0
    endloop
  endfacet
  facet normal 0 0 -1
    outer loop
      vertex 14.546 -24.2312 0
      vertex 19.9186 -21 0
      vertex 14.6629 -24.3889 0
    endloop
  endfacet
  facet normal 0 0 -1
    outer loop
      vertex 14.9139 -24.9194 0
      vertex 20.6281 -22.3273 0
      vertex 14.9616 -25.1098 0
    endloop
  endfacet
  facet normal 0 0 -1
    outer loop
      vertex 14.9616 -25.1098 0
      vertex 21.2492 -23.6983 0
      vertex 14.9904 -25.304 0
    endloop
  endfacet
  facet normal 0 0 -1
    outer loop
      vertex 14.9904 -25.304 0
      vertex 21.2492 -23.6983 0
      vertex 15 -25.5 0
    endloop
  endfacet
  facet normal 0 -0 -1
    outer loop
      vertex 15 -25.5 0
      vertex 21.7794 -25.1069 0
      vertex 14.9904 -25.696 0
    endloop
  endfacet
  facet normal 0 -0 -1
    outer loop
      vertex 14.9616 -25.8902 0
      vertex 21.7794 -25.1069 0
      vertex 14.9139 -26.0806 0
    endloop
  endfacet
  facet normal 0 -0 -1
    outer loop
      vertex 14.9139 -26.0806 0
      vertex 22.2163 -26.5471 0
      vertex 14.8477 -26.2654 0
    endloop
  endfacet
  facet normal 0 -0 -1
    outer loop
      vertex 14.8477 -26.2654 0
      vertex 22.2163 -26.5471 0
      vertex 14.7638 -26.4428 0
    endloop
  endfacet
  facet normal 0 -0 -1
    outer loop
      vertex 14.7638 -26.4428 0
      vertex 22.5581 -28.0129 0
      vertex 14.6629 -26.6111 0
    endloop
  endfacet
  facet normal 0 0 -1
    outer loop
      vertex 22.8032 -29.4979 0
      vertex 14.546 -26.7688 0
      vertex 22.5581 -28.0129 0
    endloop
  endfacet
  facet normal 0 0 -1
    outer loop
      vertex 22.9507 -30.9957 0
      vertex 14.4142 -26.9142 0
      vertex 22.8032 -29.4979 0
    endloop
  endfacet
  facet normal 0 0 -1
    outer loop
      vertex 22.9507 -30.9957 0
      vertex 14.1111 -27.1629 0
      vertex 14.2688 -27.046 0
    endloop
  endfacet
  facet normal 0 0 -1
    outer loop
      vertex 23 -32.5 0
      vertex 13.9428 -27.2638 0
      vertex 14.1111 -27.1629 0
    endloop
  endfacet
  facet normal 0 0 -1
    outer loop
      vertex 23 -32.5 0
      vertex 13.7654 -27.3477 0
      vertex 13.9428 -27.2638 0
    endloop
  endfacet
  facet normal 0 0 -1
    outer loop
      vertex 23 -32.5 0
      vertex 13.5806 -27.4139 0
      vertex 13.7654 -27.3477 0
    endloop
  endfacet
  facet normal 0 0 -1
    outer loop
      vertex 23 -32.5 0
      vertex 13.3902 -27.4616 0
      vertex 13.5806 -27.4139 0
    endloop
  endfacet
  facet normal 0 0 -1
    outer loop
      vertex 7 -32.5 0
      vertex 13.3902 -27.4616 0
      vertex 23 -32.5 0
    endloop
  endfacet
  facet normal 0 0 -1
    outer loop
      vertex 13.3902 -27.4616 0
      vertex 7 -32.5 0
      vertex 13.196 -27.4904 0
    endloop
  endfacet
  facet normal 0 0 -1
    outer loop
      vertex 13.196 -27.4904 0
      vertex 7 -32.5 0
      vertex 13 -27.5 0
    endloop
  endfacet
  facet normal -0 0 -1
    outer loop
      vertex 13 -27.5 0
      vertex 7 -32.5 0
      vertex 12.804 -27.4904 0
    endloop
  endfacet
  facet normal -0 0 -1
    outer loop
      vertex 12.804 -27.4904 0
      vertex 7 -32.5 0
      vertex 12.6098 -27.4616 0
    endloop
  endfacet
  facet normal -0 0 -1
    outer loop
      vertex 12.6098 -27.4616 0
      vertex 7 -32.5 0
      vertex 12.4194 -27.4139 0
    endloop
  endfacet
  facet normal -0 0 -1
    outer loop
      vertex 12.4194 -27.4139 0
      vertex 7 -32.5 0
      vertex 12.2346 -27.3477 0
    endloop
  endfacet
  facet normal 0 0 -1
    outer loop
      vertex 5.48772 -20.952 0
      vertex 11 -25.5 0
      vertex 11.0096 -25.696 0
    endloop
  endfacet
  facet normal 0 0 -1
    outer loop
      vertex 11 -25.5 0
      vertex 7.5 -18.5 0
      vertex 10.1726 -11.8719 0
    endloop
  endfacet
  facet normal 0 0 -1
    outer loop
      vertex 5.24504 -20.988 0
      vertex 11.0096 -25.696 0
      vertex 11.0384 -25.8902 0
    endloop
  endfacet
  facet normal 0 0 -1
    outer loop
      vertex 10.1726 -11.8719 0
      vertex 7.5 -18.5 0
      vertex 7.48796 -18.2549 0
    endloop
  endfacet
  facet normal 0 0 -1
    outer loop
      vertex 7 -32.5 0
      vertex 11.0384 -25.8902 0
      vertex 11.0861 -26.0806 0
    endloop
  endfacet
  facet normal 0 0 -1
    outer loop
      vertex 7 -32.5 0
      vertex 11.0861 -26.0806 0
      vertex 11.1522 -26.2654 0
    endloop
  endfacet
  facet normal 0 0 -1
    outer loop
      vertex 11 -25.5 0
      vertex 7.48796 -18.745 0
      vertex 7.5 -18.5 0
    endloop
  endfacet
  facet normal 0 0 -1
    outer loop
      vertex 7 -32.5 0
      vertex 11.1522 -26.2654 0
      vertex 11.2361 -26.4428 0
    endloop
  endfacet
  facet normal 0 0 -1
    outer loop
      vertex 11 -25.5 0
      vertex 7.45195 -18.9877 0
      vertex 7.48796 -18.745 0
    endloop
  endfacet
  facet normal 0 0 -1
    outer loop
      vertex 11 -25.5 0
      vertex 7.39235 -19.2257 0
      vertex 7.45195 -18.9877 0
    endloop
  endfacet
  facet normal 0 0 -1
    outer loop
      vertex 11 -25.5 0
      vertex 7.30969 -19.4567 0
      vertex 7.39235 -19.2257 0
    endloop
  endfacet
  facet normal 0 0 -1
    outer loop
      vertex 11 -25.5 0
      vertex 7.20479 -19.6785 0
      vertex 7.30969 -19.4567 0
    endloop
  endfacet
  facet normal 0 0 -1
    outer loop
      vertex 11 -25.5 0
      vertex 7.07866 -19.8889 0
      vertex 7.20479 -19.6785 0
    endloop
  endfacet
  facet normal 0 0 -1
    outer loop
      vertex 7 -32.5 0
      vertex 11.2361 -26.4428 0
      vertex 11.3371 -26.6111 0
    endloop
  endfacet
  facet normal -0 0 -1
    outer loop
      vertex 12.2346 -27.3477 0
      vertex 7 -32.5 0
      vertex 12.0572 -27.2638 0
    endloop
  endfacet
  facet normal 0 0 -1
    outer loop
      vertex 7 -32.5 0
      vertex 11.8889 -27.1629 0
      vertex 12.0572 -27.2638 0
    endloop
  endfacet
  facet normal 0 0 -1
    outer loop
      vertex 7 -32.5 0
      vertex 11.7312 -27.046 0
      vertex 11.8889 -27.1629 0
    endloop
  endfacet
  facet normal 0 0 -1
    outer loop
      vertex 7 -32.5 0
      vertex 11.5858 -26.9142 0
      vertex 11.7312 -27.046 0
    endloop
  endfacet
  facet normal 0 0 -1
    outer loop
      vertex 7 -32.5 0
      vertex 11.454 -26.7688 0
      vertex 11.5858 -26.9142 0
    endloop
  endfacet
  facet normal 0 0 -1
    outer loop
      vertex 7 -32.5 0
      vertex 11.3371 -26.6111 0
      vertex 11.454 -26.7688 0
    endloop
  endfacet
  facet normal -0 0 -1
    outer loop
      vertex 11.0384 -25.8902 0
      vertex 7 -32.5 0
      vertex 5 -21 0
    endloop
  endfacet
  facet normal 0 0 -1
    outer loop
      vertex 5 -54.5 0
      vertex 6.99037 -52.696 0
      vertex 6.96156 -52.8902 0
    endloop
  endfacet
  facet normal 0 0 -1
    outer loop
      vertex 11 -25.5 0
      vertex 6.93253 -20.086 0
      vertex 7.07866 -19.8889 0
    endloop
  endfacet
  facet normal 0 0 -1
    outer loop
      vertex 7 -52.5 0
      vertex -7 -52.5 0
      vertex 7 -32.5 0
    endloop
  endfacet
  facet normal 0 0 -1
    outer loop
      vertex 5 -54.5 0
      vertex 6.96156 -52.8902 0
      vertex 6.91388 -53.0806 0
    endloop
  endfacet
  facet normal 0 0 -1
    outer loop
      vertex 5 -54.5 0
      vertex 6.91388 -53.0806 0
      vertex 6.84776 -53.2654 0
    endloop
  endfacet
  facet normal 0 0 -1
    outer loop
      vertex 11 -25.5 0
      vertex 6.76776 -20.2678 0
      vertex 6.93253 -20.086 0
    endloop
  endfacet
  facet normal 0 0 -1
    outer loop
      vertex 5 -54.5 0
      vertex 6.84776 -53.2654 0
      vertex 6.76384 -53.4428 0
    endloop
  endfacet
  facet normal 0 0 -1
    outer loop
      vertex 5 -54.5 0
      vertex 6.76384 -53.4428 0
      vertex 6.66293 -53.6111 0
    endloop
  endfacet
  facet normal 0 0 -1
    outer loop
      vertex 11 -25.5 0
      vertex 6.58597 -20.4325 0
      vertex 6.76776 -20.2678 0
    endloop
  endfacet
  facet normal 0 0 -1
    outer loop
      vertex 5 -54.5 0
      vertex 6.66293 -53.6111 0
      vertex 6.54602 -53.7688 0
    endloop
  endfacet
  facet normal 0 0 -1
    outer loop
      vertex 5 -54.5 0
      vertex 6.54602 -53.7688 0
      vertex 6.41422 -53.9142 0
    endloop
  endfacet
  facet normal 0 0 -1
    outer loop
      vertex 11 -25.5 0
      vertex 6.38892 -20.5787 0
      vertex 6.58597 -20.4325 0
    endloop
  endfacet
  facet normal 0 0 -1
    outer loop
      vertex 5 -54.5 0
      vertex 6.41422 -53.9142 0
      vertex 6.26878 -54.046 0
    endloop
  endfacet
  facet normal 0 0 -1
    outer loop
      vertex 11 -25.5 0
      vertex 6.17848 -20.7048 0
      vertex 6.38892 -20.5787 0
    endloop
  endfacet
  facet normal 0 0 -1
    outer loop
      vertex 5 -54.5 0
      vertex 6.26878 -54.046 0
      vertex 6.11115 -54.1629 0
    endloop
  endfacet
  facet normal 0 -0 -1
    outer loop
      vertex -1.38321 -28.1697 0
      vertex 7 -32.5 0
      vertex -1.45663 -28.3249 0
    endloop
  endfacet
  facet normal 0 0 -1
    outer loop
      vertex 5 -54.5 0
      vertex 6.11115 -54.1629 0
      vertex 5.94279 -54.2638 0
    endloop
  endfacet
  facet normal 0 0 -1
    outer loop
      vertex 5 -54.5 0
      vertex 5.94279 -54.2638 0
      vertex 5.76537 -54.3478 0
    endloop
  endfacet
  facet normal 0 0 -1
    outer loop
      vertex 11 -25.5 0
      vertex 5.9567 -20.8097 0
      vertex 6.17848 -20.7048 0
    endloop
  endfacet
  facet normal 0 0 -1
    outer loop
      vertex 5 -54.5 0
      vertex 5.76537 -54.3478 0
      vertex 5.58057 -54.4139 0
    endloop
  endfacet
  facet normal 0 -0 -1
    outer loop
      vertex -1.32535 -28.008 0
      vertex 7 -32.5 0
      vertex -1.38321 -28.1697 0
    endloop
  endfacet
  facet normal 0 0 -1
    outer loop
      vertex 5 -54.5 0
      vertex 5.58057 -54.4139 0
      vertex 5.39018 -54.4616 0
    endloop
  endfacet
  facet normal 0 0 -1
    outer loop
      vertex 11 -25.5 0
      vertex 5.72571 -20.8923 0
      vertex 5.9567 -20.8097 0
    endloop
  endfacet
  facet normal 0 0 -1
    outer loop
      vertex 5 -54.5 0
      vertex 5.39018 -54.4616 0
      vertex 5.19603 -54.4904 0
    endloop
  endfacet
  facet normal 0 0 -1
    outer loop
      vertex -7 -52.5 0
      vertex 5 -54.5 0
      vertex -5 -54.5 0
    endloop
  endfacet
  facet normal 0 -0 -1
    outer loop
      vertex -1.28362 -27.8414 0
      vertex 7 -32.5 0
      vertex -1.32535 -28.008 0
    endloop
  endfacet
  facet normal 0 -0 -1
    outer loop
      vertex -1.25842 -27.6715 0
      vertex 7 -32.5 0
      vertex -1.28362 -27.8414 0
    endloop
  endfacet
  facet normal 0 0 -1
    outer loop
      vertex 11 -25.5 0
      vertex 5.48772 -20.952 0
      vertex 5.72571 -20.8923 0
    endloop
  endfacet
  facet normal 0 -0 -1
    outer loop
      vertex -1.25 -27.5 0
      vertex 7 -32.5 0
      vertex -1.25842 -27.6715 0
    endloop
  endfacet
  facet normal 0 0 -1
    outer loop
      vertex -1.25842 -27.3285 0
      vertex 7 -32.5 0
      vertex -1.25 -27.5 0
    endloop
  endfacet
  facet normal 0 0 -1
    outer loop
      vertex 11.0384 -25.8902 0
      vertex 5 -21 0
      vertex 5.24504 -20.988 0
    endloop
  endfacet
  facet normal 0 0 -1
    outer loop
      vertex 7 -32.5 0
      vertex -1.25842 -27.3285 0
      vertex 5 -21 0
    endloop
  endfacet
  facet normal -0 0 -1
    outer loop
      vertex 5 -21 0
      vertex -1.25842 -27.3285 0
      vertex 4.75494 -20.988 0
    endloop
  endfacet
  facet normal 0 0 -1
    outer loop
      vertex -1.28362 -27.1586 0
      vertex 4.75494 -20.988 0
      vertex -1.25842 -27.3285 0
    endloop
  endfacet
  facet normal 0 0 -1
    outer loop
      vertex -1.32535 -26.992 0
      vertex 4.51227 -20.952 0
      vertex -1.28362 -27.1586 0
    endloop
  endfacet
  facet normal -0 0 -1
    outer loop
      vertex 4.51227 -20.952 0
      vertex -1.32535 -26.992 0
      vertex 4.27428 -20.8923 0
    endloop
  endfacet
  facet normal 0 0 -1
    outer loop
      vertex -1.38321 -26.8303 0
      vertex 4.27428 -20.8923 0
      vertex -1.32535 -26.992 0
    endloop
  endfacet
  facet normal -0 0 -1
    outer loop
      vertex 4.27428 -20.8923 0
      vertex -1.38321 -26.8303 0
      vertex 4.04329 -20.8097 0
    endloop
  endfacet
  facet normal 0 0 -1
    outer loop
      vertex -1.45663 -26.675 0
      vertex 4.04329 -20.8097 0
      vertex -1.38321 -26.8303 0
    endloop
  endfacet
  facet normal -0 0 -1
    outer loop
      vertex 4.04329 -20.8097 0
      vertex -1.45663 -26.675 0
      vertex 3.8215 -20.7048 0
    endloop
  endfacet
  facet normal -0 0 -1
    outer loop
      vertex 3.8215 -20.7048 0
      vertex -1.54492 -26.5277 0
      vertex 3.61107 -20.5787 0
    endloop
  endfacet
  facet normal 0 0 -1
    outer loop
      vertex -8.22835 -21.3519 0
      vertex 2.5 -18.5 0
      vertex 2.51202 -18.745 0
    endloop
  endfacet
  facet normal 0 0 -1
    outer loop
      vertex -2 -7.22142 0
      vertex 2 -7.22142 0
      vertex 2 -9.59808 0
    endloop
  endfacet
  facet normal 0 0 -1
    outer loop
      vertex 2 -7.22142 0
      vertex 1.30627 -4.30623 0
      vertex 1.72206 -4.15746 0
    endloop
  endfacet
  facet normal 0 0 -1
    outer loop
      vertex 2.5 -18.5 0
      vertex -2 -9.59808 0
      vertex 2 -9.59808 0
    endloop
  endfacet
  facet normal 0 0 -1
    outer loop
      vertex -1.64722 -26.3898 0
      vertex 3.61107 -20.5787 0
      vertex -1.54492 -26.5277 0
    endloop
  endfacet
  facet normal -0 0 -1
    outer loop
      vertex 3.41402 -20.4325 0
      vertex -1.8898 -26.1472 0
      vertex 3.23222 -20.2678 0
    endloop
  endfacet
  facet normal 0 0 -1
    outer loop
      vertex -2.02774 -26.0449 0
      vertex 3.23222 -20.2678 0
      vertex -1.8898 -26.1472 0
    endloop
  endfacet
  facet normal -0 0 -1
    outer loop
      vertex 3.23222 -20.2678 0
      vertex -2.02774 -26.0449 0
      vertex 3.06746 -20.086 0
    endloop
  endfacet
  facet normal 0 0 -1
    outer loop
      vertex -2.17505 -25.9566 0
      vertex 3.06746 -20.086 0
      vertex -2.02774 -26.0449 0
    endloop
  endfacet
  facet normal -0 0 -1
    outer loop
      vertex 3.06746 -20.086 0
      vertex -2.17505 -25.9566 0
      vertex 2.92133 -19.8889 0
    endloop
  endfacet
  facet normal 0 0 -1
    outer loop
      vertex -1.8898 -26.1472 0
      vertex 3.41402 -20.4325 0
      vertex -1.76256 -26.2626 0
    endloop
  endfacet
  facet normal -0 0 -1
    outer loop
      vertex 3.61107 -20.5787 0
      vertex -1.76256 -26.2626 0
      vertex 3.41402 -20.4325 0
    endloop
  endfacet
  facet normal 0 0 -1
    outer loop
      vertex -1.76256 -26.2626 0
      vertex 3.61107 -20.5787 0
      vertex -1.64722 -26.3898 0
    endloop
  endfacet
  facet normal 0 0 -1
    outer loop
      vertex -1.54492 -26.5277 0
      vertex 3.8215 -20.7048 0
      vertex -1.45663 -26.675 0
    endloop
  endfacet
  facet normal -0 0 -1
    outer loop
      vertex 4.75494 -20.988 0
      vertex -1.28362 -27.1586 0
      vertex 4.51227 -20.952 0
    endloop
  endfacet
  facet normal 0 0 -1
    outer loop
      vertex 11.0096 -25.696 0
      vertex 5.24504 -20.988 0
      vertex 5.48772 -20.952 0
    endloop
  endfacet
  facet normal 0 0 -1
    outer loop
      vertex 7 -32.5 0
      vertex -1.54492 -28.4722 0
      vertex -1.45663 -28.3249 0
    endloop
  endfacet
  facet normal 0 0 -1
    outer loop
      vertex 7 -32.5 0
      vertex -1.64722 -28.6102 0
      vertex -1.54492 -28.4722 0
    endloop
  endfacet
  facet normal 0 0 -1
    outer loop
      vertex 7 -32.5 0
      vertex -1.76256 -28.7374 0
      vertex -1.64722 -28.6102 0
    endloop
  endfacet
  facet normal 0 0 -1
    outer loop
      vertex 7 -32.5 0
      vertex -1.8898 -28.8528 0
      vertex -1.76256 -28.7374 0
    endloop
  endfacet
  facet normal 0 0 -1
    outer loop
      vertex 7 -32.5 0
      vertex -2.02774 -28.9551 0
      vertex -1.8898 -28.8528 0
    endloop
  endfacet
  facet normal 0 0 -1
    outer loop
      vertex 7 -32.5 0
      vertex -2.17505 -29.0434 0
      vertex -2.02774 -28.9551 0
    endloop
  endfacet
  facet normal 0 0 -1
    outer loop
      vertex 7 -32.5 0
      vertex -2.33029 -29.1168 0
      vertex -2.17505 -29.0434 0
    endloop
  endfacet
  facet normal 0 -0 -1
    outer loop
      vertex -2.49199 -29.1746 0
      vertex 7 -32.5 0
      vertex -7 -32.5 0
    endloop
  endfacet
  facet normal 0 0 -1
    outer loop
      vertex 7 -32.5 0
      vertex -2.49199 -29.1746 0
      vertex -2.33029 -29.1168 0
    endloop
  endfacet
  facet normal 0 0 -1
    outer loop
      vertex -2.49199 -29.1746 0
      vertex -7 -32.5 0
      vertex -2.65858 -29.2164 0
    endloop
  endfacet
  facet normal 0 0 -1
    outer loop
      vertex -2.65858 -29.2164 0
      vertex -7 -32.5 0
      vertex -2.82846 -29.2416 0
    endloop
  endfacet
  facet normal 0 0 -1
    outer loop
      vertex -2.82846 -29.2416 0
      vertex -7 -32.5 0
      vertex -3 -29.25 0
    endloop
  endfacet
  facet normal -0 0 -1
    outer loop
      vertex -3 -29.25 0
      vertex -7 -32.5 0
      vertex -3.17152 -29.2416 0
    endloop
  endfacet
  facet normal -0 0 -1
    outer loop
      vertex -3.17152 -29.2416 0
      vertex -7 -32.5 0
      vertex -3.3414 -29.2164 0
    endloop
  endfacet
  facet normal -0 0 -1
    outer loop
      vertex -3.3414 -29.2164 0
      vertex -7 -32.5 0
      vertex -3.508 -29.1746 0
    endloop
  endfacet
  facet normal -0 0 -1
    outer loop
      vertex -3.508 -29.1746 0
      vertex -7 -32.5 0
      vertex -3.66969 -29.1168 0
    endloop
  endfacet
  facet normal -0 0 -1
    outer loop
      vertex -3.66969 -29.1168 0
      vertex -7 -32.5 0
      vertex -3.82494 -29.0434 0
    endloop
  endfacet
  facet normal -0 0 -1
    outer loop
      vertex -3.82494 -29.0434 0
      vertex -7 -32.5 0
      vertex -3.97224 -28.9551 0
    endloop
  endfacet
  facet normal -0 0 -1
    outer loop
      vertex -3.97224 -28.9551 0
      vertex -7 -32.5 0
      vertex -4.11018 -28.8528 0
    endloop
  endfacet
  facet normal -0 0 -1
    outer loop
      vertex -4.11018 -28.8528 0
      vertex -7 -32.5 0
      vertex -4.23743 -28.7374 0
    endloop
  endfacet
  facet normal -0 0 -1
    outer loop
      vertex -4.23743 -28.7374 0
      vertex -7 -32.5 0
      vertex -4.35277 -28.6102 0
    endloop
  endfacet
  facet normal -0 0 -1
    outer loop
      vertex -4.35277 -28.6102 0
      vertex -7 -32.5 0
      vertex -4.45506 -28.4722 0
    endloop
  endfacet
  facet normal -0 0 -1
    outer loop
      vertex -4.45506 -28.4722 0
      vertex -7 -32.5 0
      vertex -4.54335 -28.3249 0
    endloop
  endfacet
  facet normal 0 0 -1
    outer loop
      vertex -9.85194 -25.2716 0
      vertex -4.71637 -27.8414 0
      vertex -7 -32.5 0
    endloop
  endfacet
  facet normal -0 0 -1
    outer loop
      vertex -4.67464 -28.008 0
      vertex -7 -32.5 0
      vertex -4.71637 -27.8414 0
    endloop
  endfacet
  facet normal -0 0 -1
    outer loop
      vertex -4.61678 -28.1697 0
      vertex -7 -32.5 0
      vertex -4.67464 -28.008 0
    endloop
  endfacet
  facet normal -0 0 -1
    outer loop
      vertex -4.54335 -28.3249 0
      vertex -7 -32.5 0
      vertex -4.61678 -28.1697 0
    endloop
  endfacet
  facet normal -0 0 -1
    outer loop
      vertex 7 -52.5 0
      vertex 5 -54.5 0
      vertex -7 -52.5 0
    endloop
  endfacet
  facet normal 0 0 -1
    outer loop
      vertex 14.7638 -24.5572 0
      vertex 20.6281 -22.3273 0
      vertex 14.8477 -24.7346 0
    endloop
  endfacet
  facet normal 0 0 -1
    outer loop
      vertex 14.6629 -24.3889 0
      vertex 19.9186 -21 0
      vertex 14.7638 -24.5572 0
    endloop
  endfacet
  facet normal -0 0 -1
    outer loop
      vertex 19.9186 -21 0
      vertex 14.546 -24.2312 0
      vertex 19.1238 -19.7219 0
    endloop
  endfacet
  facet normal 0 0 -1
    outer loop
      vertex 14.4142 -24.0858 0
      vertex 19.1238 -19.7219 0
      vertex 14.546 -24.2312 0
    endloop
  endfacet
  facet normal 0 0 -1
    outer loop
      vertex 14.2688 -23.954 0
      vertex 19.1238 -19.7219 0
      vertex 14.4142 -24.0858 0
    endloop
  endfacet
  facet normal 0 0 -1
    outer loop
      vertex 14.1111 -23.8371 0
      vertex 19.1238 -19.7219 0
      vertex 14.2688 -23.954 0
    endloop
  endfacet
  facet normal -0 0 -1
    outer loop
      vertex 19.1238 -19.7219 0
      vertex 14.1111 -23.8371 0
      vertex 18.2471 -18.4985 0
    endloop
  endfacet
  facet normal 0 0 -1
    outer loop
      vertex 13.9428 -23.7361 0
      vertex 18.2471 -18.4985 0
      vertex 14.1111 -23.8371 0
    endloop
  endfacet
  facet normal 0 0 -1
    outer loop
      vertex 13.7654 -23.6522 0
      vertex 18.2471 -18.4985 0
      vertex 13.9428 -23.7361 0
    endloop
  endfacet
  facet normal -0 0 -1
    outer loop
      vertex 18.2471 -18.4985 0
      vertex 13.7654 -23.6522 0
      vertex 17.2923 -17.335 0
    endloop
  endfacet
  facet normal 0 0 -1
    outer loop
      vertex 13.5806 -23.5861 0
      vertex 17.2923 -17.335 0
      vertex 13.7654 -23.6522 0
    endloop
  endfacet
  facet normal 0 0 -1
    outer loop
      vertex 13.3902 -23.5384 0
      vertex 17.2923 -17.335 0
      vertex 13.5806 -23.5861 0
    endloop
  endfacet
  facet normal -0 0 -1
    outer loop
      vertex 17.2923 -17.335 0
      vertex 13.3902 -23.5384 0
      vertex 16.2634 -16.2365 0
    endloop
  endfacet
  facet normal 0 0 -1
    outer loop
      vertex 13.196 -23.5096 0
      vertex 16.2634 -16.2365 0
      vertex 13.3902 -23.5384 0
    endloop
  endfacet
  facet normal 0 0 -1
    outer loop
      vertex 13 -23.5 0
      vertex 16.2634 -16.2365 0
      vertex 13.196 -23.5096 0
    endloop
  endfacet
  facet normal -0 0 -1
    outer loop
      vertex 16.2634 -16.2365 0
      vertex 13 -23.5 0
      vertex 15.1649 -15.2077 0
    endloop
  endfacet
  facet normal 0 0 -1
    outer loop
      vertex 12.804 -23.5096 0
      vertex 15.1649 -15.2077 0
      vertex 13 -23.5 0
    endloop
  endfacet
  facet normal 0 0 -1
    outer loop
      vertex 12.6098 -23.5384 0
      vertex 15.1649 -15.2077 0
      vertex 12.804 -23.5096 0
    endloop
  endfacet
  facet normal -0 0 -1
    outer loop
      vertex 15.1649 -15.2077 0
      vertex 12.6098 -23.5384 0
      vertex 14.0015 -14.2529 0
    endloop
  endfacet
  facet normal 0 0 -1
    outer loop
      vertex 12.4194 -23.5861 0
      vertex 14.0015 -14.2529 0
      vertex 12.6098 -23.5384 0
    endloop
  endfacet
  facet normal 0 0 -1
    outer loop
      vertex 12.2346 -23.6522 0
      vertex 14.0015 -14.2529 0
      vertex 12.4194 -23.5861 0
    endloop
  endfacet
  facet normal -0 0 -1
    outer loop
      vertex 14.0015 -14.2529 0
      vertex 12.2346 -23.6522 0
      vertex 12.7781 -13.3762 0
    endloop
  endfacet
  facet normal 0 0 -1
    outer loop
      vertex 12.0572 -23.7361 0
      vertex 12.7781 -13.3762 0
      vertex 12.2346 -23.6522 0
    endloop
  endfacet
  facet normal 0 0 -1
    outer loop
      vertex 11.5 -12.5814 0
      vertex 12.0572 -23.7361 0
      vertex 11.8889 -23.8371 0
    endloop
  endfacet
  facet normal 0 0 -1
    outer loop
      vertex 11.5 -12.5814 0
      vertex 11.8889 -23.8371 0
      vertex 11.7312 -23.954 0
    endloop
  endfacet
  facet normal 0 0 -1
    outer loop
      vertex 10.1726 -11.8719 0
      vertex 11.7312 -23.954 0
      vertex 11.5858 -24.0858 0
    endloop
  endfacet
  facet normal 0 0 -1
    outer loop
      vertex 12.0572 -23.7361 0
      vertex 11.5 -12.5814 0
      vertex 12.7781 -13.3762 0
    endloop
  endfacet
  facet normal 0 0 -1
    outer loop
      vertex 10.1726 -11.8719 0
      vertex 11.5858 -24.0858 0
      vertex 11.454 -24.2312 0
    endloop
  endfacet
  facet normal 0 0 -1
    outer loop
      vertex 10.1726 -11.8719 0
      vertex 11.454 -24.2312 0
      vertex 11.3371 -24.3889 0
    endloop
  endfacet
  facet normal 0 0 -1
    outer loop
      vertex 10.1726 -11.8719 0
      vertex 11.3371 -24.3889 0
      vertex 11.2361 -24.5572 0
    endloop
  endfacet
  facet normal 0 0 -1
    outer loop
      vertex 10.1726 -11.8719 0
      vertex 11.2361 -24.5572 0
      vertex 11.1522 -24.7346 0
    endloop
  endfacet
  facet normal 0 0 -1
    outer loop
      vertex 10.1726 -11.8719 0
      vertex 11.1522 -24.7346 0
      vertex 11.0861 -24.9194 0
    endloop
  endfacet
  facet normal 0 0 -1
    outer loop
      vertex 10.1726 -11.8719 0
      vertex 11.0861 -24.9194 0
      vertex 11.0384 -25.1098 0
    endloop
  endfacet
  facet normal 0 0 -1
    outer loop
      vertex 10.1726 -11.8719 0
      vertex 11.0384 -25.1098 0
      vertex 11.0096 -25.304 0
    endloop
  endfacet
  facet normal 0 0 -1
    outer loop
      vertex 10.1726 -11.8719 0
      vertex 11.0096 -25.304 0
      vertex 11 -25.5 0
    endloop
  endfacet
  facet normal 0 0 -1
    outer loop
      vertex 11.7312 -23.954 0
      vertex 10.1726 -11.8719 0
      vertex 11.5 -12.5814 0
    endloop
  endfacet
  facet normal 0 0 -1
    outer loop
      vertex 7.45195 -18.0123 0
      vertex 10.1726 -11.8719 0
      vertex 7.48796 -18.2549 0
    endloop
  endfacet
  facet normal 0 0 -1
    outer loop
      vertex 7.39235 -17.7743 0
      vertex 10.1726 -11.8719 0
      vertex 7.45195 -18.0123 0
    endloop
  endfacet
  facet normal 0 0 -1
    outer loop
      vertex 7.30969 -17.5433 0
      vertex 10.1726 -11.8719 0
      vertex 7.39235 -17.7743 0
    endloop
  endfacet
  facet normal 0 0 -1
    outer loop
      vertex 7.20479 -17.3215 0
      vertex 10.1726 -11.8719 0
      vertex 7.30969 -17.5433 0
    endloop
  endfacet
  facet normal 0 0 -1
    outer loop
      vertex 7.07866 -17.1111 0
      vertex 10.1726 -11.8719 0
      vertex 7.20479 -17.3215 0
    endloop
  endfacet
  facet normal 0 0 -1
    outer loop
      vertex 6.93253 -16.914 0
      vertex 10.1726 -11.8719 0
      vertex 7.07866 -17.1111 0
    endloop
  endfacet
  facet normal 0 0 -1
    outer loop
      vertex 6.76776 -16.7322 0
      vertex 10.1726 -11.8719 0
      vertex 6.93253 -16.914 0
    endloop
  endfacet
  facet normal 0 0 -1
    outer loop
      vertex 6.58597 -16.5675 0
      vertex 10.1726 -11.8719 0
      vertex 6.76776 -16.7322 0
    endloop
  endfacet
  facet normal -0 0 -1
    outer loop
      vertex 10.1726 -11.8719 0
      vertex 6.58597 -16.5675 0
      vertex 8.80171 -11.2508 0
    endloop
  endfacet
  facet normal 0 0 -1
    outer loop
      vertex 6.38892 -16.4213 0
      vertex 8.80171 -11.2508 0
      vertex 6.58597 -16.5675 0
    endloop
  endfacet
  facet normal 0 0 -1
    outer loop
      vertex 6.17848 -16.2952 0
      vertex 8.80171 -11.2508 0
      vertex 6.38892 -16.4213 0
    endloop
  endfacet
  facet normal 0 0 -1
    outer loop
      vertex 5.9567 -16.1903 0
      vertex 8.80171 -11.2508 0
      vertex 6.17848 -16.2952 0
    endloop
  endfacet
  facet normal -0 0 -1
    outer loop
      vertex 8.80171 -11.2508 0
      vertex 5.9567 -16.1903 0
      vertex 7.3931 -10.7206 0
    endloop
  endfacet
  facet normal 0 0 -1
    outer loop
      vertex 5.72571 -16.1076 0
      vertex 7.3931 -10.7206 0
      vertex 5.9567 -16.1903 0
    endloop
  endfacet
  facet normal 0 0 -1
    outer loop
      vertex 5.48772 -16.048 0
      vertex 7.3931 -10.7206 0
      vertex 5.72571 -16.1076 0
    endloop
  endfacet
  facet normal -0 0 -1
    outer loop
      vertex 7.3931 -10.7206 0
      vertex 5.48772 -16.048 0
      vertex 5.95284 -10.2837 0
    endloop
  endfacet
  facet normal 0 0 -1
    outer loop
      vertex 5.24504 -16.012 0
      vertex 5.95284 -10.2837 0
      vertex 5.48772 -16.048 0
    endloop
  endfacet
  facet normal 0 0 -1
    outer loop
      vertex 5 -16 0
      vertex 5.95284 -10.2837 0
      vertex 5.24504 -16.012 0
    endloop
  endfacet
  facet normal 0 0 -1
    outer loop
      vertex 4.75494 -16.012 0
      vertex 5.95284 -10.2837 0
      vertex 5 -16 0
    endloop
  endfacet
  facet normal 0 0 -1
    outer loop
      vertex 4.48708 -9.94194 0
      vertex 4.75494 -16.012 0
      vertex 4.51227 -16.048 0
    endloop
  endfacet
  facet normal 0 0 -1
    outer loop
      vertex 4.75494 -16.012 0
      vertex 4.48708 -9.94194 0
      vertex 5.95284 -10.2837 0
    endloop
  endfacet
  facet normal 0 0 -1
    outer loop
      vertex 4.27428 -16.1076 0
      vertex 4.48708 -9.94194 0
      vertex 4.51227 -16.048 0
    endloop
  endfacet
  facet normal 0 0 -1
    outer loop
      vertex 3.00209 -9.69678 0
      vertex 4.27428 -16.1076 0
      vertex 4.04329 -16.1903 0
    endloop
  endfacet
  facet normal 0 0 -1
    outer loop
      vertex 3.00209 -9.69678 0
      vertex 4.04329 -16.1903 0
      vertex 3.8215 -16.2952 0
    endloop
  endfacet
  facet normal 0 0 -1
    outer loop
      vertex 2 -9.59808 0
      vertex 3.8215 -16.2952 0
      vertex 3.61107 -16.4213 0
    endloop
  endfacet
  facet normal 0 0 -1
    outer loop
      vertex 2 -9.59808 0
      vertex 3.61107 -16.4213 0
      vertex 3.41402 -16.5675 0
    endloop
  endfacet
  facet normal 0 0 -1
    outer loop
      vertex 2 -9.59808 0
      vertex 3.41402 -16.5675 0
      vertex 3.23222 -16.7322 0
    endloop
  endfacet
  facet normal 0 0 -1
    outer loop
      vertex 2 -9.59808 0
      vertex 3.23222 -16.7322 0
      vertex 3.06746 -16.914 0
    endloop
  endfacet
  facet normal 0 0 -1
    outer loop
      vertex 4.27428 -16.1076 0
      vertex 3.00209 -9.69678 0
      vertex 4.48708 -9.94194 0
    endloop
  endfacet
  facet normal 0 0 -1
    outer loop
      vertex 2 -9.59808 0
      vertex 3.06746 -16.914 0
      vertex 2.92133 -17.1111 0
    endloop
  endfacet
  facet normal 0 0 -1
    outer loop
      vertex 2 -9.59808 0
      vertex 2.92133 -17.1111 0
      vertex 2.7952 -17.3215 0
    endloop
  endfacet
  facet normal 0 0 -1
    outer loop
      vertex 2 -9.59808 0
      vertex 2.7952 -17.3215 0
      vertex 2.69029 -17.5433 0
    endloop
  endfacet
  facet normal 0 0 -1
    outer loop
      vertex 2 -9.59808 0
      vertex 2.69029 -17.5433 0
      vertex 2.60764 -17.7743 0
    endloop
  endfacet
  facet normal 0 0 -1
    outer loop
      vertex 2 -9.59808 0
      vertex 2.60764 -17.7743 0
      vertex 2.54803 -18.0123 0
    endloop
  endfacet
  facet normal 0 0 -1
    outer loop
      vertex 2 -9.59808 0
      vertex 2.54803 -18.0123 0
      vertex 2.51202 -18.2549 0
    endloop
  endfacet
  facet normal 0 0 -1
    outer loop
      vertex 3.8215 -16.2952 0
      vertex 2 -9.59808 0
      vertex 3.00209 -9.69678 0
    endloop
  endfacet
  facet normal 0 0 -1
    outer loop
      vertex 2 -9.59808 0
      vertex 2.51202 -18.2549 0
      vertex 2.5 -18.5 0
    endloop
  endfacet
  facet normal 0 0 -1
    outer loop
      vertex 2.5 -18.5 0
      vertex -8.35423 -21.0858 0
      vertex -8.50558 -20.8333 0
    endloop
  endfacet
  facet normal 0 0 -1
    outer loop
      vertex 2.5 -18.5 0
      vertex -3.00209 -9.69678 0
      vertex -2 -9.59808 0
    endloop
  endfacet
  facet normal 0 0 -1
    outer loop
      vertex 2.5 -18.5 0
      vertex -8.50558 -20.8333 0
      vertex -8.68095 -20.5968 0
    endloop
  endfacet
  facet normal 0 0 -1
    outer loop
      vertex 2.5 -18.5 0
      vertex -4.48708 -9.94194 0
      vertex -3.00209 -9.69678 0
    endloop
  endfacet
  facet normal -0 0 -1
    outer loop
      vertex 2.5 -18.5 0
      vertex -8.68095 -20.5968 0
      vertex -4.48708 -9.94194 0
    endloop
  endfacet
  facet normal 0 0 -1
    outer loop
      vertex -4.48708 -9.94194 0
      vertex -8.68095 -20.5968 0
      vertex -5.95284 -10.2837 0
    endloop
  endfacet
  facet normal 0 0 -1
    outer loop
      vertex -8.87868 -20.3787 0
      vertex -5.95284 -10.2837 0
      vertex -8.68095 -20.5968 0
    endloop
  endfacet
  facet normal 0 0 -1
    outer loop
      vertex -5.95284 -10.2837 0
      vertex -8.87868 -20.3787 0
      vertex -7.3931 -10.7206 0
    endloop
  endfacet
  facet normal 0 0 -1
    outer loop
      vertex -9.09682 -20.181 0
      vertex -7.3931 -10.7206 0
      vertex -8.87868 -20.3787 0
    endloop
  endfacet
  facet normal 0 0 -1
    outer loop
      vertex -9.33328 -20.0056 0
      vertex -7.3931 -10.7206 0
      vertex -9.09682 -20.181 0
    endloop
  endfacet
  facet normal 0 0 -1
    outer loop
      vertex -7.3931 -10.7206 0
      vertex -9.33328 -20.0056 0
      vertex -8.80171 -11.2508 0
    endloop
  endfacet
  facet normal 0 0 -1
    outer loop
      vertex -9.5858 -19.8542 0
      vertex -8.80171 -11.2508 0
      vertex -9.33328 -20.0056 0
    endloop
  endfacet
  facet normal 0 0 -1
    outer loop
      vertex -10.1726 -11.8719 0
      vertex -9.5858 -19.8542 0
      vertex -9.85194 -19.7283 0
    endloop
  endfacet
  facet normal 0 0 -1
    outer loop
      vertex -10.1726 -11.8719 0
      vertex -9.85194 -19.7283 0
      vertex -10.1291 -19.6292 0
    endloop
  endfacet
  facet normal 0 0 -1
    outer loop
      vertex -9.5858 -19.8542 0
      vertex -10.1726 -11.8719 0
      vertex -8.80171 -11.2508 0
    endloop
  endfacet
  facet normal 0 0 -1
    outer loop
      vertex -11.5 -12.5814 0
      vertex -10.1291 -19.6292 0
      vertex -10.4147 -19.5576 0
    endloop
  endfacet
  facet normal 0 0 -1
    outer loop
      vertex -11.5 -12.5814 0
      vertex -10.4147 -19.5576 0
      vertex -10.7059 -19.5144 0
    endloop
  endfacet
  facet normal 0 0 -1
    outer loop
      vertex -12.7781 -13.3762 0
      vertex -10.7059 -19.5144 0
      vertex -11 -19.5 0
    endloop
  endfacet
  facet normal 0 0 -1
    outer loop
      vertex -12.7781 -13.3762 0
      vertex -11 -19.5 0
      vertex -11.294 -19.5144 0
    endloop
  endfacet
  facet normal 0 0 -1
    outer loop
      vertex -10.1291 -19.6292 0
      vertex -11.5 -12.5814 0
      vertex -10.1726 -11.8719 0
    endloop
  endfacet
  facet normal 0 0 -1
    outer loop
      vertex -14.0015 -14.2529 0
      vertex -11.294 -19.5144 0
      vertex -11.5853 -19.5576 0
    endloop
  endfacet
  facet normal 0 0 -1
    outer loop
      vertex -14.0015 -14.2529 0
      vertex -11.5853 -19.5576 0
      vertex -11.8708 -19.6292 0
    endloop
  endfacet
  facet normal 0 0 -1
    outer loop
      vertex -15.1649 -15.2077 0
      vertex -11.8708 -19.6292 0
      vertex -12.148 -19.7283 0
    endloop
  endfacet
  facet normal 0 0 -1
    outer loop
      vertex -15.1649 -15.2077 0
      vertex -12.148 -19.7283 0
      vertex -12.4142 -19.8542 0
    endloop
  endfacet
  facet normal 0 0 -1
    outer loop
      vertex -15.1649 -15.2077 0
      vertex -12.4142 -19.8542 0
      vertex -12.6667 -20.0056 0
    endloop
  endfacet
  facet normal 0 0 -1
    outer loop
      vertex -10.7059 -19.5144 0
      vertex -12.7781 -13.3762 0
      vertex -11.5 -12.5814 0
    endloop
  endfacet
  facet normal 0 0 -1
    outer loop
      vertex -16.2634 -16.2365 0
      vertex -12.6667 -20.0056 0
      vertex -12.9032 -20.181 0
    endloop
  endfacet
  facet normal 0 0 -1
    outer loop
      vertex -16.2634 -16.2365 0
      vertex -12.9032 -20.181 0
      vertex -13.1213 -20.3787 0
    endloop
  endfacet
  facet normal 0 0 -1
    outer loop
      vertex -17.2923 -17.335 0
      vertex -13.1213 -20.3787 0
      vertex -13.319 -20.5968 0
    endloop
  endfacet
  facet normal 0 0 -1
    outer loop
      vertex -17.2923 -17.335 0
      vertex -13.319 -20.5968 0
      vertex -13.4944 -20.8333 0
    endloop
  endfacet
  facet normal 0 0 -1
    outer loop
      vertex -18.2471 -18.4985 0
      vertex -13.4944 -20.8333 0
      vertex -13.6458 -21.0858 0
    endloop
  endfacet
  facet normal 0 0 -1
    outer loop
      vertex -18.2471 -18.4985 0
      vertex -13.6458 -21.0858 0
      vertex -13.7716 -21.3519 0
    endloop
  endfacet
  facet normal 0 0 -1
    outer loop
      vertex -18.2471 -18.4985 0
      vertex -13.7716 -21.3519 0
      vertex -13.8708 -21.6291 0
    endloop
  endfacet
  facet normal 0 0 -1
    outer loop
      vertex -19.1238 -19.7219 0
      vertex -13.8708 -21.6291 0
      vertex -13.9424 -21.9147 0
    endloop
  endfacet
  facet normal 0 0 -1
    outer loop
      vertex -19.1238 -19.7219 0
      vertex -13.9424 -21.9147 0
      vertex -13.9855 -22.2059 0
    endloop
  endfacet
  facet normal 0 0 -1
    outer loop
      vertex -11.294 -19.5144 0
      vertex -14.0015 -14.2529 0
      vertex -12.7781 -13.3762 0
    endloop
  endfacet
  facet normal 0 0 -1
    outer loop
      vertex -19.9186 -21 0
      vertex -13.9855 -22.2059 0
      vertex -14 -22.5 0
    endloop
  endfacet
  facet normal 0 0 -1
    outer loop
      vertex -2.65858 -25.7836 0
      vertex 2.69029 -19.4567 0
      vertex -2.49199 -25.8253 0
    endloop
  endfacet
  facet normal -0 0 -1
    outer loop
      vertex 2.69029 -19.4567 0
      vertex -2.65858 -25.7836 0
      vertex 2.60764 -19.2257 0
    endloop
  endfacet
  facet normal 0 0 -1
    outer loop
      vertex -2.82846 -25.7584 0
      vertex 2.60764 -19.2257 0
      vertex -2.65858 -25.7836 0
    endloop
  endfacet
  facet normal -0 0 -1
    outer loop
      vertex 2.60764 -19.2257 0
      vertex -2.82846 -25.7584 0
      vertex 2.54803 -18.9877 0
    endloop
  endfacet
  facet normal 0 0 -1
    outer loop
      vertex -3 -25.75 0
      vertex 2.54803 -18.9877 0
      vertex -2.82846 -25.7584 0
    endloop
  endfacet
  facet normal 0 0 -1
    outer loop
      vertex -3.17152 -25.7584 0
      vertex -8.05763 -21.9147 0
      vertex -3 -25.75 0
    endloop
  endfacet
  facet normal 0 0 -1
    outer loop
      vertex -8.05763 -21.9147 0
      vertex -3.17152 -25.7584 0
      vertex -8.01443 -22.2059 0
    endloop
  endfacet
  facet normal 0 0 -1
    outer loop
      vertex -8.12917 -21.6291 0
      vertex -3 -25.75 0
      vertex -8.05763 -21.9147 0
    endloop
  endfacet
  facet normal 0 0 -1
    outer loop
      vertex -3.3414 -25.7836 0
      vertex -8.01443 -22.2059 0
      vertex -3.17152 -25.7584 0
    endloop
  endfacet
  facet normal 0 0 -1
    outer loop
      vertex -8.01443 -22.2059 0
      vertex -3.3414 -25.7836 0
      vertex -8 -22.5 0
    endloop
  endfacet
  facet normal 0 0 -1
    outer loop
      vertex -8 -22.5 0
      vertex -3.3414 -25.7836 0
      vertex -3.508 -25.8253 0
    endloop
  endfacet
  facet normal 0 0 -1
    outer loop
      vertex -8 -22.5 0
      vertex -3.508 -25.8253 0
      vertex -3.66969 -25.8832 0
    endloop
  endfacet
  facet normal 0 0 -1
    outer loop
      vertex -8.01443 -22.794 0
      vertex -3.66969 -25.8832 0
      vertex -3.82494 -25.9566 0
    endloop
  endfacet
  facet normal 0 0 -1
    outer loop
      vertex -8.05763 -23.0853 0
      vertex -3.82494 -25.9566 0
      vertex -3.97224 -26.0449 0
    endloop
  endfacet
  facet normal 0 0 -1
    outer loop
      vertex -8.12917 -23.3708 0
      vertex -3.97224 -26.0449 0
      vertex -4.11018 -26.1472 0
    endloop
  endfacet
  facet normal 0 0 -1
    outer loop
      vertex -8.12917 -23.3708 0
      vertex -4.11018 -26.1472 0
      vertex -4.23743 -26.2626 0
    endloop
  endfacet
  facet normal 0 0 -1
    outer loop
      vertex -8.22835 -23.648 0
      vertex -4.23743 -26.2626 0
      vertex -4.35277 -26.3898 0
    endloop
  endfacet
  facet normal 0 0 -1
    outer loop
      vertex -8.35423 -23.9142 0
      vertex -4.35277 -26.3898 0
      vertex -4.45506 -26.5277 0
    endloop
  endfacet
  facet normal -0 0 -1
    outer loop
      vertex 2.54803 -18.9877 0
      vertex -8.12917 -21.6291 0
      vertex 2.51202 -18.745 0
    endloop
  endfacet
  facet normal 0 0 -1
    outer loop
      vertex -8.50558 -24.1667 0
      vertex -4.45506 -26.5277 0
      vertex -4.54335 -26.675 0
    endloop
  endfacet
  facet normal 0 0 -1
    outer loop
      vertex -8.68095 -24.4032 0
      vertex -4.54335 -26.675 0
      vertex -4.61678 -26.8303 0
    endloop
  endfacet
  facet normal 0 0 -1
    outer loop
      vertex -8.68095 -24.4032 0
      vertex -4.61678 -26.8303 0
      vertex -4.67464 -26.992 0
    endloop
  endfacet
  facet normal 0 0 -1
    outer loop
      vertex -8.87868 -24.6213 0
      vertex -4.67464 -26.992 0
      vertex -4.71637 -27.1586 0
    endloop
  endfacet
  facet normal 0 0 -1
    outer loop
      vertex -9.09682 -24.819 0
      vertex -4.71637 -27.1586 0
      vertex -4.74156 -27.3285 0
    endloop
  endfacet
  facet normal 0 0 -1
    outer loop
      vertex -9.33328 -24.9944 0
      vertex -4.74156 -27.3285 0
      vertex -4.75 -27.5 0
    endloop
  endfacet
  facet normal 0 0 -1
    outer loop
      vertex -7 -52.5 0
      vertex -5 -54.5 0
      vertex -5.19603 -54.4904 0
    endloop
  endfacet
  facet normal 0 -0 -1
    outer loop
      vertex -9.5858 -25.1458 0
      vertex -4.71637 -27.8414 0
      vertex -9.85194 -25.2716 0
    endloop
  endfacet
  facet normal 0 0 -1
    outer loop
      vertex -7 -52.5 0
      vertex -5.19603 -54.4904 0
      vertex -5.39018 -54.4616 0
    endloop
  endfacet
  facet normal 0 0 -1
    outer loop
      vertex -7 -52.5 0
      vertex -5.39018 -54.4616 0
      vertex -5.58057 -54.4139 0
    endloop
  endfacet
  facet normal 0 0 -1
    outer loop
      vertex -7 -52.5 0
      vertex -5.58057 -54.4139 0
      vertex -5.76537 -54.3478 0
    endloop
  endfacet
  facet normal 0 0 -1
    outer loop
      vertex -7 -52.5 0
      vertex -5.76537 -54.3478 0
      vertex -5.94279 -54.2638 0
    endloop
  endfacet
  facet normal 0 0 -1
    outer loop
      vertex -4.71637 -27.8414 0
      vertex -9.5858 -25.1458 0
      vertex -4.74156 -27.6715 0
    endloop
  endfacet
  facet normal 0 0 -1
    outer loop
      vertex -7 -52.5 0
      vertex -5.94279 -54.2638 0
      vertex -6.11115 -54.1629 0
    endloop
  endfacet
  facet normal 0 0 -1
    outer loop
      vertex -7 -52.5 0
      vertex -6.11115 -54.1629 0
      vertex -6.26878 -54.046 0
    endloop
  endfacet
  facet normal 0 0 -1
    outer loop
      vertex -7 -52.5 0
      vertex -6.26878 -54.046 0
      vertex -6.41422 -53.9142 0
    endloop
  endfacet
  facet normal 0 0 -1
    outer loop
      vertex -7 -52.5 0
      vertex -6.41422 -53.9142 0
      vertex -6.54602 -53.7688 0
    endloop
  endfacet
  facet normal 0 0 -1
    outer loop
      vertex -7 -52.5 0
      vertex -6.54602 -53.7688 0
      vertex -6.66293 -53.6111 0
    endloop
  endfacet
  facet normal 0 0 -1
    outer loop
      vertex -7 -52.5 0
      vertex -6.66293 -53.6111 0
      vertex -6.76384 -53.4428 0
    endloop
  endfacet
  facet normal 0 0 -1
    outer loop
      vertex -7 -52.5 0
      vertex -6.76384 -53.4428 0
      vertex -6.84776 -53.2654 0
    endloop
  endfacet
  facet normal 0 0 -1
    outer loop
      vertex -7 -52.5 0
      vertex -6.84776 -53.2654 0
      vertex -6.91388 -53.0806 0
    endloop
  endfacet
  facet normal 0 0 -1
    outer loop
      vertex -7 -52.5 0
      vertex -6.91388 -53.0806 0
      vertex -6.96156 -52.8902 0
    endloop
  endfacet
  facet normal 0 0 -1
    outer loop
      vertex -7 -52.5 0
      vertex -6.96156 -52.8902 0
      vertex -6.99037 -52.696 0
    endloop
  endfacet
  facet normal -0 0 -1
    outer loop
      vertex 7 -32.5 0
      vertex -7 -52.5 0
      vertex -7 -32.5 0
    endloop
  endfacet
  facet normal 0 0 -1
    outer loop
      vertex 2.51202 -18.745 0
      vertex -8.12917 -21.6291 0
      vertex -8.22835 -21.3519 0
    endloop
  endfacet
  facet normal 0 0 -1
    outer loop
      vertex -8.12917 -21.6291 0
      vertex 2.54803 -18.9877 0
      vertex -3 -25.75 0
    endloop
  endfacet
  facet normal 0 0 -1
    outer loop
      vertex 2.5 -18.5 0
      vertex -8.22835 -21.3519 0
      vertex -8.35423 -21.0858 0
    endloop
  endfacet
  facet normal 0 0 -1
    outer loop
      vertex -3.66969 -25.8832 0
      vertex -8.01443 -22.794 0
      vertex -8 -22.5 0
    endloop
  endfacet
  facet normal 0 0 -1
    outer loop
      vertex -3.82494 -25.9566 0
      vertex -8.05763 -23.0853 0
      vertex -8.01443 -22.794 0
    endloop
  endfacet
  facet normal 0 0 -1
    outer loop
      vertex -3.97224 -26.0449 0
      vertex -8.12917 -23.3708 0
      vertex -8.05763 -23.0853 0
    endloop
  endfacet
  facet normal 0 0 -1
    outer loop
      vertex -4.23743 -26.2626 0
      vertex -8.22835 -23.648 0
      vertex -8.12917 -23.3708 0
    endloop
  endfacet
  facet normal 0 0 -1
    outer loop
      vertex -4.35277 -26.3898 0
      vertex -8.35423 -23.9142 0
      vertex -8.22835 -23.648 0
    endloop
  endfacet
  facet normal 0 0 -1
    outer loop
      vertex -4.45506 -26.5277 0
      vertex -8.50558 -24.1667 0
      vertex -8.35423 -23.9142 0
    endloop
  endfacet
  facet normal 0 0 -1
    outer loop
      vertex -4.54335 -26.675 0
      vertex -8.68095 -24.4032 0
      vertex -8.50558 -24.1667 0
    endloop
  endfacet
  facet normal 0 0 -1
    outer loop
      vertex -4.67464 -26.992 0
      vertex -8.87868 -24.6213 0
      vertex -8.68095 -24.4032 0
    endloop
  endfacet
  facet normal 0 0 -1
    outer loop
      vertex -4.71637 -27.1586 0
      vertex -9.09682 -24.819 0
      vertex -8.87868 -24.6213 0
    endloop
  endfacet
  facet normal 0 0 -1
    outer loop
      vertex -4.74156 -27.3285 0
      vertex -9.33328 -24.9944 0
      vertex -9.09682 -24.819 0
    endloop
  endfacet
  facet normal 0 0 -1
    outer loop
      vertex -4.75 -27.5 0
      vertex -9.5858 -25.1458 0
      vertex -9.33328 -24.9944 0
    endloop
  endfacet
  facet normal 0 0 -1
    outer loop
      vertex -4.74156 -27.6715 0
      vertex -9.5858 -25.1458 0
      vertex -4.75 -27.5 0
    endloop
  endfacet
  facet normal 0 0 -1
    outer loop
      vertex -7 -32.5 0
      vertex -10.1291 -25.3708 0
      vertex -9.85194 -25.2716 0
    endloop
  endfacet
  facet normal 0 0 -1
    outer loop
      vertex -7 -32.5 0
      vertex -10.4147 -25.4424 0
      vertex -10.1291 -25.3708 0
    endloop
  endfacet
  facet normal 0 0 -1
    outer loop
      vertex -7 -32.5 0
      vertex -10.7059 -25.4855 0
      vertex -10.4147 -25.4424 0
    endloop
  endfacet
  facet normal 0 0 -1
    outer loop
      vertex -7 -32.5 0
      vertex -11 -25.5 0
      vertex -10.7059 -25.4855 0
    endloop
  endfacet
  facet normal 0 0 -1
    outer loop
      vertex -7 -32.5 0
      vertex -11.294 -25.4855 0
      vertex -11 -25.5 0
    endloop
  endfacet
  facet normal 0 0 -1
    outer loop
      vertex -7 -32.5 0
      vertex -11.5853 -25.4424 0
      vertex -11.294 -25.4855 0
    endloop
  endfacet
  facet normal 0 0 -1
    outer loop
      vertex -7 -32.5 0
      vertex -11.8708 -25.3708 0
      vertex -11.5853 -25.4424 0
    endloop
  endfacet
  facet normal 0 0 -1
    outer loop
      vertex -7 -32.5 0
      vertex -12.148 -25.2716 0
      vertex -11.8708 -25.3708 0
    endloop
  endfacet
  facet normal 0 0 -1
    outer loop
      vertex -23 -32.5 0
      vertex -12.148 -25.2716 0
      vertex -7 -32.5 0
    endloop
  endfacet
  facet normal -0 0 -1
    outer loop
      vertex -12.148 -25.2716 0
      vertex -23 -32.5 0
      vertex -12.4142 -25.1458 0
    endloop
  endfacet
  facet normal 0 -0 -1
    outer loop
      vertex -22.9507 -30.9957 0
      vertex -12.4142 -25.1458 0
      vertex -23 -32.5 0
    endloop
  endfacet
  facet normal -0 0 -1
    outer loop
      vertex -12.4142 -25.1458 0
      vertex -22.9507 -30.9957 0
      vertex -12.6667 -24.9944 0
    endloop
  endfacet
  facet normal 0 -0 -1
    outer loop
      vertex -22.8032 -29.4979 0
      vertex -12.6667 -24.9944 0
      vertex -22.9507 -30.9957 0
    endloop
  endfacet
  facet normal 0 0 -1
    outer loop
      vertex -11.8708 -19.6292 0
      vertex -15.1649 -15.2077 0
      vertex -14.0015 -14.2529 0
    endloop
  endfacet
  facet normal 0 0 -1
    outer loop
      vertex -19.9186 -21 0
      vertex -14 -22.5 0
      vertex -13.9855 -22.794 0
    endloop
  endfacet
  facet normal 0 0 -1
    outer loop
      vertex -20.6281 -22.3273 0
      vertex -13.9855 -22.794 0
      vertex -13.9424 -23.0853 0
    endloop
  endfacet
  facet normal 0 0 -1
    outer loop
      vertex -12.6667 -20.0056 0
      vertex -16.2634 -16.2365 0
      vertex -15.1649 -15.2077 0
    endloop
  endfacet
  facet normal 0 0 -1
    outer loop
      vertex -20.6281 -22.3273 0
      vertex -13.9424 -23.0853 0
      vertex -13.8708 -23.3708 0
    endloop
  endfacet
  facet normal 0 0 -1
    outer loop
      vertex -13.1213 -20.3787 0
      vertex -17.2923 -17.335 0
      vertex -16.2634 -16.2365 0
    endloop
  endfacet
  facet normal 0 0 -1
    outer loop
      vertex -21.2492 -23.6983 0
      vertex -13.8708 -23.3708 0
      vertex -13.7716 -23.648 0
    endloop
  endfacet
  facet normal 0 0 -1
    outer loop
      vertex -21.2492 -23.6983 0
      vertex -13.7716 -23.648 0
      vertex -13.6458 -23.9142 0
    endloop
  endfacet
  facet normal 0 0 -1
    outer loop
      vertex -13.4944 -20.8333 0
      vertex -18.2471 -18.4985 0
      vertex -17.2923 -17.335 0
    endloop
  endfacet
  facet normal 0 0 -1
    outer loop
      vertex -21.7794 -25.1069 0
      vertex -13.6458 -23.9142 0
      vertex -13.4944 -24.1667 0
    endloop
  endfacet
  facet normal 0 0 -1
    outer loop
      vertex -21.7794 -25.1069 0
      vertex -13.4944 -24.1667 0
      vertex -13.319 -24.4032 0
    endloop
  endfacet
  facet normal -0 0 -1
    outer loop
      vertex -12.6667 -24.9944 0
      vertex -22.8032 -29.4979 0
      vertex -12.9032 -24.819 0
    endloop
  endfacet
  facet normal 0 0 -1
    outer loop
      vertex -13.8708 -21.6291 0
      vertex -19.1238 -19.7219 0
      vertex -18.2471 -18.4985 0
    endloop
  endfacet
  facet normal 0 0 -1
    outer loop
      vertex -13.9855 -22.2059 0
      vertex -19.9186 -21 0
      vertex -19.1238 -19.7219 0
    endloop
  endfacet
  facet normal 0 0 -1
    outer loop
      vertex -13.9855 -22.794 0
      vertex -20.6281 -22.3273 0
      vertex -19.9186 -21 0
    endloop
  endfacet
  facet normal -0 0 -1
    outer loop
      vertex -13.8708 -23.3708 0
      vertex -21.2492 -23.6983 0
      vertex -20.6281 -22.3273 0
    endloop
  endfacet
  facet normal -0 0 -1
    outer loop
      vertex -13.6458 -23.9142 0
      vertex -21.7794 -25.1069 0
      vertex -21.2492 -23.6983 0
    endloop
  endfacet
  facet normal 0 0 -1
    outer loop
      vertex -13.319 -24.4032 0
      vertex -22.2163 -26.5471 0
      vertex -21.7794 -25.1069 0
    endloop
  endfacet
  facet normal -0 0 -1
    outer loop
      vertex -13.1213 -24.6213 0
      vertex -22.2163 -26.5471 0
      vertex -13.319 -24.4032 0
    endloop
  endfacet
  facet normal 0 -0 -1
    outer loop
      vertex -22.2163 -26.5471 0
      vertex -13.1213 -24.6213 0
      vertex -22.5581 -28.0129 0
    endloop
  endfacet
  facet normal -0 0 -1
    outer loop
      vertex -12.9032 -24.819 0
      vertex -22.5581 -28.0129 0
      vertex -13.1213 -24.6213 0
    endloop
  endfacet
  facet normal 0 -0 -1
    outer loop
      vertex -22.5581 -28.0129 0
      vertex -12.9032 -24.819 0
      vertex -22.8032 -29.4979 0
    endloop
  endfacet
  facet normal 0 0 -1
    outer loop
      vertex 4.5 0 0
      vertex 7.5 0 0
      vertex 7.46388 -0.735123 0
    endloop
  endfacet
  facet normal 0 0 -1
    outer loop
      vertex 4.47832 -0.441071 0
      vertex 7.46388 -0.735123 0
      vertex 7.35588 -1.46317 0
    endloop
  endfacet
  facet normal 0 0 -1
    outer loop
      vertex 7.5 0 0
      vertex 4.5 0 0
      vertex 7.46388 0.735123 0
    endloop
  endfacet
  facet normal 0 0 -1
    outer loop
      vertex 4.41353 -0.877899 0
      vertex 7.35588 -1.46317 0
      vertex 7.17705 -2.17712 0
    endloop
  endfacet
  facet normal 0 0 -1
    outer loop
      vertex 4.47832 0.441071 0
      vertex 7.46388 0.735123 0
      vertex 4.5 0 0
    endloop
  endfacet
  facet normal 0 0 -1
    outer loop
      vertex 4.30623 -1.30627 0
      vertex 7.17705 -2.17712 0
      vertex 6.92909 -2.87012 0
    endloop
  endfacet
  facet normal -0 0 -1
    outer loop
      vertex 7.46388 0.735123 0
      vertex 4.47832 0.441071 0
      vertex 7.35588 1.46317 0
    endloop
  endfacet
  facet normal 0 0 -1
    outer loop
      vertex 4.15746 -1.72206 0
      vertex 6.92909 -2.87012 0
      vertex 6.6144 -3.53546 0
    endloop
  endfacet
  facet normal 0 0 -1
    outer loop
      vertex 4.41353 0.877899 0
      vertex 7.35588 1.46317 0
      vertex 4.47832 0.441071 0
    endloop
  endfacet
  facet normal 0 0 -1
    outer loop
      vertex 3.96864 -2.12128 0
      vertex 6.6144 -3.53546 0
      vertex 6.23601 -4.16676 0
    endloop
  endfacet
  facet normal -0 0 -1
    outer loop
      vertex 7.35588 1.46317 0
      vertex 4.41353 0.877899 0
      vertex 7.17705 2.17712 0
    endloop
  endfacet
  facet normal 0 0 -1
    outer loop
      vertex 3.74161 -2.50006 0
      vertex 6.23601 -4.16676 0
      vertex 5.79758 -4.75793 0
    endloop
  endfacet
  facet normal 0 0 -1
    outer loop
      vertex 4.30623 1.30627 0
      vertex 7.17705 2.17712 0
      vertex 4.41353 0.877899 0
    endloop
  endfacet
  facet normal 0 0 -1
    outer loop
      vertex 3.47855 -2.85477 0
      vertex 5.79758 -4.75793 0
      vertex 5.3033 -5.3033 0
    endloop
  endfacet
  facet normal -0 0 -1
    outer loop
      vertex 7.17705 2.17712 0
      vertex 4.30623 1.30627 0
      vertex 6.92909 2.87012 0
    endloop
  endfacet
  facet normal 0 0 -1
    outer loop
      vertex 3.18198 -3.18198 0
      vertex 5.3033 -5.3033 0
      vertex 4.75793 -5.79758 0
    endloop
  endfacet
  facet normal 0 0 -1
    outer loop
      vertex 4.15746 1.72206 0
      vertex 6.92909 2.87012 0
      vertex 4.30623 1.30627 0
    endloop
  endfacet
  facet normal -0 0 -1
    outer loop
      vertex 6.92909 2.87012 0
      vertex 4.15746 1.72206 0
      vertex 6.6144 3.53546 0
    endloop
  endfacet
  facet normal 0 0 -1
    outer loop
      vertex 7.46388 -0.735123 0
      vertex 4.47832 -0.441071 0
      vertex 4.5 0 0
    endloop
  endfacet
  facet normal 0 0 -1
    outer loop
      vertex 7.35588 -1.46317 0
      vertex 4.41353 -0.877899 0
      vertex 4.47832 -0.441071 0
    endloop
  endfacet
  facet normal 0 0 -1
    outer loop
      vertex 7.17705 -2.17712 0
      vertex 4.30623 -1.30627 0
      vertex 4.41353 -0.877899 0
    endloop
  endfacet
  facet normal 0 0 -1
    outer loop
      vertex 2.85477 -3.47855 0
      vertex 4.75793 -5.79758 0
      vertex 4.16676 -6.23601 0
    endloop
  endfacet
  facet normal 0 0 -1
    outer loop
      vertex 6.92909 -2.87012 0
      vertex 4.15746 -1.72206 0
      vertex 4.30623 -1.30627 0
    endloop
  endfacet
  facet normal 0 0 -1
    outer loop
      vertex 6.6144 -3.53546 0
      vertex 3.96864 -2.12128 0
      vertex 4.15746 -1.72206 0
    endloop
  endfacet
  facet normal 0 0 -1
    outer loop
      vertex 6.23601 -4.16676 0
      vertex 3.74161 -2.50006 0
      vertex 3.96864 -2.12128 0
    endloop
  endfacet
  facet normal 0 0 -1
    outer loop
      vertex 2.50006 -3.74161 0
      vertex 4.16676 -6.23601 0
      vertex 3.53546 -6.6144 0
    endloop
  endfacet
  facet normal 0 0 -1
    outer loop
      vertex 5.79758 -4.75793 0
      vertex 3.47855 -2.85477 0
      vertex 3.74161 -2.50006 0
    endloop
  endfacet
  facet normal 0 0 -1
    outer loop
      vertex 5.3033 -5.3033 0
      vertex 3.18198 -3.18198 0
      vertex 3.47855 -2.85477 0
    endloop
  endfacet
  facet normal 0 0 -1
    outer loop
      vertex 2.12128 -3.96864 0
      vertex 3.53546 -6.6144 0
      vertex 2.87012 -6.92909 0
    endloop
  endfacet
  facet normal 0 0 -1
    outer loop
      vertex 4.75793 -5.79758 0
      vertex 2.85477 -3.47855 0
      vertex 3.18198 -3.18198 0
    endloop
  endfacet
  facet normal 0 0 -1
    outer loop
      vertex 4.16676 -6.23601 0
      vertex 2.50006 -3.74161 0
      vertex 2.85477 -3.47855 0
    endloop
  endfacet
  facet normal 0 0 -1
    outer loop
      vertex 1.72206 -4.15746 0
      vertex 2.87012 -6.92909 0
      vertex 2.17712 -7.17705 0
    endloop
  endfacet
  facet normal 0 0 -1
    outer loop
      vertex 3.53546 -6.6144 0
      vertex 2.12128 -3.96864 0
      vertex 2.50006 -3.74161 0
    endloop
  endfacet
  facet normal 0 0 -1
    outer loop
      vertex 1.72206 -4.15746 0
      vertex 2.17712 -7.17705 0
      vertex 2 -7.22142 0
    endloop
  endfacet
  facet normal 0 0 -1
    outer loop
      vertex 2.87012 -6.92909 0
      vertex 1.72206 -4.15746 0
      vertex 2.12128 -3.96864 0
    endloop
  endfacet
  facet normal 0 0 -1
    outer loop
      vertex 3.96864 2.12128 0
      vertex 6.6144 3.53546 0
      vertex 4.15746 1.72206 0
    endloop
  endfacet
  facet normal -0 0 -1
    outer loop
      vertex 6.6144 3.53546 0
      vertex 3.96864 2.12128 0
      vertex 6.23601 4.16676 0
    endloop
  endfacet
  facet normal 0 0 -1
    outer loop
      vertex 3.74161 2.50006 0
      vertex 6.23601 4.16676 0
      vertex 3.96864 2.12128 0
    endloop
  endfacet
  facet normal -0 0 -1
    outer loop
      vertex 6.23601 4.16676 0
      vertex 3.74161 2.50006 0
      vertex 5.79758 4.75793 0
    endloop
  endfacet
  facet normal 0 0 -1
    outer loop
      vertex 3.47855 2.85477 0
      vertex 5.79758 4.75793 0
      vertex 3.74161 2.50006 0
    endloop
  endfacet
  facet normal -0 0 -1
    outer loop
      vertex 5.79758 4.75793 0
      vertex 3.47855 2.85477 0
      vertex 5.3033 5.3033 0
    endloop
  endfacet
  facet normal 0 0 -1
    outer loop
      vertex 3.18198 3.18198 0
      vertex 5.3033 5.3033 0
      vertex 3.47855 2.85477 0
    endloop
  endfacet
  facet normal -0 0 -1
    outer loop
      vertex 5.3033 5.3033 0
      vertex 3.18198 3.18198 0
      vertex 4.75793 5.79758 0
    endloop
  endfacet
  facet normal 0 0 -1
    outer loop
      vertex 2.85477 3.47855 0
      vertex 4.75793 5.79758 0
      vertex 3.18198 3.18198 0
    endloop
  endfacet
  facet normal -0 0 -1
    outer loop
      vertex 4.75793 5.79758 0
      vertex 2.85477 3.47855 0
      vertex 4.16676 6.23601 0
    endloop
  endfacet
  facet normal 0 0 -1
    outer loop
      vertex 2.50006 3.74161 0
      vertex 4.16676 6.23601 0
      vertex 2.85477 3.47855 0
    endloop
  endfacet
  facet normal -0 0 -1
    outer loop
      vertex 4.16676 6.23601 0
      vertex 2.50006 3.74161 0
      vertex 3.53546 6.6144 0
    endloop
  endfacet
  facet normal 0 0 -1
    outer loop
      vertex 2.12128 3.96864 0
      vertex 3.53546 6.6144 0
      vertex 2.50006 3.74161 0
    endloop
  endfacet
  facet normal -0 0 -1
    outer loop
      vertex 3.53546 6.6144 0
      vertex 2.12128 3.96864 0
      vertex 2.87012 6.92909 0
    endloop
  endfacet
  facet normal 0 0 -1
    outer loop
      vertex 1.72206 4.15746 0
      vertex 2.87012 6.92909 0
      vertex 2.12128 3.96864 0
    endloop
  endfacet
  facet normal -0 0 -1
    outer loop
      vertex 2.87012 6.92909 0
      vertex 1.72206 4.15746 0
      vertex 2.17712 7.17705 0
    endloop
  endfacet
  facet normal 0 0 -1
    outer loop
      vertex 1.30627 4.30623 0
      vertex 2.17712 7.17705 0
      vertex 1.72206 4.15746 0
    endloop
  endfacet
  facet normal -0 0 -1
    outer loop
      vertex 2.17712 7.17705 0
      vertex 1.30627 4.30623 0
      vertex 1.46317 7.35588 0
    endloop
  endfacet
  facet normal 0 0 -1
    outer loop
      vertex 0.877899 4.41353 0
      vertex 1.46317 7.35588 0
      vertex 1.30627 4.30623 0
    endloop
  endfacet
  facet normal 0 0 -1
    outer loop
      vertex 0.877899 4.41353 0
      vertex 0.735123 7.46388 0
      vertex 1.46317 7.35588 0
    endloop
  endfacet
  facet normal 0 0 -1
    outer loop
      vertex 0.441071 4.47832 0
      vertex 0.735123 7.46388 0
      vertex 0.877899 4.41353 0
    endloop
  endfacet
  facet normal 0 0 -1
    outer loop
      vertex 0 4.5 0
      vertex 0.735123 7.46388 0
      vertex 0.441071 4.47832 0
    endloop
  endfacet
  facet normal 0 0 -1
    outer loop
      vertex 0 4.5 0
      vertex 0 7.5 0
      vertex 0.735123 7.46388 0
    endloop
  endfacet
  facet normal 0 0 -1
    outer loop
      vertex -0.441071 4.47832 0
      vertex 0 7.5 0
      vertex 0 4.5 0
    endloop
  endfacet
  facet normal 0 0 -1
    outer loop
      vertex -0.441071 4.47832 0
      vertex -0.735123 7.46388 0
      vertex 0 7.5 0
    endloop
  endfacet
  facet normal 0 0 -1
    outer loop
      vertex -0.877899 4.41353 0
      vertex -0.735123 7.46388 0
      vertex -0.441071 4.47832 0
    endloop
  endfacet
  facet normal 0 0 -1
    outer loop
      vertex -1.46317 7.35588 0
      vertex -0.877899 4.41353 0
      vertex -1.30627 4.30623 0
    endloop
  endfacet
  facet normal 0 0 -1
    outer loop
      vertex -0.877899 4.41353 0
      vertex -1.46317 7.35588 0
      vertex -0.735123 7.46388 0
    endloop
  endfacet
  facet normal 0 0 -1
    outer loop
      vertex -2.17712 7.17705 0
      vertex -1.30627 4.30623 0
      vertex -1.72206 4.15746 0
    endloop
  endfacet
  facet normal 0 0 -1
    outer loop
      vertex -2.87012 6.92909 0
      vertex -1.72206 4.15746 0
      vertex -2.12128 3.96864 0
    endloop
  endfacet
  facet normal 0 0 -1
    outer loop
      vertex -1.30627 4.30623 0
      vertex -2.17712 7.17705 0
      vertex -1.46317 7.35588 0
    endloop
  endfacet
  facet normal 0 0 -1
    outer loop
      vertex -3.53546 6.6144 0
      vertex -2.12128 3.96864 0
      vertex -2.50006 3.74161 0
    endloop
  endfacet
  facet normal 0 0 -1
    outer loop
      vertex -4.16676 6.23601 0
      vertex -2.50006 3.74161 0
      vertex -2.85477 3.47855 0
    endloop
  endfacet
  facet normal 0 0 -1
    outer loop
      vertex -1.72206 4.15746 0
      vertex -2.87012 6.92909 0
      vertex -2.17712 7.17705 0
    endloop
  endfacet
  facet normal 0 0 -1
    outer loop
      vertex -4.75793 5.79758 0
      vertex -2.85477 3.47855 0
      vertex -3.18198 3.18198 0
    endloop
  endfacet
  facet normal 0 0 -1
    outer loop
      vertex -5.3033 5.3033 0
      vertex -3.18198 3.18198 0
      vertex -3.47855 2.85477 0
    endloop
  endfacet
  facet normal 0 0 -1
    outer loop
      vertex -2.12128 3.96864 0
      vertex -3.53546 6.6144 0
      vertex -2.87012 6.92909 0
    endloop
  endfacet
  facet normal 0 0 -1
    outer loop
      vertex -5.79758 4.75793 0
      vertex -3.47855 2.85477 0
      vertex -3.74161 2.50006 0
    endloop
  endfacet
  facet normal 0 0 -1
    outer loop
      vertex -6.23601 4.16676 0
      vertex -3.74161 2.50006 0
      vertex -3.96864 2.12128 0
    endloop
  endfacet
  facet normal 0 0 -1
    outer loop
      vertex -6.6144 3.53546 0
      vertex -3.96864 2.12128 0
      vertex -4.15746 1.72206 0
    endloop
  endfacet
  facet normal 0 0 -1
    outer loop
      vertex -2.50006 3.74161 0
      vertex -4.16676 6.23601 0
      vertex -3.53546 6.6144 0
    endloop
  endfacet
  facet normal 0 0 -1
    outer loop
      vertex -6.92909 2.87012 0
      vertex -4.15746 1.72206 0
      vertex -4.30623 1.30627 0
    endloop
  endfacet
  facet normal 0 0 -1
    outer loop
      vertex -7.17705 2.17712 0
      vertex -4.30623 1.30627 0
      vertex -4.41353 0.877899 0
    endloop
  endfacet
  facet normal 0 0 -1
    outer loop
      vertex -7.35588 1.46317 0
      vertex -4.41353 0.877899 0
      vertex -4.47832 0.441071 0
    endloop
  endfacet
  facet normal 0 0 -1
    outer loop
      vertex -2.85477 3.47855 0
      vertex -4.75793 5.79758 0
      vertex -4.16676 6.23601 0
    endloop
  endfacet
  facet normal 0 0 -1
    outer loop
      vertex -7.46388 0.735123 0
      vertex -4.47832 0.441071 0
      vertex -4.5 0 0
    endloop
  endfacet
  facet normal 0 0 -1
    outer loop
      vertex -6.92909 -2.87012 0
      vertex -4.15746 -1.72206 0
      vertex -6.6144 -3.53546 0
    endloop
  endfacet
  facet normal -0 0 -1
    outer loop
      vertex -4.15746 -1.72206 0
      vertex -6.92909 -2.87012 0
      vertex -4.30623 -1.30627 0
    endloop
  endfacet
  facet normal 0 0 -1
    outer loop
      vertex -3.18198 3.18198 0
      vertex -5.3033 5.3033 0
      vertex -4.75793 5.79758 0
    endloop
  endfacet
  facet normal 0 0 -1
    outer loop
      vertex -7.17705 -2.17712 0
      vertex -4.30623 -1.30627 0
      vertex -6.92909 -2.87012 0
    endloop
  endfacet
  facet normal 0 0 -1
    outer loop
      vertex -3.47855 2.85477 0
      vertex -5.79758 4.75793 0
      vertex -5.3033 5.3033 0
    endloop
  endfacet
  facet normal -0 0 -1
    outer loop
      vertex -4.30623 -1.30627 0
      vertex -7.17705 -2.17712 0
      vertex -4.41353 -0.877899 0
    endloop
  endfacet
  facet normal 0 0 -1
    outer loop
      vertex -3.74161 2.50006 0
      vertex -6.23601 4.16676 0
      vertex -5.79758 4.75793 0
    endloop
  endfacet
  facet normal 0 0 -1
    outer loop
      vertex -7.35588 -1.46317 0
      vertex -4.41353 -0.877899 0
      vertex -7.17705 -2.17712 0
    endloop
  endfacet
  facet normal 0 0 -1
    outer loop
      vertex -3.96864 2.12128 0
      vertex -6.6144 3.53546 0
      vertex -6.23601 4.16676 0
    endloop
  endfacet
  facet normal -0 0 -1
    outer loop
      vertex -4.41353 -0.877899 0
      vertex -7.35588 -1.46317 0
      vertex -4.47832 -0.441071 0
    endloop
  endfacet
  facet normal 0 0 -1
    outer loop
      vertex -4.15746 1.72206 0
      vertex -6.92909 2.87012 0
      vertex -6.6144 3.53546 0
    endloop
  endfacet
  facet normal 0 0 -1
    outer loop
      vertex -7.46388 -0.735123 0
      vertex -4.47832 -0.441071 0
      vertex -7.35588 -1.46317 0
    endloop
  endfacet
  facet normal 0 0 -1
    outer loop
      vertex -4.30623 1.30627 0
      vertex -7.17705 2.17712 0
      vertex -6.92909 2.87012 0
    endloop
  endfacet
  facet normal -0 0 -1
    outer loop
      vertex -4.47832 -0.441071 0
      vertex -7.46388 -0.735123 0
      vertex -4.5 0 0
    endloop
  endfacet
  facet normal 0 0 -1
    outer loop
      vertex -4.41353 0.877899 0
      vertex -7.35588 1.46317 0
      vertex -7.17705 2.17712 0
    endloop
  endfacet
  facet normal 0 0 -1
    outer loop
      vertex -7.5 0 0
      vertex -4.5 0 0
      vertex -7.46388 -0.735123 0
    endloop
  endfacet
  facet normal 0 0 -1
    outer loop
      vertex -4.47832 0.441071 0
      vertex -7.46388 0.735123 0
      vertex -7.35588 1.46317 0
    endloop
  endfacet
  facet normal 0 0 -1
    outer loop
      vertex -4.5 0 0
      vertex -7.5 0 0
      vertex -7.46388 0.735123 0
    endloop
  endfacet
  facet normal 0 0 -1
    outer loop
      vertex 2 -7.22142 0
      vertex 0.877899 -4.41353 0
      vertex 1.30627 -4.30623 0
    endloop
  endfacet
  facet normal 0 0 -1
    outer loop
      vertex 2 -7.22142 0
      vertex 0.441071 -4.47832 0
      vertex 0.877899 -4.41353 0
    endloop
  endfacet
  facet normal -0 0 -1
    outer loop
      vertex 0 -4.5 0
      vertex -2 -7.22142 0
      vertex -0.441071 -4.47832 0
    endloop
  endfacet
  facet normal 0 0 -1
    outer loop
      vertex 2 -7.22142 0
      vertex 0 -4.5 0
      vertex 0.441071 -4.47832 0
    endloop
  endfacet
  facet normal 0 -0 -1
    outer loop
      vertex 0 -4.5 0
      vertex 2 -7.22142 0
      vertex -2 -7.22142 0
    endloop
  endfacet
  facet normal 0 0 -1
    outer loop
      vertex -2 -7.22142 0
      vertex 2 -9.59808 0
      vertex -2 -9.59808 0
    endloop
  endfacet
  facet normal 0 0 -1
    outer loop
      vertex -2.33029 -25.8832 0
      vertex 2.92133 -19.8889 0
      vertex -2.17505 -25.9566 0
    endloop
  endfacet
  facet normal -0 0 -1
    outer loop
      vertex 2.92133 -19.8889 0
      vertex -2.33029 -25.8832 0
      vertex 2.7952 -19.6785 0
    endloop
  endfacet
  facet normal -0 0 -1
    outer loop
      vertex -0.441071 -4.47832 0
      vertex -2 -7.22142 0
      vertex -0.877899 -4.41353 0
    endloop
  endfacet
  facet normal 0 0 -1
    outer loop
      vertex -2.49199 -25.8253 0
      vertex 2.7952 -19.6785 0
      vertex -2.33029 -25.8832 0
    endloop
  endfacet
  facet normal -0 0 -1
    outer loop
      vertex 2.7952 -19.6785 0
      vertex -2.49199 -25.8253 0
      vertex 2.69029 -19.4567 0
    endloop
  endfacet
  facet normal -0 0 -1
    outer loop
      vertex -0.877899 -4.41353 0
      vertex -2 -7.22142 0
      vertex -1.30627 -4.30623 0
    endloop
  endfacet
  facet normal 0 0 -1
    outer loop
      vertex -2.17712 -7.17705 0
      vertex -1.30627 -4.30623 0
      vertex -2 -7.22142 0
    endloop
  endfacet
  facet normal -0 0 -1
    outer loop
      vertex -1.30627 -4.30623 0
      vertex -2.17712 -7.17705 0
      vertex -1.72206 -4.15746 0
    endloop
  endfacet
  facet normal 0 0 -1
    outer loop
      vertex -2.87012 -6.92909 0
      vertex -1.72206 -4.15746 0
      vertex -2.17712 -7.17705 0
    endloop
  endfacet
  facet normal -0 0 -1
    outer loop
      vertex -1.72206 -4.15746 0
      vertex -2.87012 -6.92909 0
      vertex -2.12128 -3.96864 0
    endloop
  endfacet
  facet normal 0 0 -1
    outer loop
      vertex -3.53546 -6.6144 0
      vertex -2.12128 -3.96864 0
      vertex -2.87012 -6.92909 0
    endloop
  endfacet
  facet normal -0 0 -1
    outer loop
      vertex -2.12128 -3.96864 0
      vertex -3.53546 -6.6144 0
      vertex -2.50006 -3.74161 0
    endloop
  endfacet
  facet normal 0 0 -1
    outer loop
      vertex -4.16676 -6.23601 0
      vertex -2.50006 -3.74161 0
      vertex -3.53546 -6.6144 0
    endloop
  endfacet
  facet normal -0 0 -1
    outer loop
      vertex -2.50006 -3.74161 0
      vertex -4.16676 -6.23601 0
      vertex -2.85477 -3.47855 0
    endloop
  endfacet
  facet normal 0 0 -1
    outer loop
      vertex -4.75793 -5.79758 0
      vertex -2.85477 -3.47855 0
      vertex -4.16676 -6.23601 0
    endloop
  endfacet
  facet normal -0 0 -1
    outer loop
      vertex -2.85477 -3.47855 0
      vertex -4.75793 -5.79758 0
      vertex -3.18198 -3.18198 0
    endloop
  endfacet
  facet normal 0 0 -1
    outer loop
      vertex -5.3033 -5.3033 0
      vertex -3.18198 -3.18198 0
      vertex -4.75793 -5.79758 0
    endloop
  endfacet
  facet normal -0 0 -1
    outer loop
      vertex -3.18198 -3.18198 0
      vertex -5.3033 -5.3033 0
      vertex -3.47855 -2.85477 0
    endloop
  endfacet
  facet normal 0 0 -1
    outer loop
      vertex -5.79758 -4.75793 0
      vertex -3.47855 -2.85477 0
      vertex -5.3033 -5.3033 0
    endloop
  endfacet
  facet normal -0 0 -1
    outer loop
      vertex -3.47855 -2.85477 0
      vertex -5.79758 -4.75793 0
      vertex -3.74161 -2.50006 0
    endloop
  endfacet
  facet normal 0 0 -1
    outer loop
      vertex -6.23601 -4.16676 0
      vertex -3.74161 -2.50006 0
      vertex -5.79758 -4.75793 0
    endloop
  endfacet
  facet normal -0 0 -1
    outer loop
      vertex -3.74161 -2.50006 0
      vertex -6.23601 -4.16676 0
      vertex -3.96864 -2.12128 0
    endloop
  endfacet
  facet normal -0 0 -1
    outer loop
      vertex -3.96864 -2.12128 0
      vertex -6.6144 -3.53546 0
      vertex -4.15746 -1.72206 0
    endloop
  endfacet
  facet normal 0 0 -1
    outer loop
      vertex -6.6144 -3.53546 0
      vertex -3.96864 -2.12128 0
      vertex -6.23601 -4.16676 0
    endloop
  endfacet
  facet normal 0 0 1
    outer loop
      vertex 4.5 0 2.4
      vertex 7.5 0 2.4
      vertex 7.46388 0.735123 2.4
    endloop
  endfacet
  facet normal 0 0 1
    outer loop
      vertex 4.47832 0.441071 2.4
      vertex 7.46388 0.735123 2.4
      vertex 7.35588 1.46317 2.4
    endloop
  endfacet
  facet normal 0 0 1
    outer loop
      vertex 7.5 0 2.4
      vertex 4.5 0 2.4
      vertex 7.46388 -0.735123 2.4
    endloop
  endfacet
  facet normal 0 0 1
    outer loop
      vertex 4.41353 0.877899 2.4
      vertex 7.35588 1.46317 2.4
      vertex 7.17705 2.17712 2.4
    endloop
  endfacet
  facet normal -0 0 1
    outer loop
      vertex 4.47832 -0.441071 2.4
      vertex 7.46388 -0.735123 2.4
      vertex 4.5 0 2.4
    endloop
  endfacet
  facet normal 0 0 1
    outer loop
      vertex 4.30623 1.30627 2.4
      vertex 7.17705 2.17712 2.4
      vertex 6.92909 2.87012 2.4
    endloop
  endfacet
  facet normal 0 0 1
    outer loop
      vertex 7.46388 -0.735123 2.4
      vertex 4.47832 -0.441071 2.4
      vertex 7.35588 -1.46317 2.4
    endloop
  endfacet
  facet normal 0 0 1
    outer loop
      vertex 4.15746 1.72206 2.4
      vertex 6.92909 2.87012 2.4
      vertex 6.6144 3.53546 2.4
    endloop
  endfacet
  facet normal -0 0 1
    outer loop
      vertex 4.41353 -0.877899 2.4
      vertex 7.35588 -1.46317 2.4
      vertex 4.47832 -0.441071 2.4
    endloop
  endfacet
  facet normal 0 0 1
    outer loop
      vertex 3.96864 2.12128 2.4
      vertex 6.6144 3.53546 2.4
      vertex 6.23601 4.16676 2.4
    endloop
  endfacet
  facet normal 0 0 1
    outer loop
      vertex 7.35588 -1.46317 2.4
      vertex 4.41353 -0.877899 2.4
      vertex 7.17705 -2.17712 2.4
    endloop
  endfacet
  facet normal 0 0 1
    outer loop
      vertex 3.74161 2.50006 2.4
      vertex 6.23601 4.16676 2.4
      vertex 5.79758 4.75793 2.4
    endloop
  endfacet
  facet normal -0 0 1
    outer loop
      vertex 4.30623 -1.30627 2.4
      vertex 7.17705 -2.17712 2.4
      vertex 4.41353 -0.877899 2.4
    endloop
  endfacet
  facet normal 0 0 1
    outer loop
      vertex 3.47855 2.85477 2.4
      vertex 5.79758 4.75793 2.4
      vertex 5.3033 5.3033 2.4
    endloop
  endfacet
  facet normal 0 0 1
    outer loop
      vertex 7.17705 -2.17712 2.4
      vertex 4.30623 -1.30627 2.4
      vertex 6.92909 -2.87012 2.4
    endloop
  endfacet
  facet normal 0 0 1
    outer loop
      vertex 3.18198 3.18198 2.4
      vertex 5.3033 5.3033 2.4
      vertex 4.75793 5.79758 2.4
    endloop
  endfacet
  facet normal -0 0 1
    outer loop
      vertex 4.15746 -1.72206 2.4
      vertex 6.92909 -2.87012 2.4
      vertex 4.30623 -1.30627 2.4
    endloop
  endfacet
  facet normal 0 0 1
    outer loop
      vertex 6.92909 -2.87012 2.4
      vertex 4.15746 -1.72206 2.4
      vertex 6.6144 -3.53546 2.4
    endloop
  endfacet
  facet normal 0 0 1
    outer loop
      vertex 7.46388 0.735123 2.4
      vertex 4.47832 0.441071 2.4
      vertex 4.5 0 2.4
    endloop
  endfacet
  facet normal 0 0 1
    outer loop
      vertex 7.35588 1.46317 2.4
      vertex 4.41353 0.877899 2.4
      vertex 4.47832 0.441071 2.4
    endloop
  endfacet
  facet normal 0 0 1
    outer loop
      vertex 7.17705 2.17712 2.4
      vertex 4.30623 1.30627 2.4
      vertex 4.41353 0.877899 2.4
    endloop
  endfacet
  facet normal 0 0 1
    outer loop
      vertex 2.85477 3.47855 2.4
      vertex 4.75793 5.79758 2.4
      vertex 4.16676 6.23601 2.4
    endloop
  endfacet
  facet normal 0 0 1
    outer loop
      vertex 6.92909 2.87012 2.4
      vertex 4.15746 1.72206 2.4
      vertex 4.30623 1.30627 2.4
    endloop
  endfacet
  facet normal 0 0 1
    outer loop
      vertex 6.6144 3.53546 2.4
      vertex 3.96864 2.12128 2.4
      vertex 4.15746 1.72206 2.4
    endloop
  endfacet
  facet normal 0 0 1
    outer loop
      vertex 6.23601 4.16676 2.4
      vertex 3.74161 2.50006 2.4
      vertex 3.96864 2.12128 2.4
    endloop
  endfacet
  facet normal 0 0 1
    outer loop
      vertex 2.50006 3.74161 2.4
      vertex 4.16676 6.23601 2.4
      vertex 3.53546 6.6144 2.4
    endloop
  endfacet
  facet normal 0 0 1
    outer loop
      vertex 5.79758 4.75793 2.4
      vertex 3.47855 2.85477 2.4
      vertex 3.74161 2.50006 2.4
    endloop
  endfacet
  facet normal 0 0 1
    outer loop
      vertex 5.3033 5.3033 2.4
      vertex 3.18198 3.18198 2.4
      vertex 3.47855 2.85477 2.4
    endloop
  endfacet
  facet normal 0 0 1
    outer loop
      vertex 2.12128 3.96864 2.4
      vertex 3.53546 6.6144 2.4
      vertex 2.87012 6.92909 2.4
    endloop
  endfacet
  facet normal 0 0 1
    outer loop
      vertex 4.75793 5.79758 2.4
      vertex 2.85477 3.47855 2.4
      vertex 3.18198 3.18198 2.4
    endloop
  endfacet
  facet normal 0 0 1
    outer loop
      vertex 4.16676 6.23601 2.4
      vertex 2.50006 3.74161 2.4
      vertex 2.85477 3.47855 2.4
    endloop
  endfacet
  facet normal 0 0 1
    outer loop
      vertex 1.72206 4.15746 2.4
      vertex 2.87012 6.92909 2.4
      vertex 2.17712 7.17705 2.4
    endloop
  endfacet
  facet normal 0 0 1
    outer loop
      vertex 3.53546 6.6144 2.4
      vertex 2.12128 3.96864 2.4
      vertex 2.50006 3.74161 2.4
    endloop
  endfacet
  facet normal 0 0 1
    outer loop
      vertex 2.87012 6.92909 2.4
      vertex 1.72206 4.15746 2.4
      vertex 2.12128 3.96864 2.4
    endloop
  endfacet
  facet normal 0 0 1
    outer loop
      vertex 1.30627 4.30623 2.4
      vertex 2.17712 7.17705 2.4
      vertex 1.46317 7.35588 2.4
    endloop
  endfacet
  facet normal 0 0 1
    outer loop
      vertex 2.17712 7.17705 2.4
      vertex 1.30627 4.30623 2.4
      vertex 1.72206 4.15746 2.4
    endloop
  endfacet
  facet normal 0 0 1
    outer loop
      vertex 1.46317 7.35588 2.4
      vertex 0.877899 4.41353 2.4
      vertex 1.30627 4.30623 2.4
    endloop
  endfacet
  facet normal 0 0 1
    outer loop
      vertex 0.735123 7.46388 2.4
      vertex 0.877899 4.41353 2.4
      vertex 1.46317 7.35588 2.4
    endloop
  endfacet
  facet normal 0 0 1
    outer loop
      vertex 0.735123 7.46388 2.4
      vertex 0.441071 4.47832 2.4
      vertex 0.877899 4.41353 2.4
    endloop
  endfacet
  facet normal 0 0 1
    outer loop
      vertex 0 7.5 2.4
      vertex 0.441071 4.47832 2.4
      vertex 0.735123 7.46388 2.4
    endloop
  endfacet
  facet normal 0 0 1
    outer loop
      vertex 0 7.5 2.4
      vertex 0 4.5 2.4
      vertex 0.441071 4.47832 2.4
    endloop
  endfacet
  facet normal 0 0 1
    outer loop
      vertex 0 7.5 2.4
      vertex -0.441071 4.47832 2.4
      vertex 0 4.5 2.4
    endloop
  endfacet
  facet normal -0 0 1
    outer loop
      vertex -0.735123 7.46388 2.4
      vertex -0.441071 4.47832 2.4
      vertex 0 7.5 2.4
    endloop
  endfacet
  facet normal 0 0 1
    outer loop
      vertex -0.735123 7.46388 2.4
      vertex -0.877899 4.41353 2.4
      vertex -0.441071 4.47832 2.4
    endloop
  endfacet
  facet normal -0 0 1
    outer loop
      vertex -1.46317 7.35588 2.4
      vertex -0.877899 4.41353 2.4
      vertex -0.735123 7.46388 2.4
    endloop
  endfacet
  facet normal 0 0 1
    outer loop
      vertex -0.877899 4.41353 2.4
      vertex -1.46317 7.35588 2.4
      vertex -1.30627 4.30623 2.4
    endloop
  endfacet
  facet normal -0 0 1
    outer loop
      vertex -2.17712 7.17705 2.4
      vertex -1.30627 4.30623 2.4
      vertex -1.46317 7.35588 2.4
    endloop
  endfacet
  facet normal 0 0 1
    outer loop
      vertex -1.30627 4.30623 2.4
      vertex -2.17712 7.17705 2.4
      vertex -1.72206 4.15746 2.4
    endloop
  endfacet
  facet normal -0 0 1
    outer loop
      vertex -2.87012 6.92909 2.4
      vertex -1.72206 4.15746 2.4
      vertex -2.17712 7.17705 2.4
    endloop
  endfacet
  facet normal 0 0 1
    outer loop
      vertex -1.72206 4.15746 2.4
      vertex -2.87012 6.92909 2.4
      vertex -2.12128 3.96864 2.4
    endloop
  endfacet
  facet normal -0 0 1
    outer loop
      vertex -3.53546 6.6144 2.4
      vertex -2.12128 3.96864 2.4
      vertex -2.87012 6.92909 2.4
    endloop
  endfacet
  facet normal 0 0 1
    outer loop
      vertex -2.12128 3.96864 2.4
      vertex -3.53546 6.6144 2.4
      vertex -2.50006 3.74161 2.4
    endloop
  endfacet
  facet normal -0 0 1
    outer loop
      vertex -4.16676 6.23601 2.4
      vertex -2.50006 3.74161 2.4
      vertex -3.53546 6.6144 2.4
    endloop
  endfacet
  facet normal 0 0 1
    outer loop
      vertex -2.50006 3.74161 2.4
      vertex -4.16676 6.23601 2.4
      vertex -2.85477 3.47855 2.4
    endloop
  endfacet
  facet normal -0 0 1
    outer loop
      vertex -4.75793 5.79758 2.4
      vertex -2.85477 3.47855 2.4
      vertex -4.16676 6.23601 2.4
    endloop
  endfacet
  facet normal 0 0 1
    outer loop
      vertex -2.85477 3.47855 2.4
      vertex -4.75793 5.79758 2.4
      vertex -3.18198 3.18198 2.4
    endloop
  endfacet
  facet normal -0 0 1
    outer loop
      vertex -5.3033 5.3033 2.4
      vertex -3.18198 3.18198 2.4
      vertex -4.75793 5.79758 2.4
    endloop
  endfacet
  facet normal 0 0 1
    outer loop
      vertex -3.18198 3.18198 2.4
      vertex -5.3033 5.3033 2.4
      vertex -3.47855 2.85477 2.4
    endloop
  endfacet
  facet normal -0 0 1
    outer loop
      vertex -5.79758 4.75793 2.4
      vertex -3.47855 2.85477 2.4
      vertex -5.3033 5.3033 2.4
    endloop
  endfacet
  facet normal 0 0 1
    outer loop
      vertex -3.47855 2.85477 2.4
      vertex -5.79758 4.75793 2.4
      vertex -3.74161 2.50006 2.4
    endloop
  endfacet
  facet normal -0 0 1
    outer loop
      vertex -6.23601 4.16676 2.4
      vertex -3.74161 2.50006 2.4
      vertex -5.79758 4.75793 2.4
    endloop
  endfacet
  facet normal 0 0 1
    outer loop
      vertex -3.74161 2.50006 2.4
      vertex -6.23601 4.16676 2.4
      vertex -3.96864 2.12128 2.4
    endloop
  endfacet
  facet normal 0 0 1
    outer loop
      vertex -3.96864 2.12128 2.4
      vertex -6.6144 3.53546 2.4
      vertex -4.15746 1.72206 2.4
    endloop
  endfacet
  facet normal -0 0 1
    outer loop
      vertex -6.6144 3.53546 2.4
      vertex -3.96864 2.12128 2.4
      vertex -6.23601 4.16676 2.4
    endloop
  endfacet
  facet normal -0 0 1
    outer loop
      vertex 3.96864 -2.12128 2.4
      vertex 6.6144 -3.53546 2.4
      vertex 4.15746 -1.72206 2.4
    endloop
  endfacet
  facet normal 0 0 1
    outer loop
      vertex 6.6144 -3.53546 2.4
      vertex 3.96864 -2.12128 2.4
      vertex 6.23601 -4.16676 2.4
    endloop
  endfacet
  facet normal -0 0 1
    outer loop
      vertex 3.74161 -2.50006 2.4
      vertex 6.23601 -4.16676 2.4
      vertex 3.96864 -2.12128 2.4
    endloop
  endfacet
  facet normal 0 0 1
    outer loop
      vertex 6.23601 -4.16676 2.4
      vertex 3.74161 -2.50006 2.4
      vertex 5.79758 -4.75793 2.4
    endloop
  endfacet
  facet normal -0 0 1
    outer loop
      vertex 3.47855 -2.85477 2.4
      vertex 5.79758 -4.75793 2.4
      vertex 3.74161 -2.50006 2.4
    endloop
  endfacet
  facet normal 0 0 1
    outer loop
      vertex 5.79758 -4.75793 2.4
      vertex 3.47855 -2.85477 2.4
      vertex 5.3033 -5.3033 2.4
    endloop
  endfacet
  facet normal -0 0 1
    outer loop
      vertex 3.18198 -3.18198 2.4
      vertex 5.3033 -5.3033 2.4
      vertex 3.47855 -2.85477 2.4
    endloop
  endfacet
  facet normal 0 0 1
    outer loop
      vertex 5.3033 -5.3033 2.4
      vertex 3.18198 -3.18198 2.4
      vertex 4.75793 -5.79758 2.4
    endloop
  endfacet
  facet normal -0 0 1
    outer loop
      vertex 2.85477 -3.47855 2.4
      vertex 4.75793 -5.79758 2.4
      vertex 3.18198 -3.18198 2.4
    endloop
  endfacet
  facet normal 0 0 1
    outer loop
      vertex 4.75793 -5.79758 2.4
      vertex 2.85477 -3.47855 2.4
      vertex 4.16676 -6.23601 2.4
    endloop
  endfacet
  facet normal -0 0 1
    outer loop
      vertex 2.50006 -3.74161 2.4
      vertex 4.16676 -6.23601 2.4
      vertex 2.85477 -3.47855 2.4
    endloop
  endfacet
  facet normal 0 0 1
    outer loop
      vertex 4.16676 -6.23601 2.4
      vertex 2.50006 -3.74161 2.4
      vertex 3.53546 -6.6144 2.4
    endloop
  endfacet
  facet normal -0 0 1
    outer loop
      vertex 2.12128 -3.96864 2.4
      vertex 3.53546 -6.6144 2.4
      vertex 2.50006 -3.74161 2.4
    endloop
  endfacet
  facet normal 0 0 1
    outer loop
      vertex 3.53546 -6.6144 2.4
      vertex 2.12128 -3.96864 2.4
      vertex 2.87012 -6.92909 2.4
    endloop
  endfacet
  facet normal -0 0 1
    outer loop
      vertex 1.72206 -4.15746 2.4
      vertex 2.87012 -6.92909 2.4
      vertex 2.12128 -3.96864 2.4
    endloop
  endfacet
  facet normal 0 0 1
    outer loop
      vertex 2.87012 -6.92909 2.4
      vertex 1.72206 -4.15746 2.4
      vertex 2.17712 -7.17705 2.4
    endloop
  endfacet
  facet normal 0 0 1
    outer loop
      vertex 2.17712 -7.17705 2.4
      vertex 1.30627 -4.30623 2.4
      vertex 2 -7.22142 2.4
    endloop
  endfacet
  facet normal -0 0 1
    outer loop
      vertex 1.30627 -4.30623 2.4
      vertex 2.17712 -7.17705 2.4
      vertex 1.72206 -4.15746 2.4
    endloop
  endfacet
  facet normal 0 0 1
    outer loop
      vertex -3.3414 -25.7836 2.4
      vertex -8.01443 -22.2059 2.4
      vertex -8 -22.5 2.4
    endloop
  endfacet
  facet normal 0 0 1
    outer loop
      vertex -6.46092 -13.4667 2.4
      vertex -8.05763 -21.9147 2.4
      vertex -8.01443 -22.2059 2.4
    endloop
  endfacet
  facet normal 0 0 1
    outer loop
      vertex -6.46092 -13.4667 2.4
      vertex -8.12917 -21.6291 2.4
      vertex -8.05763 -21.9147 2.4
    endloop
  endfacet
  facet normal 0 0 1
    outer loop
      vertex -6.46092 -13.4667 2.4
      vertex -8.22835 -21.3519 2.4
      vertex -8.12917 -21.6291 2.4
    endloop
  endfacet
  facet normal 0 0 1
    outer loop
      vertex -6.46092 -13.4667 2.4
      vertex -8.35423 -21.0858 2.4
      vertex -8.22835 -21.3519 2.4
    endloop
  endfacet
  facet normal 0 0 1
    outer loop
      vertex -6.46092 -13.4667 2.4
      vertex -8.50558 -20.8333 2.4
      vertex -8.35423 -21.0858 2.4
    endloop
  endfacet
  facet normal 0 0 1
    outer loop
      vertex -6.46092 -13.4667 2.4
      vertex -8.68095 -20.5968 2.4
      vertex -8.50558 -20.8333 2.4
    endloop
  endfacet
  facet normal 0 0 1
    outer loop
      vertex -7.69193 -13.93 2.4
      vertex -8.87868 -20.3787 2.4
      vertex -8.68095 -20.5968 2.4
    endloop
  endfacet
  facet normal 0 0 1
    outer loop
      vertex -9.09682 -20.181 2.4
      vertex -7.69193 -13.93 2.4
      vertex -8.89 -14.4729 2.4
    endloop
  endfacet
  facet normal 0 0 1
    outer loop
      vertex -7.69193 -13.93 2.4
      vertex -9.09682 -20.181 2.4
      vertex -8.87868 -20.3787 2.4
    endloop
  endfacet
  facet normal 0 0 1
    outer loop
      vertex -8.89 -14.4729 2.4
      vertex -9.33328 -20.0056 2.4
      vertex -9.09682 -20.181 2.4
    endloop
  endfacet
  facet normal 0 0 1
    outer loop
      vertex -8.89 -14.4729 2.4
      vertex -9.5858 -19.8542 2.4
      vertex -9.33328 -20.0056 2.4
    endloop
  endfacet
  facet normal -0 0 1
    outer loop
      vertex -10.05 -15.0929 2.4
      vertex -9.5858 -19.8542 2.4
      vertex -8.89 -14.4729 2.4
    endloop
  endfacet
  facet normal 0 0 1
    outer loop
      vertex -9.5858 -19.8542 2.4
      vertex -10.05 -15.0929 2.4
      vertex -9.85194 -19.7283 2.4
    endloop
  endfacet
  facet normal 0 0 1
    outer loop
      vertex -10.05 -15.0929 2.4
      vertex -10.1291 -19.6292 2.4
      vertex -9.85194 -19.7283 2.4
    endloop
  endfacet
  facet normal -0 0 1
    outer loop
      vertex -11.167 -15.7875 2.4
      vertex -10.1291 -19.6292 2.4
      vertex -10.05 -15.0929 2.4
    endloop
  endfacet
  facet normal 0 0 1
    outer loop
      vertex -10.1291 -19.6292 2.4
      vertex -11.167 -15.7875 2.4
      vertex -10.4147 -19.5576 2.4
    endloop
  endfacet
  facet normal 0 0 1
    outer loop
      vertex -10.4147 -19.5576 2.4
      vertex -11.167 -15.7875 2.4
      vertex -10.7059 -19.5144 2.4
    endloop
  endfacet
  facet normal -0 0 1
    outer loop
      vertex -12.2361 -16.5536 2.4
      vertex -10.7059 -19.5144 2.4
      vertex -11.167 -15.7875 2.4
    endloop
  endfacet
  facet normal 0 0 1
    outer loop
      vertex -10.7059 -19.5144 2.4
      vertex -12.2361 -16.5536 2.4
      vertex -11 -19.5 2.4
    endloop
  endfacet
  facet normal 0 0 1
    outer loop
      vertex -11 -19.5 2.4
      vertex -12.2361 -16.5536 2.4
      vertex -11.294 -19.5144 2.4
    endloop
  endfacet
  facet normal 0 0 1
    outer loop
      vertex -11.294 -19.5144 2.4
      vertex -12.2361 -16.5536 2.4
      vertex -11.5853 -19.5576 2.4
    endloop
  endfacet
  facet normal -0 0 1
    outer loop
      vertex -13.2528 -17.388 2.4
      vertex -11.5853 -19.5576 2.4
      vertex -12.2361 -16.5536 2.4
    endloop
  endfacet
  facet normal 0 0 1
    outer loop
      vertex -11.5853 -19.5576 2.4
      vertex -13.2528 -17.388 2.4
      vertex -11.8708 -19.6292 2.4
    endloop
  endfacet
  facet normal 0 0 1
    outer loop
      vertex -11.8708 -19.6292 2.4
      vertex -13.2528 -17.388 2.4
      vertex -12.148 -19.7283 2.4
    endloop
  endfacet
  facet normal 0 0 1
    outer loop
      vertex -12.148 -19.7283 2.4
      vertex -13.2528 -17.388 2.4
      vertex -12.4142 -19.8542 2.4
    endloop
  endfacet
  facet normal -0 0 1
    outer loop
      vertex -14.2128 -18.2872 2.4
      vertex -12.4142 -19.8542 2.4
      vertex -13.2528 -17.388 2.4
    endloop
  endfacet
  facet normal 0 0 1
    outer loop
      vertex -12.4142 -19.8542 2.4
      vertex -14.2128 -18.2872 2.4
      vertex -12.6667 -20.0056 2.4
    endloop
  endfacet
  facet normal 0 0 1
    outer loop
      vertex -12.6667 -20.0056 2.4
      vertex -14.2128 -18.2872 2.4
      vertex -12.9032 -20.181 2.4
    endloop
  endfacet
  facet normal 0 0 1
    outer loop
      vertex -12.9032 -20.181 2.4
      vertex -14.2128 -18.2872 2.4
      vertex -13.1213 -20.3787 2.4
    endloop
  endfacet
  facet normal -0 0 1
    outer loop
      vertex -15.112 -19.2472 2.4
      vertex -13.1213 -20.3787 2.4
      vertex -14.2128 -18.2872 2.4
    endloop
  endfacet
  facet normal 0 0 1
    outer loop
      vertex -13.1213 -20.3787 2.4
      vertex -15.112 -19.2472 2.4
      vertex -13.319 -20.5968 2.4
    endloop
  endfacet
  facet normal 0 0 1
    outer loop
      vertex -13.319 -20.5968 2.4
      vertex -15.112 -19.2472 2.4
      vertex -13.4944 -20.8333 2.4
    endloop
  endfacet
  facet normal 0 0 1
    outer loop
      vertex -13.4944 -20.8333 2.4
      vertex -15.112 -19.2472 2.4
      vertex -13.6458 -21.0858 2.4
    endloop
  endfacet
  facet normal -0 0 1
    outer loop
      vertex -15.9464 -20.2639 2.4
      vertex -13.6458 -21.0858 2.4
      vertex -15.112 -19.2472 2.4
    endloop
  endfacet
  facet normal 0 0 1
    outer loop
      vertex -13.8708 -21.6291 2.4
      vertex -15.9464 -20.2639 2.4
      vertex -13.9424 -21.9147 2.4
    endloop
  endfacet
  facet normal 0 0 1
    outer loop
      vertex -13.7716 -21.3519 2.4
      vertex -15.9464 -20.2639 2.4
      vertex -13.8708 -21.6291 2.4
    endloop
  endfacet
  facet normal 0 0 1
    outer loop
      vertex -13.6458 -21.0858 2.4
      vertex -15.9464 -20.2639 2.4
      vertex -13.7716 -21.3519 2.4
    endloop
  endfacet
  facet normal 0 0 1
    outer loop
      vertex -5 -54.5 2.4
      vertex -7 -52.5 2.4
      vertex -6.99037 -52.696 2.4
    endloop
  endfacet
  facet normal 0 0 1
    outer loop
      vertex -2.87012 -6.92909 2.4
      vertex -1.72206 -4.15746 2.4
      vertex -2.12128 -3.96864 2.4
    endloop
  endfacet
  facet normal 0 0 1
    outer loop
      vertex -1.72206 -4.15746 2.4
      vertex -2.17712 -7.17705 2.4
      vertex -2 -7.22142 2.4
    endloop
  endfacet
  facet normal 0 0 1
    outer loop
      vertex -3.53546 -6.6144 2.4
      vertex -2.12128 -3.96864 2.4
      vertex -2.50006 -3.74161 2.4
    endloop
  endfacet
  facet normal 0 0 1
    outer loop
      vertex -4.16676 -6.23601 2.4
      vertex -2.50006 -3.74161 2.4
      vertex -2.85477 -3.47855 2.4
    endloop
  endfacet
  facet normal 0 0 1
    outer loop
      vertex -1.72206 -4.15746 2.4
      vertex -2.87012 -6.92909 2.4
      vertex -2.17712 -7.17705 2.4
    endloop
  endfacet
  facet normal 0 0 1
    outer loop
      vertex -4.75793 -5.79758 2.4
      vertex -2.85477 -3.47855 2.4
      vertex -3.18198 -3.18198 2.4
    endloop
  endfacet
  facet normal 0 0 1
    outer loop
      vertex -5.3033 -5.3033 2.4
      vertex -3.18198 -3.18198 2.4
      vertex -3.47855 -2.85477 2.4
    endloop
  endfacet
  facet normal 0 0 1
    outer loop
      vertex -2.12128 -3.96864 2.4
      vertex -3.53546 -6.6144 2.4
      vertex -2.87012 -6.92909 2.4
    endloop
  endfacet
  facet normal 0 0 1
    outer loop
      vertex -5.79758 -4.75793 2.4
      vertex -3.47855 -2.85477 2.4
      vertex -3.74161 -2.50006 2.4
    endloop
  endfacet
  facet normal 0 0 1
    outer loop
      vertex -6.23601 -4.16676 2.4
      vertex -3.74161 -2.50006 2.4
      vertex -3.96864 -2.12128 2.4
    endloop
  endfacet
  facet normal 0 0 1
    outer loop
      vertex -6.6144 -3.53546 2.4
      vertex -3.96864 -2.12128 2.4
      vertex -4.15746 -1.72206 2.4
    endloop
  endfacet
  facet normal 0 0 1
    outer loop
      vertex -2.50006 -3.74161 2.4
      vertex -4.16676 -6.23601 2.4
      vertex -3.53546 -6.6144 2.4
    endloop
  endfacet
  facet normal 0 0 1
    outer loop
      vertex -6.92909 -2.87012 2.4
      vertex -4.15746 -1.72206 2.4
      vertex -4.30623 -1.30627 2.4
    endloop
  endfacet
  facet normal 0 0 1
    outer loop
      vertex -7.17705 -2.17712 2.4
      vertex -4.30623 -1.30627 2.4
      vertex -4.41353 -0.877899 2.4
    endloop
  endfacet
  facet normal 0 0 1
    outer loop
      vertex -7.35588 -1.46317 2.4
      vertex -4.41353 -0.877899 2.4
      vertex -4.47832 -0.441071 2.4
    endloop
  endfacet
  facet normal 0 0 1
    outer loop
      vertex -2.85477 -3.47855 2.4
      vertex -4.75793 -5.79758 2.4
      vertex -4.16676 -6.23601 2.4
    endloop
  endfacet
  facet normal 0 0 1
    outer loop
      vertex -7.46388 -0.735123 2.4
      vertex -4.47832 -0.441071 2.4
      vertex -4.5 0 2.4
    endloop
  endfacet
  facet normal -0 0 1
    outer loop
      vertex -6.92909 2.87012 2.4
      vertex -4.15746 1.72206 2.4
      vertex -6.6144 3.53546 2.4
    endloop
  endfacet
  facet normal 0 0 1
    outer loop
      vertex -4.15746 1.72206 2.4
      vertex -6.92909 2.87012 2.4
      vertex -4.30623 1.30627 2.4
    endloop
  endfacet
  facet normal 0 0 1
    outer loop
      vertex -3.18198 -3.18198 2.4
      vertex -5.3033 -5.3033 2.4
      vertex -4.75793 -5.79758 2.4
    endloop
  endfacet
  facet normal -0 0 1
    outer loop
      vertex -7.17705 2.17712 2.4
      vertex -4.30623 1.30627 2.4
      vertex -6.92909 2.87012 2.4
    endloop
  endfacet
  facet normal 0 0 1
    outer loop
      vertex -3.47855 -2.85477 2.4
      vertex -5.79758 -4.75793 2.4
      vertex -5.3033 -5.3033 2.4
    endloop
  endfacet
  facet normal 0 0 1
    outer loop
      vertex -4.30623 1.30627 2.4
      vertex -7.17705 2.17712 2.4
      vertex -4.41353 0.877899 2.4
    endloop
  endfacet
  facet normal 0 0 1
    outer loop
      vertex -3.74161 -2.50006 2.4
      vertex -6.23601 -4.16676 2.4
      vertex -5.79758 -4.75793 2.4
    endloop
  endfacet
  facet normal -0 0 1
    outer loop
      vertex -7.35588 1.46317 2.4
      vertex -4.41353 0.877899 2.4
      vertex -7.17705 2.17712 2.4
    endloop
  endfacet
  facet normal 0 0 1
    outer loop
      vertex -3.96864 -2.12128 2.4
      vertex -6.6144 -3.53546 2.4
      vertex -6.23601 -4.16676 2.4
    endloop
  endfacet
  facet normal 0 0 1
    outer loop
      vertex -4.41353 0.877899 2.4
      vertex -7.35588 1.46317 2.4
      vertex -4.47832 0.441071 2.4
    endloop
  endfacet
  facet normal 0 0 1
    outer loop
      vertex -4.15746 -1.72206 2.4
      vertex -6.92909 -2.87012 2.4
      vertex -6.6144 -3.53546 2.4
    endloop
  endfacet
  facet normal -0 0 1
    outer loop
      vertex -7.46388 0.735123 2.4
      vertex -4.47832 0.441071 2.4
      vertex -7.35588 1.46317 2.4
    endloop
  endfacet
  facet normal 0 0 1
    outer loop
      vertex -4.30623 -1.30627 2.4
      vertex -7.17705 -2.17712 2.4
      vertex -6.92909 -2.87012 2.4
    endloop
  endfacet
  facet normal 0 0 1
    outer loop
      vertex -4.47832 0.441071 2.4
      vertex -7.46388 0.735123 2.4
      vertex -4.5 0 2.4
    endloop
  endfacet
  facet normal 0 0 1
    outer loop
      vertex -4.41353 -0.877899 2.4
      vertex -7.35588 -1.46317 2.4
      vertex -7.17705 -2.17712 2.4
    endloop
  endfacet
  facet normal 0 0 1
    outer loop
      vertex -7.5 0 2.4
      vertex -4.5 0 2.4
      vertex -7.46388 0.735123 2.4
    endloop
  endfacet
  facet normal 0 0 1
    outer loop
      vertex -4.47832 -0.441071 2.4
      vertex -7.46388 -0.735123 2.4
      vertex -7.35588 -1.46317 2.4
    endloop
  endfacet
  facet normal 0 0 1
    outer loop
      vertex -4.5 0 2.4
      vertex -7.5 0 2.4
      vertex -7.46388 -0.735123 2.4
    endloop
  endfacet
  facet normal 0 0 1
    outer loop
      vertex 7 -32.5 2.4
      vertex -1.25842 -27.3285 2.4
      vertex -1.25 -27.5 2.4
    endloop
  endfacet
  facet normal 0 0 1
    outer loop
      vertex 2.51202 -18.745 2.4
      vertex -1.28362 -27.1586 2.4
      vertex -1.25842 -27.3285 2.4
    endloop
  endfacet
  facet normal 0 0 1
    outer loop
      vertex 2.51202 -18.2549 2.4
      vertex -3.92131 -12.7862 2.4
      vertex 2.5 -18.5 2.4
    endloop
  endfacet
  facet normal 0 0 1
    outer loop
      vertex 2.51202 -18.745 2.4
      vertex -1.32535 -26.992 2.4
      vertex -1.28362 -27.1586 2.4
    endloop
  endfacet
  facet normal 0 0 1
    outer loop
      vertex 2.51202 -18.745 2.4
      vertex -1.38321 -26.8303 2.4
      vertex -1.32535 -26.992 2.4
    endloop
  endfacet
  facet normal 0 0 1
    outer loop
      vertex 2.51202 -18.745 2.4
      vertex -1.45663 -26.675 2.4
      vertex -1.38321 -26.8303 2.4
    endloop
  endfacet
  facet normal 0 0 1
    outer loop
      vertex 2.51202 -18.745 2.4
      vertex -1.54492 -26.5277 2.4
      vertex -1.45663 -26.675 2.4
    endloop
  endfacet
  facet normal 0 0 1
    outer loop
      vertex 2.51202 -18.745 2.4
      vertex -1.64722 -26.3898 2.4
      vertex -1.54492 -26.5277 2.4
    endloop
  endfacet
  facet normal 0 0 1
    outer loop
      vertex 2.51202 -18.745 2.4
      vertex -1.76256 -26.2626 2.4
      vertex -1.64722 -26.3898 2.4
    endloop
  endfacet
  facet normal 0 0 1
    outer loop
      vertex 2.51202 -18.745 2.4
      vertex -1.8898 -26.1472 2.4
      vertex -1.76256 -26.2626 2.4
    endloop
  endfacet
  facet normal 0 0 1
    outer loop
      vertex 2.51202 -18.745 2.4
      vertex -2.02774 -26.0449 2.4
      vertex -1.8898 -26.1472 2.4
    endloop
  endfacet
  facet normal 0 0 1
    outer loop
      vertex 2.51202 -18.745 2.4
      vertex -2.17505 -25.9566 2.4
      vertex -2.02774 -26.0449 2.4
    endloop
  endfacet
  facet normal 0 0 1
    outer loop
      vertex 2.51202 -18.745 2.4
      vertex -2.33029 -25.8832 2.4
      vertex -2.17505 -25.9566 2.4
    endloop
  endfacet
  facet normal 0 0 1
    outer loop
      vertex 2.51202 -18.745 2.4
      vertex -2.49199 -25.8253 2.4
      vertex -2.33029 -25.8832 2.4
    endloop
  endfacet
  facet normal -0 0 1
    outer loop
      vertex -5.20226 -13.0849 2.4
      vertex 2.5 -18.5 2.4
      vertex -3.92131 -12.7862 2.4
    endloop
  endfacet
  facet normal 0 0 1
    outer loop
      vertex 2.51202 -18.745 2.4
      vertex -2.65858 -25.7836 2.4
      vertex -2.49199 -25.8253 2.4
    endloop
  endfacet
  facet normal 0 0 1
    outer loop
      vertex 2.51202 -18.745 2.4
      vertex -2.82846 -25.7584 2.4
      vertex -2.65858 -25.7836 2.4
    endloop
  endfacet
  facet normal 0 0 1
    outer loop
      vertex -8.01443 -22.2059 2.4
      vertex 2.5 -18.5 2.4
      vertex -5.20226 -13.0849 2.4
    endloop
  endfacet
  facet normal -0 0 1
    outer loop
      vertex -8.01443 -22.2059 2.4
      vertex -3 -25.75 2.4
      vertex 2.51202 -18.745 2.4
    endloop
  endfacet
  facet normal 0 0 1
    outer loop
      vertex -8.01443 -22.2059 2.4
      vertex -3.17152 -25.7584 2.4
      vertex -3 -25.75 2.4
    endloop
  endfacet
  facet normal 0 0 1
    outer loop
      vertex -8.01443 -22.2059 2.4
      vertex -3.3414 -25.7836 2.4
      vertex -3.17152 -25.7584 2.4
    endloop
  endfacet
  facet normal 0 0 1
    outer loop
      vertex -3.3414 -25.7836 2.4
      vertex -8 -22.5 2.4
      vertex -3.508 -25.8253 2.4
    endloop
  endfacet
  facet normal 0 0 1
    outer loop
      vertex -3.508 -25.8253 2.4
      vertex -8 -22.5 2.4
      vertex -3.66969 -25.8832 2.4
    endloop
  endfacet
  facet normal 0 0 1
    outer loop
      vertex 2.51202 -18.745 2.4
      vertex -3 -25.75 2.4
      vertex -2.82846 -25.7584 2.4
    endloop
  endfacet
  facet normal -0 0 1
    outer loop
      vertex -8.01443 -22.794 2.4
      vertex -3.66969 -25.8832 2.4
      vertex -8 -22.5 2.4
    endloop
  endfacet
  facet normal 0 0 1
    outer loop
      vertex -3.66969 -25.8832 2.4
      vertex -8.01443 -22.794 2.4
      vertex -3.82494 -25.9566 2.4
    endloop
  endfacet
  facet normal -0 0 1
    outer loop
      vertex -8.05763 -23.0853 2.4
      vertex -3.82494 -25.9566 2.4
      vertex -8.01443 -22.794 2.4
    endloop
  endfacet
  facet normal 0 0 1
    outer loop
      vertex -3.82494 -25.9566 2.4
      vertex -8.05763 -23.0853 2.4
      vertex -3.97224 -26.0449 2.4
    endloop
  endfacet
  facet normal -0 0 1
    outer loop
      vertex -8.12917 -23.3708 2.4
      vertex -3.97224 -26.0449 2.4
      vertex -8.05763 -23.0853 2.4
    endloop
  endfacet
  facet normal 0 0 1
    outer loop
      vertex -3.97224 -26.0449 2.4
      vertex -8.12917 -23.3708 2.4
      vertex -4.11018 -26.1472 2.4
    endloop
  endfacet
  facet normal 0 0 1
    outer loop
      vertex -4.11018 -26.1472 2.4
      vertex -8.12917 -23.3708 2.4
      vertex -4.23743 -26.2626 2.4
    endloop
  endfacet
  facet normal -0 0 1
    outer loop
      vertex -8.22835 -23.648 2.4
      vertex -4.23743 -26.2626 2.4
      vertex -8.12917 -23.3708 2.4
    endloop
  endfacet
  facet normal 0 0 1
    outer loop
      vertex -4.23743 -26.2626 2.4
      vertex -8.22835 -23.648 2.4
      vertex -4.35277 -26.3898 2.4
    endloop
  endfacet
  facet normal -0 0 1
    outer loop
      vertex -8.35423 -23.9142 2.4
      vertex -4.35277 -26.3898 2.4
      vertex -8.22835 -23.648 2.4
    endloop
  endfacet
  facet normal 0 0 1
    outer loop
      vertex -4.35277 -26.3898 2.4
      vertex -8.35423 -23.9142 2.4
      vertex -4.45506 -26.5277 2.4
    endloop
  endfacet
  facet normal 0 0 1
    outer loop
      vertex -8.01443 -22.2059 2.4
      vertex 2.51202 -18.745 2.4
      vertex 2.5 -18.5 2.4
    endloop
  endfacet
  facet normal -0 0 1
    outer loop
      vertex -5.8 -43.928 2.4
      vertex 5.8 -49.072 2.4
      vertex 5.8 -43.928 2.4
    endloop
  endfacet
  facet normal 0 0 1
    outer loop
      vertex 5.8 -49.072 2.4
      vertex -5.8 -43.928 2.4
      vertex -5.8 -49.072 2.4
    endloop
  endfacet
  facet normal 0 0 1
    outer loop
      vertex 11.167 -15.7875 2.4
      vertex 7.48796 -18.2549 2.4
      vertex 7.5 -18.5 2.4
    endloop
  endfacet
  facet normal 0 0 1
    outer loop
      vertex 8.89 -14.4729 2.4
      vertex 7.45195 -18.0123 2.4
      vertex 7.48796 -18.2549 2.4
    endloop
  endfacet
  facet normal 0 0 1
    outer loop
      vertex 8.89 -14.4729 2.4
      vertex 7.39235 -17.7743 2.4
      vertex 7.45195 -18.0123 2.4
    endloop
  endfacet
  facet normal 0 0 1
    outer loop
      vertex 8.89 -14.4729 2.4
      vertex 7.30969 -17.5433 2.4
      vertex 7.39235 -17.7743 2.4
    endloop
  endfacet
  facet normal 0 0 1
    outer loop
      vertex 8.89 -14.4729 2.4
      vertex 7.20479 -17.3215 2.4
      vertex 7.30969 -17.5433 2.4
    endloop
  endfacet
  facet normal 0 0 1
    outer loop
      vertex 8.89 -14.4729 2.4
      vertex 7.07866 -17.1111 2.4
      vertex 7.20479 -17.3215 2.4
    endloop
  endfacet
  facet normal 0 0 1
    outer loop
      vertex 8.89 -14.4729 2.4
      vertex 6.93253 -16.914 2.4
      vertex 7.07866 -17.1111 2.4
    endloop
  endfacet
  facet normal 0 0 1
    outer loop
      vertex 8.89 -14.4729 2.4
      vertex 6.76776 -16.7322 2.4
      vertex 6.93253 -16.914 2.4
    endloop
  endfacet
  facet normal 0 0 1
    outer loop
      vertex 8.89 -14.4729 2.4
      vertex 6.58597 -16.5675 2.4
      vertex 6.76776 -16.7322 2.4
    endloop
  endfacet
  facet normal 0 0 1
    outer loop
      vertex 5.9567 -16.1903 2.4
      vertex 7.69193 -13.93 2.4
      vertex 6.46092 -13.4667 2.4
    endloop
  endfacet
  facet normal 0 0 1
    outer loop
      vertex 7.69193 -13.93 2.4
      vertex 6.38892 -16.4213 2.4
      vertex 6.58597 -16.5675 2.4
    endloop
  endfacet
  facet normal 0 0 1
    outer loop
      vertex 7.69193 -13.93 2.4
      vertex 6.17848 -16.2952 2.4
      vertex 6.38892 -16.4213 2.4
    endloop
  endfacet
  facet normal 0 0 1
    outer loop
      vertex 7.69193 -13.93 2.4
      vertex 5.9567 -16.1903 2.4
      vertex 6.17848 -16.2952 2.4
    endloop
  endfacet
  facet normal 0 0 1
    outer loop
      vertex 6.46092 -13.4667 2.4
      vertex 5.72571 -16.1076 2.4
      vertex 5.9567 -16.1903 2.4
    endloop
  endfacet
  facet normal 0 0 1
    outer loop
      vertex 6.46092 -13.4667 2.4
      vertex 5.48772 -16.048 2.4
      vertex 5.72571 -16.1076 2.4
    endloop
  endfacet
  facet normal 0 0 1
    outer loop
      vertex 6.46092 -13.4667 2.4
      vertex 5.24504 -16.012 2.4
      vertex 5.48772 -16.048 2.4
    endloop
  endfacet
  facet normal 0 0 1
    outer loop
      vertex 5.20226 -13.0849 2.4
      vertex 5.24504 -16.012 2.4
      vertex 6.46092 -13.4667 2.4
    endloop
  endfacet
  facet normal 0 0 1
    outer loop
      vertex 5.20226 -13.0849 2.4
      vertex 5 -16 2.4
      vertex 5.24504 -16.012 2.4
    endloop
  endfacet
  facet normal 0 0 1
    outer loop
      vertex 5.20226 -13.0849 2.4
      vertex 4.75494 -16.012 2.4
      vertex 5 -16 2.4
    endloop
  endfacet
  facet normal 0 0 1
    outer loop
      vertex 5.20226 -13.0849 2.4
      vertex 4.51227 -16.048 2.4
      vertex 4.75494 -16.012 2.4
    endloop
  endfacet
  facet normal 0 0 1
    outer loop
      vertex 3.92131 -12.7862 2.4
      vertex 4.51227 -16.048 2.4
      vertex 5.20226 -13.0849 2.4
    endloop
  endfacet
  facet normal 0 0 1
    outer loop
      vertex 4.51227 -16.048 2.4
      vertex 3.92131 -12.7862 2.4
      vertex 4.27428 -16.1076 2.4
    endloop
  endfacet
  facet normal 0 0 1
    outer loop
      vertex 4.27428 -16.1076 2.4
      vertex 3.92131 -12.7862 2.4
      vertex 4.04329 -16.1903 2.4
    endloop
  endfacet
  facet normal 0 0 1
    outer loop
      vertex 3.92131 -12.7862 2.4
      vertex 3.8215 -16.2952 2.4
      vertex 4.04329 -16.1903 2.4
    endloop
  endfacet
  facet normal 0 0 1
    outer loop
      vertex 2.62357 -12.572 2.4
      vertex 3.8215 -16.2952 2.4
      vertex 3.92131 -12.7862 2.4
    endloop
  endfacet
  facet normal 0 0 1
    outer loop
      vertex 3.8215 -16.2952 2.4
      vertex 2.62357 -12.572 2.4
      vertex 3.61107 -16.4213 2.4
    endloop
  endfacet
  facet normal 0 0 1
    outer loop
      vertex 3.61107 -16.4213 2.4
      vertex 2.62357 -12.572 2.4
      vertex 3.41402 -16.5675 2.4
    endloop
  endfacet
  facet normal 0 0 1
    outer loop
      vertex 1.31459 -12.443 2.4
      vertex 3.41402 -16.5675 2.4
      vertex 2.62357 -12.572 2.4
    endloop
  endfacet
  facet normal 0 0 1
    outer loop
      vertex 3.41402 -16.5675 2.4
      vertex 1.31459 -12.443 2.4
      vertex 3.23222 -16.7322 2.4
    endloop
  endfacet
  facet normal 0 0 1
    outer loop
      vertex 3.23222 -16.7322 2.4
      vertex 1.31459 -12.443 2.4
      vertex 3.06746 -16.914 2.4
    endloop
  endfacet
  facet normal 0 0 1
    outer loop
      vertex 3.06746 -16.914 2.4
      vertex 1.31459 -12.443 2.4
      vertex 2.92133 -17.1111 2.4
    endloop
  endfacet
  facet normal 0 0 1
    outer loop
      vertex 0 -12.4 2.4
      vertex 2.92133 -17.1111 2.4
      vertex 1.31459 -12.443 2.4
    endloop
  endfacet
  facet normal 0 0 1
    outer loop
      vertex 2.92133 -17.1111 2.4
      vertex 0 -12.4 2.4
      vertex 2.7952 -17.3215 2.4
    endloop
  endfacet
  facet normal 0 0 1
    outer loop
      vertex 2.7952 -17.3215 2.4
      vertex 0 -12.4 2.4
      vertex 2.69029 -17.5433 2.4
    endloop
  endfacet
  facet normal -0 0 1
    outer loop
      vertex -1.31459 -12.443 2.4
      vertex 2.69029 -17.5433 2.4
      vertex 0 -12.4 2.4
    endloop
  endfacet
  facet normal 0 0 1
    outer loop
      vertex 2.69029 -17.5433 2.4
      vertex -1.31459 -12.443 2.4
      vertex 2.60764 -17.7743 2.4
    endloop
  endfacet
  facet normal -0 0 1
    outer loop
      vertex -2.62357 -12.572 2.4
      vertex 2.60764 -17.7743 2.4
      vertex -1.31459 -12.443 2.4
    endloop
  endfacet
  facet normal -0 0 1
    outer loop
      vertex 5.8 -49.072 2.4
      vertex 7 -52.5 2.4
      vertex 5.8 -43.928 2.4
    endloop
  endfacet
  facet normal -0 0 1
    outer loop
      vertex 5.8 -49.928 2.4
      vertex 7 -52.5 2.4
      vertex 5.8 -49.072 2.4
    endloop
  endfacet
  facet normal 0 0 1
    outer loop
      vertex 5 -54.5 2.4
      vertex 7 -52.5 2.4
      vertex 5.8 -49.928 2.4
    endloop
  endfacet
  facet normal 0 0 1
    outer loop
      vertex 7 -52.5 2.4
      vertex 5 -54.5 2.4
      vertex 5.94279 -54.2638 2.4
    endloop
  endfacet
  facet normal 0 0 1
    outer loop
      vertex 5.94279 -54.2638 2.4
      vertex 5 -54.5 2.4
      vertex 5.76537 -54.3478 2.4
    endloop
  endfacet
  facet normal 0 0 1
    outer loop
      vertex 5.76537 -54.3478 2.4
      vertex 5 -54.5 2.4
      vertex 5.58057 -54.4139 2.4
    endloop
  endfacet
  facet normal 0 0 1
    outer loop
      vertex 5.58057 -54.4139 2.4
      vertex 5 -54.5 2.4
      vertex 5.39018 -54.4616 2.4
    endloop
  endfacet
  facet normal 0 0 1
    outer loop
      vertex 5.39018 -54.4616 2.4
      vertex 5 -54.5 2.4
      vertex 5.19603 -54.4904 2.4
    endloop
  endfacet
  facet normal 0 0 1
    outer loop
      vertex 5.8 -49.928 2.4
      vertex -5 -54.5 2.4
      vertex 5 -54.5 2.4
    endloop
  endfacet
  facet normal -0 0 1
    outer loop
      vertex -5.8 -49.928 2.4
      vertex -5 -54.5 2.4
      vertex 5.8 -49.928 2.4
    endloop
  endfacet
  facet normal -0 0 1
    outer loop
      vertex -7 -52.5 2.4
      vertex -5 -54.5 2.4
      vertex -5.8 -49.928 2.4
    endloop
  endfacet
  facet normal 0 0 1
    outer loop
      vertex -5 -54.5 2.4
      vertex -6.99037 -52.696 2.4
      vertex -5.19603 -54.4904 2.4
    endloop
  endfacet
  facet normal 0 0 1
    outer loop
      vertex -5.19603 -54.4904 2.4
      vertex -6.99037 -52.696 2.4
      vertex -5.39018 -54.4616 2.4
    endloop
  endfacet
  facet normal 0 0 1
    outer loop
      vertex -5.39018 -54.4616 2.4
      vertex -6.99037 -52.696 2.4
      vertex -5.58057 -54.4139 2.4
    endloop
  endfacet
  facet normal 0 0 1
    outer loop
      vertex -5.58057 -54.4139 2.4
      vertex -6.99037 -52.696 2.4
      vertex -5.76537 -54.3478 2.4
    endloop
  endfacet
  facet normal 0 0 1
    outer loop
      vertex 18.57 -24.8081 2.4
      vertex 14.9904 -25.304 2.4
      vertex 15 -25.5 2.4
    endloop
  endfacet
  facet normal 0 0 1
    outer loop
      vertex 15.9464 -20.2639 2.4
      vertex 14.9616 -25.1098 2.4
      vertex 14.9904 -25.304 2.4
    endloop
  endfacet
  facet normal 0 0 1
    outer loop
      vertex 15.9464 -20.2639 2.4
      vertex 14.9139 -24.9194 2.4
      vertex 14.9616 -25.1098 2.4
    endloop
  endfacet
  facet normal 0 0 1
    outer loop
      vertex 15.9464 -20.2639 2.4
      vertex 14.8477 -24.7346 2.4
      vertex 14.9139 -24.9194 2.4
    endloop
  endfacet
  facet normal 0 0 1
    outer loop
      vertex 15.9464 -20.2639 2.4
      vertex 14.7638 -24.5572 2.4
      vertex 14.8477 -24.7346 2.4
    endloop
  endfacet
  facet normal 0 0 1
    outer loop
      vertex 15.9464 -20.2639 2.4
      vertex 14.6629 -24.3889 2.4
      vertex 14.7638 -24.5572 2.4
    endloop
  endfacet
  facet normal 0 0 1
    outer loop
      vertex 15.9464 -20.2639 2.4
      vertex 14.546 -24.2312 2.4
      vertex 14.6629 -24.3889 2.4
    endloop
  endfacet
  facet normal 0 0 1
    outer loop
      vertex 15.9464 -20.2639 2.4
      vertex 14.4142 -24.0858 2.4
      vertex 14.546 -24.2312 2.4
    endloop
  endfacet
  facet normal 0 0 1
    outer loop
      vertex 15.9464 -20.2639 2.4
      vertex 14.2688 -23.954 2.4
      vertex 14.4142 -24.0858 2.4
    endloop
  endfacet
  facet normal 0 0 1
    outer loop
      vertex 12.804 -23.5096 2.4
      vertex 15.112 -19.2472 2.4
      vertex 14.2128 -18.2872 2.4
    endloop
  endfacet
  facet normal 0 0 1
    outer loop
      vertex 15.9464 -20.2639 2.4
      vertex 14.1111 -23.8371 2.4
      vertex 14.2688 -23.954 2.4
    endloop
  endfacet
  facet normal 0 0 1
    outer loop
      vertex 15.9464 -20.2639 2.4
      vertex 13.9428 -23.7361 2.4
      vertex 14.1111 -23.8371 2.4
    endloop
  endfacet
  facet normal 0 0 1
    outer loop
      vertex 15.9464 -20.2639 2.4
      vertex 13.7654 -23.6522 2.4
      vertex 13.9428 -23.7361 2.4
    endloop
  endfacet
  facet normal 0 0 1
    outer loop
      vertex 15.9464 -20.2639 2.4
      vertex 13.5806 -23.5861 2.4
      vertex 13.7654 -23.6522 2.4
    endloop
  endfacet
  facet normal 0 0 1
    outer loop
      vertex 15.9464 -20.2639 2.4
      vertex 13.3902 -23.5384 2.4
      vertex 13.5806 -23.5861 2.4
    endloop
  endfacet
  facet normal 0 0 1
    outer loop
      vertex 12.4194 -23.5861 2.4
      vertex 14.2128 -18.2872 2.4
      vertex 13.2528 -17.388 2.4
    endloop
  endfacet
  facet normal 0 0 1
    outer loop
      vertex 15.112 -19.2472 2.4
      vertex 13.196 -23.5096 2.4
      vertex 13.3902 -23.5384 2.4
    endloop
  endfacet
  facet normal 0 0 1
    outer loop
      vertex 15.112 -19.2472 2.4
      vertex 13 -23.5 2.4
      vertex 13.196 -23.5096 2.4
    endloop
  endfacet
  facet normal 0 0 1
    outer loop
      vertex 15.112 -19.2472 2.4
      vertex 12.804 -23.5096 2.4
      vertex 13 -23.5 2.4
    endloop
  endfacet
  facet normal 0 0 1
    outer loop
      vertex 14.2128 -18.2872 2.4
      vertex 12.6098 -23.5384 2.4
      vertex 12.804 -23.5096 2.4
    endloop
  endfacet
  facet normal 0 0 1
    outer loop
      vertex 14.2128 -18.2872 2.4
      vertex 12.4194 -23.5861 2.4
      vertex 12.6098 -23.5384 2.4
    endloop
  endfacet
  facet normal 0 0 1
    outer loop
      vertex 7.45195 -18.9877 2.4
      vertex 13.2528 -17.388 2.4
      vertex 12.2361 -16.5536 2.4
    endloop
  endfacet
  facet normal 0 0 1
    outer loop
      vertex 13.2528 -17.388 2.4
      vertex 12.2346 -23.6522 2.4
      vertex 12.4194 -23.5861 2.4
    endloop
  endfacet
  facet normal 0 0 1
    outer loop
      vertex 13.2528 -17.388 2.4
      vertex 7.39235 -19.2257 2.4
      vertex 12.2346 -23.6522 2.4
    endloop
  endfacet
  facet normal 0 0 1
    outer loop
      vertex 12.2346 -23.6522 2.4
      vertex 7.39235 -19.2257 2.4
      vertex 12.0572 -23.7361 2.4
    endloop
  endfacet
  facet normal -0 0 1
    outer loop
      vertex 7.30969 -19.4567 2.4
      vertex 12.0572 -23.7361 2.4
      vertex 7.39235 -19.2257 2.4
    endloop
  endfacet
  facet normal 0 0 1
    outer loop
      vertex 12.0572 -23.7361 2.4
      vertex 7.30969 -19.4567 2.4
      vertex 11.8889 -23.8371 2.4
    endloop
  endfacet
  facet normal -0 0 1
    outer loop
      vertex 7.20479 -19.6785 2.4
      vertex 11.8889 -23.8371 2.4
      vertex 7.30969 -19.4567 2.4
    endloop
  endfacet
  facet normal 0 0 1
    outer loop
      vertex 11.8889 -23.8371 2.4
      vertex 7.20479 -19.6785 2.4
      vertex 11.7312 -23.954 2.4
    endloop
  endfacet
  facet normal -0 0 1
    outer loop
      vertex 7.07866 -19.8889 2.4
      vertex 11.7312 -23.954 2.4
      vertex 7.20479 -19.6785 2.4
    endloop
  endfacet
  facet normal 0 0 1
    outer loop
      vertex 7.5 -18.5 2.4
      vertex 12.2361 -16.5536 2.4
      vertex 11.167 -15.7875 2.4
    endloop
  endfacet
  facet normal 0 0 1
    outer loop
      vertex 11.7312 -23.954 2.4
      vertex 7.07866 -19.8889 2.4
      vertex 11.5858 -24.0858 2.4
    endloop
  endfacet
  facet normal -0 0 1
    outer loop
      vertex 6.93253 -20.086 2.4
      vertex 11.5858 -24.0858 2.4
      vertex 7.07866 -19.8889 2.4
    endloop
  endfacet
  facet normal 0 0 1
    outer loop
      vertex 11.5858 -24.0858 2.4
      vertex 6.93253 -20.086 2.4
      vertex 11.454 -24.2312 2.4
    endloop
  endfacet
  facet normal -0 0 1
    outer loop
      vertex 6.76776 -20.2678 2.4
      vertex 11.454 -24.2312 2.4
      vertex 6.93253 -20.086 2.4
    endloop
  endfacet
  facet normal 0 0 1
    outer loop
      vertex 11.454 -24.2312 2.4
      vertex 6.76776 -20.2678 2.4
      vertex 11.3371 -24.3889 2.4
    endloop
  endfacet
  facet normal 0 0 1
    outer loop
      vertex 7.48796 -18.2549 2.4
      vertex 11.167 -15.7875 2.4
      vertex 10.05 -15.0929 2.4
    endloop
  endfacet
  facet normal 0 0 1
    outer loop
      vertex 22.9507 -30.9957 2.4
      vertex 20.955 -31.1265 2.4
      vertex 20.9607 -31.3 2.4
    endloop
  endfacet
  facet normal 0 0 1
    outer loop
      vertex 21.7794 -25.1069 2.4
      vertex 20.8203 -29.759 2.4
      vertex 20.955 -31.1265 2.4
    endloop
  endfacet
  facet normal 0 0 1
    outer loop
      vertex 19.4015 -24.4637 2.4
      vertex 21.2492 -23.6983 2.4
      vertex 20.6281 -22.3273 2.4
    endloop
  endfacet
  facet normal 0 0 1
    outer loop
      vertex 21.7794 -25.1069 2.4
      vertex 20.5965 -28.4031 2.4
      vertex 20.8203 -29.759 2.4
    endloop
  endfacet
  facet normal 0 0 1
    outer loop
      vertex 21.7794 -25.1069 2.4
      vertex 20.2844 -27.0648 2.4
      vertex 20.5965 -28.4031 2.4
    endloop
  endfacet
  facet normal 0 0 1
    outer loop
      vertex 18.8343 -23.2119 2.4
      vertex 20.6281 -22.3273 2.4
      vertex 19.9186 -21 2.4
    endloop
  endfacet
  facet normal 0 0 1
    outer loop
      vertex 21.7794 -25.1069 2.4
      vertex 19.8855 -25.7498 2.4
      vertex 20.2844 -27.0648 2.4
    endloop
  endfacet
  facet normal 0 0 1
    outer loop
      vertex 21.2492 -23.6983 2.4
      vertex 19.4015 -24.4637 2.4
      vertex 19.8855 -25.7498 2.4
    endloop
  endfacet
  facet normal 0 0 1
    outer loop
      vertex 18.1865 -22 2.4
      vertex 19.9186 -21 2.4
      vertex 19.1238 -19.7219 2.4
    endloop
  endfacet
  facet normal 0 0 1
    outer loop
      vertex 20.6281 -22.3273 2.4
      vertex 18.8343 -23.2119 2.4
      vertex 19.4015 -24.4637 2.4
    endloop
  endfacet
  facet normal 0 0 1
    outer loop
      vertex 17.4609 -20.833 2.4
      vertex 19.1238 -19.7219 2.4
      vertex 18.2471 -18.4985 2.4
    endloop
  endfacet
  facet normal 0 0 1
    outer loop
      vertex 19.9186 -21 2.4
      vertex 18.1865 -22 2.4
      vertex 18.8343 -23.2119 2.4
    endloop
  endfacet
  facet normal 0 0 1
    outer loop
      vertex 19.1238 -19.7219 2.4
      vertex 17.4609 -20.833 2.4
      vertex 18.1865 -22 2.4
    endloop
  endfacet
  facet normal 0 0 1
    outer loop
      vertex 16.6604 -19.716 2.4
      vertex 18.2471 -18.4985 2.4
      vertex 17.2923 -17.335 2.4
    endloop
  endfacet
  facet normal 0 0 1
    outer loop
      vertex 18.2471 -18.4985 2.4
      vertex 16.6604 -19.716 2.4
      vertex 17.4609 -20.833 2.4
    endloop
  endfacet
  facet normal 0 0 1
    outer loop
      vertex 15.7886 -18.6537 2.4
      vertex 17.2923 -17.335 2.4
      vertex 16.2634 -16.2365 2.4
    endloop
  endfacet
  facet normal 0 0 1
    outer loop
      vertex 17.2923 -17.335 2.4
      vertex 15.7886 -18.6537 2.4
      vertex 16.6604 -19.716 2.4
    endloop
  endfacet
  facet normal 0 0 1
    outer loop
      vertex 14.8492 -17.6508 2.4
      vertex 16.2634 -16.2365 2.4
      vertex 15.1649 -15.2077 2.4
    endloop
  endfacet
  facet normal 0 0 1
    outer loop
      vertex 16.2634 -16.2365 2.4
      vertex 14.8492 -17.6508 2.4
      vertex 15.7886 -18.6537 2.4
    endloop
  endfacet
  facet normal 0 0 1
    outer loop
      vertex 13.8463 -16.7114 2.4
      vertex 15.1649 -15.2077 2.4
      vertex 14.0015 -14.2529 2.4
    endloop
  endfacet
  facet normal 0 0 1
    outer loop
      vertex 15.1649 -15.2077 2.4
      vertex 13.8463 -16.7114 2.4
      vertex 14.8492 -17.6508 2.4
    endloop
  endfacet
  facet normal 0 0 1
    outer loop
      vertex 14.0015 -14.2529 2.4
      vertex 12.784 -15.8396 2.4
      vertex 13.8463 -16.7114 2.4
    endloop
  endfacet
  facet normal 0 0 1
    outer loop
      vertex 12.7781 -13.3762 2.4
      vertex 12.784 -15.8396 2.4
      vertex 14.0015 -14.2529 2.4
    endloop
  endfacet
  facet normal 0 0 1
    outer loop
      vertex 12.7781 -13.3762 2.4
      vertex 11.667 -15.0391 2.4
      vertex 12.784 -15.8396 2.4
    endloop
  endfacet
  facet normal 0 0 1
    outer loop
      vertex 11.5 -12.5814 2.4
      vertex 11.667 -15.0391 2.4
      vertex 12.7781 -13.3762 2.4
    endloop
  endfacet
  facet normal 0 0 1
    outer loop
      vertex 11.5 -12.5814 2.4
      vertex 10.5 -14.3135 2.4
      vertex 11.667 -15.0391 2.4
    endloop
  endfacet
  facet normal 0 0 1
    outer loop
      vertex 10.1726 -11.8719 2.4
      vertex 10.5 -14.3135 2.4
      vertex 11.5 -12.5814 2.4
    endloop
  endfacet
  facet normal 0 0 1
    outer loop
      vertex 10.1726 -11.8719 2.4
      vertex 9.28806 -13.6657 2.4
      vertex 10.5 -14.3135 2.4
    endloop
  endfacet
  facet normal 0 0 1
    outer loop
      vertex 8.80171 -11.2508 2.4
      vertex 9.28806 -13.6657 2.4
      vertex 10.1726 -11.8719 2.4
    endloop
  endfacet
  facet normal 0 0 1
    outer loop
      vertex 8.80171 -11.2508 2.4
      vertex 8.03635 -13.0985 2.4
      vertex 9.28806 -13.6657 2.4
    endloop
  endfacet
  facet normal 0 0 1
    outer loop
      vertex 7.3931 -10.7206 2.4
      vertex 8.03635 -13.0985 2.4
      vertex 8.80171 -11.2508 2.4
    endloop
  endfacet
  facet normal 0 0 1
    outer loop
      vertex 7.3931 -10.7206 2.4
      vertex 6.75021 -12.6145 2.4
      vertex 8.03635 -13.0985 2.4
    endloop
  endfacet
  facet normal 0 0 1
    outer loop
      vertex 5.95284 -10.2837 2.4
      vertex 6.75021 -12.6145 2.4
      vertex 7.3931 -10.7206 2.4
    endloop
  endfacet
  facet normal 0 0 1
    outer loop
      vertex 5.95284 -10.2837 2.4
      vertex 5.4352 -12.2156 2.4
      vertex 6.75021 -12.6145 2.4
    endloop
  endfacet
  facet normal 0 0 1
    outer loop
      vertex 4.48708 -9.94194 2.4
      vertex 5.4352 -12.2156 2.4
      vertex 5.95284 -10.2837 2.4
    endloop
  endfacet
  facet normal 0 0 1
    outer loop
      vertex 4.48708 -9.94194 2.4
      vertex 4.09689 -11.9035 2.4
      vertex 5.4352 -12.2156 2.4
    endloop
  endfacet
  facet normal 0 0 1
    outer loop
      vertex 3.00209 -9.69678 2.4
      vertex 4.09689 -11.9035 2.4
      vertex 4.48708 -9.94194 2.4
    endloop
  endfacet
  facet normal 0 0 1
    outer loop
      vertex 3.00209 -9.69678 2.4
      vertex 2.74104 -11.6797 2.4
      vertex 4.09689 -11.9035 2.4
    endloop
  endfacet
  facet normal 0 0 1
    outer loop
      vertex 2 -9.59808 2.4
      vertex 2.74104 -11.6797 2.4
      vertex 3.00209 -9.69678 2.4
    endloop
  endfacet
  facet normal 0 0 1
    outer loop
      vertex 2 -9.59808 2.4
      vertex 1.37346 -11.545 2.4
      vertex 2.74104 -11.6797 2.4
    endloop
  endfacet
  facet normal -0 0 1
    outer loop
      vertex 0.877899 -4.41353 2.4
      vertex 2 -7.22142 2.4
      vertex 1.30627 -4.30623 2.4
    endloop
  endfacet
  facet normal -0 0 1
    outer loop
      vertex 0.441071 -4.47832 2.4
      vertex 2 -7.22142 2.4
      vertex 0.877899 -4.41353 2.4
    endloop
  endfacet
  facet normal -0 0 1
    outer loop
      vertex 0 -4.5 2.4
      vertex 2 -7.22142 2.4
      vertex 0.441071 -4.47832 2.4
    endloop
  endfacet
  facet normal 0 0 1
    outer loop
      vertex 2 -7.22142 2.4
      vertex -2 -7.22142 2.4
      vertex 2 -9.59808 2.4
    endloop
  endfacet
  facet normal 0 0 1
    outer loop
      vertex 2 -7.22142 2.4
      vertex 0 -4.5 2.4
      vertex -2 -7.22142 2.4
    endloop
  endfacet
  facet normal 0 0 1
    outer loop
      vertex -2 -9.59808 2.4
      vertex 2 -9.59808 2.4
      vertex -2 -7.22142 2.4
    endloop
  endfacet
  facet normal 0 0 1
    outer loop
      vertex -2 -7.22142 2.4
      vertex 0 -4.5 2.4
      vertex -0.441071 -4.47832 2.4
    endloop
  endfacet
  facet normal 0 0 1
    outer loop
      vertex -2 -7.22142 2.4
      vertex -0.441071 -4.47832 2.4
      vertex -0.877899 -4.41353 2.4
    endloop
  endfacet
  facet normal 0 0 1
    outer loop
      vertex -2 -7.22142 2.4
      vertex -0.877899 -4.41353 2.4
      vertex -1.30627 -4.30623 2.4
    endloop
  endfacet
  facet normal 0 -0 1
    outer loop
      vertex 0 -11.5 2.4
      vertex 2 -9.59808 2.4
      vertex -2 -9.59808 2.4
    endloop
  endfacet
  facet normal 0 0 1
    outer loop
      vertex -2 -7.22142 2.4
      vertex -1.30627 -4.30623 2.4
      vertex -1.72206 -4.15746 2.4
    endloop
  endfacet
  facet normal 0 0 1
    outer loop
      vertex 2 -9.59808 2.4
      vertex 0 -11.5 2.4
      vertex 1.37346 -11.545 2.4
    endloop
  endfacet
  facet normal 0 0 1
    outer loop
      vertex 0 -11.5 2.4
      vertex -2 -9.59808 2.4
      vertex -1.37346 -11.545 2.4
    endloop
  endfacet
  facet normal 0 0 1
    outer loop
      vertex -2 -9.59808 2.4
      vertex -2.74104 -11.6797 2.4
      vertex -1.37346 -11.545 2.4
    endloop
  endfacet
  facet normal -0 0 1
    outer loop
      vertex -3.00209 -9.69678 2.4
      vertex -2.74104 -11.6797 2.4
      vertex -2 -9.59808 2.4
    endloop
  endfacet
  facet normal 0 0 1
    outer loop
      vertex -3.00209 -9.69678 2.4
      vertex -4.09689 -11.9035 2.4
      vertex -2.74104 -11.6797 2.4
    endloop
  endfacet
  facet normal -0 0 1
    outer loop
      vertex -4.48708 -9.94194 2.4
      vertex -4.09689 -11.9035 2.4
      vertex -3.00209 -9.69678 2.4
    endloop
  endfacet
  facet normal 0 0 1
    outer loop
      vertex -4.48708 -9.94194 2.4
      vertex -5.4352 -12.2156 2.4
      vertex -4.09689 -11.9035 2.4
    endloop
  endfacet
  facet normal -0 0 1
    outer loop
      vertex -5.95284 -10.2837 2.4
      vertex -5.4352 -12.2156 2.4
      vertex -4.48708 -9.94194 2.4
    endloop
  endfacet
  facet normal 0 0 1
    outer loop
      vertex -5.95284 -10.2837 2.4
      vertex -6.75021 -12.6145 2.4
      vertex -5.4352 -12.2156 2.4
    endloop
  endfacet
  facet normal -0 0 1
    outer loop
      vertex -7.3931 -10.7206 2.4
      vertex -6.75021 -12.6145 2.4
      vertex -5.95284 -10.2837 2.4
    endloop
  endfacet
  facet normal 0 0 1
    outer loop
      vertex -7.3931 -10.7206 2.4
      vertex -8.03635 -13.0985 2.4
      vertex -6.75021 -12.6145 2.4
    endloop
  endfacet
  facet normal -0 0 1
    outer loop
      vertex -8.80171 -11.2508 2.4
      vertex -8.03635 -13.0985 2.4
      vertex -7.3931 -10.7206 2.4
    endloop
  endfacet
  facet normal 0 0 1
    outer loop
      vertex -8.80171 -11.2508 2.4
      vertex -9.28806 -13.6657 2.4
      vertex -8.03635 -13.0985 2.4
    endloop
  endfacet
  facet normal -0 0 1
    outer loop
      vertex -10.1726 -11.8719 2.4
      vertex -9.28806 -13.6657 2.4
      vertex -8.80171 -11.2508 2.4
    endloop
  endfacet
  facet normal 0 0 1
    outer loop
      vertex -10.1726 -11.8719 2.4
      vertex -10.5 -14.3135 2.4
      vertex -9.28806 -13.6657 2.4
    endloop
  endfacet
  facet normal -0 0 1
    outer loop
      vertex -11.5 -12.5814 2.4
      vertex -10.5 -14.3135 2.4
      vertex -10.1726 -11.8719 2.4
    endloop
  endfacet
  facet normal 0 0 1
    outer loop
      vertex -11.5 -12.5814 2.4
      vertex -11.667 -15.0391 2.4
      vertex -10.5 -14.3135 2.4
    endloop
  endfacet
  facet normal -0 0 1
    outer loop
      vertex -12.7781 -13.3762 2.4
      vertex -11.667 -15.0391 2.4
      vertex -11.5 -12.5814 2.4
    endloop
  endfacet
  facet normal 0 0 1
    outer loop
      vertex -12.7781 -13.3762 2.4
      vertex -12.784 -15.8396 2.4
      vertex -11.667 -15.0391 2.4
    endloop
  endfacet
  facet normal -0 0 1
    outer loop
      vertex -14.0015 -14.2529 2.4
      vertex -12.784 -15.8396 2.4
      vertex -12.7781 -13.3762 2.4
    endloop
  endfacet
  facet normal 0 0 1
    outer loop
      vertex -12.784 -15.8396 2.4
      vertex -14.0015 -14.2529 2.4
      vertex -13.8463 -16.7114 2.4
    endloop
  endfacet
  facet normal -0 0 1
    outer loop
      vertex -15.1649 -15.2077 2.4
      vertex -13.8463 -16.7114 2.4
      vertex -14.0015 -14.2529 2.4
    endloop
  endfacet
  facet normal 0 0 1
    outer loop
      vertex -13.8463 -16.7114 2.4
      vertex -15.1649 -15.2077 2.4
      vertex -14.8492 -17.6508 2.4
    endloop
  endfacet
  facet normal -0 0 1
    outer loop
      vertex -16.2634 -16.2365 2.4
      vertex -14.8492 -17.6508 2.4
      vertex -15.1649 -15.2077 2.4
    endloop
  endfacet
  facet normal 0 0 1
    outer loop
      vertex -14.8492 -17.6508 2.4
      vertex -16.2634 -16.2365 2.4
      vertex -15.7886 -18.6537 2.4
    endloop
  endfacet
  facet normal -0 0 1
    outer loop
      vertex -17.2923 -17.335 2.4
      vertex -15.7886 -18.6537 2.4
      vertex -16.2634 -16.2365 2.4
    endloop
  endfacet
  facet normal 0 0 1
    outer loop
      vertex -15.7886 -18.6537 2.4
      vertex -17.2923 -17.335 2.4
      vertex -16.6604 -19.716 2.4
    endloop
  endfacet
  facet normal -0 0 1
    outer loop
      vertex -18.2471 -18.4985 2.4
      vertex -16.6604 -19.716 2.4
      vertex -17.2923 -17.335 2.4
    endloop
  endfacet
  facet normal 0 0 1
    outer loop
      vertex -16.6604 -19.716 2.4
      vertex -18.2471 -18.4985 2.4
      vertex -17.4609 -20.833 2.4
    endloop
  endfacet
  facet normal -0 0 1
    outer loop
      vertex -19.1238 -19.7219 2.4
      vertex -17.4609 -20.833 2.4
      vertex -18.2471 -18.4985 2.4
    endloop
  endfacet
  facet normal 0 0 1
    outer loop
      vertex -17.4609 -20.833 2.4
      vertex -19.1238 -19.7219 2.4
      vertex -18.1865 -22 2.4
    endloop
  endfacet
  facet normal -0 0 1
    outer loop
      vertex -19.9186 -21 2.4
      vertex -18.1865 -22 2.4
      vertex -19.1238 -19.7219 2.4
    endloop
  endfacet
  facet normal 0 0 1
    outer loop
      vertex -18.1865 -22 2.4
      vertex -19.9186 -21 2.4
      vertex -18.8343 -23.2119 2.4
    endloop
  endfacet
  facet normal -0 0 1
    outer loop
      vertex -20.6281 -22.3273 2.4
      vertex -18.8343 -23.2119 2.4
      vertex -19.9186 -21 2.4
    endloop
  endfacet
  facet normal 0 0 1
    outer loop
      vertex -18.8343 -23.2119 2.4
      vertex -20.6281 -22.3273 2.4
      vertex -19.4015 -24.4637 2.4
    endloop
  endfacet
  facet normal -0 0 1
    outer loop
      vertex -21.2492 -23.6983 2.4
      vertex -19.4015 -24.4637 2.4
      vertex -20.6281 -22.3273 2.4
    endloop
  endfacet
  facet normal 0 0 1
    outer loop
      vertex -19.4015 -24.4637 2.4
      vertex -21.2492 -23.6983 2.4
      vertex -19.8855 -25.7498 2.4
    endloop
  endfacet
  facet normal -0 0 1
    outer loop
      vertex -21.7794 -25.1069 2.4
      vertex -19.8855 -25.7498 2.4
      vertex -21.2492 -23.6983 2.4
    endloop
  endfacet
  facet normal 0 0 1
    outer loop
      vertex -19.8855 -25.7498 2.4
      vertex -21.7794 -25.1069 2.4
      vertex -20.2844 -27.0648 2.4
    endloop
  endfacet
  facet normal -0 0 1
    outer loop
      vertex -22.2163 -26.5471 2.4
      vertex -20.2844 -27.0648 2.4
      vertex -21.7794 -25.1069 2.4
    endloop
  endfacet
  facet normal -0 0 1
    outer loop
      vertex -22.5581 -28.0129 2.4
      vertex -20.5965 -28.4031 2.4
      vertex -22.2163 -26.5471 2.4
    endloop
  endfacet
  facet normal 0 0 1
    outer loop
      vertex -20.2844 -27.0648 2.4
      vertex -22.2163 -26.5471 2.4
      vertex -20.5965 -28.4031 2.4
    endloop
  endfacet
  facet normal 0 0 1
    outer loop
      vertex 20.955 -31.1265 2.4
      vertex 22.9507 -30.9957 2.4
      vertex 22.8032 -29.4979 2.4
    endloop
  endfacet
  facet normal 0 0 1
    outer loop
      vertex 20.955 -31.1265 2.4
      vertex 22.8032 -29.4979 2.4
      vertex 22.5581 -28.0129 2.4
    endloop
  endfacet
  facet normal 0 0 1
    outer loop
      vertex 20.955 -31.1265 2.4
      vertex 22.5581 -28.0129 2.4
      vertex 22.2163 -26.5471 2.4
    endloop
  endfacet
  facet normal 0 0 1
    outer loop
      vertex 20.955 -31.1265 2.4
      vertex 22.2163 -26.5471 2.4
      vertex 21.7794 -25.1069 2.4
    endloop
  endfacet
  facet normal 0 0 1
    outer loop
      vertex 19.8855 -25.7498 2.4
      vertex 21.7794 -25.1069 2.4
      vertex 21.2492 -23.6983 2.4
    endloop
  endfacet
  facet normal 0 0 1
    outer loop
      vertex 22.9507 -30.9957 2.4
      vertex 20.9607 -31.3 2.4
      vertex 23 -32.5 2.4
    endloop
  endfacet
  facet normal -0 0 1
    outer loop
      vertex 20.0607 -31.3 2.4
      vertex 23 -32.5 2.4
      vertex 20.9607 -31.3 2.4
    endloop
  endfacet
  facet normal 0 0 1
    outer loop
      vertex 13.9428 -27.2638 2.4
      vertex 20.057 -31.1854 2.4
      vertex 19.928 -29.8764 2.4
    endloop
  endfacet
  facet normal 0 0 1
    outer loop
      vertex 14.2688 -27.046 2.4
      vertex 19.928 -29.8764 2.4
      vertex 19.7138 -28.5787 2.4
    endloop
  endfacet
  facet normal 0 0 1
    outer loop
      vertex 14.546 -26.7688 2.4
      vertex 19.7138 -28.5787 2.4
      vertex 19.4151 -27.2977 2.4
    endloop
  endfacet
  facet normal -0 0 1
    outer loop
      vertex 14.8477 -26.2654 2.4
      vertex 19.4151 -27.2977 2.4
      vertex 19.0333 -26.0391 2.4
    endloop
  endfacet
  facet normal -0 0 1
    outer loop
      vertex 14.9616 -25.8902 2.4
      vertex 19.0333 -26.0391 2.4
      vertex 18.57 -24.8081 2.4
    endloop
  endfacet
  facet normal 0 0 1
    outer loop
      vertex 14.9904 -25.304 2.4
      vertex 18.57 -24.8081 2.4
      vertex 18.0271 -23.61 2.4
    endloop
  endfacet
  facet normal 0 0 1
    outer loop
      vertex 14.9904 -25.304 2.4
      vertex 18.0271 -23.61 2.4
      vertex 17.4071 -22.45 2.4
    endloop
  endfacet
  facet normal 0 0 1
    outer loop
      vertex 14.9904 -25.304 2.4
      vertex 17.4071 -22.45 2.4
      vertex 16.7125 -21.333 2.4
    endloop
  endfacet
  facet normal 0 0 1
    outer loop
      vertex 14.9904 -25.304 2.4
      vertex 16.7125 -21.333 2.4
      vertex 15.9464 -20.2639 2.4
    endloop
  endfacet
  facet normal 0 0 1
    outer loop
      vertex 13.3902 -23.5384 2.4
      vertex 15.9464 -20.2639 2.4
      vertex 15.112 -19.2472 2.4
    endloop
  endfacet
  facet normal 0 0 1
    outer loop
      vertex 18.57 -24.8081 2.4
      vertex 15 -25.5 2.4
      vertex 14.9904 -25.696 2.4
    endloop
  endfacet
  facet normal 0 0 1
    outer loop
      vertex 18.57 -24.8081 2.4
      vertex 14.9904 -25.696 2.4
      vertex 14.9616 -25.8902 2.4
    endloop
  endfacet
  facet normal 0 0 1
    outer loop
      vertex 19.0333 -26.0391 2.4
      vertex 14.9616 -25.8902 2.4
      vertex 14.9139 -26.0806 2.4
    endloop
  endfacet
  facet normal 0 0 1
    outer loop
      vertex 19.0333 -26.0391 2.4
      vertex 14.9139 -26.0806 2.4
      vertex 14.8477 -26.2654 2.4
    endloop
  endfacet
  facet normal 0 0 1
    outer loop
      vertex 19.4151 -27.2977 2.4
      vertex 14.8477 -26.2654 2.4
      vertex 14.7638 -26.4428 2.4
    endloop
  endfacet
  facet normal 0 0 1
    outer loop
      vertex 19.4151 -27.2977 2.4
      vertex 14.7638 -26.4428 2.4
      vertex 14.6629 -26.6111 2.4
    endloop
  endfacet
  facet normal 0 0 1
    outer loop
      vertex 19.4151 -27.2977 2.4
      vertex 14.6629 -26.6111 2.4
      vertex 14.546 -26.7688 2.4
    endloop
  endfacet
  facet normal 0 0 1
    outer loop
      vertex 19.7138 -28.5787 2.4
      vertex 14.546 -26.7688 2.4
      vertex 14.4142 -26.9142 2.4
    endloop
  endfacet
  facet normal 0 0 1
    outer loop
      vertex 19.7138 -28.5787 2.4
      vertex 14.4142 -26.9142 2.4
      vertex 14.2688 -27.046 2.4
    endloop
  endfacet
  facet normal 0 0 1
    outer loop
      vertex 19.928 -29.8764 2.4
      vertex 14.2688 -27.046 2.4
      vertex 14.1111 -27.1629 2.4
    endloop
  endfacet
  facet normal -0 0 1
    outer loop
      vertex 13.9428 -27.2638 2.4
      vertex 19.928 -29.8764 2.4
      vertex 14.1111 -27.1629 2.4
    endloop
  endfacet
  facet normal -0 0 1
    outer loop
      vertex 13.7654 -27.3477 2.4
      vertex 20.057 -31.1854 2.4
      vertex 13.9428 -27.2638 2.4
    endloop
  endfacet
  facet normal 0 0 1
    outer loop
      vertex 20.057 -31.1854 2.4
      vertex 13.7654 -27.3477 2.4
      vertex 20.0607 -31.3 2.4
    endloop
  endfacet
  facet normal -0 0 1
    outer loop
      vertex 13.5806 -27.4139 2.4
      vertex 20.0607 -31.3 2.4
      vertex 13.7654 -27.3477 2.4
    endloop
  endfacet
  facet normal -0 0 1
    outer loop
      vertex 13.3902 -27.4616 2.4
      vertex 20.0607 -31.3 2.4
      vertex 13.5806 -27.4139 2.4
    endloop
  endfacet
  facet normal -0 0 1
    outer loop
      vertex 13.196 -27.4904 2.4
      vertex 20.0607 -31.3 2.4
      vertex 13.3902 -27.4616 2.4
    endloop
  endfacet
  facet normal 0 0 1
    outer loop
      vertex 7 -32.5 2.4
      vertex 13.196 -27.4904 2.4
      vertex 13 -27.5 2.4
    endloop
  endfacet
  facet normal 0 0 1
    outer loop
      vertex 7 -32.5 2.4
      vertex 13 -27.5 2.4
      vertex 12.804 -27.4904 2.4
    endloop
  endfacet
  facet normal 0 0 1
    outer loop
      vertex 7 -32.5 2.4
      vertex 12.804 -27.4904 2.4
      vertex 12.6098 -27.4616 2.4
    endloop
  endfacet
  facet normal 0 0 1
    outer loop
      vertex 7 -32.5 2.4
      vertex 12.6098 -27.4616 2.4
      vertex 12.4194 -27.4139 2.4
    endloop
  endfacet
  facet normal 0 0 1
    outer loop
      vertex 7 -32.5 2.4
      vertex 12.4194 -27.4139 2.4
      vertex 12.2346 -27.3477 2.4
    endloop
  endfacet
  facet normal 0 0 1
    outer loop
      vertex 7 -32.5 2.4
      vertex 12.2346 -27.3477 2.4
      vertex 12.0572 -27.2638 2.4
    endloop
  endfacet
  facet normal 0 0 1
    outer loop
      vertex 13.2528 -17.388 2.4
      vertex 7.45195 -18.9877 2.4
      vertex 7.39235 -19.2257 2.4
    endloop
  endfacet
  facet normal 0 0 1
    outer loop
      vertex 7.48796 -18.2549 2.4
      vertex 10.05 -15.0929 2.4
      vertex 8.89 -14.4729 2.4
    endloop
  endfacet
  facet normal 0 0 1
    outer loop
      vertex 12.2361 -16.5536 2.4
      vertex 7.5 -18.5 2.4
      vertex 7.48796 -18.745 2.4
    endloop
  endfacet
  facet normal 0 0 1
    outer loop
      vertex 6.58597 -16.5675 2.4
      vertex 8.89 -14.4729 2.4
      vertex 7.69193 -13.93 2.4
    endloop
  endfacet
  facet normal 0 0 1
    outer loop
      vertex 12.2361 -16.5536 2.4
      vertex 7.48796 -18.745 2.4
      vertex 7.45195 -18.9877 2.4
    endloop
  endfacet
  facet normal -0 0 1
    outer loop
      vertex 6.58597 -20.4325 2.4
      vertex 11.3371 -24.3889 2.4
      vertex 6.76776 -20.2678 2.4
    endloop
  endfacet
  facet normal 0 0 1
    outer loop
      vertex 11.3371 -24.3889 2.4
      vertex 6.58597 -20.4325 2.4
      vertex 11.2361 -24.5572 2.4
    endloop
  endfacet
  facet normal -0 0 1
    outer loop
      vertex 6.38892 -20.5787 2.4
      vertex 11.2361 -24.5572 2.4
      vertex 6.58597 -20.4325 2.4
    endloop
  endfacet
  facet normal 0 0 1
    outer loop
      vertex 11.2361 -24.5572 2.4
      vertex 6.38892 -20.5787 2.4
      vertex 11.1522 -24.7346 2.4
    endloop
  endfacet
  facet normal -0 0 1
    outer loop
      vertex 6.17848 -20.7048 2.4
      vertex 11.1522 -24.7346 2.4
      vertex 6.38892 -20.5787 2.4
    endloop
  endfacet
  facet normal 0 0 1
    outer loop
      vertex 11.1522 -24.7346 2.4
      vertex 6.17848 -20.7048 2.4
      vertex 11.0861 -24.9194 2.4
    endloop
  endfacet
  facet normal -0 0 1
    outer loop
      vertex 5.9567 -20.8097 2.4
      vertex 11.0861 -24.9194 2.4
      vertex 6.17848 -20.7048 2.4
    endloop
  endfacet
  facet normal 0 0 1
    outer loop
      vertex 11.0861 -24.9194 2.4
      vertex 5.9567 -20.8097 2.4
      vertex 11.0384 -25.1098 2.4
    endloop
  endfacet
  facet normal -0 0 1
    outer loop
      vertex 5.72571 -20.8923 2.4
      vertex 11.0384 -25.1098 2.4
      vertex 5.9567 -20.8097 2.4
    endloop
  endfacet
  facet normal 0 0 1
    outer loop
      vertex 11.0384 -25.1098 2.4
      vertex 5.72571 -20.8923 2.4
      vertex 11.0096 -25.304 2.4
    endloop
  endfacet
  facet normal 0 0 1
    outer loop
      vertex 20.0607 -31.3 2.4
      vertex 7 -32.5 2.4
      vertex 23 -32.5 2.4
    endloop
  endfacet
  facet normal 0 0 1
    outer loop
      vertex 13.196 -27.4904 2.4
      vertex 7 -32.5 2.4
      vertex 20.0607 -31.3 2.4
    endloop
  endfacet
  facet normal 0 0 1
    outer loop
      vertex 11.8889 -27.1629 2.4
      vertex 7 -32.5 2.4
      vertex 12.0572 -27.2638 2.4
    endloop
  endfacet
  facet normal 0 0 1
    outer loop
      vertex 11.7312 -27.046 2.4
      vertex 7 -32.5 2.4
      vertex 11.8889 -27.1629 2.4
    endloop
  endfacet
  facet normal 0 0 1
    outer loop
      vertex 11.5858 -26.9142 2.4
      vertex 7 -32.5 2.4
      vertex 11.7312 -27.046 2.4
    endloop
  endfacet
  facet normal 0 0 1
    outer loop
      vertex 11.454 -26.7688 2.4
      vertex 7 -32.5 2.4
      vertex 11.5858 -26.9142 2.4
    endloop
  endfacet
  facet normal 0 0 1
    outer loop
      vertex 11.3371 -26.6111 2.4
      vertex 7 -32.5 2.4
      vertex 11.454 -26.7688 2.4
    endloop
  endfacet
  facet normal -0 0 1
    outer loop
      vertex 5.48772 -20.952 2.4
      vertex 11.0096 -25.304 2.4
      vertex 5.72571 -20.8923 2.4
    endloop
  endfacet
  facet normal -0 0 1
    outer loop
      vertex 5.8 -43.072 2.4
      vertex 7 -52.5 2.4
      vertex 7 -32.5 2.4
    endloop
  endfacet
  facet normal -0 0 1
    outer loop
      vertex 5.8 -43.928 2.4
      vertex 7 -52.5 2.4
      vertex 5.8 -43.072 2.4
    endloop
  endfacet
  facet normal 0 0 1
    outer loop
      vertex 11.0096 -25.304 2.4
      vertex 5.48772 -20.952 2.4
      vertex 11 -25.5 2.4
    endloop
  endfacet
  facet normal 0 0 1
    outer loop
      vertex 11 -25.5 2.4
      vertex 5.48772 -20.952 2.4
      vertex 11.0096 -25.696 2.4
    endloop
  endfacet
  facet normal 0 0 1
    outer loop
      vertex 7 -52.5 2.4
      vertex 5.94279 -54.2638 2.4
      vertex 6.99037 -52.696 2.4
    endloop
  endfacet
  facet normal 0 0 1
    outer loop
      vertex 6.99037 -52.696 2.4
      vertex 5.94279 -54.2638 2.4
      vertex 6.96156 -52.8902 2.4
    endloop
  endfacet
  facet normal -0 0 1
    outer loop
      vertex 5.24504 -20.988 2.4
      vertex 11.0096 -25.696 2.4
      vertex 5.48772 -20.952 2.4
    endloop
  endfacet
  facet normal 0 0 1
    outer loop
      vertex 6.96156 -52.8902 2.4
      vertex 5.94279 -54.2638 2.4
      vertex 6.91388 -53.0806 2.4
    endloop
  endfacet
  facet normal 0 0 1
    outer loop
      vertex 6.91388 -53.0806 2.4
      vertex 5.94279 -54.2638 2.4
      vertex 6.84776 -53.2654 2.4
    endloop
  endfacet
  facet normal 0 0 1
    outer loop
      vertex 11.0096 -25.696 2.4
      vertex 5.24504 -20.988 2.4
      vertex 11.0384 -25.8902 2.4
    endloop
  endfacet
  facet normal 0 0 1
    outer loop
      vertex 6.84776 -53.2654 2.4
      vertex 5.94279 -54.2638 2.4
      vertex 6.76384 -53.4428 2.4
    endloop
  endfacet
  facet normal 0 0 1
    outer loop
      vertex 6.76384 -53.4428 2.4
      vertex 5.94279 -54.2638 2.4
      vertex 6.66293 -53.6111 2.4
    endloop
  endfacet
  facet normal -0 0 1
    outer loop
      vertex 5 -21 2.4
      vertex 11.0384 -25.8902 2.4
      vertex 5.24504 -20.988 2.4
    endloop
  endfacet
  facet normal 0 0 1
    outer loop
      vertex 6.66293 -53.6111 2.4
      vertex 5.94279 -54.2638 2.4
      vertex 6.54602 -53.7688 2.4
    endloop
  endfacet
  facet normal 0 -0 1
    outer loop
      vertex 7 -32.5 2.4
      vertex 11.0384 -25.8902 2.4
      vertex 5 -21 2.4
    endloop
  endfacet
  facet normal 0 0 1
    outer loop
      vertex 6.54602 -53.7688 2.4
      vertex 5.94279 -54.2638 2.4
      vertex 6.41422 -53.9142 2.4
    endloop
  endfacet
  facet normal 0 0 1
    outer loop
      vertex 11.0384 -25.8902 2.4
      vertex 7 -32.5 2.4
      vertex 11.0861 -26.0806 2.4
    endloop
  endfacet
  facet normal 0 0 1
    outer loop
      vertex 6.41422 -53.9142 2.4
      vertex 5.94279 -54.2638 2.4
      vertex 6.26878 -54.046 2.4
    endloop
  endfacet
  facet normal 0 0 1
    outer loop
      vertex 6.26878 -54.046 2.4
      vertex 5.94279 -54.2638 2.4
      vertex 6.11115 -54.1629 2.4
    endloop
  endfacet
  facet normal 0 0 1
    outer loop
      vertex 11.1522 -26.2654 2.4
      vertex 7 -32.5 2.4
      vertex 11.2361 -26.4428 2.4
    endloop
  endfacet
  facet normal 0 0 1
    outer loop
      vertex 11.2361 -26.4428 2.4
      vertex 7 -32.5 2.4
      vertex 11.3371 -26.6111 2.4
    endloop
  endfacet
  facet normal 0 0 1
    outer loop
      vertex 11.0861 -26.0806 2.4
      vertex 7 -32.5 2.4
      vertex 11.1522 -26.2654 2.4
    endloop
  endfacet
  facet normal -0 0 1
    outer loop
      vertex -1.25842 -27.3285 2.4
      vertex 7 -32.5 2.4
      vertex 5 -21 2.4
    endloop
  endfacet
  facet normal 0 0 1
    outer loop
      vertex -1.25842 -27.3285 2.4
      vertex 5 -21 2.4
      vertex 4.75494 -20.988 2.4
    endloop
  endfacet
  facet normal 0 0 1
    outer loop
      vertex -1.25842 -27.3285 2.4
      vertex 4.75494 -20.988 2.4
      vertex 4.51227 -20.952 2.4
    endloop
  endfacet
  facet normal 0 0 1
    outer loop
      vertex -1.25842 -27.3285 2.4
      vertex 4.51227 -20.952 2.4
      vertex 4.27428 -20.8923 2.4
    endloop
  endfacet
  facet normal 0 0 1
    outer loop
      vertex -1.25842 -27.3285 2.4
      vertex 4.27428 -20.8923 2.4
      vertex 4.04329 -20.8097 2.4
    endloop
  endfacet
  facet normal 0 0 1
    outer loop
      vertex -1.25842 -27.3285 2.4
      vertex 4.04329 -20.8097 2.4
      vertex 3.8215 -20.7048 2.4
    endloop
  endfacet
  facet normal 0 0 1
    outer loop
      vertex -1.25842 -27.3285 2.4
      vertex 3.8215 -20.7048 2.4
      vertex 3.61107 -20.5787 2.4
    endloop
  endfacet
  facet normal 0 0 1
    outer loop
      vertex -1.25842 -27.3285 2.4
      vertex 3.61107 -20.5787 2.4
      vertex 3.41402 -20.4325 2.4
    endloop
  endfacet
  facet normal 0 0 1
    outer loop
      vertex -1.25842 -27.3285 2.4
      vertex 3.41402 -20.4325 2.4
      vertex 3.23222 -20.2678 2.4
    endloop
  endfacet
  facet normal 0 0 1
    outer loop
      vertex -1.25842 -27.3285 2.4
      vertex 3.23222 -20.2678 2.4
      vertex 3.06746 -20.086 2.4
    endloop
  endfacet
  facet normal 0 0 1
    outer loop
      vertex -1.25842 -27.3285 2.4
      vertex 3.06746 -20.086 2.4
      vertex 2.92133 -19.8889 2.4
    endloop
  endfacet
  facet normal 0 0 1
    outer loop
      vertex -1.25842 -27.3285 2.4
      vertex 2.92133 -19.8889 2.4
      vertex 2.7952 -19.6785 2.4
    endloop
  endfacet
  facet normal 0 0 1
    outer loop
      vertex -1.25842 -27.3285 2.4
      vertex 2.7952 -19.6785 2.4
      vertex 2.69029 -19.4567 2.4
    endloop
  endfacet
  facet normal 0 0 1
    outer loop
      vertex -1.25842 -27.3285 2.4
      vertex 2.69029 -19.4567 2.4
      vertex 2.60764 -19.2257 2.4
    endloop
  endfacet
  facet normal 0 0 1
    outer loop
      vertex -1.25842 -27.3285 2.4
      vertex 2.60764 -19.2257 2.4
      vertex 2.54803 -18.9877 2.4
    endloop
  endfacet
  facet normal 0 0 1
    outer loop
      vertex -1.25842 -27.3285 2.4
      vertex 2.54803 -18.9877 2.4
      vertex 2.51202 -18.745 2.4
    endloop
  endfacet
  facet normal 0 0 1
    outer loop
      vertex 2.60764 -17.7743 2.4
      vertex -2.62357 -12.572 2.4
      vertex 2.54803 -18.0123 2.4
    endloop
  endfacet
  facet normal 0 0 1
    outer loop
      vertex 2.54803 -18.0123 2.4
      vertex -2.62357 -12.572 2.4
      vertex 2.51202 -18.2549 2.4
    endloop
  endfacet
  facet normal -0 0 1
    outer loop
      vertex -3.92131 -12.7862 2.4
      vertex 2.51202 -18.2549 2.4
      vertex -2.62357 -12.572 2.4
    endloop
  endfacet
  facet normal 0 0 1
    outer loop
      vertex 7 -32.5 2.4
      vertex -1.25 -27.5 2.4
      vertex -1.25842 -27.6715 2.4
    endloop
  endfacet
  facet normal 0 0 1
    outer loop
      vertex 7 -32.5 2.4
      vertex -1.25842 -27.6715 2.4
      vertex -1.28362 -27.8414 2.4
    endloop
  endfacet
  facet normal 0 0 1
    outer loop
      vertex 7 -32.5 2.4
      vertex -1.28362 -27.8414 2.4
      vertex -1.32535 -28.008 2.4
    endloop
  endfacet
  facet normal -0 0 1
    outer loop
      vertex -1.38321 -28.1697 2.4
      vertex 7 -32.5 2.4
      vertex -1.32535 -28.008 2.4
    endloop
  endfacet
  facet normal -0 0 1
    outer loop
      vertex -1.45663 -28.3249 2.4
      vertex 7 -32.5 2.4
      vertex -1.38321 -28.1697 2.4
    endloop
  endfacet
  facet normal -0 0 1
    outer loop
      vertex -1.54492 -28.4722 2.4
      vertex 7 -32.5 2.4
      vertex -1.45663 -28.3249 2.4
    endloop
  endfacet
  facet normal -0 0 1
    outer loop
      vertex -1.64722 -28.6102 2.4
      vertex 7 -32.5 2.4
      vertex -1.54492 -28.4722 2.4
    endloop
  endfacet
  facet normal -0 0 1
    outer loop
      vertex -1.76256 -28.7374 2.4
      vertex 7 -32.5 2.4
      vertex -1.64722 -28.6102 2.4
    endloop
  endfacet
  facet normal -0 0 1
    outer loop
      vertex -1.8898 -28.8528 2.4
      vertex 7 -32.5 2.4
      vertex -1.76256 -28.7374 2.4
    endloop
  endfacet
  facet normal -0 0 1
    outer loop
      vertex -2.02774 -28.9551 2.4
      vertex 7 -32.5 2.4
      vertex -1.8898 -28.8528 2.4
    endloop
  endfacet
  facet normal -0 0 1
    outer loop
      vertex -2.17505 -29.0434 2.4
      vertex 7 -32.5 2.4
      vertex -2.02774 -28.9551 2.4
    endloop
  endfacet
  facet normal -0 0 1
    outer loop
      vertex -2.33029 -29.1168 2.4
      vertex 7 -32.5 2.4
      vertex -2.17505 -29.0434 2.4
    endloop
  endfacet
  facet normal -0 0 1
    outer loop
      vertex -2.49199 -29.1746 2.4
      vertex 7 -32.5 2.4
      vertex -2.33029 -29.1168 2.4
    endloop
  endfacet
  facet normal 0 0 1
    outer loop
      vertex 7 -32.5 2.4
      vertex -2.49199 -29.1746 2.4
      vertex 5.8 -43.072 2.4
    endloop
  endfacet
  facet normal 0 0 1
    outer loop
      vertex -7 -32.5 2.4
      vertex -2.49199 -29.1746 2.4
      vertex -2.65858 -29.2164 2.4
    endloop
  endfacet
  facet normal 0 0 1
    outer loop
      vertex -7 -32.5 2.4
      vertex -2.65858 -29.2164 2.4
      vertex -2.82846 -29.2416 2.4
    endloop
  endfacet
  facet normal 0 0 1
    outer loop
      vertex -7 -32.5 2.4
      vertex -2.82846 -29.2416 2.4
      vertex -3 -29.25 2.4
    endloop
  endfacet
  facet normal 0 0 1
    outer loop
      vertex -7 -32.5 2.4
      vertex -3 -29.25 2.4
      vertex -3.17152 -29.2416 2.4
    endloop
  endfacet
  facet normal 0 0 1
    outer loop
      vertex -7 -32.5 2.4
      vertex -3.17152 -29.2416 2.4
      vertex -3.3414 -29.2164 2.4
    endloop
  endfacet
  facet normal 0 0 1
    outer loop
      vertex -7 -32.5 2.4
      vertex -3.3414 -29.2164 2.4
      vertex -3.508 -29.1746 2.4
    endloop
  endfacet
  facet normal 0 0 1
    outer loop
      vertex -7 -32.5 2.4
      vertex -3.508 -29.1746 2.4
      vertex -3.66969 -29.1168 2.4
    endloop
  endfacet
  facet normal 0 0 1
    outer loop
      vertex -7 -32.5 2.4
      vertex -3.66969 -29.1168 2.4
      vertex -3.82494 -29.0434 2.4
    endloop
  endfacet
  facet normal 0 0 1
    outer loop
      vertex -7 -32.5 2.4
      vertex -3.82494 -29.0434 2.4
      vertex -3.97224 -28.9551 2.4
    endloop
  endfacet
  facet normal 0 0 1
    outer loop
      vertex -7 -32.5 2.4
      vertex -3.97224 -28.9551 2.4
      vertex -4.11018 -28.8528 2.4
    endloop
  endfacet
  facet normal 0 0 1
    outer loop
      vertex -7 -32.5 2.4
      vertex -4.11018 -28.8528 2.4
      vertex -4.23743 -28.7374 2.4
    endloop
  endfacet
  facet normal 0 0 1
    outer loop
      vertex -7 -32.5 2.4
      vertex -4.23743 -28.7374 2.4
      vertex -4.35277 -28.6102 2.4
    endloop
  endfacet
  facet normal 0 0 1
    outer loop
      vertex -7 -32.5 2.4
      vertex -4.35277 -28.6102 2.4
      vertex -4.45506 -28.4722 2.4
    endloop
  endfacet
  facet normal 0 0 1
    outer loop
      vertex -2.49199 -29.1746 2.4
      vertex -7 -32.5 2.4
      vertex -5.8 -43.072 2.4
    endloop
  endfacet
  facet normal 0 0 1
    outer loop
      vertex -7 -32.5 2.4
      vertex -4.45506 -28.4722 2.4
      vertex -4.54335 -28.3249 2.4
    endloop
  endfacet
  facet normal 0 0 1
    outer loop
      vertex -7 -32.5 2.4
      vertex -4.54335 -28.3249 2.4
      vertex -4.61678 -28.1697 2.4
    endloop
  endfacet
  facet normal 0 0 1
    outer loop
      vertex -7 -32.5 2.4
      vertex -4.61678 -28.1697 2.4
      vertex -4.67464 -28.008 2.4
    endloop
  endfacet
  facet normal 0 0 1
    outer loop
      vertex -7 -32.5 2.4
      vertex -4.67464 -28.008 2.4
      vertex -4.71637 -27.8414 2.4
    endloop
  endfacet
  facet normal 0 0 1
    outer loop
      vertex -9.5858 -25.1458 2.4
      vertex -4.71637 -27.8414 2.4
      vertex -4.74156 -27.6715 2.4
    endloop
  endfacet
  facet normal 0 0 1
    outer loop
      vertex -9.5858 -25.1458 2.4
      vertex -4.74156 -27.6715 2.4
      vertex -4.75 -27.5 2.4
    endloop
  endfacet
  facet normal -0 0 1
    outer loop
      vertex -8.50558 -24.1667 2.4
      vertex -4.45506 -26.5277 2.4
      vertex -8.35423 -23.9142 2.4
    endloop
  endfacet
  facet normal 0 0 1
    outer loop
      vertex -7 -52.5 2.4
      vertex -5.8 -43.928 2.4
      vertex -5.8 -43.072 2.4
    endloop
  endfacet
  facet normal 0 0 1
    outer loop
      vertex -7 -52.5 2.4
      vertex -5.8 -49.072 2.4
      vertex -5.8 -43.928 2.4
    endloop
  endfacet
  facet normal 0 0 1
    outer loop
      vertex -7 -52.5 2.4
      vertex -5.8 -49.928 2.4
      vertex -5.8 -49.072 2.4
    endloop
  endfacet
  facet normal 0 0 1
    outer loop
      vertex -5.76537 -54.3478 2.4
      vertex -6.99037 -52.696 2.4
      vertex -5.94279 -54.2638 2.4
    endloop
  endfacet
  facet normal 0 0 1
    outer loop
      vertex -2.49199 -29.1746 2.4
      vertex -5.8 -43.072 2.4
      vertex 5.8 -43.072 2.4
    endloop
  endfacet
  facet normal 0 0 1
    outer loop
      vertex -7 -52.5 2.4
      vertex -5.8 -43.072 2.4
      vertex -7 -32.5 2.4
    endloop
  endfacet
  facet normal 0 0 1
    outer loop
      vertex -5.94279 -54.2638 2.4
      vertex -6.99037 -52.696 2.4
      vertex -6.11115 -54.1629 2.4
    endloop
  endfacet
  facet normal 0 0 1
    outer loop
      vertex -8.01443 -22.2059 2.4
      vertex -5.20226 -13.0849 2.4
      vertex -6.46092 -13.4667 2.4
    endloop
  endfacet
  facet normal 0 0 1
    outer loop
      vertex -6.11115 -54.1629 2.4
      vertex -6.99037 -52.696 2.4
      vertex -6.26878 -54.046 2.4
    endloop
  endfacet
  facet normal 0 0 1
    outer loop
      vertex -6.26878 -54.046 2.4
      vertex -6.99037 -52.696 2.4
      vertex -6.41422 -53.9142 2.4
    endloop
  endfacet
  facet normal 0 0 1
    outer loop
      vertex -6.41422 -53.9142 2.4
      vertex -6.99037 -52.696 2.4
      vertex -6.54602 -53.7688 2.4
    endloop
  endfacet
  facet normal 0 0 1
    outer loop
      vertex -6.54602 -53.7688 2.4
      vertex -6.99037 -52.696 2.4
      vertex -6.66293 -53.6111 2.4
    endloop
  endfacet
  facet normal 0 0 1
    outer loop
      vertex -6.66293 -53.6111 2.4
      vertex -6.99037 -52.696 2.4
      vertex -6.76384 -53.4428 2.4
    endloop
  endfacet
  facet normal 0 0 1
    outer loop
      vertex -6.76384 -53.4428 2.4
      vertex -6.99037 -52.696 2.4
      vertex -6.84776 -53.2654 2.4
    endloop
  endfacet
  facet normal 0 0 1
    outer loop
      vertex -6.84776 -53.2654 2.4
      vertex -6.99037 -52.696 2.4
      vertex -6.91388 -53.0806 2.4
    endloop
  endfacet
  facet normal 0 0 1
    outer loop
      vertex -6.91388 -53.0806 2.4
      vertex -6.99037 -52.696 2.4
      vertex -6.96156 -52.8902 2.4
    endloop
  endfacet
  facet normal 0 0 1
    outer loop
      vertex -8.68095 -20.5968 2.4
      vertex -6.46092 -13.4667 2.4
      vertex -7.69193 -13.93 2.4
    endloop
  endfacet
  facet normal 0 0 1
    outer loop
      vertex -4.45506 -26.5277 2.4
      vertex -8.50558 -24.1667 2.4
      vertex -4.54335 -26.675 2.4
    endloop
  endfacet
  facet normal -0 0 1
    outer loop
      vertex -8.68095 -24.4032 2.4
      vertex -4.54335 -26.675 2.4
      vertex -8.50558 -24.1667 2.4
    endloop
  endfacet
  facet normal 0 0 1
    outer loop
      vertex -4.54335 -26.675 2.4
      vertex -8.68095 -24.4032 2.4
      vertex -4.61678 -26.8303 2.4
    endloop
  endfacet
  facet normal 0 0 1
    outer loop
      vertex -4.61678 -26.8303 2.4
      vertex -8.68095 -24.4032 2.4
      vertex -4.67464 -26.992 2.4
    endloop
  endfacet
  facet normal -0 0 1
    outer loop
      vertex -8.87868 -24.6213 2.4
      vertex -4.67464 -26.992 2.4
      vertex -8.68095 -24.4032 2.4
    endloop
  endfacet
  facet normal 0 0 1
    outer loop
      vertex -4.67464 -26.992 2.4
      vertex -8.87868 -24.6213 2.4
      vertex -4.71637 -27.1586 2.4
    endloop
  endfacet
  facet normal -0 0 1
    outer loop
      vertex -9.09682 -24.819 2.4
      vertex -4.71637 -27.1586 2.4
      vertex -8.87868 -24.6213 2.4
    endloop
  endfacet
  facet normal 0 0 1
    outer loop
      vertex -4.71637 -27.1586 2.4
      vertex -9.09682 -24.819 2.4
      vertex -4.74156 -27.3285 2.4
    endloop
  endfacet
  facet normal -0 0 1
    outer loop
      vertex -9.33328 -24.9944 2.4
      vertex -4.74156 -27.3285 2.4
      vertex -9.09682 -24.819 2.4
    endloop
  endfacet
  facet normal 0 0 1
    outer loop
      vertex -4.74156 -27.3285 2.4
      vertex -9.33328 -24.9944 2.4
      vertex -4.75 -27.5 2.4
    endloop
  endfacet
  facet normal -0 0 1
    outer loop
      vertex -9.5858 -25.1458 2.4
      vertex -4.75 -27.5 2.4
      vertex -9.33328 -24.9944 2.4
    endloop
  endfacet
  facet normal 0 0 1
    outer loop
      vertex -4.71637 -27.8414 2.4
      vertex -9.5858 -25.1458 2.4
      vertex -9.85194 -25.2716 2.4
    endloop
  endfacet
  facet normal 0 0 1
    outer loop
      vertex -4.71637 -27.8414 2.4
      vertex -9.85194 -25.2716 2.4
      vertex -7 -32.5 2.4
    endloop
  endfacet
  facet normal -0 0 1
    outer loop
      vertex -10.1291 -25.3708 2.4
      vertex -7 -32.5 2.4
      vertex -9.85194 -25.2716 2.4
    endloop
  endfacet
  facet normal -0 0 1
    outer loop
      vertex -10.4147 -25.4424 2.4
      vertex -7 -32.5 2.4
      vertex -10.1291 -25.3708 2.4
    endloop
  endfacet
  facet normal -0 0 1
    outer loop
      vertex -10.7059 -25.4855 2.4
      vertex -7 -32.5 2.4
      vertex -10.4147 -25.4424 2.4
    endloop
  endfacet
  facet normal -0 0 1
    outer loop
      vertex -11 -25.5 2.4
      vertex -7 -32.5 2.4
      vertex -10.7059 -25.4855 2.4
    endloop
  endfacet
  facet normal 0 0 1
    outer loop
      vertex -11.294 -25.4855 2.4
      vertex -7 -32.5 2.4
      vertex -11 -25.5 2.4
    endloop
  endfacet
  facet normal 0 0 1
    outer loop
      vertex -11.5853 -25.4424 2.4
      vertex -7 -32.5 2.4
      vertex -11.294 -25.4855 2.4
    endloop
  endfacet
  facet normal 0 0 1
    outer loop
      vertex -11.8708 -25.3708 2.4
      vertex -7 -32.5 2.4
      vertex -11.5853 -25.4424 2.4
    endloop
  endfacet
  facet normal 0 0 1
    outer loop
      vertex -19.928 -29.8764 2.4
      vertex -11.8708 -25.3708 2.4
      vertex -12.148 -25.2716 2.4
    endloop
  endfacet
  facet normal 0 0 1
    outer loop
      vertex -19.928 -29.8764 2.4
      vertex -12.148 -25.2716 2.4
      vertex -12.4142 -25.1458 2.4
    endloop
  endfacet
  facet normal 0 0 1
    outer loop
      vertex -19.7138 -28.5787 2.4
      vertex -12.4142 -25.1458 2.4
      vertex -12.6667 -24.9944 2.4
    endloop
  endfacet
  facet normal 0 0 1
    outer loop
      vertex -19.4151 -27.2977 2.4
      vertex -12.6667 -24.9944 2.4
      vertex -12.9032 -24.819 2.4
    endloop
  endfacet
  facet normal 0 0 1
    outer loop
      vertex -19.0333 -26.0391 2.4
      vertex -12.9032 -24.819 2.4
      vertex -13.1213 -24.6213 2.4
    endloop
  endfacet
  facet normal 0 0 1
    outer loop
      vertex -19.0333 -26.0391 2.4
      vertex -13.1213 -24.6213 2.4
      vertex -13.319 -24.4032 2.4
    endloop
  endfacet
  facet normal -0 0 1
    outer loop
      vertex -16.7125 -21.333 2.4
      vertex -13.9424 -21.9147 2.4
      vertex -15.9464 -20.2639 2.4
    endloop
  endfacet
  facet normal 0 0 1
    outer loop
      vertex -13.9424 -21.9147 2.4
      vertex -16.7125 -21.333 2.4
      vertex -13.9855 -22.2059 2.4
    endloop
  endfacet
  facet normal 0 0 1
    outer loop
      vertex -13.9855 -22.2059 2.4
      vertex -16.7125 -21.333 2.4
      vertex -14 -22.5 2.4
    endloop
  endfacet
  facet normal 0 0 1
    outer loop
      vertex -14 -22.5 2.4
      vertex -16.7125 -21.333 2.4
      vertex -13.9855 -22.794 2.4
    endloop
  endfacet
  facet normal -0 0 1
    outer loop
      vertex -17.4071 -22.45 2.4
      vertex -13.9855 -22.794 2.4
      vertex -16.7125 -21.333 2.4
    endloop
  endfacet
  facet normal 0 0 1
    outer loop
      vertex -13.9855 -22.794 2.4
      vertex -17.4071 -22.45 2.4
      vertex -13.9424 -23.0853 2.4
    endloop
  endfacet
  facet normal 0 0 1
    outer loop
      vertex -13.9424 -23.0853 2.4
      vertex -17.4071 -22.45 2.4
      vertex -13.8708 -23.3708 2.4
    endloop
  endfacet
  facet normal 0 0 1
    outer loop
      vertex -18.0271 -23.61 2.4
      vertex -13.8708 -23.3708 2.4
      vertex -17.4071 -22.45 2.4
    endloop
  endfacet
  facet normal 0 0 1
    outer loop
      vertex -13.8708 -23.3708 2.4
      vertex -18.0271 -23.61 2.4
      vertex -13.7716 -23.648 2.4
    endloop
  endfacet
  facet normal 0 0 1
    outer loop
      vertex -13.7716 -23.648 2.4
      vertex -18.0271 -23.61 2.4
      vertex -13.6458 -23.9142 2.4
    endloop
  endfacet
  facet normal 0 0 1
    outer loop
      vertex -18.57 -24.8081 2.4
      vertex -13.6458 -23.9142 2.4
      vertex -18.0271 -23.61 2.4
    endloop
  endfacet
  facet normal 0 0 1
    outer loop
      vertex -13.6458 -23.9142 2.4
      vertex -18.57 -24.8081 2.4
      vertex -13.4944 -24.1667 2.4
    endloop
  endfacet
  facet normal 0 0 1
    outer loop
      vertex -13.4944 -24.1667 2.4
      vertex -18.57 -24.8081 2.4
      vertex -13.319 -24.4032 2.4
    endloop
  endfacet
  facet normal 0 0 1
    outer loop
      vertex -19.0333 -26.0391 2.4
      vertex -13.319 -24.4032 2.4
      vertex -18.57 -24.8081 2.4
    endloop
  endfacet
  facet normal 0 0 1
    outer loop
      vertex -12.9032 -24.819 2.4
      vertex -19.0333 -26.0391 2.4
      vertex -19.4151 -27.2977 2.4
    endloop
  endfacet
  facet normal 0 0 1
    outer loop
      vertex -12.6667 -24.9944 2.4
      vertex -19.4151 -27.2977 2.4
      vertex -19.7138 -28.5787 2.4
    endloop
  endfacet
  facet normal 0 0 1
    outer loop
      vertex -12.4142 -25.1458 2.4
      vertex -19.7138 -28.5787 2.4
      vertex -19.928 -29.8764 2.4
    endloop
  endfacet
  facet normal 0 0 1
    outer loop
      vertex -11.8708 -25.3708 2.4
      vertex -19.928 -29.8764 2.4
      vertex -20.057 -31.1854 2.4
    endloop
  endfacet
  facet normal 0 0 1
    outer loop
      vertex -11.8708 -25.3708 2.4
      vertex -20.057 -31.1854 2.4
      vertex -20.0607 -31.3 2.4
    endloop
  endfacet
  facet normal 0 0 1
    outer loop
      vertex -11.8708 -25.3708 2.4
      vertex -20.0607 -31.3 2.4
      vertex -7 -32.5 2.4
    endloop
  endfacet
  facet normal 0 0 1
    outer loop
      vertex -23 -32.5 2.4
      vertex -20.0607 -31.3 2.4
      vertex -20.9607 -31.3 2.4
    endloop
  endfacet
  facet normal 0 0 1
    outer loop
      vertex -20.5965 -28.4031 2.4
      vertex -22.5581 -28.0129 2.4
      vertex -20.8203 -29.759 2.4
    endloop
  endfacet
  facet normal -0 0 1
    outer loop
      vertex -22.8032 -29.4979 2.4
      vertex -20.8203 -29.759 2.4
      vertex -22.5581 -28.0129 2.4
    endloop
  endfacet
  facet normal 0 0 1
    outer loop
      vertex -20.8203 -29.759 2.4
      vertex -22.8032 -29.4979 2.4
      vertex -20.955 -31.1265 2.4
    endloop
  endfacet
  facet normal -0 0 1
    outer loop
      vertex -22.9507 -30.9957 2.4
      vertex -20.955 -31.1265 2.4
      vertex -22.8032 -29.4979 2.4
    endloop
  endfacet
  facet normal 0 0 1
    outer loop
      vertex -20.955 -31.1265 2.4
      vertex -22.9507 -30.9957 2.4
      vertex -20.9607 -31.3 2.4
    endloop
  endfacet
  facet normal 0 0 1
    outer loop
      vertex -20.0607 -31.3 2.4
      vertex -23 -32.5 2.4
      vertex -7 -32.5 2.4
    endloop
  endfacet
  facet normal 0 0 1
    outer loop
      vertex -23 -32.5 2.4
      vertex -20.9607 -31.3 2.4
      vertex -22.9507 -30.9957 2.4
    endloop
  endfacet
  facet normal 0.146733 -0.989176 0
    outer loop
      vertex 5.19603 -54.4904 0
      vertex 5.39018 -54.4616 2.4
      vertex 5.19603 -54.4904 2.4
    endloop
  endfacet
  facet normal 0.146733 -0.989176 0
    outer loop
      vertex 5.39018 -54.4616 2.4
      vertex 5.19603 -54.4904 0
      vertex 5.39018 -54.4616 0
    endloop
  endfacet
  facet normal 0.243027 -0.970019 0
    outer loop
      vertex 5.39018 -54.4616 0
      vertex 5.58057 -54.4139 2.4
      vertex 5.39018 -54.4616 2.4
    endloop
  endfacet
  facet normal 0.243027 -0.970019 0
    outer loop
      vertex 5.58057 -54.4139 2.4
      vertex 5.39018 -54.4616 0
      vertex 5.58057 -54.4139 0
    endloop
  endfacet
  facet normal 0.336788 -0.94158 0
    outer loop
      vertex 5.58057 -54.4139 0
      vertex 5.76537 -54.3478 2.4
      vertex 5.58057 -54.4139 2.4
    endloop
  endfacet
  facet normal 0.336788 -0.94158 0
    outer loop
      vertex 5.76537 -54.3478 2.4
      vertex 5.58057 -54.4139 0
      vertex 5.76537 -54.3478 0
    endloop
  endfacet
  facet normal 0.427916 -0.903819 0
    outer loop
      vertex 5.76537 -54.3478 0
      vertex 5.94279 -54.2638 2.4
      vertex 5.76537 -54.3478 2.4
    endloop
  endfacet
  facet normal 0.427916 -0.903819 0
    outer loop
      vertex 5.94279 -54.2638 2.4
      vertex 5.76537 -54.3478 0
      vertex 5.94279 -54.2638 0
    endloop
  endfacet
  facet normal 0.514061 -0.857754 0
    outer loop
      vertex 5.94279 -54.2638 0
      vertex 6.11115 -54.1629 2.4
      vertex 5.94279 -54.2638 2.4
    endloop
  endfacet
  facet normal 0.514061 -0.857754 0
    outer loop
      vertex 6.11115 -54.1629 2.4
      vertex 5.94279 -54.2638 0
      vertex 6.11115 -54.1629 0
    endloop
  endfacet
  facet normal 0.595678 -0.803223 0
    outer loop
      vertex 6.11115 -54.1629 0
      vertex 6.26878 -54.046 2.4
      vertex 6.11115 -54.1629 2.4
    endloop
  endfacet
  facet normal 0.595678 -0.803223 0
    outer loop
      vertex 6.26878 -54.046 2.4
      vertex 6.11115 -54.1629 0
      vertex 6.26878 -54.046 0
    endloop
  endfacet
  facet normal 0.671505 -0.741 0
    outer loop
      vertex 6.26878 -54.046 0
      vertex 6.41422 -53.9142 2.4
      vertex 6.26878 -54.046 2.4
    endloop
  endfacet
  facet normal 0.671505 -0.741 0
    outer loop
      vertex 6.41422 -53.9142 2.4
      vertex 6.26878 -54.046 0
      vertex 6.41422 -53.9142 0
    endloop
  endfacet
  facet normal 0.740908 -0.671607 0
    outer loop
      vertex 6.41422 -53.9142 2.4
      vertex 6.54602 -53.7688 0
      vertex 6.54602 -53.7688 2.4
    endloop
  endfacet
  facet normal 0.740908 -0.671607 0
    outer loop
      vertex 6.54602 -53.7688 0
      vertex 6.41422 -53.9142 2.4
      vertex 6.41422 -53.9142 0
    endloop
  endfacet
  facet normal 0.803325 -0.595541 0
    outer loop
      vertex 6.54602 -53.7688 2.4
      vertex 6.66293 -53.6111 0
      vertex 6.66293 -53.6111 2.4
    endloop
  endfacet
  facet normal 0.803325 -0.595541 0
    outer loop
      vertex 6.66293 -53.6111 0
      vertex 6.54602 -53.7688 2.4
      vertex 6.54602 -53.7688 0
    endloop
  endfacet
  facet normal 0.85765 -0.514233 0
    outer loop
      vertex 6.66293 -53.6111 2.4
      vertex 6.76384 -53.4428 0
      vertex 6.76384 -53.4428 2.4
    endloop
  endfacet
  facet normal 0.85765 -0.514233 0
    outer loop
      vertex 6.76384 -53.4428 0
      vertex 6.66293 -53.6111 2.4
      vertex 6.66293 -53.6111 0
    endloop
  endfacet
  facet normal 0.903958 -0.427622 0
    outer loop
      vertex 6.76384 -53.4428 2.4
      vertex 6.84776 -53.2654 0
      vertex 6.84776 -53.2654 2.4
    endloop
  endfacet
  facet normal 0.903958 -0.427622 0
    outer loop
      vertex 6.84776 -53.2654 0
      vertex 6.76384 -53.4428 2.4
      vertex 6.76384 -53.4428 0
    endloop
  endfacet
  facet normal 0.941548 -0.336879 0
    outer loop
      vertex 6.84776 -53.2654 2.4
      vertex 6.91388 -53.0806 0
      vertex 6.91388 -53.0806 2.4
    endloop
  endfacet
  facet normal 0.941548 -0.336879 0
    outer loop
      vertex 6.91388 -53.0806 0
      vertex 6.84776 -53.2654 2.4
      vertex 6.84776 -53.2654 0
    endloop
  endfacet
  facet normal 0.970047 -0.242919 0
    outer loop
      vertex 6.91388 -53.0806 2.4
      vertex 6.96156 -52.8902 0
      vertex 6.96156 -52.8902 2.4
    endloop
  endfacet
  facet normal 0.970047 -0.242919 0
    outer loop
      vertex 6.96156 -52.8902 0
      vertex 6.91388 -53.0806 2.4
      vertex 6.91388 -53.0806 0
    endloop
  endfacet
  facet normal 0.989174 -0.146746 0
    outer loop
      vertex 6.96156 -52.8902 2.4
      vertex 6.99037 -52.696 0
      vertex 6.99037 -52.696 2.4
    endloop
  endfacet
  facet normal 0.989174 -0.146746 0
    outer loop
      vertex 6.99037 -52.696 0
      vertex 6.96156 -52.8902 2.4
      vertex 6.96156 -52.8902 0
    endloop
  endfacet
  facet normal 0.998795 -0.0490735 0
    outer loop
      vertex 6.99037 -52.696 2.4
      vertex 7 -52.5 0
      vertex 7 -52.5 2.4
    endloop
  endfacet
  facet normal 0.998795 -0.0490735 0
    outer loop
      vertex 7 -52.5 0
      vertex 6.99037 -52.696 2.4
      vertex 6.99037 -52.696 0
    endloop
  endfacet
  facet normal 1 -0 0
    outer loop
      vertex 7 -52.5 2.4
      vertex 7 -32.5 0
      vertex 7 -32.5 2.4
    endloop
  endfacet
  facet normal 1 0 0
    outer loop
      vertex 7 -32.5 0
      vertex 7 -52.5 2.4
      vertex 7 -52.5 0
    endloop
  endfacet
  facet normal 0 -1 0
    outer loop
      vertex 7 -32.5 0
      vertex 23 -32.5 2.4
      vertex 7 -32.5 2.4
    endloop
  endfacet
  facet normal 0 -1 -0
    outer loop
      vertex 23 -32.5 2.4
      vertex 7 -32.5 0
      vertex 23 -32.5 0
    endloop
  endfacet
  facet normal 0.999463 0.0327551 0
    outer loop
      vertex 23 -32.5 2.4
      vertex 22.9507 -30.9957 0
      vertex 22.9507 -30.9957 2.4
    endloop
  endfacet
  facet normal 0.999463 0.0327551 0
    outer loop
      vertex 22.9507 -30.9957 0
      vertex 23 -32.5 2.4
      vertex 23 -32.5 0
    endloop
  endfacet
  facet normal 0.995186 0.0980037 0
    outer loop
      vertex 22.9507 -30.9957 2.4
      vertex 22.8032 -29.4979 0
      vertex 22.8032 -29.4979 2.4
    endloop
  endfacet
  facet normal 0.995186 0.0980037 0
    outer loop
      vertex 22.8032 -29.4979 0
      vertex 22.9507 -30.9957 2.4
      vertex 22.9507 -30.9957 0
    endloop
  endfacet
  facet normal 0.986651 0.162847 0
    outer loop
      vertex 22.8032 -29.4979 2.4
      vertex 22.5581 -28.0129 0
      vertex 22.5581 -28.0129 2.4
    endloop
  endfacet
  facet normal 0.986651 0.162847 0
    outer loop
      vertex 22.5581 -28.0129 0
      vertex 22.8032 -29.4979 2.4
      vertex 22.8032 -29.4979 0
    endloop
  endfacet
  facet normal 0.973874 0.227091 0
    outer loop
      vertex 22.5581 -28.0129 2.4
      vertex 22.2163 -26.5471 0
      vertex 22.2163 -26.5471 2.4
    endloop
  endfacet
  facet normal 0.973874 0.227091 0
    outer loop
      vertex 22.2163 -26.5471 0
      vertex 22.5581 -28.0129 2.4
      vertex 22.5581 -28.0129 0
    endloop
  endfacet
  facet normal 0.956937 0.290297 0
    outer loop
      vertex 22.2163 -26.5471 2.4
      vertex 21.7794 -25.1069 0
      vertex 21.7794 -25.1069 2.4
    endloop
  endfacet
  facet normal 0.956937 0.290297 0
    outer loop
      vertex 21.7794 -25.1069 0
      vertex 22.2163 -26.5471 2.4
      vertex 22.2163 -26.5471 0
    endloop
  endfacet
  facet normal 0.935897 0.352274 0
    outer loop
      vertex 21.7794 -25.1069 2.4
      vertex 21.2492 -23.6983 0
      vertex 21.2492 -23.6983 2.4
    endloop
  endfacet
  facet normal 0.935897 0.352274 0
    outer loop
      vertex 21.2492 -23.6983 0
      vertex 21.7794 -25.1069 2.4
      vertex 21.7794 -25.1069 0
    endloop
  endfacet
  facet normal 0.910887 0.412656 0
    outer loop
      vertex 21.2492 -23.6983 2.4
      vertex 20.6281 -22.3273 0
      vertex 20.6281 -22.3273 2.4
    endloop
  endfacet
  facet normal 0.910887 0.412656 0
    outer loop
      vertex 20.6281 -22.3273 0
      vertex 21.2492 -23.6983 2.4
      vertex 21.2492 -23.6983 0
    endloop
  endfacet
  facet normal 0.881909 0.471419 0
    outer loop
      vertex 20.6281 -22.3273 2.4
      vertex 19.9186 -21 0
      vertex 19.9186 -21 2.4
    endloop
  endfacet
  facet normal 0.881909 0.471419 0
    outer loop
      vertex 19.9186 -21 0
      vertex 20.6281 -22.3273 2.4
      vertex 20.6281 -22.3273 0
    endloop
  endfacet
  facet normal 0.849194 0.52808 0
    outer loop
      vertex 19.9186 -21 2.4
      vertex 19.1238 -19.7219 0
      vertex 19.1238 -19.7219 2.4
    endloop
  endfacet
  facet normal 0.849194 0.52808 0
    outer loop
      vertex 19.1238 -19.7219 0
      vertex 19.9186 -21 2.4
      vertex 19.9186 -21 0
    endloop
  endfacet
  facet normal 0.812839 0.582488 0
    outer loop
      vertex 19.1238 -19.7219 2.4
      vertex 18.2471 -18.4985 0
      vertex 18.2471 -18.4985 2.4
    endloop
  endfacet
  facet normal 0.812839 0.582488 0
    outer loop
      vertex 18.2471 -18.4985 0
      vertex 19.1238 -19.7219 2.4
      vertex 19.1238 -19.7219 0
    endloop
  endfacet
  facet normal 0.77303 0.63437 0
    outer loop
      vertex 18.2471 -18.4985 2.4
      vertex 17.2923 -17.335 0
      vertex 17.2923 -17.335 2.4
    endloop
  endfacet
  facet normal 0.77303 0.63437 0
    outer loop
      vertex 17.2923 -17.335 0
      vertex 18.2471 -18.4985 2.4
      vertex 18.2471 -18.4985 0
    endloop
  endfacet
  facet normal 0.72985 0.683607 0
    outer loop
      vertex 17.2923 -17.335 2.4
      vertex 16.2634 -16.2365 0
      vertex 16.2634 -16.2365 2.4
    endloop
  endfacet
  facet normal 0.72985 0.683607 0
    outer loop
      vertex 16.2634 -16.2365 0
      vertex 17.2923 -17.335 2.4
      vertex 17.2923 -17.335 0
    endloop
  endfacet
  facet normal 0.683572 0.729883 -0
    outer loop
      vertex 16.2634 -16.2365 0
      vertex 15.1649 -15.2077 2.4
      vertex 16.2634 -16.2365 2.4
    endloop
  endfacet
  facet normal 0.683572 0.729883 0
    outer loop
      vertex 15.1649 -15.2077 2.4
      vertex 16.2634 -16.2365 0
      vertex 15.1649 -15.2077 0
    endloop
  endfacet
  facet normal 0.634402 0.773003 -0
    outer loop
      vertex 15.1649 -15.2077 0
      vertex 14.0015 -14.2529 2.4
      vertex 15.1649 -15.2077 2.4
    endloop
  endfacet
  facet normal 0.634402 0.773003 0
    outer loop
      vertex 14.0015 -14.2529 2.4
      vertex 15.1649 -15.2077 0
      vertex 14.0015 -14.2529 0
    endloop
  endfacet
  facet normal 0.582488 0.812839 -0
    outer loop
      vertex 14.0015 -14.2529 0
      vertex 12.7781 -13.3762 2.4
      vertex 14.0015 -14.2529 2.4
    endloop
  endfacet
  facet normal 0.582488 0.812839 0
    outer loop
      vertex 12.7781 -13.3762 2.4
      vertex 14.0015 -14.2529 0
      vertex 12.7781 -13.3762 0
    endloop
  endfacet
  facet normal 0.52808 0.849194 -0
    outer loop
      vertex 12.7781 -13.3762 0
      vertex 11.5 -12.5814 2.4
      vertex 12.7781 -13.3762 2.4
    endloop
  endfacet
  facet normal 0.52808 0.849194 0
    outer loop
      vertex 11.5 -12.5814 2.4
      vertex 12.7781 -13.3762 0
      vertex 11.5 -12.5814 0
    endloop
  endfacet
  facet normal 0.471392 0.881924 -0
    outer loop
      vertex 11.5 -12.5814 0
      vertex 10.1726 -11.8719 2.4
      vertex 11.5 -12.5814 2.4
    endloop
  endfacet
  facet normal 0.471392 0.881924 0
    outer loop
      vertex 10.1726 -11.8719 2.4
      vertex 11.5 -12.5814 0
      vertex 10.1726 -11.8719 0
    endloop
  endfacet
  facet normal 0.412684 0.910874 -0
    outer loop
      vertex 10.1726 -11.8719 0
      vertex 8.80171 -11.2508 2.4
      vertex 10.1726 -11.8719 2.4
    endloop
  endfacet
  facet normal 0.412684 0.910874 0
    outer loop
      vertex 8.80171 -11.2508 2.4
      vertex 10.1726 -11.8719 0
      vertex 8.80171 -11.2508 0
    endloop
  endfacet
  facet normal 0.352271 0.935898 -0
    outer loop
      vertex 8.80171 -11.2508 0
      vertex 7.3931 -10.7206 2.4
      vertex 8.80171 -11.2508 2.4
    endloop
  endfacet
  facet normal 0.352271 0.935898 0
    outer loop
      vertex 7.3931 -10.7206 2.4
      vertex 8.80171 -11.2508 0
      vertex 7.3931 -10.7206 0
    endloop
  endfacet
  facet normal 0.290286 0.95694 -0
    outer loop
      vertex 7.3931 -10.7206 0
      vertex 5.95284 -10.2837 2.4
      vertex 7.3931 -10.7206 2.4
    endloop
  endfacet
  facet normal 0.290286 0.95694 0
    outer loop
      vertex 5.95284 -10.2837 2.4
      vertex 7.3931 -10.7206 0
      vertex 5.95284 -10.2837 0
    endloop
  endfacet
  facet normal 0.227072 0.973878 -0
    outer loop
      vertex 5.95284 -10.2837 0
      vertex 4.48708 -9.94194 2.4
      vertex 5.95284 -10.2837 2.4
    endloop
  endfacet
  facet normal 0.227072 0.973878 0
    outer loop
      vertex 4.48708 -9.94194 2.4
      vertex 5.95284 -10.2837 0
      vertex 4.48708 -9.94194 0
    endloop
  endfacet
  facet normal 0.162887 0.986645 -0
    outer loop
      vertex 4.48708 -9.94194 0
      vertex 3.00209 -9.69678 2.4
      vertex 4.48708 -9.94194 2.4
    endloop
  endfacet
  facet normal 0.162887 0.986645 0
    outer loop
      vertex 3.00209 -9.69678 2.4
      vertex 4.48708 -9.94194 0
      vertex 3.00209 -9.69678 0
    endloop
  endfacet
  facet normal 0.0980198 0.995184 -0
    outer loop
      vertex 3.00209 -9.69678 0
      vertex 2 -9.59808 2.4
      vertex 3.00209 -9.69678 2.4
    endloop
  endfacet
  facet normal 0.0980198 0.995184 0
    outer loop
      vertex 2 -9.59808 2.4
      vertex 3.00209 -9.69678 0
      vertex 2 -9.59808 0
    endloop
  endfacet
  facet normal 1 -0 0
    outer loop
      vertex 2 -9.59808 2.4
      vertex 2 -7.22142 0
      vertex 2 -7.22142 2.4
    endloop
  endfacet
  facet normal 1 0 0
    outer loop
      vertex 2 -7.22142 0
      vertex 2 -9.59808 2.4
      vertex 2 -9.59808 0
    endloop
  endfacet
  facet normal 0.243 -0.970026 0
    outer loop
      vertex 2 -7.22142 0
      vertex 2.17712 -7.17705 2.4
      vertex 2 -7.22142 2.4
    endloop
  endfacet
  facet normal 0.243 -0.970026 0
    outer loop
      vertex 2.17712 -7.17705 2.4
      vertex 2 -7.22142 0
      vertex 2.17712 -7.17705 0
    endloop
  endfacet
  facet normal 0.336891 -0.941544 0
    outer loop
      vertex 2.17712 -7.17705 0
      vertex 2.87012 -6.92909 2.4
      vertex 2.17712 -7.17705 2.4
    endloop
  endfacet
  facet normal 0.336891 -0.941544 0
    outer loop
      vertex 2.87012 -6.92909 2.4
      vertex 2.17712 -7.17705 0
      vertex 2.87012 -6.92909 0
    endloop
  endfacet
  facet normal 0.427564 -0.903985 0
    outer loop
      vertex 2.87012 -6.92909 0
      vertex 3.53546 -6.6144 2.4
      vertex 2.87012 -6.92909 2.4
    endloop
  endfacet
  facet normal 0.427564 -0.903985 0
    outer loop
      vertex 3.53546 -6.6144 2.4
      vertex 2.87012 -6.92909 0
      vertex 3.53546 -6.6144 0
    endloop
  endfacet
  facet normal 0.514106 -0.857727 0
    outer loop
      vertex 3.53546 -6.6144 0
      vertex 4.16676 -6.23601 2.4
      vertex 3.53546 -6.6144 2.4
    endloop
  endfacet
  facet normal 0.514106 -0.857727 0
    outer loop
      vertex 4.16676 -6.23601 2.4
      vertex 3.53546 -6.6144 0
      vertex 4.16676 -6.23601 0
    endloop
  endfacet
  facet normal 0.595689 -0.803215 0
    outer loop
      vertex 4.16676 -6.23601 0
      vertex 4.75793 -5.79758 2.4
      vertex 4.16676 -6.23601 2.4
    endloop
  endfacet
  facet normal 0.595689 -0.803215 0
    outer loop
      vertex 4.75793 -5.79758 2.4
      vertex 4.16676 -6.23601 0
      vertex 4.75793 -5.79758 0
    endloop
  endfacet
  facet normal 0.671548 -0.740961 0
    outer loop
      vertex 4.75793 -5.79758 0
      vertex 5.3033 -5.3033 2.4
      vertex 4.75793 -5.79758 2.4
    endloop
  endfacet
  facet normal 0.671548 -0.740961 0
    outer loop
      vertex 5.3033 -5.3033 2.4
      vertex 4.75793 -5.79758 0
      vertex 5.3033 -5.3033 0
    endloop
  endfacet
  facet normal 0.740961 -0.671548 0
    outer loop
      vertex 5.3033 -5.3033 2.4
      vertex 5.79758 -4.75793 0
      vertex 5.79758 -4.75793 2.4
    endloop
  endfacet
  facet normal 0.740961 -0.671548 0
    outer loop
      vertex 5.79758 -4.75793 0
      vertex 5.3033 -5.3033 2.4
      vertex 5.3033 -5.3033 0
    endloop
  endfacet
  facet normal 0.803215 -0.595689 0
    outer loop
      vertex 5.79758 -4.75793 2.4
      vertex 6.23601 -4.16676 0
      vertex 6.23601 -4.16676 2.4
    endloop
  endfacet
  facet normal 0.803215 -0.595689 0
    outer loop
      vertex 6.23601 -4.16676 0
      vertex 5.79758 -4.75793 2.4
      vertex 5.79758 -4.75793 0
    endloop
  endfacet
  facet normal 0.857727 -0.514106 0
    outer loop
      vertex 6.23601 -4.16676 2.4
      vertex 6.6144 -3.53546 0
      vertex 6.6144 -3.53546 2.4
    endloop
  endfacet
  facet normal 0.857727 -0.514106 0
    outer loop
      vertex 6.6144 -3.53546 0
      vertex 6.23601 -4.16676 2.4
      vertex 6.23601 -4.16676 0
    endloop
  endfacet
  facet normal 0.903985 -0.427564 0
    outer loop
      vertex 6.6144 -3.53546 2.4
      vertex 6.92909 -2.87012 0
      vertex 6.92909 -2.87012 2.4
    endloop
  endfacet
  facet normal 0.903985 -0.427564 0
    outer loop
      vertex 6.92909 -2.87012 0
      vertex 6.6144 -3.53546 2.4
      vertex 6.6144 -3.53546 0
    endloop
  endfacet
  facet normal 0.941544 -0.336891 0
    outer loop
      vertex 6.92909 -2.87012 2.4
      vertex 7.17705 -2.17712 0
      vertex 7.17705 -2.17712 2.4
    endloop
  endfacet
  facet normal 0.941544 -0.336891 0
    outer loop
      vertex 7.17705 -2.17712 0
      vertex 6.92909 -2.87012 2.4
      vertex 6.92909 -2.87012 0
    endloop
  endfacet
  facet normal 0.970033 -0.242974 0
    outer loop
      vertex 7.17705 -2.17712 2.4
      vertex 7.35588 -1.46317 0
      vertex 7.35588 -1.46317 2.4
    endloop
  endfacet
  facet normal 0.970033 -0.242974 0
    outer loop
      vertex 7.35588 -1.46317 0
      vertex 7.17705 -2.17712 2.4
      vertex 7.17705 -2.17712 0
    endloop
  endfacet
  facet normal 0.989176 -0.146736 0
    outer loop
      vertex 7.35588 -1.46317 2.4
      vertex 7.46388 -0.735123 0
      vertex 7.46388 -0.735123 2.4
    endloop
  endfacet
  facet normal 0.989176 -0.146736 0
    outer loop
      vertex 7.46388 -0.735123 0
      vertex 7.35588 -1.46317 2.4
      vertex 7.35588 -1.46317 0
    endloop
  endfacet
  facet normal 0.998795 -0.0490754 0
    outer loop
      vertex 7.46388 -0.735123 2.4
      vertex 7.5 0 0
      vertex 7.5 0 2.4
    endloop
  endfacet
  facet normal 0.998795 -0.0490754 0
    outer loop
      vertex 7.5 0 0
      vertex 7.46388 -0.735123 2.4
      vertex 7.46388 -0.735123 0
    endloop
  endfacet
  facet normal 0.998795 0.0490754 0
    outer loop
      vertex 7.5 0 2.4
      vertex 7.46388 0.735123 0
      vertex 7.46388 0.735123 2.4
    endloop
  endfacet
  facet normal 0.998795 0.0490754 0
    outer loop
      vertex 7.46388 0.735123 0
      vertex 7.5 0 2.4
      vertex 7.5 0 0
    endloop
  endfacet
  facet normal 0.989176 0.146736 0
    outer loop
      vertex 7.46388 0.735123 2.4
      vertex 7.35588 1.46317 0
      vertex 7.35588 1.46317 2.4
    endloop
  endfacet
  facet normal 0.989176 0.146736 0
    outer loop
      vertex 7.35588 1.46317 0
      vertex 7.46388 0.735123 2.4
      vertex 7.46388 0.735123 0
    endloop
  endfacet
  facet normal 0.970033 0.242974 0
    outer loop
      vertex 7.35588 1.46317 2.4
      vertex 7.17705 2.17712 0
      vertex 7.17705 2.17712 2.4
    endloop
  endfacet
  facet normal 0.970033 0.242974 0
    outer loop
      vertex 7.17705 2.17712 0
      vertex 7.35588 1.46317 2.4
      vertex 7.35588 1.46317 0
    endloop
  endfacet
  facet normal 0.941544 0.336891 0
    outer loop
      vertex 7.17705 2.17712 2.4
      vertex 6.92909 2.87012 0
      vertex 6.92909 2.87012 2.4
    endloop
  endfacet
  facet normal 0.941544 0.336891 0
    outer loop
      vertex 6.92909 2.87012 0
      vertex 7.17705 2.17712 2.4
      vertex 7.17705 2.17712 0
    endloop
  endfacet
  facet normal 0.903985 0.427564 0
    outer loop
      vertex 6.92909 2.87012 2.4
      vertex 6.6144 3.53546 0
      vertex 6.6144 3.53546 2.4
    endloop
  endfacet
  facet normal 0.903985 0.427564 0
    outer loop
      vertex 6.6144 3.53546 0
      vertex 6.92909 2.87012 2.4
      vertex 6.92909 2.87012 0
    endloop
  endfacet
  facet normal 0.857727 0.514106 0
    outer loop
      vertex 6.6144 3.53546 2.4
      vertex 6.23601 4.16676 0
      vertex 6.23601 4.16676 2.4
    endloop
  endfacet
  facet normal 0.857727 0.514106 0
    outer loop
      vertex 6.23601 4.16676 0
      vertex 6.6144 3.53546 2.4
      vertex 6.6144 3.53546 0
    endloop
  endfacet
  facet normal 0.803215 0.595689 0
    outer loop
      vertex 6.23601 4.16676 2.4
      vertex 5.79758 4.75793 0
      vertex 5.79758 4.75793 2.4
    endloop
  endfacet
  facet normal 0.803215 0.595689 0
    outer loop
      vertex 5.79758 4.75793 0
      vertex 6.23601 4.16676 2.4
      vertex 6.23601 4.16676 0
    endloop
  endfacet
  facet normal 0.740961 0.671548 0
    outer loop
      vertex 5.79758 4.75793 2.4
      vertex 5.3033 5.3033 0
      vertex 5.3033 5.3033 2.4
    endloop
  endfacet
  facet normal 0.740961 0.671548 0
    outer loop
      vertex 5.3033 5.3033 0
      vertex 5.79758 4.75793 2.4
      vertex 5.79758 4.75793 0
    endloop
  endfacet
  facet normal 0.671548 0.740961 -0
    outer loop
      vertex 5.3033 5.3033 0
      vertex 4.75793 5.79758 2.4
      vertex 5.3033 5.3033 2.4
    endloop
  endfacet
  facet normal 0.671548 0.740961 0
    outer loop
      vertex 4.75793 5.79758 2.4
      vertex 5.3033 5.3033 0
      vertex 4.75793 5.79758 0
    endloop
  endfacet
  facet normal 0.595689 0.803215 -0
    outer loop
      vertex 4.75793 5.79758 0
      vertex 4.16676 6.23601 2.4
      vertex 4.75793 5.79758 2.4
    endloop
  endfacet
  facet normal 0.595689 0.803215 0
    outer loop
      vertex 4.16676 6.23601 2.4
      vertex 4.75793 5.79758 0
      vertex 4.16676 6.23601 0
    endloop
  endfacet
  facet normal 0.514106 0.857727 -0
    outer loop
      vertex 4.16676 6.23601 0
      vertex 3.53546 6.6144 2.4
      vertex 4.16676 6.23601 2.4
    endloop
  endfacet
  facet normal 0.514106 0.857727 0
    outer loop
      vertex 3.53546 6.6144 2.4
      vertex 4.16676 6.23601 0
      vertex 3.53546 6.6144 0
    endloop
  endfacet
  facet normal 0.427564 0.903985 -0
    outer loop
      vertex 3.53546 6.6144 0
      vertex 2.87012 6.92909 2.4
      vertex 3.53546 6.6144 2.4
    endloop
  endfacet
  facet normal 0.427564 0.903985 0
    outer loop
      vertex 2.87012 6.92909 2.4
      vertex 3.53546 6.6144 0
      vertex 2.87012 6.92909 0
    endloop
  endfacet
  facet normal 0.336891 0.941544 -0
    outer loop
      vertex 2.87012 6.92909 0
      vertex 2.17712 7.17705 2.4
      vertex 2.87012 6.92909 2.4
    endloop
  endfacet
  facet normal 0.336891 0.941544 0
    outer loop
      vertex 2.17712 7.17705 2.4
      vertex 2.87012 6.92909 0
      vertex 2.17712 7.17705 0
    endloop
  endfacet
  facet normal 0.242974 0.970033 -0
    outer loop
      vertex 2.17712 7.17705 0
      vertex 1.46317 7.35588 2.4
      vertex 2.17712 7.17705 2.4
    endloop
  endfacet
  facet normal 0.242974 0.970033 0
    outer loop
      vertex 1.46317 7.35588 2.4
      vertex 2.17712 7.17705 0
      vertex 1.46317 7.35588 0
    endloop
  endfacet
  facet normal 0.146736 0.989176 -0
    outer loop
      vertex 1.46317 7.35588 0
      vertex 0.735123 7.46388 2.4
      vertex 1.46317 7.35588 2.4
    endloop
  endfacet
  facet normal 0.146736 0.989176 0
    outer loop
      vertex 0.735123 7.46388 2.4
      vertex 1.46317 7.35588 0
      vertex 0.735123 7.46388 0
    endloop
  endfacet
  facet normal 0.0490754 0.998795 -0
    outer loop
      vertex 0.735123 7.46388 0
      vertex 0 7.5 2.4
      vertex 0.735123 7.46388 2.4
    endloop
  endfacet
  facet normal 0.0490754 0.998795 0
    outer loop
      vertex 0 7.5 2.4
      vertex 0.735123 7.46388 0
      vertex 0 7.5 0
    endloop
  endfacet
  facet normal -0.0490754 0.998795 0
    outer loop
      vertex 0 7.5 0
      vertex -0.735123 7.46388 2.4
      vertex 0 7.5 2.4
    endloop
  endfacet
  facet normal -0.0490754 0.998795 0
    outer loop
      vertex -0.735123 7.46388 2.4
      vertex 0 7.5 0
      vertex -0.735123 7.46388 0
    endloop
  endfacet
  facet normal -0.146736 0.989176 0
    outer loop
      vertex -0.735123 7.46388 0
      vertex -1.46317 7.35588 2.4
      vertex -0.735123 7.46388 2.4
    endloop
  endfacet
  facet normal -0.146736 0.989176 0
    outer loop
      vertex -1.46317 7.35588 2.4
      vertex -0.735123 7.46388 0
      vertex -1.46317 7.35588 0
    endloop
  endfacet
  facet normal -0.242974 0.970033 0
    outer loop
      vertex -1.46317 7.35588 0
      vertex -2.17712 7.17705 2.4
      vertex -1.46317 7.35588 2.4
    endloop
  endfacet
  facet normal -0.242974 0.970033 0
    outer loop
      vertex -2.17712 7.17705 2.4
      vertex -1.46317 7.35588 0
      vertex -2.17712 7.17705 0
    endloop
  endfacet
  facet normal -0.336891 0.941544 0
    outer loop
      vertex -2.17712 7.17705 0
      vertex -2.87012 6.92909 2.4
      vertex -2.17712 7.17705 2.4
    endloop
  endfacet
  facet normal -0.336891 0.941544 0
    outer loop
      vertex -2.87012 6.92909 2.4
      vertex -2.17712 7.17705 0
      vertex -2.87012 6.92909 0
    endloop
  endfacet
  facet normal -0.427564 0.903985 0
    outer loop
      vertex -2.87012 6.92909 0
      vertex -3.53546 6.6144 2.4
      vertex -2.87012 6.92909 2.4
    endloop
  endfacet
  facet normal -0.427564 0.903985 0
    outer loop
      vertex -3.53546 6.6144 2.4
      vertex -2.87012 6.92909 0
      vertex -3.53546 6.6144 0
    endloop
  endfacet
  facet normal -0.514106 0.857727 0
    outer loop
      vertex -3.53546 6.6144 0
      vertex -4.16676 6.23601 2.4
      vertex -3.53546 6.6144 2.4
    endloop
  endfacet
  facet normal -0.514106 0.857727 0
    outer loop
      vertex -4.16676 6.23601 2.4
      vertex -3.53546 6.6144 0
      vertex -4.16676 6.23601 0
    endloop
  endfacet
  facet normal -0.595689 0.803215 0
    outer loop
      vertex -4.16676 6.23601 0
      vertex -4.75793 5.79758 2.4
      vertex -4.16676 6.23601 2.4
    endloop
  endfacet
  facet normal -0.595689 0.803215 0
    outer loop
      vertex -4.75793 5.79758 2.4
      vertex -4.16676 6.23601 0
      vertex -4.75793 5.79758 0
    endloop
  endfacet
  facet normal -0.671548 0.740961 0
    outer loop
      vertex -4.75793 5.79758 0
      vertex -5.3033 5.3033 2.4
      vertex -4.75793 5.79758 2.4
    endloop
  endfacet
  facet normal -0.671548 0.740961 0
    outer loop
      vertex -5.3033 5.3033 2.4
      vertex -4.75793 5.79758 0
      vertex -5.3033 5.3033 0
    endloop
  endfacet
  facet normal -0.740961 0.671548 0
    outer loop
      vertex -5.79758 4.75793 0
      vertex -5.3033 5.3033 2.4
      vertex -5.3033 5.3033 0
    endloop
  endfacet
  facet normal -0.740961 0.671548 0
    outer loop
      vertex -5.3033 5.3033 2.4
      vertex -5.79758 4.75793 0
      vertex -5.79758 4.75793 2.4
    endloop
  endfacet
  facet normal -0.803215 0.595689 0
    outer loop
      vertex -6.23601 4.16676 0
      vertex -5.79758 4.75793 2.4
      vertex -5.79758 4.75793 0
    endloop
  endfacet
  facet normal -0.803215 0.595689 0
    outer loop
      vertex -5.79758 4.75793 2.4
      vertex -6.23601 4.16676 0
      vertex -6.23601 4.16676 2.4
    endloop
  endfacet
  facet normal -0.857727 0.514106 0
    outer loop
      vertex -6.6144 3.53546 0
      vertex -6.23601 4.16676 2.4
      vertex -6.23601 4.16676 0
    endloop
  endfacet
  facet normal -0.857727 0.514106 0
    outer loop
      vertex -6.23601 4.16676 2.4
      vertex -6.6144 3.53546 0
      vertex -6.6144 3.53546 2.4
    endloop
  endfacet
  facet normal -0.903985 0.427564 0
    outer loop
      vertex -6.92909 2.87012 0
      vertex -6.6144 3.53546 2.4
      vertex -6.6144 3.53546 0
    endloop
  endfacet
  facet normal -0.903985 0.427564 0
    outer loop
      vertex -6.6144 3.53546 2.4
      vertex -6.92909 2.87012 0
      vertex -6.92909 2.87012 2.4
    endloop
  endfacet
  facet normal -0.941544 0.336891 0
    outer loop
      vertex -7.17705 2.17712 0
      vertex -6.92909 2.87012 2.4
      vertex -6.92909 2.87012 0
    endloop
  endfacet
  facet normal -0.941544 0.336891 0
    outer loop
      vertex -6.92909 2.87012 2.4
      vertex -7.17705 2.17712 0
      vertex -7.17705 2.17712 2.4
    endloop
  endfacet
  facet normal -0.970033 0.242974 0
    outer loop
      vertex -7.35588 1.46317 0
      vertex -7.17705 2.17712 2.4
      vertex -7.17705 2.17712 0
    endloop
  endfacet
  facet normal -0.970033 0.242974 0
    outer loop
      vertex -7.17705 2.17712 2.4
      vertex -7.35588 1.46317 0
      vertex -7.35588 1.46317 2.4
    endloop
  endfacet
  facet normal -0.989176 0.146736 0
    outer loop
      vertex -7.46388 0.735123 0
      vertex -7.35588 1.46317 2.4
      vertex -7.35588 1.46317 0
    endloop
  endfacet
  facet normal -0.989176 0.146736 0
    outer loop
      vertex -7.35588 1.46317 2.4
      vertex -7.46388 0.735123 0
      vertex -7.46388 0.735123 2.4
    endloop
  endfacet
  facet normal -0.998795 0.0490754 0
    outer loop
      vertex -7.5 0 0
      vertex -7.46388 0.735123 2.4
      vertex -7.46388 0.735123 0
    endloop
  endfacet
  facet normal -0.998795 0.0490754 0
    outer loop
      vertex -7.46388 0.735123 2.4
      vertex -7.5 0 0
      vertex -7.5 0 2.4
    endloop
  endfacet
  facet normal -0.998795 -0.0490754 0
    outer loop
      vertex -7.46388 -0.735123 0
      vertex -7.5 0 2.4
      vertex -7.5 0 0
    endloop
  endfacet
  facet normal -0.998795 -0.0490754 0
    outer loop
      vertex -7.5 0 2.4
      vertex -7.46388 -0.735123 0
      vertex -7.46388 -0.735123 2.4
    endloop
  endfacet
  facet normal -0.989176 -0.146736 0
    outer loop
      vertex -7.35588 -1.46317 0
      vertex -7.46388 -0.735123 2.4
      vertex -7.46388 -0.735123 0
    endloop
  endfacet
  facet normal -0.989176 -0.146736 0
    outer loop
      vertex -7.46388 -0.735123 2.4
      vertex -7.35588 -1.46317 0
      vertex -7.35588 -1.46317 2.4
    endloop
  endfacet
  facet normal -0.970033 -0.242974 0
    outer loop
      vertex -7.17705 -2.17712 0
      vertex -7.35588 -1.46317 2.4
      vertex -7.35588 -1.46317 0
    endloop
  endfacet
  facet normal -0.970033 -0.242974 0
    outer loop
      vertex -7.35588 -1.46317 2.4
      vertex -7.17705 -2.17712 0
      vertex -7.17705 -2.17712 2.4
    endloop
  endfacet
  facet normal -0.941544 -0.336891 0
    outer loop
      vertex -6.92909 -2.87012 0
      vertex -7.17705 -2.17712 2.4
      vertex -7.17705 -2.17712 0
    endloop
  endfacet
  facet normal -0.941544 -0.336891 0
    outer loop
      vertex -7.17705 -2.17712 2.4
      vertex -6.92909 -2.87012 0
      vertex -6.92909 -2.87012 2.4
    endloop
  endfacet
  facet normal -0.903985 -0.427564 0
    outer loop
      vertex -6.6144 -3.53546 0
      vertex -6.92909 -2.87012 2.4
      vertex -6.92909 -2.87012 0
    endloop
  endfacet
  facet normal -0.903985 -0.427564 0
    outer loop
      vertex -6.92909 -2.87012 2.4
      vertex -6.6144 -3.53546 0
      vertex -6.6144 -3.53546 2.4
    endloop
  endfacet
  facet normal -0.857727 -0.514106 0
    outer loop
      vertex -6.23601 -4.16676 0
      vertex -6.6144 -3.53546 2.4
      vertex -6.6144 -3.53546 0
    endloop
  endfacet
  facet normal -0.857727 -0.514106 0
    outer loop
      vertex -6.6144 -3.53546 2.4
      vertex -6.23601 -4.16676 0
      vertex -6.23601 -4.16676 2.4
    endloop
  endfacet
  facet normal -0.803215 -0.595689 0
    outer loop
      vertex -5.79758 -4.75793 0
      vertex -6.23601 -4.16676 2.4
      vertex -6.23601 -4.16676 0
    endloop
  endfacet
  facet normal -0.803215 -0.595689 0
    outer loop
      vertex -6.23601 -4.16676 2.4
      vertex -5.79758 -4.75793 0
      vertex -5.79758 -4.75793 2.4
    endloop
  endfacet
  facet normal -0.740961 -0.671548 0
    outer loop
      vertex -5.3033 -5.3033 0
      vertex -5.79758 -4.75793 2.4
      vertex -5.79758 -4.75793 0
    endloop
  endfacet
  facet normal -0.740961 -0.671548 0
    outer loop
      vertex -5.79758 -4.75793 2.4
      vertex -5.3033 -5.3033 0
      vertex -5.3033 -5.3033 2.4
    endloop
  endfacet
  facet normal -0.671548 -0.740961 0
    outer loop
      vertex -5.3033 -5.3033 0
      vertex -4.75793 -5.79758 2.4
      vertex -5.3033 -5.3033 2.4
    endloop
  endfacet
  facet normal -0.671548 -0.740961 -0
    outer loop
      vertex -4.75793 -5.79758 2.4
      vertex -5.3033 -5.3033 0
      vertex -4.75793 -5.79758 0
    endloop
  endfacet
  facet normal -0.595689 -0.803215 0
    outer loop
      vertex -4.75793 -5.79758 0
      vertex -4.16676 -6.23601 2.4
      vertex -4.75793 -5.79758 2.4
    endloop
  endfacet
  facet normal -0.595689 -0.803215 -0
    outer loop
      vertex -4.16676 -6.23601 2.4
      vertex -4.75793 -5.79758 0
      vertex -4.16676 -6.23601 0
    endloop
  endfacet
  facet normal -0.514106 -0.857727 0
    outer loop
      vertex -4.16676 -6.23601 0
      vertex -3.53546 -6.6144 2.4
      vertex -4.16676 -6.23601 2.4
    endloop
  endfacet
  facet normal -0.514106 -0.857727 -0
    outer loop
      vertex -3.53546 -6.6144 2.4
      vertex -4.16676 -6.23601 0
      vertex -3.53546 -6.6144 0
    endloop
  endfacet
  facet normal -0.427564 -0.903985 0
    outer loop
      vertex -3.53546 -6.6144 0
      vertex -2.87012 -6.92909 2.4
      vertex -3.53546 -6.6144 2.4
    endloop
  endfacet
  facet normal -0.427564 -0.903985 -0
    outer loop
      vertex -2.87012 -6.92909 2.4
      vertex -3.53546 -6.6144 0
      vertex -2.87012 -6.92909 0
    endloop
  endfacet
  facet normal -0.336891 -0.941544 0
    outer loop
      vertex -2.87012 -6.92909 0
      vertex -2.17712 -7.17705 2.4
      vertex -2.87012 -6.92909 2.4
    endloop
  endfacet
  facet normal -0.336891 -0.941544 -0
    outer loop
      vertex -2.17712 -7.17705 2.4
      vertex -2.87012 -6.92909 0
      vertex -2.17712 -7.17705 0
    endloop
  endfacet
  facet normal -0.243 -0.970026 0
    outer loop
      vertex -2.17712 -7.17705 0
      vertex -2 -7.22142 2.4
      vertex -2.17712 -7.17705 2.4
    endloop
  endfacet
  facet normal -0.243 -0.970026 -0
    outer loop
      vertex -2 -7.22142 2.4
      vertex -2.17712 -7.17705 0
      vertex -2 -7.22142 0
    endloop
  endfacet
  facet normal -1 0 0
    outer loop
      vertex -2 -9.59808 0
      vertex -2 -7.22142 2.4
      vertex -2 -7.22142 0
    endloop
  endfacet
  facet normal -1 -0 0
    outer loop
      vertex -2 -7.22142 2.4
      vertex -2 -9.59808 0
      vertex -2 -9.59808 2.4
    endloop
  endfacet
  facet normal -0.0980198 0.995184 0
    outer loop
      vertex -2 -9.59808 0
      vertex -3.00209 -9.69678 2.4
      vertex -2 -9.59808 2.4
    endloop
  endfacet
  facet normal -0.0980198 0.995184 0
    outer loop
      vertex -3.00209 -9.69678 2.4
      vertex -2 -9.59808 0
      vertex -3.00209 -9.69678 0
    endloop
  endfacet
  facet normal -0.162887 0.986645 0
    outer loop
      vertex -3.00209 -9.69678 0
      vertex -4.48708 -9.94194 2.4
      vertex -3.00209 -9.69678 2.4
    endloop
  endfacet
  facet normal -0.162887 0.986645 0
    outer loop
      vertex -4.48708 -9.94194 2.4
      vertex -3.00209 -9.69678 0
      vertex -4.48708 -9.94194 0
    endloop
  endfacet
  facet normal -0.227072 0.973878 0
    outer loop
      vertex -4.48708 -9.94194 0
      vertex -5.95284 -10.2837 2.4
      vertex -4.48708 -9.94194 2.4
    endloop
  endfacet
  facet normal -0.227072 0.973878 0
    outer loop
      vertex -5.95284 -10.2837 2.4
      vertex -4.48708 -9.94194 0
      vertex -5.95284 -10.2837 0
    endloop
  endfacet
  facet normal -0.290286 0.95694 0
    outer loop
      vertex -5.95284 -10.2837 0
      vertex -7.3931 -10.7206 2.4
      vertex -5.95284 -10.2837 2.4
    endloop
  endfacet
  facet normal -0.290286 0.95694 0
    outer loop
      vertex -7.3931 -10.7206 2.4
      vertex -5.95284 -10.2837 0
      vertex -7.3931 -10.7206 0
    endloop
  endfacet
  facet normal -0.352271 0.935898 0
    outer loop
      vertex -7.3931 -10.7206 0
      vertex -8.80171 -11.2508 2.4
      vertex -7.3931 -10.7206 2.4
    endloop
  endfacet
  facet normal -0.352271 0.935898 0
    outer loop
      vertex -8.80171 -11.2508 2.4
      vertex -7.3931 -10.7206 0
      vertex -8.80171 -11.2508 0
    endloop
  endfacet
  facet normal -0.412684 0.910874 0
    outer loop
      vertex -8.80171 -11.2508 0
      vertex -10.1726 -11.8719 2.4
      vertex -8.80171 -11.2508 2.4
    endloop
  endfacet
  facet normal -0.412684 0.910874 0
    outer loop
      vertex -10.1726 -11.8719 2.4
      vertex -8.80171 -11.2508 0
      vertex -10.1726 -11.8719 0
    endloop
  endfacet
  facet normal -0.471392 0.881924 0
    outer loop
      vertex -10.1726 -11.8719 0
      vertex -11.5 -12.5814 2.4
      vertex -10.1726 -11.8719 2.4
    endloop
  endfacet
  facet normal -0.471392 0.881924 0
    outer loop
      vertex -11.5 -12.5814 2.4
      vertex -10.1726 -11.8719 0
      vertex -11.5 -12.5814 0
    endloop
  endfacet
  facet normal -0.52808 0.849194 0
    outer loop
      vertex -11.5 -12.5814 0
      vertex -12.7781 -13.3762 2.4
      vertex -11.5 -12.5814 2.4
    endloop
  endfacet
  facet normal -0.52808 0.849194 0
    outer loop
      vertex -12.7781 -13.3762 2.4
      vertex -11.5 -12.5814 0
      vertex -12.7781 -13.3762 0
    endloop
  endfacet
  facet normal -0.582488 0.812839 0
    outer loop
      vertex -12.7781 -13.3762 0
      vertex -14.0015 -14.2529 2.4
      vertex -12.7781 -13.3762 2.4
    endloop
  endfacet
  facet normal -0.582488 0.812839 0
    outer loop
      vertex -14.0015 -14.2529 2.4
      vertex -12.7781 -13.3762 0
      vertex -14.0015 -14.2529 0
    endloop
  endfacet
  facet normal -0.634402 0.773003 0
    outer loop
      vertex -14.0015 -14.2529 0
      vertex -15.1649 -15.2077 2.4
      vertex -14.0015 -14.2529 2.4
    endloop
  endfacet
  facet normal -0.634402 0.773003 0
    outer loop
      vertex -15.1649 -15.2077 2.4
      vertex -14.0015 -14.2529 0
      vertex -15.1649 -15.2077 0
    endloop
  endfacet
  facet normal -0.683572 0.729883 0
    outer loop
      vertex -15.1649 -15.2077 0
      vertex -16.2634 -16.2365 2.4
      vertex -15.1649 -15.2077 2.4
    endloop
  endfacet
  facet normal -0.683572 0.729883 0
    outer loop
      vertex -16.2634 -16.2365 2.4
      vertex -15.1649 -15.2077 0
      vertex -16.2634 -16.2365 0
    endloop
  endfacet
  facet normal -0.72985 0.683607 0
    outer loop
      vertex -17.2923 -17.335 0
      vertex -16.2634 -16.2365 2.4
      vertex -16.2634 -16.2365 0
    endloop
  endfacet
  facet normal -0.72985 0.683607 0
    outer loop
      vertex -16.2634 -16.2365 2.4
      vertex -17.2923 -17.335 0
      vertex -17.2923 -17.335 2.4
    endloop
  endfacet
  facet normal -0.77303 0.63437 0
    outer loop
      vertex -18.2471 -18.4985 0
      vertex -17.2923 -17.335 2.4
      vertex -17.2923 -17.335 0
    endloop
  endfacet
  facet normal -0.77303 0.63437 0
    outer loop
      vertex -17.2923 -17.335 2.4
      vertex -18.2471 -18.4985 0
      vertex -18.2471 -18.4985 2.4
    endloop
  endfacet
  facet normal -0.812839 0.582488 0
    outer loop
      vertex -19.1238 -19.7219 0
      vertex -18.2471 -18.4985 2.4
      vertex -18.2471 -18.4985 0
    endloop
  endfacet
  facet normal -0.812839 0.582488 0
    outer loop
      vertex -18.2471 -18.4985 2.4
      vertex -19.1238 -19.7219 0
      vertex -19.1238 -19.7219 2.4
    endloop
  endfacet
  facet normal -0.849194 0.52808 0
    outer loop
      vertex -19.9186 -21 0
      vertex -19.1238 -19.7219 2.4
      vertex -19.1238 -19.7219 0
    endloop
  endfacet
  facet normal -0.849194 0.52808 0
    outer loop
      vertex -19.1238 -19.7219 2.4
      vertex -19.9186 -21 0
      vertex -19.9186 -21 2.4
    endloop
  endfacet
  facet normal -0.881909 0.471419 0
    outer loop
      vertex -20.6281 -22.3273 0
      vertex -19.9186 -21 2.4
      vertex -19.9186 -21 0
    endloop
  endfacet
  facet normal -0.881909 0.471419 0
    outer loop
      vertex -19.9186 -21 2.4
      vertex -20.6281 -22.3273 0
      vertex -20.6281 -22.3273 2.4
    endloop
  endfacet
  facet normal -0.910887 0.412656 0
    outer loop
      vertex -21.2492 -23.6983 0
      vertex -20.6281 -22.3273 2.4
      vertex -20.6281 -22.3273 0
    endloop
  endfacet
  facet normal -0.910887 0.412656 0
    outer loop
      vertex -20.6281 -22.3273 2.4
      vertex -21.2492 -23.6983 0
      vertex -21.2492 -23.6983 2.4
    endloop
  endfacet
  facet normal -0.935897 0.352274 0
    outer loop
      vertex -21.7794 -25.1069 0
      vertex -21.2492 -23.6983 2.4
      vertex -21.2492 -23.6983 0
    endloop
  endfacet
  facet normal -0.935897 0.352274 0
    outer loop
      vertex -21.2492 -23.6983 2.4
      vertex -21.7794 -25.1069 0
      vertex -21.7794 -25.1069 2.4
    endloop
  endfacet
  facet normal -0.956937 0.290297 0
    outer loop
      vertex -22.2163 -26.5471 0
      vertex -21.7794 -25.1069 2.4
      vertex -21.7794 -25.1069 0
    endloop
  endfacet
  facet normal -0.956937 0.290297 0
    outer loop
      vertex -21.7794 -25.1069 2.4
      vertex -22.2163 -26.5471 0
      vertex -22.2163 -26.5471 2.4
    endloop
  endfacet
  facet normal -0.973874 0.227091 0
    outer loop
      vertex -22.5581 -28.0129 0
      vertex -22.2163 -26.5471 2.4
      vertex -22.2163 -26.5471 0
    endloop
  endfacet
  facet normal -0.973874 0.227091 0
    outer loop
      vertex -22.2163 -26.5471 2.4
      vertex -22.5581 -28.0129 0
      vertex -22.5581 -28.0129 2.4
    endloop
  endfacet
  facet normal -0.986651 0.162847 0
    outer loop
      vertex -22.8032 -29.4979 0
      vertex -22.5581 -28.0129 2.4
      vertex -22.5581 -28.0129 0
    endloop
  endfacet
  facet normal -0.986651 0.162847 0
    outer loop
      vertex -22.5581 -28.0129 2.4
      vertex -22.8032 -29.4979 0
      vertex -22.8032 -29.4979 2.4
    endloop
  endfacet
  facet normal -0.995186 0.0980037 0
    outer loop
      vertex -22.9507 -30.9957 0
      vertex -22.8032 -29.4979 2.4
      vertex -22.8032 -29.4979 0
    endloop
  endfacet
  facet normal -0.995186 0.0980037 0
    outer loop
      vertex -22.8032 -29.4979 2.4
      vertex -22.9507 -30.9957 0
      vertex -22.9507 -30.9957 2.4
    endloop
  endfacet
  facet normal -0.999463 0.0327551 0
    outer loop
      vertex -23 -32.5 0
      vertex -22.9507 -30.9957 2.4
      vertex -22.9507 -30.9957 0
    endloop
  endfacet
  facet normal -0.999463 0.0327551 0
    outer loop
      vertex -22.9507 -30.9957 2.4
      vertex -23 -32.5 0
      vertex -23 -32.5 2.4
    endloop
  endfacet
  facet normal 0 -1 0
    outer loop
      vertex -23 -32.5 0
      vertex -7 -32.5 2.4
      vertex -23 -32.5 2.4
    endloop
  endfacet
  facet normal 0 -1 -0
    outer loop
      vertex -7 -32.5 2.4
      vertex -23 -32.5 0
      vertex -7 -32.5 0
    endloop
  endfacet
  facet normal -1 0 0
    outer loop
      vertex -7 -52.5 0
      vertex -7 -32.5 2.4
      vertex -7 -32.5 0
    endloop
  endfacet
  facet normal -1 -0 0
    outer loop
      vertex -7 -32.5 2.4
      vertex -7 -52.5 0
      vertex -7 -52.5 2.4
    endloop
  endfacet
  facet normal -0.998795 -0.0490735 0
    outer loop
      vertex -6.99037 -52.696 0
      vertex -7 -52.5 2.4
      vertex -7 -52.5 0
    endloop
  endfacet
  facet normal -0.998795 -0.0490735 0
    outer loop
      vertex -7 -52.5 2.4
      vertex -6.99037 -52.696 0
      vertex -6.99037 -52.696 2.4
    endloop
  endfacet
  facet normal -0.989174 -0.146746 0
    outer loop
      vertex -6.96156 -52.8902 0
      vertex -6.99037 -52.696 2.4
      vertex -6.99037 -52.696 0
    endloop
  endfacet
  facet normal -0.989174 -0.146746 0
    outer loop
      vertex -6.99037 -52.696 2.4
      vertex -6.96156 -52.8902 0
      vertex -6.96156 -52.8902 2.4
    endloop
  endfacet
  facet normal -0.970047 -0.242919 0
    outer loop
      vertex -6.91388 -53.0806 0
      vertex -6.96156 -52.8902 2.4
      vertex -6.96156 -52.8902 0
    endloop
  endfacet
  facet normal -0.970047 -0.242919 0
    outer loop
      vertex -6.96156 -52.8902 2.4
      vertex -6.91388 -53.0806 0
      vertex -6.91388 -53.0806 2.4
    endloop
  endfacet
  facet normal -0.941548 -0.336879 0
    outer loop
      vertex -6.84776 -53.2654 0
      vertex -6.91388 -53.0806 2.4
      vertex -6.91388 -53.0806 0
    endloop
  endfacet
  facet normal -0.941548 -0.336879 0
    outer loop
      vertex -6.91388 -53.0806 2.4
      vertex -6.84776 -53.2654 0
      vertex -6.84776 -53.2654 2.4
    endloop
  endfacet
  facet normal -0.903958 -0.427622 0
    outer loop
      vertex -6.76384 -53.4428 0
      vertex -6.84776 -53.2654 2.4
      vertex -6.84776 -53.2654 0
    endloop
  endfacet
  facet normal -0.903958 -0.427622 0
    outer loop
      vertex -6.84776 -53.2654 2.4
      vertex -6.76384 -53.4428 0
      vertex -6.76384 -53.4428 2.4
    endloop
  endfacet
  facet normal -0.85765 -0.514233 0
    outer loop
      vertex -6.66293 -53.6111 0
      vertex -6.76384 -53.4428 2.4
      vertex -6.76384 -53.4428 0
    endloop
  endfacet
  facet normal -0.85765 -0.514233 0
    outer loop
      vertex -6.76384 -53.4428 2.4
      vertex -6.66293 -53.6111 0
      vertex -6.66293 -53.6111 2.4
    endloop
  endfacet
  facet normal -0.803325 -0.595541 0
    outer loop
      vertex -6.54602 -53.7688 0
      vertex -6.66293 -53.6111 2.4
      vertex -6.66293 -53.6111 0
    endloop
  endfacet
  facet normal -0.803325 -0.595541 0
    outer loop
      vertex -6.66293 -53.6111 2.4
      vertex -6.54602 -53.7688 0
      vertex -6.54602 -53.7688 2.4
    endloop
  endfacet
  facet normal -0.740908 -0.671607 0
    outer loop
      vertex -6.41422 -53.9142 0
      vertex -6.54602 -53.7688 2.4
      vertex -6.54602 -53.7688 0
    endloop
  endfacet
  facet normal -0.740908 -0.671607 0
    outer loop
      vertex -6.54602 -53.7688 2.4
      vertex -6.41422 -53.9142 0
      vertex -6.41422 -53.9142 2.4
    endloop
  endfacet
  facet normal -0.671505 -0.741 0
    outer loop
      vertex -6.41422 -53.9142 0
      vertex -6.26878 -54.046 2.4
      vertex -6.41422 -53.9142 2.4
    endloop
  endfacet
  facet normal -0.671505 -0.741 -0
    outer loop
      vertex -6.26878 -54.046 2.4
      vertex -6.41422 -53.9142 0
      vertex -6.26878 -54.046 0
    endloop
  endfacet
  facet normal -0.595678 -0.803223 0
    outer loop
      vertex -6.26878 -54.046 0
      vertex -6.11115 -54.1629 2.4
      vertex -6.26878 -54.046 2.4
    endloop
  endfacet
  facet normal -0.595678 -0.803223 -0
    outer loop
      vertex -6.11115 -54.1629 2.4
      vertex -6.26878 -54.046 0
      vertex -6.11115 -54.1629 0
    endloop
  endfacet
  facet normal -0.514061 -0.857754 0
    outer loop
      vertex -6.11115 -54.1629 0
      vertex -5.94279 -54.2638 2.4
      vertex -6.11115 -54.1629 2.4
    endloop
  endfacet
  facet normal -0.514061 -0.857754 -0
    outer loop
      vertex -5.94279 -54.2638 2.4
      vertex -6.11115 -54.1629 0
      vertex -5.94279 -54.2638 0
    endloop
  endfacet
  facet normal -0.427916 -0.903819 0
    outer loop
      vertex -5.94279 -54.2638 0
      vertex -5.76537 -54.3478 2.4
      vertex -5.94279 -54.2638 2.4
    endloop
  endfacet
  facet normal -0.427916 -0.903819 -0
    outer loop
      vertex -5.76537 -54.3478 2.4
      vertex -5.94279 -54.2638 0
      vertex -5.76537 -54.3478 0
    endloop
  endfacet
  facet normal -0.336788 -0.94158 0
    outer loop
      vertex -5.76537 -54.3478 0
      vertex -5.58057 -54.4139 2.4
      vertex -5.76537 -54.3478 2.4
    endloop
  endfacet
  facet normal -0.336788 -0.94158 -0
    outer loop
      vertex -5.58057 -54.4139 2.4
      vertex -5.76537 -54.3478 0
      vertex -5.58057 -54.4139 0
    endloop
  endfacet
  facet normal -0.243027 -0.970019 0
    outer loop
      vertex -5.58057 -54.4139 0
      vertex -5.39018 -54.4616 2.4
      vertex -5.58057 -54.4139 2.4
    endloop
  endfacet
  facet normal -0.243027 -0.970019 -0
    outer loop
      vertex -5.39018 -54.4616 2.4
      vertex -5.58057 -54.4139 0
      vertex -5.39018 -54.4616 0
    endloop
  endfacet
  facet normal -0.146733 -0.989176 0
    outer loop
      vertex -5.39018 -54.4616 0
      vertex -5.19603 -54.4904 2.4
      vertex -5.39018 -54.4616 2.4
    endloop
  endfacet
  facet normal -0.146733 -0.989176 -0
    outer loop
      vertex -5.19603 -54.4904 2.4
      vertex -5.39018 -54.4616 0
      vertex -5.19603 -54.4904 0
    endloop
  endfacet
  facet normal -0.0489135 -0.998803 0
    outer loop
      vertex -5.19603 -54.4904 0
      vertex -5 -54.5 2.4
      vertex -5.19603 -54.4904 2.4
    endloop
  endfacet
  facet normal -0.0489135 -0.998803 -0
    outer loop
      vertex -5 -54.5 2.4
      vertex -5.19603 -54.4904 0
      vertex -5 -54.5 0
    endloop
  endfacet
  facet normal 0 -1 0
    outer loop
      vertex -5 -54.5 0
      vertex 5 -54.5 2.4
      vertex -5 -54.5 2.4
    endloop
  endfacet
  facet normal 0 -1 -0
    outer loop
      vertex 5 -54.5 2.4
      vertex -5 -54.5 0
      vertex 5 -54.5 0
    endloop
  endfacet
  facet normal 0.0489135 -0.998803 0
    outer loop
      vertex 5 -54.5 0
      vertex 5.19603 -54.4904 2.4
      vertex 5 -54.5 2.4
    endloop
  endfacet
  facet normal 0.0489135 -0.998803 0
    outer loop
      vertex 5.19603 -54.4904 2.4
      vertex 5 -54.5 0
      vertex 5.19603 -54.4904 0
    endloop
  endfacet
  facet normal 0.146714 0.989179 -0
    outer loop
      vertex -0.441071 -4.47832 0
      vertex -0.877899 -4.41353 2.4
      vertex -0.441071 -4.47832 2.4
    endloop
  endfacet
  facet normal 0.146714 0.989179 0
    outer loop
      vertex -0.877899 -4.41353 2.4
      vertex -0.441071 -4.47832 0
      vertex -0.877899 -4.41353 0
    endloop
  endfacet
  facet normal 0.242977 0.970032 -0
    outer loop
      vertex -0.877899 -4.41353 0
      vertex -1.30627 -4.30623 2.4
      vertex -0.877899 -4.41353 2.4
    endloop
  endfacet
  facet normal 0.242977 0.970032 0
    outer loop
      vertex -1.30627 -4.30623 2.4
      vertex -0.877899 -4.41353 0
      vertex -1.30627 -4.30623 0
    endloop
  endfacet
  facet normal 0.336886 0.941546 -0
    outer loop
      vertex -1.30627 -4.30623 0
      vertex -1.72206 -4.15746 2.4
      vertex -1.30627 -4.30623 2.4
    endloop
  endfacet
  facet normal 0.336886 0.941546 0
    outer loop
      vertex -1.72206 -4.15746 2.4
      vertex -1.30627 -4.30623 0
      vertex -1.72206 -4.15746 0
    endloop
  endfacet
  facet normal 0.427561 0.903987 -0
    outer loop
      vertex -1.72206 -4.15746 0
      vertex -2.12128 -3.96864 2.4
      vertex -1.72206 -4.15746 2.4
    endloop
  endfacet
  facet normal 0.427561 0.903987 0
    outer loop
      vertex -2.12128 -3.96864 2.4
      vertex -1.72206 -4.15746 0
      vertex -2.12128 -3.96864 0
    endloop
  endfacet
  facet normal 0.514099 0.857731 -0
    outer loop
      vertex -2.12128 -3.96864 0
      vertex -2.50006 -3.74161 2.4
      vertex -2.12128 -3.96864 2.4
    endloop
  endfacet
  facet normal 0.514099 0.857731 0
    outer loop
      vertex -2.50006 -3.74161 2.4
      vertex -2.12128 -3.96864 0
      vertex -2.50006 -3.74161 0
    endloop
  endfacet
  facet normal 0.595683 0.803219 -0
    outer loop
      vertex -2.50006 -3.74161 0
      vertex -2.85477 -3.47855 2.4
      vertex -2.50006 -3.74161 2.4
    endloop
  endfacet
  facet normal 0.595683 0.803219 0
    outer loop
      vertex -2.85477 -3.47855 2.4
      vertex -2.50006 -3.74161 0
      vertex -2.85477 -3.47855 0
    endloop
  endfacet
  facet normal 0.671564 0.740946 -0
    outer loop
      vertex -2.85477 -3.47855 0
      vertex -3.18198 -3.18198 2.4
      vertex -2.85477 -3.47855 2.4
    endloop
  endfacet
  facet normal 0.671564 0.740946 0
    outer loop
      vertex -3.18198 -3.18198 2.4
      vertex -2.85477 -3.47855 0
      vertex -3.18198 -3.18198 0
    endloop
  endfacet
  facet normal 0.740946 0.671564 0
    outer loop
      vertex -3.18198 -3.18198 2.4
      vertex -3.47855 -2.85477 0
      vertex -3.47855 -2.85477 2.4
    endloop
  endfacet
  facet normal 0.740946 0.671564 0
    outer loop
      vertex -3.47855 -2.85477 0
      vertex -3.18198 -3.18198 2.4
      vertex -3.18198 -3.18198 0
    endloop
  endfacet
  facet normal 0.803219 0.595683 0
    outer loop
      vertex -3.47855 -2.85477 2.4
      vertex -3.74161 -2.50006 0
      vertex -3.74161 -2.50006 2.4
    endloop
  endfacet
  facet normal 0.803219 0.595683 0
    outer loop
      vertex -3.74161 -2.50006 0
      vertex -3.47855 -2.85477 2.4
      vertex -3.47855 -2.85477 0
    endloop
  endfacet
  facet normal 0.857731 0.514099 0
    outer loop
      vertex -3.74161 -2.50006 2.4
      vertex -3.96864 -2.12128 0
      vertex -3.96864 -2.12128 2.4
    endloop
  endfacet
  facet normal 0.857731 0.514099 0
    outer loop
      vertex -3.96864 -2.12128 0
      vertex -3.74161 -2.50006 2.4
      vertex -3.74161 -2.50006 0
    endloop
  endfacet
  facet normal 0.903987 0.427561 0
    outer loop
      vertex -3.96864 -2.12128 2.4
      vertex -4.15746 -1.72206 0
      vertex -4.15746 -1.72206 2.4
    endloop
  endfacet
  facet normal 0.903987 0.427561 0
    outer loop
      vertex -4.15746 -1.72206 0
      vertex -3.96864 -2.12128 2.4
      vertex -3.96864 -2.12128 0
    endloop
  endfacet
  facet normal 0.941546 0.336886 0
    outer loop
      vertex -4.15746 -1.72206 2.4
      vertex -4.30623 -1.30627 0
      vertex -4.30623 -1.30627 2.4
    endloop
  endfacet
  facet normal 0.941546 0.336886 0
    outer loop
      vertex -4.30623 -1.30627 0
      vertex -4.15746 -1.72206 2.4
      vertex -4.15746 -1.72206 0
    endloop
  endfacet
  facet normal 0.970032 0.242977 0
    outer loop
      vertex -4.30623 -1.30627 2.4
      vertex -4.41353 -0.877899 0
      vertex -4.41353 -0.877899 2.4
    endloop
  endfacet
  facet normal 0.970032 0.242977 0
    outer loop
      vertex -4.41353 -0.877899 0
      vertex -4.30623 -1.30627 2.4
      vertex -4.30623 -1.30627 0
    endloop
  endfacet
  facet normal 0.989179 0.146714 0
    outer loop
      vertex -4.41353 -0.877899 2.4
      vertex -4.47832 -0.441071 0
      vertex -4.47832 -0.441071 2.4
    endloop
  endfacet
  facet normal 0.989179 0.146714 0
    outer loop
      vertex -4.47832 -0.441071 0
      vertex -4.41353 -0.877899 2.4
      vertex -4.41353 -0.877899 0
    endloop
  endfacet
  facet normal 0.998794 0.0490938 0
    outer loop
      vertex -4.47832 -0.441071 2.4
      vertex -4.5 0 0
      vertex -4.5 0 2.4
    endloop
  endfacet
  facet normal 0.998794 0.0490938 0
    outer loop
      vertex -4.5 0 0
      vertex -4.47832 -0.441071 2.4
      vertex -4.47832 -0.441071 0
    endloop
  endfacet
  facet normal 0.998794 -0.0490938 0
    outer loop
      vertex -4.5 0 2.4
      vertex -4.47832 0.441071 0
      vertex -4.47832 0.441071 2.4
    endloop
  endfacet
  facet normal 0.998794 -0.0490938 0
    outer loop
      vertex -4.47832 0.441071 0
      vertex -4.5 0 2.4
      vertex -4.5 0 0
    endloop
  endfacet
  facet normal 0.989179 -0.146714 0
    outer loop
      vertex -4.47832 0.441071 2.4
      vertex -4.41353 0.877899 0
      vertex -4.41353 0.877899 2.4
    endloop
  endfacet
  facet normal 0.989179 -0.146714 0
    outer loop
      vertex -4.41353 0.877899 0
      vertex -4.47832 0.441071 2.4
      vertex -4.47832 0.441071 0
    endloop
  endfacet
  facet normal 0.970032 -0.242977 0
    outer loop
      vertex -4.41353 0.877899 2.4
      vertex -4.30623 1.30627 0
      vertex -4.30623 1.30627 2.4
    endloop
  endfacet
  facet normal 0.970032 -0.242977 0
    outer loop
      vertex -4.30623 1.30627 0
      vertex -4.41353 0.877899 2.4
      vertex -4.41353 0.877899 0
    endloop
  endfacet
  facet normal 0.941546 -0.336886 0
    outer loop
      vertex -4.30623 1.30627 2.4
      vertex -4.15746 1.72206 0
      vertex -4.15746 1.72206 2.4
    endloop
  endfacet
  facet normal 0.941546 -0.336886 0
    outer loop
      vertex -4.15746 1.72206 0
      vertex -4.30623 1.30627 2.4
      vertex -4.30623 1.30627 0
    endloop
  endfacet
  facet normal 0.903987 -0.427561 0
    outer loop
      vertex -4.15746 1.72206 2.4
      vertex -3.96864 2.12128 0
      vertex -3.96864 2.12128 2.4
    endloop
  endfacet
  facet normal 0.903987 -0.427561 0
    outer loop
      vertex -3.96864 2.12128 0
      vertex -4.15746 1.72206 2.4
      vertex -4.15746 1.72206 0
    endloop
  endfacet
  facet normal 0.857731 -0.514099 0
    outer loop
      vertex -3.96864 2.12128 2.4
      vertex -3.74161 2.50006 0
      vertex -3.74161 2.50006 2.4
    endloop
  endfacet
  facet normal 0.857731 -0.514099 0
    outer loop
      vertex -3.74161 2.50006 0
      vertex -3.96864 2.12128 2.4
      vertex -3.96864 2.12128 0
    endloop
  endfacet
  facet normal 0.803219 -0.595683 0
    outer loop
      vertex -3.74161 2.50006 2.4
      vertex -3.47855 2.85477 0
      vertex -3.47855 2.85477 2.4
    endloop
  endfacet
  facet normal 0.803219 -0.595683 0
    outer loop
      vertex -3.47855 2.85477 0
      vertex -3.74161 2.50006 2.4
      vertex -3.74161 2.50006 0
    endloop
  endfacet
  facet normal 0.740946 -0.671564 0
    outer loop
      vertex -3.47855 2.85477 2.4
      vertex -3.18198 3.18198 0
      vertex -3.18198 3.18198 2.4
    endloop
  endfacet
  facet normal 0.740946 -0.671564 0
    outer loop
      vertex -3.18198 3.18198 0
      vertex -3.47855 2.85477 2.4
      vertex -3.47855 2.85477 0
    endloop
  endfacet
  facet normal 0.671564 -0.740946 0
    outer loop
      vertex -3.18198 3.18198 0
      vertex -2.85477 3.47855 2.4
      vertex -3.18198 3.18198 2.4
    endloop
  endfacet
  facet normal 0.671564 -0.740946 0
    outer loop
      vertex -2.85477 3.47855 2.4
      vertex -3.18198 3.18198 0
      vertex -2.85477 3.47855 0
    endloop
  endfacet
  facet normal 0.595683 -0.803219 0
    outer loop
      vertex -2.85477 3.47855 0
      vertex -2.50006 3.74161 2.4
      vertex -2.85477 3.47855 2.4
    endloop
  endfacet
  facet normal 0.595683 -0.803219 0
    outer loop
      vertex -2.50006 3.74161 2.4
      vertex -2.85477 3.47855 0
      vertex -2.50006 3.74161 0
    endloop
  endfacet
  facet normal 0.514099 -0.857731 0
    outer loop
      vertex -2.50006 3.74161 0
      vertex -2.12128 3.96864 2.4
      vertex -2.50006 3.74161 2.4
    endloop
  endfacet
  facet normal 0.514099 -0.857731 0
    outer loop
      vertex -2.12128 3.96864 2.4
      vertex -2.50006 3.74161 0
      vertex -2.12128 3.96864 0
    endloop
  endfacet
  facet normal 0.427561 -0.903987 0
    outer loop
      vertex -2.12128 3.96864 0
      vertex -1.72206 4.15746 2.4
      vertex -2.12128 3.96864 2.4
    endloop
  endfacet
  facet normal 0.427561 -0.903987 0
    outer loop
      vertex -1.72206 4.15746 2.4
      vertex -2.12128 3.96864 0
      vertex -1.72206 4.15746 0
    endloop
  endfacet
  facet normal 0.336886 -0.941546 0
    outer loop
      vertex -1.72206 4.15746 0
      vertex -1.30627 4.30623 2.4
      vertex -1.72206 4.15746 2.4
    endloop
  endfacet
  facet normal 0.336886 -0.941546 0
    outer loop
      vertex -1.30627 4.30623 2.4
      vertex -1.72206 4.15746 0
      vertex -1.30627 4.30623 0
    endloop
  endfacet
  facet normal 0.242977 -0.970032 0
    outer loop
      vertex -1.30627 4.30623 0
      vertex -0.877899 4.41353 2.4
      vertex -1.30627 4.30623 2.4
    endloop
  endfacet
  facet normal 0.242977 -0.970032 0
    outer loop
      vertex -0.877899 4.41353 2.4
      vertex -1.30627 4.30623 0
      vertex -0.877899 4.41353 0
    endloop
  endfacet
  facet normal 0.146714 -0.989179 0
    outer loop
      vertex -0.877899 4.41353 0
      vertex -0.441071 4.47832 2.4
      vertex -0.877899 4.41353 2.4
    endloop
  endfacet
  facet normal 0.146714 -0.989179 0
    outer loop
      vertex -0.441071 4.47832 2.4
      vertex -0.877899 4.41353 0
      vertex -0.441071 4.47832 0
    endloop
  endfacet
  facet normal 0.0490938 -0.998794 0
    outer loop
      vertex -0.441071 4.47832 0
      vertex 0 4.5 2.4
      vertex -0.441071 4.47832 2.4
    endloop
  endfacet
  facet normal 0.0490938 -0.998794 0
    outer loop
      vertex 0 4.5 2.4
      vertex -0.441071 4.47832 0
      vertex 0 4.5 0
    endloop
  endfacet
  facet normal -0.0490938 -0.998794 0
    outer loop
      vertex 0 4.5 0
      vertex 0.441071 4.47832 2.4
      vertex 0 4.5 2.4
    endloop
  endfacet
  facet normal -0.0490938 -0.998794 -0
    outer loop
      vertex 0.441071 4.47832 2.4
      vertex 0 4.5 0
      vertex 0.441071 4.47832 0
    endloop
  endfacet
  facet normal -0.146714 -0.989179 0
    outer loop
      vertex 0.441071 4.47832 0
      vertex 0.877899 4.41353 2.4
      vertex 0.441071 4.47832 2.4
    endloop
  endfacet
  facet normal -0.146714 -0.989179 -0
    outer loop
      vertex 0.877899 4.41353 2.4
      vertex 0.441071 4.47832 0
      vertex 0.877899 4.41353 0
    endloop
  endfacet
  facet normal -0.242977 -0.970032 0
    outer loop
      vertex 0.877899 4.41353 0
      vertex 1.30627 4.30623 2.4
      vertex 0.877899 4.41353 2.4
    endloop
  endfacet
  facet normal -0.242977 -0.970032 -0
    outer loop
      vertex 1.30627 4.30623 2.4
      vertex 0.877899 4.41353 0
      vertex 1.30627 4.30623 0
    endloop
  endfacet
  facet normal -0.336886 -0.941546 0
    outer loop
      vertex 1.30627 4.30623 0
      vertex 1.72206 4.15746 2.4
      vertex 1.30627 4.30623 2.4
    endloop
  endfacet
  facet normal -0.336886 -0.941546 -0
    outer loop
      vertex 1.72206 4.15746 2.4
      vertex 1.30627 4.30623 0
      vertex 1.72206 4.15746 0
    endloop
  endfacet
  facet normal -0.427561 -0.903987 0
    outer loop
      vertex 1.72206 4.15746 0
      vertex 2.12128 3.96864 2.4
      vertex 1.72206 4.15746 2.4
    endloop
  endfacet
  facet normal -0.427561 -0.903987 -0
    outer loop
      vertex 2.12128 3.96864 2.4
      vertex 1.72206 4.15746 0
      vertex 2.12128 3.96864 0
    endloop
  endfacet
  facet normal -0.514099 -0.857731 0
    outer loop
      vertex 2.12128 3.96864 0
      vertex 2.50006 3.74161 2.4
      vertex 2.12128 3.96864 2.4
    endloop
  endfacet
  facet normal -0.514099 -0.857731 -0
    outer loop
      vertex 2.50006 3.74161 2.4
      vertex 2.12128 3.96864 0
      vertex 2.50006 3.74161 0
    endloop
  endfacet
  facet normal -0.595683 -0.803219 0
    outer loop
      vertex 2.50006 3.74161 0
      vertex 2.85477 3.47855 2.4
      vertex 2.50006 3.74161 2.4
    endloop
  endfacet
  facet normal -0.595683 -0.803219 -0
    outer loop
      vertex 2.85477 3.47855 2.4
      vertex 2.50006 3.74161 0
      vertex 2.85477 3.47855 0
    endloop
  endfacet
  facet normal -0.671564 -0.740946 0
    outer loop
      vertex 2.85477 3.47855 0
      vertex 3.18198 3.18198 2.4
      vertex 2.85477 3.47855 2.4
    endloop
  endfacet
  facet normal -0.671564 -0.740946 -0
    outer loop
      vertex 3.18198 3.18198 2.4
      vertex 2.85477 3.47855 0
      vertex 3.18198 3.18198 0
    endloop
  endfacet
  facet normal -0.740946 -0.671564 0
    outer loop
      vertex 3.47855 2.85477 0
      vertex 3.18198 3.18198 2.4
      vertex 3.18198 3.18198 0
    endloop
  endfacet
  facet normal -0.740946 -0.671564 0
    outer loop
      vertex 3.18198 3.18198 2.4
      vertex 3.47855 2.85477 0
      vertex 3.47855 2.85477 2.4
    endloop
  endfacet
  facet normal -0.803219 -0.595683 0
    outer loop
      vertex 3.74161 2.50006 0
      vertex 3.47855 2.85477 2.4
      vertex 3.47855 2.85477 0
    endloop
  endfacet
  facet normal -0.803219 -0.595683 0
    outer loop
      vertex 3.47855 2.85477 2.4
      vertex 3.74161 2.50006 0
      vertex 3.74161 2.50006 2.4
    endloop
  endfacet
  facet normal -0.857731 -0.514099 0
    outer loop
      vertex 3.96864 2.12128 0
      vertex 3.74161 2.50006 2.4
      vertex 3.74161 2.50006 0
    endloop
  endfacet
  facet normal -0.857731 -0.514099 0
    outer loop
      vertex 3.74161 2.50006 2.4
      vertex 3.96864 2.12128 0
      vertex 3.96864 2.12128 2.4
    endloop
  endfacet
  facet normal -0.903987 -0.427561 0
    outer loop
      vertex 4.15746 1.72206 0
      vertex 3.96864 2.12128 2.4
      vertex 3.96864 2.12128 0
    endloop
  endfacet
  facet normal -0.903987 -0.427561 0
    outer loop
      vertex 3.96864 2.12128 2.4
      vertex 4.15746 1.72206 0
      vertex 4.15746 1.72206 2.4
    endloop
  endfacet
  facet normal -0.941546 -0.336886 0
    outer loop
      vertex 4.30623 1.30627 0
      vertex 4.15746 1.72206 2.4
      vertex 4.15746 1.72206 0
    endloop
  endfacet
  facet normal -0.941546 -0.336886 0
    outer loop
      vertex 4.15746 1.72206 2.4
      vertex 4.30623 1.30627 0
      vertex 4.30623 1.30627 2.4
    endloop
  endfacet
  facet normal -0.970032 -0.242977 0
    outer loop
      vertex 4.41353 0.877899 0
      vertex 4.30623 1.30627 2.4
      vertex 4.30623 1.30627 0
    endloop
  endfacet
  facet normal -0.970032 -0.242977 0
    outer loop
      vertex 4.30623 1.30627 2.4
      vertex 4.41353 0.877899 0
      vertex 4.41353 0.877899 2.4
    endloop
  endfacet
  facet normal -0.989179 -0.146714 0
    outer loop
      vertex 4.47832 0.441071 0
      vertex 4.41353 0.877899 2.4
      vertex 4.41353 0.877899 0
    endloop
  endfacet
  facet normal -0.989179 -0.146714 0
    outer loop
      vertex 4.41353 0.877899 2.4
      vertex 4.47832 0.441071 0
      vertex 4.47832 0.441071 2.4
    endloop
  endfacet
  facet normal -0.998794 -0.0490938 0
    outer loop
      vertex 4.5 0 0
      vertex 4.47832 0.441071 2.4
      vertex 4.47832 0.441071 0
    endloop
  endfacet
  facet normal -0.998794 -0.0490938 0
    outer loop
      vertex 4.47832 0.441071 2.4
      vertex 4.5 0 0
      vertex 4.5 0 2.4
    endloop
  endfacet
  facet normal -0.998794 0.0490938 0
    outer loop
      vertex 4.47832 -0.441071 0
      vertex 4.5 0 2.4
      vertex 4.5 0 0
    endloop
  endfacet
  facet normal -0.998794 0.0490938 0
    outer loop
      vertex 4.5 0 2.4
      vertex 4.47832 -0.441071 0
      vertex 4.47832 -0.441071 2.4
    endloop
  endfacet
  facet normal -0.989179 0.146714 0
    outer loop
      vertex 4.41353 -0.877899 0
      vertex 4.47832 -0.441071 2.4
      vertex 4.47832 -0.441071 0
    endloop
  endfacet
  facet normal -0.989179 0.146714 0
    outer loop
      vertex 4.47832 -0.441071 2.4
      vertex 4.41353 -0.877899 0
      vertex 4.41353 -0.877899 2.4
    endloop
  endfacet
  facet normal -0.970032 0.242977 0
    outer loop
      vertex 4.30623 -1.30627 0
      vertex 4.41353 -0.877899 2.4
      vertex 4.41353 -0.877899 0
    endloop
  endfacet
  facet normal -0.970032 0.242977 0
    outer loop
      vertex 4.41353 -0.877899 2.4
      vertex 4.30623 -1.30627 0
      vertex 4.30623 -1.30627 2.4
    endloop
  endfacet
  facet normal -0.941546 0.336886 0
    outer loop
      vertex 4.15746 -1.72206 0
      vertex 4.30623 -1.30627 2.4
      vertex 4.30623 -1.30627 0
    endloop
  endfacet
  facet normal -0.941546 0.336886 0
    outer loop
      vertex 4.30623 -1.30627 2.4
      vertex 4.15746 -1.72206 0
      vertex 4.15746 -1.72206 2.4
    endloop
  endfacet
  facet normal -0.903987 0.427561 0
    outer loop
      vertex 3.96864 -2.12128 0
      vertex 4.15746 -1.72206 2.4
      vertex 4.15746 -1.72206 0
    endloop
  endfacet
  facet normal -0.903987 0.427561 0
    outer loop
      vertex 4.15746 -1.72206 2.4
      vertex 3.96864 -2.12128 0
      vertex 3.96864 -2.12128 2.4
    endloop
  endfacet
  facet normal -0.857731 0.514099 0
    outer loop
      vertex 3.74161 -2.50006 0
      vertex 3.96864 -2.12128 2.4
      vertex 3.96864 -2.12128 0
    endloop
  endfacet
  facet normal -0.857731 0.514099 0
    outer loop
      vertex 3.96864 -2.12128 2.4
      vertex 3.74161 -2.50006 0
      vertex 3.74161 -2.50006 2.4
    endloop
  endfacet
  facet normal -0.803219 0.595683 0
    outer loop
      vertex 3.47855 -2.85477 0
      vertex 3.74161 -2.50006 2.4
      vertex 3.74161 -2.50006 0
    endloop
  endfacet
  facet normal -0.803219 0.595683 0
    outer loop
      vertex 3.74161 -2.50006 2.4
      vertex 3.47855 -2.85477 0
      vertex 3.47855 -2.85477 2.4
    endloop
  endfacet
  facet normal -0.740946 0.671564 0
    outer loop
      vertex 3.18198 -3.18198 0
      vertex 3.47855 -2.85477 2.4
      vertex 3.47855 -2.85477 0
    endloop
  endfacet
  facet normal -0.740946 0.671564 0
    outer loop
      vertex 3.47855 -2.85477 2.4
      vertex 3.18198 -3.18198 0
      vertex 3.18198 -3.18198 2.4
    endloop
  endfacet
  facet normal -0.671564 0.740946 0
    outer loop
      vertex 3.18198 -3.18198 0
      vertex 2.85477 -3.47855 2.4
      vertex 3.18198 -3.18198 2.4
    endloop
  endfacet
  facet normal -0.671564 0.740946 0
    outer loop
      vertex 2.85477 -3.47855 2.4
      vertex 3.18198 -3.18198 0
      vertex 2.85477 -3.47855 0
    endloop
  endfacet
  facet normal -0.595683 0.803219 0
    outer loop
      vertex 2.85477 -3.47855 0
      vertex 2.50006 -3.74161 2.4
      vertex 2.85477 -3.47855 2.4
    endloop
  endfacet
  facet normal -0.595683 0.803219 0
    outer loop
      vertex 2.50006 -3.74161 2.4
      vertex 2.85477 -3.47855 0
      vertex 2.50006 -3.74161 0
    endloop
  endfacet
  facet normal -0.514099 0.857731 0
    outer loop
      vertex 2.50006 -3.74161 0
      vertex 2.12128 -3.96864 2.4
      vertex 2.50006 -3.74161 2.4
    endloop
  endfacet
  facet normal -0.514099 0.857731 0
    outer loop
      vertex 2.12128 -3.96864 2.4
      vertex 2.50006 -3.74161 0
      vertex 2.12128 -3.96864 0
    endloop
  endfacet
  facet normal -0.427561 0.903987 0
    outer loop
      vertex 2.12128 -3.96864 0
      vertex 1.72206 -4.15746 2.4
      vertex 2.12128 -3.96864 2.4
    endloop
  endfacet
  facet normal -0.427561 0.903987 0
    outer loop
      vertex 1.72206 -4.15746 2.4
      vertex 2.12128 -3.96864 0
      vertex 1.72206 -4.15746 0
    endloop
  endfacet
  facet normal -0.336886 0.941546 0
    outer loop
      vertex 1.72206 -4.15746 0
      vertex 1.30627 -4.30623 2.4
      vertex 1.72206 -4.15746 2.4
    endloop
  endfacet
  facet normal -0.336886 0.941546 0
    outer loop
      vertex 1.30627 -4.30623 2.4
      vertex 1.72206 -4.15746 0
      vertex 1.30627 -4.30623 0
    endloop
  endfacet
  facet normal -0.242977 0.970032 0
    outer loop
      vertex 1.30627 -4.30623 0
      vertex 0.877899 -4.41353 2.4
      vertex 1.30627 -4.30623 2.4
    endloop
  endfacet
  facet normal -0.242977 0.970032 0
    outer loop
      vertex 0.877899 -4.41353 2.4
      vertex 1.30627 -4.30623 0
      vertex 0.877899 -4.41353 0
    endloop
  endfacet
  facet normal -0.146714 0.989179 0
    outer loop
      vertex 0.877899 -4.41353 0
      vertex 0.441071 -4.47832 2.4
      vertex 0.877899 -4.41353 2.4
    endloop
  endfacet
  facet normal -0.146714 0.989179 0
    outer loop
      vertex 0.441071 -4.47832 2.4
      vertex 0.877899 -4.41353 0
      vertex 0.441071 -4.47832 0
    endloop
  endfacet
  facet normal -0.0490938 0.998794 0
    outer loop
      vertex 0.441071 -4.47832 0
      vertex 0 -4.5 2.4
      vertex 0.441071 -4.47832 2.4
    endloop
  endfacet
  facet normal -0.0490938 0.998794 0
    outer loop
      vertex 0 -4.5 2.4
      vertex 0.441071 -4.47832 0
      vertex 0 -4.5 0
    endloop
  endfacet
  facet normal 0.0490938 0.998794 -0
    outer loop
      vertex 0 -4.5 0
      vertex -0.441071 -4.47832 2.4
      vertex 0 -4.5 2.4
    endloop
  endfacet
  facet normal 0.0490938 0.998794 0
    outer loop
      vertex -0.441071 -4.47832 2.4
      vertex 0 -4.5 0
      vertex -0.441071 -4.47832 0
    endloop
  endfacet
  facet normal 0.146744 0.989175 -0
    outer loop
      vertex 4.75494 -20.988 0
      vertex 4.51227 -20.952 2.4
      vertex 4.75494 -20.988 2.4
    endloop
  endfacet
  facet normal 0.146744 0.989175 0
    outer loop
      vertex 4.51227 -20.952 2.4
      vertex 4.75494 -20.988 0
      vertex 4.51227 -20.952 0
    endloop
  endfacet
  facet normal 0.243312 0.969948 -0
    outer loop
      vertex 4.51227 -20.952 0
      vertex 4.27428 -20.8923 2.4
      vertex 4.51227 -20.952 2.4
    endloop
  endfacet
  facet normal 0.243312 0.969948 0
    outer loop
      vertex 4.27428 -20.8923 2.4
      vertex 4.51227 -20.952 0
      vertex 4.27428 -20.8923 0
    endloop
  endfacet
  facet normal 0.336711 0.941608 -0
    outer loop
      vertex 4.27428 -20.8923 0
      vertex 4.04329 -20.8097 2.4
      vertex 4.27428 -20.8923 2.4
    endloop
  endfacet
  facet normal 0.336711 0.941608 0
    outer loop
      vertex 4.04329 -20.8097 2.4
      vertex 4.27428 -20.8923 0
      vertex 4.04329 -20.8097 0
    endloop
  endfacet
  facet normal 0.427559 0.903987 -0
    outer loop
      vertex 4.04329 -20.8097 0
      vertex 3.8215 -20.7048 2.4
      vertex 4.04329 -20.8097 2.4
    endloop
  endfacet
  facet normal 0.427559 0.903987 0
    outer loop
      vertex 3.8215 -20.7048 2.4
      vertex 4.04329 -20.8097 0
      vertex 3.8215 -20.7048 0
    endloop
  endfacet
  facet normal 0.514022 0.857777 -0
    outer loop
      vertex 3.8215 -20.7048 0
      vertex 3.61107 -20.5787 2.4
      vertex 3.8215 -20.7048 2.4
    endloop
  endfacet
  facet normal 0.514022 0.857777 0
    outer loop
      vertex 3.61107 -20.5787 2.4
      vertex 3.8215 -20.7048 0
      vertex 3.61107 -20.5787 0
    endloop
  endfacet
  facet normal 0.595851 0.803095 -0
    outer loop
      vertex 3.61107 -20.5787 0
      vertex 3.41402 -20.4325 2.4
      vertex 3.61107 -20.5787 2.4
    endloop
  endfacet
  facet normal 0.595851 0.803095 0
    outer loop
      vertex 3.41402 -20.4325 2.4
      vertex 3.61107 -20.5787 0
      vertex 3.41402 -20.4325 0
    endloop
  endfacet
  facet normal 0.671394 0.741101 -0
    outer loop
      vertex 3.41402 -20.4325 0
      vertex 3.23222 -20.2678 2.4
      vertex 3.41402 -20.4325 2.4
    endloop
  endfacet
  facet normal 0.671394 0.741101 0
    outer loop
      vertex 3.23222 -20.2678 2.4
      vertex 3.41402 -20.4325 0
      vertex 3.23222 -20.2678 0
    endloop
  endfacet
  facet normal 0.740979 0.671528 0
    outer loop
      vertex 3.23222 -20.2678 2.4
      vertex 3.06746 -20.086 0
      vertex 3.06746 -20.086 2.4
    endloop
  endfacet
  facet normal 0.740979 0.671528 0
    outer loop
      vertex 3.06746 -20.086 0
      vertex 3.23222 -20.2678 2.4
      vertex 3.23222 -20.2678 0
    endloop
  endfacet
  facet normal 0.803304 0.59557 0
    outer loop
      vertex 3.06746 -20.086 2.4
      vertex 2.92133 -19.8889 0
      vertex 2.92133 -19.8889 2.4
    endloop
  endfacet
  facet normal 0.803304 0.59557 0
    outer loop
      vertex 2.92133 -19.8889 0
      vertex 3.06746 -20.086 2.4
      vertex 3.06746 -20.086 0
    endloop
  endfacet
  facet normal 0.857691 0.514166 0
    outer loop
      vertex 2.92133 -19.8889 2.4
      vertex 2.7952 -19.6785 0
      vertex 2.7952 -19.6785 2.4
    endloop
  endfacet
  facet normal 0.857691 0.514166 0
    outer loop
      vertex 2.7952 -19.6785 0
      vertex 2.92133 -19.8889 2.4
      vertex 2.92133 -19.8889 0
    endloop
  endfacet
  facet normal 0.903979 0.427576 0
    outer loop
      vertex 2.7952 -19.6785 2.4
      vertex 2.69029 -19.4567 0
      vertex 2.69029 -19.4567 2.4
    endloop
  endfacet
  facet normal 0.903979 0.427576 0
    outer loop
      vertex 2.69029 -19.4567 0
      vertex 2.7952 -19.6785 2.4
      vertex 2.7952 -19.6785 0
    endloop
  endfacet
  facet normal 0.941548 0.336879 0
    outer loop
      vertex 2.69029 -19.4567 2.4
      vertex 2.60764 -19.2257 0
      vertex 2.60764 -19.2257 2.4
    endloop
  endfacet
  facet normal 0.941548 0.336879 0
    outer loop
      vertex 2.60764 -19.2257 0
      vertex 2.69029 -19.4567 2.4
      vertex 2.69029 -19.4567 0
    endloop
  endfacet
  facet normal 0.970037 0.242958 0
    outer loop
      vertex 2.60764 -19.2257 2.4
      vertex 2.54803 -18.9877 0
      vertex 2.54803 -18.9877 2.4
    endloop
  endfacet
  facet normal 0.970037 0.242958 0
    outer loop
      vertex 2.54803 -18.9877 0
      vertex 2.60764 -19.2257 2.4
      vertex 2.60764 -19.2257 0
    endloop
  endfacet
  facet normal 0.989171 0.146766 0
    outer loop
      vertex 2.54803 -18.9877 2.4
      vertex 2.51202 -18.745 0
      vertex 2.51202 -18.745 2.4
    endloop
  endfacet
  facet normal 0.989171 0.146766 0
    outer loop
      vertex 2.51202 -18.745 0
      vertex 2.54803 -18.9877 2.4
      vertex 2.54803 -18.9877 0
    endloop
  endfacet
  facet normal 0.998799 0.0490023 0
    outer loop
      vertex 2.51202 -18.745 2.4
      vertex 2.5 -18.5 0
      vertex 2.5 -18.5 2.4
    endloop
  endfacet
  facet normal 0.998799 0.0490023 0
    outer loop
      vertex 2.5 -18.5 0
      vertex 2.51202 -18.745 2.4
      vertex 2.51202 -18.745 0
    endloop
  endfacet
  facet normal 0.9988 -0.0489823 0
    outer loop
      vertex 2.5 -18.5 2.4
      vertex 2.51202 -18.2549 0
      vertex 2.51202 -18.2549 2.4
    endloop
  endfacet
  facet normal 0.9988 -0.0489823 0
    outer loop
      vertex 2.51202 -18.2549 0
      vertex 2.5 -18.5 2.4
      vertex 2.5 -18.5 0
    endloop
  endfacet
  facet normal 0.989162 -0.146825 0
    outer loop
      vertex 2.51202 -18.2549 2.4
      vertex 2.54803 -18.0123 0
      vertex 2.54803 -18.0123 2.4
    endloop
  endfacet
  facet normal 0.989162 -0.146825 0
    outer loop
      vertex 2.54803 -18.0123 0
      vertex 2.51202 -18.2549 2.4
      vertex 2.51202 -18.2549 0
    endloop
  endfacet
  facet normal 0.970037 -0.242958 0
    outer loop
      vertex 2.54803 -18.0123 2.4
      vertex 2.60764 -17.7743 0
      vertex 2.60764 -17.7743 2.4
    endloop
  endfacet
  facet normal 0.970037 -0.242958 0
    outer loop
      vertex 2.60764 -17.7743 0
      vertex 2.54803 -18.0123 2.4
      vertex 2.54803 -18.0123 0
    endloop
  endfacet
  facet normal 0.941548 -0.336879 0
    outer loop
      vertex 2.60764 -17.7743 2.4
      vertex 2.69029 -17.5433 0
      vertex 2.69029 -17.5433 2.4
    endloop
  endfacet
  facet normal 0.941548 -0.336879 0
    outer loop
      vertex 2.69029 -17.5433 0
      vertex 2.60764 -17.7743 2.4
      vertex 2.60764 -17.7743 0
    endloop
  endfacet
  facet normal 0.903979 -0.427576 0
    outer loop
      vertex 2.69029 -17.5433 2.4
      vertex 2.7952 -17.3215 0
      vertex 2.7952 -17.3215 2.4
    endloop
  endfacet
  facet normal 0.903979 -0.427576 0
    outer loop
      vertex 2.7952 -17.3215 0
      vertex 2.69029 -17.5433 2.4
      vertex 2.69029 -17.5433 0
    endloop
  endfacet
  facet normal 0.857691 -0.514166 0
    outer loop
      vertex 2.7952 -17.3215 2.4
      vertex 2.92133 -17.1111 0
      vertex 2.92133 -17.1111 2.4
    endloop
  endfacet
  facet normal 0.857691 -0.514166 0
    outer loop
      vertex 2.92133 -17.1111 0
      vertex 2.7952 -17.3215 2.4
      vertex 2.7952 -17.3215 0
    endloop
  endfacet
  facet normal 0.803304 -0.59557 0
    outer loop
      vertex 2.92133 -17.1111 2.4
      vertex 3.06746 -16.914 0
      vertex 3.06746 -16.914 2.4
    endloop
  endfacet
  facet normal 0.803304 -0.59557 0
    outer loop
      vertex 3.06746 -16.914 0
      vertex 2.92133 -17.1111 2.4
      vertex 2.92133 -17.1111 0
    endloop
  endfacet
  facet normal 0.740979 -0.671528 0
    outer loop
      vertex 3.06746 -16.914 2.4
      vertex 3.23222 -16.7322 0
      vertex 3.23222 -16.7322 2.4
    endloop
  endfacet
  facet normal 0.740979 -0.671528 0
    outer loop
      vertex 3.23222 -16.7322 0
      vertex 3.06746 -16.914 2.4
      vertex 3.06746 -16.914 0
    endloop
  endfacet
  facet normal 0.671394 -0.741101 0
    outer loop
      vertex 3.23222 -16.7322 0
      vertex 3.41402 -16.5675 2.4
      vertex 3.23222 -16.7322 2.4
    endloop
  endfacet
  facet normal 0.671394 -0.741101 0
    outer loop
      vertex 3.41402 -16.5675 2.4
      vertex 3.23222 -16.7322 0
      vertex 3.41402 -16.5675 0
    endloop
  endfacet
  facet normal 0.595851 -0.803095 0
    outer loop
      vertex 3.41402 -16.5675 0
      vertex 3.61107 -16.4213 2.4
      vertex 3.41402 -16.5675 2.4
    endloop
  endfacet
  facet normal 0.595851 -0.803095 0
    outer loop
      vertex 3.61107 -16.4213 2.4
      vertex 3.41402 -16.5675 0
      vertex 3.61107 -16.4213 0
    endloop
  endfacet
  facet normal 0.514022 -0.857777 0
    outer loop
      vertex 3.61107 -16.4213 0
      vertex 3.8215 -16.2952 2.4
      vertex 3.61107 -16.4213 2.4
    endloop
  endfacet
  facet normal 0.514022 -0.857777 0
    outer loop
      vertex 3.8215 -16.2952 2.4
      vertex 3.61107 -16.4213 0
      vertex 3.8215 -16.2952 0
    endloop
  endfacet
  facet normal 0.427559 -0.903987 0
    outer loop
      vertex 3.8215 -16.2952 0
      vertex 4.04329 -16.1903 2.4
      vertex 3.8215 -16.2952 2.4
    endloop
  endfacet
  facet normal 0.427559 -0.903987 0
    outer loop
      vertex 4.04329 -16.1903 2.4
      vertex 3.8215 -16.2952 0
      vertex 4.04329 -16.1903 0
    endloop
  endfacet
  facet normal 0.337072 -0.941479 0
    outer loop
      vertex 4.04329 -16.1903 0
      vertex 4.27428 -16.1076 2.4
      vertex 4.04329 -16.1903 2.4
    endloop
  endfacet
  facet normal 0.337072 -0.941479 0
    outer loop
      vertex 4.27428 -16.1076 2.4
      vertex 4.04329 -16.1903 0
      vertex 4.27428 -16.1076 0
    endloop
  endfacet
  facet normal 0.242929 -0.970044 0
    outer loop
      vertex 4.27428 -16.1076 0
      vertex 4.51227 -16.048 2.4
      vertex 4.27428 -16.1076 2.4
    endloop
  endfacet
  facet normal 0.242929 -0.970044 0
    outer loop
      vertex 4.51227 -16.048 2.4
      vertex 4.27428 -16.1076 0
      vertex 4.51227 -16.048 0
    endloop
  endfacet
  facet normal 0.146744 -0.989175 0
    outer loop
      vertex 4.51227 -16.048 0
      vertex 4.75494 -16.012 2.4
      vertex 4.51227 -16.048 2.4
    endloop
  endfacet
  facet normal 0.146744 -0.989175 0
    outer loop
      vertex 4.75494 -16.012 2.4
      vertex 4.51227 -16.048 0
      vertex 4.75494 -16.012 0
    endloop
  endfacet
  facet normal 0.048909 -0.998803 0
    outer loop
      vertex 4.75494 -16.012 0
      vertex 5 -16 2.4
      vertex 4.75494 -16.012 2.4
    endloop
  endfacet
  facet normal 0.048909 -0.998803 0
    outer loop
      vertex 5 -16 2.4
      vertex 4.75494 -16.012 0
      vertex 5 -16 0
    endloop
  endfacet
  facet normal -0.048913 -0.998803 0
    outer loop
      vertex 5 -16 0
      vertex 5.24504 -16.012 2.4
      vertex 5 -16 2.4
    endloop
  endfacet
  facet normal -0.048913 -0.998803 -0
    outer loop
      vertex 5.24504 -16.012 2.4
      vertex 5 -16 0
      vertex 5.24504 -16.012 0
    endloop
  endfacet
  facet normal -0.146738 -0.989175 0
    outer loop
      vertex 5.24504 -16.012 0
      vertex 5.48772 -16.048 2.4
      vertex 5.24504 -16.012 2.4
    endloop
  endfacet
  facet normal -0.146738 -0.989175 -0
    outer loop
      vertex 5.48772 -16.048 2.4
      vertex 5.24504 -16.012 0
      vertex 5.48772 -16.048 0
    endloop
  endfacet
  facet normal -0.242929 -0.970044 0
    outer loop
      vertex 5.48772 -16.048 0
      vertex 5.72571 -16.1076 2.4
      vertex 5.48772 -16.048 2.4
    endloop
  endfacet
  facet normal -0.242929 -0.970044 -0
    outer loop
      vertex 5.72571 -16.1076 2.4
      vertex 5.48772 -16.048 0
      vertex 5.72571 -16.1076 0
    endloop
  endfacet
  facet normal -0.337072 -0.941479 0
    outer loop
      vertex 5.72571 -16.1076 0
      vertex 5.9567 -16.1903 2.4
      vertex 5.72571 -16.1076 2.4
    endloop
  endfacet
  facet normal -0.337072 -0.941479 -0
    outer loop
      vertex 5.9567 -16.1903 2.4
      vertex 5.72571 -16.1076 0
      vertex 5.9567 -16.1903 0
    endloop
  endfacet
  facet normal -0.427575 -0.90398 0
    outer loop
      vertex 5.9567 -16.1903 0
      vertex 6.17848 -16.2952 2.4
      vertex 5.9567 -16.1903 2.4
    endloop
  endfacet
  facet normal -0.427575 -0.90398 -0
    outer loop
      vertex 6.17848 -16.2952 2.4
      vertex 5.9567 -16.1903 0
      vertex 6.17848 -16.2952 0
    endloop
  endfacet
  facet normal -0.514004 -0.857788 0
    outer loop
      vertex 6.17848 -16.2952 0
      vertex 6.38892 -16.4213 2.4
      vertex 6.17848 -16.2952 2.4
    endloop
  endfacet
  facet normal -0.514004 -0.857788 -0
    outer loop
      vertex 6.38892 -16.4213 2.4
      vertex 6.17848 -16.2952 0
      vertex 6.38892 -16.4213 0
    endloop
  endfacet
  facet normal -0.595851 -0.803095 0
    outer loop
      vertex 6.38892 -16.4213 0
      vertex 6.58597 -16.5675 2.4
      vertex 6.38892 -16.4213 2.4
    endloop
  endfacet
  facet normal -0.595851 -0.803095 -0
    outer loop
      vertex 6.58597 -16.5675 2.4
      vertex 6.38892 -16.4213 0
      vertex 6.58597 -16.5675 0
    endloop
  endfacet
  facet normal -0.671414 -0.741083 0
    outer loop
      vertex 6.58597 -16.5675 0
      vertex 6.76776 -16.7322 2.4
      vertex 6.58597 -16.5675 2.4
    endloop
  endfacet
  facet normal -0.671414 -0.741083 -0
    outer loop
      vertex 6.76776 -16.7322 2.4
      vertex 6.58597 -16.5675 0
      vertex 6.76776 -16.7322 0
    endloop
  endfacet
  facet normal -0.740959 -0.67155 0
    outer loop
      vertex 6.93253 -16.914 0
      vertex 6.76776 -16.7322 2.4
      vertex 6.76776 -16.7322 0
    endloop
  endfacet
  facet normal -0.740959 -0.67155 0
    outer loop
      vertex 6.76776 -16.7322 2.4
      vertex 6.93253 -16.914 0
      vertex 6.93253 -16.914 2.4
    endloop
  endfacet
  facet normal -0.803304 -0.59557 0
    outer loop
      vertex 7.07866 -17.1111 0
      vertex 6.93253 -16.914 2.4
      vertex 6.93253 -16.914 0
    endloop
  endfacet
  facet normal -0.803304 -0.59557 0
    outer loop
      vertex 6.93253 -16.914 2.4
      vertex 7.07866 -17.1111 0
      vertex 7.07866 -17.1111 2.4
    endloop
  endfacet
  facet normal -0.857691 -0.514166 0
    outer loop
      vertex 7.20479 -17.3215 0
      vertex 7.07866 -17.1111 2.4
      vertex 7.07866 -17.1111 0
    endloop
  endfacet
  facet normal -0.857691 -0.514166 0
    outer loop
      vertex 7.07866 -17.1111 2.4
      vertex 7.20479 -17.3215 0
      vertex 7.20479 -17.3215 2.4
    endloop
  endfacet
  facet normal -0.903995 -0.427543 0
    outer loop
      vertex 7.30969 -17.5433 0
      vertex 7.20479 -17.3215 2.4
      vertex 7.20479 -17.3215 0
    endloop
  endfacet
  facet normal -0.903995 -0.427543 0
    outer loop
      vertex 7.20479 -17.3215 2.4
      vertex 7.30969 -17.5433 0
      vertex 7.30969 -17.5433 2.4
    endloop
  endfacet
  facet normal -0.941535 -0.336915 0
    outer loop
      vertex 7.39235 -17.7743 0
      vertex 7.30969 -17.5433 2.4
      vertex 7.30969 -17.5433 0
    endloop
  endfacet
  facet normal -0.941535 -0.336915 0
    outer loop
      vertex 7.30969 -17.5433 2.4
      vertex 7.39235 -17.7743 0
      vertex 7.39235 -17.7743 2.4
    endloop
  endfacet
  facet normal -0.970047 -0.242919 0
    outer loop
      vertex 7.45195 -18.0123 0
      vertex 7.39235 -17.7743 2.4
      vertex 7.39235 -17.7743 0
    endloop
  endfacet
  facet normal -0.970047 -0.242919 0
    outer loop
      vertex 7.39235 -17.7743 2.4
      vertex 7.45195 -18.0123 0
      vertex 7.45195 -18.0123 2.4
    endloop
  endfacet
  facet normal -0.989162 -0.146825 0
    outer loop
      vertex 7.48796 -18.2549 0
      vertex 7.45195 -18.0123 2.4
      vertex 7.45195 -18.0123 0
    endloop
  endfacet
  facet normal -0.989162 -0.146825 0
    outer loop
      vertex 7.45195 -18.0123 2.4
      vertex 7.48796 -18.2549 0
      vertex 7.48796 -18.2549 2.4
    endloop
  endfacet
  facet normal -0.998796 -0.0490636 0
    outer loop
      vertex 7.5 -18.5 0
      vertex 7.48796 -18.2549 2.4
      vertex 7.48796 -18.2549 0
    endloop
  endfacet
  facet normal -0.998796 -0.0490636 0
    outer loop
      vertex 7.48796 -18.2549 2.4
      vertex 7.5 -18.5 0
      vertex 7.5 -18.5 2.4
    endloop
  endfacet
  facet normal -0.998795 0.0490836 0
    outer loop
      vertex 7.48796 -18.745 0
      vertex 7.5 -18.5 2.4
      vertex 7.5 -18.5 0
    endloop
  endfacet
  facet normal -0.998795 0.0490836 0
    outer loop
      vertex 7.5 -18.5 2.4
      vertex 7.48796 -18.745 0
      vertex 7.48796 -18.745 2.4
    endloop
  endfacet
  facet normal -0.989171 0.146766 0
    outer loop
      vertex 7.45195 -18.9877 0
      vertex 7.48796 -18.745 2.4
      vertex 7.48796 -18.745 0
    endloop
  endfacet
  facet normal -0.989171 0.146766 0
    outer loop
      vertex 7.48796 -18.745 2.4
      vertex 7.45195 -18.9877 0
      vertex 7.45195 -18.9877 2.4
    endloop
  endfacet
  facet normal -0.970047 0.242919 0
    outer loop
      vertex 7.39235 -19.2257 0
      vertex 7.45195 -18.9877 2.4
      vertex 7.45195 -18.9877 0
    endloop
  endfacet
  facet normal -0.970047 0.242919 0
    outer loop
      vertex 7.45195 -18.9877 2.4
      vertex 7.39235 -19.2257 0
      vertex 7.39235 -19.2257 2.4
    endloop
  endfacet
  facet normal -0.941535 0.336915 0
    outer loop
      vertex 7.30969 -19.4567 0
      vertex 7.39235 -19.2257 2.4
      vertex 7.39235 -19.2257 0
    endloop
  endfacet
  facet normal -0.941535 0.336915 0
    outer loop
      vertex 7.39235 -19.2257 2.4
      vertex 7.30969 -19.4567 0
      vertex 7.30969 -19.4567 2.4
    endloop
  endfacet
  facet normal -0.903995 0.427543 0
    outer loop
      vertex 7.20479 -19.6785 0
      vertex 7.30969 -19.4567 2.4
      vertex 7.30969 -19.4567 0
    endloop
  endfacet
  facet normal -0.903995 0.427543 0
    outer loop
      vertex 7.30969 -19.4567 2.4
      vertex 7.20479 -19.6785 0
      vertex 7.20479 -19.6785 2.4
    endloop
  endfacet
  facet normal -0.857691 0.514166 0
    outer loop
      vertex 7.07866 -19.8889 0
      vertex 7.20479 -19.6785 2.4
      vertex 7.20479 -19.6785 0
    endloop
  endfacet
  facet normal -0.857691 0.514166 0
    outer loop
      vertex 7.20479 -19.6785 2.4
      vertex 7.07866 -19.8889 0
      vertex 7.07866 -19.8889 2.4
    endloop
  endfacet
  facet normal -0.803304 0.59557 0
    outer loop
      vertex 6.93253 -20.086 0
      vertex 7.07866 -19.8889 2.4
      vertex 7.07866 -19.8889 0
    endloop
  endfacet
  facet normal -0.803304 0.59557 0
    outer loop
      vertex 7.07866 -19.8889 2.4
      vertex 6.93253 -20.086 0
      vertex 6.93253 -20.086 2.4
    endloop
  endfacet
  facet normal -0.740959 0.67155 0
    outer loop
      vertex 6.76776 -20.2678 0
      vertex 6.93253 -20.086 2.4
      vertex 6.93253 -20.086 0
    endloop
  endfacet
  facet normal -0.740959 0.67155 0
    outer loop
      vertex 6.93253 -20.086 2.4
      vertex 6.76776 -20.2678 0
      vertex 6.76776 -20.2678 2.4
    endloop
  endfacet
  facet normal -0.671414 0.741083 0
    outer loop
      vertex 6.76776 -20.2678 0
      vertex 6.58597 -20.4325 2.4
      vertex 6.76776 -20.2678 2.4
    endloop
  endfacet
  facet normal -0.671414 0.741083 0
    outer loop
      vertex 6.58597 -20.4325 2.4
      vertex 6.76776 -20.2678 0
      vertex 6.58597 -20.4325 0
    endloop
  endfacet
  facet normal -0.595851 0.803095 0
    outer loop
      vertex 6.58597 -20.4325 0
      vertex 6.38892 -20.5787 2.4
      vertex 6.58597 -20.4325 2.4
    endloop
  endfacet
  facet normal -0.595851 0.803095 0
    outer loop
      vertex 6.38892 -20.5787 2.4
      vertex 6.58597 -20.4325 0
      vertex 6.38892 -20.5787 0
    endloop
  endfacet
  facet normal -0.514004 0.857788 0
    outer loop
      vertex 6.38892 -20.5787 0
      vertex 6.17848 -20.7048 2.4
      vertex 6.38892 -20.5787 2.4
    endloop
  endfacet
  facet normal -0.514004 0.857788 0
    outer loop
      vertex 6.17848 -20.7048 2.4
      vertex 6.38892 -20.5787 0
      vertex 6.17848 -20.7048 0
    endloop
  endfacet
  facet normal -0.427575 0.90398 0
    outer loop
      vertex 6.17848 -20.7048 0
      vertex 5.9567 -20.8097 2.4
      vertex 6.17848 -20.7048 2.4
    endloop
  endfacet
  facet normal -0.427575 0.90398 0
    outer loop
      vertex 5.9567 -20.8097 2.4
      vertex 6.17848 -20.7048 0
      vertex 5.9567 -20.8097 0
    endloop
  endfacet
  facet normal -0.336711 0.941608 0
    outer loop
      vertex 5.9567 -20.8097 0
      vertex 5.72571 -20.8923 2.4
      vertex 5.9567 -20.8097 2.4
    endloop
  endfacet
  facet normal -0.336711 0.941608 0
    outer loop
      vertex 5.72571 -20.8923 2.4
      vertex 5.9567 -20.8097 0
      vertex 5.72571 -20.8923 0
    endloop
  endfacet
  facet normal -0.243312 0.969948 0
    outer loop
      vertex 5.72571 -20.8923 0
      vertex 5.48772 -20.952 2.4
      vertex 5.72571 -20.8923 2.4
    endloop
  endfacet
  facet normal -0.243312 0.969948 0
    outer loop
      vertex 5.48772 -20.952 2.4
      vertex 5.72571 -20.8923 0
      vertex 5.48772 -20.952 0
    endloop
  endfacet
  facet normal -0.146738 0.989175 0
    outer loop
      vertex 5.48772 -20.952 0
      vertex 5.24504 -20.988 2.4
      vertex 5.48772 -20.952 2.4
    endloop
  endfacet
  facet normal -0.146738 0.989175 0
    outer loop
      vertex 5.24504 -20.988 2.4
      vertex 5.48772 -20.952 0
      vertex 5.24504 -20.988 0
    endloop
  endfacet
  facet normal -0.048913 0.998803 0
    outer loop
      vertex 5.24504 -20.988 0
      vertex 5 -21 2.4
      vertex 5.24504 -20.988 2.4
    endloop
  endfacet
  facet normal -0.048913 0.998803 0
    outer loop
      vertex 5 -21 2.4
      vertex 5.24504 -20.988 0
      vertex 5 -21 0
    endloop
  endfacet
  facet normal 0.048909 0.998803 -0
    outer loop
      vertex 5 -21 0
      vertex 4.75494 -20.988 2.4
      vertex 5 -21 2.4
    endloop
  endfacet
  facet normal 0.048909 0.998803 0
    outer loop
      vertex 4.75494 -20.988 2.4
      vertex 5 -21 0
      vertex 4.75494 -20.988 0
    endloop
  endfacet
  facet normal 0.146364 0.989231 -0
    outer loop
      vertex -11.294 -25.4855 0
      vertex -11.5853 -25.4424 2.4
      vertex -11.294 -25.4855 2.4
    endloop
  endfacet
  facet normal 0.146364 0.989231 0
    outer loop
      vertex -11.5853 -25.4424 2.4
      vertex -11.294 -25.4855 0
      vertex -11.5853 -25.4424 0
    endloop
  endfacet
  facet normal 0.243255 0.969962 -0
    outer loop
      vertex -11.5853 -25.4424 0
      vertex -11.8708 -25.3708 2.4
      vertex -11.5853 -25.4424 2.4
    endloop
  endfacet
  facet normal 0.243255 0.969962 0
    outer loop
      vertex -11.8708 -25.3708 2.4
      vertex -11.5853 -25.4424 0
      vertex -11.8708 -25.3708 0
    endloop
  endfacet
  facet normal 0.336939 0.941527 -0
    outer loop
      vertex -11.8708 -25.3708 0
      vertex -12.148 -25.2716 2.4
      vertex -11.8708 -25.3708 2.4
    endloop
  endfacet
  facet normal 0.336939 0.941527 0
    outer loop
      vertex -12.148 -25.2716 2.4
      vertex -11.8708 -25.3708 0
      vertex -12.148 -25.2716 0
    endloop
  endfacet
  facet normal 0.427269 0.904125 -0
    outer loop
      vertex -12.148 -25.2716 0
      vertex -12.4142 -25.1458 2.4
      vertex -12.148 -25.2716 2.4
    endloop
  endfacet
  facet normal 0.427269 0.904125 0
    outer loop
      vertex -12.4142 -25.1458 2.4
      vertex -12.148 -25.2716 0
      vertex -12.4142 -25.1458 0
    endloop
  endfacet
  facet normal 0.514246 0.857643 -0
    outer loop
      vertex -12.4142 -25.1458 0
      vertex -12.6667 -24.9944 2.4
      vertex -12.4142 -25.1458 2.4
    endloop
  endfacet
  facet normal 0.514246 0.857643 0
    outer loop
      vertex -12.6667 -24.9944 2.4
      vertex -12.4142 -25.1458 0
      vertex -12.6667 -24.9944 0
    endloop
  endfacet
  facet normal 0.595699 0.803208 -0
    outer loop
      vertex -12.6667 -24.9944 0
      vertex -12.9032 -24.819 2.4
      vertex -12.6667 -24.9944 2.4
    endloop
  endfacet
  facet normal 0.595699 0.803208 0
    outer loop
      vertex -12.9032 -24.819 2.4
      vertex -12.6667 -24.9944 0
      vertex -12.9032 -24.819 0
    endloop
  endfacet
  facet normal 0.671607 0.740908 -0
    outer loop
      vertex -12.9032 -24.819 0
      vertex -13.1213 -24.6213 2.4
      vertex -12.9032 -24.819 2.4
    endloop
  endfacet
  facet normal 0.671607 0.740908 0
    outer loop
      vertex -13.1213 -24.6213 2.4
      vertex -12.9032 -24.819 0
      vertex -13.1213 -24.6213 0
    endloop
  endfacet
  facet normal 0.740908 0.671607 0
    outer loop
      vertex -13.1213 -24.6213 2.4
      vertex -13.319 -24.4032 0
      vertex -13.319 -24.4032 2.4
    endloop
  endfacet
  facet normal 0.740908 0.671607 0
    outer loop
      vertex -13.319 -24.4032 0
      vertex -13.1213 -24.6213 2.4
      vertex -13.1213 -24.6213 0
    endloop
  endfacet
  facet normal 0.803208 0.595699 0
    outer loop
      vertex -13.319 -24.4032 2.4
      vertex -13.4944 -24.1667 0
      vertex -13.4944 -24.1667 2.4
    endloop
  endfacet
  facet normal 0.803208 0.595699 0
    outer loop
      vertex -13.4944 -24.1667 0
      vertex -13.319 -24.4032 2.4
      vertex -13.319 -24.4032 0
    endloop
  endfacet
  facet normal 0.857643 0.514246 0
    outer loop
      vertex -13.4944 -24.1667 2.4
      vertex -13.6458 -23.9142 0
      vertex -13.6458 -23.9142 2.4
    endloop
  endfacet
  facet normal 0.857643 0.514246 0
    outer loop
      vertex -13.6458 -23.9142 0
      vertex -13.4944 -24.1667 2.4
      vertex -13.4944 -24.1667 0
    endloop
  endfacet
  facet normal 0.904125 0.427269 0
    outer loop
      vertex -13.6458 -23.9142 2.4
      vertex -13.7716 -23.648 0
      vertex -13.7716 -23.648 2.4
    endloop
  endfacet
  facet normal 0.904125 0.427269 0
    outer loop
      vertex -13.7716 -23.648 0
      vertex -13.6458 -23.9142 2.4
      vertex -13.6458 -23.9142 0
    endloop
  endfacet
  facet normal 0.941527 0.336939 0
    outer loop
      vertex -13.7716 -23.648 2.4
      vertex -13.8708 -23.3708 0
      vertex -13.8708 -23.3708 2.4
    endloop
  endfacet
  facet normal 0.941527 0.336939 0
    outer loop
      vertex -13.8708 -23.3708 0
      vertex -13.7716 -23.648 2.4
      vertex -13.7716 -23.648 0
    endloop
  endfacet
  facet normal 0.969962 0.243255 0
    outer loop
      vertex -13.8708 -23.3708 2.4
      vertex -13.9424 -23.0853 0
      vertex -13.9424 -23.0853 2.4
    endloop
  endfacet
  facet normal 0.969962 0.243255 0
    outer loop
      vertex -13.9424 -23.0853 0
      vertex -13.8708 -23.3708 2.4
      vertex -13.8708 -23.3708 0
    endloop
  endfacet
  facet normal 0.989231 0.146364 0
    outer loop
      vertex -13.9424 -23.0853 2.4
      vertex -13.9855 -22.794 0
      vertex -13.9855 -22.794 2.4
    endloop
  endfacet
  facet normal 0.989231 0.146364 0
    outer loop
      vertex -13.9855 -22.794 0
      vertex -13.9424 -23.0853 2.4
      vertex -13.9424 -23.0853 0
    endloop
  endfacet
  facet normal 0.998786 0.0492599 0
    outer loop
      vertex -13.9855 -22.794 2.4
      vertex -14 -22.5 0
      vertex -14 -22.5 2.4
    endloop
  endfacet
  facet normal 0.998786 0.0492599 0
    outer loop
      vertex -14 -22.5 0
      vertex -13.9855 -22.794 2.4
      vertex -13.9855 -22.794 0
    endloop
  endfacet
  facet normal 0.998787 -0.0492431 0
    outer loop
      vertex -14 -22.5 2.4
      vertex -13.9855 -22.2059 0
      vertex -13.9855 -22.2059 2.4
    endloop
  endfacet
  facet normal 0.998787 -0.0492431 0
    outer loop
      vertex -13.9855 -22.2059 0
      vertex -14 -22.5 2.4
      vertex -14 -22.5 0
    endloop
  endfacet
  facet normal 0.989224 -0.146413 0
    outer loop
      vertex -13.9855 -22.2059 2.4
      vertex -13.9424 -21.9147 0
      vertex -13.9424 -21.9147 2.4
    endloop
  endfacet
  facet normal 0.989224 -0.146413 0
    outer loop
      vertex -13.9424 -21.9147 0
      vertex -13.9855 -22.2059 2.4
      vertex -13.9855 -22.2059 0
    endloop
  endfacet
  facet normal 0.969982 -0.243175 0
    outer loop
      vertex -13.9424 -21.9147 2.4
      vertex -13.8708 -21.6291 0
      vertex -13.8708 -21.6291 2.4
    endloop
  endfacet
  facet normal 0.969982 -0.243175 0
    outer loop
      vertex -13.8708 -21.6291 0
      vertex -13.9424 -21.9147 2.4
      vertex -13.9424 -21.9147 0
    endloop
  endfacet
  facet normal 0.941527 -0.336939 0
    outer loop
      vertex -13.8708 -21.6291 2.4
      vertex -13.7716 -21.3519 0
      vertex -13.7716 -21.3519 2.4
    endloop
  endfacet
  facet normal 0.941527 -0.336939 0
    outer loop
      vertex -13.7716 -21.3519 0
      vertex -13.8708 -21.6291 2.4
      vertex -13.8708 -21.6291 0
    endloop
  endfacet
  facet normal 0.904063 -0.4274 0
    outer loop
      vertex -13.7716 -21.3519 2.4
      vertex -13.6458 -21.0858 0
      vertex -13.6458 -21.0858 2.4
    endloop
  endfacet
  facet normal 0.904063 -0.4274 0
    outer loop
      vertex -13.6458 -21.0858 0
      vertex -13.7716 -21.3519 2.4
      vertex -13.7716 -21.3519 0
    endloop
  endfacet
  facet normal 0.857643 -0.514246 0
    outer loop
      vertex -13.6458 -21.0858 2.4
      vertex -13.4944 -20.8333 0
      vertex -13.4944 -20.8333 2.4
    endloop
  endfacet
  facet normal 0.857643 -0.514246 0
    outer loop
      vertex -13.4944 -20.8333 0
      vertex -13.6458 -21.0858 2.4
      vertex -13.6458 -21.0858 0
    endloop
  endfacet
  facet normal 0.803208 -0.595699 0
    outer loop
      vertex -13.4944 -20.8333 2.4
      vertex -13.319 -20.5968 0
      vertex -13.319 -20.5968 2.4
    endloop
  endfacet
  facet normal 0.803208 -0.595699 0
    outer loop
      vertex -13.319 -20.5968 0
      vertex -13.4944 -20.8333 2.4
      vertex -13.4944 -20.8333 0
    endloop
  endfacet
  facet normal 0.740908 -0.671607 0
    outer loop
      vertex -13.319 -20.5968 2.4
      vertex -13.1213 -20.3787 0
      vertex -13.1213 -20.3787 2.4
    endloop
  endfacet
  facet normal 0.740908 -0.671607 0
    outer loop
      vertex -13.1213 -20.3787 0
      vertex -13.319 -20.5968 2.4
      vertex -13.319 -20.5968 0
    endloop
  endfacet
  facet normal 0.671607 -0.740908 0
    outer loop
      vertex -13.1213 -20.3787 0
      vertex -12.9032 -20.181 2.4
      vertex -13.1213 -20.3787 2.4
    endloop
  endfacet
  facet normal 0.671607 -0.740908 0
    outer loop
      vertex -12.9032 -20.181 2.4
      vertex -13.1213 -20.3787 0
      vertex -12.9032 -20.181 0
    endloop
  endfacet
  facet normal 0.595699 -0.803208 0
    outer loop
      vertex -12.9032 -20.181 0
      vertex -12.6667 -20.0056 2.4
      vertex -12.9032 -20.181 2.4
    endloop
  endfacet
  facet normal 0.595699 -0.803208 0
    outer loop
      vertex -12.6667 -20.0056 2.4
      vertex -12.9032 -20.181 0
      vertex -12.6667 -20.0056 0
    endloop
  endfacet
  facet normal 0.514246 -0.857643 0
    outer loop
      vertex -12.6667 -20.0056 0
      vertex -12.4142 -19.8542 2.4
      vertex -12.6667 -20.0056 2.4
    endloop
  endfacet
  facet normal 0.514246 -0.857643 0
    outer loop
      vertex -12.4142 -19.8542 2.4
      vertex -12.6667 -20.0056 0
      vertex -12.4142 -19.8542 0
    endloop
  endfacet
  facet normal 0.427546 -0.903994 0
    outer loop
      vertex -12.4142 -19.8542 0
      vertex -12.148 -19.7283 2.4
      vertex -12.4142 -19.8542 2.4
    endloop
  endfacet
  facet normal 0.427546 -0.903994 0
    outer loop
      vertex -12.148 -19.7283 2.4
      vertex -12.4142 -19.8542 0
      vertex -12.148 -19.7283 0
    endloop
  endfacet
  facet normal 0.336638 -0.941634 0
    outer loop
      vertex -12.148 -19.7283 0
      vertex -11.8708 -19.6292 2.4
      vertex -12.148 -19.7283 2.4
    endloop
  endfacet
  facet normal 0.336638 -0.941634 0
    outer loop
      vertex -11.8708 -19.6292 2.4
      vertex -12.148 -19.7283 0
      vertex -11.8708 -19.6292 0
    endloop
  endfacet
  facet normal 0.243255 -0.969962 0
    outer loop
      vertex -11.8708 -19.6292 0
      vertex -11.5853 -19.5576 2.4
      vertex -11.8708 -19.6292 2.4
    endloop
  endfacet
  facet normal 0.243255 -0.969962 0
    outer loop
      vertex -11.5853 -19.5576 2.4
      vertex -11.8708 -19.6292 0
      vertex -11.5853 -19.5576 0
    endloop
  endfacet
  facet normal 0.146696 -0.989182 0
    outer loop
      vertex -11.5853 -19.5576 0
      vertex -11.294 -19.5144 2.4
      vertex -11.5853 -19.5576 2.4
    endloop
  endfacet
  facet normal 0.146696 -0.989182 0
    outer loop
      vertex -11.294 -19.5144 2.4
      vertex -11.5853 -19.5576 0
      vertex -11.294 -19.5144 0
    endloop
  endfacet
  facet normal 0.0489209 -0.998803 0
    outer loop
      vertex -11.294 -19.5144 0
      vertex -11 -19.5 2.4
      vertex -11.294 -19.5144 2.4
    endloop
  endfacet
  facet normal 0.0489209 -0.998803 0
    outer loop
      vertex -11 -19.5 2.4
      vertex -11.294 -19.5144 0
      vertex -11 -19.5 0
    endloop
  endfacet
  facet normal -0.0489044 -0.998803 0
    outer loop
      vertex -11 -19.5 0
      vertex -10.7059 -19.5144 2.4
      vertex -11 -19.5 2.4
    endloop
  endfacet
  facet normal -0.0489044 -0.998803 -0
    outer loop
      vertex -10.7059 -19.5144 2.4
      vertex -11 -19.5 0
      vertex -10.7059 -19.5144 0
    endloop
  endfacet
  facet normal -0.146746 -0.989174 0
    outer loop
      vertex -10.7059 -19.5144 0
      vertex -10.4147 -19.5576 2.4
      vertex -10.7059 -19.5144 2.4
    endloop
  endfacet
  facet normal -0.146746 -0.989174 -0
    outer loop
      vertex -10.4147 -19.5576 2.4
      vertex -10.7059 -19.5144 0
      vertex -10.4147 -19.5576 0
    endloop
  endfacet
  facet normal -0.243175 -0.969982 0
    outer loop
      vertex -10.4147 -19.5576 0
      vertex -10.1291 -19.6292 2.4
      vertex -10.4147 -19.5576 2.4
    endloop
  endfacet
  facet normal -0.243175 -0.969982 -0
    outer loop
      vertex -10.1291 -19.6292 2.4
      vertex -10.4147 -19.5576 0
      vertex -10.1291 -19.6292 0
    endloop
  endfacet
  facet normal -0.336681 -0.941619 0
    outer loop
      vertex -10.1291 -19.6292 0
      vertex -9.85194 -19.7283 2.4
      vertex -10.1291 -19.6292 2.4
    endloop
  endfacet
  facet normal -0.336681 -0.941619 -0
    outer loop
      vertex -9.85194 -19.7283 2.4
      vertex -10.1291 -19.6292 0
      vertex -9.85194 -19.7283 0
    endloop
  endfacet
  facet normal -0.427625 -0.903956 0
    outer loop
      vertex -9.85194 -19.7283 0
      vertex -9.5858 -19.8542 2.4
      vertex -9.85194 -19.7283 2.4
    endloop
  endfacet
  facet normal -0.427625 -0.903956 -0
    outer loop
      vertex -9.5858 -19.8542 2.4
      vertex -9.85194 -19.7283 0
      vertex -9.5858 -19.8542 0
    endloop
  endfacet
  facet normal -0.514216 -0.857661 0
    outer loop
      vertex -9.5858 -19.8542 0
      vertex -9.33328 -20.0056 2.4
      vertex -9.5858 -19.8542 2.4
    endloop
  endfacet
  facet normal -0.514216 -0.857661 -0
    outer loop
      vertex -9.33328 -20.0056 2.4
      vertex -9.5858 -19.8542 0
      vertex -9.33328 -20.0056 0
    endloop
  endfacet
  facet normal -0.595764 -0.80316 0
    outer loop
      vertex -9.33328 -20.0056 0
      vertex -9.09682 -20.181 2.4
      vertex -9.33328 -20.0056 2.4
    endloop
  endfacet
  facet normal -0.595764 -0.80316 -0
    outer loop
      vertex -9.09682 -20.181 2.4
      vertex -9.33328 -20.0056 0
      vertex -9.09682 -20.181 0
    endloop
  endfacet
  facet normal -0.671539 -0.740969 0
    outer loop
      vertex -9.09682 -20.181 0
      vertex -8.87868 -20.3787 2.4
      vertex -9.09682 -20.181 2.4
    endloop
  endfacet
  facet normal -0.671539 -0.740969 -0
    outer loop
      vertex -8.87868 -20.3787 2.4
      vertex -9.09682 -20.181 0
      vertex -8.87868 -20.3787 0
    endloop
  endfacet
  facet normal -0.740857 -0.671663 0
    outer loop
      vertex -8.68095 -20.5968 0
      vertex -8.87868 -20.3787 2.4
      vertex -8.87868 -20.3787 0
    endloop
  endfacet
  facet normal -0.740857 -0.671663 0
    outer loop
      vertex -8.87868 -20.3787 2.4
      vertex -8.68095 -20.5968 0
      vertex -8.68095 -20.5968 2.4
    endloop
  endfacet
  facet normal -0.803257 -0.595633 0
    outer loop
      vertex -8.50558 -20.8333 0
      vertex -8.68095 -20.5968 2.4
      vertex -8.68095 -20.5968 0
    endloop
  endfacet
  facet normal -0.803257 -0.595633 0
    outer loop
      vertex -8.68095 -20.5968 2.4
      vertex -8.50558 -20.8333 0
      vertex -8.50558 -20.8333 2.4
    endloop
  endfacet
  facet normal -0.857718 -0.514121 0
    outer loop
      vertex -8.35423 -21.0858 0
      vertex -8.50558 -20.8333 2.4
      vertex -8.50558 -20.8333 0
    endloop
  endfacet
  facet normal -0.857718 -0.514121 0
    outer loop
      vertex -8.50558 -20.8333 2.4
      vertex -8.35423 -21.0858 0
      vertex -8.35423 -21.0858 2.4
    endloop
  endfacet
  facet normal -0.903958 -0.427622 0
    outer loop
      vertex -8.22835 -21.3519 0
      vertex -8.35423 -21.0858 2.4
      vertex -8.35423 -21.0858 0
    endloop
  endfacet
  facet normal -0.903958 -0.427622 0
    outer loop
      vertex -8.35423 -21.0858 2.4
      vertex -8.22835 -21.3519 0
      vertex -8.22835 -21.3519 2.4
    endloop
  endfacet
  facet normal -0.941548 -0.336879 0
    outer loop
      vertex -8.12917 -21.6291 0
      vertex -8.22835 -21.3519 2.4
      vertex -8.22835 -21.3519 0
    endloop
  endfacet
  facet normal -0.941548 -0.336879 0
    outer loop
      vertex -8.22835 -21.3519 2.4
      vertex -8.12917 -21.6291 0
      vertex -8.12917 -21.6291 2.4
    endloop
  endfacet
  facet normal -0.970031 -0.242983 0
    outer loop
      vertex -8.05763 -21.9147 0
      vertex -8.12917 -21.6291 2.4
      vertex -8.12917 -21.6291 0
    endloop
  endfacet
  facet normal -0.970031 -0.242983 0
    outer loop
      vertex -8.12917 -21.6291 2.4
      vertex -8.05763 -21.9147 0
      vertex -8.05763 -21.9147 2.4
    endloop
  endfacet
  facet normal -0.989174 -0.146746 0
    outer loop
      vertex -8.01443 -22.2059 0
      vertex -8.05763 -21.9147 2.4
      vertex -8.05763 -21.9147 0
    endloop
  endfacet
  facet normal -0.989174 -0.146746 0
    outer loop
      vertex -8.05763 -21.9147 2.4
      vertex -8.01443 -22.2059 0
      vertex -8.01443 -22.2059 2.4
    endloop
  endfacet
  facet normal -0.998798 -0.049006 0
    outer loop
      vertex -8 -22.5 0
      vertex -8.01443 -22.2059 2.4
      vertex -8.01443 -22.2059 0
    endloop
  endfacet
  facet normal -0.998798 -0.049006 0
    outer loop
      vertex -8.01443 -22.2059 2.4
      vertex -8 -22.5 0
      vertex -8 -22.5 2.4
    endloop
  endfacet
  facet normal -0.998798 0.0490226 0
    outer loop
      vertex -8.01443 -22.794 0
      vertex -8 -22.5 2.4
      vertex -8 -22.5 0
    endloop
  endfacet
  facet normal -0.998798 0.0490226 0
    outer loop
      vertex -8 -22.5 2.4
      vertex -8.01443 -22.794 0
      vertex -8.01443 -22.794 2.4
    endloop
  endfacet
  facet normal -0.989182 0.146696 0
    outer loop
      vertex -8.05763 -23.0853 0
      vertex -8.01443 -22.794 2.4
      vertex -8.01443 -22.794 0
    endloop
  endfacet
  facet normal -0.989182 0.146696 0
    outer loop
      vertex -8.01443 -22.794 2.4
      vertex -8.05763 -23.0853 0
      vertex -8.05763 -23.0853 2.4
    endloop
  endfacet
  facet normal -0.97001 0.243063 0
    outer loop
      vertex -8.12917 -23.3708 0
      vertex -8.05763 -23.0853 2.4
      vertex -8.05763 -23.0853 0
    endloop
  endfacet
  facet normal -0.97001 0.243063 0
    outer loop
      vertex -8.05763 -23.0853 2.4
      vertex -8.12917 -23.3708 0
      vertex -8.12917 -23.3708 2.4
    endloop
  endfacet
  facet normal -0.941548 0.336879 0
    outer loop
      vertex -8.22835 -23.648 0
      vertex -8.12917 -23.3708 2.4
      vertex -8.12917 -23.3708 0
    endloop
  endfacet
  facet normal -0.941548 0.336879 0
    outer loop
      vertex -8.12917 -23.3708 2.4
      vertex -8.22835 -23.648 0
      vertex -8.22835 -23.648 2.4
    endloop
  endfacet
  facet normal -0.90402 0.427491 0
    outer loop
      vertex -8.35423 -23.9142 0
      vertex -8.22835 -23.648 2.4
      vertex -8.22835 -23.648 0
    endloop
  endfacet
  facet normal -0.90402 0.427491 0
    outer loop
      vertex -8.22835 -23.648 2.4
      vertex -8.35423 -23.9142 0
      vertex -8.35423 -23.9142 2.4
    endloop
  endfacet
  facet normal -0.857718 0.514121 0
    outer loop
      vertex -8.50558 -24.1667 0
      vertex -8.35423 -23.9142 2.4
      vertex -8.35423 -23.9142 0
    endloop
  endfacet
  facet normal -0.857718 0.514121 0
    outer loop
      vertex -8.35423 -23.9142 2.4
      vertex -8.50558 -24.1667 0
      vertex -8.50558 -24.1667 2.4
    endloop
  endfacet
  facet normal -0.803257 0.595633 0
    outer loop
      vertex -8.68095 -24.4032 0
      vertex -8.50558 -24.1667 2.4
      vertex -8.50558 -24.1667 0
    endloop
  endfacet
  facet normal -0.803257 0.595633 0
    outer loop
      vertex -8.50558 -24.1667 2.4
      vertex -8.68095 -24.4032 0
      vertex -8.68095 -24.4032 2.4
    endloop
  endfacet
  facet normal -0.740857 0.671663 0
    outer loop
      vertex -8.87868 -24.6213 0
      vertex -8.68095 -24.4032 2.4
      vertex -8.68095 -24.4032 0
    endloop
  endfacet
  facet normal -0.740857 0.671663 0
    outer loop
      vertex -8.68095 -24.4032 2.4
      vertex -8.87868 -24.6213 0
      vertex -8.87868 -24.6213 2.4
    endloop
  endfacet
  facet normal -0.671539 0.740969 0
    outer loop
      vertex -8.87868 -24.6213 0
      vertex -9.09682 -24.819 2.4
      vertex -8.87868 -24.6213 2.4
    endloop
  endfacet
  facet normal -0.671539 0.740969 0
    outer loop
      vertex -9.09682 -24.819 2.4
      vertex -8.87868 -24.6213 0
      vertex -9.09682 -24.819 0
    endloop
  endfacet
  facet normal -0.595764 0.80316 0
    outer loop
      vertex -9.09682 -24.819 0
      vertex -9.33328 -24.9944 2.4
      vertex -9.09682 -24.819 2.4
    endloop
  endfacet
  facet normal -0.595764 0.80316 0
    outer loop
      vertex -9.33328 -24.9944 2.4
      vertex -9.09682 -24.819 0
      vertex -9.33328 -24.9944 0
    endloop
  endfacet
  facet normal -0.514216 0.857661 0
    outer loop
      vertex -9.33328 -24.9944 0
      vertex -9.5858 -25.1458 2.4
      vertex -9.33328 -24.9944 2.4
    endloop
  endfacet
  facet normal -0.514216 0.857661 0
    outer loop
      vertex -9.5858 -25.1458 2.4
      vertex -9.33328 -24.9944 0
      vertex -9.5858 -25.1458 0
    endloop
  endfacet
  facet normal -0.427347 0.904088 0
    outer loop
      vertex -9.5858 -25.1458 0
      vertex -9.85194 -25.2716 2.4
      vertex -9.5858 -25.1458 2.4
    endloop
  endfacet
  facet normal -0.427347 0.904088 0
    outer loop
      vertex -9.85194 -25.2716 2.4
      vertex -9.5858 -25.1458 0
      vertex -9.85194 -25.2716 0
    endloop
  endfacet
  facet normal -0.336982 0.941511 0
    outer loop
      vertex -9.85194 -25.2716 0
      vertex -10.1291 -25.3708 2.4
      vertex -9.85194 -25.2716 2.4
    endloop
  endfacet
  facet normal -0.336982 0.941511 0
    outer loop
      vertex -10.1291 -25.3708 2.4
      vertex -9.85194 -25.2716 0
      vertex -10.1291 -25.3708 0
    endloop
  endfacet
  facet normal -0.243175 0.969982 0
    outer loop
      vertex -10.1291 -25.3708 0
      vertex -10.4147 -25.4424 2.4
      vertex -10.1291 -25.3708 2.4
    endloop
  endfacet
  facet normal -0.243175 0.969982 0
    outer loop
      vertex -10.4147 -25.4424 2.4
      vertex -10.1291 -25.3708 0
      vertex -10.4147 -25.4424 0
    endloop
  endfacet
  facet normal -0.146413 0.989224 0
    outer loop
      vertex -10.4147 -25.4424 0
      vertex -10.7059 -25.4855 2.4
      vertex -10.4147 -25.4424 2.4
    endloop
  endfacet
  facet normal -0.146413 0.989224 0
    outer loop
      vertex -10.7059 -25.4855 2.4
      vertex -10.4147 -25.4424 0
      vertex -10.7059 -25.4855 0
    endloop
  endfacet
  facet normal -0.0492431 0.998787 0
    outer loop
      vertex -10.7059 -25.4855 0
      vertex -11 -25.5 2.4
      vertex -10.7059 -25.4855 2.4
    endloop
  endfacet
  facet normal -0.0492431 0.998787 0
    outer loop
      vertex -11 -25.5 2.4
      vertex -10.7059 -25.4855 0
      vertex -11 -25.5 0
    endloop
  endfacet
  facet normal 0.0492599 0.998786 -0
    outer loop
      vertex -11 -25.5 0
      vertex -11.294 -25.4855 2.4
      vertex -11 -25.5 2.4
    endloop
  endfacet
  facet normal 0.0492599 0.998786 0
    outer loop
      vertex -11.294 -25.4855 2.4
      vertex -11 -25.5 0
      vertex -11.294 -25.4855 0
    endloop
  endfacet
  facet normal 0.146696 0.989182 -0
    outer loop
      vertex 12.804 -27.4904 0
      vertex 12.6098 -27.4616 2.4
      vertex 12.804 -27.4904 2.4
    endloop
  endfacet
  facet normal 0.146696 0.989182 0
    outer loop
      vertex 12.6098 -27.4616 2.4
      vertex 12.804 -27.4904 0
      vertex 12.6098 -27.4616 0
    endloop
  endfacet
  facet normal 0.243015 0.970023 -0
    outer loop
      vertex 12.6098 -27.4616 0
      vertex 12.4194 -27.4139 2.4
      vertex 12.6098 -27.4616 2.4
    endloop
  endfacet
  facet normal 0.243015 0.970023 0
    outer loop
      vertex 12.4194 -27.4139 2.4
      vertex 12.6098 -27.4616 0
      vertex 12.4194 -27.4139 0
    endloop
  endfacet
  facet normal 0.33724 0.941419 -0
    outer loop
      vertex 12.4194 -27.4139 0
      vertex 12.2346 -27.3477 2.4
      vertex 12.4194 -27.4139 2.4
    endloop
  endfacet
  facet normal 0.33724 0.941419 0
    outer loop
      vertex 12.2346 -27.3477 2.4
      vertex 12.4194 -27.4139 0
      vertex 12.2346 -27.3477 0
    endloop
  endfacet
  facet normal 0.427539 0.903997 -0
    outer loop
      vertex 12.2346 -27.3477 0
      vertex 12.0572 -27.2638 2.4
      vertex 12.2346 -27.3477 2.4
    endloop
  endfacet
  facet normal 0.427539 0.903997 0
    outer loop
      vertex 12.0572 -27.2638 2.4
      vertex 12.2346 -27.3477 0
      vertex 12.0572 -27.2638 0
    endloop
  endfacet
  facet normal 0.514196 0.857673 -0
    outer loop
      vertex 12.0572 -27.2638 0
      vertex 11.8889 -27.1629 2.4
      vertex 12.0572 -27.2638 2.4
    endloop
  endfacet
  facet normal 0.514196 0.857673 0
    outer loop
      vertex 11.8889 -27.1629 2.4
      vertex 12.0572 -27.2638 0
      vertex 11.8889 -27.1629 0
    endloop
  endfacet
  facet normal 0.595508 0.80335 -0
    outer loop
      vertex 11.8889 -27.1629 0
      vertex 11.7312 -27.046 2.4
      vertex 11.8889 -27.1629 2.4
    endloop
  endfacet
  facet normal 0.595508 0.80335 0
    outer loop
      vertex 11.7312 -27.046 2.4
      vertex 11.8889 -27.1629 0
      vertex 11.7312 -27.046 0
    endloop
  endfacet
  facet normal 0.671607 0.740908 -0
    outer loop
      vertex 11.7312 -27.046 0
      vertex 11.5858 -26.9142 2.4
      vertex 11.7312 -27.046 2.4
    endloop
  endfacet
  facet normal 0.671607 0.740908 0
    outer loop
      vertex 11.5858 -26.9142 2.4
      vertex 11.7312 -27.046 0
      vertex 11.5858 -26.9142 0
    endloop
  endfacet
  facet normal 0.740908 0.671607 0
    outer loop
      vertex 11.5858 -26.9142 2.4
      vertex 11.454 -26.7688 0
      vertex 11.454 -26.7688 2.4
    endloop
  endfacet
  facet normal 0.740908 0.671607 0
    outer loop
      vertex 11.454 -26.7688 0
      vertex 11.5858 -26.9142 2.4
      vertex 11.5858 -26.9142 0
    endloop
  endfacet
  facet normal 0.80335 0.595508 0
    outer loop
      vertex 11.454 -26.7688 2.4
      vertex 11.3371 -26.6111 0
      vertex 11.3371 -26.6111 2.4
    endloop
  endfacet
  facet normal 0.80335 0.595508 0
    outer loop
      vertex 11.3371 -26.6111 0
      vertex 11.454 -26.7688 2.4
      vertex 11.454 -26.7688 0
    endloop
  endfacet
  facet normal 0.857448 0.514571 0
    outer loop
      vertex 11.3371 -26.6111 2.4
      vertex 11.2361 -26.4428 0
      vertex 11.2361 -26.4428 2.4
    endloop
  endfacet
  facet normal 0.857448 0.514571 0
    outer loop
      vertex 11.2361 -26.4428 0
      vertex 11.3371 -26.6111 2.4
      vertex 11.3371 -26.6111 0
    endloop
  endfacet
  facet normal 0.903997 0.427539 0
    outer loop
      vertex 11.2361 -26.4428 2.4
      vertex 11.1522 -26.2654 0
      vertex 11.1522 -26.2654 2.4
    endloop
  endfacet
  facet normal 0.903997 0.427539 0
    outer loop
      vertex 11.1522 -26.2654 0
      vertex 11.2361 -26.4428 2.4
      vertex 11.2361 -26.4428 0
    endloop
  endfacet
  facet normal 0.94158 0.336788 0
    outer loop
      vertex 11.1522 -26.2654 2.4
      vertex 11.0861 -26.0806 0
      vertex 11.0861 -26.0806 2.4
    endloop
  endfacet
  facet normal 0.94158 0.336788 0
    outer loop
      vertex 11.0861 -26.0806 0
      vertex 11.1522 -26.2654 2.4
      vertex 11.1522 -26.2654 0
    endloop
  endfacet
  facet normal 0.970023 0.243015 0
    outer loop
      vertex 11.0861 -26.0806 2.4
      vertex 11.0384 -25.8902 0
      vertex 11.0384 -25.8902 2.4
    endloop
  endfacet
  facet normal 0.970023 0.243015 0
    outer loop
      vertex 11.0384 -25.8902 0
      vertex 11.0861 -26.0806 2.4
      vertex 11.0861 -26.0806 0
    endloop
  endfacet
  facet normal 0.989182 0.146696 0
    outer loop
      vertex 11.0384 -25.8902 2.4
      vertex 11.0096 -25.696 0
      vertex 11.0096 -25.696 2.4
    endloop
  endfacet
  facet normal 0.989182 0.146696 0
    outer loop
      vertex 11.0096 -25.696 0
      vertex 11.0384 -25.8902 2.4
      vertex 11.0384 -25.8902 0
    endloop
  endfacet
  facet normal 0.998803 0.0489209 0
    outer loop
      vertex 11.0096 -25.696 2.4
      vertex 11 -25.5 0
      vertex 11 -25.5 2.4
    endloop
  endfacet
  facet normal 0.998803 0.0489209 0
    outer loop
      vertex 11 -25.5 0
      vertex 11.0096 -25.696 2.4
      vertex 11.0096 -25.696 0
    endloop
  endfacet
  facet normal 0.998803 -0.0489209 0
    outer loop
      vertex 11 -25.5 2.4
      vertex 11.0096 -25.304 0
      vertex 11.0096 -25.304 2.4
    endloop
  endfacet
  facet normal 0.998803 -0.0489209 0
    outer loop
      vertex 11.0096 -25.304 0
      vertex 11 -25.5 2.4
      vertex 11 -25.5 0
    endloop
  endfacet
  facet normal 0.989182 -0.146696 0
    outer loop
      vertex 11.0096 -25.304 2.4
      vertex 11.0384 -25.1098 0
      vertex 11.0384 -25.1098 2.4
    endloop
  endfacet
  facet normal 0.989182 -0.146696 0
    outer loop
      vertex 11.0384 -25.1098 0
      vertex 11.0096 -25.304 2.4
      vertex 11.0096 -25.304 0
    endloop
  endfacet
  facet normal 0.970023 -0.243015 0
    outer loop
      vertex 11.0384 -25.1098 2.4
      vertex 11.0861 -24.9194 0
      vertex 11.0861 -24.9194 2.4
    endloop
  endfacet
  facet normal 0.970023 -0.243015 0
    outer loop
      vertex 11.0861 -24.9194 0
      vertex 11.0384 -25.1098 2.4
      vertex 11.0384 -25.1098 0
    endloop
  endfacet
  facet normal 0.94158 -0.336788 0
    outer loop
      vertex 11.0861 -24.9194 2.4
      vertex 11.1522 -24.7346 0
      vertex 11.1522 -24.7346 2.4
    endloop
  endfacet
  facet normal 0.94158 -0.336788 0
    outer loop
      vertex 11.1522 -24.7346 0
      vertex 11.0861 -24.9194 2.4
      vertex 11.0861 -24.9194 0
    endloop
  endfacet
  facet normal 0.903997 -0.427539 0
    outer loop
      vertex 11.1522 -24.7346 2.4
      vertex 11.2361 -24.5572 0
      vertex 11.2361 -24.5572 2.4
    endloop
  endfacet
  facet normal 0.903997 -0.427539 0
    outer loop
      vertex 11.2361 -24.5572 0
      vertex 11.1522 -24.7346 2.4
      vertex 11.1522 -24.7346 0
    endloop
  endfacet
  facet normal 0.857448 -0.514571 0
    outer loop
      vertex 11.2361 -24.5572 2.4
      vertex 11.3371 -24.3889 0
      vertex 11.3371 -24.3889 2.4
    endloop
  endfacet
  facet normal 0.857448 -0.514571 0
    outer loop
      vertex 11.3371 -24.3889 0
      vertex 11.2361 -24.5572 2.4
      vertex 11.2361 -24.5572 0
    endloop
  endfacet
  facet normal 0.80335 -0.595508 0
    outer loop
      vertex 11.3371 -24.3889 2.4
      vertex 11.454 -24.2312 0
      vertex 11.454 -24.2312 2.4
    endloop
  endfacet
  facet normal 0.80335 -0.595508 0
    outer loop
      vertex 11.454 -24.2312 0
      vertex 11.3371 -24.3889 2.4
      vertex 11.3371 -24.3889 0
    endloop
  endfacet
  facet normal 0.740908 -0.671607 0
    outer loop
      vertex 11.454 -24.2312 2.4
      vertex 11.5858 -24.0858 0
      vertex 11.5858 -24.0858 2.4
    endloop
  endfacet
  facet normal 0.740908 -0.671607 0
    outer loop
      vertex 11.5858 -24.0858 0
      vertex 11.454 -24.2312 2.4
      vertex 11.454 -24.2312 0
    endloop
  endfacet
  facet normal 0.671607 -0.740908 0
    outer loop
      vertex 11.5858 -24.0858 0
      vertex 11.7312 -23.954 2.4
      vertex 11.5858 -24.0858 2.4
    endloop
  endfacet
  facet normal 0.671607 -0.740908 0
    outer loop
      vertex 11.7312 -23.954 2.4
      vertex 11.5858 -24.0858 0
      vertex 11.7312 -23.954 0
    endloop
  endfacet
  facet normal 0.595508 -0.80335 0
    outer loop
      vertex 11.7312 -23.954 0
      vertex 11.8889 -23.8371 2.4
      vertex 11.7312 -23.954 2.4
    endloop
  endfacet
  facet normal 0.595508 -0.80335 0
    outer loop
      vertex 11.8889 -23.8371 2.4
      vertex 11.7312 -23.954 0
      vertex 11.8889 -23.8371 0
    endloop
  endfacet
  facet normal 0.514571 -0.857448 0
    outer loop
      vertex 11.8889 -23.8371 0
      vertex 12.0572 -23.7361 2.4
      vertex 11.8889 -23.8371 2.4
    endloop
  endfacet
  facet normal 0.514571 -0.857448 0
    outer loop
      vertex 12.0572 -23.7361 2.4
      vertex 11.8889 -23.8371 0
      vertex 12.0572 -23.7361 0
    endloop
  endfacet
  facet normal 0.427539 -0.903997 0
    outer loop
      vertex 12.0572 -23.7361 0
      vertex 12.2346 -23.6522 2.4
      vertex 12.0572 -23.7361 2.4
    endloop
  endfacet
  facet normal 0.427539 -0.903997 0
    outer loop
      vertex 12.2346 -23.6522 2.4
      vertex 12.0572 -23.7361 0
      vertex 12.2346 -23.6522 0
    endloop
  endfacet
  facet normal 0.336788 -0.94158 0
    outer loop
      vertex 12.2346 -23.6522 0
      vertex 12.4194 -23.5861 2.4
      vertex 12.2346 -23.6522 2.4
    endloop
  endfacet
  facet normal 0.336788 -0.94158 0
    outer loop
      vertex 12.4194 -23.5861 2.4
      vertex 12.2346 -23.6522 0
      vertex 12.4194 -23.5861 0
    endloop
  endfacet
  facet normal 0.243015 -0.970023 0
    outer loop
      vertex 12.4194 -23.5861 0
      vertex 12.6098 -23.5384 2.4
      vertex 12.4194 -23.5861 2.4
    endloop
  endfacet
  facet normal 0.243015 -0.970023 0
    outer loop
      vertex 12.6098 -23.5384 2.4
      vertex 12.4194 -23.5861 0
      vertex 12.6098 -23.5384 0
    endloop
  endfacet
  facet normal 0.146696 -0.989182 0
    outer loop
      vertex 12.6098 -23.5384 0
      vertex 12.804 -23.5096 2.4
      vertex 12.6098 -23.5384 2.4
    endloop
  endfacet
  facet normal 0.146696 -0.989182 0
    outer loop
      vertex 12.804 -23.5096 2.4
      vertex 12.6098 -23.5384 0
      vertex 12.804 -23.5096 0
    endloop
  endfacet
  facet normal 0.0489209 -0.998803 0
    outer loop
      vertex 12.804 -23.5096 0
      vertex 13 -23.5 2.4
      vertex 12.804 -23.5096 2.4
    endloop
  endfacet
  facet normal 0.0489209 -0.998803 0
    outer loop
      vertex 13 -23.5 2.4
      vertex 12.804 -23.5096 0
      vertex 13 -23.5 0
    endloop
  endfacet
  facet normal -0.0489209 -0.998803 0
    outer loop
      vertex 13 -23.5 0
      vertex 13.196 -23.5096 2.4
      vertex 13 -23.5 2.4
    endloop
  endfacet
  facet normal -0.0489209 -0.998803 -0
    outer loop
      vertex 13.196 -23.5096 2.4
      vertex 13 -23.5 0
      vertex 13.196 -23.5096 0
    endloop
  endfacet
  facet normal -0.146696 -0.989182 0
    outer loop
      vertex 13.196 -23.5096 0
      vertex 13.3902 -23.5384 2.4
      vertex 13.196 -23.5096 2.4
    endloop
  endfacet
  facet normal -0.146696 -0.989182 -0
    outer loop
      vertex 13.3902 -23.5384 2.4
      vertex 13.196 -23.5096 0
      vertex 13.3902 -23.5384 0
    endloop
  endfacet
  facet normal -0.243015 -0.970023 0
    outer loop
      vertex 13.3902 -23.5384 0
      vertex 13.5806 -23.5861 2.4
      vertex 13.3902 -23.5384 2.4
    endloop
  endfacet
  facet normal -0.243015 -0.970023 -0
    outer loop
      vertex 13.5806 -23.5861 2.4
      vertex 13.3902 -23.5384 0
      vertex 13.5806 -23.5861 0
    endloop
  endfacet
  facet normal -0.336788 -0.94158 0
    outer loop
      vertex 13.5806 -23.5861 0
      vertex 13.7654 -23.6522 2.4
      vertex 13.5806 -23.5861 2.4
    endloop
  endfacet
  facet normal -0.336788 -0.94158 -0
    outer loop
      vertex 13.7654 -23.6522 2.4
      vertex 13.5806 -23.5861 0
      vertex 13.7654 -23.6522 0
    endloop
  endfacet
  facet normal -0.427539 -0.903997 0
    outer loop
      vertex 13.7654 -23.6522 0
      vertex 13.9428 -23.7361 2.4
      vertex 13.7654 -23.6522 2.4
    endloop
  endfacet
  facet normal -0.427539 -0.903997 -0
    outer loop
      vertex 13.9428 -23.7361 2.4
      vertex 13.7654 -23.6522 0
      vertex 13.9428 -23.7361 0
    endloop
  endfacet
  facet normal -0.514571 -0.857448 0
    outer loop
      vertex 13.9428 -23.7361 0
      vertex 14.1111 -23.8371 2.4
      vertex 13.9428 -23.7361 2.4
    endloop
  endfacet
  facet normal -0.514571 -0.857448 -0
    outer loop
      vertex 14.1111 -23.8371 2.4
      vertex 13.9428 -23.7361 0
      vertex 14.1111 -23.8371 0
    endloop
  endfacet
  facet normal -0.595508 -0.80335 0
    outer loop
      vertex 14.1111 -23.8371 0
      vertex 14.2688 -23.954 2.4
      vertex 14.1111 -23.8371 2.4
    endloop
  endfacet
  facet normal -0.595508 -0.80335 -0
    outer loop
      vertex 14.2688 -23.954 2.4
      vertex 14.1111 -23.8371 0
      vertex 14.2688 -23.954 0
    endloop
  endfacet
  facet normal -0.671607 -0.740908 0
    outer loop
      vertex 14.2688 -23.954 0
      vertex 14.4142 -24.0858 2.4
      vertex 14.2688 -23.954 2.4
    endloop
  endfacet
  facet normal -0.671607 -0.740908 -0
    outer loop
      vertex 14.4142 -24.0858 2.4
      vertex 14.2688 -23.954 0
      vertex 14.4142 -24.0858 0
    endloop
  endfacet
  facet normal -0.740908 -0.671607 0
    outer loop
      vertex 14.546 -24.2312 0
      vertex 14.4142 -24.0858 2.4
      vertex 14.4142 -24.0858 0
    endloop
  endfacet
  facet normal -0.740908 -0.671607 0
    outer loop
      vertex 14.4142 -24.0858 2.4
      vertex 14.546 -24.2312 0
      vertex 14.546 -24.2312 2.4
    endloop
  endfacet
  facet normal -0.80335 -0.595508 0
    outer loop
      vertex 14.6629 -24.3889 0
      vertex 14.546 -24.2312 2.4
      vertex 14.546 -24.2312 0
    endloop
  endfacet
  facet normal -0.80335 -0.595508 0
    outer loop
      vertex 14.546 -24.2312 2.4
      vertex 14.6629 -24.3889 0
      vertex 14.6629 -24.3889 2.4
    endloop
  endfacet
  facet normal -0.857673 -0.514196 0
    outer loop
      vertex 14.7638 -24.5572 0
      vertex 14.6629 -24.3889 2.4
      vertex 14.6629 -24.3889 0
    endloop
  endfacet
  facet normal -0.857673 -0.514196 0
    outer loop
      vertex 14.6629 -24.3889 2.4
      vertex 14.7638 -24.5572 0
      vertex 14.7638 -24.5572 2.4
    endloop
  endfacet
  facet normal -0.903997 -0.427539 0
    outer loop
      vertex 14.8477 -24.7346 0
      vertex 14.7638 -24.5572 2.4
      vertex 14.7638 -24.5572 0
    endloop
  endfacet
  facet normal -0.903997 -0.427539 0
    outer loop
      vertex 14.7638 -24.5572 2.4
      vertex 14.8477 -24.7346 0
      vertex 14.8477 -24.7346 2.4
    endloop
  endfacet
  facet normal -0.941419 -0.33724 0
    outer loop
      vertex 14.9139 -24.9194 0
      vertex 14.8477 -24.7346 2.4
      vertex 14.8477 -24.7346 0
    endloop
  endfacet
  facet normal -0.941419 -0.33724 0
    outer loop
      vertex 14.8477 -24.7346 2.4
      vertex 14.9139 -24.9194 0
      vertex 14.9139 -24.9194 2.4
    endloop
  endfacet
  facet normal -0.970023 -0.243015 0
    outer loop
      vertex 14.9616 -25.1098 0
      vertex 14.9139 -24.9194 2.4
      vertex 14.9139 -24.9194 0
    endloop
  endfacet
  facet normal -0.970023 -0.243015 0
    outer loop
      vertex 14.9139 -24.9194 2.4
      vertex 14.9616 -25.1098 0
      vertex 14.9616 -25.1098 2.4
    endloop
  endfacet
  facet normal -0.989182 -0.146696 0
    outer loop
      vertex 14.9904 -25.304 0
      vertex 14.9616 -25.1098 2.4
      vertex 14.9616 -25.1098 0
    endloop
  endfacet
  facet normal -0.989182 -0.146696 0
    outer loop
      vertex 14.9616 -25.1098 2.4
      vertex 14.9904 -25.304 0
      vertex 14.9904 -25.304 2.4
    endloop
  endfacet
  facet normal -0.998803 -0.0489209 0
    outer loop
      vertex 15 -25.5 0
      vertex 14.9904 -25.304 2.4
      vertex 14.9904 -25.304 0
    endloop
  endfacet
  facet normal -0.998803 -0.0489209 0
    outer loop
      vertex 14.9904 -25.304 2.4
      vertex 15 -25.5 0
      vertex 15 -25.5 2.4
    endloop
  endfacet
  facet normal -0.998803 0.0489209 0
    outer loop
      vertex 14.9904 -25.696 0
      vertex 15 -25.5 2.4
      vertex 15 -25.5 0
    endloop
  endfacet
  facet normal -0.998803 0.0489209 0
    outer loop
      vertex 15 -25.5 2.4
      vertex 14.9904 -25.696 0
      vertex 14.9904 -25.696 2.4
    endloop
  endfacet
  facet normal -0.989182 0.146696 0
    outer loop
      vertex 14.9616 -25.8902 0
      vertex 14.9904 -25.696 2.4
      vertex 14.9904 -25.696 0
    endloop
  endfacet
  facet normal -0.989182 0.146696 0
    outer loop
      vertex 14.9904 -25.696 2.4
      vertex 14.9616 -25.8902 0
      vertex 14.9616 -25.8902 2.4
    endloop
  endfacet
  facet normal -0.970023 0.243015 0
    outer loop
      vertex 14.9139 -26.0806 0
      vertex 14.9616 -25.8902 2.4
      vertex 14.9616 -25.8902 0
    endloop
  endfacet
  facet normal -0.970023 0.243015 0
    outer loop
      vertex 14.9616 -25.8902 2.4
      vertex 14.9139 -26.0806 0
      vertex 14.9139 -26.0806 2.4
    endloop
  endfacet
  facet normal -0.941419 0.33724 0
    outer loop
      vertex 14.8477 -26.2654 0
      vertex 14.9139 -26.0806 2.4
      vertex 14.9139 -26.0806 0
    endloop
  endfacet
  facet normal -0.941419 0.33724 0
    outer loop
      vertex 14.9139 -26.0806 2.4
      vertex 14.8477 -26.2654 0
      vertex 14.8477 -26.2654 2.4
    endloop
  endfacet
  facet normal -0.903997 0.427539 0
    outer loop
      vertex 14.7638 -26.4428 0
      vertex 14.8477 -26.2654 2.4
      vertex 14.8477 -26.2654 0
    endloop
  endfacet
  facet normal -0.903997 0.427539 0
    outer loop
      vertex 14.8477 -26.2654 2.4
      vertex 14.7638 -26.4428 0
      vertex 14.7638 -26.4428 2.4
    endloop
  endfacet
  facet normal -0.857673 0.514196 0
    outer loop
      vertex 14.6629 -26.6111 0
      vertex 14.7638 -26.4428 2.4
      vertex 14.7638 -26.4428 0
    endloop
  endfacet
  facet normal -0.857673 0.514196 0
    outer loop
      vertex 14.7638 -26.4428 2.4
      vertex 14.6629 -26.6111 0
      vertex 14.6629 -26.6111 2.4
    endloop
  endfacet
  facet normal -0.80335 0.595508 0
    outer loop
      vertex 14.546 -26.7688 0
      vertex 14.6629 -26.6111 2.4
      vertex 14.6629 -26.6111 0
    endloop
  endfacet
  facet normal -0.80335 0.595508 0
    outer loop
      vertex 14.6629 -26.6111 2.4
      vertex 14.546 -26.7688 0
      vertex 14.546 -26.7688 2.4
    endloop
  endfacet
  facet normal -0.740908 0.671607 0
    outer loop
      vertex 14.4142 -26.9142 0
      vertex 14.546 -26.7688 2.4
      vertex 14.546 -26.7688 0
    endloop
  endfacet
  facet normal -0.740908 0.671607 0
    outer loop
      vertex 14.546 -26.7688 2.4
      vertex 14.4142 -26.9142 0
      vertex 14.4142 -26.9142 2.4
    endloop
  endfacet
  facet normal -0.671607 0.740908 0
    outer loop
      vertex 14.4142 -26.9142 0
      vertex 14.2688 -27.046 2.4
      vertex 14.4142 -26.9142 2.4
    endloop
  endfacet
  facet normal -0.671607 0.740908 0
    outer loop
      vertex 14.2688 -27.046 2.4
      vertex 14.4142 -26.9142 0
      vertex 14.2688 -27.046 0
    endloop
  endfacet
  facet normal -0.595508 0.80335 0
    outer loop
      vertex 14.2688 -27.046 0
      vertex 14.1111 -27.1629 2.4
      vertex 14.2688 -27.046 2.4
    endloop
  endfacet
  facet normal -0.595508 0.80335 0
    outer loop
      vertex 14.1111 -27.1629 2.4
      vertex 14.2688 -27.046 0
      vertex 14.1111 -27.1629 0
    endloop
  endfacet
  facet normal -0.514196 0.857673 0
    outer loop
      vertex 14.1111 -27.1629 0
      vertex 13.9428 -27.2638 2.4
      vertex 14.1111 -27.1629 2.4
    endloop
  endfacet
  facet normal -0.514196 0.857673 0
    outer loop
      vertex 13.9428 -27.2638 2.4
      vertex 14.1111 -27.1629 0
      vertex 13.9428 -27.2638 0
    endloop
  endfacet
  facet normal -0.427539 0.903997 0
    outer loop
      vertex 13.9428 -27.2638 0
      vertex 13.7654 -27.3477 2.4
      vertex 13.9428 -27.2638 2.4
    endloop
  endfacet
  facet normal -0.427539 0.903997 0
    outer loop
      vertex 13.7654 -27.3477 2.4
      vertex 13.9428 -27.2638 0
      vertex 13.7654 -27.3477 0
    endloop
  endfacet
  facet normal -0.33724 0.941419 0
    outer loop
      vertex 13.7654 -27.3477 0
      vertex 13.5806 -27.4139 2.4
      vertex 13.7654 -27.3477 2.4
    endloop
  endfacet
  facet normal -0.33724 0.941419 0
    outer loop
      vertex 13.5806 -27.4139 2.4
      vertex 13.7654 -27.3477 0
      vertex 13.5806 -27.4139 0
    endloop
  endfacet
  facet normal -0.243015 0.970023 0
    outer loop
      vertex 13.5806 -27.4139 0
      vertex 13.3902 -27.4616 2.4
      vertex 13.5806 -27.4139 2.4
    endloop
  endfacet
  facet normal -0.243015 0.970023 0
    outer loop
      vertex 13.3902 -27.4616 2.4
      vertex 13.5806 -27.4139 0
      vertex 13.3902 -27.4616 0
    endloop
  endfacet
  facet normal -0.146696 0.989182 0
    outer loop
      vertex 13.3902 -27.4616 0
      vertex 13.196 -27.4904 2.4
      vertex 13.3902 -27.4616 2.4
    endloop
  endfacet
  facet normal -0.146696 0.989182 0
    outer loop
      vertex 13.196 -27.4904 2.4
      vertex 13.3902 -27.4616 0
      vertex 13.196 -27.4904 0
    endloop
  endfacet
  facet normal -0.0489209 0.998803 0
    outer loop
      vertex 13.196 -27.4904 0
      vertex 13 -27.5 2.4
      vertex 13.196 -27.4904 2.4
    endloop
  endfacet
  facet normal -0.0489209 0.998803 0
    outer loop
      vertex 13 -27.5 2.4
      vertex 13.196 -27.4904 0
      vertex 13 -27.5 0
    endloop
  endfacet
  facet normal 0.0489209 0.998803 -0
    outer loop
      vertex 13 -27.5 0
      vertex 12.804 -27.4904 2.4
      vertex 13 -27.5 2.4
    endloop
  endfacet
  facet normal 0.0489209 0.998803 0
    outer loop
      vertex 12.804 -27.4904 2.4
      vertex 13 -27.5 0
      vertex 12.804 -27.4904 0
    endloop
  endfacet
  facet normal 0.146734 0.989176 -0
    outer loop
      vertex -3.17152 -29.2416 0
      vertex -3.3414 -29.2164 2.4
      vertex -3.17152 -29.2416 2.4
    endloop
  endfacet
  facet normal 0.146734 0.989176 0
    outer loop
      vertex -3.3414 -29.2164 2.4
      vertex -3.17152 -29.2416 0
      vertex -3.3414 -29.2164 0
    endloop
  endfacet
  facet normal 0.243357 0.969937 -0
    outer loop
      vertex -3.3414 -29.2164 0
      vertex -3.508 -29.1746 2.4
      vertex -3.3414 -29.2164 2.4
    endloop
  endfacet
  facet normal 0.243357 0.969937 0
    outer loop
      vertex -3.508 -29.1746 2.4
      vertex -3.3414 -29.2164 0
      vertex -3.508 -29.1746 0
    endloop
  endfacet
  facet normal 0.336613 0.941643 -0
    outer loop
      vertex -3.508 -29.1746 0
      vertex -3.66969 -29.1168 2.4
      vertex -3.508 -29.1746 2.4
    endloop
  endfacet
  facet normal 0.336613 0.941643 0
    outer loop
      vertex -3.66969 -29.1168 2.4
      vertex -3.508 -29.1746 0
      vertex -3.66969 -29.1168 0
    endloop
  endfacet
  facet normal 0.427423 0.904052 -0
    outer loop
      vertex -3.66969 -29.1168 0
      vertex -3.82494 -29.0434 2.4
      vertex -3.66969 -29.1168 2.4
    endloop
  endfacet
  facet normal 0.427423 0.904052 0
    outer loop
      vertex -3.82494 -29.0434 2.4
      vertex -3.66969 -29.1168 0
      vertex -3.82494 -29.0434 0
    endloop
  endfacet
  facet normal 0.514153 0.857698 -0
    outer loop
      vertex -3.82494 -29.0434 0
      vertex -3.97224 -28.9551 2.4
      vertex -3.82494 -29.0434 2.4
    endloop
  endfacet
  facet normal 0.514153 0.857698 0
    outer loop
      vertex -3.97224 -28.9551 2.4
      vertex -3.82494 -29.0434 0
      vertex -3.97224 -28.9551 0
    endloop
  endfacet
  facet normal 0.595687 0.803217 -0
    outer loop
      vertex -3.97224 -28.9551 0
      vertex -4.11018 -28.8528 2.4
      vertex -3.97224 -28.9551 2.4
    endloop
  endfacet
  facet normal 0.595687 0.803217 0
    outer loop
      vertex -4.11018 -28.8528 2.4
      vertex -3.97224 -28.9551 0
      vertex -4.11018 -28.8528 0
    endloop
  endfacet
  facet normal 0.671774 0.740756 -0
    outer loop
      vertex -4.11018 -28.8528 0
      vertex -4.23743 -28.7374 2.4
      vertex -4.11018 -28.8528 2.4
    endloop
  endfacet
  facet normal 0.671774 0.740756 0
    outer loop
      vertex -4.23743 -28.7374 2.4
      vertex -4.11018 -28.8528 0
      vertex -4.23743 -28.7374 0
    endloop
  endfacet
  facet normal 0.740799 0.671727 0
    outer loop
      vertex -4.23743 -28.7374 2.4
      vertex -4.35277 -28.6102 0
      vertex -4.35277 -28.6102 2.4
    endloop
  endfacet
  facet normal 0.740799 0.671727 0
    outer loop
      vertex -4.35277 -28.6102 0
      vertex -4.23743 -28.7374 2.4
      vertex -4.23743 -28.7374 0
    endloop
  endfacet
  facet normal 0.803368 0.595482 0
    outer loop
      vertex -4.35277 -28.6102 2.4
      vertex -4.45506 -28.4722 0
      vertex -4.45506 -28.4722 2.4
    endloop
  endfacet
  facet normal 0.803368 0.595482 0
    outer loop
      vertex -4.45506 -28.4722 0
      vertex -4.35277 -28.6102 2.4
      vertex -4.35277 -28.6102 0
    endloop
  endfacet
  facet normal 0.857724 0.51411 0
    outer loop
      vertex -4.45506 -28.4722 2.4
      vertex -4.54335 -28.3249 0
      vertex -4.54335 -28.3249 2.4
    endloop
  endfacet
  facet normal 0.857724 0.51411 0
    outer loop
      vertex -4.54335 -28.3249 0
      vertex -4.45506 -28.4722 2.4
      vertex -4.45506 -28.4722 0
    endloop
  endfacet
  facet normal 0.903931 0.427678 0
    outer loop
      vertex -4.54335 -28.3249 2.4
      vertex -4.61678 -28.1697 0
      vertex -4.61678 -28.1697 2.4
    endloop
  endfacet
  facet normal 0.903931 0.427678 0
    outer loop
      vertex -4.61678 -28.1697 0
      vertex -4.54335 -28.3249 2.4
      vertex -4.54335 -28.3249 0
    endloop
  endfacet
  facet normal 0.941539 0.336904 0
    outer loop
      vertex -4.61678 -28.1697 2.4
      vertex -4.67464 -28.008 0
      vertex -4.67464 -28.008 2.4
    endloop
  endfacet
  facet normal 0.941539 0.336904 0
    outer loop
      vertex -4.67464 -28.008 0
      vertex -4.61678 -28.1697 2.4
      vertex -4.61678 -28.1697 0
    endloop
  endfacet
  facet normal 0.970033 0.242974 0
    outer loop
      vertex -4.67464 -28.008 2.4
      vertex -4.71637 -27.8414 0
      vertex -4.71637 -27.8414 2.4
    endloop
  endfacet
  facet normal 0.970033 0.242974 0
    outer loop
      vertex -4.71637 -27.8414 0
      vertex -4.67464 -28.008 2.4
      vertex -4.67464 -28.008 0
    endloop
  endfacet
  facet normal 0.989187 0.14666 0
    outer loop
      vertex -4.71637 -27.8414 2.4
      vertex -4.74156 -27.6715 0
      vertex -4.74156 -27.6715 2.4
    endloop
  endfacet
  facet normal 0.989187 0.14666 0
    outer loop
      vertex -4.74156 -27.6715 0
      vertex -4.71637 -27.8414 2.4
      vertex -4.71637 -27.8414 0
    endloop
  endfacet
  facet normal 0.998791 0.0491533 0
    outer loop
      vertex -4.74156 -27.6715 2.4
      vertex -4.75 -27.5 0
      vertex -4.75 -27.5 2.4
    endloop
  endfacet
  facet normal 0.998791 0.0491533 0
    outer loop
      vertex -4.75 -27.5 0
      vertex -4.74156 -27.6715 2.4
      vertex -4.74156 -27.6715 0
    endloop
  endfacet
  facet normal 0.998791 -0.0491533 0
    outer loop
      vertex -4.75 -27.5 2.4
      vertex -4.74156 -27.3285 0
      vertex -4.74156 -27.3285 2.4
    endloop
  endfacet
  facet normal 0.998791 -0.0491533 0
    outer loop
      vertex -4.74156 -27.3285 0
      vertex -4.75 -27.5 2.4
      vertex -4.75 -27.5 0
    endloop
  endfacet
  facet normal 0.989187 -0.14666 0
    outer loop
      vertex -4.74156 -27.3285 2.4
      vertex -4.71637 -27.1586 0
      vertex -4.71637 -27.1586 2.4
    endloop
  endfacet
  facet normal 0.989187 -0.14666 0
    outer loop
      vertex -4.71637 -27.1586 0
      vertex -4.74156 -27.3285 2.4
      vertex -4.74156 -27.3285 0
    endloop
  endfacet
  facet normal 0.970033 -0.242974 0
    outer loop
      vertex -4.71637 -27.1586 2.4
      vertex -4.67464 -26.992 0
      vertex -4.67464 -26.992 2.4
    endloop
  endfacet
  facet normal 0.970033 -0.242974 0
    outer loop
      vertex -4.67464 -26.992 0
      vertex -4.71637 -27.1586 2.4
      vertex -4.71637 -27.1586 0
    endloop
  endfacet
  facet normal 0.941539 -0.336904 0
    outer loop
      vertex -4.67464 -26.992 2.4
      vertex -4.61678 -26.8303 0
      vertex -4.61678 -26.8303 2.4
    endloop
  endfacet
  facet normal 0.941539 -0.336904 0
    outer loop
      vertex -4.61678 -26.8303 0
      vertex -4.67464 -26.992 2.4
      vertex -4.67464 -26.992 0
    endloop
  endfacet
  facet normal 0.904038 -0.427453 0
    outer loop
      vertex -4.61678 -26.8303 2.4
      vertex -4.54335 -26.675 0
      vertex -4.54335 -26.675 2.4
    endloop
  endfacet
  facet normal 0.904038 -0.427453 0
    outer loop
      vertex -4.54335 -26.675 0
      vertex -4.61678 -26.8303 2.4
      vertex -4.61678 -26.8303 0
    endloop
  endfacet
  facet normal 0.857724 -0.51411 0
    outer loop
      vertex -4.54335 -26.675 2.4
      vertex -4.45506 -26.5277 0
      vertex -4.45506 -26.5277 2.4
    endloop
  endfacet
  facet normal 0.857724 -0.51411 0
    outer loop
      vertex -4.45506 -26.5277 0
      vertex -4.54335 -26.675 2.4
      vertex -4.54335 -26.675 0
    endloop
  endfacet
  facet normal 0.803162 -0.595761 0
    outer loop
      vertex -4.45506 -26.5277 2.4
      vertex -4.35277 -26.3898 0
      vertex -4.35277 -26.3898 2.4
    endloop
  endfacet
  facet normal 0.803162 -0.595761 0
    outer loop
      vertex -4.35277 -26.3898 0
      vertex -4.45506 -26.5277 2.4
      vertex -4.45506 -26.5277 0
    endloop
  endfacet
  facet normal 0.740799 -0.671727 0
    outer loop
      vertex -4.35277 -26.3898 2.4
      vertex -4.23743 -26.2626 0
      vertex -4.23743 -26.2626 2.4
    endloop
  endfacet
  facet normal 0.740799 -0.671727 0
    outer loop
      vertex -4.23743 -26.2626 0
      vertex -4.35277 -26.3898 2.4
      vertex -4.35277 -26.3898 0
    endloop
  endfacet
  facet normal 0.671774 -0.740756 0
    outer loop
      vertex -4.23743 -26.2626 0
      vertex -4.11018 -26.1472 2.4
      vertex -4.23743 -26.2626 2.4
    endloop
  endfacet
  facet normal 0.671774 -0.740756 0
    outer loop
      vertex -4.11018 -26.1472 2.4
      vertex -4.23743 -26.2626 0
      vertex -4.11018 -26.1472 0
    endloop
  endfacet
  facet normal 0.595687 -0.803217 0
    outer loop
      vertex -4.11018 -26.1472 0
      vertex -3.97224 -26.0449 2.4
      vertex -4.11018 -26.1472 2.4
    endloop
  endfacet
  facet normal 0.595687 -0.803217 0
    outer loop
      vertex -3.97224 -26.0449 2.4
      vertex -4.11018 -26.1472 0
      vertex -3.97224 -26.0449 0
    endloop
  endfacet
  facet normal 0.514153 -0.857698 0
    outer loop
      vertex -3.97224 -26.0449 0
      vertex -3.82494 -25.9566 2.4
      vertex -3.97224 -26.0449 2.4
    endloop
  endfacet
  facet normal 0.514153 -0.857698 0
    outer loop
      vertex -3.82494 -25.9566 2.4
      vertex -3.97224 -26.0449 0
      vertex -3.82494 -25.9566 0
    endloop
  endfacet
  facet normal 0.427423 -0.904052 0
    outer loop
      vertex -3.82494 -25.9566 0
      vertex -3.66969 -25.8832 2.4
      vertex -3.82494 -25.9566 2.4
    endloop
  endfacet
  facet normal 0.427423 -0.904052 0
    outer loop
      vertex -3.66969 -25.8832 2.4
      vertex -3.82494 -25.9566 0
      vertex -3.66969 -25.8832 0
    endloop
  endfacet
  facet normal 0.337129 -0.941458 0
    outer loop
      vertex -3.66969 -25.8832 0
      vertex -3.508 -25.8253 2.4
      vertex -3.66969 -25.8832 2.4
    endloop
  endfacet
  facet normal 0.337129 -0.941458 0
    outer loop
      vertex -3.508 -25.8253 2.4
      vertex -3.66969 -25.8832 0
      vertex -3.508 -25.8253 0
    endloop
  endfacet
  facet normal 0.24281 -0.970074 0
    outer loop
      vertex -3.508 -25.8253 0
      vertex -3.3414 -25.7836 2.4
      vertex -3.508 -25.8253 2.4
    endloop
  endfacet
  facet normal 0.24281 -0.970074 0
    outer loop
      vertex -3.3414 -25.7836 2.4
      vertex -3.508 -25.8253 0
      vertex -3.3414 -25.7836 0
    endloop
  endfacet
  facet normal 0.146734 -0.989176 0
    outer loop
      vertex -3.3414 -25.7836 0
      vertex -3.17152 -25.7584 2.4
      vertex -3.3414 -25.7836 2.4
    endloop
  endfacet
  facet normal 0.146734 -0.989176 0
    outer loop
      vertex -3.17152 -25.7584 2.4
      vertex -3.3414 -25.7836 0
      vertex -3.17152 -25.7584 0
    endloop
  endfacet
  facet normal 0.0489153 -0.998803 0
    outer loop
      vertex -3.17152 -25.7584 0
      vertex -3 -25.75 2.4
      vertex -3.17152 -25.7584 2.4
    endloop
  endfacet
  facet normal 0.0489153 -0.998803 0
    outer loop
      vertex -3 -25.75 2.4
      vertex -3.17152 -25.7584 0
      vertex -3 -25.75 0
    endloop
  endfacet
  facet normal -0.0489096 -0.998803 0
    outer loop
      vertex -3 -25.75 0
      vertex -2.82846 -25.7584 2.4
      vertex -3 -25.75 2.4
    endloop
  endfacet
  facet normal -0.0489096 -0.998803 -0
    outer loop
      vertex -2.82846 -25.7584 2.4
      vertex -3 -25.75 0
      vertex -2.82846 -25.7584 0
    endloop
  endfacet
  facet normal -0.146734 -0.989176 0
    outer loop
      vertex -2.82846 -25.7584 0
      vertex -2.65858 -25.7836 2.4
      vertex -2.82846 -25.7584 2.4
    endloop
  endfacet
  facet normal -0.146734 -0.989176 -0
    outer loop
      vertex -2.65858 -25.7836 2.4
      vertex -2.82846 -25.7584 0
      vertex -2.65858 -25.7836 0
    endloop
  endfacet
  facet normal -0.242823 -0.970071 0
    outer loop
      vertex -2.65858 -25.7836 0
      vertex -2.49199 -25.8253 2.4
      vertex -2.65858 -25.7836 2.4
    endloop
  endfacet
  facet normal -0.242823 -0.970071 -0
    outer loop
      vertex -2.49199 -25.8253 2.4
      vertex -2.65858 -25.7836 0
      vertex -2.49199 -25.8253 0
    endloop
  endfacet
  facet normal -0.337111 -0.941465 0
    outer loop
      vertex -2.49199 -25.8253 0
      vertex -2.33029 -25.8832 2.4
      vertex -2.49199 -25.8253 2.4
    endloop
  endfacet
  facet normal -0.337111 -0.941465 -0
    outer loop
      vertex -2.33029 -25.8832 2.4
      vertex -2.49199 -25.8253 0
      vertex -2.33029 -25.8832 0
    endloop
  endfacet
  facet normal -0.427445 -0.904041 0
    outer loop
      vertex -2.33029 -25.8832 0
      vertex -2.17505 -25.9566 2.4
      vertex -2.33029 -25.8832 2.4
    endloop
  endfacet
  facet normal -0.427445 -0.904041 -0
    outer loop
      vertex -2.17505 -25.9566 2.4
      vertex -2.33029 -25.8832 0
      vertex -2.17505 -25.9566 0
    endloop
  endfacet
  facet normal -0.514128 -0.857714 0
    outer loop
      vertex -2.17505 -25.9566 0
      vertex -2.02774 -26.0449 2.4
      vertex -2.17505 -25.9566 2.4
    endloop
  endfacet
  facet normal -0.514128 -0.857714 -0
    outer loop
      vertex -2.02774 -26.0449 2.4
      vertex -2.17505 -25.9566 0
      vertex -2.02774 -26.0449 0
    endloop
  endfacet
  facet normal -0.595687 -0.803217 0
    outer loop
      vertex -2.02774 -26.0449 0
      vertex -1.8898 -26.1472 2.4
      vertex -2.02774 -26.0449 2.4
    endloop
  endfacet
  facet normal -0.595687 -0.803217 -0
    outer loop
      vertex -1.8898 -26.1472 2.4
      vertex -2.02774 -26.0449 0
      vertex -1.8898 -26.1472 0
    endloop
  endfacet
  facet normal -0.671803 -0.74073 0
    outer loop
      vertex -1.8898 -26.1472 0
      vertex -1.76256 -26.2626 2.4
      vertex -1.8898 -26.1472 2.4
    endloop
  endfacet
  facet normal -0.671803 -0.74073 -0
    outer loop
      vertex -1.76256 -26.2626 2.4
      vertex -1.8898 -26.1472 0
      vertex -1.76256 -26.2626 0
    endloop
  endfacet
  facet normal -0.740799 -0.671727 0
    outer loop
      vertex -1.64722 -26.3898 0
      vertex -1.76256 -26.2626 2.4
      vertex -1.76256 -26.2626 0
    endloop
  endfacet
  facet normal -0.740799 -0.671727 0
    outer loop
      vertex -1.76256 -26.2626 2.4
      vertex -1.64722 -26.3898 0
      vertex -1.64722 -26.3898 2.4
    endloop
  endfacet
  facet normal -0.803134 -0.595798 0
    outer loop
      vertex -1.54492 -26.5277 0
      vertex -1.64722 -26.3898 2.4
      vertex -1.64722 -26.3898 0
    endloop
  endfacet
  facet normal -0.803134 -0.595798 0
    outer loop
      vertex -1.64722 -26.3898 2.4
      vertex -1.54492 -26.5277 0
      vertex -1.54492 -26.5277 2.4
    endloop
  endfacet
  facet normal -0.857724 -0.51411 0
    outer loop
      vertex -1.45663 -26.675 0
      vertex -1.54492 -26.5277 2.4
      vertex -1.54492 -26.5277 0
    endloop
  endfacet
  facet normal -0.857724 -0.51411 0
    outer loop
      vertex -1.54492 -26.5277 2.4
      vertex -1.45663 -26.675 0
      vertex -1.45663 -26.675 2.4
    endloop
  endfacet
  facet normal -0.90406 -0.427406 0
    outer loop
      vertex -1.38321 -26.8303 0
      vertex -1.45663 -26.675 2.4
      vertex -1.45663 -26.675 0
    endloop
  endfacet
  facet normal -0.90406 -0.427406 0
    outer loop
      vertex -1.45663 -26.675 2.4
      vertex -1.38321 -26.8303 0
      vertex -1.38321 -26.8303 2.4
    endloop
  endfacet
  facet normal -0.941539 -0.336904 0
    outer loop
      vertex -1.32535 -26.992 0
      vertex -1.38321 -26.8303 2.4
      vertex -1.38321 -26.8303 0
    endloop
  endfacet
  facet normal -0.941539 -0.336904 0
    outer loop
      vertex -1.38321 -26.8303 2.4
      vertex -1.32535 -26.992 0
      vertex -1.32535 -26.992 2.4
    endloop
  endfacet
  facet normal -0.970033 -0.242974 0
    outer loop
      vertex -1.28362 -27.1586 0
      vertex -1.32535 -26.992 2.4
      vertex -1.32535 -26.992 0
    endloop
  endfacet
  facet normal -0.970033 -0.242974 0
    outer loop
      vertex -1.32535 -26.992 2.4
      vertex -1.28362 -27.1586 0
      vertex -1.28362 -27.1586 2.4
    endloop
  endfacet
  facet normal -0.989178 -0.146717 0
    outer loop
      vertex -1.25842 -27.3285 0
      vertex -1.28362 -27.1586 2.4
      vertex -1.28362 -27.1586 0
    endloop
  endfacet
  facet normal -0.989178 -0.146717 0
    outer loop
      vertex -1.28362 -27.1586 2.4
      vertex -1.25842 -27.3285 0
      vertex -1.25842 -27.3285 2.4
    endloop
  endfacet
  facet normal -0.998797 -0.0490371 0
    outer loop
      vertex -1.25 -27.5 0
      vertex -1.25842 -27.3285 2.4
      vertex -1.25842 -27.3285 0
    endloop
  endfacet
  facet normal -0.998797 -0.0490371 0
    outer loop
      vertex -1.25842 -27.3285 2.4
      vertex -1.25 -27.5 0
      vertex -1.25 -27.5 2.4
    endloop
  endfacet
  facet normal -0.998797 0.0490371 0
    outer loop
      vertex -1.25842 -27.6715 0
      vertex -1.25 -27.5 2.4
      vertex -1.25 -27.5 0
    endloop
  endfacet
  facet normal -0.998797 0.0490371 0
    outer loop
      vertex -1.25 -27.5 2.4
      vertex -1.25842 -27.6715 0
      vertex -1.25842 -27.6715 2.4
    endloop
  endfacet
  facet normal -0.989178 0.146717 0
    outer loop
      vertex -1.28362 -27.8414 0
      vertex -1.25842 -27.6715 2.4
      vertex -1.25842 -27.6715 0
    endloop
  endfacet
  facet normal -0.989178 0.146717 0
    outer loop
      vertex -1.25842 -27.6715 2.4
      vertex -1.28362 -27.8414 0
      vertex -1.28362 -27.8414 2.4
    endloop
  endfacet
  facet normal -0.970033 0.242974 0
    outer loop
      vertex -1.32535 -28.008 0
      vertex -1.28362 -27.8414 2.4
      vertex -1.28362 -27.8414 0
    endloop
  endfacet
  facet normal -0.970033 0.242974 0
    outer loop
      vertex -1.28362 -27.8414 2.4
      vertex -1.32535 -28.008 0
      vertex -1.32535 -28.008 2.4
    endloop
  endfacet
  facet normal -0.941539 0.336904 0
    outer loop
      vertex -1.38321 -28.1697 0
      vertex -1.32535 -28.008 2.4
      vertex -1.32535 -28.008 0
    endloop
  endfacet
  facet normal -0.941539 0.336904 0
    outer loop
      vertex -1.32535 -28.008 2.4
      vertex -1.38321 -28.1697 0
      vertex -1.38321 -28.1697 2.4
    endloop
  endfacet
  facet normal -0.903954 0.427631 0
    outer loop
      vertex -1.45663 -28.3249 0
      vertex -1.38321 -28.1697 2.4
      vertex -1.38321 -28.1697 0
    endloop
  endfacet
  facet normal -0.903954 0.427631 0
    outer loop
      vertex -1.38321 -28.1697 2.4
      vertex -1.45663 -28.3249 0
      vertex -1.45663 -28.3249 2.4
    endloop
  endfacet
  facet normal -0.857724 0.51411 0
    outer loop
      vertex -1.54492 -28.4722 0
      vertex -1.45663 -28.3249 2.4
      vertex -1.45663 -28.3249 0
    endloop
  endfacet
  facet normal -0.857724 0.51411 0
    outer loop
      vertex -1.45663 -28.3249 2.4
      vertex -1.54492 -28.4722 0
      vertex -1.54492 -28.4722 2.4
    endloop
  endfacet
  facet normal -0.803341 0.59552 0
    outer loop
      vertex -1.64722 -28.6102 0
      vertex -1.54492 -28.4722 2.4
      vertex -1.54492 -28.4722 0
    endloop
  endfacet
  facet normal -0.803341 0.59552 0
    outer loop
      vertex -1.54492 -28.4722 2.4
      vertex -1.64722 -28.6102 0
      vertex -1.64722 -28.6102 2.4
    endloop
  endfacet
  facet normal -0.740799 0.671727 0
    outer loop
      vertex -1.76256 -28.7374 0
      vertex -1.64722 -28.6102 2.4
      vertex -1.64722 -28.6102 0
    endloop
  endfacet
  facet normal -0.740799 0.671727 0
    outer loop
      vertex -1.64722 -28.6102 2.4
      vertex -1.76256 -28.7374 0
      vertex -1.76256 -28.7374 2.4
    endloop
  endfacet
  facet normal -0.671803 0.74073 0
    outer loop
      vertex -1.76256 -28.7374 0
      vertex -1.8898 -28.8528 2.4
      vertex -1.76256 -28.7374 2.4
    endloop
  endfacet
  facet normal -0.671803 0.74073 0
    outer loop
      vertex -1.8898 -28.8528 2.4
      vertex -1.76256 -28.7374 0
      vertex -1.8898 -28.8528 0
    endloop
  endfacet
  facet normal -0.595687 0.803217 0
    outer loop
      vertex -1.8898 -28.8528 0
      vertex -2.02774 -28.9551 2.4
      vertex -1.8898 -28.8528 2.4
    endloop
  endfacet
  facet normal -0.595687 0.803217 0
    outer loop
      vertex -2.02774 -28.9551 2.4
      vertex -1.8898 -28.8528 0
      vertex -2.02774 -28.9551 0
    endloop
  endfacet
  facet normal -0.514128 0.857714 0
    outer loop
      vertex -2.02774 -28.9551 0
      vertex -2.17505 -29.0434 2.4
      vertex -2.02774 -28.9551 2.4
    endloop
  endfacet
  facet normal -0.514128 0.857714 0
    outer loop
      vertex -2.17505 -29.0434 2.4
      vertex -2.02774 -28.9551 0
      vertex -2.17505 -29.0434 0
    endloop
  endfacet
  facet normal -0.427445 0.904041 0
    outer loop
      vertex -2.17505 -29.0434 0
      vertex -2.33029 -29.1168 2.4
      vertex -2.17505 -29.0434 2.4
    endloop
  endfacet
  facet normal -0.427445 0.904041 0
    outer loop
      vertex -2.33029 -29.1168 2.4
      vertex -2.17505 -29.0434 0
      vertex -2.33029 -29.1168 0
    endloop
  endfacet
  facet normal -0.336595 0.94165 0
    outer loop
      vertex -2.33029 -29.1168 0
      vertex -2.49199 -29.1746 2.4
      vertex -2.33029 -29.1168 2.4
    endloop
  endfacet
  facet normal -0.336595 0.94165 0
    outer loop
      vertex -2.49199 -29.1746 2.4
      vertex -2.33029 -29.1168 0
      vertex -2.49199 -29.1746 0
    endloop
  endfacet
  facet normal -0.243371 0.969933 0
    outer loop
      vertex -2.49199 -29.1746 0
      vertex -2.65858 -29.2164 2.4
      vertex -2.49199 -29.1746 2.4
    endloop
  endfacet
  facet normal -0.243371 0.969933 0
    outer loop
      vertex -2.65858 -29.2164 2.4
      vertex -2.49199 -29.1746 0
      vertex -2.65858 -29.2164 0
    endloop
  endfacet
  facet normal -0.146734 0.989176 0
    outer loop
      vertex -2.65858 -29.2164 0
      vertex -2.82846 -29.2416 2.4
      vertex -2.65858 -29.2164 2.4
    endloop
  endfacet
  facet normal -0.146734 0.989176 0
    outer loop
      vertex -2.82846 -29.2416 2.4
      vertex -2.65858 -29.2164 0
      vertex -2.82846 -29.2416 0
    endloop
  endfacet
  facet normal -0.0489096 0.998803 0
    outer loop
      vertex -2.82846 -29.2416 0
      vertex -3 -29.25 2.4
      vertex -2.82846 -29.2416 2.4
    endloop
  endfacet
  facet normal -0.0489096 0.998803 0
    outer loop
      vertex -3 -29.25 2.4
      vertex -2.82846 -29.2416 0
      vertex -3 -29.25 0
    endloop
  endfacet
  facet normal 0.0489153 0.998803 -0
    outer loop
      vertex -3 -29.25 0
      vertex -3.17152 -29.2416 2.4
      vertex -3 -29.25 2.4
    endloop
  endfacet
  facet normal 0.0489153 0.998803 0
    outer loop
      vertex -3.17152 -29.2416 2.4
      vertex -3 -29.25 0
      vertex -3.17152 -29.2416 0
    endloop
  endfacet
  facet normal 0 0 1
    outer loop
      vertex 20.057 -31.1854 1.6
      vertex 20.955 -31.1265 1.6
      vertex 20.8203 -29.759 1.6
    endloop
  endfacet
  facet normal 0 0 1
    outer loop
      vertex 19.928 -29.8764 1.6
      vertex 20.8203 -29.759 1.6
      vertex 20.5965 -28.4031 1.6
    endloop
  endfacet
  facet normal 0 0 1
    outer loop
      vertex 19.7138 -28.5787 1.6
      vertex 20.5965 -28.4031 1.6
      vertex 20.2844 -27.0648 1.6
    endloop
  endfacet
  facet normal 0 -0 1
    outer loop
      vertex 20.057 -31.1854 1.6
      vertex 20.8203 -29.759 1.6
      vertex 19.928 -29.8764 1.6
    endloop
  endfacet
  facet normal 0 0 1
    outer loop
      vertex 20.9607 -31.3 1.6
      vertex 20.057 -31.1854 1.6
      vertex 20.0607 -31.3 1.6
    endloop
  endfacet
  facet normal 0 0 1
    outer loop
      vertex 20.955 -31.1265 1.6
      vertex 20.057 -31.1854 1.6
      vertex 20.9607 -31.3 1.6
    endloop
  endfacet
  facet normal 0 0 1
    outer loop
      vertex 19.4151 -27.2977 1.6
      vertex 20.2844 -27.0648 1.6
      vertex 19.8855 -25.7498 1.6
    endloop
  endfacet
  facet normal 0 0 1
    outer loop
      vertex 20.5965 -28.4031 1.6
      vertex 19.7138 -28.5787 1.6
      vertex 19.928 -29.8764 1.6
    endloop
  endfacet
  facet normal 0 0 1
    outer loop
      vertex 20.2844 -27.0648 1.6
      vertex 19.4151 -27.2977 1.6
      vertex 19.7138 -28.5787 1.6
    endloop
  endfacet
  facet normal 0 0 1
    outer loop
      vertex 19.0333 -26.0391 1.6
      vertex 19.8855 -25.7498 1.6
      vertex 19.4015 -24.4637 1.6
    endloop
  endfacet
  facet normal 0 0 1
    outer loop
      vertex 19.8855 -25.7498 1.6
      vertex 19.0333 -26.0391 1.6
      vertex 19.4151 -27.2977 1.6
    endloop
  endfacet
  facet normal 0 0 1
    outer loop
      vertex 18.57 -24.8081 1.6
      vertex 19.4015 -24.4637 1.6
      vertex 18.8343 -23.2119 1.6
    endloop
  endfacet
  facet normal 0 0 1
    outer loop
      vertex 19.4015 -24.4637 1.6
      vertex 18.57 -24.8081 1.6
      vertex 19.0333 -26.0391 1.6
    endloop
  endfacet
  facet normal 0 0 1
    outer loop
      vertex 18.0271 -23.61 1.6
      vertex 18.8343 -23.2119 1.6
      vertex 18.1865 -22 1.6
    endloop
  endfacet
  facet normal 0 0 1
    outer loop
      vertex 18.8343 -23.2119 1.6
      vertex 18.0271 -23.61 1.6
      vertex 18.57 -24.8081 1.6
    endloop
  endfacet
  facet normal 0 0 1
    outer loop
      vertex 17.4071 -22.45 1.6
      vertex 18.1865 -22 1.6
      vertex 17.4609 -20.833 1.6
    endloop
  endfacet
  facet normal 0 0 1
    outer loop
      vertex 18.1865 -22 1.6
      vertex 17.4071 -22.45 1.6
      vertex 18.0271 -23.61 1.6
    endloop
  endfacet
  facet normal 0 0 1
    outer loop
      vertex 17.4609 -20.833 1.6
      vertex 16.7125 -21.333 1.6
      vertex 17.4071 -22.45 1.6
    endloop
  endfacet
  facet normal 0 0 1
    outer loop
      vertex 16.6604 -19.716 1.6
      vertex 16.7125 -21.333 1.6
      vertex 17.4609 -20.833 1.6
    endloop
  endfacet
  facet normal 0 0 1
    outer loop
      vertex 16.6604 -19.716 1.6
      vertex 15.9464 -20.2639 1.6
      vertex 16.7125 -21.333 1.6
    endloop
  endfacet
  facet normal 0 0 1
    outer loop
      vertex 15.7886 -18.6537 1.6
      vertex 15.9464 -20.2639 1.6
      vertex 16.6604 -19.716 1.6
    endloop
  endfacet
  facet normal 0 0 1
    outer loop
      vertex 15.7886 -18.6537 1.6
      vertex 15.112 -19.2472 1.6
      vertex 15.9464 -20.2639 1.6
    endloop
  endfacet
  facet normal 0 0 1
    outer loop
      vertex 14.8492 -17.6508 1.6
      vertex 15.112 -19.2472 1.6
      vertex 15.7886 -18.6537 1.6
    endloop
  endfacet
  facet normal 0 0 1
    outer loop
      vertex 14.8492 -17.6508 1.6
      vertex 14.2128 -18.2872 1.6
      vertex 15.112 -19.2472 1.6
    endloop
  endfacet
  facet normal 0 0 1
    outer loop
      vertex 13.8463 -16.7114 1.6
      vertex 14.2128 -18.2872 1.6
      vertex 14.8492 -17.6508 1.6
    endloop
  endfacet
  facet normal 0 0 1
    outer loop
      vertex 13.8463 -16.7114 1.6
      vertex 13.2528 -17.388 1.6
      vertex 14.2128 -18.2872 1.6
    endloop
  endfacet
  facet normal 0 0 1
    outer loop
      vertex 12.784 -15.8396 1.6
      vertex 13.2528 -17.388 1.6
      vertex 13.8463 -16.7114 1.6
    endloop
  endfacet
  facet normal 0 0 1
    outer loop
      vertex 12.784 -15.8396 1.6
      vertex 12.2361 -16.5536 1.6
      vertex 13.2528 -17.388 1.6
    endloop
  endfacet
  facet normal 0 0 1
    outer loop
      vertex 11.667 -15.0391 1.6
      vertex 12.2361 -16.5536 1.6
      vertex 12.784 -15.8396 1.6
    endloop
  endfacet
  facet normal 0 0 1
    outer loop
      vertex 11.667 -15.0391 1.6
      vertex 11.167 -15.7875 1.6
      vertex 12.2361 -16.5536 1.6
    endloop
  endfacet
  facet normal 0 0 1
    outer loop
      vertex 10.5 -14.3135 1.6
      vertex 11.167 -15.7875 1.6
      vertex 11.667 -15.0391 1.6
    endloop
  endfacet
  facet normal 0 0 1
    outer loop
      vertex 10.5 -14.3135 1.6
      vertex 10.05 -15.0929 1.6
      vertex 11.167 -15.7875 1.6
    endloop
  endfacet
  facet normal 0 0 1
    outer loop
      vertex 9.28806 -13.6657 1.6
      vertex 10.05 -15.0929 1.6
      vertex 10.5 -14.3135 1.6
    endloop
  endfacet
  facet normal 0 0 1
    outer loop
      vertex 9.28806 -13.6657 1.6
      vertex 8.89 -14.4729 1.6
      vertex 10.05 -15.0929 1.6
    endloop
  endfacet
  facet normal 0 0 1
    outer loop
      vertex 8.03635 -13.0985 1.6
      vertex 8.89 -14.4729 1.6
      vertex 9.28806 -13.6657 1.6
    endloop
  endfacet
  facet normal 0 0 1
    outer loop
      vertex 8.03635 -13.0985 1.6
      vertex 7.69193 -13.93 1.6
      vertex 8.89 -14.4729 1.6
    endloop
  endfacet
  facet normal 0 0 1
    outer loop
      vertex 6.75021 -12.6145 1.6
      vertex 7.69193 -13.93 1.6
      vertex 8.03635 -13.0985 1.6
    endloop
  endfacet
  facet normal 0 0 1
    outer loop
      vertex 6.75021 -12.6145 1.6
      vertex 6.46092 -13.4667 1.6
      vertex 7.69193 -13.93 1.6
    endloop
  endfacet
  facet normal 0 0 1
    outer loop
      vertex 5.4352 -12.2156 1.6
      vertex 6.46092 -13.4667 1.6
      vertex 6.75021 -12.6145 1.6
    endloop
  endfacet
  facet normal 0 0 1
    outer loop
      vertex 5.4352 -12.2156 1.6
      vertex 5.20226 -13.0849 1.6
      vertex 6.46092 -13.4667 1.6
    endloop
  endfacet
  facet normal 0 0 1
    outer loop
      vertex 4.09689 -11.9035 1.6
      vertex 5.20226 -13.0849 1.6
      vertex 5.4352 -12.2156 1.6
    endloop
  endfacet
  facet normal 0 0 1
    outer loop
      vertex 4.09689 -11.9035 1.6
      vertex 3.92131 -12.7862 1.6
      vertex 5.20226 -13.0849 1.6
    endloop
  endfacet
  facet normal 0 0 1
    outer loop
      vertex 2.74104 -11.6797 1.6
      vertex 3.92131 -12.7862 1.6
      vertex 4.09689 -11.9035 1.6
    endloop
  endfacet
  facet normal 0 0 1
    outer loop
      vertex 2.74104 -11.6797 1.6
      vertex 2.62357 -12.572 1.6
      vertex 3.92131 -12.7862 1.6
    endloop
  endfacet
  facet normal 0 0 1
    outer loop
      vertex 1.37346 -11.545 1.6
      vertex 2.62357 -12.572 1.6
      vertex 2.74104 -11.6797 1.6
    endloop
  endfacet
  facet normal 0 0 1
    outer loop
      vertex 1.37346 -11.545 1.6
      vertex 1.31459 -12.443 1.6
      vertex 2.62357 -12.572 1.6
    endloop
  endfacet
  facet normal 0 0 1
    outer loop
      vertex 0 -11.5 1.6
      vertex 1.31459 -12.443 1.6
      vertex 1.37346 -11.545 1.6
    endloop
  endfacet
  facet normal 0 0 1
    outer loop
      vertex 0 -11.5 1.6
      vertex 0 -12.4 1.6
      vertex 1.31459 -12.443 1.6
    endloop
  endfacet
  facet normal 0 0 1
    outer loop
      vertex 0 -11.5 1.6
      vertex -1.31459 -12.443 1.6
      vertex 0 -12.4 1.6
    endloop
  endfacet
  facet normal -0 0 1
    outer loop
      vertex -1.37346 -11.545 1.6
      vertex -1.31459 -12.443 1.6
      vertex 0 -11.5 1.6
    endloop
  endfacet
  facet normal 0 0 1
    outer loop
      vertex -1.37346 -11.545 1.6
      vertex -2.62357 -12.572 1.6
      vertex -1.31459 -12.443 1.6
    endloop
  endfacet
  facet normal -0 0 1
    outer loop
      vertex -2.74104 -11.6797 1.6
      vertex -2.62357 -12.572 1.6
      vertex -1.37346 -11.545 1.6
    endloop
  endfacet
  facet normal 0 0 1
    outer loop
      vertex -2.74104 -11.6797 1.6
      vertex -3.92131 -12.7862 1.6
      vertex -2.62357 -12.572 1.6
    endloop
  endfacet
  facet normal -0 0 1
    outer loop
      vertex -4.09689 -11.9035 1.6
      vertex -3.92131 -12.7862 1.6
      vertex -2.74104 -11.6797 1.6
    endloop
  endfacet
  facet normal 0 0 1
    outer loop
      vertex -4.09689 -11.9035 1.6
      vertex -5.20226 -13.0849 1.6
      vertex -3.92131 -12.7862 1.6
    endloop
  endfacet
  facet normal -0 0 1
    outer loop
      vertex -5.4352 -12.2156 1.6
      vertex -5.20226 -13.0849 1.6
      vertex -4.09689 -11.9035 1.6
    endloop
  endfacet
  facet normal 0 0 1
    outer loop
      vertex -5.4352 -12.2156 1.6
      vertex -6.46092 -13.4667 1.6
      vertex -5.20226 -13.0849 1.6
    endloop
  endfacet
  facet normal -0 0 1
    outer loop
      vertex -6.75021 -12.6145 1.6
      vertex -6.46092 -13.4667 1.6
      vertex -5.4352 -12.2156 1.6
    endloop
  endfacet
  facet normal 0 0 1
    outer loop
      vertex -6.75021 -12.6145 1.6
      vertex -7.69193 -13.93 1.6
      vertex -6.46092 -13.4667 1.6
    endloop
  endfacet
  facet normal -0 0 1
    outer loop
      vertex -8.03635 -13.0985 1.6
      vertex -7.69193 -13.93 1.6
      vertex -6.75021 -12.6145 1.6
    endloop
  endfacet
  facet normal 0 0 1
    outer loop
      vertex -8.03635 -13.0985 1.6
      vertex -8.89 -14.4729 1.6
      vertex -7.69193 -13.93 1.6
    endloop
  endfacet
  facet normal -0 0 1
    outer loop
      vertex -9.28806 -13.6657 1.6
      vertex -8.89 -14.4729 1.6
      vertex -8.03635 -13.0985 1.6
    endloop
  endfacet
  facet normal 0 0 1
    outer loop
      vertex -9.28806 -13.6657 1.6
      vertex -10.05 -15.0929 1.6
      vertex -8.89 -14.4729 1.6
    endloop
  endfacet
  facet normal -0 0 1
    outer loop
      vertex -10.5 -14.3135 1.6
      vertex -10.05 -15.0929 1.6
      vertex -9.28806 -13.6657 1.6
    endloop
  endfacet
  facet normal 0 0 1
    outer loop
      vertex -10.5 -14.3135 1.6
      vertex -11.167 -15.7875 1.6
      vertex -10.05 -15.0929 1.6
    endloop
  endfacet
  facet normal -0 0 1
    outer loop
      vertex -11.667 -15.0391 1.6
      vertex -11.167 -15.7875 1.6
      vertex -10.5 -14.3135 1.6
    endloop
  endfacet
  facet normal 0 0 1
    outer loop
      vertex -11.667 -15.0391 1.6
      vertex -12.2361 -16.5536 1.6
      vertex -11.167 -15.7875 1.6
    endloop
  endfacet
  facet normal -0 0 1
    outer loop
      vertex -12.784 -15.8396 1.6
      vertex -12.2361 -16.5536 1.6
      vertex -11.667 -15.0391 1.6
    endloop
  endfacet
  facet normal 0 0 1
    outer loop
      vertex -12.784 -15.8396 1.6
      vertex -13.2528 -17.388 1.6
      vertex -12.2361 -16.5536 1.6
    endloop
  endfacet
  facet normal -0 0 1
    outer loop
      vertex -13.8463 -16.7114 1.6
      vertex -13.2528 -17.388 1.6
      vertex -12.784 -15.8396 1.6
    endloop
  endfacet
  facet normal 0 0 1
    outer loop
      vertex -13.8463 -16.7114 1.6
      vertex -14.2128 -18.2872 1.6
      vertex -13.2528 -17.388 1.6
    endloop
  endfacet
  facet normal -0 0 1
    outer loop
      vertex -14.8492 -17.6508 1.6
      vertex -14.2128 -18.2872 1.6
      vertex -13.8463 -16.7114 1.6
    endloop
  endfacet
  facet normal 0 0 1
    outer loop
      vertex -14.8492 -17.6508 1.6
      vertex -15.112 -19.2472 1.6
      vertex -14.2128 -18.2872 1.6
    endloop
  endfacet
  facet normal -0 0 1
    outer loop
      vertex -15.7886 -18.6537 1.6
      vertex -15.112 -19.2472 1.6
      vertex -14.8492 -17.6508 1.6
    endloop
  endfacet
  facet normal 0 0 1
    outer loop
      vertex -15.7886 -18.6537 1.6
      vertex -15.9464 -20.2639 1.6
      vertex -15.112 -19.2472 1.6
    endloop
  endfacet
  facet normal -0 0 1
    outer loop
      vertex -16.6604 -19.716 1.6
      vertex -15.9464 -20.2639 1.6
      vertex -15.7886 -18.6537 1.6
    endloop
  endfacet
  facet normal 0 0 1
    outer loop
      vertex -16.6604 -19.716 1.6
      vertex -16.7125 -21.333 1.6
      vertex -15.9464 -20.2639 1.6
    endloop
  endfacet
  facet normal -0 0 1
    outer loop
      vertex -17.4609 -20.833 1.6
      vertex -16.7125 -21.333 1.6
      vertex -16.6604 -19.716 1.6
    endloop
  endfacet
  facet normal 0 0 1
    outer loop
      vertex -16.7125 -21.333 1.6
      vertex -17.4609 -20.833 1.6
      vertex -17.4071 -22.45 1.6
    endloop
  endfacet
  facet normal -0 0 1
    outer loop
      vertex -18.1865 -22 1.6
      vertex -17.4071 -22.45 1.6
      vertex -17.4609 -20.833 1.6
    endloop
  endfacet
  facet normal 0 0 1
    outer loop
      vertex -17.4071 -22.45 1.6
      vertex -18.1865 -22 1.6
      vertex -18.0271 -23.61 1.6
    endloop
  endfacet
  facet normal -0 0 1
    outer loop
      vertex -18.8343 -23.2119 1.6
      vertex -18.0271 -23.61 1.6
      vertex -18.1865 -22 1.6
    endloop
  endfacet
  facet normal 0 0 1
    outer loop
      vertex -18.0271 -23.61 1.6
      vertex -18.8343 -23.2119 1.6
      vertex -18.57 -24.8081 1.6
    endloop
  endfacet
  facet normal -0 0 1
    outer loop
      vertex -19.4015 -24.4637 1.6
      vertex -18.57 -24.8081 1.6
      vertex -18.8343 -23.2119 1.6
    endloop
  endfacet
  facet normal 0 0 1
    outer loop
      vertex -18.57 -24.8081 1.6
      vertex -19.4015 -24.4637 1.6
      vertex -19.0333 -26.0391 1.6
    endloop
  endfacet
  facet normal -0 0 1
    outer loop
      vertex -19.8855 -25.7498 1.6
      vertex -19.0333 -26.0391 1.6
      vertex -19.4015 -24.4637 1.6
    endloop
  endfacet
  facet normal 0 0 1
    outer loop
      vertex -19.0333 -26.0391 1.6
      vertex -19.8855 -25.7498 1.6
      vertex -19.4151 -27.2977 1.6
    endloop
  endfacet
  facet normal -0 0 1
    outer loop
      vertex -20.2844 -27.0648 1.6
      vertex -19.4151 -27.2977 1.6
      vertex -19.8855 -25.7498 1.6
    endloop
  endfacet
  facet normal 0 0 1
    outer loop
      vertex -19.4151 -27.2977 1.6
      vertex -20.2844 -27.0648 1.6
      vertex -19.7138 -28.5787 1.6
    endloop
  endfacet
  facet normal -0 0 1
    outer loop
      vertex -20.5965 -28.4031 1.6
      vertex -19.7138 -28.5787 1.6
      vertex -20.2844 -27.0648 1.6
    endloop
  endfacet
  facet normal 0 0 1
    outer loop
      vertex -19.7138 -28.5787 1.6
      vertex -20.5965 -28.4031 1.6
      vertex -19.928 -29.8764 1.6
    endloop
  endfacet
  facet normal -0 0 1
    outer loop
      vertex -20.8203 -29.759 1.6
      vertex -19.928 -29.8764 1.6
      vertex -20.5965 -28.4031 1.6
    endloop
  endfacet
  facet normal 0 0 1
    outer loop
      vertex -19.928 -29.8764 1.6
      vertex -20.8203 -29.759 1.6
      vertex -20.057 -31.1854 1.6
    endloop
  endfacet
  facet normal -0 0 1
    outer loop
      vertex -20.955 -31.1265 1.6
      vertex -20.057 -31.1854 1.6
      vertex -20.8203 -29.759 1.6
    endloop
  endfacet
  facet normal 0 0 1
    outer loop
      vertex -20.057 -31.1854 1.6
      vertex -20.955 -31.1265 1.6
      vertex -20.0607 -31.3 1.6
    endloop
  endfacet
  facet normal 0 0 1
    outer loop
      vertex -20.0607 -31.3 1.6
      vertex -20.955 -31.1265 1.6
      vertex -20.9607 -31.3 1.6
    endloop
  endfacet
  facet normal -0 0 1
    outer loop
      vertex -5.8 -43.072 1.6
      vertex 5.8 -43.928 1.6
      vertex 5.8 -43.072 1.6
    endloop
  endfacet
  facet normal 0 0 1
    outer loop
      vertex 5.8 -43.928 1.6
      vertex -5.8 -43.072 1.6
      vertex -5.8 -43.928 1.6
    endloop
  endfacet
  facet normal -0 0 1
    outer loop
      vertex -5.8 -49.072 1.6
      vertex 5.8 -49.928 1.6
      vertex 5.8 -49.072 1.6
    endloop
  endfacet
  facet normal 0 0 1
    outer loop
      vertex 5.8 -49.928 1.6
      vertex -5.8 -49.072 1.6
      vertex -5.8 -49.928 1.6
    endloop
  endfacet
  facet normal -0.995179 0.0980734 0
    outer loop
      vertex -20.057 -31.1854 1.6
      vertex -19.928 -29.8764 2.4
      vertex -19.928 -29.8764 1.6
    endloop
  endfacet
  facet normal -0.995179 0.0980734 0
    outer loop
      vertex -19.928 -29.8764 2.4
      vertex -20.057 -31.1854 1.6
      vertex -20.057 -31.1854 2.4
    endloop
  endfacet
  facet normal -0.98665 0.162858 0
    outer loop
      vertex -19.928 -29.8764 1.6
      vertex -19.7138 -28.5787 2.4
      vertex -19.7138 -28.5787 1.6
    endloop
  endfacet
  facet normal -0.98665 0.162858 0
    outer loop
      vertex -19.7138 -28.5787 2.4
      vertex -19.928 -29.8764 1.6
      vertex -19.928 -29.8764 2.4
    endloop
  endfacet
  facet normal -0.973875 0.227085 0
    outer loop
      vertex -19.7138 -28.5787 1.6
      vertex -19.4151 -27.2977 2.4
      vertex -19.4151 -27.2977 1.6
    endloop
  endfacet
  facet normal -0.973875 0.227085 0
    outer loop
      vertex -19.4151 -27.2977 2.4
      vertex -19.7138 -28.5787 1.6
      vertex -19.7138 -28.5787 2.4
    endloop
  endfacet
  facet normal -0.956939 0.29029 0
    outer loop
      vertex -19.4151 -27.2977 1.6
      vertex -19.0333 -26.0391 2.4
      vertex -19.0333 -26.0391 1.6
    endloop
  endfacet
  facet normal -0.956939 0.29029 0
    outer loop
      vertex -19.0333 -26.0391 2.4
      vertex -19.4151 -27.2977 1.6
      vertex -19.4151 -27.2977 2.4
    endloop
  endfacet
  facet normal -0.93591 0.35224 0
    outer loop
      vertex -19.0333 -26.0391 1.6
      vertex -18.57 -24.8081 2.4
      vertex -18.57 -24.8081 1.6
    endloop
  endfacet
  facet normal -0.93591 0.35224 0
    outer loop
      vertex -18.57 -24.8081 2.4
      vertex -19.0333 -26.0391 1.6
      vertex -19.0333 -26.0391 2.4
    endloop
  endfacet
  facet normal -0.91085 0.412737 0
    outer loop
      vertex -18.57 -24.8081 1.6
      vertex -18.0271 -23.61 2.4
      vertex -18.0271 -23.61 1.6
    endloop
  endfacet
  facet normal -0.91085 0.412737 0
    outer loop
      vertex -18.0271 -23.61 2.4
      vertex -18.57 -24.8081 1.6
      vertex -18.57 -24.8081 2.4
    endloop
  endfacet
  facet normal -0.881932 0.471377 0
    outer loop
      vertex -18.0271 -23.61 1.6
      vertex -17.4071 -22.45 2.4
      vertex -17.4071 -22.45 1.6
    endloop
  endfacet
  facet normal -0.881932 0.471377 0
    outer loop
      vertex -17.4071 -22.45 2.4
      vertex -18.0271 -23.61 1.6
      vertex -18.0271 -23.61 2.4
    endloop
  endfacet
  facet normal -0.849201 0.52807 0
    outer loop
      vertex -17.4071 -22.45 1.6
      vertex -16.7125 -21.333 2.4
      vertex -16.7125 -21.333 1.6
    endloop
  endfacet
  facet normal -0.849201 0.52807 0
    outer loop
      vertex -16.7125 -21.333 2.4
      vertex -17.4071 -22.45 1.6
      vertex -17.4071 -22.45 2.4
    endloop
  endfacet
  facet normal -0.812849 0.582475 0
    outer loop
      vertex -16.7125 -21.333 1.6
      vertex -15.9464 -20.2639 2.4
      vertex -15.9464 -20.2639 1.6
    endloop
  endfacet
  facet normal -0.812849 0.582475 0
    outer loop
      vertex -15.9464 -20.2639 2.4
      vertex -16.7125 -21.333 1.6
      vertex -16.7125 -21.333 2.4
    endloop
  endfacet
  facet normal -0.773005 0.6344 0
    outer loop
      vertex -15.9464 -20.2639 1.6
      vertex -15.112 -19.2472 2.4
      vertex -15.112 -19.2472 1.6
    endloop
  endfacet
  facet normal -0.773005 0.6344 0
    outer loop
      vertex -15.112 -19.2472 2.4
      vertex -15.9464 -20.2639 1.6
      vertex -15.9464 -20.2639 2.4
    endloop
  endfacet
  facet normal -0.729841 0.683617 0
    outer loop
      vertex -15.112 -19.2472 1.6
      vertex -14.2128 -18.2872 2.4
      vertex -14.2128 -18.2872 1.6
    endloop
  endfacet
  facet normal -0.729841 0.683617 0
    outer loop
      vertex -14.2128 -18.2872 2.4
      vertex -15.112 -19.2472 1.6
      vertex -15.112 -19.2472 2.4
    endloop
  endfacet
  facet normal -0.683617 0.729841 0
    outer loop
      vertex -13.2528 -17.388 1.6
      vertex -14.2128 -18.2872 2.4
      vertex -13.2528 -17.388 2.4
    endloop
  endfacet
  facet normal -0.683617 0.729841 0
    outer loop
      vertex -14.2128 -18.2872 2.4
      vertex -13.2528 -17.388 1.6
      vertex -14.2128 -18.2872 1.6
    endloop
  endfacet
  facet normal -0.6344 0.773005 0
    outer loop
      vertex -12.2361 -16.5536 1.6
      vertex -13.2528 -17.388 2.4
      vertex -12.2361 -16.5536 2.4
    endloop
  endfacet
  facet normal -0.6344 0.773005 0
    outer loop
      vertex -13.2528 -17.388 2.4
      vertex -12.2361 -16.5536 1.6
      vertex -13.2528 -17.388 1.6
    endloop
  endfacet
  facet normal -0.582475 0.812849 0
    outer loop
      vertex -11.167 -15.7875 1.6
      vertex -12.2361 -16.5536 2.4
      vertex -11.167 -15.7875 2.4
    endloop
  endfacet
  facet normal -0.582475 0.812849 0
    outer loop
      vertex -12.2361 -16.5536 2.4
      vertex -11.167 -15.7875 1.6
      vertex -12.2361 -16.5536 1.6
    endloop
  endfacet
  facet normal -0.52807 0.849201 0
    outer loop
      vertex -10.05 -15.0929 1.6
      vertex -11.167 -15.7875 2.4
      vertex -10.05 -15.0929 2.4
    endloop
  endfacet
  facet normal -0.52807 0.849201 0
    outer loop
      vertex -11.167 -15.7875 2.4
      vertex -10.05 -15.0929 1.6
      vertex -11.167 -15.7875 1.6
    endloop
  endfacet
  facet normal -0.471377 0.881932 0
    outer loop
      vertex -8.89 -14.4729 1.6
      vertex -10.05 -15.0929 2.4
      vertex -8.89 -14.4729 2.4
    endloop
  endfacet
  facet normal -0.471377 0.881932 0
    outer loop
      vertex -10.05 -15.0929 2.4
      vertex -8.89 -14.4729 1.6
      vertex -10.05 -15.0929 1.6
    endloop
  endfacet
  facet normal -0.412746 0.910846 0
    outer loop
      vertex -7.69193 -13.93 1.6
      vertex -8.89 -14.4729 2.4
      vertex -7.69193 -13.93 2.4
    endloop
  endfacet
  facet normal -0.412746 0.910846 0
    outer loop
      vertex -8.89 -14.4729 2.4
      vertex -7.69193 -13.93 1.6
      vertex -8.89 -14.4729 1.6
    endloop
  endfacet
  facet normal -0.352237 0.935911 0
    outer loop
      vertex -6.46092 -13.4667 1.6
      vertex -7.69193 -13.93 2.4
      vertex -6.46092 -13.4667 2.4
    endloop
  endfacet
  facet normal -0.352237 0.935911 0
    outer loop
      vertex -7.69193 -13.93 2.4
      vertex -6.46092 -13.4667 1.6
      vertex -7.69193 -13.93 1.6
    endloop
  endfacet
  facet normal -0.290277 0.956943 0
    outer loop
      vertex -5.20226 -13.0849 1.6
      vertex -6.46092 -13.4667 2.4
      vertex -5.20226 -13.0849 2.4
    endloop
  endfacet
  facet normal -0.290277 0.956943 0
    outer loop
      vertex -6.46092 -13.4667 2.4
      vertex -5.20226 -13.0849 1.6
      vertex -6.46092 -13.4667 1.6
    endloop
  endfacet
  facet normal -0.227094 0.973873 0
    outer loop
      vertex -3.92131 -12.7862 1.6
      vertex -5.20226 -13.0849 2.4
      vertex -3.92131 -12.7862 2.4
    endloop
  endfacet
  facet normal -0.227094 0.973873 0
    outer loop
      vertex -5.20226 -13.0849 2.4
      vertex -3.92131 -12.7862 1.6
      vertex -5.20226 -13.0849 1.6
    endloop
  endfacet
  facet normal -0.162853 0.98665 0
    outer loop
      vertex -2.62357 -12.572 1.6
      vertex -3.92131 -12.7862 2.4
      vertex -2.62357 -12.572 2.4
    endloop
  endfacet
  facet normal -0.162853 0.98665 0
    outer loop
      vertex -3.92131 -12.7862 2.4
      vertex -2.62357 -12.572 1.6
      vertex -3.92131 -12.7862 1.6
    endloop
  endfacet
  facet normal -0.0980749 0.995179 0
    outer loop
      vertex -1.31459 -12.443 1.6
      vertex -2.62357 -12.572 2.4
      vertex -1.31459 -12.443 2.4
    endloop
  endfacet
  facet normal -0.0980749 0.995179 0
    outer loop
      vertex -2.62357 -12.572 2.4
      vertex -1.31459 -12.443 1.6
      vertex -2.62357 -12.572 1.6
    endloop
  endfacet
  facet normal -0.0326923 0.999465 0
    outer loop
      vertex 0 -12.4 1.6
      vertex -1.31459 -12.443 2.4
      vertex 0 -12.4 2.4
    endloop
  endfacet
  facet normal -0.0326923 0.999465 0
    outer loop
      vertex -1.31459 -12.443 2.4
      vertex 0 -12.4 1.6
      vertex -1.31459 -12.443 1.6
    endloop
  endfacet
  facet normal 0.0326923 0.999465 -0
    outer loop
      vertex 1.31459 -12.443 1.6
      vertex 0 -12.4 2.4
      vertex 1.31459 -12.443 2.4
    endloop
  endfacet
  facet normal 0.0326923 0.999465 0
    outer loop
      vertex 0 -12.4 2.4
      vertex 1.31459 -12.443 1.6
      vertex 0 -12.4 1.6
    endloop
  endfacet
  facet normal 0.0980749 0.995179 -0
    outer loop
      vertex 2.62357 -12.572 1.6
      vertex 1.31459 -12.443 2.4
      vertex 2.62357 -12.572 2.4
    endloop
  endfacet
  facet normal 0.0980749 0.995179 0
    outer loop
      vertex 1.31459 -12.443 2.4
      vertex 2.62357 -12.572 1.6
      vertex 1.31459 -12.443 1.6
    endloop
  endfacet
  facet normal 0.162853 0.98665 -0
    outer loop
      vertex 3.92131 -12.7862 1.6
      vertex 2.62357 -12.572 2.4
      vertex 3.92131 -12.7862 2.4
    endloop
  endfacet
  facet normal 0.162853 0.98665 0
    outer loop
      vertex 2.62357 -12.572 2.4
      vertex 3.92131 -12.7862 1.6
      vertex 2.62357 -12.572 1.6
    endloop
  endfacet
  facet normal 0.227094 0.973873 -0
    outer loop
      vertex 5.20226 -13.0849 1.6
      vertex 3.92131 -12.7862 2.4
      vertex 5.20226 -13.0849 2.4
    endloop
  endfacet
  facet normal 0.227094 0.973873 0
    outer loop
      vertex 3.92131 -12.7862 2.4
      vertex 5.20226 -13.0849 1.6
      vertex 3.92131 -12.7862 1.6
    endloop
  endfacet
  facet normal 0.290277 0.956943 -0
    outer loop
      vertex 6.46092 -13.4667 1.6
      vertex 5.20226 -13.0849 2.4
      vertex 6.46092 -13.4667 2.4
    endloop
  endfacet
  facet normal 0.290277 0.956943 0
    outer loop
      vertex 5.20226 -13.0849 2.4
      vertex 6.46092 -13.4667 1.6
      vertex 5.20226 -13.0849 1.6
    endloop
  endfacet
  facet normal 0.352237 0.935911 -0
    outer loop
      vertex 7.69193 -13.93 1.6
      vertex 6.46092 -13.4667 2.4
      vertex 7.69193 -13.93 2.4
    endloop
  endfacet
  facet normal 0.352237 0.935911 0
    outer loop
      vertex 6.46092 -13.4667 2.4
      vertex 7.69193 -13.93 1.6
      vertex 6.46092 -13.4667 1.6
    endloop
  endfacet
  facet normal 0.412746 0.910846 -0
    outer loop
      vertex 8.89 -14.4729 1.6
      vertex 7.69193 -13.93 2.4
      vertex 8.89 -14.4729 2.4
    endloop
  endfacet
  facet normal 0.412746 0.910846 0
    outer loop
      vertex 7.69193 -13.93 2.4
      vertex 8.89 -14.4729 1.6
      vertex 7.69193 -13.93 1.6
    endloop
  endfacet
  facet normal 0.471377 0.881932 -0
    outer loop
      vertex 10.05 -15.0929 1.6
      vertex 8.89 -14.4729 2.4
      vertex 10.05 -15.0929 2.4
    endloop
  endfacet
  facet normal 0.471377 0.881932 0
    outer loop
      vertex 8.89 -14.4729 2.4
      vertex 10.05 -15.0929 1.6
      vertex 8.89 -14.4729 1.6
    endloop
  endfacet
  facet normal 0.52807 0.849201 -0
    outer loop
      vertex 11.167 -15.7875 1.6
      vertex 10.05 -15.0929 2.4
      vertex 11.167 -15.7875 2.4
    endloop
  endfacet
  facet normal 0.52807 0.849201 0
    outer loop
      vertex 10.05 -15.0929 2.4
      vertex 11.167 -15.7875 1.6
      vertex 10.05 -15.0929 1.6
    endloop
  endfacet
  facet normal 0.582475 0.812849 -0
    outer loop
      vertex 12.2361 -16.5536 1.6
      vertex 11.167 -15.7875 2.4
      vertex 12.2361 -16.5536 2.4
    endloop
  endfacet
  facet normal 0.582475 0.812849 0
    outer loop
      vertex 11.167 -15.7875 2.4
      vertex 12.2361 -16.5536 1.6
      vertex 11.167 -15.7875 1.6
    endloop
  endfacet
  facet normal 0.6344 0.773005 -0
    outer loop
      vertex 13.2528 -17.388 1.6
      vertex 12.2361 -16.5536 2.4
      vertex 13.2528 -17.388 2.4
    endloop
  endfacet
  facet normal 0.6344 0.773005 0
    outer loop
      vertex 12.2361 -16.5536 2.4
      vertex 13.2528 -17.388 1.6
      vertex 12.2361 -16.5536 1.6
    endloop
  endfacet
  facet normal 0.683617 0.729841 -0
    outer loop
      vertex 14.2128 -18.2872 1.6
      vertex 13.2528 -17.388 2.4
      vertex 14.2128 -18.2872 2.4
    endloop
  endfacet
  facet normal 0.683617 0.729841 0
    outer loop
      vertex 13.2528 -17.388 2.4
      vertex 14.2128 -18.2872 1.6
      vertex 13.2528 -17.388 1.6
    endloop
  endfacet
  facet normal 0.729841 0.683617 0
    outer loop
      vertex 15.112 -19.2472 2.4
      vertex 14.2128 -18.2872 1.6
      vertex 14.2128 -18.2872 2.4
    endloop
  endfacet
  facet normal 0.729841 0.683617 0
    outer loop
      vertex 14.2128 -18.2872 1.6
      vertex 15.112 -19.2472 2.4
      vertex 15.112 -19.2472 1.6
    endloop
  endfacet
  facet normal 0.773005 0.6344 0
    outer loop
      vertex 15.9464 -20.2639 2.4
      vertex 15.112 -19.2472 1.6
      vertex 15.112 -19.2472 2.4
    endloop
  endfacet
  facet normal 0.773005 0.6344 0
    outer loop
      vertex 15.112 -19.2472 1.6
      vertex 15.9464 -20.2639 2.4
      vertex 15.9464 -20.2639 1.6
    endloop
  endfacet
  facet normal 0.812849 0.582475 0
    outer loop
      vertex 16.7125 -21.333 2.4
      vertex 15.9464 -20.2639 1.6
      vertex 15.9464 -20.2639 2.4
    endloop
  endfacet
  facet normal 0.812849 0.582475 0
    outer loop
      vertex 15.9464 -20.2639 1.6
      vertex 16.7125 -21.333 2.4
      vertex 16.7125 -21.333 1.6
    endloop
  endfacet
  facet normal 0.849201 0.52807 0
    outer loop
      vertex 17.4071 -22.45 2.4
      vertex 16.7125 -21.333 1.6
      vertex 16.7125 -21.333 2.4
    endloop
  endfacet
  facet normal 0.849201 0.52807 0
    outer loop
      vertex 16.7125 -21.333 1.6
      vertex 17.4071 -22.45 2.4
      vertex 17.4071 -22.45 1.6
    endloop
  endfacet
  facet normal 0.881932 0.471377 0
    outer loop
      vertex 18.0271 -23.61 2.4
      vertex 17.4071 -22.45 1.6
      vertex 17.4071 -22.45 2.4
    endloop
  endfacet
  facet normal 0.881932 0.471377 0
    outer loop
      vertex 17.4071 -22.45 1.6
      vertex 18.0271 -23.61 2.4
      vertex 18.0271 -23.61 1.6
    endloop
  endfacet
  facet normal 0.91085 0.412737 0
    outer loop
      vertex 18.57 -24.8081 2.4
      vertex 18.0271 -23.61 1.6
      vertex 18.0271 -23.61 2.4
    endloop
  endfacet
  facet normal 0.91085 0.412737 0
    outer loop
      vertex 18.0271 -23.61 1.6
      vertex 18.57 -24.8081 2.4
      vertex 18.57 -24.8081 1.6
    endloop
  endfacet
  facet normal 0.93591 0.35224 0
    outer loop
      vertex 19.0333 -26.0391 2.4
      vertex 18.57 -24.8081 1.6
      vertex 18.57 -24.8081 2.4
    endloop
  endfacet
  facet normal 0.93591 0.35224 0
    outer loop
      vertex 18.57 -24.8081 1.6
      vertex 19.0333 -26.0391 2.4
      vertex 19.0333 -26.0391 1.6
    endloop
  endfacet
  facet normal 0.956939 0.29029 0
    outer loop
      vertex 19.4151 -27.2977 2.4
      vertex 19.0333 -26.0391 1.6
      vertex 19.0333 -26.0391 2.4
    endloop
  endfacet
  facet normal 0.956939 0.29029 0
    outer loop
      vertex 19.0333 -26.0391 1.6
      vertex 19.4151 -27.2977 2.4
      vertex 19.4151 -27.2977 1.6
    endloop
  endfacet
  facet normal 0.973875 0.227085 0
    outer loop
      vertex 19.7138 -28.5787 2.4
      vertex 19.4151 -27.2977 1.6
      vertex 19.4151 -27.2977 2.4
    endloop
  endfacet
  facet normal 0.973875 0.227085 0
    outer loop
      vertex 19.4151 -27.2977 1.6
      vertex 19.7138 -28.5787 2.4
      vertex 19.7138 -28.5787 1.6
    endloop
  endfacet
  facet normal 0.98665 0.162858 0
    outer loop
      vertex 19.928 -29.8764 2.4
      vertex 19.7138 -28.5787 1.6
      vertex 19.7138 -28.5787 2.4
    endloop
  endfacet
  facet normal 0.98665 0.162858 0
    outer loop
      vertex 19.7138 -28.5787 1.6
      vertex 19.928 -29.8764 2.4
      vertex 19.928 -29.8764 1.6
    endloop
  endfacet
  facet normal 0.995179 0.0980734 0
    outer loop
      vertex 20.057 -31.1854 2.4
      vertex 19.928 -29.8764 1.6
      vertex 19.928 -29.8764 2.4
    endloop
  endfacet
  facet normal 0.995179 0.0980734 0
    outer loop
      vertex 19.928 -29.8764 1.6
      vertex 20.057 -31.1854 2.4
      vertex 20.057 -31.1854 1.6
    endloop
  endfacet
  facet normal 0.999479 0.0322694 0
    outer loop
      vertex 20.0607 -31.3 2.4
      vertex 20.057 -31.1854 1.6
      vertex 20.057 -31.1854 2.4
    endloop
  endfacet
  facet normal 0.999479 0.0322694 0
    outer loop
      vertex 20.057 -31.1854 1.6
      vertex 20.0607 -31.3 2.4
      vertex 20.0607 -31.3 1.6
    endloop
  endfacet
  facet normal 0 1 -0
    outer loop
      vertex 20.9607 -31.3 1.6
      vertex 20.0607 -31.3 2.4
      vertex 20.9607 -31.3 2.4
    endloop
  endfacet
  facet normal 0 1 0
    outer loop
      vertex 20.0607 -31.3 2.4
      vertex 20.9607 -31.3 1.6
      vertex 20.0607 -31.3 1.6
    endloop
  endfacet
  facet normal -0.999461 -0.0328353 0
    outer loop
      vertex 20.9607 -31.3 1.6
      vertex 20.955 -31.1265 2.4
      vertex 20.955 -31.1265 1.6
    endloop
  endfacet
  facet normal -0.999461 -0.0328353 0
    outer loop
      vertex 20.955 -31.1265 2.4
      vertex 20.9607 -31.3 1.6
      vertex 20.9607 -31.3 2.4
    endloop
  endfacet
  facet normal -0.995184 -0.0980265 0
    outer loop
      vertex 20.955 -31.1265 1.6
      vertex 20.8203 -29.759 2.4
      vertex 20.8203 -29.759 1.6
    endloop
  endfacet
  facet normal -0.995184 -0.0980265 0
    outer loop
      vertex 20.8203 -29.759 2.4
      vertex 20.955 -31.1265 1.6
      vertex 20.955 -31.1265 2.4
    endloop
  endfacet
  facet normal -0.98665 -0.162853 0
    outer loop
      vertex 20.8203 -29.759 1.6
      vertex 20.5965 -28.4031 2.4
      vertex 20.5965 -28.4031 1.6
    endloop
  endfacet
  facet normal -0.98665 -0.162853 0
    outer loop
      vertex 20.5965 -28.4031 2.4
      vertex 20.8203 -29.759 1.6
      vertex 20.8203 -29.759 2.4
    endloop
  endfacet
  facet normal -0.973869 -0.227112 0
    outer loop
      vertex 20.5965 -28.4031 1.6
      vertex 20.2844 -27.0648 2.4
      vertex 20.2844 -27.0648 1.6
    endloop
  endfacet
  facet normal -0.973869 -0.227112 0
    outer loop
      vertex 20.2844 -27.0648 2.4
      vertex 20.5965 -28.4031 1.6
      vertex 20.5965 -28.4031 2.4
    endloop
  endfacet
  facet normal -0.956941 -0.290284 0
    outer loop
      vertex 20.2844 -27.0648 1.6
      vertex 19.8855 -25.7498 2.4
      vertex 19.8855 -25.7498 1.6
    endloop
  endfacet
  facet normal -0.956941 -0.290284 0
    outer loop
      vertex 19.8855 -25.7498 2.4
      vertex 20.2844 -27.0648 1.6
      vertex 20.2844 -27.0648 2.4
    endloop
  endfacet
  facet normal -0.935919 -0.352216 0
    outer loop
      vertex 19.8855 -25.7498 1.6
      vertex 19.4015 -24.4637 2.4
      vertex 19.4015 -24.4637 1.6
    endloop
  endfacet
  facet normal -0.935919 -0.352216 0
    outer loop
      vertex 19.4015 -24.4637 2.4
      vertex 19.8855 -25.7498 1.6
      vertex 19.8855 -25.7498 2.4
    endloop
  endfacet
  facet normal -0.910859 -0.412717 0
    outer loop
      vertex 19.4015 -24.4637 1.6
      vertex 18.8343 -23.2119 2.4
      vertex 18.8343 -23.2119 1.6
    endloop
  endfacet
  facet normal -0.910859 -0.412717 0
    outer loop
      vertex 18.8343 -23.2119 2.4
      vertex 19.4015 -24.4637 1.6
      vertex 19.4015 -24.4637 2.4
    endloop
  endfacet
  facet normal -0.881913 -0.471411 0
    outer loop
      vertex 18.8343 -23.2119 1.6
      vertex 18.1865 -22 2.4
      vertex 18.1865 -22 1.6
    endloop
  endfacet
  facet normal -0.881913 -0.471411 0
    outer loop
      vertex 18.1865 -22 2.4
      vertex 18.8343 -23.2119 1.6
      vertex 18.8343 -23.2119 2.4
    endloop
  endfacet
  facet normal -0.849231 -0.528022 0
    outer loop
      vertex 18.1865 -22 1.6
      vertex 17.4609 -20.833 2.4
      vertex 17.4609 -20.833 1.6
    endloop
  endfacet
  facet normal -0.849231 -0.528022 0
    outer loop
      vertex 17.4609 -20.833 2.4
      vertex 18.1865 -22 1.6
      vertex 18.1865 -22 2.4
    endloop
  endfacet
  facet normal -0.812823 -0.582511 0
    outer loop
      vertex 17.4609 -20.833 1.6
      vertex 16.6604 -19.716 2.4
      vertex 16.6604 -19.716 1.6
    endloop
  endfacet
  facet normal -0.812823 -0.582511 0
    outer loop
      vertex 16.6604 -19.716 2.4
      vertex 17.4609 -20.833 1.6
      vertex 17.4609 -20.833 2.4
    endloop
  endfacet
  facet normal -0.773013 -0.63439 0
    outer loop
      vertex 16.6604 -19.716 1.6
      vertex 15.7886 -18.6537 2.4
      vertex 15.7886 -18.6537 1.6
    endloop
  endfacet
  facet normal -0.773013 -0.63439 0
    outer loop
      vertex 15.7886 -18.6537 2.4
      vertex 16.6604 -19.716 1.6
      vertex 16.6604 -19.716 2.4
    endloop
  endfacet
  facet normal -0.729834 -0.683624 0
    outer loop
      vertex 15.7886 -18.6537 1.6
      vertex 14.8492 -17.6508 2.4
      vertex 14.8492 -17.6508 1.6
    endloop
  endfacet
  facet normal -0.729834 -0.683624 0
    outer loop
      vertex 14.8492 -17.6508 2.4
      vertex 15.7886 -18.6537 1.6
      vertex 15.7886 -18.6537 2.4
    endloop
  endfacet
  facet normal -0.683624 -0.729834 0
    outer loop
      vertex 13.8463 -16.7114 1.6
      vertex 14.8492 -17.6508 2.4
      vertex 13.8463 -16.7114 2.4
    endloop
  endfacet
  facet normal -0.683624 -0.729834 -0
    outer loop
      vertex 14.8492 -17.6508 2.4
      vertex 13.8463 -16.7114 1.6
      vertex 14.8492 -17.6508 1.6
    endloop
  endfacet
  facet normal -0.63439 -0.773013 0
    outer loop
      vertex 12.784 -15.8396 1.6
      vertex 13.8463 -16.7114 2.4
      vertex 12.784 -15.8396 2.4
    endloop
  endfacet
  facet normal -0.63439 -0.773013 -0
    outer loop
      vertex 13.8463 -16.7114 2.4
      vertex 12.784 -15.8396 1.6
      vertex 13.8463 -16.7114 1.6
    endloop
  endfacet
  facet normal -0.582511 -0.812823 0
    outer loop
      vertex 11.667 -15.0391 1.6
      vertex 12.784 -15.8396 2.4
      vertex 11.667 -15.0391 2.4
    endloop
  endfacet
  facet normal -0.582511 -0.812823 -0
    outer loop
      vertex 12.784 -15.8396 2.4
      vertex 11.667 -15.0391 1.6
      vertex 12.784 -15.8396 1.6
    endloop
  endfacet
  facet normal -0.528022 -0.849231 0
    outer loop
      vertex 10.5 -14.3135 1.6
      vertex 11.667 -15.0391 2.4
      vertex 10.5 -14.3135 2.4
    endloop
  endfacet
  facet normal -0.528022 -0.849231 -0
    outer loop
      vertex 11.667 -15.0391 2.4
      vertex 10.5 -14.3135 1.6
      vertex 11.667 -15.0391 1.6
    endloop
  endfacet
  facet normal -0.471399 -0.88192 0
    outer loop
      vertex 9.28806 -13.6657 1.6
      vertex 10.5 -14.3135 2.4
      vertex 9.28806 -13.6657 2.4
    endloop
  endfacet
  facet normal -0.471399 -0.88192 -0
    outer loop
      vertex 10.5 -14.3135 2.4
      vertex 9.28806 -13.6657 1.6
      vertex 10.5 -14.3135 1.6
    endloop
  endfacet
  facet normal -0.412742 -0.910848 0
    outer loop
      vertex 8.03635 -13.0985 1.6
      vertex 9.28806 -13.6657 2.4
      vertex 8.03635 -13.0985 2.4
    endloop
  endfacet
  facet normal -0.412742 -0.910848 -0
    outer loop
      vertex 9.28806 -13.6657 2.4
      vertex 8.03635 -13.0985 1.6
      vertex 9.28806 -13.6657 1.6
    endloop
  endfacet
  facet normal -0.352206 -0.935922 0
    outer loop
      vertex 6.75021 -12.6145 1.6
      vertex 8.03635 -13.0985 2.4
      vertex 6.75021 -12.6145 2.4
    endloop
  endfacet
  facet normal -0.352206 -0.935922 -0
    outer loop
      vertex 8.03635 -13.0985 2.4
      vertex 6.75021 -12.6145 1.6
      vertex 8.03635 -13.0985 1.6
    endloop
  endfacet
  facet normal -0.290282 -0.956941 0
    outer loop
      vertex 5.4352 -12.2156 1.6
      vertex 6.75021 -12.6145 2.4
      vertex 5.4352 -12.2156 2.4
    endloop
  endfacet
  facet normal -0.290282 -0.956941 -0
    outer loop
      vertex 6.75021 -12.6145 2.4
      vertex 5.4352 -12.2156 1.6
      vertex 6.75021 -12.6145 1.6
    endloop
  endfacet
  facet normal -0.227111 -0.973869 0
    outer loop
      vertex 4.09689 -11.9035 1.6
      vertex 5.4352 -12.2156 2.4
      vertex 4.09689 -11.9035 2.4
    endloop
  endfacet
  facet normal -0.227111 -0.973869 -0
    outer loop
      vertex 5.4352 -12.2156 2.4
      vertex 4.09689 -11.9035 1.6
      vertex 5.4352 -12.2156 1.6
    endloop
  endfacet
  facet normal -0.162859 -0.986649 0
    outer loop
      vertex 2.74104 -11.6797 1.6
      vertex 4.09689 -11.9035 2.4
      vertex 2.74104 -11.6797 2.4
    endloop
  endfacet
  facet normal -0.162859 -0.986649 -0
    outer loop
      vertex 4.09689 -11.9035 2.4
      vertex 2.74104 -11.6797 1.6
      vertex 4.09689 -11.9035 1.6
    endloop
  endfacet
  facet normal -0.0980208 -0.995184 0
    outer loop
      vertex 1.37346 -11.545 1.6
      vertex 2.74104 -11.6797 2.4
      vertex 1.37346 -11.545 2.4
    endloop
  endfacet
  facet normal -0.0980208 -0.995184 -0
    outer loop
      vertex 2.74104 -11.6797 2.4
      vertex 1.37346 -11.545 1.6
      vertex 2.74104 -11.6797 1.6
    endloop
  endfacet
  facet normal -0.0327464 -0.999464 0
    outer loop
      vertex 0 -11.5 1.6
      vertex 1.37346 -11.545 2.4
      vertex 0 -11.5 2.4
    endloop
  endfacet
  facet normal -0.0327464 -0.999464 -0
    outer loop
      vertex 1.37346 -11.545 2.4
      vertex 0 -11.5 1.6
      vertex 1.37346 -11.545 1.6
    endloop
  endfacet
  facet normal 0.0327464 -0.999464 0
    outer loop
      vertex -1.37346 -11.545 1.6
      vertex 0 -11.5 2.4
      vertex -1.37346 -11.545 2.4
    endloop
  endfacet
  facet normal 0.0327464 -0.999464 0
    outer loop
      vertex 0 -11.5 2.4
      vertex -1.37346 -11.545 1.6
      vertex 0 -11.5 1.6
    endloop
  endfacet
  facet normal 0.0980208 -0.995184 0
    outer loop
      vertex -2.74104 -11.6797 1.6
      vertex -1.37346 -11.545 2.4
      vertex -2.74104 -11.6797 2.4
    endloop
  endfacet
  facet normal 0.0980208 -0.995184 0
    outer loop
      vertex -1.37346 -11.545 2.4
      vertex -2.74104 -11.6797 1.6
      vertex -1.37346 -11.545 1.6
    endloop
  endfacet
  facet normal 0.162859 -0.986649 0
    outer loop
      vertex -4.09689 -11.9035 1.6
      vertex -2.74104 -11.6797 2.4
      vertex -4.09689 -11.9035 2.4
    endloop
  endfacet
  facet normal 0.162859 -0.986649 0
    outer loop
      vertex -2.74104 -11.6797 2.4
      vertex -4.09689 -11.9035 1.6
      vertex -2.74104 -11.6797 1.6
    endloop
  endfacet
  facet normal 0.227111 -0.973869 0
    outer loop
      vertex -5.4352 -12.2156 1.6
      vertex -4.09689 -11.9035 2.4
      vertex -5.4352 -12.2156 2.4
    endloop
  endfacet
  facet normal 0.227111 -0.973869 0
    outer loop
      vertex -4.09689 -11.9035 2.4
      vertex -5.4352 -12.2156 1.6
      vertex -4.09689 -11.9035 1.6
    endloop
  endfacet
  facet normal 0.290282 -0.956941 0
    outer loop
      vertex -6.75021 -12.6145 1.6
      vertex -5.4352 -12.2156 2.4
      vertex -6.75021 -12.6145 2.4
    endloop
  endfacet
  facet normal 0.290282 -0.956941 0
    outer loop
      vertex -5.4352 -12.2156 2.4
      vertex -6.75021 -12.6145 1.6
      vertex -5.4352 -12.2156 1.6
    endloop
  endfacet
  facet normal 0.352206 -0.935922 0
    outer loop
      vertex -8.03635 -13.0985 1.6
      vertex -6.75021 -12.6145 2.4
      vertex -8.03635 -13.0985 2.4
    endloop
  endfacet
  facet normal 0.352206 -0.935922 0
    outer loop
      vertex -6.75021 -12.6145 2.4
      vertex -8.03635 -13.0985 1.6
      vertex -6.75021 -12.6145 1.6
    endloop
  endfacet
  facet normal 0.412742 -0.910848 0
    outer loop
      vertex -9.28806 -13.6657 1.6
      vertex -8.03635 -13.0985 2.4
      vertex -9.28806 -13.6657 2.4
    endloop
  endfacet
  facet normal 0.412742 -0.910848 0
    outer loop
      vertex -8.03635 -13.0985 2.4
      vertex -9.28806 -13.6657 1.6
      vertex -8.03635 -13.0985 1.6
    endloop
  endfacet
  facet normal 0.471399 -0.88192 0
    outer loop
      vertex -10.5 -14.3135 1.6
      vertex -9.28806 -13.6657 2.4
      vertex -10.5 -14.3135 2.4
    endloop
  endfacet
  facet normal 0.471399 -0.88192 0
    outer loop
      vertex -9.28806 -13.6657 2.4
      vertex -10.5 -14.3135 1.6
      vertex -9.28806 -13.6657 1.6
    endloop
  endfacet
  facet normal 0.528022 -0.849231 0
    outer loop
      vertex -11.667 -15.0391 1.6
      vertex -10.5 -14.3135 2.4
      vertex -11.667 -15.0391 2.4
    endloop
  endfacet
  facet normal 0.528022 -0.849231 0
    outer loop
      vertex -10.5 -14.3135 2.4
      vertex -11.667 -15.0391 1.6
      vertex -10.5 -14.3135 1.6
    endloop
  endfacet
  facet normal 0.582511 -0.812823 0
    outer loop
      vertex -12.784 -15.8396 1.6
      vertex -11.667 -15.0391 2.4
      vertex -12.784 -15.8396 2.4
    endloop
  endfacet
  facet normal 0.582511 -0.812823 0
    outer loop
      vertex -11.667 -15.0391 2.4
      vertex -12.784 -15.8396 1.6
      vertex -11.667 -15.0391 1.6
    endloop
  endfacet
  facet normal 0.63439 -0.773013 0
    outer loop
      vertex -13.8463 -16.7114 1.6
      vertex -12.784 -15.8396 2.4
      vertex -13.8463 -16.7114 2.4
    endloop
  endfacet
  facet normal 0.63439 -0.773013 0
    outer loop
      vertex -12.784 -15.8396 2.4
      vertex -13.8463 -16.7114 1.6
      vertex -12.784 -15.8396 1.6
    endloop
  endfacet
  facet normal 0.683624 -0.729834 0
    outer loop
      vertex -14.8492 -17.6508 1.6
      vertex -13.8463 -16.7114 2.4
      vertex -14.8492 -17.6508 2.4
    endloop
  endfacet
  facet normal 0.683624 -0.729834 0
    outer loop
      vertex -13.8463 -16.7114 2.4
      vertex -14.8492 -17.6508 1.6
      vertex -13.8463 -16.7114 1.6
    endloop
  endfacet
  facet normal 0.729834 -0.683624 0
    outer loop
      vertex -15.7886 -18.6537 2.4
      vertex -14.8492 -17.6508 1.6
      vertex -14.8492 -17.6508 2.4
    endloop
  endfacet
  facet normal 0.729834 -0.683624 0
    outer loop
      vertex -14.8492 -17.6508 1.6
      vertex -15.7886 -18.6537 2.4
      vertex -15.7886 -18.6537 1.6
    endloop
  endfacet
  facet normal 0.773013 -0.63439 0
    outer loop
      vertex -16.6604 -19.716 2.4
      vertex -15.7886 -18.6537 1.6
      vertex -15.7886 -18.6537 2.4
    endloop
  endfacet
  facet normal 0.773013 -0.63439 0
    outer loop
      vertex -15.7886 -18.6537 1.6
      vertex -16.6604 -19.716 2.4
      vertex -16.6604 -19.716 1.6
    endloop
  endfacet
  facet normal 0.812823 -0.582511 0
    outer loop
      vertex -17.4609 -20.833 2.4
      vertex -16.6604 -19.716 1.6
      vertex -16.6604 -19.716 2.4
    endloop
  endfacet
  facet normal 0.812823 -0.582511 0
    outer loop
      vertex -16.6604 -19.716 1.6
      vertex -17.4609 -20.833 2.4
      vertex -17.4609 -20.833 1.6
    endloop
  endfacet
  facet normal 0.849231 -0.528022 0
    outer loop
      vertex -18.1865 -22 2.4
      vertex -17.4609 -20.833 1.6
      vertex -17.4609 -20.833 2.4
    endloop
  endfacet
  facet normal 0.849231 -0.528022 0
    outer loop
      vertex -17.4609 -20.833 1.6
      vertex -18.1865 -22 2.4
      vertex -18.1865 -22 1.6
    endloop
  endfacet
  facet normal 0.881913 -0.471411 0
    outer loop
      vertex -18.8343 -23.2119 2.4
      vertex -18.1865 -22 1.6
      vertex -18.1865 -22 2.4
    endloop
  endfacet
  facet normal 0.881913 -0.471411 0
    outer loop
      vertex -18.1865 -22 1.6
      vertex -18.8343 -23.2119 2.4
      vertex -18.8343 -23.2119 1.6
    endloop
  endfacet
  facet normal 0.910859 -0.412717 0
    outer loop
      vertex -19.4015 -24.4637 2.4
      vertex -18.8343 -23.2119 1.6
      vertex -18.8343 -23.2119 2.4
    endloop
  endfacet
  facet normal 0.910859 -0.412717 0
    outer loop
      vertex -18.8343 -23.2119 1.6
      vertex -19.4015 -24.4637 2.4
      vertex -19.4015 -24.4637 1.6
    endloop
  endfacet
  facet normal 0.935919 -0.352216 0
    outer loop
      vertex -19.8855 -25.7498 2.4
      vertex -19.4015 -24.4637 1.6
      vertex -19.4015 -24.4637 2.4
    endloop
  endfacet
  facet normal 0.935919 -0.352216 0
    outer loop
      vertex -19.4015 -24.4637 1.6
      vertex -19.8855 -25.7498 2.4
      vertex -19.8855 -25.7498 1.6
    endloop
  endfacet
  facet normal 0.956941 -0.290284 0
    outer loop
      vertex -20.2844 -27.0648 2.4
      vertex -19.8855 -25.7498 1.6
      vertex -19.8855 -25.7498 2.4
    endloop
  endfacet
  facet normal 0.956941 -0.290284 0
    outer loop
      vertex -19.8855 -25.7498 1.6
      vertex -20.2844 -27.0648 2.4
      vertex -20.2844 -27.0648 1.6
    endloop
  endfacet
  facet normal 0.973869 -0.227112 0
    outer loop
      vertex -20.5965 -28.4031 2.4
      vertex -20.2844 -27.0648 1.6
      vertex -20.2844 -27.0648 2.4
    endloop
  endfacet
  facet normal 0.973869 -0.227112 0
    outer loop
      vertex -20.2844 -27.0648 1.6
      vertex -20.5965 -28.4031 2.4
      vertex -20.5965 -28.4031 1.6
    endloop
  endfacet
  facet normal 0.98665 -0.162853 0
    outer loop
      vertex -20.8203 -29.759 2.4
      vertex -20.5965 -28.4031 1.6
      vertex -20.5965 -28.4031 2.4
    endloop
  endfacet
  facet normal 0.98665 -0.162853 0
    outer loop
      vertex -20.5965 -28.4031 1.6
      vertex -20.8203 -29.759 2.4
      vertex -20.8203 -29.759 1.6
    endloop
  endfacet
  facet normal 0.995184 -0.0980265 0
    outer loop
      vertex -20.955 -31.1265 2.4
      vertex -20.8203 -29.759 1.6
      vertex -20.8203 -29.759 2.4
    endloop
  endfacet
  facet normal 0.995184 -0.0980265 0
    outer loop
      vertex -20.8203 -29.759 1.6
      vertex -20.955 -31.1265 2.4
      vertex -20.955 -31.1265 1.6
    endloop
  endfacet
  facet normal 0.999461 -0.0328353 0
    outer loop
      vertex -20.9607 -31.3 2.4
      vertex -20.955 -31.1265 1.6
      vertex -20.955 -31.1265 2.4
    endloop
  endfacet
  facet normal 0.999461 -0.0328353 0
    outer loop
      vertex -20.955 -31.1265 1.6
      vertex -20.9607 -31.3 2.4
      vertex -20.9607 -31.3 1.6
    endloop
  endfacet
  facet normal 0 1 -0
    outer loop
      vertex -20.0607 -31.3 1.6
      vertex -20.9607 -31.3 2.4
      vertex -20.0607 -31.3 2.4
    endloop
  endfacet
  facet normal 0 1 0
    outer loop
      vertex -20.9607 -31.3 2.4
      vertex -20.0607 -31.3 1.6
      vertex -20.9607 -31.3 1.6
    endloop
  endfacet
  facet normal -0.999479 0.0322694 0
    outer loop
      vertex -20.0607 -31.3 1.6
      vertex -20.057 -31.1854 2.4
      vertex -20.057 -31.1854 1.6
    endloop
  endfacet
  facet normal -0.999479 0.0322694 0
    outer loop
      vertex -20.057 -31.1854 2.4
      vertex -20.0607 -31.3 1.6
      vertex -20.0607 -31.3 2.4
    endloop
  endfacet
  facet normal 0 -1 0
    outer loop
      vertex -5.8 -43.072 1.6
      vertex 5.8 -43.072 2.4
      vertex -5.8 -43.072 2.4
    endloop
  endfacet
  facet normal 0 -1 -0
    outer loop
      vertex 5.8 -43.072 2.4
      vertex -5.8 -43.072 1.6
      vertex 5.8 -43.072 1.6
    endloop
  endfacet
  facet normal 1 -0 0
    outer loop
      vertex -5.8 -43.928 2.4
      vertex -5.8 -43.072 1.6
      vertex -5.8 -43.072 2.4
    endloop
  endfacet
  facet normal 1 0 0
    outer loop
      vertex -5.8 -43.072 1.6
      vertex -5.8 -43.928 2.4
      vertex -5.8 -43.928 1.6
    endloop
  endfacet
  facet normal 0 1 -0
    outer loop
      vertex 5.8 -43.928 1.6
      vertex -5.8 -43.928 2.4
      vertex 5.8 -43.928 2.4
    endloop
  endfacet
  facet normal 0 1 0
    outer loop
      vertex -5.8 -43.928 2.4
      vertex 5.8 -43.928 1.6
      vertex -5.8 -43.928 1.6
    endloop
  endfacet
  facet normal -1 0 0
    outer loop
      vertex 5.8 -43.928 1.6
      vertex 5.8 -43.072 2.4
      vertex 5.8 -43.072 1.6
    endloop
  endfacet
  facet normal -1 -0 0
    outer loop
      vertex 5.8 -43.072 2.4
      vertex 5.8 -43.928 1.6
      vertex 5.8 -43.928 2.4
    endloop
  endfacet
  facet normal 0 -1 0
    outer loop
      vertex -5.8 -49.072 1.6
      vertex 5.8 -49.072 2.4
      vertex -5.8 -49.072 2.4
    endloop
  endfacet
  facet normal 0 -1 -0
    outer loop
      vertex 5.8 -49.072 2.4
      vertex -5.8 -49.072 1.6
      vertex 5.8 -49.072 1.6
    endloop
  endfacet
  facet normal 1 -0 0
    outer loop
      vertex -5.8 -49.928 2.4
      vertex -5.8 -49.072 1.6
      vertex -5.8 -49.072 2.4
    endloop
  endfacet
  facet normal 1 0 0
    outer loop
      vertex -5.8 -49.072 1.6
      vertex -5.8 -49.928 2.4
      vertex -5.8 -49.928 1.6
    endloop
  endfacet
  facet normal 0 1 -0
    outer loop
      vertex 5.8 -49.928 1.6
      vertex -5.8 -49.928 2.4
      vertex 5.8 -49.928 2.4
    endloop
  endfacet
  facet normal 0 1 0
    outer loop
      vertex -5.8 -49.928 2.4
      vertex 5.8 -49.928 1.6
      vertex -5.8 -49.928 1.6
    endloop
  endfacet
  facet normal -1 0 0
    outer loop
      vertex 5.8 -49.928 1.6
      vertex 5.8 -49.072 2.4
      vertex 5.8 -49.072 1.6
    endloop
  endfacet
  facet normal -1 -0 0
    outer loop
      vertex 5.8 -49.072 2.4
      vertex 5.8 -49.928 1.6
      vertex 5.8 -49.928 2.4
    endloop
  endfacet
endsolid OpenSCAD_Model
