solid OpenSCAD_Model
  facet normal 0 0 -1
    outer loop
      vertex 22.5464 6.04129 0
      vertex 22.4176 6.85374 0
      vertex 22.8129 6.54149 0
    endloop
  endfacet
  facet normal 0 0 -1
    outer loop
      vertex 22.5464 6.04129 0
      vertex 22.028 7.15732 0
      vertex 22.4176 6.85374 0
    endloop
  endfacet
  facet normal 0 -0 -1
    outer loop
      vertex 22.028 7.15732 0
      vertex 22.5464 6.04129 0
      vertex 21.3967 5.33481 0
    endloop
  endfacet
  facet normal 0 0 -1
    outer loop
      vertex 26.5859 10.7414 0
      vertex 26.534 11.8137 0
      vertex 27.0477 11.481 0
    endloop
  endfacet
  facet normal 0 0 -1
    outer loop
      vertex 26.5859 10.7414 0
      vertex 25.6385 11.9554 0
      vertex 26.534 11.8137 0
    endloop
  endfacet
  facet normal 0 0 -1
    outer loop
      vertex 25.1958 9.67178 0
      vertex 25.6385 11.9554 0
      vertex 26.5859 10.7414 0
    endloop
  endfacet
  facet normal -0 0 -1
    outer loop
      vertex 25.6385 11.9554 0
      vertex 25.1958 9.67178 0
      vertex 25.212 12.2967 0
    endloop
  endfacet
  facet normal 0 0 -1
    outer loop
      vertex 39.7613 -28.8882 0
      vertex 40.7452 -27.483 0
      vertex 41.5395 -29.0863 0
    endloop
  endfacet
  facet normal 0 0 -1
    outer loop
      vertex 39.7613 -28.8882 0
      vertex 39.0211 -25.3406 0
      vertex 40.7452 -27.483 0
    endloop
  endfacet
  facet normal 0 0 -1
    outer loop
      vertex 37.1584 -28.0008 0
      vertex 39.0211 -25.3406 0
      vertex 39.7613 -28.8882 0
    endloop
  endfacet
  facet normal -0 0 -1
    outer loop
      vertex 39.0211 -25.3406 0
      vertex 37.1584 -28.0008 0
      vertex 37.1666 -23.2243 0
    endloop
  endfacet
  facet normal 0 0 -1
    outer loop
      vertex 34.5354 -26.982 0
      vertex 37.1666 -23.2243 0
      vertex 37.1584 -28.0008 0
    endloop
  endfacet
  facet normal -0 0 -1
    outer loop
      vertex 37.1666 -23.2243 0
      vertex 34.5354 -26.982 0
      vertex 36.0213 -21.6438 0
    endloop
  endfacet
  facet normal 0 0 -1
    outer loop
      vertex 32.6585 -26.4464 0
      vertex 36.0213 -21.6438 0
      vertex 34.5354 -26.982 0
    endloop
  endfacet
  facet normal 0 0 -1
    outer loop
      vertex 31.8648 -26.7377 0
      vertex 36.0213 -21.6438 0
      vertex 32.6585 -26.4464 0
    endloop
  endfacet
  facet normal 0 -0 -1
    outer loop
      vertex 32.8925 -13.962 0
      vertex 36.0213 -21.6438 0
      vertex 31.8648 -26.7377 0
    endloop
  endfacet
  facet normal 0 0 -1
    outer loop
      vertex 36.0213 -21.6438 0
      vertex 32.8925 -13.962 0
      vertex 34.6711 -15.4366 0
    endloop
  endfacet
  facet normal 0 0 -1
    outer loop
      vertex 24.3699 -26.1335 0
      vertex 32.8925 -13.962 0
      vertex 31.8648 -26.7377 0
    endloop
  endfacet
  facet normal 0 0 -1
    outer loop
      vertex 38.2054 -20.3142 0
      vertex 38.3396 -18.6995 0
      vertex 38.8362 -19.788 0
    endloop
  endfacet
  facet normal 0 0 -1
    outer loop
      vertex 36.9865 -20.502 0
      vertex 38.3396 -18.6995 0
      vertex 38.2054 -20.3142 0
    endloop
  endfacet
  facet normal 0 0 -1
    outer loop
      vertex 36.9865 -20.502 0
      vertex 36.7563 -17.1397 0
      vertex 38.3396 -18.6995 0
    endloop
  endfacet
  facet normal 0 0 -1
    outer loop
      vertex 36.0236 -20.7982 0
      vertex 36.7563 -17.1397 0
      vertex 36.9865 -20.502 0
    endloop
  endfacet
  facet normal 0 0 -1
    outer loop
      vertex 36.0236 -20.7982 0
      vertex 34.6711 -15.4366 0
      vertex 36.7563 -17.1397 0
    endloop
  endfacet
  facet normal 0 0 -1
    outer loop
      vertex 34.6711 -15.4366 0
      vertex 36.0236 -20.7982 0
      vertex 36.0213 -21.6438 0
    endloop
  endfacet
  facet normal 0 0 -1
    outer loop
      vertex 32.8228 -11.9465 0
      vertex 32.941 -10.7032 0
      vertex 33.2958 -11.4647 0
    endloop
  endfacet
  facet normal 0 0 -1
    outer loop
      vertex 32.1515 -12.3418 0
      vertex 32.941 -10.7032 0
      vertex 32.8228 -11.9465 0
    endloop
  endfacet
  facet normal 0 0 -1
    outer loop
      vertex 32.1515 -12.3418 0
      vertex 31.5633 -9.64986 0
      vertex 32.941 -10.7032 0
    endloop
  endfacet
  facet normal 0 0 -1
    outer loop
      vertex 29.4827 -8.45403 0
      vertex 32.1515 -12.3418 0
      vertex 32.0231 -12.9382 0
    endloop
  endfacet
  facet normal -0 0 -1
    outer loop
      vertex 32.8925 -13.962 0
      vertex 24.3699 -26.1335 0
      vertex 32.0231 -12.9382 0
    endloop
  endfacet
  facet normal 0 0 -1
    outer loop
      vertex 28.788 15.9574 0
      vertex 28.2135 16.9524 0
      vertex 29.5959 17.0872 0
    endloop
  endfacet
  facet normal 0 0 -1
    outer loop
      vertex 27.2344 14.4808 0
      vertex 28.2135 16.9524 0
      vertex 28.788 15.9574 0
    endloop
  endfacet
  facet normal 0 0 -1
    outer loop
      vertex 27.2344 14.4808 0
      vertex 26.1579 16.3453 0
      vertex 28.2135 16.9524 0
    endloop
  endfacet
  facet normal 0 0 -1
    outer loop
      vertex 25.7928 13.1421 0
      vertex 26.1579 16.3453 0
      vertex 27.2344 14.4808 0
    endloop
  endfacet
  facet normal 0 0 -1
    outer loop
      vertex 24.2778 15.7662 0
      vertex 25.7928 13.1421 0
      vertex 25.212 12.2967 0
    endloop
  endfacet
  facet normal 0 0 -1
    outer loop
      vertex 25.7928 13.1421 0
      vertex 24.2778 15.7662 0
      vertex 26.1579 16.3453 0
    endloop
  endfacet
  facet normal 0 0 -1
    outer loop
      vertex 23.5127 8.55791 0
      vertex 25.212 12.2967 0
      vertex 25.1958 9.67178 0
    endloop
  endfacet
  facet normal -0 0 -1
    outer loop
      vertex 25.212 12.2967 0
      vertex 23.5127 8.55791 0
      vertex 23.2552 15.6859 0
    endloop
  endfacet
  facet normal 0 0 -1
    outer loop
      vertex 25.212 12.2967 0
      vertex 23.2552 15.6859 0
      vertex 24.2778 15.7662 0
    endloop
  endfacet
  facet normal 0 0 -1
    outer loop
      vertex 19.1677 16.0836 0
      vertex 23.2552 15.6859 0
      vertex 23.5127 8.55791 0
    endloop
  endfacet
  facet normal 0 -0 -1
    outer loop
      vertex 20.9739 16.9844 0
      vertex 23.2552 15.6859 0
      vertex 19.1677 16.0836 0
    endloop
  endfacet
  facet normal 0 0 -1
    outer loop
      vertex 19.1677 16.0836 0
      vertex 23.5127 8.55791 0
      vertex 22.3201 7.68542 0
    endloop
  endfacet
  facet normal 0 0 -1
    outer loop
      vertex 17.8158 15.487 0
      vertex 22.3201 7.68542 0
      vertex 22.028 7.15732 0
    endloop
  endfacet
  facet normal 0 0 -1
    outer loop
      vertex 19.7078 4.5499 0
      vertex 22.028 7.15732 0
      vertex 21.3967 5.33481 0
    endloop
  endfacet
  facet normal 0 0 -1
    outer loop
      vertex 23.173 16.2259 0
      vertex 20.9739 16.9844 0
      vertex 22.5953 17.6534 0
    endloop
  endfacet
  facet normal 0 0 -1
    outer loop
      vertex 17.2124 15.4981 0
      vertex 22.028 7.15732 0
      vertex 19.7078 4.5499 0
    endloop
  endfacet
  facet normal 0 0 -1
    outer loop
      vertex 23.2552 15.6859 0
      vertex 20.9739 16.9844 0
      vertex 23.173 16.2259 0
    endloop
  endfacet
  facet normal 0 0 -1
    outer loop
      vertex 13.7943 14.7925 0
      vertex 19.7078 4.5499 0
      vertex 18.1268 3.85298 0
    endloop
  endfacet
  facet normal 0 0 -1
    outer loop
      vertex 22.3201 7.68542 0
      vertex 17.8158 15.487 0
      vertex 19.1677 16.0836 0
    endloop
  endfacet
  facet normal 0 0 -1
    outer loop
      vertex 22.028 7.15732 0
      vertex 17.2124 15.4981 0
      vertex 17.8158 15.487 0
    endloop
  endfacet
  facet normal 0 0 -1
    outer loop
      vertex 12.4002 13.7718 0
      vertex 18.1268 3.85298 0
      vertex 17.1563 3.33484 0
    endloop
  endfacet
  facet normal 0 0 -1
    outer loop
      vertex 19.7078 4.5499 0
      vertex 13.7943 14.7925 0
      vertex 17.2124 15.4981 0
    endloop
  endfacet
  facet normal 0 -0 -1
    outer loop
      vertex 15.3185 15.8627 0
      vertex 17.2124 15.4981 0
      vertex 13.7943 14.7925 0
    endloop
  endfacet
  facet normal 0 0 -1
    outer loop
      vertex 11.4662 13.1904 0
      vertex 17.1563 3.33484 0
      vertex 16.8307 2.9677 0
    endloop
  endfacet
  facet normal 0 0 -1
    outer loop
      vertex 16.2782 2.28773 0
      vertex 16.8307 2.9677 0
      vertex 16.7267 2.64925 0
    endloop
  endfacet
  facet normal 0 0 -1
    outer loop
      vertex 17.2124 15.4981 0
      vertex 16.5051 16.5051 0
      vertex 17.1443 15.9873 0
    endloop
  endfacet
  facet normal 0 0 -1
    outer loop
      vertex 16.8307 2.9677 0
      vertex 16.2782 2.28773 0
      vertex 15.4837 1.90115 0
    endloop
  endfacet
  facet normal -0 0 -1
    outer loop
      vertex 16.8307 2.9677 0
      vertex 15.4837 1.90115 0
      vertex 11.4662 13.1904 0
    endloop
  endfacet
  facet normal 0 0 -1
    outer loop
      vertex 17.1443 15.9873 0
      vertex 16.5051 16.5051 0
      vertex 17.0716 16.4858 0
    endloop
  endfacet
  facet normal 0 0 -1
    outer loop
      vertex 22.5953 17.6534 0
      vertex 23.498 17.0723 0
      vertex 23.173 16.2259 0
    endloop
  endfacet
  facet normal 0 0 -1
    outer loop
      vertex 23.498 17.0723 0
      vertex 22.5953 17.6534 0
      vertex 23.4667 17.6834 0
    endloop
  endfacet
  facet normal 0 0 -1
    outer loop
      vertex -36.0236 -20.7982 0
      vertex -31.8648 -26.7377 0
      vertex -32.6585 -26.4464 0
    endloop
  endfacet
  facet normal 0 0 -1
    outer loop
      vertex -31.8648 -26.7377 0
      vertex -32.8925 -13.962 0
      vertex -32.0231 -12.9382 0
    endloop
  endfacet
  facet normal 0 0 -1
    outer loop
      vertex -36.0213 -21.6438 0
      vertex -32.6585 -26.4464 0
      vertex -34.5354 -26.982 0
    endloop
  endfacet
  facet normal 0 0 -1
    outer loop
      vertex -36.0236 -20.7982 0
      vertex -32.6585 -26.4464 0
      vertex -36.0213 -21.6438 0
    endloop
  endfacet
  facet normal 0 0 -1
    outer loop
      vertex -31.8648 -26.7377 0
      vertex -36.0236 -20.7982 0
      vertex -32.8925 -13.962 0
    endloop
  endfacet
  facet normal 0 0 -1
    outer loop
      vertex -37.1666 -23.2243 0
      vertex -34.5354 -26.982 0
      vertex -37.1584 -28.0008 0
    endloop
  endfacet
  facet normal 0 0 -1
    outer loop
      vertex -34.5354 -26.982 0
      vertex -37.1666 -23.2243 0
      vertex -36.0213 -21.6438 0
    endloop
  endfacet
  facet normal 0 0 -1
    outer loop
      vertex -37.1584 -28.0008 0
      vertex -39.0211 -25.3406 0
      vertex -37.1666 -23.2243 0
    endloop
  endfacet
  facet normal 0 0 -1
    outer loop
      vertex -39.7613 -28.8882 0
      vertex -39.0211 -25.3406 0
      vertex -37.1584 -28.0008 0
    endloop
  endfacet
  facet normal 0 0 -1
    outer loop
      vertex -39.7613 -28.8882 0
      vertex -40.7452 -27.483 0
      vertex -39.0211 -25.3406 0
    endloop
  endfacet
  facet normal 0 -0 -1
    outer loop
      vertex -40.7452 -27.483 0
      vertex -39.7613 -28.8882 0
      vertex -41.5395 -29.0863 0
    endloop
  endfacet
  facet normal 0 0 -1
    outer loop
      vertex -25.1958 9.67178 0
      vertex -25.6385 11.9554 0
      vertex -25.212 12.2967 0
    endloop
  endfacet
  facet normal 0 0 -1
    outer loop
      vertex -26.5859 10.7414 0
      vertex -25.6385 11.9554 0
      vertex -25.1958 9.67178 0
    endloop
  endfacet
  facet normal 0 0 -1
    outer loop
      vertex -25.6385 11.9554 0
      vertex -26.5859 10.7414 0
      vertex -26.534 11.8137 0
    endloop
  endfacet
  facet normal 0 0 -1
    outer loop
      vertex -26.534 11.8137 0
      vertex -26.5859 10.7414 0
      vertex -27.0477 11.481 0
    endloop
  endfacet
  facet normal 0 0 -1
    outer loop
      vertex -22.5464 6.04129 0
      vertex -22.028 7.15732 0
      vertex -21.3967 5.33481 0
    endloop
  endfacet
  facet normal 0 0 -1
    outer loop
      vertex -22.028 7.15732 0
      vertex -22.5464 6.04129 0
      vertex -22.4176 6.85374 0
    endloop
  endfacet
  facet normal 0 0 -1
    outer loop
      vertex -22.4176 6.85374 0
      vertex -22.5464 6.04129 0
      vertex -22.8129 6.54149 0
    endloop
  endfacet
  facet normal 0 0 -1
    outer loop
      vertex 9.70566 -36.222 0
      vertex 11.7204 -34.0385 0
      vertex 11.6339 -35.8054 0
    endloop
  endfacet
  facet normal 0 0 -1
    outer loop
      vertex 10.482 -36.555 0
      vertex 11.6339 -35.8054 0
      vertex 11.1893 -36.5985 0
    endloop
  endfacet
  facet normal 0 0 -1
    outer loop
      vertex 9.054 -36.3136 0
      vertex 11.7204 -34.0385 0
      vertex 9.70566 -36.222 0
    endloop
  endfacet
  facet normal -0 0 -1
    outer loop
      vertex 11.7204 -34.0385 0
      vertex 9.054 -36.3136 0
      vertex 11.5042 -31.6075 0
    endloop
  endfacet
  facet normal 0 0 -1
    outer loop
      vertex 11.6339 -35.8054 0
      vertex 10.482 -36.555 0
      vertex 9.70566 -36.222 0
    endloop
  endfacet
  facet normal 0 0 -1
    outer loop
      vertex 11.1683 -29.0945 0
      vertex -11.1683 -29.0945 0
      vertex 10.934 -27.0626 0
    endloop
  endfacet
  facet normal 0 0 -1
    outer loop
      vertex 11.0507 -19.9361 0
      vertex 9.38831 12.4587 0
      vertex 10.6577 13.1611 0
    endloop
  endfacet
  facet normal 0 0 -1
    outer loop
      vertex 10.934 -27.0626 0
      vertex -10.934 -27.0626 0
      vertex 10.9491 -25.7946 0
    endloop
  endfacet
  facet normal 0 0 -1
    outer loop
      vertex 10.6577 13.1611 0
      vertex 9.38831 12.4587 0
      vertex 10.1203 12.9534 0
    endloop
  endfacet
  facet normal 0 0 -1
    outer loop
      vertex -15.5406 -1.35962 0
      vertex 11.0507 -19.9361 0
      vertex -11.0507 -19.9361 0
    endloop
  endfacet
  facet normal 0 0 -1
    outer loop
      vertex -10.9491 -25.7946 0
      vertex 10.9491 -25.7946 0
      vertex -10.934 -27.0626 0
    endloop
  endfacet
  facet normal 0 0 -1
    outer loop
      vertex 11.0507 -19.9361 0
      vertex -15.5406 -1.35962 0
      vertex 9.38831 12.4587 0
    endloop
  endfacet
  facet normal -0 0 -1
    outer loop
      vertex 9.38831 12.4587 0
      vertex -15.5406 -1.35962 0
      vertex 9.16945 12.6207 0
    endloop
  endfacet
  facet normal 0 0 -1
    outer loop
      vertex -9.054 -36.3136 0
      vertex 9.054 -36.3136 0
      vertex 8.62723 -37.3687 0
    endloop
  endfacet
  facet normal -0 0 -1
    outer loop
      vertex 9.16945 12.6207 0
      vertex -15.5406 -1.35962 0
      vertex 8.94778 12.7788 0
    endloop
  endfacet
  facet normal 0 0 -1
    outer loop
      vertex 3.93892 -45.0222 0
      vertex 8.62723 -37.3687 0
      vertex 8.39081 -39.4756 0
    endloop
  endfacet
  facet normal -0 0 -1
    outer loop
      vertex 8.94778 12.7788 0
      vertex -15.5406 -1.35962 0
      vertex 8.7234 12.933 0
    endloop
  endfacet
  facet normal 0 0 -1
    outer loop
      vertex 3.93892 -45.0222 0
      vertex 8.39081 -39.4756 0
      vertex 8.20358 -42.2038 0
    endloop
  endfacet
  facet normal -0 0 -1
    outer loop
      vertex 8.7234 12.933 0
      vertex -15.5406 -1.35962 0
      vertex 8.49637 13.0833 0
    endloop
  endfacet
  facet normal 0 0 -1
    outer loop
      vertex 4.76935 -45.3774 0
      vertex 8.20358 -42.2038 0
      vertex 7.89693 -44.7858 0
    endloop
  endfacet
  facet normal -0 0 -1
    outer loop
      vertex 8.49637 13.0833 0
      vertex -15.5406 -1.35962 0
      vertex 8.26674 13.2295 0
    endloop
  endfacet
  facet normal -0 0 -1
    outer loop
      vertex 8.26674 13.2295 0
      vertex -15.5406 -1.35962 0
      vertex 8.03459 13.3718 0
    endloop
  endfacet
  facet normal 0 0 -1
    outer loop
      vertex 5.68527 -46.3029 0
      vertex 7.89693 -44.7858 0
      vertex 7.36079 -46.4743 0
    endloop
  endfacet
  facet normal -0 0 -1
    outer loop
      vertex 8.03459 13.3718 0
      vertex -15.5406 -1.35962 0
      vertex 7.79999 13.51 0
    endloop
  endfacet
  facet normal -0 0 -1
    outer loop
      vertex 7.79999 13.51 0
      vertex -15.5406 -1.35962 0
      vertex 7.56302 13.6441 0
    endloop
  endfacet
  facet normal -0 0 -1
    outer loop
      vertex 7.56302 13.6441 0
      vertex -15.5406 -1.35962 0
      vertex 7.32375 13.774 0
    endloop
  endfacet
  facet normal -0 0 -1
    outer loop
      vertex 7.32375 13.774 0
      vertex -15.5406 -1.35962 0
      vertex 7.08224 13.8997 0
    endloop
  endfacet
  facet normal 0 0 -1
    outer loop
      vertex 5.68527 -46.3029 0
      vertex 7.36079 -46.4743 0
      vertex 6.59242 -46.9075 0
    endloop
  endfacet
  facet normal 0 0 -1
    outer loop
      vertex 8.20358 -42.2038 0
      vertex 4.76935 -45.3774 0
      vertex 3.93892 -45.0222 0
    endloop
  endfacet
  facet normal -0 0 -1
    outer loop
      vertex 7.08224 13.8997 0
      vertex -15.5406 -1.35962 0
      vertex 6.83858 14.0212 0
    endloop
  endfacet
  facet normal -0 0 -1
    outer loop
      vertex 6.83858 14.0212 0
      vertex -15.5406 -1.35962 0
      vertex 6.59283 14.1384 0
    endloop
  endfacet
  facet normal 0 0 -1
    outer loop
      vertex 7.89693 -44.7858 0
      vertex 5.68527 -46.3029 0
      vertex 4.76935 -45.3774 0
    endloop
  endfacet
  facet normal -0 0 -1
    outer loop
      vertex 6.59283 14.1384 0
      vertex -15.5406 -1.35962 0
      vertex 6.34508 14.2513 0
    endloop
  endfacet
  facet normal -0 0 -1
    outer loop
      vertex 6.34508 14.2513 0
      vertex -15.5406 -1.35962 0
      vertex 6.0954 14.3599 0
    endloop
  endfacet
  facet normal -0 0 -1
    outer loop
      vertex 6.0954 14.3599 0
      vertex -15.5406 -1.35962 0
      vertex 5.84386 14.4641 0
    endloop
  endfacet
  facet normal -0 0 -1
    outer loop
      vertex 5.84386 14.4641 0
      vertex -15.5406 -1.35962 0
      vertex 5.59053 14.5638 0
    endloop
  endfacet
  facet normal -0 0 -1
    outer loop
      vertex 5.59053 14.5638 0
      vertex -15.5406 -1.35962 0
      vertex 5.33551 14.6592 0
    endloop
  endfacet
  facet normal -0 0 -1
    outer loop
      vertex 5.33551 14.6592 0
      vertex -15.5406 -1.35962 0
      vertex 5.07886 14.7501 0
    endloop
  endfacet
  facet normal -0 0 -1
    outer loop
      vertex 5.07886 14.7501 0
      vertex -15.5406 -1.35962 0
      vertex 4.82066 14.8365 0
    endloop
  endfacet
  facet normal -0 0 -1
    outer loop
      vertex 4.82066 14.8365 0
      vertex -15.5406 -1.35962 0
      vertex 4.56099 14.9184 0
    endloop
  endfacet
  facet normal -0 0 -1
    outer loop
      vertex 8.62723 -37.3687 0
      vertex 3.93892 -45.0222 0
      vertex -8.62723 -37.3687 0
    endloop
  endfacet
  facet normal -0 0 -1
    outer loop
      vertex 4.56099 14.9184 0
      vertex -15.5406 -1.35962 0
      vertex 4.29994 14.9957 0
    endloop
  endfacet
  facet normal -0 0 -1
    outer loop
      vertex 4.29994 14.9957 0
      vertex -15.5406 -1.35962 0
      vertex 4.03757 15.0684 0
    endloop
  endfacet
  facet normal -0 0 -1
    outer loop
      vertex 4.03757 15.0684 0
      vertex -15.5406 -1.35962 0
      vertex 3.77397 15.1366 0
    endloop
  endfacet
  facet normal 0 0 -1
    outer loop
      vertex -3.93892 -45.0222 0
      vertex 3.93892 -45.0222 0
      vertex 3.20811 -45.8782 0
    endloop
  endfacet
  facet normal -0 0 -1
    outer loop
      vertex 3.77397 15.1366 0
      vertex -15.5406 -1.35962 0
      vertex 3.50923 15.2002 0
    endloop
  endfacet
  facet normal -0 0 -1
    outer loop
      vertex 3.50923 15.2002 0
      vertex -15.5406 -1.35962 0
      vertex 3.24341 15.2591 0
    endloop
  endfacet
  facet normal 0 0 -1
    outer loop
      vertex -3.20811 -45.8782 0
      vertex 3.20811 -45.8782 0
      vertex 2.51646 -48.0171 0
    endloop
  endfacet
  facet normal 0 -0 -1
    outer loop
      vertex 0 38.86 0
      vertex 3.10002 15.2883 0
      vertex -3.10002 15.2883 0
    endloop
  endfacet
  facet normal 0 -0 -1
    outer loop
      vertex 1.69181 40.3934 0
      vertex 2.85477 44.0385 0
      vertex 1.66733 40.2283 0
    endloop
  endfacet
  facet normal 0 0 -1
    outer loop
      vertex -2.51646 -48.0171 0
      vertex 2.51646 -48.0171 0
      vertex 1.77693 -50.8847 0
    endloop
  endfacet
  facet normal 0 0 -1
    outer loop
      vertex 1.69181 40.7266 0
      vertex 2.85477 44.0385 0
      vertex 1.7 40.56 0
    endloop
  endfacet
  facet normal 0 0 -1
    outer loop
      vertex 1.6268 41.0535 0
      vertex 2.85477 44.0385 0
      vertex 1.66733 40.8917 0
    endloop
  endfacet
  facet normal 0 0 -1
    outer loop
      vertex 1.66733 40.8917 0
      vertex 2.85477 44.0385 0
      vertex 1.69181 40.7266 0
    endloop
  endfacet
  facet normal 0 -0 -1
    outer loop
      vertex 1.7 40.56 0
      vertex 2.85477 44.0385 0
      vertex 1.69181 40.3934 0
    endloop
  endfacet
  facet normal 0 0 -1
    outer loop
      vertex 2.85477 44.0385 0
      vertex 1.6268 40.0665 0
      vertex 1.66733 40.2283 0
    endloop
  endfacet
  facet normal 0 0 -1
    outer loop
      vertex 3.10002 15.2883 0
      vertex 1.6268 40.0665 0
      vertex 2.85477 44.0385 0
    endloop
  endfacet
  facet normal 0 0 -1
    outer loop
      vertex 3.10002 15.2883 0
      vertex 1.57059 39.9094 0
      vertex 1.6268 40.0665 0
    endloop
  endfacet
  facet normal 0 0 -1
    outer loop
      vertex 3.10002 15.2883 0
      vertex 1.49927 39.7586 0
      vertex 1.57059 39.9094 0
    endloop
  endfacet
  facet normal 0 0 -1
    outer loop
      vertex 3.10002 15.2883 0
      vertex 1.4135 39.6155 0
      vertex 1.49927 39.7586 0
    endloop
  endfacet
  facet normal 0 0 -1
    outer loop
      vertex 3.10002 15.2883 0
      vertex 1.31412 39.4815 0
      vertex 1.4135 39.6155 0
    endloop
  endfacet
  facet normal 0 0 -1
    outer loop
      vertex 3.10002 15.2883 0
      vertex 1.20208 39.3579 0
      vertex 1.31412 39.4815 0
    endloop
  endfacet
  facet normal 0 0 -1
    outer loop
      vertex 3.10002 15.2883 0
      vertex 1.07847 39.2459 0
      vertex 1.20208 39.3579 0
    endloop
  endfacet
  facet normal 0 0 -1
    outer loop
      vertex -1.77693 -50.8847 0
      vertex 1.77693 -50.8847 0
      vertex 0.934631 -53.5457 0
    endloop
  endfacet
  facet normal 0 0 -1
    outer loop
      vertex 3.10002 15.2883 0
      vertex 0.944468 39.1465 0
      vertex 1.07847 39.2459 0
    endloop
  endfacet
  facet normal 0 0 -1
    outer loop
      vertex 3.10002 15.2883 0
      vertex 0.801374 39.0607 0
      vertex 0.944468 39.1465 0
    endloop
  endfacet
  facet normal 0 0 -1
    outer loop
      vertex 3.10002 15.2883 0
      vertex 0.650561 38.9894 0
      vertex 0.801374 39.0607 0
    endloop
  endfacet
  facet normal 0 0 -1
    outer loop
      vertex 3.10002 15.2883 0
      vertex 0.493484 38.9332 0
      vertex 0.650561 38.9894 0
    endloop
  endfacet
  facet normal 0 0 -1
    outer loop
      vertex 3.10002 15.2883 0
      vertex 0.331653 38.8927 0
      vertex 0.493484 38.9332 0
    endloop
  endfacet
  facet normal 0 0 -1
    outer loop
      vertex -0.934631 -53.5457 0
      vertex 0.934631 -53.5457 0
      vertex 0 -55.12 0
    endloop
  endfacet
  facet normal 0 0 -1
    outer loop
      vertex 3.10002 15.2883 0
      vertex 0.166629 38.8682 0
      vertex 0.331653 38.8927 0
    endloop
  endfacet
  facet normal 0 0 -1
    outer loop
      vertex 3.10002 15.2883 0
      vertex 0 38.86 0
      vertex 0.166629 38.8682 0
    endloop
  endfacet
  facet normal -0 0 -1
    outer loop
      vertex 0 38.86 0
      vertex -3.10002 15.2883 0
      vertex -0.166629 38.8682 0
    endloop
  endfacet
  facet normal -0 0 -1
    outer loop
      vertex -0.166629 38.8682 0
      vertex -3.10002 15.2883 0
      vertex -0.331653 38.8927 0
    endloop
  endfacet
  facet normal -0 0 -1
    outer loop
      vertex -0.331653 38.8927 0
      vertex -3.10002 15.2883 0
      vertex -0.493484 38.9332 0
    endloop
  endfacet
  facet normal -0 0 -1
    outer loop
      vertex -0.493484 38.9332 0
      vertex -3.10002 15.2883 0
      vertex -0.650561 38.9894 0
    endloop
  endfacet
  facet normal 0 0 -1
    outer loop
      vertex 0.934631 -53.5457 0
      vertex -0.934631 -53.5457 0
      vertex -1.77693 -50.8847 0
    endloop
  endfacet
  facet normal -0 0 -1
    outer loop
      vertex -0.650561 38.9894 0
      vertex -3.10002 15.2883 0
      vertex -0.801374 39.0607 0
    endloop
  endfacet
  facet normal 0 0 -1
    outer loop
      vertex -4.47832 40.1189 0
      vertex -0.801374 39.0607 0
      vertex -3.10002 15.2883 0
    endloop
  endfacet
  facet normal 0 0 -1
    outer loop
      vertex -0.801374 39.0607 0
      vertex -4.47832 40.1189 0
      vertex -0.944468 39.1465 0
    endloop
  endfacet
  facet normal 0 0 -1
    outer loop
      vertex -0.944468 39.1465 0
      vertex -4.47832 40.1189 0
      vertex -1.07847 39.2459 0
    endloop
  endfacet
  facet normal 0 0 -1
    outer loop
      vertex -1.07847 39.2459 0
      vertex -4.47832 40.1189 0
      vertex -1.20208 39.3579 0
    endloop
  endfacet
  facet normal 0 0 -1
    outer loop
      vertex -1.20208 39.3579 0
      vertex -4.47832 40.1189 0
      vertex -1.31412 39.4815 0
    endloop
  endfacet
  facet normal 0 0 -1
    outer loop
      vertex -1.31412 39.4815 0
      vertex -4.47832 40.1189 0
      vertex -1.4135 39.6155 0
    endloop
  endfacet
  facet normal 0 0 -1
    outer loop
      vertex -1.4135 39.6155 0
      vertex -4.47832 40.1189 0
      vertex -1.49927 39.7586 0
    endloop
  endfacet
  facet normal 0 0 -1
    outer loop
      vertex -1.49927 39.7586 0
      vertex -4.47832 40.1189 0
      vertex -1.57059 39.9094 0
    endloop
  endfacet
  facet normal 0 0 -1
    outer loop
      vertex -1.57059 39.9094 0
      vertex -4.47832 40.1189 0
      vertex -1.6268 40.0665 0
    endloop
  endfacet
  facet normal 0 0 -1
    outer loop
      vertex -1.6268 40.0665 0
      vertex -4.47832 40.1189 0
      vertex -1.66733 40.2283 0
    endloop
  endfacet
  facet normal 0 0 -1
    outer loop
      vertex 1.77693 -50.8847 0
      vertex -1.77693 -50.8847 0
      vertex -2.51646 -48.0171 0
    endloop
  endfacet
  facet normal -0 0 -1
    outer loop
      vertex -1.66733 40.2283 0
      vertex -4.47832 40.1189 0
      vertex -1.69181 40.3934 0
    endloop
  endfacet
  facet normal -0 0 -1
    outer loop
      vertex -1.69181 40.3934 0
      vertex -4.47832 40.1189 0
      vertex -1.7 40.56 0
    endloop
  endfacet
  facet normal 0 0 -1
    outer loop
      vertex -4.5 40.56 0
      vertex -1.7 40.56 0
      vertex -4.47832 40.1189 0
    endloop
  endfacet
  facet normal 0 0 -1
    outer loop
      vertex 2.51646 -48.0171 0
      vertex -2.51646 -48.0171 0
      vertex -3.20811 -45.8782 0
    endloop
  endfacet
  facet normal 0 0 -1
    outer loop
      vertex -1.7 40.56 0
      vertex -2.12128 44.5286 0
      vertex -1.72206 44.7175 0
    endloop
  endfacet
  facet normal 0 0 -1
    outer loop
      vertex -1.7 40.56 0
      vertex -2.50006 44.3016 0
      vertex -2.12128 44.5286 0
    endloop
  endfacet
  facet normal 0 0 -1
    outer loop
      vertex 3.20811 -45.8782 0
      vertex -3.20811 -45.8782 0
      vertex -3.93892 -45.0222 0
    endloop
  endfacet
  facet normal -0 0 -1
    outer loop
      vertex 3.24341 15.2591 0
      vertex -15.5406 -1.35962 0
      vertex 3.10002 15.2883 0
    endloop
  endfacet
  facet normal -0 0 -1
    outer loop
      vertex 3.10002 15.2883 0
      vertex -15.5406 -1.35962 0
      vertex -3.10002 15.2883 0
    endloop
  endfacet
  facet normal 0 0 -1
    outer loop
      vertex -3.10002 15.2883 0
      vertex -15.5406 -1.35962 0
      vertex -3.24341 15.2591 0
    endloop
  endfacet
  facet normal 0 0 -1
    outer loop
      vertex 3.93892 -45.0222 0
      vertex -3.93892 -45.0222 0
      vertex -8.62723 -37.3687 0
    endloop
  endfacet
  facet normal 0 0 -1
    outer loop
      vertex -3.24341 15.2591 0
      vertex -15.5406 -1.35962 0
      vertex -3.50923 15.2002 0
    endloop
  endfacet
  facet normal 0 0 -1
    outer loop
      vertex -3.50923 15.2002 0
      vertex -15.5406 -1.35962 0
      vertex -3.77397 15.1366 0
    endloop
  endfacet
  facet normal 0 0 -1
    outer loop
      vertex -3.77397 15.1366 0
      vertex -15.5406 -1.35962 0
      vertex -4.03757 15.0684 0
    endloop
  endfacet
  facet normal 0 0 -1
    outer loop
      vertex -8.20358 -42.2038 0
      vertex -3.93892 -45.0222 0
      vertex -4.76935 -45.3774 0
    endloop
  endfacet
  facet normal 0 0 -1
    outer loop
      vertex -4.03757 15.0684 0
      vertex -15.5406 -1.35962 0
      vertex -4.29994 14.9957 0
    endloop
  endfacet
  facet normal 0 0 -1
    outer loop
      vertex -4.29994 14.9957 0
      vertex -15.5406 -1.35962 0
      vertex -4.56099 14.9184 0
    endloop
  endfacet
  facet normal 0 0 -1
    outer loop
      vertex -4.56099 14.9184 0
      vertex -15.5406 -1.35962 0
      vertex -4.82066 14.8365 0
    endloop
  endfacet
  facet normal 0 0 -1
    outer loop
      vertex -4.82066 14.8365 0
      vertex -15.5406 -1.35962 0
      vertex -5.07886 14.7501 0
    endloop
  endfacet
  facet normal 0 0 -1
    outer loop
      vertex -7.89693 -44.7858 0
      vertex -4.76935 -45.3774 0
      vertex -5.68527 -46.3029 0
    endloop
  endfacet
  facet normal 0 0 -1
    outer loop
      vertex -5.07886 14.7501 0
      vertex -15.5406 -1.35962 0
      vertex -5.33551 14.6592 0
    endloop
  endfacet
  facet normal 0 0 -1
    outer loop
      vertex -5.33551 14.6592 0
      vertex -15.5406 -1.35962 0
      vertex -5.59053 14.5638 0
    endloop
  endfacet
  facet normal 0 0 -1
    outer loop
      vertex -5.59053 14.5638 0
      vertex -15.5406 -1.35962 0
      vertex -5.84386 14.4641 0
    endloop
  endfacet
  facet normal 0 0 -1
    outer loop
      vertex -7.36079 -46.4743 0
      vertex -5.68527 -46.3029 0
      vertex -6.59242 -46.9075 0
    endloop
  endfacet
  facet normal 0 0 -1
    outer loop
      vertex 8.62723 -37.3687 0
      vertex -8.62723 -37.3687 0
      vertex -9.054 -36.3136 0
    endloop
  endfacet
  facet normal 0 0 -1
    outer loop
      vertex -5.84386 14.4641 0
      vertex -15.5406 -1.35962 0
      vertex -6.0954 14.3599 0
    endloop
  endfacet
  facet normal 0 0 -1
    outer loop
      vertex -6.0954 14.3599 0
      vertex -15.5406 -1.35962 0
      vertex -6.34508 14.2513 0
    endloop
  endfacet
  facet normal 0 0 -1
    outer loop
      vertex -6.34508 14.2513 0
      vertex -15.5406 -1.35962 0
      vertex -6.59283 14.1384 0
    endloop
  endfacet
  facet normal -0 0 -1
    outer loop
      vertex -5.68527 -46.3029 0
      vertex -7.36079 -46.4743 0
      vertex -7.89693 -44.7858 0
    endloop
  endfacet
  facet normal 0 0 -1
    outer loop
      vertex -6.59283 14.1384 0
      vertex -15.5406 -1.35962 0
      vertex -6.83858 14.0212 0
    endloop
  endfacet
  facet normal 0 0 -1
    outer loop
      vertex -6.83858 14.0212 0
      vertex -15.5406 -1.35962 0
      vertex -7.08224 13.8997 0
    endloop
  endfacet
  facet normal 0 0 -1
    outer loop
      vertex -4.76935 -45.3774 0
      vertex -7.89693 -44.7858 0
      vertex -8.20358 -42.2038 0
    endloop
  endfacet
  facet normal 0 0 -1
    outer loop
      vertex -3.93892 -45.0222 0
      vertex -8.39081 -39.4756 0
      vertex -8.62723 -37.3687 0
    endloop
  endfacet
  facet normal 0 0 -1
    outer loop
      vertex -3.93892 -45.0222 0
      vertex -8.20358 -42.2038 0
      vertex -8.39081 -39.4756 0
    endloop
  endfacet
  facet normal 0 0 -1
    outer loop
      vertex -7.08224 13.8997 0
      vertex -15.5406 -1.35962 0
      vertex -7.32375 13.774 0
    endloop
  endfacet
  facet normal 0 0 -1
    outer loop
      vertex -7.32375 13.774 0
      vertex -15.5406 -1.35962 0
      vertex -7.56302 13.6441 0
    endloop
  endfacet
  facet normal 0 0 -1
    outer loop
      vertex -7.56302 13.6441 0
      vertex -15.5406 -1.35962 0
      vertex -7.79999 13.51 0
    endloop
  endfacet
  facet normal 0 0 -1
    outer loop
      vertex -7.79999 13.51 0
      vertex -15.5406 -1.35962 0
      vertex -8.03459 13.3718 0
    endloop
  endfacet
  facet normal 0 0 -1
    outer loop
      vertex -8.03459 13.3718 0
      vertex -15.5406 -1.35962 0
      vertex -8.26674 13.2295 0
    endloop
  endfacet
  facet normal 0 0 -1
    outer loop
      vertex -8.26674 13.2295 0
      vertex -15.5406 -1.35962 0
      vertex -8.49637 13.0833 0
    endloop
  endfacet
  facet normal 0 0 -1
    outer loop
      vertex 9.054 -36.3136 0
      vertex -9.054 -36.3136 0
      vertex -11.1683 -29.0945 0
    endloop
  endfacet
  facet normal 0 0 -1
    outer loop
      vertex -8.49637 13.0833 0
      vertex -15.5406 -1.35962 0
      vertex -8.7234 12.933 0
    endloop
  endfacet
  facet normal 0 0 -1
    outer loop
      vertex -8.7234 12.933 0
      vertex -15.5406 -1.35962 0
      vertex -8.94778 12.7788 0
    endloop
  endfacet
  facet normal 0 0 -1
    outer loop
      vertex -11.7204 -34.0385 0
      vertex -9.054 -36.3136 0
      vertex -9.70566 -36.222 0
    endloop
  endfacet
  facet normal 0 0 -1
    outer loop
      vertex -8.94778 12.7788 0
      vertex -15.5406 -1.35962 0
      vertex -9.16945 12.6207 0
    endloop
  endfacet
  facet normal 0 0 -1
    outer loop
      vertex -11.6339 -35.8054 0
      vertex -9.70566 -36.222 0
      vertex -10.482 -36.555 0
    endloop
  endfacet
  facet normal 0 0 -1
    outer loop
      vertex -9.16945 12.6207 0
      vertex -15.5406 -1.35962 0
      vertex -9.38831 12.4587 0
    endloop
  endfacet
  facet normal 0 0 -1
    outer loop
      vertex -11.1651 -20.9985 0
      vertex 10.9491 -25.7946 0
      vertex -10.9491 -25.7946 0
    endloop
  endfacet
  facet normal -0 0 -1
    outer loop
      vertex 10.934 -27.0626 0
      vertex -11.1683 -29.0945 0
      vertex -10.934 -27.0626 0
    endloop
  endfacet
  facet normal 0 0 -1
    outer loop
      vertex -11.6339 -35.8054 0
      vertex -10.482 -36.555 0
      vertex -11.1893 -36.5985 0
    endloop
  endfacet
  facet normal 0 0 -1
    outer loop
      vertex -9.054 -36.3136 0
      vertex -11.5042 -31.6075 0
      vertex -11.1683 -29.0945 0
    endloop
  endfacet
  facet normal 0 0 -1
    outer loop
      vertex -9.70566 -36.222 0
      vertex -11.6339 -35.8054 0
      vertex -11.7204 -34.0385 0
    endloop
  endfacet
  facet normal 0 0 -1
    outer loop
      vertex -9.054 -36.3136 0
      vertex -11.7204 -34.0385 0
      vertex -11.5042 -31.6075 0
    endloop
  endfacet
  facet normal 0 0 -1
    outer loop
      vertex 11.2117 -25.1819 0
      vertex 11.7868 -24.1665 0
      vertex 11.5678 -24.8073 0
    endloop
  endfacet
  facet normal -0 0 -1
    outer loop
      vertex 11.7868 -24.1665 0
      vertex 11.2117 -25.1819 0
      vertex 11.6741 -22.9117 0
    endloop
  endfacet
  facet normal 0 0 -1
    outer loop
      vertex 11.2117 -25.1819 0
      vertex 11.1651 -20.9985 0
      vertex 11.6741 -22.9117 0
    endloop
  endfacet
  facet normal 0 0 -1
    outer loop
      vertex 10.9491 -25.7946 0
      vertex 11.1651 -20.9985 0
      vertex 11.2117 -25.1819 0
    endloop
  endfacet
  facet normal -0 0 -1
    outer loop
      vertex 11.1651 -20.9985 0
      vertex 10.9491 -25.7946 0
      vertex 11.0507 -19.9361 0
    endloop
  endfacet
  facet normal 0 0 -1
    outer loop
      vertex -11.1683 -29.0945 0
      vertex 11.1683 -29.0945 0
      vertex 9.054 -36.3136 0
    endloop
  endfacet
  facet normal -0 0 -1
    outer loop
      vertex 11.5042 -31.6075 0
      vertex 9.054 -36.3136 0
      vertex 11.1683 -29.0945 0
    endloop
  endfacet
  facet normal 0 0 -1
    outer loop
      vertex 11.0507 -19.9361 0
      vertex 10.6577 13.1611 0
      vertex 10.9854 13.0919 0
    endloop
  endfacet
  facet normal 0 0 -1
    outer loop
      vertex 30.6847 -29.6318 0
      vertex 32.1561 -28.9535 0
      vertex 31.8774 -29.7262 0
    endloop
  endfacet
  facet normal -0 0 -1
    outer loop
      vertex 32.1561 -28.9535 0
      vertex 30.6847 -29.6318 0
      vertex 31.9157 -27.7439 0
    endloop
  endfacet
  facet normal 0 0 -1
    outer loop
      vertex 28.6775 -28.6775 0
      vertex 31.9157 -27.7439 0
      vertex 30.6847 -29.6318 0
    endloop
  endfacet
  facet normal -0 0 -1
    outer loop
      vertex 31.9157 -27.7439 0
      vertex 28.6775 -28.6775 0
      vertex 31.8648 -26.7377 0
    endloop
  endfacet
  facet normal 0 0 -1
    outer loop
      vertex 26.3639 -27.3006 0
      vertex 31.8648 -26.7377 0
      vertex 28.6775 -28.6775 0
    endloop
  endfacet
  facet normal 0 0 -1
    outer loop
      vertex 24.3699 -26.1335 0
      vertex 31.8648 -26.7377 0
      vertex 26.3639 -27.3006 0
    endloop
  endfacet
  facet normal 0 0 -1
    outer loop
      vertex 23.1105 -25.6668 0
      vertex 32.0231 -12.9382 0
      vertex 24.3699 -26.1335 0
    endloop
  endfacet
  facet normal 0 -0 -1
    outer loop
      vertex 27.34 -7.32571 0
      vertex 32.0231 -12.9382 0
      vertex 23.1105 -25.6668 0
    endloop
  endfacet
  facet normal 0 0 -1
    outer loop
      vertex 32.1515 -12.3418 0
      vertex 29.4827 -8.45403 0
      vertex 31.5633 -9.64986 0
    endloop
  endfacet
  facet normal 0 0 -1
    outer loop
      vertex 32.0231 -12.9382 0
      vertex 27.34 -7.32571 0
      vertex 29.4827 -8.45403 0
    endloop
  endfacet
  facet normal 0 0 -1
    outer loop
      vertex 16.2347 -23.1856 0
      vertex 27.34 -7.32571 0
      vertex 23.1105 -25.6668 0
    endloop
  endfacet
  facet normal -0 0 -1
    outer loop
      vertex 27.34 -7.32571 0
      vertex 16.2347 -23.1856 0
      vertex 25.7425 -6.41832 0
    endloop
  endfacet
  facet normal 0 0 -1
    outer loop
      vertex 14.8357 -21.9948 0
      vertex 25.7425 -6.41832 0
      vertex 16.2347 -23.1856 0
    endloop
  endfacet
  facet normal -0 0 -1
    outer loop
      vertex 25.7425 -6.41832 0
      vertex 14.8357 -21.9948 0
      vertex 24.9466 -5.75937 0
    endloop
  endfacet
  facet normal 0 0 -1
    outer loop
      vertex 13.9443 -21.4723 0
      vertex 24.9466 -5.75937 0
      vertex 14.8357 -21.9948 0
    endloop
  endfacet
  facet normal 0 0 -1
    outer loop
      vertex 18.0279 -24.8132 0
      vertex 23.1105 -25.6668 0
      vertex 22.594 -25.9914 0
    endloop
  endfacet
  facet normal 0 -0 -1
    outer loop
      vertex 20.3937 -2.86615 0
      vertex 24.9466 -5.75937 0
      vertex 13.9443 -21.4723 0
    endloop
  endfacet
  facet normal 0 0 -1
    outer loop
      vertex 21.3242 -27.2937 0
      vertex 22.594 -25.9914 0
      vertex 22.4521 -26.7574 0
    endloop
  endfacet
  facet normal 0 0 -1
    outer loop
      vertex 21.3242 -27.2937 0
      vertex 22.4521 -26.7574 0
      vertex 22.1611 -27.3667 0
    endloop
  endfacet
  facet normal 0 0 -1
    outer loop
      vertex 22.594 -25.9914 0
      vertex 21.3242 -27.2937 0
      vertex 19.8632 -26.3593 0
    endloop
  endfacet
  facet normal -0 0 -1
    outer loop
      vertex 22.594 -25.9914 0
      vertex 19.8632 -26.3593 0
      vertex 18.0279 -24.8132 0
    endloop
  endfacet
  facet normal 0 0 -1
    outer loop
      vertex 23.1105 -25.6668 0
      vertex 18.0279 -24.8132 0
      vertex 16.2347 -23.1856 0
    endloop
  endfacet
  facet normal -0 -0 -1
    outer loop
      vertex 22.5133 -3.56575 0
      vertex 24.9466 -5.75937 0
      vertex 20.3937 -2.86615 0
    endloop
  endfacet
  facet normal -0 -0 -1
    outer loop
      vertex 23.95 -4.22302 0
      vertex 24.7433 -5.25935 0
      vertex 22.5133 -3.56575 0
    endloop
  endfacet
  facet normal 0 0 -1
    outer loop
      vertex 24.7433 -5.25935 0
      vertex 23.95 -4.22302 0
      vertex 24.5972 -4.78122 0
    endloop
  endfacet
  facet normal 0 0 -1
    outer loop
      vertex 24.9466 -5.75937 0
      vertex 22.5133 -3.56575 0
      vertex 24.7433 -5.25935 0
    endloop
  endfacet
  facet normal 0 0 -1
    outer loop
      vertex 11.0507 -19.9361 0
      vertex 20.3937 -2.86615 0
      vertex 13.9443 -21.4723 0
    endloop
  endfacet
  facet normal 0 0 -1
    outer loop
      vertex 15.5406 -1.35962 0
      vertex 15.5145 1.63063 0
      vertex 15.5406 1.35962 0
    endloop
  endfacet
  facet normal 0 0 -1
    outer loop
      vertex 15.5406 -1.35962 0
      vertex 15.4837 1.90115 0
      vertex 15.5145 1.63063 0
    endloop
  endfacet
  facet normal -0 0 -1
    outer loop
      vertex 20.3937 -2.86615 0
      vertex 11.0507 -19.9361 0
      vertex 17.9896 -2.20883 0
    endloop
  endfacet
  facet normal -0 0 -1
    outer loop
      vertex 17.9896 -2.20883 0
      vertex 11.0507 -19.9361 0
      vertex 15.7321 -1.6535 0
    endloop
  endfacet
  facet normal -0 0 -1
    outer loop
      vertex 15.7321 -1.6535 0
      vertex 11.0507 -19.9361 0
      vertex 15.5406 -1.35962 0
    endloop
  endfacet
  facet normal 0 0 -1
    outer loop
      vertex 10.9854 13.0919 0
      vertex 15.5406 -1.35962 0
      vertex 11.0507 -19.9361 0
    endloop
  endfacet
  facet normal 0 -0 -1
    outer loop
      vertex 16.5051 16.5051 0
      vertex 17.2124 15.4981 0
      vertex 15.3185 15.8627 0
    endloop
  endfacet
  facet normal 0 0 -1
    outer loop
      vertex 11.0507 -19.9361 0
      vertex 13.9443 -21.4723 0
      vertex 13.4049 -21.4523 0
    endloop
  endfacet
  facet normal 0 0 -1
    outer loop
      vertex 12.1597 -21.0613 0
      vertex 13.4049 -21.4523 0
      vertex 12.9056 -21.4786 0
    endloop
  endfacet
  facet normal 0 0 -1
    outer loop
      vertex 18.1268 3.85298 0
      vertex 12.4002 13.7718 0
      vertex 13.7943 14.7925 0
    endloop
  endfacet
  facet normal 0 0 -1
    outer loop
      vertex 13.4049 -21.4523 0
      vertex 12.1597 -21.0613 0
      vertex 11.0507 -19.9361 0
    endloop
  endfacet
  facet normal 0 0 -1
    outer loop
      vertex 15.5406 -1.35962 0
      vertex 10.9854 13.0919 0
      vertex 15.4837 1.90115 0
    endloop
  endfacet
  facet normal 0 0 -1
    outer loop
      vertex 17.1563 3.33484 0
      vertex 11.4662 13.1904 0
      vertex 12.4002 13.7718 0
    endloop
  endfacet
  facet normal 0 0 -1
    outer loop
      vertex 15.4837 1.90115 0
      vertex 10.9854 13.0919 0
      vertex 11.4662 13.1904 0
    endloop
  endfacet
  facet normal 0 0 -1
    outer loop
      vertex 15.5976 -0.272247 0
      vertex 15.5976 0.272247 0
      vertex 15.6 0 0
    endloop
  endfacet
  facet normal 0 0 -1
    outer loop
      vertex 15.5905 -0.544418 0
      vertex 15.5976 0.272247 0
      vertex 15.5976 -0.272247 0
    endloop
  endfacet
  facet normal 0 0 -1
    outer loop
      vertex 15.5905 -0.544418 0
      vertex 15.5905 0.544418 0
      vertex 15.5976 0.272247 0
    endloop
  endfacet
  facet normal 0 0 -1
    outer loop
      vertex 15.5786 -0.816437 0
      vertex 15.5905 0.544418 0
      vertex 15.5905 -0.544418 0
    endloop
  endfacet
  facet normal 0 0 -1
    outer loop
      vertex 15.5786 -0.816437 0
      vertex 15.5786 0.816437 0
      vertex 15.5905 0.544418 0
    endloop
  endfacet
  facet normal 0 0 -1
    outer loop
      vertex 15.562 -1.0882 0
      vertex 15.5786 0.816437 0
      vertex 15.5786 -0.816437 0
    endloop
  endfacet
  facet normal 0 0 -1
    outer loop
      vertex 15.562 -1.0882 0
      vertex 15.562 1.0882 0
      vertex 15.5786 0.816437 0
    endloop
  endfacet
  facet normal 0 0 -1
    outer loop
      vertex 15.5406 -1.35962 0
      vertex 15.562 1.0882 0
      vertex 15.562 -1.0882 0
    endloop
  endfacet
  facet normal -0 0 -1
    outer loop
      vertex 15.562 1.0882 0
      vertex 15.5406 -1.35962 0
      vertex 15.5406 1.35962 0
    endloop
  endfacet
  facet normal 0 0 -1
    outer loop
      vertex 4.47832 40.1189 0
      vertex 4.47832 41.0011 0
      vertex 4.5 40.56 0
    endloop
  endfacet
  facet normal 0 0 -1
    outer loop
      vertex 4.47832 40.1189 0
      vertex 4.41353 41.4379 0
      vertex 4.47832 41.0011 0
    endloop
  endfacet
  facet normal 0 0 -1
    outer loop
      vertex 4.47832 40.1189 0
      vertex 4.30623 41.8663 0
      vertex 4.41353 41.4379 0
    endloop
  endfacet
  facet normal 0 0 -1
    outer loop
      vertex 4.47832 40.1189 0
      vertex 4.15746 42.2821 0
      vertex 4.30623 41.8663 0
    endloop
  endfacet
  facet normal 0 0 -1
    outer loop
      vertex 4.47832 40.1189 0
      vertex 3.96864 42.6813 0
      vertex 4.15746 42.2821 0
    endloop
  endfacet
  facet normal 0 0 -1
    outer loop
      vertex 4.47832 40.1189 0
      vertex 3.74161 43.0601 0
      vertex 3.96864 42.6813 0
    endloop
  endfacet
  facet normal 0 0 -1
    outer loop
      vertex 4.47832 40.1189 0
      vertex 3.47855 43.4148 0
      vertex 3.74161 43.0601 0
    endloop
  endfacet
  facet normal 0 0 -1
    outer loop
      vertex 4.47832 40.1189 0
      vertex 3.18198 43.742 0
      vertex 3.47855 43.4148 0
    endloop
  endfacet
  facet normal 0 0 -1
    outer loop
      vertex 2.85477 44.0385 0
      vertex 4.47832 40.1189 0
      vertex 3.10002 15.2883 0
    endloop
  endfacet
  facet normal 0 0 -1
    outer loop
      vertex 4.47832 40.1189 0
      vertex 2.85477 44.0385 0
      vertex 3.18198 43.742 0
    endloop
  endfacet
  facet normal 0 0 -1
    outer loop
      vertex 1.57059 41.2106 0
      vertex 2.85477 44.0385 0
      vertex 1.6268 41.0535 0
    endloop
  endfacet
  facet normal 0 0 -1
    outer loop
      vertex 1.49927 41.3614 0
      vertex 2.85477 44.0385 0
      vertex 1.57059 41.2106 0
    endloop
  endfacet
  facet normal 0 0 -1
    outer loop
      vertex 1.4135 41.5045 0
      vertex 2.85477 44.0385 0
      vertex 1.49927 41.3614 0
    endloop
  endfacet
  facet normal 0 0 -1
    outer loop
      vertex 1.31412 41.6385 0
      vertex 2.85477 44.0385 0
      vertex 1.4135 41.5045 0
    endloop
  endfacet
  facet normal 0 0 -1
    outer loop
      vertex 1.20208 41.7621 0
      vertex 2.85477 44.0385 0
      vertex 1.31412 41.6385 0
    endloop
  endfacet
  facet normal 0 0 -1
    outer loop
      vertex 1.07847 41.8741 0
      vertex 2.85477 44.0385 0
      vertex 1.20208 41.7621 0
    endloop
  endfacet
  facet normal -0 0 -1
    outer loop
      vertex 2.85477 44.0385 0
      vertex 1.07847 41.8741 0
      vertex 2.50006 44.3016 0
    endloop
  endfacet
  facet normal 0 0 -1
    outer loop
      vertex 0.944468 41.9735 0
      vertex 2.50006 44.3016 0
      vertex 1.07847 41.8741 0
    endloop
  endfacet
  facet normal -0 0 -1
    outer loop
      vertex 2.50006 44.3016 0
      vertex 0.944468 41.9735 0
      vertex 2.12128 44.5286 0
    endloop
  endfacet
  facet normal 0 0 -1
    outer loop
      vertex 0.801374 42.0593 0
      vertex 2.12128 44.5286 0
      vertex 0.944468 41.9735 0
    endloop
  endfacet
  facet normal -0 0 -1
    outer loop
      vertex 2.12128 44.5286 0
      vertex 0.801374 42.0593 0
      vertex 1.72206 44.7175 0
    endloop
  endfacet
  facet normal 0 0 -1
    outer loop
      vertex 0.650561 42.1306 0
      vertex 1.72206 44.7175 0
      vertex 0.801374 42.0593 0
    endloop
  endfacet
  facet normal -0 0 -1
    outer loop
      vertex 1.72206 44.7175 0
      vertex 0.650561 42.1306 0
      vertex 1.30627 44.8662 0
    endloop
  endfacet
  facet normal 0 0 -1
    outer loop
      vertex 0.493484 42.1868 0
      vertex 1.30627 44.8662 0
      vertex 0.650561 42.1306 0
    endloop
  endfacet
  facet normal -0 0 -1
    outer loop
      vertex 1.30627 44.8662 0
      vertex 0.493484 42.1868 0
      vertex 0.877899 44.9735 0
    endloop
  endfacet
  facet normal 0 0 -1
    outer loop
      vertex 0.331653 42.2273 0
      vertex 0.877899 44.9735 0
      vertex 0.493484 42.1868 0
    endloop
  endfacet
  facet normal -0 0 -1
    outer loop
      vertex 0.877899 44.9735 0
      vertex 0.331653 42.2273 0
      vertex 0.441071 45.0383 0
    endloop
  endfacet
  facet normal 0 0 -1
    outer loop
      vertex 0.166629 42.2518 0
      vertex 0.441071 45.0383 0
      vertex 0.331653 42.2273 0
    endloop
  endfacet
  facet normal 0 0 -1
    outer loop
      vertex 0 42.26 0
      vertex 0.441071 45.0383 0
      vertex 0.166629 42.2518 0
    endloop
  endfacet
  facet normal 0 0 -1
    outer loop
      vertex 0 42.26 0
      vertex 0 45.06 0
      vertex 0.441071 45.0383 0
    endloop
  endfacet
  facet normal 0 0 -1
    outer loop
      vertex -0.166629 42.2518 0
      vertex 0 45.06 0
      vertex 0 42.26 0
    endloop
  endfacet
  facet normal 0 0 -1
    outer loop
      vertex -0.441071 45.0383 0
      vertex -0.166629 42.2518 0
      vertex -0.331653 42.2273 0
    endloop
  endfacet
  facet normal 0 0 -1
    outer loop
      vertex -0.166629 42.2518 0
      vertex -0.441071 45.0383 0
      vertex 0 45.06 0
    endloop
  endfacet
  facet normal 0 0 -1
    outer loop
      vertex -0.877899 44.9735 0
      vertex -0.331653 42.2273 0
      vertex -0.493484 42.1868 0
    endloop
  endfacet
  facet normal 0 0 -1
    outer loop
      vertex -1.30627 44.8662 0
      vertex -0.493484 42.1868 0
      vertex -0.650561 42.1306 0
    endloop
  endfacet
  facet normal 0 0 -1
    outer loop
      vertex -1.72206 44.7175 0
      vertex -0.650561 42.1306 0
      vertex -0.801374 42.0593 0
    endloop
  endfacet
  facet normal 0 0 -1
    outer loop
      vertex -0.331653 42.2273 0
      vertex -0.877899 44.9735 0
      vertex -0.441071 45.0383 0
    endloop
  endfacet
  facet normal 0 0 -1
    outer loop
      vertex -1.72206 44.7175 0
      vertex -0.801374 42.0593 0
      vertex -0.944468 41.9735 0
    endloop
  endfacet
  facet normal 0 0 -1
    outer loop
      vertex -1.72206 44.7175 0
      vertex -0.944468 41.9735 0
      vertex -1.07847 41.8741 0
    endloop
  endfacet
  facet normal 0 0 -1
    outer loop
      vertex -1.72206 44.7175 0
      vertex -1.07847 41.8741 0
      vertex -1.20208 41.7621 0
    endloop
  endfacet
  facet normal 0 0 -1
    outer loop
      vertex -0.493484 42.1868 0
      vertex -1.30627 44.8662 0
      vertex -0.877899 44.9735 0
    endloop
  endfacet
  facet normal 0 0 -1
    outer loop
      vertex -1.72206 44.7175 0
      vertex -1.20208 41.7621 0
      vertex -1.31412 41.6385 0
    endloop
  endfacet
  facet normal 0 0 -1
    outer loop
      vertex -1.72206 44.7175 0
      vertex -1.31412 41.6385 0
      vertex -1.4135 41.5045 0
    endloop
  endfacet
  facet normal 0 0 -1
    outer loop
      vertex -1.72206 44.7175 0
      vertex -1.4135 41.5045 0
      vertex -1.49927 41.3614 0
    endloop
  endfacet
  facet normal 0 0 -1
    outer loop
      vertex -1.72206 44.7175 0
      vertex -1.49927 41.3614 0
      vertex -1.57059 41.2106 0
    endloop
  endfacet
  facet normal 0 0 -1
    outer loop
      vertex -1.72206 44.7175 0
      vertex -1.57059 41.2106 0
      vertex -1.6268 41.0535 0
    endloop
  endfacet
  facet normal 0 0 -1
    outer loop
      vertex -1.72206 44.7175 0
      vertex -1.6268 41.0535 0
      vertex -1.66733 40.8917 0
    endloop
  endfacet
  facet normal 0 0 -1
    outer loop
      vertex -1.72206 44.7175 0
      vertex -1.66733 40.8917 0
      vertex -1.69181 40.7266 0
    endloop
  endfacet
  facet normal 0 0 -1
    outer loop
      vertex -0.650561 42.1306 0
      vertex -1.72206 44.7175 0
      vertex -1.30627 44.8662 0
    endloop
  endfacet
  facet normal 0 0 -1
    outer loop
      vertex -1.72206 44.7175 0
      vertex -1.69181 40.7266 0
      vertex -1.7 40.56 0
    endloop
  endfacet
  facet normal 0 0 -1
    outer loop
      vertex -1.7 40.56 0
      vertex -2.85477 44.0385 0
      vertex -2.50006 44.3016 0
    endloop
  endfacet
  facet normal 0 0 -1
    outer loop
      vertex -1.7 40.56 0
      vertex -3.18198 43.742 0
      vertex -2.85477 44.0385 0
    endloop
  endfacet
  facet normal 0 0 -1
    outer loop
      vertex -1.7 40.56 0
      vertex -3.47855 43.4148 0
      vertex -3.18198 43.742 0
    endloop
  endfacet
  facet normal 0 0 -1
    outer loop
      vertex -1.7 40.56 0
      vertex -3.74161 43.0601 0
      vertex -3.47855 43.4148 0
    endloop
  endfacet
  facet normal 0 0 -1
    outer loop
      vertex -1.7 40.56 0
      vertex -3.96864 42.6813 0
      vertex -3.74161 43.0601 0
    endloop
  endfacet
  facet normal 0 0 -1
    outer loop
      vertex -1.7 40.56 0
      vertex -4.15746 42.2821 0
      vertex -3.96864 42.6813 0
    endloop
  endfacet
  facet normal 0 0 -1
    outer loop
      vertex -1.7 40.56 0
      vertex -4.30623 41.8663 0
      vertex -4.15746 42.2821 0
    endloop
  endfacet
  facet normal 0 0 -1
    outer loop
      vertex -1.7 40.56 0
      vertex -4.41353 41.4379 0
      vertex -4.30623 41.8663 0
    endloop
  endfacet
  facet normal 0 0 -1
    outer loop
      vertex -1.7 40.56 0
      vertex -4.47832 41.0011 0
      vertex -4.41353 41.4379 0
    endloop
  endfacet
  facet normal 0 0 -1
    outer loop
      vertex -1.7 40.56 0
      vertex -4.5 40.56 0
      vertex -4.47832 41.0011 0
    endloop
  endfacet
  facet normal 0 0 -1
    outer loop
      vertex 10.9491 -25.7946 0
      vertex -11.1651 -20.9985 0
      vertex 11.0507 -19.9361 0
    endloop
  endfacet
  facet normal 0 -0 -1
    outer loop
      vertex -15.4837 1.90115 0
      vertex -9.38831 12.4587 0
      vertex -15.5406 -1.35962 0
    endloop
  endfacet
  facet normal 0 -0 -1
    outer loop
      vertex -10.9854 13.0919 0
      vertex -9.38831 12.4587 0
      vertex -15.4837 1.90115 0
    endloop
  endfacet
  facet normal -0 0 -1
    outer loop
      vertex 11.0507 -19.9361 0
      vertex -11.1651 -20.9985 0
      vertex -11.0507 -19.9361 0
    endloop
  endfacet
  facet normal 0 0 -1
    outer loop
      vertex -11.2117 -25.1819 0
      vertex -11.1651 -20.9985 0
      vertex -10.9491 -25.7946 0
    endloop
  endfacet
  facet normal 0 0 -1
    outer loop
      vertex -11.7868 -24.1665 0
      vertex -11.2117 -25.1819 0
      vertex -11.5678 -24.8073 0
    endloop
  endfacet
  facet normal 0 0 -1
    outer loop
      vertex -11.2117 -25.1819 0
      vertex -11.6741 -22.9117 0
      vertex -11.1651 -20.9985 0
    endloop
  endfacet
  facet normal 0 0 -1
    outer loop
      vertex -11.2117 -25.1819 0
      vertex -11.7868 -24.1665 0
      vertex -11.6741 -22.9117 0
    endloop
  endfacet
  facet normal 0 0 -1
    outer loop
      vertex -9.38831 12.4587 0
      vertex -10.9854 13.0919 0
      vertex -10.1203 12.9534 0
    endloop
  endfacet
  facet normal 0 0 -1
    outer loop
      vertex -13.4049 -21.4523 0
      vertex -11.0507 -19.9361 0
      vertex -12.1597 -21.0613 0
    endloop
  endfacet
  facet normal 0 0 -1
    outer loop
      vertex -10.1203 12.9534 0
      vertex -10.9854 13.0919 0
      vertex -10.6577 13.1611 0
    endloop
  endfacet
  facet normal 0 0 -1
    outer loop
      vertex -13.4049 -21.4523 0
      vertex -12.1597 -21.0613 0
      vertex -12.9056 -21.4786 0
    endloop
  endfacet
  facet normal 0 0 -1
    outer loop
      vertex -11.0507 -19.9361 0
      vertex -13.4049 -21.4523 0
      vertex -13.9443 -21.4723 0
    endloop
  endfacet
  facet normal -0 0 -1
    outer loop
      vertex -10.9854 13.0919 0
      vertex -15.4837 1.90115 0
      vertex -11.4662 13.1904 0
    endloop
  endfacet
  facet normal 0 0 -1
    outer loop
      vertex -20.3937 -2.86615 0
      vertex -11.0507 -19.9361 0
      vertex -13.9443 -21.4723 0
    endloop
  endfacet
  facet normal 0 0 -1
    outer loop
      vertex -24.9466 -5.75937 0
      vertex -13.9443 -21.4723 0
      vertex -14.8357 -21.9948 0
    endloop
  endfacet
  facet normal 0 0 -1
    outer loop
      vertex -17.1563 3.33484 0
      vertex -11.4662 13.1904 0
      vertex -15.4837 1.90115 0
    endloop
  endfacet
  facet normal 0 0 -1
    outer loop
      vertex -18.1268 3.85298 0
      vertex -12.4002 13.7718 0
      vertex -17.1563 3.33484 0
    endloop
  endfacet
  facet normal -0 0 -1
    outer loop
      vertex -11.4662 13.1904 0
      vertex -17.1563 3.33484 0
      vertex -12.4002 13.7718 0
    endloop
  endfacet
  facet normal 0 0 -1
    outer loop
      vertex -15.4837 1.90115 0
      vertex -15.5406 -1.35962 0
      vertex -15.5145 1.63063 0
    endloop
  endfacet
  facet normal 0 0 -1
    outer loop
      vertex -11.0507 -19.9361 0
      vertex -15.7321 -1.6535 0
      vertex -15.5406 -1.35962 0
    endloop
  endfacet
  facet normal 0 0 -1
    outer loop
      vertex -25.7425 -6.41832 0
      vertex -14.8357 -21.9948 0
      vertex -16.2347 -23.1856 0
    endloop
  endfacet
  facet normal 0 0 -1
    outer loop
      vertex -11.0507 -19.9361 0
      vertex -17.9896 -2.20883 0
      vertex -15.7321 -1.6535 0
    endloop
  endfacet
  facet normal 0 0 -1
    outer loop
      vertex -23.1105 -25.6668 0
      vertex -16.2347 -23.1856 0
      vertex -18.0279 -24.8132 0
    endloop
  endfacet
  facet normal 0 0 -1
    outer loop
      vertex -22.594 -25.9914 0
      vertex -18.0279 -24.8132 0
      vertex -19.8632 -26.3593 0
    endloop
  endfacet
  facet normal 0 0 -1
    outer loop
      vertex -11.0507 -19.9361 0
      vertex -20.3937 -2.86615 0
      vertex -17.9896 -2.20883 0
    endloop
  endfacet
  facet normal 0 0 -1
    outer loop
      vertex -22.594 -25.9914 0
      vertex -19.8632 -26.3593 0
      vertex -21.3242 -27.2937 0
    endloop
  endfacet
  facet normal 0 0 -1
    outer loop
      vertex -22.4521 -26.7574 0
      vertex -21.3242 -27.2937 0
      vertex -22.1611 -27.3667 0
    endloop
  endfacet
  facet normal 0 0 -1
    outer loop
      vertex -21.3242 -27.2937 0
      vertex -22.4521 -26.7574 0
      vertex -22.594 -25.9914 0
    endloop
  endfacet
  facet normal 0 0 -1
    outer loop
      vertex -18.0279 -24.8132 0
      vertex -22.594 -25.9914 0
      vertex -23.1105 -25.6668 0
    endloop
  endfacet
  facet normal 0 0 -1
    outer loop
      vertex -13.9443 -21.4723 0
      vertex -24.9466 -5.75937 0
      vertex -20.3937 -2.86615 0
    endloop
  endfacet
  facet normal -0 0 -1
    outer loop
      vertex -16.2347 -23.1856 0
      vertex -23.1105 -25.6668 0
      vertex -27.34 -7.32571 0
    endloop
  endfacet
  facet normal 0 0 -1
    outer loop
      vertex -20.3937 -2.86615 0
      vertex -24.9466 -5.75937 0
      vertex -22.5133 -3.56575 0
    endloop
  endfacet
  facet normal 0 0 -1
    outer loop
      vertex -32.0231 -12.9382 0
      vertex -23.1105 -25.6668 0
      vertex -24.3699 -26.1335 0
    endloop
  endfacet
  facet normal 0 -0 -1
    outer loop
      vertex -24.7433 -5.25935 0
      vertex -22.5133 -3.56575 0
      vertex -24.9466 -5.75937 0
    endloop
  endfacet
  facet normal 0 0 -1
    outer loop
      vertex -23.95 -4.22302 0
      vertex -24.7433 -5.25935 0
      vertex -24.5972 -4.78122 0
    endloop
  endfacet
  facet normal 0 0 -1
    outer loop
      vertex -22.5133 -3.56575 0
      vertex -24.7433 -5.25935 0
      vertex -23.95 -4.22302 0
    endloop
  endfacet
  facet normal 0 0 -1
    outer loop
      vertex -14.8357 -21.9948 0
      vertex -25.7425 -6.41832 0
      vertex -24.9466 -5.75937 0
    endloop
  endfacet
  facet normal 0 0 -1
    outer loop
      vertex -31.8648 -26.7377 0
      vertex -24.3699 -26.1335 0
      vertex -26.3639 -27.3006 0
    endloop
  endfacet
  facet normal 0 0 -1
    outer loop
      vertex -16.2347 -23.1856 0
      vertex -27.34 -7.32571 0
      vertex -25.7425 -6.41832 0
    endloop
  endfacet
  facet normal 0 0 -1
    outer loop
      vertex -31.8648 -26.7377 0
      vertex -26.3639 -27.3006 0
      vertex -28.6775 -28.6775 0
    endloop
  endfacet
  facet normal 0 0 -1
    outer loop
      vertex -23.1105 -25.6668 0
      vertex -32.0231 -12.9382 0
      vertex -27.34 -7.32571 0
    endloop
  endfacet
  facet normal 0 0 -1
    outer loop
      vertex -31.9157 -27.7439 0
      vertex -28.6775 -28.6775 0
      vertex -30.6847 -29.6318 0
    endloop
  endfacet
  facet normal -0 0 -1
    outer loop
      vertex -24.3699 -26.1335 0
      vertex -31.8648 -26.7377 0
      vertex -32.0231 -12.9382 0
    endloop
  endfacet
  facet normal 0 0 -1
    outer loop
      vertex -27.34 -7.32571 0
      vertex -32.0231 -12.9382 0
      vertex -29.4827 -8.45403 0
    endloop
  endfacet
  facet normal 0 0 -1
    outer loop
      vertex -32.1561 -28.9535 0
      vertex -30.6847 -29.6318 0
      vertex -31.8774 -29.7262 0
    endloop
  endfacet
  facet normal 0 0 -1
    outer loop
      vertex -28.6775 -28.6775 0
      vertex -31.9157 -27.7439 0
      vertex -31.8648 -26.7377 0
    endloop
  endfacet
  facet normal 0 0 -1
    outer loop
      vertex -30.6847 -29.6318 0
      vertex -32.1561 -28.9535 0
      vertex -31.9157 -27.7439 0
    endloop
  endfacet
  facet normal 0 0 -1
    outer loop
      vertex -16.8307 2.9677 0
      vertex -15.4837 1.90115 0
      vertex -16.2782 2.28773 0
    endloop
  endfacet
  facet normal 0 0 -1
    outer loop
      vertex -17.1563 3.33484 0
      vertex -15.4837 1.90115 0
      vertex -16.8307 2.9677 0
    endloop
  endfacet
  facet normal 0 0 -1
    outer loop
      vertex -16.8307 2.9677 0
      vertex -16.2782 2.28773 0
      vertex -16.7267 2.64925 0
    endloop
  endfacet
  facet normal -0 0 -1
    outer loop
      vertex -12.4002 13.7718 0
      vertex -18.1268 3.85298 0
      vertex -13.7943 14.7925 0
    endloop
  endfacet
  facet normal -0 0 -1
    outer loop
      vertex -15.3185 15.8627 0
      vertex -17.2124 15.4981 0
      vertex -16.5051 16.5051 0
    endloop
  endfacet
  facet normal 0 0 -1
    outer loop
      vertex -16.5051 16.5051 0
      vertex -17.1443 15.9873 0
      vertex -17.0716 16.4858 0
    endloop
  endfacet
  facet normal 0 0 -1
    outer loop
      vertex -19.7078 4.5499 0
      vertex -13.7943 14.7925 0
      vertex -18.1268 3.85298 0
    endloop
  endfacet
  facet normal 0 0 -1
    outer loop
      vertex -16.5051 16.5051 0
      vertex -17.2124 15.4981 0
      vertex -17.1443 15.9873 0
    endloop
  endfacet
  facet normal 0 0 -1
    outer loop
      vertex -13.7943 14.7925 0
      vertex -17.2124 15.4981 0
      vertex -15.3185 15.8627 0
    endloop
  endfacet
  facet normal -0 0 -1
    outer loop
      vertex -13.7943 14.7925 0
      vertex -19.7078 4.5499 0
      vertex -17.2124 15.4981 0
    endloop
  endfacet
  facet normal 0 0 -1
    outer loop
      vertex -22.028 7.15732 0
      vertex -17.2124 15.4981 0
      vertex -19.7078 4.5499 0
    endloop
  endfacet
  facet normal 0 0 -1
    outer loop
      vertex -17.2124 15.4981 0
      vertex -22.028 7.15732 0
      vertex -17.8158 15.487 0
    endloop
  endfacet
  facet normal 0 0 -1
    outer loop
      vertex -22.3201 7.68542 0
      vertex -17.8158 15.487 0
      vertex -22.028 7.15732 0
    endloop
  endfacet
  facet normal 0 0 -1
    outer loop
      vertex -22.028 7.15732 0
      vertex -19.7078 4.5499 0
      vertex -21.3967 5.33481 0
    endloop
  endfacet
  facet normal -0 0 -1
    outer loop
      vertex -17.8158 15.487 0
      vertex -22.3201 7.68542 0
      vertex -19.1677 16.0836 0
    endloop
  endfacet
  facet normal 0 0 -1
    outer loop
      vertex -23.5127 8.55791 0
      vertex -19.1677 16.0836 0
      vertex -22.3201 7.68542 0
    endloop
  endfacet
  facet normal -0 0 -1
    outer loop
      vertex -19.1677 16.0836 0
      vertex -23.2552 15.6859 0
      vertex -20.9739 16.9844 0
    endloop
  endfacet
  facet normal 0 -0 -1
    outer loop
      vertex -23.173 16.2259 0
      vertex -20.9739 16.9844 0
      vertex -23.2552 15.6859 0
    endloop
  endfacet
  facet normal -0 0 -1
    outer loop
      vertex -20.9739 16.9844 0
      vertex -23.173 16.2259 0
      vertex -22.5953 17.6534 0
    endloop
  endfacet
  facet normal 0 0 -1
    outer loop
      vertex -19.1677 16.0836 0
      vertex -23.5127 8.55791 0
      vertex -23.2552 15.6859 0
    endloop
  endfacet
  facet normal 0 0 -1
    outer loop
      vertex -25.212 12.2967 0
      vertex -23.2552 15.6859 0
      vertex -23.5127 8.55791 0
    endloop
  endfacet
  facet normal 0 0 -1
    outer loop
      vertex -25.212 12.2967 0
      vertex -23.5127 8.55791 0
      vertex -25.1958 9.67178 0
    endloop
  endfacet
  facet normal -0 0 -1
    outer loop
      vertex -23.2552 15.6859 0
      vertex -25.212 12.2967 0
      vertex -24.2778 15.7662 0
    endloop
  endfacet
  facet normal 0 0 -1
    outer loop
      vertex -25.7928 13.1421 0
      vertex -24.2778 15.7662 0
      vertex -25.212 12.2967 0
    endloop
  endfacet
  facet normal 0 0 -1
    outer loop
      vertex -25.7928 13.1421 0
      vertex -26.1579 16.3453 0
      vertex -24.2778 15.7662 0
    endloop
  endfacet
  facet normal 0 0 -1
    outer loop
      vertex -27.2344 14.4808 0
      vertex -26.1579 16.3453 0
      vertex -25.7928 13.1421 0
    endloop
  endfacet
  facet normal 0 0 -1
    outer loop
      vertex -27.2344 14.4808 0
      vertex -28.2135 16.9524 0
      vertex -26.1579 16.3453 0
    endloop
  endfacet
  facet normal 0 0 -1
    outer loop
      vertex -28.788 15.9574 0
      vertex -28.2135 16.9524 0
      vertex -27.2344 14.4808 0
    endloop
  endfacet
  facet normal -0 0 -1
    outer loop
      vertex -28.2135 16.9524 0
      vertex -28.788 15.9574 0
      vertex -29.5959 17.0872 0
    endloop
  endfacet
  facet normal 0 0 -1
    outer loop
      vertex -15.5406 -1.35962 0
      vertex -15.5406 1.35962 0
      vertex -15.5145 1.63063 0
    endloop
  endfacet
  facet normal 0 0 -1
    outer loop
      vertex -15.562 -1.0882 0
      vertex -15.5406 1.35962 0
      vertex -15.5406 -1.35962 0
    endloop
  endfacet
  facet normal 0 0 -1
    outer loop
      vertex -15.562 -1.0882 0
      vertex -15.562 1.0882 0
      vertex -15.5406 1.35962 0
    endloop
  endfacet
  facet normal 0 0 -1
    outer loop
      vertex -15.5786 -0.816437 0
      vertex -15.562 1.0882 0
      vertex -15.562 -1.0882 0
    endloop
  endfacet
  facet normal 0 0 -1
    outer loop
      vertex -15.5786 -0.816437 0
      vertex -15.5786 0.816437 0
      vertex -15.562 1.0882 0
    endloop
  endfacet
  facet normal 0 0 -1
    outer loop
      vertex -15.5905 -0.544418 0
      vertex -15.5786 0.816437 0
      vertex -15.5786 -0.816437 0
    endloop
  endfacet
  facet normal 0 0 -1
    outer loop
      vertex -15.5905 -0.544418 0
      vertex -15.5905 0.544418 0
      vertex -15.5786 0.816437 0
    endloop
  endfacet
  facet normal 0 0 -1
    outer loop
      vertex -15.5976 -0.272247 0
      vertex -15.5905 0.544418 0
      vertex -15.5905 -0.544418 0
    endloop
  endfacet
  facet normal 0 0 -1
    outer loop
      vertex -15.5976 -0.272247 0
      vertex -15.5976 0.272247 0
      vertex -15.5905 0.544418 0
    endloop
  endfacet
  facet normal 0 -0 -1
    outer loop
      vertex -15.5976 0.272247 0
      vertex -15.5976 -0.272247 0
      vertex -15.6 0 0
    endloop
  endfacet
  facet normal 0 0 -1
    outer loop
      vertex -23.498 17.0723 0
      vertex -22.5953 17.6534 0
      vertex -23.173 16.2259 0
    endloop
  endfacet
  facet normal -0 0 -1
    outer loop
      vertex -22.5953 17.6534 0
      vertex -23.498 17.0723 0
      vertex -23.4667 17.6834 0
    endloop
  endfacet
  facet normal 0 0 -1
    outer loop
      vertex -32.1515 -12.3418 0
      vertex -29.4827 -8.45403 0
      vertex -32.0231 -12.9382 0
    endloop
  endfacet
  facet normal 0 0 -1
    outer loop
      vertex -29.4827 -8.45403 0
      vertex -32.1515 -12.3418 0
      vertex -31.5633 -9.64986 0
    endloop
  endfacet
  facet normal 0 0 -1
    outer loop
      vertex -32.941 -10.7032 0
      vertex -32.1515 -12.3418 0
      vertex -32.8228 -11.9465 0
    endloop
  endfacet
  facet normal 0 0 -1
    outer loop
      vertex -32.1515 -12.3418 0
      vertex -32.941 -10.7032 0
      vertex -31.5633 -9.64986 0
    endloop
  endfacet
  facet normal 0 -0 -1
    outer loop
      vertex -32.941 -10.7032 0
      vertex -32.8228 -11.9465 0
      vertex -33.2958 -11.4647 0
    endloop
  endfacet
  facet normal 0 0 -1
    outer loop
      vertex -32.8925 -13.962 0
      vertex -36.0236 -20.7982 0
      vertex -34.6711 -15.4366 0
    endloop
  endfacet
  facet normal 0 0 -1
    outer loop
      vertex -36.0236 -20.7982 0
      vertex -36.7563 -17.1397 0
      vertex -34.6711 -15.4366 0
    endloop
  endfacet
  facet normal 0 0 -1
    outer loop
      vertex -36.9865 -20.502 0
      vertex -36.7563 -17.1397 0
      vertex -36.0236 -20.7982 0
    endloop
  endfacet
  facet normal 0 0 -1
    outer loop
      vertex -38.3396 -18.6995 0
      vertex -36.9865 -20.502 0
      vertex -38.2054 -20.3142 0
    endloop
  endfacet
  facet normal 0 0 -1
    outer loop
      vertex -36.9865 -20.502 0
      vertex -38.3396 -18.6995 0
      vertex -36.7563 -17.1397 0
    endloop
  endfacet
  facet normal 0 -0 -1
    outer loop
      vertex -38.3396 -18.6995 0
      vertex -38.2054 -20.3142 0
      vertex -38.8362 -19.788 0
    endloop
  endfacet
  facet normal 0 0 1
    outer loop
      vertex 1.7 40.56 1.2
      vertex 4.5 40.56 1.2
      vertex 4.47832 41.0011 1.2
    endloop
  endfacet
  facet normal 0 0 1
    outer loop
      vertex 1.69181 40.7266 1.2
      vertex 4.47832 41.0011 1.2
      vertex 4.41353 41.4379 1.2
    endloop
  endfacet
  facet normal 0 0 1
    outer loop
      vertex 1.66733 40.8917 1.2
      vertex 4.41353 41.4379 1.2
      vertex 4.30623 41.8663 1.2
    endloop
  endfacet
  facet normal 0 0 1
    outer loop
      vertex 1.6268 41.0535 1.2
      vertex 4.30623 41.8663 1.2
      vertex 4.15746 42.2821 1.2
    endloop
  endfacet
  facet normal 0 0 1
    outer loop
      vertex 1.57059 41.2106 1.2
      vertex 4.15746 42.2821 1.2
      vertex 3.96864 42.6813 1.2
    endloop
  endfacet
  facet normal 0 0 1
    outer loop
      vertex 1.49927 41.3614 1.2
      vertex 3.96864 42.6813 1.2
      vertex 3.74161 43.0601 1.2
    endloop
  endfacet
  facet normal 0 0 1
    outer loop
      vertex 1.4135 41.5045 1.2
      vertex 3.74161 43.0601 1.2
      vertex 3.47855 43.4148 1.2
    endloop
  endfacet
  facet normal 0 0 1
    outer loop
      vertex 1.31412 41.6385 1.2
      vertex 3.47855 43.4148 1.2
      vertex 3.18198 43.742 1.2
    endloop
  endfacet
  facet normal 0 0 1
    outer loop
      vertex 4.30623 41.8663 1.2
      vertex 1.6268 41.0535 1.2
      vertex 1.66733 40.8917 1.2
    endloop
  endfacet
  facet normal 0 0 1
    outer loop
      vertex 1.20208 41.7621 1.2
      vertex 3.18198 43.742 1.2
      vertex 2.85477 44.0385 1.2
    endloop
  endfacet
  facet normal 0 0 1
    outer loop
      vertex 18.7213 11.3861 1.2
      vertex 15.7402 12.1984 1.2
      vertex 15.7938 11.9984 1.2
    endloop
  endfacet
  facet normal 0 0 1
    outer loop
      vertex 17.2124 15.4981 1.2
      vertex 15.5938 12.3448 1.2
      vertex 15.7402 12.1984 1.2
    endloop
  endfacet
  facet normal 0 0 1
    outer loop
      vertex 17.2124 15.4981 1.2
      vertex 15.3185 15.8627 1.2
      vertex 15.5938 12.3448 1.2
    endloop
  endfacet
  facet normal 0 0 1
    outer loop
      vertex 15.5938 12.3448 1.2
      vertex 15.3185 15.8627 1.2
      vertex 15.3938 12.3984 1.2
    endloop
  endfacet
  facet normal -0 0 1
    outer loop
      vertex 13.7943 14.7925 1.2
      vertex 15.3938 12.3984 1.2
      vertex 15.3185 15.8627 1.2
    endloop
  endfacet
  facet normal 0 0 1
    outer loop
      vertex 15.3938 12.3984 1.2
      vertex 13.7943 14.7925 1.2
      vertex 15.1938 12.3448 1.2
    endloop
  endfacet
  facet normal 0 0 1
    outer loop
      vertex 15.1938 12.3448 1.2
      vertex 13.7943 14.7925 1.2
      vertex 15.0474 12.1984 1.2
    endloop
  endfacet
  facet normal -0 0 1
    outer loop
      vertex 12.4002 13.7718 1.2
      vertex 15.0474 12.1984 1.2
      vertex 13.7943 14.7925 1.2
    endloop
  endfacet
  facet normal -0 0 1
    outer loop
      vertex 11.4662 13.1904 1.2
      vertex 15.0474 12.1984 1.2
      vertex 12.4002 13.7718 1.2
    endloop
  endfacet
  facet normal 0 0 1
    outer loop
      vertex 15.0474 12.1984 1.2
      vertex 11.4662 13.1904 1.2
      vertex 13.6956 8.48453 1.2
    endloop
  endfacet
  facet normal -0 0 1
    outer loop
      vertex 10.9854 13.0919 1.2
      vertex 13.6956 8.48453 1.2
      vertex 11.4662 13.1904 1.2
    endloop
  endfacet
  facet normal 0 0 1
    outer loop
      vertex 10.1203 12.9534 1.2
      vertex 10.9854 13.0919 1.2
      vertex 10.6577 13.1611 1.2
    endloop
  endfacet
  facet normal 0 0 1
    outer loop
      vertex 9.38831 12.4587 1.2
      vertex 10.9854 13.0919 1.2
      vertex 10.1203 12.9534 1.2
    endloop
  endfacet
  facet normal 0 0 1
    outer loop
      vertex 10.9854 13.0919 1.2
      vertex 9.38831 12.4587 1.2
      vertex 13.6956 8.48453 1.2
    endloop
  endfacet
  facet normal 0 0 1
    outer loop
      vertex 4.25333 3.033 1.2
      vertex 9.38831 12.4587 1.2
      vertex 9.16945 12.6207 1.2
    endloop
  endfacet
  facet normal 0 0 1
    outer loop
      vertex 4.25333 3.033 1.2
      vertex 9.16945 12.6207 1.2
      vertex 8.94778 12.7788 1.2
    endloop
  endfacet
  facet normal 0 0 1
    outer loop
      vertex 4.25333 3.033 1.2
      vertex 8.94778 12.7788 1.2
      vertex 8.7234 12.933 1.2
    endloop
  endfacet
  facet normal 0 0 1
    outer loop
      vertex 4.25333 3.033 1.2
      vertex 8.7234 12.933 1.2
      vertex 8.49637 13.0833 1.2
    endloop
  endfacet
  facet normal 0 0 1
    outer loop
      vertex 4.25333 3.033 1.2
      vertex 8.49637 13.0833 1.2
      vertex 8.26674 13.2295 1.2
    endloop
  endfacet
  facet normal 0 0 1
    outer loop
      vertex 4.25333 3.033 1.2
      vertex 8.26674 13.2295 1.2
      vertex 8.03459 13.3718 1.2
    endloop
  endfacet
  facet normal 0 0 1
    outer loop
      vertex 4.25333 3.033 1.2
      vertex 8.03459 13.3718 1.2
      vertex 7.79999 13.51 1.2
    endloop
  endfacet
  facet normal 0 0 1
    outer loop
      vertex 4.25333 3.033 1.2
      vertex 7.79999 13.51 1.2
      vertex 7.56302 13.6441 1.2
    endloop
  endfacet
  facet normal 0 0 1
    outer loop
      vertex 4.25333 3.033 1.2
      vertex 7.56302 13.6441 1.2
      vertex 7.32375 13.774 1.2
    endloop
  endfacet
  facet normal 0 0 1
    outer loop
      vertex 4.25333 3.033 1.2
      vertex 7.32375 13.774 1.2
      vertex 7.08224 13.8997 1.2
    endloop
  endfacet
  facet normal 0 0 1
    outer loop
      vertex 4.25333 3.033 1.2
      vertex 7.08224 13.8997 1.2
      vertex 6.83858 14.0212 1.2
    endloop
  endfacet
  facet normal 0 0 1
    outer loop
      vertex 4.25333 3.033 1.2
      vertex 6.83858 14.0212 1.2
      vertex 6.59283 14.1384 1.2
    endloop
  endfacet
  facet normal 0 0 1
    outer loop
      vertex 4.25333 3.033 1.2
      vertex 6.59283 14.1384 1.2
      vertex 6.34508 14.2513 1.2
    endloop
  endfacet
  facet normal 0 0 1
    outer loop
      vertex 4.25333 3.033 1.2
      vertex 6.34508 14.2513 1.2
      vertex 6.0954 14.3599 1.2
    endloop
  endfacet
  facet normal 0 0 1
    outer loop
      vertex 4.25333 3.033 1.2
      vertex 6.0954 14.3599 1.2
      vertex 5.84386 14.4641 1.2
    endloop
  endfacet
  facet normal 0 0 1
    outer loop
      vertex 4.25333 3.033 1.2
      vertex 5.84386 14.4641 1.2
      vertex 5.59053 14.5638 1.2
    endloop
  endfacet
  facet normal 0 0 1
    outer loop
      vertex 4.25333 3.033 1.2
      vertex 5.59053 14.5638 1.2
      vertex 5.33551 14.6592 1.2
    endloop
  endfacet
  facet normal 0 0 1
    outer loop
      vertex 4.25333 3.033 1.2
      vertex 5.33551 14.6592 1.2
      vertex 5.07886 14.7501 1.2
    endloop
  endfacet
  facet normal 0 0 1
    outer loop
      vertex 4.25333 3.033 1.2
      vertex 5.07886 14.7501 1.2
      vertex 4.82066 14.8365 1.2
    endloop
  endfacet
  facet normal 0 0 1
    outer loop
      vertex 4.25333 3.033 1.2
      vertex 4.82066 14.8365 1.2
      vertex 4.56099 14.9184 1.2
    endloop
  endfacet
  facet normal 0 0 1
    outer loop
      vertex 4.25333 3.033 1.2
      vertex 4.56099 14.9184 1.2
      vertex 4.29994 14.9957 1.2
    endloop
  endfacet
  facet normal 0 0 1
    outer loop
      vertex 9.38831 12.4587 1.2
      vertex 4.25333 3.033 1.2
      vertex 13.6956 8.48453 1.2
    endloop
  endfacet
  facet normal 0 0 1
    outer loop
      vertex 4.03757 15.0684 1.2
      vertex 4.25333 3.033 1.2
      vertex 4.29994 14.9957 1.2
    endloop
  endfacet
  facet normal 0 0 1
    outer loop
      vertex 3.77397 15.1366 1.2
      vertex 4.25333 3.033 1.2
      vertex 4.03757 15.0684 1.2
    endloop
  endfacet
  facet normal 0 0 1
    outer loop
      vertex 3.50923 15.2002 1.2
      vertex 4.25333 3.033 1.2
      vertex 3.77397 15.1366 1.2
    endloop
  endfacet
  facet normal 0 0 1
    outer loop
      vertex 3.24341 15.2591 1.2
      vertex 4.25333 3.033 1.2
      vertex 3.50923 15.2002 1.2
    endloop
  endfacet
  facet normal 0 0 1
    outer loop
      vertex 3.10002 15.2883 1.2
      vertex 4.25333 3.033 1.2
      vertex 3.24341 15.2591 1.2
    endloop
  endfacet
  facet normal 0 0 1
    outer loop
      vertex -4.25333 3.033 1.2
      vertex 4.25333 3.033 1.2
      vertex 3.10002 15.2883 1.2
    endloop
  endfacet
  facet normal 0 0 1
    outer loop
      vertex 4.25333 3.033 1.2
      vertex -4.25333 3.033 1.2
      vertex 4.07031 2.84998 1.2
    endloop
  endfacet
  facet normal 0 0 1
    outer loop
      vertex 22.028 7.15732 1.2
      vertex 18.4342 7.5322 1.2
      vertex 18.4878 7.3322 1.2
    endloop
  endfacet
  facet normal 0 0 1
    outer loop
      vertex 19.2213 10.5201 1.2
      vertex 18.2878 7.6786 1.2
      vertex 18.4342 7.5322 1.2
    endloop
  endfacet
  facet normal 0 0 1
    outer loop
      vertex 19.2213 10.5201 1.2
      vertex 18.0878 7.73219 1.2
      vertex 18.2878 7.6786 1.2
    endloop
  endfacet
  facet normal 0 -0 1
    outer loop
      vertex 18.0878 7.73219 1.2
      vertex 19.2213 10.5201 1.2
      vertex 15.2571 8.23134 1.2
    endloop
  endfacet
  facet normal 0 0 1
    outer loop
      vertex 23.2552 15.6859 1.2
      vertex 20.7659 15.1 1.2
      vertex 20.8195 14.9 1.2
    endloop
  endfacet
  facet normal 0 0 1
    outer loop
      vertex 20.9739 16.9844 1.2
      vertex 20.6195 15.2464 1.2
      vertex 20.7659 15.1 1.2
    endloop
  endfacet
  facet normal 0 0 1
    outer loop
      vertex 20.9739 16.9844 1.2
      vertex 20.4195 15.3 1.2
      vertex 20.6195 15.2464 1.2
    endloop
  endfacet
  facet normal -0 0 1
    outer loop
      vertex 19.1677 16.0836 1.2
      vertex 20.4195 15.3 1.2
      vertex 20.9739 16.9844 1.2
    endloop
  endfacet
  facet normal 0 0 1
    outer loop
      vertex 20.4195 15.3 1.2
      vertex 19.1677 16.0836 1.2
      vertex 20.2195 15.2464 1.2
    endloop
  endfacet
  facet normal 0 0 1
    outer loop
      vertex 20.2195 15.2464 1.2
      vertex 19.1677 16.0836 1.2
      vertex 20.0731 15.1 1.2
    endloop
  endfacet
  facet normal -0 0 1
    outer loop
      vertex 17.8158 15.487 1.2
      vertex 20.0731 15.1 1.2
      vertex 19.1677 16.0836 1.2
    endloop
  endfacet
  facet normal 0 0 1
    outer loop
      vertex 20.0731 15.1 1.2
      vertex 17.8158 15.487 1.2
      vertex 18.7213 11.3861 1.2
    endloop
  endfacet
  facet normal 0 0 1
    outer loop
      vertex 15.7402 12.1984 1.2
      vertex 17.8158 15.487 1.2
      vertex 17.2124 15.4981 1.2
    endloop
  endfacet
  facet normal 0 0 1
    outer loop
      vertex 16.5051 16.5051 1.2
      vertex 17.1443 15.9873 1.2
      vertex 17.0716 16.4858 1.2
    endloop
  endfacet
  facet normal 0 0 1
    outer loop
      vertex 17.1443 15.9873 1.2
      vertex 16.5051 16.5051 1.2
      vertex 17.2124 15.4981 1.2
    endloop
  endfacet
  facet normal -0 0 1
    outer loop
      vertex 15.3185 15.8627 1.2
      vertex 17.2124 15.4981 1.2
      vertex 16.5051 16.5051 1.2
    endloop
  endfacet
  facet normal -0 0 1
    outer loop
      vertex 15.7402 12.1984 1.2
      vertex 18.7213 11.3861 1.2
      vertex 17.8158 15.487 1.2
    endloop
  endfacet
  facet normal -0 0 1
    outer loop
      vertex 15.7402 11.7984 1.2
      vertex 18.7213 11.3861 1.2
      vertex 15.7938 11.9984 1.2
    endloop
  endfacet
  facet normal 0 0 1
    outer loop
      vertex 18.7213 11.3861 1.2
      vertex 15.7402 11.7984 1.2
      vertex 14.7571 9.09735 1.2
    endloop
  endfacet
  facet normal 0 0 1
    outer loop
      vertex 22.4176 6.85374 1.2
      vertex 22.5464 6.04129 1.2
      vertex 22.8129 6.54149 1.2
    endloop
  endfacet
  facet normal 0 0 1
    outer loop
      vertex 22.028 7.15732 1.2
      vertex 22.5464 6.04129 1.2
      vertex 22.4176 6.85374 1.2
    endloop
  endfacet
  facet normal 0 0 1
    outer loop
      vertex 22.5464 6.04129 1.2
      vertex 22.028 7.15732 1.2
      vertex 21.3967 5.33481 1.2
    endloop
  endfacet
  facet normal 0 0 1
    outer loop
      vertex 4.75333 2.16698 1.2
      vertex 15.6 0 1.2
      vertex 15.5976 0.272247 1.2
    endloop
  endfacet
  facet normal 0 0 1
    outer loop
      vertex 4.75333 2.16698 1.2
      vertex 15.5976 0.272247 1.2
      vertex 15.5905 0.544418 1.2
    endloop
  endfacet
  facet normal 0 0 1
    outer loop
      vertex 15.6 0 1.2
      vertex 4.75333 2.16698 1.2
      vertex 15.5976 -0.272247 1.2
    endloop
  endfacet
  facet normal 0 0 1
    outer loop
      vertex 4.75333 2.16698 1.2
      vertex 15.5905 0.544418 1.2
      vertex 15.5786 0.816437 1.2
    endloop
  endfacet
  facet normal 0 0 1
    outer loop
      vertex 15.5976 -0.272247 1.2
      vertex 4.75333 2.16698 1.2
      vertex 15.5905 -0.544418 1.2
    endloop
  endfacet
  facet normal 0 0 1
    outer loop
      vertex 4.75333 2.16698 1.2
      vertex 15.5786 0.816437 1.2
      vertex 15.562 1.0882 1.2
    endloop
  endfacet
  facet normal 0 0 1
    outer loop
      vertex 15.5905 -0.544418 1.2
      vertex 4.75333 2.16698 1.2
      vertex 15.5786 -0.816437 1.2
    endloop
  endfacet
  facet normal 0 0 1
    outer loop
      vertex 4.75333 2.16698 1.2
      vertex 15.562 1.0882 1.2
      vertex 15.5406 1.35962 1.2
    endloop
  endfacet
  facet normal 0 0 1
    outer loop
      vertex 4.54637 -2.57301 1.2
      vertex 15.5786 -0.816437 1.2
      vertex 4.75333 2.16698 1.2
    endloop
  endfacet
  facet normal 0 0 1
    outer loop
      vertex 4.75333 2.16698 1.2
      vertex 15.5406 1.35962 1.2
      vertex 15.5145 1.63063 1.2
    endloop
  endfacet
  facet normal -0 0 1
    outer loop
      vertex 22.5953 17.6534 1.2
      vertex 23.498 17.0723 1.2
      vertex 23.4667 17.6834 1.2
    endloop
  endfacet
  facet normal 0 0 1
    outer loop
      vertex 23.498 17.0723 1.2
      vertex 22.5953 17.6534 1.2
      vertex 23.173 16.2259 1.2
    endloop
  endfacet
  facet normal 0 0 1
    outer loop
      vertex 32.941 -10.7032 1.2
      vertex 32.8228 -11.9465 1.2
      vertex 33.2958 -11.4647 1.2
    endloop
  endfacet
  facet normal 0 0 1
    outer loop
      vertex 32.941 -10.7032 1.2
      vertex 32.1515 -12.3418 1.2
      vertex 32.8228 -11.9465 1.2
    endloop
  endfacet
  facet normal 0 0 1
    outer loop
      vertex 26.1521 -13.0089 1.2
      vertex 32.1515 -12.3418 1.2
      vertex 31.5633 -9.64986 1.2
    endloop
  endfacet
  facet normal 0 0 1
    outer loop
      vertex 31.5633 -9.64986 1.2
      vertex 32.1515 -12.3418 1.2
      vertex 32.941 -10.7032 1.2
    endloop
  endfacet
  facet normal 0 0 1
    outer loop
      vertex 36.7563 -17.1397 1.2
      vertex 33.206 -17.948 1.2
      vertex 33.242 -18.1519 1.2
    endloop
  endfacet
  facet normal 0 0 1
    outer loop
      vertex 34.6711 -15.4366 1.2
      vertex 33.073 -17.7894 1.2
      vertex 33.206 -17.948 1.2
    endloop
  endfacet
  facet normal 0 0 1
    outer loop
      vertex 32.8784 -17.7186 1.2
      vertex 34.6711 -15.4366 1.2
      vertex 32.8925 -13.962 1.2
    endloop
  endfacet
  facet normal 0 0 1
    outer loop
      vertex 34.6711 -15.4366 1.2
      vertex 32.8784 -17.7186 1.2
      vertex 33.073 -17.7894 1.2
    endloop
  endfacet
  facet normal 0 0 1
    outer loop
      vertex 32.0231 -12.9382 1.2
      vertex 32.8784 -17.7186 1.2
      vertex 32.8925 -13.962 1.2
    endloop
  endfacet
  facet normal 0 0 1
    outer loop
      vertex 26.1521 -13.0089 1.2
      vertex 31.5633 -9.64986 1.2
      vertex 29.4827 -8.45403 1.2
    endloop
  endfacet
  facet normal 0 0 1
    outer loop
      vertex 32.1515 -12.3418 1.2
      vertex 26.1521 -13.0089 1.2
      vertex 32.0231 -12.9382 1.2
    endloop
  endfacet
  facet normal 0 0 1
    outer loop
      vertex 26.0191 -12.8503 1.2
      vertex 29.4827 -8.45403 1.2
      vertex 27.34 -7.32571 1.2
    endloop
  endfacet
  facet normal 0 0 1
    outer loop
      vertex 32.0231 -12.9382 1.2
      vertex 26.1521 -13.0089 1.2
      vertex 26.1881 -13.2128 1.2
    endloop
  endfacet
  facet normal 0 -0 1
    outer loop
      vertex 26.9209 -18.2398 1.2
      vertex 32.0231 -12.9382 1.2
      vertex 26.1173 -13.4073 1.2
    endloop
  endfacet
  facet normal 0 0 1
    outer loop
      vertex 26.1173 -13.4073 1.2
      vertex 32.0231 -12.9382 1.2
      vertex 26.1881 -13.2128 1.2
    endloop
  endfacet
  facet normal 0 0 1
    outer loop
      vertex 29.4827 -8.45403 1.2
      vertex 26.0191 -12.8503 1.2
      vertex 26.1521 -13.0089 1.2
    endloop
  endfacet
  facet normal 0 0 1
    outer loop
      vertex 27.34 -7.32571 1.2
      vertex 25.8245 -12.7794 1.2
      vertex 26.0191 -12.8503 1.2
    endloop
  endfacet
  facet normal 0 0 1
    outer loop
      vertex 25.7425 -6.41832 1.2
      vertex 25.8245 -12.7794 1.2
      vertex 27.34 -7.32571 1.2
    endloop
  endfacet
  facet normal 0 0 1
    outer loop
      vertex 19.867 -13.3006 1.2
      vertex 25.7425 -6.41832 1.2
      vertex 24.9466 -5.75937 1.2
    endloop
  endfacet
  facet normal 0 0 1
    outer loop
      vertex 22.5133 -3.56575 1.2
      vertex 24.9466 -5.75937 1.2
      vertex 24.7433 -5.25935 1.2
    endloop
  endfacet
  facet normal 0 0 1
    outer loop
      vertex 23.95 -4.22302 1.2
      vertex 24.7433 -5.25935 1.2
      vertex 24.5972 -4.78122 1.2
    endloop
  endfacet
  facet normal 0 0 1
    outer loop
      vertex 24.7433 -5.25935 1.2
      vertex 23.95 -4.22302 1.2
      vertex 22.5133 -3.56575 1.2
    endloop
  endfacet
  facet normal 0 0 1
    outer loop
      vertex 24.9466 -5.75937 1.2
      vertex 22.5133 -3.56575 1.2
      vertex 19.867 -13.3006 1.2
    endloop
  endfacet
  facet normal 0 0 1
    outer loop
      vertex 19.867 -13.3006 1.2
      vertex 22.5133 -3.56575 1.2
      vertex 20.3937 -2.86615 1.2
    endloop
  endfacet
  facet normal 0 0 1
    outer loop
      vertex 25.7425 -6.41832 1.2
      vertex 19.867 -13.3006 1.2
      vertex 25.8245 -12.7794 1.2
    endloop
  endfacet
  facet normal 0 0 1
    outer loop
      vertex 17.9896 -2.20883 1.2
      vertex 19.867 -13.3006 1.2
      vertex 20.3937 -2.86615 1.2
    endloop
  endfacet
  facet normal 0 0 1
    outer loop
      vertex 15.7321 -1.6535 1.2
      vertex 19.867 -13.3006 1.2
      vertex 17.9896 -2.20883 1.2
    endloop
  endfacet
  facet normal 0 0 1
    outer loop
      vertex 4.54637 -2.57301 1.2
      vertex 15.7321 -1.6535 1.2
      vertex 15.5406 -1.35962 1.2
    endloop
  endfacet
  facet normal 0 0 1
    outer loop
      vertex 4.75333 2.16698 1.2
      vertex 15.5145 1.63063 1.2
      vertex 15.4837 1.90115 1.2
    endloop
  endfacet
  facet normal -0 0 1
    outer loop
      vertex 4.75333 2.16698 1.2
      vertex 15.4837 1.90115 1.2
      vertex 14.1956 7.6185 1.2
    endloop
  endfacet
  facet normal 0 0 1
    outer loop
      vertex 15.5786 -0.816437 1.2
      vertex 4.54637 -2.57301 1.2
      vertex 15.562 -1.0882 1.2
    endloop
  endfacet
  facet normal 0 0 1
    outer loop
      vertex 15.562 -1.0882 1.2
      vertex 4.54637 -2.57301 1.2
      vertex 15.5406 -1.35962 1.2
    endloop
  endfacet
  facet normal 0 0 1
    outer loop
      vertex 15.7321 -1.6535 1.2
      vertex 4.54637 -2.57301 1.2
      vertex 19.867 -13.3006 1.2
    endloop
  endfacet
  facet normal -0 0 1
    outer loop
      vertex 4.50331 2.10001 1.2
      vertex 4.54637 -2.57301 1.2
      vertex 4.75333 2.16698 1.2
    endloop
  endfacet
  facet normal 0 0 1
    outer loop
      vertex 4.50331 2.10001 1.2
      vertex 4.30315 -2.4845 1.2
      vertex 4.54637 -2.57301 1.2
    endloop
  endfacet
  facet normal 0 0 1
    outer loop
      vertex 4.25333 2.16698 1.2
      vertex 4.30315 -2.4845 1.2
      vertex 4.50331 2.10001 1.2
    endloop
  endfacet
  facet normal 0 0 1
    outer loop
      vertex 4.04826 -2.52943 1.2
      vertex 4.25333 2.16698 1.2
      vertex 4.07031 2.34999 1.2
    endloop
  endfacet
  facet normal 0 0 1
    outer loop
      vertex 4.25333 2.16698 1.2
      vertex 4.04826 -2.52943 1.2
      vertex 4.30315 -2.4845 1.2
    endloop
  endfacet
  facet normal 0 0 1
    outer loop
      vertex 3.85001 -2.6958 1.2
      vertex 4.07031 2.34999 1.2
      vertex 4.00333 2.59999 1.2
    endloop
  endfacet
  facet normal 0 0 1
    outer loop
      vertex 4.07031 2.34999 1.2
      vertex 3.85001 -2.6958 1.2
      vertex 4.04826 -2.52943 1.2
    endloop
  endfacet
  facet normal 0 0 1
    outer loop
      vertex 40.7452 -27.483 1.2
      vertex 39.7613 -28.8882 1.2
      vertex 41.5395 -29.0863 1.2
    endloop
  endfacet
  facet normal 0 0 1
    outer loop
      vertex 39.0211 -25.3406 1.2
      vertex 39.7613 -28.8882 1.2
      vertex 40.7452 -27.483 1.2
    endloop
  endfacet
  facet normal -0 0 1
    outer loop
      vertex 35.7675 -24.7395 1.2
      vertex 39.0211 -25.3406 1.2
      vertex 37.1666 -23.2243 1.2
    endloop
  endfacet
  facet normal 0 0 1
    outer loop
      vertex 39.0211 -25.3406 1.2
      vertex 37.1584 -28.0008 1.2
      vertex 39.7613 -28.8882 1.2
    endloop
  endfacet
  facet normal 0 0 1
    outer loop
      vertex 35.5562 -24.2863 1.2
      vertex 37.1666 -23.2243 1.2
      vertex 36.0213 -21.6438 1.2
    endloop
  endfacet
  facet normal -0 0 1
    outer loop
      vertex 35.679 -24.9827 1.2
      vertex 39.0211 -25.3406 1.2
      vertex 35.7675 -24.7395 1.2
    endloop
  endfacet
  facet normal 0 0 1
    outer loop
      vertex 39.0211 -25.3406 1.2
      vertex 35.679 -24.9827 1.2
      vertex 37.1584 -28.0008 1.2
    endloop
  endfacet
  facet normal -0 0 1
    outer loop
      vertex 35.4807 -25.149 1.2
      vertex 37.1584 -28.0008 1.2
      vertex 35.679 -24.9827 1.2
    endloop
  endfacet
  facet normal 0 0 1
    outer loop
      vertex 34.5354 -26.982 1.2
      vertex 35.4807 -25.149 1.2
      vertex 35.2258 -25.194 1.2
    endloop
  endfacet
  facet normal 0 0 1
    outer loop
      vertex 34.5354 -26.982 1.2
      vertex 35.2258 -25.194 1.2
      vertex 34.9826 -25.1055 1.2
    endloop
  endfacet
  facet normal 0 0 1
    outer loop
      vertex 35.4807 -25.149 1.2
      vertex 34.5354 -26.982 1.2
      vertex 37.1584 -28.0008 1.2
    endloop
  endfacet
  facet normal 0 0 1
    outer loop
      vertex 34.9826 -25.1055 1.2
      vertex 32.6585 -26.4464 1.2
      vertex 34.5354 -26.982 1.2
    endloop
  endfacet
  facet normal 0 0 1
    outer loop
      vertex 28.6202 -24.4973 1.2
      vertex 32.6585 -26.4464 1.2
      vertex 34.9826 -25.1055 1.2
    endloop
  endfacet
  facet normal 0 0 1
    outer loop
      vertex 31.9157 -27.7439 1.2
      vertex 28.6775 -28.6775 1.2
      vertex 30.6847 -29.6318 1.2
    endloop
  endfacet
  facet normal -0 0 1
    outer loop
      vertex 28.5853 -24.8958 1.2
      vertex 31.8648 -26.7377 1.2
      vertex 28.6561 -24.7013 1.2
    endloop
  endfacet
  facet normal 0 0 1
    outer loop
      vertex 32.6585 -26.4464 1.2
      vertex 28.6202 -24.4973 1.2
      vertex 31.8648 -26.7377 1.2
    endloop
  endfacet
  facet normal 0 0 1
    outer loop
      vertex 31.8648 -26.7377 1.2
      vertex 28.6202 -24.4973 1.2
      vertex 28.6561 -24.7013 1.2
    endloop
  endfacet
  facet normal -0 -0 1
    outer loop
      vertex 28.6202 -24.4973 1.2
      vertex 34.9826 -25.1055 1.2
      vertex 27.3513 -19.762 1.2
    endloop
  endfacet
  facet normal 0 0 1
    outer loop
      vertex 38.3396 -18.6995 1.2
      vertex 38.2054 -20.3142 1.2
      vertex 38.8362 -19.788 1.2
    endloop
  endfacet
  facet normal 0 0 1
    outer loop
      vertex 38.3396 -18.6995 1.2
      vertex 36.9865 -20.502 1.2
      vertex 38.2054 -20.3142 1.2
    endloop
  endfacet
  facet normal 0 0 1
    outer loop
      vertex 36.7563 -17.1397 1.2
      vertex 36.9865 -20.502 1.2
      vertex 38.3396 -18.6995 1.2
    endloop
  endfacet
  facet normal 0 0 1
    outer loop
      vertex 36.7563 -17.1397 1.2
      vertex 36.0236 -20.7982 1.2
      vertex 36.9865 -20.502 1.2
    endloop
  endfacet
  facet normal 0 0 1
    outer loop
      vertex 32.8087 -18.5156 1.2
      vertex 36.0213 -21.6438 1.2
      vertex 36.0236 -20.7982 1.2
    endloop
  endfacet
  facet normal 0 0 1
    outer loop
      vertex 37.1666 -23.2243 1.2
      vertex 35.7225 -24.4846 1.2
      vertex 35.7675 -24.7395 1.2
    endloop
  endfacet
  facet normal 0 0 1
    outer loop
      vertex 37.1666 -23.2243 1.2
      vertex 35.5562 -24.2863 1.2
      vertex 35.7225 -24.4846 1.2
    endloop
  endfacet
  facet normal 0 0 1
    outer loop
      vertex 33.206 -17.948 1.2
      vertex 36.7563 -17.1397 1.2
      vertex 34.6711 -15.4366 1.2
    endloop
  endfacet
  facet normal 0 0 1
    outer loop
      vertex 36.7563 -17.1397 1.2
      vertex 33.242 -18.1519 1.2
      vertex 36.0236 -20.7982 1.2
    endloop
  endfacet
  facet normal -0 0 1
    outer loop
      vertex 33.1712 -18.3465 1.2
      vertex 36.0236 -20.7982 1.2
      vertex 33.242 -18.1519 1.2
    endloop
  endfacet
  facet normal -0 0 1
    outer loop
      vertex 33.0126 -18.4796 1.2
      vertex 36.0236 -20.7982 1.2
      vertex 33.1712 -18.3465 1.2
    endloop
  endfacet
  facet normal -0 0 1
    outer loop
      vertex 32.8087 -18.5156 1.2
      vertex 36.0236 -20.7982 1.2
      vertex 33.0126 -18.4796 1.2
    endloop
  endfacet
  facet normal 0 0 1
    outer loop
      vertex 36.0213 -21.6438 1.2
      vertex 32.8087 -18.5156 1.2
      vertex 35.5562 -24.2863 1.2
    endloop
  endfacet
  facet normal 0 0 1
    outer loop
      vertex 35.5562 -24.2863 1.2
      vertex 32.8087 -18.5156 1.2
      vertex 27.9249 -18.9428 1.2
    endloop
  endfacet
  facet normal -0 0 1
    outer loop
      vertex 28.2135 16.9524 1.2
      vertex 28.788 15.9574 1.2
      vertex 29.5959 17.0872 1.2
    endloop
  endfacet
  facet normal 0 0 1
    outer loop
      vertex 28.2135 16.9524 1.2
      vertex 27.2344 14.4808 1.2
      vertex 28.788 15.9574 1.2
    endloop
  endfacet
  facet normal -0 0 1
    outer loop
      vertex 26.1579 16.3453 1.2
      vertex 27.2344 14.4808 1.2
      vertex 28.2135 16.9524 1.2
    endloop
  endfacet
  facet normal -0 0 1
    outer loop
      vertex 25.5616 14.758 1.2
      vertex 27.2344 14.4808 1.2
      vertex 26.1579 16.3453 1.2
    endloop
  endfacet
  facet normal 0 0 1
    outer loop
      vertex 25.5616 14.258 1.2
      vertex 27.2344 14.4808 1.2
      vertex 25.6286 14.508 1.2
    endloop
  endfacet
  facet normal 0 0 1
    outer loop
      vertex 27.2344 14.4808 1.2
      vertex 25.5616 14.758 1.2
      vertex 25.6286 14.508 1.2
    endloop
  endfacet
  facet normal 0 0 1
    outer loop
      vertex 26.1579 16.3453 1.2
      vertex 25.3786 14.941 1.2
      vertex 25.5616 14.758 1.2
    endloop
  endfacet
  facet normal 0 0 1
    outer loop
      vertex 26.1579 16.3453 1.2
      vertex 25.1286 15.008 1.2
      vertex 25.3786 14.941 1.2
    endloop
  endfacet
  facet normal -0 0 1
    outer loop
      vertex 24.2778 15.7662 1.2
      vertex 25.1286 15.008 1.2
      vertex 26.1579 16.3453 1.2
    endloop
  endfacet
  facet normal 0 0 1
    outer loop
      vertex 25.1286 15.008 1.2
      vertex 24.2778 15.7662 1.2
      vertex 24.8786 14.941 1.2
    endloop
  endfacet
  facet normal -0 0 1
    outer loop
      vertex 23.2552 15.6859 1.2
      vertex 24.8786 14.941 1.2
      vertex 24.2778 15.7662 1.2
    endloop
  endfacet
  facet normal -0 0 1
    outer loop
      vertex 20.9739 16.9844 1.2
      vertex 23.173 16.2259 1.2
      vertex 22.5953 17.6534 1.2
    endloop
  endfacet
  facet normal 0 0 1
    outer loop
      vertex 20.7659 15.1 1.2
      vertex 23.173 16.2259 1.2
      vertex 20.9739 16.9844 1.2
    endloop
  endfacet
  facet normal 0 0 1
    outer loop
      vertex 20.7659 15.1 1.2
      vertex 23.2552 15.6859 1.2
      vertex 23.173 16.2259 1.2
    endloop
  endfacet
  facet normal 0 0 1
    outer loop
      vertex 20.7659 14.7 1.2
      vertex 23.2552 15.6859 1.2
      vertex 20.8195 14.9 1.2
    endloop
  endfacet
  facet normal 0 0 1
    outer loop
      vertex 23.2552 15.6859 1.2
      vertex 20.7659 14.7 1.2
      vertex 24.8786 14.941 1.2
    endloop
  endfacet
  facet normal 0 0 1
    outer loop
      vertex 24.8786 14.941 1.2
      vertex 20.7659 14.7 1.2
      vertex 19.7828 11.9989 1.2
    endloop
  endfacet
  facet normal 0 0 1
    outer loop
      vertex 27.2344 14.4808 1.2
      vertex 25.5616 14.258 1.2
      vertex 25.7928 13.1421 1.2
    endloop
  endfacet
  facet normal -0 0 1
    outer loop
      vertex 25.3786 14.075 1.2
      vertex 25.7928 13.1421 1.2
      vertex 25.5616 14.258 1.2
    endloop
  endfacet
  facet normal 0 0 1
    outer loop
      vertex 25.3786 14.075 1.2
      vertex 25.212 12.2967 1.2
      vertex 25.7928 13.1421 1.2
    endloop
  endfacet
  facet normal 0 0 1
    outer loop
      vertex 25.6385 11.9554 1.2
      vertex 23.5136 10.2338 1.2
      vertex 25.1958 9.67178 1.2
    endloop
  endfacet
  facet normal 0 0 1
    outer loop
      vertex 23.1136 10.6338 1.2
      vertex 25.212 12.2967 1.2
      vertex 25.3786 14.075 1.2
    endloop
  endfacet
  facet normal 0 0 1
    outer loop
      vertex 25.6385 11.9554 1.2
      vertex 23.46 10.4338 1.2
      vertex 23.5136 10.2338 1.2
    endloop
  endfacet
  facet normal 0 0 1
    outer loop
      vertex 25.212 12.2967 1.2
      vertex 23.3136 10.5802 1.2
      vertex 23.46 10.4338 1.2
    endloop
  endfacet
  facet normal 0 0 1
    outer loop
      vertex 25.212 12.2967 1.2
      vertex 23.1136 10.6338 1.2
      vertex 23.3136 10.5802 1.2
    endloop
  endfacet
  facet normal 0 -0 1
    outer loop
      vertex 23.1136 10.6338 1.2
      vertex 25.3786 14.075 1.2
      vertex 20.2828 11.1329 1.2
    endloop
  endfacet
  facet normal 0 0 1
    outer loop
      vertex 26.534 11.8137 1.2
      vertex 26.5859 10.7414 1.2
      vertex 27.0477 11.481 1.2
    endloop
  endfacet
  facet normal 0 0 1
    outer loop
      vertex 25.6385 11.9554 1.2
      vertex 26.5859 10.7414 1.2
      vertex 26.534 11.8137 1.2
    endloop
  endfacet
  facet normal 0 0 1
    outer loop
      vertex 23.46 10.4338 1.2
      vertex 25.6385 11.9554 1.2
      vertex 25.212 12.2967 1.2
    endloop
  endfacet
  facet normal 0 0 1
    outer loop
      vertex 25.6385 11.9554 1.2
      vertex 25.1958 9.67178 1.2
      vertex 26.5859 10.7414 1.2
    endloop
  endfacet
  facet normal -0 0 1
    outer loop
      vertex 23.46 10.0338 1.2
      vertex 25.1958 9.67178 1.2
      vertex 23.5136 10.2338 1.2
    endloop
  endfacet
  facet normal 0 0 1
    outer loop
      vertex 25.1958 9.67178 1.2
      vertex 23.46 10.0338 1.2
      vertex 23.5127 8.55791 1.2
    endloop
  endfacet
  facet normal -0 0 1
    outer loop
      vertex 23.3136 9.88739 1.2
      vertex 23.5127 8.55791 1.2
      vertex 23.46 10.0338 1.2
    endloop
  endfacet
  facet normal -0 0 1
    outer loop
      vertex 23.1136 9.8338 1.2
      vertex 23.5127 8.55791 1.2
      vertex 23.3136 9.88739 1.2
    endloop
  endfacet
  facet normal 0 0 1
    outer loop
      vertex 23.1136 9.8338 1.2
      vertex 22.3201 7.68542 1.2
      vertex 23.5127 8.55791 1.2
    endloop
  endfacet
  facet normal 0 0 1
    outer loop
      vertex 19.2213 10.5201 1.2
      vertex 22.3201 7.68542 1.2
      vertex 23.1136 9.8338 1.2
    endloop
  endfacet
  facet normal -0 0 1
    outer loop
      vertex 18.4342 7.1322 1.2
      vertex 21.3967 5.33481 1.2
      vertex 22.028 7.15732 1.2
    endloop
  endfacet
  facet normal 0 0 1
    outer loop
      vertex 18.4342 7.5322 1.2
      vertex 22.3201 7.68542 1.2
      vertex 19.2213 10.5201 1.2
    endloop
  endfacet
  facet normal -0 0 1
    outer loop
      vertex 18.4342 7.5322 1.2
      vertex 22.028 7.15732 1.2
      vertex 22.3201 7.68542 1.2
    endloop
  endfacet
  facet normal 0 0 1
    outer loop
      vertex 18.4342 7.1322 1.2
      vertex 22.028 7.15732 1.2
      vertex 18.4878 7.3322 1.2
    endloop
  endfacet
  facet normal 0 0 1
    outer loop
      vertex 21.3967 5.33481 1.2
      vertex 18.4342 7.1322 1.2
      vertex 19.7078 4.5499 1.2
    endloop
  endfacet
  facet normal -0 0 1
    outer loop
      vertex 18.2878 6.98579 1.2
      vertex 19.7078 4.5499 1.2
      vertex 18.4342 7.1322 1.2
    endloop
  endfacet
  facet normal -0 0 1
    outer loop
      vertex 18.0878 6.93221 1.2
      vertex 19.7078 4.5499 1.2
      vertex 18.2878 6.98579 1.2
    endloop
  endfacet
  facet normal 0 0 1
    outer loop
      vertex 19.7078 4.5499 1.2
      vertex 18.0878 6.93221 1.2
      vertex 18.1268 3.85298 1.2
    endloop
  endfacet
  facet normal 0 0 1
    outer loop
      vertex 18.0878 6.93221 1.2
      vertex 17.1563 3.33484 1.2
      vertex 18.1268 3.85298 1.2
    endloop
  endfacet
  facet normal 0 0 1
    outer loop
      vertex 14.1956 7.6185 1.2
      vertex 17.1563 3.33484 1.2
      vertex 18.0878 6.93221 1.2
    endloop
  endfacet
  facet normal 0 0 1
    outer loop
      vertex 17.1563 3.33484 1.2
      vertex 14.1956 7.6185 1.2
      vertex 16.8307 2.9677 1.2
    endloop
  endfacet
  facet normal 0 -0 1
    outer loop
      vertex 15.4837 1.90115 1.2
      vertex 16.8307 2.9677 1.2
      vertex 14.1956 7.6185 1.2
    endloop
  endfacet
  facet normal 0 0 1
    outer loop
      vertex 16.8307 2.9677 1.2
      vertex 16.2782 2.28773 1.2
      vertex 16.7267 2.64925 1.2
    endloop
  endfacet
  facet normal 0 0 1
    outer loop
      vertex 16.8307 2.9677 1.2
      vertex 15.4837 1.90115 1.2
      vertex 16.2782 2.28773 1.2
    endloop
  endfacet
  facet normal 0 0 1
    outer loop
      vertex 30.6847 -29.6318 1.2
      vertex 32.1561 -28.9535 1.2
      vertex 31.9157 -27.7439 1.2
    endloop
  endfacet
  facet normal 0 0 1
    outer loop
      vertex 28.6775 -28.6775 1.2
      vertex 31.9157 -27.7439 1.2
      vertex 31.8648 -26.7377 1.2
    endloop
  endfacet
  facet normal 0 0 1
    outer loop
      vertex 32.1561 -28.9535 1.2
      vertex 30.6847 -29.6318 1.2
      vertex 31.8774 -29.7262 1.2
    endloop
  endfacet
  facet normal -0 0 1
    outer loop
      vertex 28.4267 -25.0289 1.2
      vertex 31.8648 -26.7377 1.2
      vertex 28.5853 -24.8958 1.2
    endloop
  endfacet
  facet normal 0 0 1
    outer loop
      vertex 31.8648 -26.7377 1.2
      vertex 28.4267 -25.0289 1.2
      vertex 28.6775 -28.6775 1.2
    endloop
  endfacet
  facet normal -0 0 1
    outer loop
      vertex 28.2228 -25.0649 1.2
      vertex 28.6775 -28.6775 1.2
      vertex 28.4267 -25.0289 1.2
    endloop
  endfacet
  facet normal 0 0 1
    outer loop
      vertex 26.3639 -27.3006 1.2
      vertex 28.2228 -25.0649 1.2
      vertex 28.0282 -24.9941 1.2
    endloop
  endfacet
  facet normal 0 0 1
    outer loop
      vertex 26.3639 -27.3006 1.2
      vertex 28.0282 -24.9941 1.2
      vertex 27.8951 -24.8354 1.2
    endloop
  endfacet
  facet normal 0 0 1
    outer loop
      vertex 28.2228 -25.0649 1.2
      vertex 26.3639 -27.3006 1.2
      vertex 28.6775 -28.6775 1.2
    endloop
  endfacet
  facet normal 0 0 1
    outer loop
      vertex 24.3699 -26.1335 1.2
      vertex 27.8951 -24.8354 1.2
      vertex 26.3473 -19.059 1.2
    endloop
  endfacet
  facet normal 0 0 1
    outer loop
      vertex 27.8951 -24.8354 1.2
      vertex 24.3699 -26.1335 1.2
      vertex 26.3639 -27.3006 1.2
    endloop
  endfacet
  facet normal 0 0 1
    outer loop
      vertex 26.3473 -19.059 1.2
      vertex 23.1105 -25.6668 1.2
      vertex 24.3699 -26.1335 1.2
    endloop
  endfacet
  facet normal -0 0 1
    outer loop
      vertex 21.5314 -19.9566 1.2
      vertex 23.1105 -25.6668 1.2
      vertex 26.3473 -19.059 1.2
    endloop
  endfacet
  facet normal 0 0 1
    outer loop
      vertex 21.3242 -27.2937 1.2
      vertex 22.4521 -26.7574 1.2
      vertex 22.594 -25.9914 1.2
    endloop
  endfacet
  facet normal -0 0 1
    outer loop
      vertex 21.3728 -20.0897 1.2
      vertex 23.1105 -25.6668 1.2
      vertex 21.5314 -19.9566 1.2
    endloop
  endfacet
  facet normal 0 0 1
    outer loop
      vertex 21.5314 -19.9566 1.2
      vertex 26.3473 -19.059 1.2
      vertex 21.6022 -19.7621 1.2
    endloop
  endfacet
  facet normal 0 0 1
    outer loop
      vertex 26.3473 -19.059 1.2
      vertex 21.5663 -19.5582 1.2
      vertex 21.6022 -19.7621 1.2
    endloop
  endfacet
  facet normal 0 -0 1
    outer loop
      vertex 21.5663 -19.5582 1.2
      vertex 26.3473 -19.059 1.2
      vertex 20.2974 -14.8228 1.2
    endloop
  endfacet
  facet normal 0 0 1
    outer loop
      vertex 32.0231 -12.9382 1.2
      vertex 26.9209 -18.2398 1.2
      vertex 32.8784 -17.7186 1.2
    endloop
  endfacet
  facet normal -0 0 1
    outer loop
      vertex 25.9587 -13.5404 1.2
      vertex 26.9209 -18.2398 1.2
      vertex 26.1173 -13.4073 1.2
    endloop
  endfacet
  facet normal -0 0 1
    outer loop
      vertex 25.7548 -13.5764 1.2
      vertex 26.9209 -18.2398 1.2
      vertex 25.9587 -13.5404 1.2
    endloop
  endfacet
  facet normal 0 0 1
    outer loop
      vertex 26.9209 -18.2398 1.2
      vertex 25.7548 -13.5764 1.2
      vertex 20.871 -14.0036 1.2
    endloop
  endfacet
  facet normal -0 0 1
    outer loop
      vertex 21.1689 -20.1257 1.2
      vertex 23.1105 -25.6668 1.2
      vertex 21.3728 -20.0897 1.2
    endloop
  endfacet
  facet normal 0 0 1
    outer loop
      vertex 23.1105 -25.6668 1.2
      vertex 21.1689 -20.1257 1.2
      vertex 22.594 -25.9914 1.2
    endloop
  endfacet
  facet normal 0 -0 1
    outer loop
      vertex 21.3242 -27.2937 1.2
      vertex 22.594 -25.9914 1.2
      vertex 19.8632 -26.3593 1.2
    endloop
  endfacet
  facet normal 0 0 1
    outer loop
      vertex 22.594 -25.9914 1.2
      vertex 21.1689 -20.1257 1.2
      vertex 19.8632 -26.3593 1.2
    endloop
  endfacet
  facet normal 0 0 1
    outer loop
      vertex 18.0279 -24.8132 1.2
      vertex 21.1689 -20.1257 1.2
      vertex 20.9743 -20.0549 1.2
    endloop
  endfacet
  facet normal 0 0 1
    outer loop
      vertex 16.2347 -23.1856 1.2
      vertex 20.9743 -20.0549 1.2
      vertex 20.8412 -19.8963 1.2
    endloop
  endfacet
  facet normal 0 0 1
    outer loop
      vertex 22.4521 -26.7574 1.2
      vertex 21.3242 -27.2937 1.2
      vertex 22.1611 -27.3667 1.2
    endloop
  endfacet
  facet normal 0 0 1
    outer loop
      vertex 14.8357 -21.9948 1.2
      vertex 20.8412 -19.8963 1.2
      vertex 19.2934 -14.1198 1.2
    endloop
  endfacet
  facet normal 0 0 1
    outer loop
      vertex 21.1689 -20.1257 1.2
      vertex 18.0279 -24.8132 1.2
      vertex 19.8632 -26.3593 1.2
    endloop
  endfacet
  facet normal 0 0 1
    outer loop
      vertex 20.9743 -20.0549 1.2
      vertex 16.2347 -23.1856 1.2
      vertex 18.0279 -24.8132 1.2
    endloop
  endfacet
  facet normal 0 0 1
    outer loop
      vertex 20.8412 -19.8963 1.2
      vertex 14.8357 -21.9948 1.2
      vertex 16.2347 -23.1856 1.2
    endloop
  endfacet
  facet normal 0 0 1
    outer loop
      vertex 19.2934 -14.1198 1.2
      vertex 13.9443 -21.4723 1.2
      vertex 14.8357 -21.9948 1.2
    endloop
  endfacet
  facet normal -0 0 1
    outer loop
      vertex 11.0507 -19.9361 1.2
      vertex 13.9443 -21.4723 1.2
      vertex 19.2934 -14.1198 1.2
    endloop
  endfacet
  facet normal 0 0 1
    outer loop
      vertex 13.9443 -21.4723 1.2
      vertex 11.0507 -19.9361 1.2
      vertex 13.4049 -21.4523 1.2
    endloop
  endfacet
  facet normal -0 -0 1
    outer loop
      vertex 12.1597 -21.0613 1.2
      vertex 13.4049 -21.4523 1.2
      vertex 11.0507 -19.9361 1.2
    endloop
  endfacet
  facet normal 0 0 1
    outer loop
      vertex 13.4049 -21.4523 1.2
      vertex 12.1597 -21.0613 1.2
      vertex 12.9056 -21.4786 1.2
    endloop
  endfacet
  facet normal 0 0 1
    outer loop
      vertex 4.69165 -30.9785 1.2
      vertex 10.934 -27.0626 1.2
      vertex 10.9491 -25.7946 1.2
    endloop
  endfacet
  facet normal 0 0 1
    outer loop
      vertex 11.1651 -20.9985 1.2
      vertex 0.5 -25.983 1.2
      vertex 10.9491 -25.7946 1.2
    endloop
  endfacet
  facet normal 0 0 1
    outer loop
      vertex 10.934 -27.0626 1.2
      vertex 9.70566 -36.222 1.2
      vertex 10.482 -36.555 1.2
    endloop
  endfacet
  facet normal 0 0 1
    outer loop
      vertex 10.934 -27.0626 1.2
      vertex 4.69165 -30.9785 1.2
      vertex 4.74524 -31.1785 1.2
    endloop
  endfacet
  facet normal 0 0 1
    outer loop
      vertex 10.934 -27.0626 1.2
      vertex 4.74524 -31.1785 1.2
      vertex 9.70566 -36.222 1.2
    endloop
  endfacet
  facet normal -0 0 1
    outer loop
      vertex 4.74524 -40.5385 1.2
      vertex 8.20358 -42.2038 1.2
      vertex 8.39081 -39.4756 1.2
    endloop
  endfacet
  facet normal -0 0 1
    outer loop
      vertex 4.54524 -40.8849 1.2
      vertex 8.20358 -42.2038 1.2
      vertex 4.69165 -40.7384 1.2
    endloop
  endfacet
  facet normal 0 0 1
    outer loop
      vertex 4.69165 -40.3385 1.2
      vertex 8.39081 -39.4756 1.2
      vertex 8.62723 -37.3687 1.2
    endloop
  endfacet
  facet normal -0 0 1
    outer loop
      vertex 4.69165 -31.3784 1.2
      vertex 9.054 -36.3136 1.2
      vertex 4.74524 -31.1785 1.2
    endloop
  endfacet
  facet normal -0 0 1
    outer loop
      vertex 4.54524 -31.5249 1.2
      vertex 9.054 -36.3136 1.2
      vertex 4.69165 -31.3784 1.2
    endloop
  endfacet
  facet normal 0 -0 1
    outer loop
      vertex 4.76935 -45.3774 1.2
      vertex 8.20358 -42.2038 1.2
      vertex 4.54524 -40.8849 1.2
    endloop
  endfacet
  facet normal 0 -0 1
    outer loop
      vertex 5.68527 -46.3029 1.2
      vertex 7.89693 -44.7858 1.2
      vertex 4.76935 -45.3774 1.2
    endloop
  endfacet
  facet normal 0 0 1
    outer loop
      vertex 8.20358 -42.2038 1.2
      vertex 4.74524 -40.5385 1.2
      vertex 4.69165 -40.7384 1.2
    endloop
  endfacet
  facet normal 0 0 1
    outer loop
      vertex 9.70566 -36.222 1.2
      vertex 4.74524 -31.1785 1.2
      vertex 9.054 -36.3136 1.2
    endloop
  endfacet
  facet normal 0 0 1
    outer loop
      vertex 3.97279 -3.39217 1.2
      vertex 11.0507 -19.9361 1.2
      vertex 19.2934 -14.1198 1.2
    endloop
  endfacet
  facet normal -0 0 1
    outer loop
      vertex 0.5 -5.2 1.2
      vertex 11.0507 -19.9361 1.2
      vertex 3.97279 -3.39217 1.2
    endloop
  endfacet
  facet normal 0 0 1
    outer loop
      vertex 0.5 -5.2 1.2
      vertex 3.97279 -3.39217 1.2
      vertex 3.80644 -3.19388 1.2
    endloop
  endfacet
  facet normal 0 0 1
    outer loop
      vertex 0.432999 -4.95 1.2
      vertex 3.80644 -3.19388 1.2
      vertex 3.76147 -2.93901 1.2
    endloop
  endfacet
  facet normal 0 0 1
    outer loop
      vertex -4.25333 3.033 1.2
      vertex 3.10002 15.2883 1.2
      vertex -3.10002 15.2883 1.2
    endloop
  endfacet
  facet normal 0 0 1
    outer loop
      vertex -4.25333 3.033 1.2
      vertex -3.10002 15.2883 1.2
      vertex -3.24341 15.2591 1.2
    endloop
  endfacet
  facet normal 0 -0 1
    outer loop
      vertex 0 -4.7 1.2
      vertex 3.85001 -2.6958 1.2
      vertex -3.76147 -2.93901 1.2
    endloop
  endfacet
  facet normal 0 0 1
    outer loop
      vertex 1.07847 41.8741 1.2
      vertex 2.85477 44.0385 1.2
      vertex 2.50006 44.3016 1.2
    endloop
  endfacet
  facet normal 0 0 1
    outer loop
      vertex 0.944468 41.9735 1.2
      vertex 2.50006 44.3016 1.2
      vertex 2.12128 44.5286 1.2
    endloop
  endfacet
  facet normal 0 0 1
    outer loop
      vertex 0.801374 42.0593 1.2
      vertex 2.12128 44.5286 1.2
      vertex 1.72206 44.7175 1.2
    endloop
  endfacet
  facet normal 0 0 1
    outer loop
      vertex 4.47832 40.1189 1.2
      vertex 1.7 40.56 1.2
      vertex 1.69181 40.3934 1.2
    endloop
  endfacet
  facet normal 0 0 1
    outer loop
      vertex 4.47832 40.1189 1.2
      vertex 1.69181 40.3934 1.2
      vertex 1.66733 40.2283 1.2
    endloop
  endfacet
  facet normal 0 0 1
    outer loop
      vertex 4.47832 40.1189 1.2
      vertex 1.66733 40.2283 1.2
      vertex 1.6268 40.0665 1.2
    endloop
  endfacet
  facet normal 0 0 1
    outer loop
      vertex 1.57059 39.9094 1.2
      vertex 4.47832 40.1189 1.2
      vertex 1.6268 40.0665 1.2
    endloop
  endfacet
  facet normal 0 0 1
    outer loop
      vertex 1.49927 39.7586 1.2
      vertex 4.47832 40.1189 1.2
      vertex 1.57059 39.9094 1.2
    endloop
  endfacet
  facet normal 0 0 1
    outer loop
      vertex 1.4135 39.6155 1.2
      vertex 4.47832 40.1189 1.2
      vertex 1.49927 39.7586 1.2
    endloop
  endfacet
  facet normal 0 0 1
    outer loop
      vertex 1.31412 39.4815 1.2
      vertex 4.47832 40.1189 1.2
      vertex 1.4135 39.6155 1.2
    endloop
  endfacet
  facet normal 0 0 1
    outer loop
      vertex 1.20208 39.3579 1.2
      vertex 4.47832 40.1189 1.2
      vertex 1.31412 39.4815 1.2
    endloop
  endfacet
  facet normal 0 0 1
    outer loop
      vertex 1.07847 39.2459 1.2
      vertex 4.47832 40.1189 1.2
      vertex 1.20208 39.3579 1.2
    endloop
  endfacet
  facet normal 0 0 1
    outer loop
      vertex 0.944468 39.1465 1.2
      vertex 4.47832 40.1189 1.2
      vertex 1.07847 39.2459 1.2
    endloop
  endfacet
  facet normal 0 0 1
    outer loop
      vertex 0.801374 39.0607 1.2
      vertex 4.47832 40.1189 1.2
      vertex 0.944468 39.1465 1.2
    endloop
  endfacet
  facet normal 0 0 1
    outer loop
      vertex 4.47832 40.1189 1.2
      vertex 0.801374 39.0607 1.2
      vertex 3.10002 15.2883 1.2
    endloop
  endfacet
  facet normal -0 0 1
    outer loop
      vertex 0.650561 38.9894 1.2
      vertex 3.10002 15.2883 1.2
      vertex 0.801374 39.0607 1.2
    endloop
  endfacet
  facet normal -0 0 1
    outer loop
      vertex 0.493484 38.9332 1.2
      vertex 3.10002 15.2883 1.2
      vertex 0.650561 38.9894 1.2
    endloop
  endfacet
  facet normal 0 0 1
    outer loop
      vertex 11.0507 -19.9361 1.2
      vertex 0.5 -5.2 1.2
      vertex 0.5 -25.983 1.2
    endloop
  endfacet
  facet normal 0 0 1
    outer loop
      vertex 10.9491 -25.7946 1.2
      vertex 0.5 -25.983 1.2
      vertex 4.69165 -30.9785 1.2
    endloop
  endfacet
  facet normal 0 0 1
    outer loop
      vertex -26.1521 -13.0089 1.2
      vertex -32.1515 -12.3418 1.2
      vertex -32.0231 -12.9382 1.2
    endloop
  endfacet
  facet normal -0 0 1
    outer loop
      vertex -32.941 -10.7032 1.2
      vertex -32.1515 -12.3418 1.2
      vertex -31.5633 -9.64986 1.2
    endloop
  endfacet
  facet normal 0 0 1
    outer loop
      vertex -32.1515 -12.3418 1.2
      vertex -32.941 -10.7032 1.2
      vertex -32.8228 -11.9465 1.2
    endloop
  endfacet
  facet normal 0 0 1
    outer loop
      vertex -32.8228 -11.9465 1.2
      vertex -32.941 -10.7032 1.2
      vertex -33.2958 -11.4647 1.2
    endloop
  endfacet
  facet normal 0 0 1
    outer loop
      vertex -28.5853 -24.8958 1.2
      vertex -30.6847 -29.6318 1.2
      vertex -28.6775 -28.6775 1.2
    endloop
  endfacet
  facet normal 0 0 1
    outer loop
      vertex -31.8648 -26.7377 1.2
      vertex -28.6561 -24.7013 1.2
      vertex -28.6202 -24.4973 1.2
    endloop
  endfacet
  facet normal 0 0 1
    outer loop
      vertex -34.9826 -25.1055 1.2
      vertex -28.6202 -24.4973 1.2
      vertex -27.3513 -19.762 1.2
    endloop
  endfacet
  facet normal 0 0 1
    outer loop
      vertex -31.9157 -27.7439 1.2
      vertex -28.5853 -24.8958 1.2
      vertex -31.8648 -26.7377 1.2
    endloop
  endfacet
  facet normal 0 0 1
    outer loop
      vertex -28.6202 -24.4973 1.2
      vertex -32.6585 -26.4464 1.2
      vertex -31.8648 -26.7377 1.2
    endloop
  endfacet
  facet normal 0 0 1
    outer loop
      vertex -28.6202 -24.4973 1.2
      vertex -34.9826 -25.1055 1.2
      vertex -32.6585 -26.4464 1.2
    endloop
  endfacet
  facet normal 0 0 1
    outer loop
      vertex -32.6585 -26.4464 1.2
      vertex -34.9826 -25.1055 1.2
      vertex -34.5354 -26.982 1.2
    endloop
  endfacet
  facet normal -0 0 1
    outer loop
      vertex -35.2258 -25.194 1.2
      vertex -34.5354 -26.982 1.2
      vertex -34.9826 -25.1055 1.2
    endloop
  endfacet
  facet normal 0 0 1
    outer loop
      vertex -35.4807 -25.149 1.2
      vertex -34.5354 -26.982 1.2
      vertex -35.2258 -25.194 1.2
    endloop
  endfacet
  facet normal 0 0 1
    outer loop
      vertex -37.1584 -28.0008 1.2
      vertex -35.4807 -25.149 1.2
      vertex -35.679 -24.9827 1.2
    endloop
  endfacet
  facet normal 0 0 1
    outer loop
      vertex -35.4807 -25.149 1.2
      vertex -37.1584 -28.0008 1.2
      vertex -34.5354 -26.982 1.2
    endloop
  endfacet
  facet normal 0 0 1
    outer loop
      vertex -39.0211 -25.3406 1.2
      vertex -35.679 -24.9827 1.2
      vertex -35.7675 -24.7395 1.2
    endloop
  endfacet
  facet normal 0 0 1
    outer loop
      vertex -35.7225 -24.4846 1.2
      vertex -37.1666 -23.2243 1.2
      vertex -35.7675 -24.7395 1.2
    endloop
  endfacet
  facet normal 0 0 1
    outer loop
      vertex -39.0211 -25.3406 1.2
      vertex -35.7675 -24.7395 1.2
      vertex -37.1666 -23.2243 1.2
    endloop
  endfacet
  facet normal 0 0 1
    outer loop
      vertex -35.679 -24.9827 1.2
      vertex -39.0211 -25.3406 1.2
      vertex -37.1584 -28.0008 1.2
    endloop
  endfacet
  facet normal 0 0 1
    outer loop
      vertex -39.0211 -25.3406 1.2
      vertex -39.7613 -28.8882 1.2
      vertex -37.1584 -28.0008 1.2
    endloop
  endfacet
  facet normal -0 0 1
    outer loop
      vertex -40.7452 -27.483 1.2
      vertex -39.7613 -28.8882 1.2
      vertex -39.0211 -25.3406 1.2
    endloop
  endfacet
  facet normal 0 0 1
    outer loop
      vertex -39.7613 -28.8882 1.2
      vertex -40.7452 -27.483 1.2
      vertex -41.5395 -29.0863 1.2
    endloop
  endfacet
  facet normal 0 0 1
    outer loop
      vertex -23.46 10.4338 1.2
      vertex -25.1958 9.67178 1.2
      vertex -23.5136 10.2338 1.2
    endloop
  endfacet
  facet normal 0 0 1
    outer loop
      vertex -25.212 12.2967 1.2
      vertex -23.46 10.4338 1.2
      vertex -23.3136 10.5802 1.2
    endloop
  endfacet
  facet normal 0 0 1
    outer loop
      vertex -23.46 10.4338 1.2
      vertex -25.212 12.2967 1.2
      vertex -25.6385 11.9554 1.2
    endloop
  endfacet
  facet normal 0 0 1
    outer loop
      vertex -23.1136 10.6338 1.2
      vertex -25.212 12.2967 1.2
      vertex -23.3136 10.5802 1.2
    endloop
  endfacet
  facet normal 0 0 1
    outer loop
      vertex -25.3786 14.075 1.2
      vertex -23.1136 10.6338 1.2
      vertex -20.2828 11.1329 1.2
    endloop
  endfacet
  facet normal 0 0 1
    outer loop
      vertex -23.1136 10.6338 1.2
      vertex -25.3786 14.075 1.2
      vertex -25.212 12.2967 1.2
    endloop
  endfacet
  facet normal 0 0 1
    outer loop
      vertex -25.7928 13.1421 1.2
      vertex -25.3786 14.075 1.2
      vertex -25.5616 14.258 1.2
    endloop
  endfacet
  facet normal -0 0 1
    outer loop
      vertex -27.2344 14.4808 1.2
      vertex -25.5616 14.258 1.2
      vertex -25.6286 14.508 1.2
    endloop
  endfacet
  facet normal 0 0 1
    outer loop
      vertex -25.3786 14.075 1.2
      vertex -25.7928 13.1421 1.2
      vertex -25.212 12.2967 1.2
    endloop
  endfacet
  facet normal 0 0 1
    outer loop
      vertex -23.498 17.0723 1.2
      vertex -22.5953 17.6534 1.2
      vertex -23.4667 17.6834 1.2
    endloop
  endfacet
  facet normal 0 0 1
    outer loop
      vertex -22.5953 17.6534 1.2
      vertex -23.498 17.0723 1.2
      vertex -23.173 16.2259 1.2
    endloop
  endfacet
  facet normal 0 0 1
    outer loop
      vertex -21.3242 -27.2937 1.2
      vertex -22.4521 -26.7574 1.2
      vertex -22.1611 -27.3667 1.2
    endloop
  endfacet
  facet normal 0 0 1
    outer loop
      vertex -21.5314 -19.9566 1.2
      vertex -22.594 -25.9914 1.2
      vertex -22.4521 -26.7574 1.2
    endloop
  endfacet
  facet normal 0 0 1
    outer loop
      vertex -21.5314 -19.9566 1.2
      vertex -23.1105 -25.6668 1.2
      vertex -22.594 -25.9914 1.2
    endloop
  endfacet
  facet normal 0 0 1
    outer loop
      vertex -26.3473 -19.059 1.2
      vertex -21.6022 -19.7621 1.2
      vertex -21.5663 -19.5582 1.2
    endloop
  endfacet
  facet normal 0 0 1
    outer loop
      vertex -21.5314 -19.9566 1.2
      vertex -26.3473 -19.059 1.2
      vertex -23.1105 -25.6668 1.2
    endloop
  endfacet
  facet normal -0 0 1
    outer loop
      vertex -26.3473 -19.059 1.2
      vertex -21.5663 -19.5582 1.2
      vertex -20.2974 -14.8228 1.2
    endloop
  endfacet
  facet normal 0 0 1
    outer loop
      vertex -23.1105 -25.6668 1.2
      vertex -26.3473 -19.059 1.2
      vertex -24.3699 -26.1335 1.2
    endloop
  endfacet
  facet normal -0 0 1
    outer loop
      vertex -27.8951 -24.8354 1.2
      vertex -24.3699 -26.1335 1.2
      vertex -26.3473 -19.059 1.2
    endloop
  endfacet
  facet normal 0 0 1
    outer loop
      vertex -24.3699 -26.1335 1.2
      vertex -27.8951 -24.8354 1.2
      vertex -26.3639 -27.3006 1.2
    endloop
  endfacet
  facet normal -0 0 1
    outer loop
      vertex -28.0282 -24.9941 1.2
      vertex -26.3639 -27.3006 1.2
      vertex -27.8951 -24.8354 1.2
    endloop
  endfacet
  facet normal -0 0 1
    outer loop
      vertex -28.2228 -25.0649 1.2
      vertex -26.3639 -27.3006 1.2
      vertex -28.0282 -24.9941 1.2
    endloop
  endfacet
  facet normal 0 0 1
    outer loop
      vertex -28.6775 -28.6775 1.2
      vertex -28.2228 -25.0649 1.2
      vertex -28.4267 -25.0289 1.2
    endloop
  endfacet
  facet normal 0 0 1
    outer loop
      vertex -28.6775 -28.6775 1.2
      vertex -28.4267 -25.0289 1.2
      vertex -28.5853 -24.8958 1.2
    endloop
  endfacet
  facet normal 0 0 1
    outer loop
      vertex -28.2228 -25.0649 1.2
      vertex -28.6775 -28.6775 1.2
      vertex -26.3639 -27.3006 1.2
    endloop
  endfacet
  facet normal 0 0 1
    outer loop
      vertex -31.8648 -26.7377 1.2
      vertex -28.5853 -24.8958 1.2
      vertex -28.6561 -24.7013 1.2
    endloop
  endfacet
  facet normal 0 0 1
    outer loop
      vertex -22.5464 6.04129 1.2
      vertex -22.028 7.15732 1.2
      vertex -22.4176 6.85374 1.2
    endloop
  endfacet
  facet normal 0 0 1
    outer loop
      vertex -22.028 7.15732 1.2
      vertex -22.5464 6.04129 1.2
      vertex -21.3967 5.33481 1.2
    endloop
  endfacet
  facet normal 0 -0 1
    outer loop
      vertex -22.5464 6.04129 1.2
      vertex -22.4176 6.85374 1.2
      vertex -22.8129 6.54149 1.2
    endloop
  endfacet
  facet normal 0 0 1
    outer loop
      vertex -23.46 10.4338 1.2
      vertex -25.6385 11.9554 1.2
      vertex -25.1958 9.67178 1.2
    endloop
  endfacet
  facet normal 0 0 1
    outer loop
      vertex -26.5859 10.7414 1.2
      vertex -25.6385 11.9554 1.2
      vertex -26.534 11.8137 1.2
    endloop
  endfacet
  facet normal 0 0 1
    outer loop
      vertex -25.6385 11.9554 1.2
      vertex -26.5859 10.7414 1.2
      vertex -25.1958 9.67178 1.2
    endloop
  endfacet
  facet normal 0 -0 1
    outer loop
      vertex -26.5859 10.7414 1.2
      vertex -26.534 11.8137 1.2
      vertex -27.0477 11.481 1.2
    endloop
  endfacet
  facet normal -0 0 1
    outer loop
      vertex -22.3201 7.68542 1.2
      vertex -18.4342 7.5322 1.2
      vertex -19.2213 10.5201 1.2
    endloop
  endfacet
  facet normal 0 0 1
    outer loop
      vertex -18.2878 7.6786 1.2
      vertex -19.2213 10.5201 1.2
      vertex -18.4342 7.5322 1.2
    endloop
  endfacet
  facet normal 0 0 1
    outer loop
      vertex -18.0878 7.73219 1.2
      vertex -19.2213 10.5201 1.2
      vertex -18.2878 7.6786 1.2
    endloop
  endfacet
  facet normal 0 0 1
    outer loop
      vertex -19.2213 10.5201 1.2
      vertex -18.0878 7.73219 1.2
      vertex -15.2571 8.23134 1.2
    endloop
  endfacet
  facet normal 0 0 1
    outer loop
      vertex -15.5786 0.816437 1.2
      vertex -4.75333 2.16698 1.2
      vertex -15.562 1.0882 1.2
    endloop
  endfacet
  facet normal 0 0 1
    outer loop
      vertex -4.75333 2.16698 1.2
      vertex -15.562 -1.0882 1.2
      vertex -15.5406 -1.35962 1.2
    endloop
  endfacet
  facet normal 0 0 1
    outer loop
      vertex -15.5905 0.544418 1.2
      vertex -4.75333 2.16698 1.2
      vertex -15.5786 0.816437 1.2
    endloop
  endfacet
  facet normal 0 0 1
    outer loop
      vertex -4.75333 2.16698 1.2
      vertex -15.5786 -0.816437 1.2
      vertex -15.562 -1.0882 1.2
    endloop
  endfacet
  facet normal 0 0 1
    outer loop
      vertex -15.5976 0.272247 1.2
      vertex -4.75333 2.16698 1.2
      vertex -15.5905 0.544418 1.2
    endloop
  endfacet
  facet normal 0 0 1
    outer loop
      vertex -4.75333 2.16698 1.2
      vertex -15.5905 -0.544418 1.2
      vertex -15.5786 -0.816437 1.2
    endloop
  endfacet
  facet normal 0 0 1
    outer loop
      vertex -15.6 0 1.2
      vertex -4.75333 2.16698 1.2
      vertex -15.5976 0.272247 1.2
    endloop
  endfacet
  facet normal 0 0 1
    outer loop
      vertex -4.75333 2.16698 1.2
      vertex -15.5976 -0.272247 1.2
      vertex -15.5905 -0.544418 1.2
    endloop
  endfacet
  facet normal 0 0 1
    outer loop
      vertex -4.75333 2.16698 1.2
      vertex -15.6 0 1.2
      vertex -15.5976 -0.272247 1.2
    endloop
  endfacet
  facet normal -0 0 1
    outer loop
      vertex -16.8307 2.9677 1.2
      vertex -15.4837 1.90115 1.2
      vertex -14.1956 7.6185 1.2
    endloop
  endfacet
  facet normal 0 0 1
    outer loop
      vertex -15.4837 1.90115 1.2
      vertex -16.8307 2.9677 1.2
      vertex -16.2782 2.28773 1.2
    endloop
  endfacet
  facet normal 0 0 1
    outer loop
      vertex -16.2782 2.28773 1.2
      vertex -16.8307 2.9677 1.2
      vertex -16.7267 2.64925 1.2
    endloop
  endfacet
  facet normal 0 0 1
    outer loop
      vertex -14.1956 7.6185 1.2
      vertex -17.1563 3.33484 1.2
      vertex -16.8307 2.9677 1.2
    endloop
  endfacet
  facet normal -0 0 1
    outer loop
      vertex -18.0878 6.93221 1.2
      vertex -17.1563 3.33484 1.2
      vertex -14.1956 7.6185 1.2
    endloop
  endfacet
  facet normal 0 0 1
    outer loop
      vertex -18.0878 6.93221 1.2
      vertex -18.1268 3.85298 1.2
      vertex -17.1563 3.33484 1.2
    endloop
  endfacet
  facet normal 0 0 1
    outer loop
      vertex -19.7078 4.5499 1.2
      vertex -18.0878 6.93221 1.2
      vertex -18.2878 6.98579 1.2
    endloop
  endfacet
  facet normal 0 0 1
    outer loop
      vertex -19.7078 4.5499 1.2
      vertex -18.2878 6.98579 1.2
      vertex -18.4342 7.1322 1.2
    endloop
  endfacet
  facet normal 0 0 1
    outer loop
      vertex -21.3967 5.33481 1.2
      vertex -18.4342 7.1322 1.2
      vertex -18.4878 7.3322 1.2
    endloop
  endfacet
  facet normal 0 -0 1
    outer loop
      vertex -22.028 7.15732 1.2
      vertex -18.4342 7.5322 1.2
      vertex -22.3201 7.68542 1.2
    endloop
  endfacet
  facet normal 0 0 1
    outer loop
      vertex -18.0878 6.93221 1.2
      vertex -19.7078 4.5499 1.2
      vertex -18.1268 3.85298 1.2
    endloop
  endfacet
  facet normal 0 -0 1
    outer loop
      vertex -21.3967 5.33481 1.2
      vertex -18.4878 7.3322 1.2
      vertex -22.028 7.15732 1.2
    endloop
  endfacet
  facet normal 0 0 1
    outer loop
      vertex -18.4342 7.1322 1.2
      vertex -21.3967 5.33481 1.2
      vertex -19.7078 4.5499 1.2
    endloop
  endfacet
  facet normal 0 0 1
    outer loop
      vertex -18.4342 7.5322 1.2
      vertex -22.028 7.15732 1.2
      vertex -18.4878 7.3322 1.2
    endloop
  endfacet
  facet normal -0 0 1
    outer loop
      vertex -23.1136 9.8338 1.2
      vertex -22.3201 7.68542 1.2
      vertex -19.2213 10.5201 1.2
    endloop
  endfacet
  facet normal 0 0 1
    outer loop
      vertex -23.5127 8.55791 1.2
      vertex -23.1136 9.8338 1.2
      vertex -23.3136 9.88739 1.2
    endloop
  endfacet
  facet normal 0 0 1
    outer loop
      vertex -23.5127 8.55791 1.2
      vertex -23.3136 9.88739 1.2
      vertex -23.46 10.0338 1.2
    endloop
  endfacet
  facet normal 0 0 1
    outer loop
      vertex -23.1136 9.8338 1.2
      vertex -23.5127 8.55791 1.2
      vertex -22.3201 7.68542 1.2
    endloop
  endfacet
  facet normal 0 0 1
    outer loop
      vertex -25.1958 9.67178 1.2
      vertex -23.46 10.0338 1.2
      vertex -23.5136 10.2338 1.2
    endloop
  endfacet
  facet normal 0 0 1
    outer loop
      vertex -23.46 10.0338 1.2
      vertex -25.1958 9.67178 1.2
      vertex -23.5127 8.55791 1.2
    endloop
  endfacet
  facet normal 0 0 1
    outer loop
      vertex -4.25333 3.033 1.2
      vertex -3.50923 15.2002 1.2
      vertex -3.77397 15.1366 1.2
    endloop
  endfacet
  facet normal 0 0 1
    outer loop
      vertex -4.07031 2.34999 1.2
      vertex 4.00333 2.59999 1.2
      vertex -4.00333 2.59999 1.2
    endloop
  endfacet
  facet normal 0 0 1
    outer loop
      vertex 4.00333 2.59999 1.2
      vertex -3.85001 -2.6958 1.2
      vertex -3.76147 -2.93901 1.2
    endloop
  endfacet
  facet normal 0 0 1
    outer loop
      vertex -4.25333 3.033 1.2
      vertex -3.77397 15.1366 1.2
      vertex -4.03757 15.0684 1.2
    endloop
  endfacet
  facet normal 0 0 1
    outer loop
      vertex 4.00333 2.59999 1.2
      vertex -4.07031 2.84998 1.2
      vertex -4.00333 2.59999 1.2
    endloop
  endfacet
  facet normal 0 0 1
    outer loop
      vertex 4.07031 2.84998 1.2
      vertex -4.07031 2.84998 1.2
      vertex 4.00333 2.59999 1.2
    endloop
  endfacet
  facet normal -0 0 1
    outer loop
      vertex -4.29994 14.9957 1.2
      vertex -4.25333 3.033 1.2
      vertex -4.03757 15.0684 1.2
    endloop
  endfacet
  facet normal -0 0 1
    outer loop
      vertex -4.56099 14.9184 1.2
      vertex -4.25333 3.033 1.2
      vertex -4.29994 14.9957 1.2
    endloop
  endfacet
  facet normal -0 0 1
    outer loop
      vertex -4.82066 14.8365 1.2
      vertex -4.25333 3.033 1.2
      vertex -4.56099 14.9184 1.2
    endloop
  endfacet
  facet normal -0 0 1
    outer loop
      vertex -5.07886 14.7501 1.2
      vertex -4.25333 3.033 1.2
      vertex -4.82066 14.8365 1.2
    endloop
  endfacet
  facet normal -0 0 1
    outer loop
      vertex -5.33551 14.6592 1.2
      vertex -4.25333 3.033 1.2
      vertex -5.07886 14.7501 1.2
    endloop
  endfacet
  facet normal -0 0 1
    outer loop
      vertex -5.59053 14.5638 1.2
      vertex -4.25333 3.033 1.2
      vertex -5.33551 14.6592 1.2
    endloop
  endfacet
  facet normal -0 0 1
    outer loop
      vertex -5.84386 14.4641 1.2
      vertex -4.25333 3.033 1.2
      vertex -5.59053 14.5638 1.2
    endloop
  endfacet
  facet normal -0 0 1
    outer loop
      vertex -6.0954 14.3599 1.2
      vertex -4.25333 3.033 1.2
      vertex -5.84386 14.4641 1.2
    endloop
  endfacet
  facet normal -0 0 1
    outer loop
      vertex -6.34508 14.2513 1.2
      vertex -4.25333 3.033 1.2
      vertex -6.0954 14.3599 1.2
    endloop
  endfacet
  facet normal -0 0 1
    outer loop
      vertex -6.59283 14.1384 1.2
      vertex -4.25333 3.033 1.2
      vertex -6.34508 14.2513 1.2
    endloop
  endfacet
  facet normal -0 0 1
    outer loop
      vertex -6.83858 14.0212 1.2
      vertex -4.25333 3.033 1.2
      vertex -6.59283 14.1384 1.2
    endloop
  endfacet
  facet normal -0 0 1
    outer loop
      vertex -7.08224 13.8997 1.2
      vertex -4.25333 3.033 1.2
      vertex -6.83858 14.0212 1.2
    endloop
  endfacet
  facet normal -0 0 1
    outer loop
      vertex -7.32375 13.774 1.2
      vertex -4.25333 3.033 1.2
      vertex -7.08224 13.8997 1.2
    endloop
  endfacet
  facet normal -0 0 1
    outer loop
      vertex -7.56302 13.6441 1.2
      vertex -4.25333 3.033 1.2
      vertex -7.32375 13.774 1.2
    endloop
  endfacet
  facet normal -0 0 1
    outer loop
      vertex -7.79999 13.51 1.2
      vertex -4.25333 3.033 1.2
      vertex -7.56302 13.6441 1.2
    endloop
  endfacet
  facet normal -0 0 1
    outer loop
      vertex -8.03459 13.3718 1.2
      vertex -4.25333 3.033 1.2
      vertex -7.79999 13.51 1.2
    endloop
  endfacet
  facet normal -0 0 1
    outer loop
      vertex -8.26674 13.2295 1.2
      vertex -4.25333 3.033 1.2
      vertex -8.03459 13.3718 1.2
    endloop
  endfacet
  facet normal -0 0 1
    outer loop
      vertex -8.49637 13.0833 1.2
      vertex -4.25333 3.033 1.2
      vertex -8.26674 13.2295 1.2
    endloop
  endfacet
  facet normal -0 0 1
    outer loop
      vertex -8.7234 12.933 1.2
      vertex -4.25333 3.033 1.2
      vertex -8.49637 13.0833 1.2
    endloop
  endfacet
  facet normal -0 0 1
    outer loop
      vertex -8.94778 12.7788 1.2
      vertex -4.25333 3.033 1.2
      vertex -8.7234 12.933 1.2
    endloop
  endfacet
  facet normal -0 0 1
    outer loop
      vertex -9.16945 12.6207 1.2
      vertex -4.25333 3.033 1.2
      vertex -8.94778 12.7788 1.2
    endloop
  endfacet
  facet normal -0 0 1
    outer loop
      vertex -9.38831 12.4587 1.2
      vertex -4.25333 3.033 1.2
      vertex -9.16945 12.6207 1.2
    endloop
  endfacet
  facet normal 0 0 1
    outer loop
      vertex -10.9854 13.0919 1.2
      vertex -9.38831 12.4587 1.2
      vertex -10.1203 12.9534 1.2
    endloop
  endfacet
  facet normal -0 0 1
    outer loop
      vertex -10.9854 13.0919 1.2
      vertex -10.1203 12.9534 1.2
      vertex -10.6577 13.1611 1.2
    endloop
  endfacet
  facet normal 0 0 1
    outer loop
      vertex -9.38831 12.4587 1.2
      vertex -10.9854 13.0919 1.2
      vertex -13.6956 8.48453 1.2
    endloop
  endfacet
  facet normal 0 0 1
    outer loop
      vertex -13.6956 8.48453 1.2
      vertex -10.9854 13.0919 1.2
      vertex -11.4662 13.1904 1.2
    endloop
  endfacet
  facet normal 0 0 1
    outer loop
      vertex -15.0474 12.1984 1.2
      vertex -11.4662 13.1904 1.2
      vertex -12.4002 13.7718 1.2
    endloop
  endfacet
  facet normal 0 0 1
    outer loop
      vertex -9.38831 12.4587 1.2
      vertex -13.6956 8.48453 1.2
      vertex -4.25333 3.033 1.2
    endloop
  endfacet
  facet normal 0 0 1
    outer loop
      vertex -15.0474 12.1984 1.2
      vertex -12.4002 13.7718 1.2
      vertex -13.7943 14.7925 1.2
    endloop
  endfacet
  facet normal 0 0 1
    outer loop
      vertex -11.4662 13.1904 1.2
      vertex -15.0474 12.1984 1.2
      vertex -13.6956 8.48453 1.2
    endloop
  endfacet
  facet normal 0 0 1
    outer loop
      vertex -13.7943 14.7925 1.2
      vertex -15.1938 12.3448 1.2
      vertex -15.0474 12.1984 1.2
    endloop
  endfacet
  facet normal 0 0 1
    outer loop
      vertex -15.3938 12.3984 1.2
      vertex -13.7943 14.7925 1.2
      vertex -15.3185 15.8627 1.2
    endloop
  endfacet
  facet normal 0 0 1
    outer loop
      vertex -13.7943 14.7925 1.2
      vertex -15.3938 12.3984 1.2
      vertex -15.1938 12.3448 1.2
    endloop
  endfacet
  facet normal 0 0 1
    outer loop
      vertex -15.3185 15.8627 1.2
      vertex -15.5938 12.3448 1.2
      vertex -15.3938 12.3984 1.2
    endloop
  endfacet
  facet normal -0 0 1
    outer loop
      vertex -17.2124 15.4981 1.2
      vertex -15.5938 12.3448 1.2
      vertex -15.3185 15.8627 1.2
    endloop
  endfacet
  facet normal 0 0 1
    outer loop
      vertex -15.5938 12.3448 1.2
      vertex -17.2124 15.4981 1.2
      vertex -15.7402 12.1984 1.2
    endloop
  endfacet
  facet normal 0 0 1
    outer loop
      vertex -17.2124 15.4981 1.2
      vertex -15.3185 15.8627 1.2
      vertex -16.5051 16.5051 1.2
    endloop
  endfacet
  facet normal -0 0 1
    outer loop
      vertex -4.41353 41.4379 1.2
      vertex -1.66733 40.8917 1.2
      vertex -4.30623 41.8663 1.2
    endloop
  endfacet
  facet normal 0 0 1
    outer loop
      vertex -1.66733 40.8917 1.2
      vertex -4.41353 41.4379 1.2
      vertex -1.69181 40.7266 1.2
    endloop
  endfacet
  facet normal -0 0 1
    outer loop
      vertex -4.47832 41.0011 1.2
      vertex -1.69181 40.7266 1.2
      vertex -4.41353 41.4379 1.2
    endloop
  endfacet
  facet normal 0 0 1
    outer loop
      vertex -1.69181 40.7266 1.2
      vertex -4.47832 41.0011 1.2
      vertex -1.7 40.56 1.2
    endloop
  endfacet
  facet normal 0 0 1
    outer loop
      vertex -4.5 40.56 1.2
      vertex -1.7 40.56 1.2
      vertex -4.47832 41.0011 1.2
    endloop
  endfacet
  facet normal 0 0 1
    outer loop
      vertex -1.7 40.56 1.2
      vertex -4.5 40.56 1.2
      vertex -1.69181 40.3934 1.2
    endloop
  endfacet
  facet normal 0 -0 1
    outer loop
      vertex -4.47832 40.1189 1.2
      vertex -1.69181 40.3934 1.2
      vertex -4.5 40.56 1.2
    endloop
  endfacet
  facet normal 0 0 1
    outer loop
      vertex -1.69181 40.3934 1.2
      vertex -4.47832 40.1189 1.2
      vertex -1.66733 40.2283 1.2
    endloop
  endfacet
  facet normal 0 0 1
    outer loop
      vertex -1.6268 40.0665 1.2
      vertex -4.47832 40.1189 1.2
      vertex -3.10002 15.2883 1.2
    endloop
  endfacet
  facet normal 0 0 1
    outer loop
      vertex -1.66733 40.2283 1.2
      vertex -4.47832 40.1189 1.2
      vertex -1.6268 40.0665 1.2
    endloop
  endfacet
  facet normal 0 0 1
    outer loop
      vertex 4.00333 2.59999 1.2
      vertex -4.07031 2.34999 1.2
      vertex -3.85001 -2.6958 1.2
    endloop
  endfacet
  facet normal 0 0 1
    outer loop
      vertex -3.85001 -2.6958 1.2
      vertex -4.07031 2.34999 1.2
      vertex -4.04826 -2.52943 1.2
    endloop
  endfacet
  facet normal -0 0 1
    outer loop
      vertex -4.25333 2.16698 1.2
      vertex -4.04826 -2.52943 1.2
      vertex -4.07031 2.34999 1.2
    endloop
  endfacet
  facet normal 0 0 1
    outer loop
      vertex -4.25333 2.16698 1.2
      vertex -4.30315 -2.4845 1.2
      vertex -4.04826 -2.52943 1.2
    endloop
  endfacet
  facet normal -0 0 1
    outer loop
      vertex -4.50331 2.10001 1.2
      vertex -4.30315 -2.4845 1.2
      vertex -4.25333 2.16698 1.2
    endloop
  endfacet
  facet normal 0 0 1
    outer loop
      vertex -4.50331 2.10001 1.2
      vertex -4.54637 -2.57301 1.2
      vertex -4.30315 -2.4845 1.2
    endloop
  endfacet
  facet normal 0 0 1
    outer loop
      vertex -4.75333 2.16698 1.2
      vertex -4.54637 -2.57301 1.2
      vertex -4.50331 2.10001 1.2
    endloop
  endfacet
  facet normal 0 0 1
    outer loop
      vertex -15.4837 1.90115 1.2
      vertex -4.75333 2.16698 1.2
      vertex -14.1956 7.6185 1.2
    endloop
  endfacet
  facet normal 0 0 1
    outer loop
      vertex -15.5145 1.63063 1.2
      vertex -4.75333 2.16698 1.2
      vertex -15.4837 1.90115 1.2
    endloop
  endfacet
  facet normal 0 0 1
    outer loop
      vertex -15.5406 1.35962 1.2
      vertex -4.75333 2.16698 1.2
      vertex -15.5145 1.63063 1.2
    endloop
  endfacet
  facet normal 0 0 1
    outer loop
      vertex -15.562 1.0882 1.2
      vertex -4.75333 2.16698 1.2
      vertex -15.5406 1.35962 1.2
    endloop
  endfacet
  facet normal 0 0 1
    outer loop
      vertex -4.75333 2.16698 1.2
      vertex -15.5406 -1.35962 1.2
      vertex -4.54637 -2.57301 1.2
    endloop
  endfacet
  facet normal -0 0 1
    outer loop
      vertex -15.7321 -1.6535 1.2
      vertex -4.54637 -2.57301 1.2
      vertex -15.5406 -1.35962 1.2
    endloop
  endfacet
  facet normal 0 0 1
    outer loop
      vertex -19.867 -13.3006 1.2
      vertex -15.7321 -1.6535 1.2
      vertex -17.9896 -2.20883 1.2
    endloop
  endfacet
  facet normal 0 0 1
    outer loop
      vertex -15.7321 -1.6535 1.2
      vertex -19.867 -13.3006 1.2
      vertex -4.54637 -2.57301 1.2
    endloop
  endfacet
  facet normal -0 0 1
    outer loop
      vertex -20.3937 -2.86615 1.2
      vertex -19.867 -13.3006 1.2
      vertex -17.9896 -2.20883 1.2
    endloop
  endfacet
  facet normal -0 0 1
    outer loop
      vertex -22.5133 -3.56575 1.2
      vertex -19.867 -13.3006 1.2
      vertex -20.3937 -2.86615 1.2
    endloop
  endfacet
  facet normal 0 0 1
    outer loop
      vertex -24.7433 -5.25935 1.2
      vertex -22.5133 -3.56575 1.2
      vertex -23.95 -4.22302 1.2
    endloop
  endfacet
  facet normal 0 0 1
    outer loop
      vertex -24.7433 -5.25935 1.2
      vertex -23.95 -4.22302 1.2
      vertex -24.5972 -4.78122 1.2
    endloop
  endfacet
  facet normal 0 0 1
    outer loop
      vertex -22.5133 -3.56575 1.2
      vertex -24.7433 -5.25935 1.2
      vertex -24.9466 -5.75937 1.2
    endloop
  endfacet
  facet normal 0 0 1
    outer loop
      vertex -22.5133 -3.56575 1.2
      vertex -24.9466 -5.75937 1.2
      vertex -19.867 -13.3006 1.2
    endloop
  endfacet
  facet normal -0 0 1
    outer loop
      vertex -25.7425 -6.41832 1.2
      vertex -19.867 -13.3006 1.2
      vertex -24.9466 -5.75937 1.2
    endloop
  endfacet
  facet normal 0 0 1
    outer loop
      vertex -25.7425 -6.41832 1.2
      vertex -25.8245 -12.7794 1.2
      vertex -19.867 -13.3006 1.2
    endloop
  endfacet
  facet normal -0 0 1
    outer loop
      vertex -27.34 -7.32571 1.2
      vertex -25.8245 -12.7794 1.2
      vertex -25.7425 -6.41832 1.2
    endloop
  endfacet
  facet normal 0 0 1
    outer loop
      vertex -25.8245 -12.7794 1.2
      vertex -27.34 -7.32571 1.2
      vertex -26.0191 -12.8503 1.2
    endloop
  endfacet
  facet normal -0 0 1
    outer loop
      vertex -29.4827 -8.45403 1.2
      vertex -26.0191 -12.8503 1.2
      vertex -27.34 -7.32571 1.2
    endloop
  endfacet
  facet normal 0 0 1
    outer loop
      vertex -26.0191 -12.8503 1.2
      vertex -29.4827 -8.45403 1.2
      vertex -26.1521 -13.0089 1.2
    endloop
  endfacet
  facet normal -0 0 1
    outer loop
      vertex -31.5633 -9.64986 1.2
      vertex -26.1521 -13.0089 1.2
      vertex -29.4827 -8.45403 1.2
    endloop
  endfacet
  facet normal 0 0 1
    outer loop
      vertex -26.1521 -13.0089 1.2
      vertex -32.0231 -12.9382 1.2
      vertex -26.1881 -13.2128 1.2
    endloop
  endfacet
  facet normal -0 0 1
    outer loop
      vertex -32.1515 -12.3418 1.2
      vertex -26.1521 -13.0089 1.2
      vertex -31.5633 -9.64986 1.2
    endloop
  endfacet
  facet normal 0 0 1
    outer loop
      vertex -26.1881 -13.2128 1.2
      vertex -32.0231 -12.9382 1.2
      vertex -26.9209 -18.2398 1.2
    endloop
  endfacet
  facet normal 0 0 1
    outer loop
      vertex -32.0231 -12.9382 1.2
      vertex -32.8784 -17.7186 1.2
      vertex -26.9209 -18.2398 1.2
    endloop
  endfacet
  facet normal -0 0 1
    outer loop
      vertex -32.8925 -13.962 1.2
      vertex -32.8784 -17.7186 1.2
      vertex -32.0231 -12.9382 1.2
    endloop
  endfacet
  facet normal -0 0 1
    outer loop
      vertex -34.6711 -15.4366 1.2
      vertex -32.8784 -17.7186 1.2
      vertex -32.8925 -13.962 1.2
    endloop
  endfacet
  facet normal 0 0 1
    outer loop
      vertex -32.8784 -17.7186 1.2
      vertex -34.6711 -15.4366 1.2
      vertex -33.073 -17.7894 1.2
    endloop
  endfacet
  facet normal 0 0 1
    outer loop
      vertex -33.073 -17.7894 1.2
      vertex -34.6711 -15.4366 1.2
      vertex -33.206 -17.948 1.2
    endloop
  endfacet
  facet normal -0 0 1
    outer loop
      vertex -36.7563 -17.1397 1.2
      vertex -33.206 -17.948 1.2
      vertex -34.6711 -15.4366 1.2
    endloop
  endfacet
  facet normal -0 0 1
    outer loop
      vertex -3.99883 -31.3784 1.2
      vertex -0.5 -35.343 1.2
      vertex -0.5 -27.2087 1.2
    endloop
  endfacet
  facet normal -0 0 1
    outer loop
      vertex -4.14523 -31.5249 1.2
      vertex -0.5 -35.343 1.2
      vertex -3.99883 -31.3784 1.2
    endloop
  endfacet
  facet normal -0 0 1
    outer loop
      vertex -4.34523 -31.5784 1.2
      vertex -0.5 -35.343 1.2
      vertex -4.14523 -31.5249 1.2
    endloop
  endfacet
  facet normal 0 0 1
    outer loop
      vertex -9.054 -36.3136 1.2
      vertex -4.34523 -31.5784 1.2
      vertex -4.54524 -31.5249 1.2
    endloop
  endfacet
  facet normal 0 0 1
    outer loop
      vertex -4.34523 -31.5784 1.2
      vertex -8.62723 -37.3687 1.2
      vertex -0.5 -35.343 1.2
    endloop
  endfacet
  facet normal 0 0 1
    outer loop
      vertex -9.054 -36.3136 1.2
      vertex -4.54524 -31.5249 1.2
      vertex -4.69165 -31.3784 1.2
    endloop
  endfacet
  facet normal 0 0 1
    outer loop
      vertex -11.5042 -31.6075 1.2
      vertex -4.69165 -31.3784 1.2
      vertex -4.74524 -31.1785 1.2
    endloop
  endfacet
  facet normal 0 0 1
    outer loop
      vertex -0.5 -35.343 1.2
      vertex -8.62723 -37.3687 1.2
      vertex -4.69165 -40.3385 1.2
    endloop
  endfacet
  facet normal -0 0 1
    outer loop
      vertex -11.7204 -34.0385 1.2
      vertex -9.054 -36.3136 1.2
      vertex -11.5042 -31.6075 1.2
    endloop
  endfacet
  facet normal 0 0 1
    outer loop
      vertex -9.054 -36.3136 1.2
      vertex -11.7204 -34.0385 1.2
      vertex -9.70566 -36.222 1.2
    endloop
  endfacet
  facet normal -0 -0 1
    outer loop
      vertex -11.6339 -35.8054 1.2
      vertex -9.70566 -36.222 1.2
      vertex -11.7204 -34.0385 1.2
    endloop
  endfacet
  facet normal 0 0 1
    outer loop
      vertex -9.70566 -36.222 1.2
      vertex -11.6339 -35.8054 1.2
      vertex -10.482 -36.555 1.2
    endloop
  endfacet
  facet normal 0 0 1
    outer loop
      vertex -10.482 -36.555 1.2
      vertex -11.6339 -35.8054 1.2
      vertex -11.1893 -36.5985 1.2
    endloop
  endfacet
  facet normal 0 0 1
    outer loop
      vertex -0.5 -25.983 1.2
      vertex -11.1651 -20.9985 1.2
      vertex -10.9491 -25.7946 1.2
    endloop
  endfacet
  facet normal 0 0 1
    outer loop
      vertex -11.1651 -20.9985 1.2
      vertex -11.2117 -25.1819 1.2
      vertex -10.9491 -25.7946 1.2
    endloop
  endfacet
  facet normal -0 0 1
    outer loop
      vertex -11.6741 -22.9117 1.2
      vertex -11.2117 -25.1819 1.2
      vertex -11.1651 -20.9985 1.2
    endloop
  endfacet
  facet normal -0 0 1
    outer loop
      vertex -11.7868 -24.1665 1.2
      vertex -11.2117 -25.1819 1.2
      vertex -11.6741 -22.9117 1.2
    endloop
  endfacet
  facet normal 0 0 1
    outer loop
      vertex -11.2117 -25.1819 1.2
      vertex -11.7868 -24.1665 1.2
      vertex -11.5678 -24.8073 1.2
    endloop
  endfacet
  facet normal 0 0 1
    outer loop
      vertex -17.1443 15.9873 1.2
      vertex -16.5051 16.5051 1.2
      vertex -17.0716 16.4858 1.2
    endloop
  endfacet
  facet normal 0 0 1
    outer loop
      vertex -17.2124 15.4981 1.2
      vertex -16.5051 16.5051 1.2
      vertex -17.1443 15.9873 1.2
    endloop
  endfacet
  facet normal -0 0 1
    outer loop
      vertex -17.8158 15.487 1.2
      vertex -15.7402 12.1984 1.2
      vertex -17.2124 15.4981 1.2
    endloop
  endfacet
  facet normal 0 0 1
    outer loop
      vertex -18.7213 11.3861 1.2
      vertex -15.7402 12.1984 1.2
      vertex -17.8158 15.487 1.2
    endloop
  endfacet
  facet normal 0 0 1
    outer loop
      vertex -15.7938 11.9984 1.2
      vertex -18.7213 11.3861 1.2
      vertex -15.7402 11.7984 1.2
    endloop
  endfacet
  facet normal 0 0 1
    outer loop
      vertex -15.7402 12.1984 1.2
      vertex -18.7213 11.3861 1.2
      vertex -15.7938 11.9984 1.2
    endloop
  endfacet
  facet normal 0 0 1
    outer loop
      vertex -15.7402 11.7984 1.2
      vertex -18.7213 11.3861 1.2
      vertex -14.7571 9.09735 1.2
    endloop
  endfacet
  facet normal 0 0 1
    outer loop
      vertex -20.0731 15.1 1.2
      vertex -17.8158 15.487 1.2
      vertex -19.1677 16.0836 1.2
    endloop
  endfacet
  facet normal 0 0 1
    outer loop
      vertex -17.8158 15.487 1.2
      vertex -20.0731 15.1 1.2
      vertex -18.7213 11.3861 1.2
    endloop
  endfacet
  facet normal 0 0 1
    outer loop
      vertex -19.1677 16.0836 1.2
      vertex -20.2195 15.2464 1.2
      vertex -20.0731 15.1 1.2
    endloop
  endfacet
  facet normal 0 0 1
    outer loop
      vertex -19.1677 16.0836 1.2
      vertex -20.4195 15.3 1.2
      vertex -20.2195 15.2464 1.2
    endloop
  endfacet
  facet normal 0 0 1
    outer loop
      vertex -20.9739 16.9844 1.2
      vertex -20.4195 15.3 1.2
      vertex -19.1677 16.0836 1.2
    endloop
  endfacet
  facet normal -0 0 1
    outer loop
      vertex -23.173 16.2259 1.2
      vertex -20.7659 15.1 1.2
      vertex -20.9739 16.9844 1.2
    endloop
  endfacet
  facet normal 0 0 1
    outer loop
      vertex -20.6195 15.2464 1.2
      vertex -20.9739 16.9844 1.2
      vertex -20.7659 15.1 1.2
    endloop
  endfacet
  facet normal 0 0 1
    outer loop
      vertex -20.4195 15.3 1.2
      vertex -20.9739 16.9844 1.2
      vertex -20.6195 15.2464 1.2
    endloop
  endfacet
  facet normal 0 0 1
    outer loop
      vertex -23.173 16.2259 1.2
      vertex -20.9739 16.9844 1.2
      vertex -22.5953 17.6534 1.2
    endloop
  endfacet
  facet normal -0 0 1
    outer loop
      vertex -23.2552 15.6859 1.2
      vertex -20.7659 15.1 1.2
      vertex -23.173 16.2259 1.2
    endloop
  endfacet
  facet normal 0 0 1
    outer loop
      vertex -20.7659 15.1 1.2
      vertex -23.2552 15.6859 1.2
      vertex -20.8195 14.9 1.2
    endloop
  endfacet
  facet normal 0 0 1
    outer loop
      vertex -20.8195 14.9 1.2
      vertex -23.2552 15.6859 1.2
      vertex -20.7659 14.7 1.2
    endloop
  endfacet
  facet normal -0 0 1
    outer loop
      vertex -24.8786 14.941 1.2
      vertex -20.7659 14.7 1.2
      vertex -23.2552 15.6859 1.2
    endloop
  endfacet
  facet normal 0 0 1
    outer loop
      vertex -24.8786 14.941 1.2
      vertex -23.2552 15.6859 1.2
      vertex -24.2778 15.7662 1.2
    endloop
  endfacet
  facet normal 0 0 1
    outer loop
      vertex -20.7659 14.7 1.2
      vertex -24.8786 14.941 1.2
      vertex -19.7828 11.9989 1.2
    endloop
  endfacet
  facet normal 0 0 1
    outer loop
      vertex -24.2778 15.7662 1.2
      vertex -25.1286 15.008 1.2
      vertex -24.8786 14.941 1.2
    endloop
  endfacet
  facet normal 0 0 1
    outer loop
      vertex -26.1579 16.3453 1.2
      vertex -25.1286 15.008 1.2
      vertex -24.2778 15.7662 1.2
    endloop
  endfacet
  facet normal 0 0 1
    outer loop
      vertex -25.1286 15.008 1.2
      vertex -26.1579 16.3453 1.2
      vertex -25.3786 14.941 1.2
    endloop
  endfacet
  facet normal 0 0 1
    outer loop
      vertex -26.1579 16.3453 1.2
      vertex -25.5616 14.758 1.2
      vertex -25.3786 14.941 1.2
    endloop
  endfacet
  facet normal 0 0 1
    outer loop
      vertex -27.2344 14.4808 1.2
      vertex -25.5616 14.758 1.2
      vertex -26.1579 16.3453 1.2
    endloop
  endfacet
  facet normal 0 0 1
    outer loop
      vertex -25.5616 14.758 1.2
      vertex -27.2344 14.4808 1.2
      vertex -25.6286 14.508 1.2
    endloop
  endfacet
  facet normal 0 0 1
    outer loop
      vertex -25.5616 14.258 1.2
      vertex -27.2344 14.4808 1.2
      vertex -25.7928 13.1421 1.2
    endloop
  endfacet
  facet normal 0 0 1
    outer loop
      vertex -28.2135 16.9524 1.2
      vertex -27.2344 14.4808 1.2
      vertex -26.1579 16.3453 1.2
    endloop
  endfacet
  facet normal 0 0 1
    outer loop
      vertex -28.2135 16.9524 1.2
      vertex -28.788 15.9574 1.2
      vertex -27.2344 14.4808 1.2
    endloop
  endfacet
  facet normal 0 -0 1
    outer loop
      vertex -28.788 15.9574 1.2
      vertex -28.2135 16.9524 1.2
      vertex -29.5959 17.0872 1.2
    endloop
  endfacet
  facet normal 0 0 1
    outer loop
      vertex -25.7548 -13.5764 1.2
      vertex -26.9209 -18.2398 1.2
      vertex -20.871 -14.0036 1.2
    endloop
  endfacet
  facet normal 0 0 1
    outer loop
      vertex -25.9587 -13.5404 1.2
      vertex -26.9209 -18.2398 1.2
      vertex -25.7548 -13.5764 1.2
    endloop
  endfacet
  facet normal 0 0 1
    outer loop
      vertex -26.1173 -13.4073 1.2
      vertex -26.9209 -18.2398 1.2
      vertex -25.9587 -13.5404 1.2
    endloop
  endfacet
  facet normal 0 0 1
    outer loop
      vertex -26.9209 -18.2398 1.2
      vertex -26.1173 -13.4073 1.2
      vertex -26.1881 -13.2128 1.2
    endloop
  endfacet
  facet normal 0 0 1
    outer loop
      vertex -28.5853 -24.8958 1.2
      vertex -31.9157 -27.7439 1.2
      vertex -30.6847 -29.6318 1.2
    endloop
  endfacet
  facet normal -0 0 1
    outer loop
      vertex -32.1561 -28.9535 1.2
      vertex -30.6847 -29.6318 1.2
      vertex -31.9157 -27.7439 1.2
    endloop
  endfacet
  facet normal 0 0 1
    outer loop
      vertex -30.6847 -29.6318 1.2
      vertex -32.1561 -28.9535 1.2
      vertex -31.8774 -29.7262 1.2
    endloop
  endfacet
  facet normal 0 0 1
    outer loop
      vertex -33.206 -17.948 1.2
      vertex -36.7563 -17.1397 1.2
      vertex -33.242 -18.1519 1.2
    endloop
  endfacet
  facet normal 0 0 1
    outer loop
      vertex -32.8087 -18.5156 1.2
      vertex -35.5562 -24.2863 1.2
      vertex -27.9249 -18.9428 1.2
    endloop
  endfacet
  facet normal 0 0 1
    outer loop
      vertex -36.0236 -20.7982 1.2
      vertex -32.8087 -18.5156 1.2
      vertex -33.0126 -18.4796 1.2
    endloop
  endfacet
  facet normal 0 0 1
    outer loop
      vertex -36.0236 -20.7982 1.2
      vertex -33.0126 -18.4796 1.2
      vertex -33.1712 -18.3465 1.2
    endloop
  endfacet
  facet normal 0 -0 1
    outer loop
      vertex -36.0236 -20.7982 1.2
      vertex -33.242 -18.1519 1.2
      vertex -36.7563 -17.1397 1.2
    endloop
  endfacet
  facet normal 0 0 1
    outer loop
      vertex -32.8087 -18.5156 1.2
      vertex -36.0236 -20.7982 1.2
      vertex -36.0213 -21.6438 1.2
    endloop
  endfacet
  facet normal -0 0 1
    outer loop
      vertex -37.1666 -23.2243 1.2
      vertex -35.5562 -24.2863 1.2
      vertex -36.0213 -21.6438 1.2
    endloop
  endfacet
  facet normal 0 0 1
    outer loop
      vertex -35.5562 -24.2863 1.2
      vertex -37.1666 -23.2243 1.2
      vertex -35.7225 -24.4846 1.2
    endloop
  endfacet
  facet normal 0 0 1
    outer loop
      vertex -32.8087 -18.5156 1.2
      vertex -36.0213 -21.6438 1.2
      vertex -35.5562 -24.2863 1.2
    endloop
  endfacet
  facet normal 0 0 1
    outer loop
      vertex -33.242 -18.1519 1.2
      vertex -36.0236 -20.7982 1.2
      vertex -33.1712 -18.3465 1.2
    endloop
  endfacet
  facet normal 0 0 1
    outer loop
      vertex -36.7563 -17.1397 1.2
      vertex -36.9865 -20.502 1.2
      vertex -36.0236 -20.7982 1.2
    endloop
  endfacet
  facet normal -0 0 1
    outer loop
      vertex -38.3396 -18.6995 1.2
      vertex -36.9865 -20.502 1.2
      vertex -36.7563 -17.1397 1.2
    endloop
  endfacet
  facet normal 0 0 1
    outer loop
      vertex -36.9865 -20.502 1.2
      vertex -38.3396 -18.6995 1.2
      vertex -38.2054 -20.3142 1.2
    endloop
  endfacet
  facet normal 0 0 1
    outer loop
      vertex -38.2054 -20.3142 1.2
      vertex -38.3396 -18.6995 1.2
      vertex -38.8362 -19.788 1.2
    endloop
  endfacet
  facet normal -0 0 1
    outer loop
      vertex -3.99883 -40.7384 1.2
      vertex -0.5 -46.8 1.2
      vertex -0.5 -36.5687 1.2
    endloop
  endfacet
  facet normal 0 0 1
    outer loop
      vertex -0.5 -46.8 1.2
      vertex -1.77693 -50.8847 1.2
      vertex -0.934631 -53.5457 1.2
    endloop
  endfacet
  facet normal 0 0 1
    outer loop
      vertex -0.5 -46.8 1.2
      vertex -2.51646 -48.0171 1.2
      vertex -1.77693 -50.8847 1.2
    endloop
  endfacet
  facet normal 0 0 1
    outer loop
      vertex -0.5 -46.8 1.2
      vertex -3.20811 -45.8782 1.2
      vertex -2.51646 -48.0171 1.2
    endloop
  endfacet
  facet normal -0 -0 1
    outer loop
      vertex -3.93892 -45.0222 1.2
      vertex -0.5 -46.8 1.2
      vertex -3.99883 -40.7384 1.2
    endloop
  endfacet
  facet normal 0 0 1
    outer loop
      vertex -0.5 -46.8 1.2
      vertex -3.93892 -45.0222 1.2
      vertex -3.20811 -45.8782 1.2
    endloop
  endfacet
  facet normal -0 0 1
    outer loop
      vertex -4.14523 -40.8849 1.2
      vertex -3.93892 -45.0222 1.2
      vertex -3.99883 -40.7384 1.2
    endloop
  endfacet
  facet normal -0 0 1
    outer loop
      vertex -4.34523 -40.9384 1.2
      vertex -3.93892 -45.0222 1.2
      vertex -4.14523 -40.8849 1.2
    endloop
  endfacet
  facet normal 0 0 1
    outer loop
      vertex -4.54524 -40.8849 1.2
      vertex -3.93892 -45.0222 1.2
      vertex -4.34523 -40.9384 1.2
    endloop
  endfacet
  facet normal 0 0 1
    outer loop
      vertex -8.20358 -42.2038 1.2
      vertex -4.54524 -40.8849 1.2
      vertex -4.69165 -40.7384 1.2
    endloop
  endfacet
  facet normal 0 0 1
    outer loop
      vertex -8.20358 -42.2038 1.2
      vertex -4.69165 -40.7384 1.2
      vertex -4.74524 -40.5385 1.2
    endloop
  endfacet
  facet normal 0 0 1
    outer loop
      vertex -4.54524 -40.8849 1.2
      vertex -4.76935 -45.3774 1.2
      vertex -3.93892 -45.0222 1.2
    endloop
  endfacet
  facet normal -0 0 1
    outer loop
      vertex 0.331653 38.8927 1.2
      vertex 3.10002 15.2883 1.2
      vertex 0.493484 38.9332 1.2
    endloop
  endfacet
  facet normal 0 0 1
    outer loop
      vertex 3.80644 -3.19388 1.2
      vertex 0.432999 -4.95 1.2
      vertex 0.5 -5.2 1.2
    endloop
  endfacet
  facet normal -0 0 1
    outer loop
      vertex 0.166629 38.8682 1.2
      vertex 3.10002 15.2883 1.2
      vertex 0.331653 38.8927 1.2
    endloop
  endfacet
  facet normal 0 0 1
    outer loop
      vertex 4.00333 2.59999 1.2
      vertex -3.76147 -2.93901 1.2
      vertex 3.85001 -2.6958 1.2
    endloop
  endfacet
  facet normal -0 0 1
    outer loop
      vertex 0 38.86 1.2
      vertex 3.10002 15.2883 1.2
      vertex 0.166629 38.8682 1.2
    endloop
  endfacet
  facet normal 0 0 1
    outer loop
      vertex 3.10002 15.2883 1.2
      vertex 0 38.86 1.2
      vertex -3.10002 15.2883 1.2
    endloop
  endfacet
  facet normal 0 0 1
    outer loop
      vertex 3.76147 -2.93901 1.2
      vertex 0.25 -4.76698 1.2
      vertex 0.432999 -4.95 1.2
    endloop
  endfacet
  facet normal 0 0 1
    outer loop
      vertex -3.10002 15.2883 1.2
      vertex 0 38.86 1.2
      vertex -0.166629 38.8682 1.2
    endloop
  endfacet
  facet normal 0 0 1
    outer loop
      vertex 3.76147 -2.93901 1.2
      vertex 0 -4.7 1.2
      vertex 0.25 -4.76698 1.2
    endloop
  endfacet
  facet normal 0 0 1
    outer loop
      vertex -3.10002 15.2883 1.2
      vertex -0.166629 38.8682 1.2
      vertex -0.331653 38.8927 1.2
    endloop
  endfacet
  facet normal 0 0 1
    outer loop
      vertex 3.85001 -2.6958 1.2
      vertex 0 -4.7 1.2
      vertex 3.76147 -2.93901 1.2
    endloop
  endfacet
  facet normal 0 0 1
    outer loop
      vertex -3.10002 15.2883 1.2
      vertex -0.331653 38.8927 1.2
      vertex -0.493484 38.9332 1.2
    endloop
  endfacet
  facet normal 0 0 1
    outer loop
      vertex 0 -4.7 1.2
      vertex -3.76147 -2.93901 1.2
      vertex -0.25 -4.76698 1.2
    endloop
  endfacet
  facet normal 0 0 1
    outer loop
      vertex -3.10002 15.2883 1.2
      vertex -0.493484 38.9332 1.2
      vertex -0.650561 38.9894 1.2
    endloop
  endfacet
  facet normal 0 0 1
    outer loop
      vertex -0.25 -4.76698 1.2
      vertex -3.76147 -2.93901 1.2
      vertex -0.432999 -4.95 1.2
    endloop
  endfacet
  facet normal 0 0 1
    outer loop
      vertex -3.10002 15.2883 1.2
      vertex -0.650561 38.9894 1.2
      vertex -0.801374 39.0607 1.2
    endloop
  endfacet
  facet normal 0 0 1
    outer loop
      vertex -3.10002 15.2883 1.2
      vertex -0.801374 39.0607 1.2
      vertex -0.944468 39.1465 1.2
    endloop
  endfacet
  facet normal 0 0 1
    outer loop
      vertex -3.10002 15.2883 1.2
      vertex -0.944468 39.1465 1.2
      vertex -1.07847 39.2459 1.2
    endloop
  endfacet
  facet normal 0 0 1
    outer loop
      vertex -3.10002 15.2883 1.2
      vertex -1.07847 39.2459 1.2
      vertex -1.20208 39.3579 1.2
    endloop
  endfacet
  facet normal 0 0 1
    outer loop
      vertex -3.10002 15.2883 1.2
      vertex -1.20208 39.3579 1.2
      vertex -1.31412 39.4815 1.2
    endloop
  endfacet
  facet normal 0 0 1
    outer loop
      vertex -3.10002 15.2883 1.2
      vertex -1.31412 39.4815 1.2
      vertex -1.4135 39.6155 1.2
    endloop
  endfacet
  facet normal 0 0 1
    outer loop
      vertex -3.10002 15.2883 1.2
      vertex -1.4135 39.6155 1.2
      vertex -1.49927 39.7586 1.2
    endloop
  endfacet
  facet normal 0 0 1
    outer loop
      vertex -3.10002 15.2883 1.2
      vertex -1.49927 39.7586 1.2
      vertex -1.57059 39.9094 1.2
    endloop
  endfacet
  facet normal 0 0 1
    outer loop
      vertex -3.10002 15.2883 1.2
      vertex -1.57059 39.9094 1.2
      vertex -1.6268 40.0665 1.2
    endloop
  endfacet
  facet normal 0 0 1
    outer loop
      vertex -1.6268 41.0535 1.2
      vertex -4.30623 41.8663 1.2
      vertex -1.66733 40.8917 1.2
    endloop
  endfacet
  facet normal 0 0 1
    outer loop
      vertex -1.57059 41.2106 1.2
      vertex -4.15746 42.2821 1.2
      vertex -1.6268 41.0535 1.2
    endloop
  endfacet
  facet normal -0 0 1
    outer loop
      vertex -4.15746 42.2821 1.2
      vertex -1.57059 41.2106 1.2
      vertex -3.96864 42.6813 1.2
    endloop
  endfacet
  facet normal 0 0 1
    outer loop
      vertex -1.4135 41.5045 1.2
      vertex -3.74161 43.0601 1.2
      vertex -1.49927 41.3614 1.2
    endloop
  endfacet
  facet normal -0 0 1
    outer loop
      vertex -3.96864 42.6813 1.2
      vertex -1.49927 41.3614 1.2
      vertex -3.74161 43.0601 1.2
    endloop
  endfacet
  facet normal 0 0 1
    outer loop
      vertex -1.49927 41.3614 1.2
      vertex -3.96864 42.6813 1.2
      vertex -1.57059 41.2106 1.2
    endloop
  endfacet
  facet normal -0 0 1
    outer loop
      vertex -4.30623 41.8663 1.2
      vertex -1.6268 41.0535 1.2
      vertex -4.15746 42.2821 1.2
    endloop
  endfacet
  facet normal -0 0 1
    outer loop
      vertex -3.80644 -3.19388 1.2
      vertex -0.432999 -4.95 1.2
      vertex -3.76147 -2.93901 1.2
    endloop
  endfacet
  facet normal 0 0 1
    outer loop
      vertex -4.25333 3.033 1.2
      vertex -3.24341 15.2591 1.2
      vertex -3.50923 15.2002 1.2
    endloop
  endfacet
  facet normal 0 -0 1
    outer loop
      vertex -4.07031 2.84998 1.2
      vertex 4.07031 2.84998 1.2
      vertex -4.25333 3.033 1.2
    endloop
  endfacet
  facet normal 0 0 1
    outer loop
      vertex -0.432999 -4.95 1.2
      vertex -3.80644 -3.19388 1.2
      vertex -0.5 -5.2 1.2
    endloop
  endfacet
  facet normal -0 0 1
    outer loop
      vertex -3.97279 -3.39217 1.2
      vertex -0.5 -5.2 1.2
      vertex -3.80644 -3.19388 1.2
    endloop
  endfacet
  facet normal 0 0 1
    outer loop
      vertex -11.0507 -19.9361 1.2
      vertex -0.5 -5.2 1.2
      vertex -3.97279 -3.39217 1.2
    endloop
  endfacet
  facet normal 0 0 1
    outer loop
      vertex -0.5 -5.2 1.2
      vertex -11.0507 -19.9361 1.2
      vertex -0.5 -25.983 1.2
    endloop
  endfacet
  facet normal -0 0 1
    outer loop
      vertex -11.1651 -20.9985 1.2
      vertex -0.5 -25.983 1.2
      vertex -11.0507 -19.9361 1.2
    endloop
  endfacet
  facet normal -0 -0 1
    outer loop
      vertex -8.39081 -39.4756 1.2
      vertex -4.69165 -40.3385 1.2
      vertex -8.62723 -37.3687 1.2
    endloop
  endfacet
  facet normal 0 -0 1
    outer loop
      vertex -8.20358 -42.2038 1.2
      vertex -4.74524 -40.5385 1.2
      vertex -8.39081 -39.4756 1.2
    endloop
  endfacet
  facet normal 0 0 1
    outer loop
      vertex -0.5 -25.983 1.2
      vertex -10.9491 -25.7946 1.2
      vertex -4.69165 -30.9785 1.2
    endloop
  endfacet
  facet normal 0 0 1
    outer loop
      vertex -4.69165 -40.3385 1.2
      vertex -8.39081 -39.4756 1.2
      vertex -4.74524 -40.5385 1.2
    endloop
  endfacet
  facet normal 0 0 1
    outer loop
      vertex -4.54524 -40.8849 1.2
      vertex -8.20358 -42.2038 1.2
      vertex -4.76935 -45.3774 1.2
    endloop
  endfacet
  facet normal 0 0 1
    outer loop
      vertex -4.76935 -45.3774 1.2
      vertex -7.89693 -44.7858 1.2
      vertex -5.68527 -46.3029 1.2
    endloop
  endfacet
  facet normal 0 -0 1
    outer loop
      vertex -7.36079 -46.4743 1.2
      vertex -5.68527 -46.3029 1.2
      vertex -7.89693 -44.7858 1.2
    endloop
  endfacet
  facet normal 0 0 1
    outer loop
      vertex -5.68527 -46.3029 1.2
      vertex -7.36079 -46.4743 1.2
      vertex -6.59242 -46.9075 1.2
    endloop
  endfacet
  facet normal -0 -0 1
    outer loop
      vertex -7.89693 -44.7858 1.2
      vertex -4.76935 -45.3774 1.2
      vertex -8.20358 -42.2038 1.2
    endloop
  endfacet
  facet normal -0 0 1
    outer loop
      vertex -11.1683 -29.0945 1.2
      vertex -4.69165 -30.9785 1.2
      vertex -10.934 -27.0626 1.2
    endloop
  endfacet
  facet normal 0 0 1
    outer loop
      vertex -4.34523 -31.5784 1.2
      vertex -9.054 -36.3136 1.2
      vertex -8.62723 -37.3687 1.2
    endloop
  endfacet
  facet normal 0 0 1
    outer loop
      vertex -11.5042 -31.6075 1.2
      vertex -4.74524 -31.1785 1.2
      vertex -11.1683 -29.0945 1.2
    endloop
  endfacet
  facet normal 0 0 1
    outer loop
      vertex -4.69165 -31.3784 1.2
      vertex -11.5042 -31.6075 1.2
      vertex -9.054 -36.3136 1.2
    endloop
  endfacet
  facet normal 0 0 1
    outer loop
      vertex -4.69165 -30.9785 1.2
      vertex -11.1683 -29.0945 1.2
      vertex -4.74524 -31.1785 1.2
    endloop
  endfacet
  facet normal -0 -0 1
    outer loop
      vertex -10.934 -27.0626 1.2
      vertex -4.69165 -30.9785 1.2
      vertex -10.9491 -25.7946 1.2
    endloop
  endfacet
  facet normal -0 0 1
    outer loop
      vertex -19.2934 -14.1198 1.2
      vertex -11.0507 -19.9361 1.2
      vertex -3.97279 -3.39217 1.2
    endloop
  endfacet
  facet normal 0 -0 1
    outer loop
      vertex -13.9443 -21.4723 1.2
      vertex -11.0507 -19.9361 1.2
      vertex -19.2934 -14.1198 1.2
    endloop
  endfacet
  facet normal 0 -0 1
    outer loop
      vertex -13.4049 -21.4523 1.2
      vertex -11.0507 -19.9361 1.2
      vertex -13.9443 -21.4723 1.2
    endloop
  endfacet
  facet normal 0 0 1
    outer loop
      vertex -12.1597 -21.0613 1.2
      vertex -13.4049 -21.4523 1.2
      vertex -12.9056 -21.4786 1.2
    endloop
  endfacet
  facet normal 0 0 1
    outer loop
      vertex -11.0507 -19.9361 1.2
      vertex -13.4049 -21.4523 1.2
      vertex -12.1597 -21.0613 1.2
    endloop
  endfacet
  facet normal 0 0 1
    outer loop
      vertex -13.9443 -21.4723 1.2
      vertex -19.2934 -14.1198 1.2
      vertex -14.8357 -21.9948 1.2
    endloop
  endfacet
  facet normal -0 0 1
    outer loop
      vertex -20.8412 -19.8963 1.2
      vertex -14.8357 -21.9948 1.2
      vertex -19.2934 -14.1198 1.2
    endloop
  endfacet
  facet normal 0 0 1
    outer loop
      vertex -14.8357 -21.9948 1.2
      vertex -20.8412 -19.8963 1.2
      vertex -16.2347 -23.1856 1.2
    endloop
  endfacet
  facet normal -0 0 1
    outer loop
      vertex -20.9743 -20.0549 1.2
      vertex -16.2347 -23.1856 1.2
      vertex -20.8412 -19.8963 1.2
    endloop
  endfacet
  facet normal 0 0 1
    outer loop
      vertex -16.2347 -23.1856 1.2
      vertex -20.9743 -20.0549 1.2
      vertex -18.0279 -24.8132 1.2
    endloop
  endfacet
  facet normal -0 0 1
    outer loop
      vertex -21.1689 -20.1257 1.2
      vertex -18.0279 -24.8132 1.2
      vertex -20.9743 -20.0549 1.2
    endloop
  endfacet
  facet normal 0 0 1
    outer loop
      vertex -18.0279 -24.8132 1.2
      vertex -21.1689 -20.1257 1.2
      vertex -19.8632 -26.3593 1.2
    endloop
  endfacet
  facet normal 0 0 1
    outer loop
      vertex -22.4521 -26.7574 1.2
      vertex -21.1689 -20.1257 1.2
      vertex -21.3728 -20.0897 1.2
    endloop
  endfacet
  facet normal 0 0 1
    outer loop
      vertex -21.1689 -20.1257 1.2
      vertex -22.4521 -26.7574 1.2
      vertex -19.8632 -26.3593 1.2
    endloop
  endfacet
  facet normal 0 0 1
    outer loop
      vertex -22.4521 -26.7574 1.2
      vertex -21.3728 -20.0897 1.2
      vertex -21.5314 -19.9566 1.2
    endloop
  endfacet
  facet normal 0 0 1
    outer loop
      vertex -26.3473 -19.059 1.2
      vertex -21.5314 -19.9566 1.2
      vertex -21.6022 -19.7621 1.2
    endloop
  endfacet
  facet normal -0 0 1
    outer loop
      vertex -22.4521 -26.7574 1.2
      vertex -21.3242 -27.2937 1.2
      vertex -19.8632 -26.3593 1.2
    endloop
  endfacet
  facet normal 0 0 1
    outer loop
      vertex 4.5 40.56 1.2
      vertex 1.7 40.56 1.2
      vertex 4.47832 40.1189 1.2
    endloop
  endfacet
  facet normal 0 -0 1
    outer loop
      vertex 1.7 40.56 1.2
      vertex 4.47832 41.0011 1.2
      vertex 1.69181 40.7266 1.2
    endloop
  endfacet
  facet normal 0 0 1
    outer loop
      vertex 4.41353 41.4379 1.2
      vertex 1.66733 40.8917 1.2
      vertex 1.69181 40.7266 1.2
    endloop
  endfacet
  facet normal 0 0 1
    outer loop
      vertex 4.15746 42.2821 1.2
      vertex 1.57059 41.2106 1.2
      vertex 1.6268 41.0535 1.2
    endloop
  endfacet
  facet normal 0 0 1
    outer loop
      vertex 3.96864 42.6813 1.2
      vertex 1.49927 41.3614 1.2
      vertex 1.57059 41.2106 1.2
    endloop
  endfacet
  facet normal 0 0 1
    outer loop
      vertex 3.74161 43.0601 1.2
      vertex 1.4135 41.5045 1.2
      vertex 1.49927 41.3614 1.2
    endloop
  endfacet
  facet normal 0 0 1
    outer loop
      vertex 3.47855 43.4148 1.2
      vertex 1.31412 41.6385 1.2
      vertex 1.4135 41.5045 1.2
    endloop
  endfacet
  facet normal 0 0 1
    outer loop
      vertex 0.650561 42.1306 1.2
      vertex 1.72206 44.7175 1.2
      vertex 1.30627 44.8662 1.2
    endloop
  endfacet
  facet normal 0 0 1
    outer loop
      vertex 3.18198 43.742 1.2
      vertex 1.20208 41.7621 1.2
      vertex 1.31412 41.6385 1.2
    endloop
  endfacet
  facet normal 0 0 1
    outer loop
      vertex 2.85477 44.0385 1.2
      vertex 1.07847 41.8741 1.2
      vertex 1.20208 41.7621 1.2
    endloop
  endfacet
  facet normal 0 0 1
    outer loop
      vertex 2.50006 44.3016 1.2
      vertex 0.944468 41.9735 1.2
      vertex 1.07847 41.8741 1.2
    endloop
  endfacet
  facet normal 0 0 1
    outer loop
      vertex 0.493484 42.1868 1.2
      vertex 1.30627 44.8662 1.2
      vertex 0.877899 44.9735 1.2
    endloop
  endfacet
  facet normal 0 0 1
    outer loop
      vertex 2.12128 44.5286 1.2
      vertex 0.801374 42.0593 1.2
      vertex 0.944468 41.9735 1.2
    endloop
  endfacet
  facet normal 0 0 1
    outer loop
      vertex 1.72206 44.7175 1.2
      vertex 0.650561 42.1306 1.2
      vertex 0.801374 42.0593 1.2
    endloop
  endfacet
  facet normal 0 0 1
    outer loop
      vertex 1.30627 44.8662 1.2
      vertex 0.493484 42.1868 1.2
      vertex 0.650561 42.1306 1.2
    endloop
  endfacet
  facet normal 0 0 1
    outer loop
      vertex 0.331653 42.2273 1.2
      vertex 0.877899 44.9735 1.2
      vertex 0.441071 45.0383 1.2
    endloop
  endfacet
  facet normal 0 0 1
    outer loop
      vertex 0.877899 44.9735 1.2
      vertex 0.331653 42.2273 1.2
      vertex 0.493484 42.1868 1.2
    endloop
  endfacet
  facet normal 0 0 1
    outer loop
      vertex 0.441071 45.0383 1.2
      vertex 0.166629 42.2518 1.2
      vertex 0.331653 42.2273 1.2
    endloop
  endfacet
  facet normal 0 0 1
    outer loop
      vertex 0 45.06 1.2
      vertex 0.166629 42.2518 1.2
      vertex 0.441071 45.0383 1.2
    endloop
  endfacet
  facet normal 0 0 1
    outer loop
      vertex 0 45.06 1.2
      vertex 0 42.26 1.2
      vertex 0.166629 42.2518 1.2
    endloop
  endfacet
  facet normal 0 0 1
    outer loop
      vertex 0 45.06 1.2
      vertex -0.166629 42.2518 1.2
      vertex 0 42.26 1.2
    endloop
  endfacet
  facet normal -0 0 1
    outer loop
      vertex -0.441071 45.0383 1.2
      vertex -0.166629 42.2518 1.2
      vertex 0 45.06 1.2
    endloop
  endfacet
  facet normal 0 0 1
    outer loop
      vertex -0.166629 42.2518 1.2
      vertex -0.441071 45.0383 1.2
      vertex -0.331653 42.2273 1.2
    endloop
  endfacet
  facet normal -0 0 1
    outer loop
      vertex -0.877899 44.9735 1.2
      vertex -0.331653 42.2273 1.2
      vertex -0.441071 45.0383 1.2
    endloop
  endfacet
  facet normal 0 0 1
    outer loop
      vertex -0.331653 42.2273 1.2
      vertex -0.877899 44.9735 1.2
      vertex -0.493484 42.1868 1.2
    endloop
  endfacet
  facet normal -0 0 1
    outer loop
      vertex -1.30627 44.8662 1.2
      vertex -0.493484 42.1868 1.2
      vertex -0.877899 44.9735 1.2
    endloop
  endfacet
  facet normal 0 0 1
    outer loop
      vertex -0.493484 42.1868 1.2
      vertex -1.30627 44.8662 1.2
      vertex -0.650561 42.1306 1.2
    endloop
  endfacet
  facet normal -0 0 1
    outer loop
      vertex -1.72206 44.7175 1.2
      vertex -0.650561 42.1306 1.2
      vertex -1.30627 44.8662 1.2
    endloop
  endfacet
  facet normal 0 0 1
    outer loop
      vertex -0.650561 42.1306 1.2
      vertex -1.72206 44.7175 1.2
      vertex -0.801374 42.0593 1.2
    endloop
  endfacet
  facet normal -0 0 1
    outer loop
      vertex -2.12128 44.5286 1.2
      vertex -0.801374 42.0593 1.2
      vertex -1.72206 44.7175 1.2
    endloop
  endfacet
  facet normal 0 0 1
    outer loop
      vertex -0.801374 42.0593 1.2
      vertex -2.12128 44.5286 1.2
      vertex -0.944468 41.9735 1.2
    endloop
  endfacet
  facet normal -0 0 1
    outer loop
      vertex -2.50006 44.3016 1.2
      vertex -0.944468 41.9735 1.2
      vertex -2.12128 44.5286 1.2
    endloop
  endfacet
  facet normal 0 0 1
    outer loop
      vertex -0.944468 41.9735 1.2
      vertex -2.50006 44.3016 1.2
      vertex -1.07847 41.8741 1.2
    endloop
  endfacet
  facet normal -0 0 1
    outer loop
      vertex -2.85477 44.0385 1.2
      vertex -1.07847 41.8741 1.2
      vertex -2.50006 44.3016 1.2
    endloop
  endfacet
  facet normal 0 0 1
    outer loop
      vertex -1.07847 41.8741 1.2
      vertex -2.85477 44.0385 1.2
      vertex -1.20208 41.7621 1.2
    endloop
  endfacet
  facet normal -0 0 1
    outer loop
      vertex -3.18198 43.742 1.2
      vertex -1.20208 41.7621 1.2
      vertex -2.85477 44.0385 1.2
    endloop
  endfacet
  facet normal 0 0 1
    outer loop
      vertex -1.20208 41.7621 1.2
      vertex -3.18198 43.742 1.2
      vertex -1.31412 41.6385 1.2
    endloop
  endfacet
  facet normal -0 0 1
    outer loop
      vertex -3.47855 43.4148 1.2
      vertex -1.31412 41.6385 1.2
      vertex -3.18198 43.742 1.2
    endloop
  endfacet
  facet normal -0 0 1
    outer loop
      vertex -3.74161 43.0601 1.2
      vertex -1.4135 41.5045 1.2
      vertex -3.47855 43.4148 1.2
    endloop
  endfacet
  facet normal 0 0 1
    outer loop
      vertex -1.31412 41.6385 1.2
      vertex -3.47855 43.4148 1.2
      vertex -1.4135 41.5045 1.2
    endloop
  endfacet
  facet normal -0 0 1
    outer loop
      vertex 4.34523 -31.5784 1.2
      vertex 9.054 -36.3136 1.2
      vertex 4.54524 -31.5249 1.2
    endloop
  endfacet
  facet normal 0 0 1
    outer loop
      vertex 8.39081 -39.4756 1.2
      vertex 4.69165 -40.3385 1.2
      vertex 4.74524 -40.5385 1.2
    endloop
  endfacet
  facet normal 0 0 1
    outer loop
      vertex 9.054 -36.3136 1.2
      vertex 4.34523 -31.5784 1.2
      vertex 8.62723 -37.3687 1.2
    endloop
  endfacet
  facet normal -0 0 1
    outer loop
      vertex 0.5 -35.343 1.2
      vertex 8.62723 -37.3687 1.2
      vertex 4.34523 -31.5784 1.2
    endloop
  endfacet
  facet normal 0 0 1
    outer loop
      vertex 0.5 -35.343 1.2
      vertex 4.34523 -31.5784 1.2
      vertex 4.14523 -31.5249 1.2
    endloop
  endfacet
  facet normal 0 0 1
    outer loop
      vertex 0.5 -35.343 1.2
      vertex 4.14523 -31.5249 1.2
      vertex 3.99883 -31.3784 1.2
    endloop
  endfacet
  facet normal 0 0 1
    outer loop
      vertex 0.5 -35.343 1.2
      vertex 3.99883 -31.3784 1.2
      vertex 0.5 -27.2087 1.2
    endloop
  endfacet
  facet normal 0 0 1
    outer loop
      vertex 8.62723 -37.3687 1.2
      vertex 0.5 -35.343 1.2
      vertex 4.69165 -40.3385 1.2
    endloop
  endfacet
  facet normal 0 0 1
    outer loop
      vertex 11.2117 -25.1819 1.2
      vertex 11.7868 -24.1665 1.2
      vertex 11.6741 -22.9117 1.2
    endloop
  endfacet
  facet normal 0 0 1
    outer loop
      vertex 11.7868 -24.1665 1.2
      vertex 11.2117 -25.1819 1.2
      vertex 11.5678 -24.8073 1.2
    endloop
  endfacet
  facet normal 0 0 1
    outer loop
      vertex 11.1651 -20.9985 1.2
      vertex 11.2117 -25.1819 1.2
      vertex 11.6741 -22.9117 1.2
    endloop
  endfacet
  facet normal 0 0 1
    outer loop
      vertex 0.5 -25.983 1.2
      vertex 11.1651 -20.9985 1.2
      vertex 11.0507 -19.9361 1.2
    endloop
  endfacet
  facet normal 0 0 1
    outer loop
      vertex 11.1651 -20.9985 1.2
      vertex 10.9491 -25.7946 1.2
      vertex 11.2117 -25.1819 1.2
    endloop
  endfacet
  facet normal 0 0 1
    outer loop
      vertex 10.482 -36.555 1.2
      vertex 11.7204 -34.0385 1.2
      vertex 11.5042 -31.6075 1.2
    endloop
  endfacet
  facet normal 0 0 1
    outer loop
      vertex 11.7204 -34.0385 1.2
      vertex 10.482 -36.555 1.2
      vertex 11.6339 -35.8054 1.2
    endloop
  endfacet
  facet normal 0 0 1
    outer loop
      vertex 10.482 -36.555 1.2
      vertex 11.5042 -31.6075 1.2
      vertex 11.1683 -29.0945 1.2
    endloop
  endfacet
  facet normal 0 0 1
    outer loop
      vertex 10.482 -36.555 1.2
      vertex 11.1683 -29.0945 1.2
      vertex 10.934 -27.0626 1.2
    endloop
  endfacet
  facet normal 0 0 1
    outer loop
      vertex 11.6339 -35.8054 1.2
      vertex 10.482 -36.555 1.2
      vertex 11.1893 -36.5985 1.2
    endloop
  endfacet
  facet normal 0 0 1
    outer loop
      vertex 7.36079 -46.4743 1.2
      vertex 5.68527 -46.3029 1.2
      vertex 6.59242 -46.9075 1.2
    endloop
  endfacet
  facet normal 0 0 1
    outer loop
      vertex 7.89693 -44.7858 1.2
      vertex 5.68527 -46.3029 1.2
      vertex 7.36079 -46.4743 1.2
    endloop
  endfacet
  facet normal 0 0 1
    outer loop
      vertex 8.20358 -42.2038 1.2
      vertex 4.76935 -45.3774 1.2
      vertex 7.89693 -44.7858 1.2
    endloop
  endfacet
  facet normal 0 0 1
    outer loop
      vertex 3.93892 -45.0222 1.2
      vertex 4.54524 -40.8849 1.2
      vertex 4.34523 -40.9384 1.2
    endloop
  endfacet
  facet normal 0 0 1
    outer loop
      vertex 3.93892 -45.0222 1.2
      vertex 4.34523 -40.9384 1.2
      vertex 4.14523 -40.8849 1.2
    endloop
  endfacet
  facet normal 0 0 1
    outer loop
      vertex 3.93892 -45.0222 1.2
      vertex 4.14523 -40.8849 1.2
      vertex 3.99883 -40.7384 1.2
    endloop
  endfacet
  facet normal 0 0 1
    outer loop
      vertex 4.54524 -40.8849 1.2
      vertex 3.93892 -45.0222 1.2
      vertex 4.76935 -45.3774 1.2
    endloop
  endfacet
  facet normal 0 0 1
    outer loop
      vertex 0.5 -46.8 1.2
      vertex 3.93892 -45.0222 1.2
      vertex 3.99883 -40.7384 1.2
    endloop
  endfacet
  facet normal 0 0 1
    outer loop
      vertex 3.93892 -45.0222 1.2
      vertex 0.5 -46.8 1.2
      vertex 3.20811 -45.8782 1.2
    endloop
  endfacet
  facet normal 0 0 1
    outer loop
      vertex 3.20811 -45.8782 1.2
      vertex 0.5 -46.8 1.2
      vertex 2.51646 -48.0171 1.2
    endloop
  endfacet
  facet normal -0 0 1
    outer loop
      vertex 0.432999 -47.05 1.2
      vertex 2.51646 -48.0171 1.2
      vertex 0.5 -46.8 1.2
    endloop
  endfacet
  facet normal 0 0 1
    outer loop
      vertex 0.5 -46.8 1.2
      vertex 3.99883 -40.7384 1.2
      vertex 0.5 -36.5687 1.2
    endloop
  endfacet
  facet normal -0 0 1
    outer loop
      vertex 0.25 -47.233 1.2
      vertex 2.51646 -48.0171 1.2
      vertex 0.432999 -47.05 1.2
    endloop
  endfacet
  facet normal 0 0 1
    outer loop
      vertex 2.51646 -48.0171 1.2
      vertex 0.25 -47.233 1.2
      vertex 1.77693 -50.8847 1.2
    endloop
  endfacet
  facet normal -0 0 1
    outer loop
      vertex 0 -47.3 1.2
      vertex 1.77693 -50.8847 1.2
      vertex 0.25 -47.233 1.2
    endloop
  endfacet
  facet normal 0 0 1
    outer loop
      vertex -0.25 -47.233 1.2
      vertex 1.77693 -50.8847 1.2
      vertex 0 -47.3 1.2
    endloop
  endfacet
  facet normal 0 0 1
    outer loop
      vertex 1.77693 -50.8847 1.2
      vertex -0.934631 -53.5457 1.2
      vertex 0.934631 -53.5457 1.2
    endloop
  endfacet
  facet normal 0 0 1
    outer loop
      vertex 1.77693 -50.8847 1.2
      vertex -0.25 -47.233 1.2
      vertex -0.934631 -53.5457 1.2
    endloop
  endfacet
  facet normal 0 0 1
    outer loop
      vertex -0.934631 -53.5457 1.2
      vertex -0.25 -47.233 1.2
      vertex -0.432999 -47.05 1.2
    endloop
  endfacet
  facet normal 0 0 1
    outer loop
      vertex -0.934631 -53.5457 1.2
      vertex -0.432999 -47.05 1.2
      vertex -0.5 -46.8 1.2
    endloop
  endfacet
  facet normal 0 0 1
    outer loop
      vertex 0.934631 -53.5457 1.2
      vertex -0.934631 -53.5457 1.2
      vertex 0 -55.12 1.2
    endloop
  endfacet
  facet normal 0.953378 -0.301777 0
    outer loop
      vertex 0.934631 -53.5457 1.2
      vertex 1.77693 -50.8847 0
      vertex 1.77693 -50.8847 1.2
    endloop
  endfacet
  facet normal 0.953378 -0.301777 0
    outer loop
      vertex 1.77693 -50.8847 0
      vertex 0.934631 -53.5457 1.2
      vertex 0.934631 -53.5457 0
    endloop
  endfacet
  facet normal 0.968318 -0.249721 0
    outer loop
      vertex 1.77693 -50.8847 1.2
      vertex 2.51646 -48.0171 0
      vertex 2.51646 -48.0171 1.2
    endloop
  endfacet
  facet normal 0.968318 -0.249721 0
    outer loop
      vertex 2.51646 -48.0171 0
      vertex 1.77693 -50.8847 1.2
      vertex 1.77693 -50.8847 0
    endloop
  endfacet
  facet normal 0.95149 -0.307681 0
    outer loop
      vertex 2.51646 -48.0171 1.2
      vertex 3.20811 -45.8782 0
      vertex 3.20811 -45.8782 1.2
    endloop
  endfacet
  facet normal 0.95149 -0.307681 0
    outer loop
      vertex 3.20811 -45.8782 0
      vertex 2.51646 -48.0171 1.2
      vertex 2.51646 -48.0171 0
    endloop
  endfacet
  facet normal 0.76053 -0.649303 0
    outer loop
      vertex 3.20811 -45.8782 1.2
      vertex 3.93892 -45.0222 0
      vertex 3.93892 -45.0222 1.2
    endloop
  endfacet
  facet normal 0.76053 -0.649303 0
    outer loop
      vertex 3.93892 -45.0222 0
      vertex 3.20811 -45.8782 1.2
      vertex 3.20811 -45.8782 0
    endloop
  endfacet
  facet normal -0.393266 -0.919425 0
    outer loop
      vertex 3.93892 -45.0222 0
      vertex 4.76935 -45.3774 1.2
      vertex 3.93892 -45.0222 1.2
    endloop
  endfacet
  facet normal -0.393266 -0.919425 -0
    outer loop
      vertex 4.76935 -45.3774 1.2
      vertex 3.93892 -45.0222 0
      vertex 4.76935 -45.3774 0
    endloop
  endfacet
  facet normal -0.710776 -0.703419 0
    outer loop
      vertex 5.68527 -46.3029 0
      vertex 4.76935 -45.3774 1.2
      vertex 4.76935 -45.3774 0
    endloop
  endfacet
  facet normal -0.710776 -0.703419 0
    outer loop
      vertex 4.76935 -45.3774 1.2
      vertex 5.68527 -46.3029 0
      vertex 5.68527 -46.3029 1.2
    endloop
  endfacet
  facet normal -0.554594 -0.832121 0
    outer loop
      vertex 5.68527 -46.3029 0
      vertex 6.59242 -46.9075 1.2
      vertex 5.68527 -46.3029 1.2
    endloop
  endfacet
  facet normal -0.554594 -0.832121 -0
    outer loop
      vertex 6.59242 -46.9075 1.2
      vertex 5.68527 -46.3029 0
      vertex 6.59242 -46.9075 0
    endloop
  endfacet
  facet normal 0.491115 -0.871095 0
    outer loop
      vertex 6.59242 -46.9075 0
      vertex 7.36079 -46.4743 1.2
      vertex 6.59242 -46.9075 1.2
    endloop
  endfacet
  facet normal 0.491115 -0.871095 0
    outer loop
      vertex 7.36079 -46.4743 1.2
      vertex 6.59242 -46.9075 0
      vertex 7.36079 -46.4743 0
    endloop
  endfacet
  facet normal 0.953107 -0.302635 0
    outer loop
      vertex 7.36079 -46.4743 1.2
      vertex 7.89693 -44.7858 0
      vertex 7.89693 -44.7858 1.2
    endloop
  endfacet
  facet normal 0.953107 -0.302635 0
    outer loop
      vertex 7.89693 -44.7858 0
      vertex 7.36079 -46.4743 1.2
      vertex 7.36079 -46.4743 0
    endloop
  endfacet
  facet normal 0.993021 -0.117936 0
    outer loop
      vertex 7.89693 -44.7858 1.2
      vertex 8.20358 -42.2038 0
      vertex 8.20358 -42.2038 1.2
    endloop
  endfacet
  facet normal 0.993021 -0.117936 0
    outer loop
      vertex 8.20358 -42.2038 0
      vertex 7.89693 -44.7858 1.2
      vertex 7.89693 -44.7858 0
    endloop
  endfacet
  facet normal 0.997653 -0.0684666 0
    outer loop
      vertex 8.20358 -42.2038 1.2
      vertex 8.39081 -39.4756 0
      vertex 8.39081 -39.4756 1.2
    endloop
  endfacet
  facet normal 0.997653 -0.0684666 0
    outer loop
      vertex 8.39081 -39.4756 0
      vertex 8.20358 -42.2038 1.2
      vertex 8.20358 -42.2038 0
    endloop
  endfacet
  facet normal 0.993763 -0.111512 0
    outer loop
      vertex 8.39081 -39.4756 1.2
      vertex 8.62723 -37.3687 0
      vertex 8.62723 -37.3687 1.2
    endloop
  endfacet
  facet normal 0.993763 -0.111512 0
    outer loop
      vertex 8.62723 -37.3687 0
      vertex 8.39081 -39.4756 1.2
      vertex 8.39081 -39.4756 0
    endloop
  endfacet
  facet normal 0.927037 -0.374971 0
    outer loop
      vertex 8.62723 -37.3687 1.2
      vertex 9.054 -36.3136 0
      vertex 9.054 -36.3136 1.2
    endloop
  endfacet
  facet normal 0.927037 -0.374971 0
    outer loop
      vertex 9.054 -36.3136 0
      vertex 8.62723 -37.3687 1.2
      vertex 8.62723 -37.3687 0
    endloop
  endfacet
  facet normal 0.139196 -0.990265 0
    outer loop
      vertex 9.054 -36.3136 0
      vertex 9.70566 -36.222 1.2
      vertex 9.054 -36.3136 1.2
    endloop
  endfacet
  facet normal 0.139196 -0.990265 0
    outer loop
      vertex 9.70566 -36.222 1.2
      vertex 9.054 -36.3136 0
      vertex 9.70566 -36.222 0
    endloop
  endfacet
  facet normal -0.394202 -0.919024 0
    outer loop
      vertex 9.70566 -36.222 0
      vertex 10.482 -36.555 1.2
      vertex 9.70566 -36.222 1.2
    endloop
  endfacet
  facet normal -0.394202 -0.919024 -0
    outer loop
      vertex 10.482 -36.555 1.2
      vertex 9.70566 -36.222 0
      vertex 10.482 -36.555 0
    endloop
  endfacet
  facet normal -0.0613855 -0.998114 0
    outer loop
      vertex 10.482 -36.555 0
      vertex 11.1893 -36.5985 1.2
      vertex 10.482 -36.555 1.2
    endloop
  endfacet
  facet normal -0.0613855 -0.998114 -0
    outer loop
      vertex 11.1893 -36.5985 1.2
      vertex 10.482 -36.555 0
      vertex 11.1893 -36.5985 0
    endloop
  endfacet
  facet normal 0.872288 -0.488992 0
    outer loop
      vertex 11.1893 -36.5985 1.2
      vertex 11.6339 -35.8054 0
      vertex 11.6339 -35.8054 1.2
    endloop
  endfacet
  facet normal 0.872288 -0.488992 0
    outer loop
      vertex 11.6339 -35.8054 0
      vertex 11.1893 -36.5985 1.2
      vertex 11.1893 -36.5985 0
    endloop
  endfacet
  facet normal 0.998804 -0.0488972 0
    outer loop
      vertex 11.6339 -35.8054 1.2
      vertex 11.7204 -34.0385 0
      vertex 11.7204 -34.0385 1.2
    endloop
  endfacet
  facet normal 0.998804 -0.0488972 0
    outer loop
      vertex 11.7204 -34.0385 0
      vertex 11.6339 -35.8054 1.2
      vertex 11.6339 -35.8054 0
    endloop
  endfacet
  facet normal 0.996069 0.088585 0
    outer loop
      vertex 11.7204 -34.0385 1.2
      vertex 11.5042 -31.6075 0
      vertex 11.5042 -31.6075 1.2
    endloop
  endfacet
  facet normal 0.996069 0.088585 0
    outer loop
      vertex 11.5042 -31.6075 0
      vertex 11.7204 -34.0385 1.2
      vertex 11.7204 -34.0385 0
    endloop
  endfacet
  facet normal 0.991185 0.132487 0
    outer loop
      vertex 11.5042 -31.6075 1.2
      vertex 11.1683 -29.0945 0
      vertex 11.1683 -29.0945 1.2
    endloop
  endfacet
  facet normal 0.991185 0.132487 0
    outer loop
      vertex 11.1683 -29.0945 0
      vertex 11.5042 -31.6075 1.2
      vertex 11.5042 -31.6075 0
    endloop
  endfacet
  facet normal 0.993417 0.114552 0
    outer loop
      vertex 11.1683 -29.0945 1.2
      vertex 10.934 -27.0626 0
      vertex 10.934 -27.0626 1.2
    endloop
  endfacet
  facet normal 0.993417 0.114552 0
    outer loop
      vertex 10.934 -27.0626 0
      vertex 11.1683 -29.0945 1.2
      vertex 11.1683 -29.0945 0
    endloop
  endfacet
  facet normal 0.999929 -0.0119077 0
    outer loop
      vertex 10.934 -27.0626 1.2
      vertex 10.9491 -25.7946 0
      vertex 10.9491 -25.7946 1.2
    endloop
  endfacet
  facet normal 0.999929 -0.0119077 0
    outer loop
      vertex 10.9491 -25.7946 0
      vertex 10.934 -27.0626 1.2
      vertex 10.934 -27.0626 0
    endloop
  endfacet
  facet normal 0.919137 -0.393937 0
    outer loop
      vertex 10.9491 -25.7946 1.2
      vertex 11.2117 -25.1819 0
      vertex 11.2117 -25.1819 1.2
    endloop
  endfacet
  facet normal 0.919137 -0.393937 0
    outer loop
      vertex 11.2117 -25.1819 0
      vertex 10.9491 -25.7946 1.2
      vertex 10.9491 -25.7946 0
    endloop
  endfacet
  facet normal 0.724777 -0.688983 0
    outer loop
      vertex 11.2117 -25.1819 1.2
      vertex 11.5678 -24.8073 0
      vertex 11.5678 -24.8073 1.2
    endloop
  endfacet
  facet normal 0.724777 -0.688983 0
    outer loop
      vertex 11.5678 -24.8073 0
      vertex 11.2117 -25.1819 1.2
      vertex 11.2117 -25.1819 0
    endloop
  endfacet
  facet normal 0.946264 -0.323395 0
    outer loop
      vertex 11.5678 -24.8073 1.2
      vertex 11.7868 -24.1665 0
      vertex 11.7868 -24.1665 1.2
    endloop
  endfacet
  facet normal 0.946264 -0.323395 0
    outer loop
      vertex 11.7868 -24.1665 0
      vertex 11.5678 -24.8073 1.2
      vertex 11.5678 -24.8073 0
    endloop
  endfacet
  facet normal 0.995991 0.089455 0
    outer loop
      vertex 11.7868 -24.1665 1.2
      vertex 11.6741 -22.9117 0
      vertex 11.6741 -22.9117 1.2
    endloop
  endfacet
  facet normal 0.995991 0.089455 0
    outer loop
      vertex 11.6741 -22.9117 0
      vertex 11.7868 -24.1665 1.2
      vertex 11.7868 -24.1665 0
    endloop
  endfacet
  facet normal 0.966384 0.257103 0
    outer loop
      vertex 11.6741 -22.9117 1.2
      vertex 11.1651 -20.9985 0
      vertex 11.1651 -20.9985 1.2
    endloop
  endfacet
  facet normal 0.966384 0.257103 0
    outer loop
      vertex 11.1651 -20.9985 0
      vertex 11.6741 -22.9117 1.2
      vertex 11.6741 -22.9117 0
    endloop
  endfacet
  facet normal 0.994252 0.107062 0
    outer loop
      vertex 11.1651 -20.9985 1.2
      vertex 11.0507 -19.9361 0
      vertex 11.0507 -19.9361 1.2
    endloop
  endfacet
  facet normal 0.994252 0.107062 0
    outer loop
      vertex 11.0507 -19.9361 0
      vertex 11.1651 -20.9985 1.2
      vertex 11.1651 -20.9985 0
    endloop
  endfacet
  facet normal -0.712215 -0.701961 0
    outer loop
      vertex 12.1597 -21.0613 0
      vertex 11.0507 -19.9361 1.2
      vertex 11.0507 -19.9361 0
    endloop
  endfacet
  facet normal -0.712215 -0.701961 0
    outer loop
      vertex 11.0507 -19.9361 1.2
      vertex 12.1597 -21.0613 0
      vertex 12.1597 -21.0613 1.2
    endloop
  endfacet
  facet normal -0.488243 -0.872707 0
    outer loop
      vertex 12.1597 -21.0613 0
      vertex 12.9056 -21.4786 1.2
      vertex 12.1597 -21.0613 1.2
    endloop
  endfacet
  facet normal -0.488243 -0.872707 -0
    outer loop
      vertex 12.9056 -21.4786 1.2
      vertex 12.1597 -21.0613 0
      vertex 12.9056 -21.4786 0
    endloop
  endfacet
  facet normal 0.0526008 -0.998616 0
    outer loop
      vertex 12.9056 -21.4786 0
      vertex 13.4049 -21.4523 1.2
      vertex 12.9056 -21.4786 1.2
    endloop
  endfacet
  facet normal 0.0526008 -0.998616 0
    outer loop
      vertex 13.4049 -21.4523 1.2
      vertex 12.9056 -21.4786 0
      vertex 13.4049 -21.4523 0
    endloop
  endfacet
  facet normal -0.0370528 -0.999313 0
    outer loop
      vertex 13.4049 -21.4523 0
      vertex 13.9443 -21.4723 1.2
      vertex 13.4049 -21.4523 1.2
    endloop
  endfacet
  facet normal -0.0370528 -0.999313 -0
    outer loop
      vertex 13.9443 -21.4723 1.2
      vertex 13.4049 -21.4523 0
      vertex 13.9443 -21.4723 0
    endloop
  endfacet
  facet normal -0.505687 -0.862717 0
    outer loop
      vertex 13.9443 -21.4723 0
      vertex 14.8357 -21.9948 1.2
      vertex 13.9443 -21.4723 1.2
    endloop
  endfacet
  facet normal -0.505687 -0.862717 -0
    outer loop
      vertex 14.8357 -21.9948 1.2
      vertex 13.9443 -21.4723 0
      vertex 14.8357 -21.9948 0
    endloop
  endfacet
  facet normal -0.64817 -0.761496 0
    outer loop
      vertex 14.8357 -21.9948 0
      vertex 16.2347 -23.1856 1.2
      vertex 14.8357 -21.9948 1.2
    endloop
  endfacet
  facet normal -0.64817 -0.761496 -0
    outer loop
      vertex 16.2347 -23.1856 1.2
      vertex 14.8357 -21.9948 0
      vertex 16.2347 -23.1856 0
    endloop
  endfacet
  facet normal -0.672089 -0.74047 0
    outer loop
      vertex 16.2347 -23.1856 0
      vertex 18.0279 -24.8132 1.2
      vertex 16.2347 -23.1856 1.2
    endloop
  endfacet
  facet normal -0.672089 -0.74047 -0
    outer loop
      vertex 18.0279 -24.8132 1.2
      vertex 16.2347 -23.1856 0
      vertex 18.0279 -24.8132 0
    endloop
  endfacet
  facet normal -0.644278 -0.764791 0
    outer loop
      vertex 18.0279 -24.8132 0
      vertex 19.8632 -26.3593 1.2
      vertex 18.0279 -24.8132 1.2
    endloop
  endfacet
  facet normal -0.644278 -0.764791 -0
    outer loop
      vertex 19.8632 -26.3593 1.2
      vertex 18.0279 -24.8132 0
      vertex 19.8632 -26.3593 0
    endloop
  endfacet
  facet normal -0.538792 -0.842439 0
    outer loop
      vertex 19.8632 -26.3593 0
      vertex 21.3242 -27.2937 1.2
      vertex 19.8632 -26.3593 1.2
    endloop
  endfacet
  facet normal -0.538792 -0.842439 -0
    outer loop
      vertex 21.3242 -27.2937 1.2
      vertex 19.8632 -26.3593 0
      vertex 21.3242 -27.2937 0
    endloop
  endfacet
  facet normal -0.0868967 -0.996217 0
    outer loop
      vertex 21.3242 -27.2937 0
      vertex 22.1611 -27.3667 1.2
      vertex 21.3242 -27.2937 1.2
    endloop
  endfacet
  facet normal -0.0868967 -0.996217 -0
    outer loop
      vertex 22.1611 -27.3667 1.2
      vertex 21.3242 -27.2937 0
      vertex 22.1611 -27.3667 0
    endloop
  endfacet
  facet normal 0.902367 -0.430968 0
    outer loop
      vertex 22.1611 -27.3667 1.2
      vertex 22.4521 -26.7574 0
      vertex 22.4521 -26.7574 1.2
    endloop
  endfacet
  facet normal 0.902367 -0.430968 0
    outer loop
      vertex 22.4521 -26.7574 0
      vertex 22.1611 -27.3667 1.2
      vertex 22.1611 -27.3667 0
    endloop
  endfacet
  facet normal 0.983271 -0.182149 0
    outer loop
      vertex 22.4521 -26.7574 1.2
      vertex 22.594 -25.9914 0
      vertex 22.594 -25.9914 1.2
    endloop
  endfacet
  facet normal 0.983271 -0.182149 0
    outer loop
      vertex 22.594 -25.9914 0
      vertex 22.4521 -26.7574 1.2
      vertex 22.4521 -26.7574 0
    endloop
  endfacet
  facet normal 0.532104 -0.846679 0
    outer loop
      vertex 22.594 -25.9914 0
      vertex 23.1105 -25.6668 1.2
      vertex 22.594 -25.9914 1.2
    endloop
  endfacet
  facet normal 0.532104 -0.846679 0
    outer loop
      vertex 23.1105 -25.6668 1.2
      vertex 22.594 -25.9914 0
      vertex 23.1105 -25.6668 0
    endloop
  endfacet
  facet normal -0.347482 -0.937687 0
    outer loop
      vertex 23.1105 -25.6668 0
      vertex 24.3699 -26.1335 1.2
      vertex 23.1105 -25.6668 1.2
    endloop
  endfacet
  facet normal -0.347482 -0.937687 -0
    outer loop
      vertex 24.3699 -26.1335 1.2
      vertex 23.1105 -25.6668 0
      vertex 24.3699 -26.1335 0
    endloop
  endfacet
  facet normal -0.505141 -0.863037 0
    outer loop
      vertex 24.3699 -26.1335 0
      vertex 26.3639 -27.3006 1.2
      vertex 24.3699 -26.1335 1.2
    endloop
  endfacet
  facet normal -0.505141 -0.863037 -0
    outer loop
      vertex 26.3639 -27.3006 1.2
      vertex 24.3699 -26.1335 0
      vertex 26.3639 -27.3006 0
    endloop
  endfacet
  facet normal -0.511417 -0.859333 0
    outer loop
      vertex 26.3639 -27.3006 0
      vertex 28.6775 -28.6775 1.2
      vertex 26.3639 -27.3006 1.2
    endloop
  endfacet
  facet normal -0.511417 -0.859333 -0
    outer loop
      vertex 28.6775 -28.6775 1.2
      vertex 26.3639 -27.3006 0
      vertex 28.6775 -28.6775 0
    endloop
  endfacet
  facet normal -0.42938 -0.903124 0
    outer loop
      vertex 28.6775 -28.6775 0
      vertex 30.6847 -29.6318 1.2
      vertex 28.6775 -28.6775 1.2
    endloop
  endfacet
  facet normal -0.42938 -0.903124 -0
    outer loop
      vertex 30.6847 -29.6318 1.2
      vertex 28.6775 -28.6775 0
      vertex 30.6847 -29.6318 0
    endloop
  endfacet
  facet normal -0.0789014 -0.996882 0
    outer loop
      vertex 30.6847 -29.6318 0
      vertex 31.8774 -29.7262 1.2
      vertex 30.6847 -29.6318 1.2
    endloop
  endfacet
  facet normal -0.0789014 -0.996882 -0
    outer loop
      vertex 31.8774 -29.7262 1.2
      vertex 30.6847 -29.6318 0
      vertex 31.8774 -29.7262 0
    endloop
  endfacet
  facet normal 0.940682 -0.339288 0
    outer loop
      vertex 31.8774 -29.7262 1.2
      vertex 32.1561 -28.9535 0
      vertex 32.1561 -28.9535 1.2
    endloop
  endfacet
  facet normal 0.940682 -0.339288 0
    outer loop
      vertex 32.1561 -28.9535 0
      vertex 31.8774 -29.7262 1.2
      vertex 31.8774 -29.7262 0
    endloop
  endfacet
  facet normal 0.980817 0.194931 0
    outer loop
      vertex 32.1561 -28.9535 1.2
      vertex 31.9157 -27.7439 0
      vertex 31.9157 -27.7439 1.2
    endloop
  endfacet
  facet normal 0.980817 0.194931 0
    outer loop
      vertex 31.9157 -27.7439 0
      vertex 32.1561 -28.9535 1.2
      vertex 32.1561 -28.9535 0
    endloop
  endfacet
  facet normal 0.998723 0.0505218 0
    outer loop
      vertex 31.9157 -27.7439 1.2
      vertex 31.8648 -26.7377 0
      vertex 31.8648 -26.7377 1.2
    endloop
  endfacet
  facet normal 0.998723 0.0505218 0
    outer loop
      vertex 31.8648 -26.7377 0
      vertex 31.9157 -27.7439 1.2
      vertex 31.9157 -27.7439 0
    endloop
  endfacet
  facet normal 0.344543 -0.938771 0
    outer loop
      vertex 31.8648 -26.7377 0
      vertex 32.6585 -26.4464 1.2
      vertex 31.8648 -26.7377 1.2
    endloop
  endfacet
  facet normal 0.344543 -0.938771 0
    outer loop
      vertex 32.6585 -26.4464 1.2
      vertex 31.8648 -26.7377 0
      vertex 32.6585 -26.4464 0
    endloop
  endfacet
  facet normal -0.27441 -0.961613 0
    outer loop
      vertex 32.6585 -26.4464 0
      vertex 34.5354 -26.982 1.2
      vertex 32.6585 -26.4464 1.2
    endloop
  endfacet
  facet normal -0.27441 -0.961613 -0
    outer loop
      vertex 34.5354 -26.982 1.2
      vertex 32.6585 -26.4464 0
      vertex 34.5354 -26.982 0
    endloop
  endfacet
  facet normal -0.362059 -0.932155 0
    outer loop
      vertex 34.5354 -26.982 0
      vertex 37.1584 -28.0008 1.2
      vertex 34.5354 -26.982 1.2
    endloop
  endfacet
  facet normal -0.362059 -0.932155 -0
    outer loop
      vertex 37.1584 -28.0008 1.2
      vertex 34.5354 -26.982 0
      vertex 37.1584 -28.0008 0
    endloop
  endfacet
  facet normal -0.322689 -0.946505 0
    outer loop
      vertex 37.1584 -28.0008 0
      vertex 39.7613 -28.8882 1.2
      vertex 37.1584 -28.0008 1.2
    endloop
  endfacet
  facet normal -0.322689 -0.946505 -0
    outer loop
      vertex 39.7613 -28.8882 1.2
      vertex 37.1584 -28.0008 0
      vertex 39.7613 -28.8882 0
    endloop
  endfacet
  facet normal -0.11072 -0.993852 0
    outer loop
      vertex 39.7613 -28.8882 0
      vertex 41.5395 -29.0863 1.2
      vertex 39.7613 -28.8882 1.2
    endloop
  endfacet
  facet normal -0.11072 -0.993852 -0
    outer loop
      vertex 41.5395 -29.0863 1.2
      vertex 39.7613 -28.8882 0
      vertex 41.5395 -29.0863 0
    endloop
  endfacet
  facet normal 0.896064 0.443924 0
    outer loop
      vertex 41.5395 -29.0863 1.2
      vertex 40.7452 -27.483 0
      vertex 40.7452 -27.483 1.2
    endloop
  endfacet
  facet normal 0.896064 0.443924 0
    outer loop
      vertex 40.7452 -27.483 0
      vertex 41.5395 -29.0863 1.2
      vertex 41.5395 -29.0863 0
    endloop
  endfacet
  facet normal 0.77906 0.62695 0
    outer loop
      vertex 40.7452 -27.483 1.2
      vertex 39.0211 -25.3406 0
      vertex 39.0211 -25.3406 1.2
    endloop
  endfacet
  facet normal 0.77906 0.62695 0
    outer loop
      vertex 39.0211 -25.3406 0
      vertex 40.7452 -27.483 1.2
      vertex 40.7452 -27.483 0
    endloop
  endfacet
  facet normal 0.752094 0.659055 0
    outer loop
      vertex 39.0211 -25.3406 1.2
      vertex 37.1666 -23.2243 0
      vertex 37.1666 -23.2243 1.2
    endloop
  endfacet
  facet normal 0.752094 0.659055 0
    outer loop
      vertex 37.1666 -23.2243 0
      vertex 39.0211 -25.3406 1.2
      vertex 39.0211 -25.3406 0
    endloop
  endfacet
  facet normal 0.809747 0.586779 0
    outer loop
      vertex 37.1666 -23.2243 1.2
      vertex 36.0213 -21.6438 0
      vertex 36.0213 -21.6438 1.2
    endloop
  endfacet
  facet normal 0.809747 0.586779 0
    outer loop
      vertex 36.0213 -21.6438 0
      vertex 37.1666 -23.2243 1.2
      vertex 37.1666 -23.2243 0
    endloop
  endfacet
  facet normal 0.999996 -0.00271995 0
    outer loop
      vertex 36.0213 -21.6438 1.2
      vertex 36.0236 -20.7982 0
      vertex 36.0236 -20.7982 1.2
    endloop
  endfacet
  facet normal 0.999996 -0.00271995 0
    outer loop
      vertex 36.0236 -20.7982 0
      vertex 36.0213 -21.6438 1.2
      vertex 36.0213 -21.6438 0
    endloop
  endfacet
  facet normal 0.294016 -0.9558 0
    outer loop
      vertex 36.0236 -20.7982 0
      vertex 36.9865 -20.502 1.2
      vertex 36.0236 -20.7982 1.2
    endloop
  endfacet
  facet normal 0.294016 -0.9558 0
    outer loop
      vertex 36.9865 -20.502 1.2
      vertex 36.0236 -20.7982 0
      vertex 36.9865 -20.502 0
    endloop
  endfacet
  facet normal 0.152277 -0.988338 0
    outer loop
      vertex 36.9865 -20.502 0
      vertex 38.2054 -20.3142 1.2
      vertex 36.9865 -20.502 1.2
    endloop
  endfacet
  facet normal 0.152277 -0.988338 0
    outer loop
      vertex 38.2054 -20.3142 1.2
      vertex 36.9865 -20.502 0
      vertex 38.2054 -20.3142 0
    endloop
  endfacet
  facet normal 0.640567 -0.767902 0
    outer loop
      vertex 38.2054 -20.3142 0
      vertex 38.8362 -19.788 1.2
      vertex 38.2054 -20.3142 1.2
    endloop
  endfacet
  facet normal 0.640567 -0.767902 0
    outer loop
      vertex 38.8362 -19.788 1.2
      vertex 38.2054 -20.3142 0
      vertex 38.8362 -19.788 0
    endloop
  endfacet
  facet normal 0.90979 0.415068 0
    outer loop
      vertex 38.8362 -19.788 1.2
      vertex 38.3396 -18.6995 0
      vertex 38.3396 -18.6995 1.2
    endloop
  endfacet
  facet normal 0.90979 0.415068 0
    outer loop
      vertex 38.3396 -18.6995 0
      vertex 38.8362 -19.788 1.2
      vertex 38.8362 -19.788 0
    endloop
  endfacet
  facet normal 0.7018 0.712374 -0
    outer loop
      vertex 38.3396 -18.6995 0
      vertex 36.7563 -17.1397 1.2
      vertex 38.3396 -18.6995 1.2
    endloop
  endfacet
  facet normal 0.7018 0.712374 0
    outer loop
      vertex 36.7563 -17.1397 1.2
      vertex 38.3396 -18.6995 0
      vertex 36.7563 -17.1397 0
    endloop
  endfacet
  facet normal 0.632576 0.774498 -0
    outer loop
      vertex 36.7563 -17.1397 0
      vertex 34.6711 -15.4366 1.2
      vertex 36.7563 -17.1397 1.2
    endloop
  endfacet
  facet normal 0.632576 0.774498 0
    outer loop
      vertex 34.6711 -15.4366 1.2
      vertex 36.7563 -17.1397 0
      vertex 34.6711 -15.4366 0
    endloop
  endfacet
  facet normal 0.63825 0.76983 -0
    outer loop
      vertex 34.6711 -15.4366 0
      vertex 32.8925 -13.962 1.2
      vertex 34.6711 -15.4366 1.2
    endloop
  endfacet
  facet normal 0.63825 0.76983 0
    outer loop
      vertex 32.8925 -13.962 1.2
      vertex 34.6711 -15.4366 0
      vertex 32.8925 -13.962 0
    endloop
  endfacet
  facet normal 0.762244 0.64729 0
    outer loop
      vertex 32.8925 -13.962 1.2
      vertex 32.0231 -12.9382 0
      vertex 32.0231 -12.9382 1.2
    endloop
  endfacet
  facet normal 0.762244 0.64729 0
    outer loop
      vertex 32.0231 -12.9382 0
      vertex 32.8925 -13.962 1.2
      vertex 32.8925 -13.962 0
    endloop
  endfacet
  facet normal 0.9776 -0.210469 0
    outer loop
      vertex 32.0231 -12.9382 1.2
      vertex 32.1515 -12.3418 0
      vertex 32.1515 -12.3418 1.2
    endloop
  endfacet
  facet normal 0.9776 -0.210469 0
    outer loop
      vertex 32.1515 -12.3418 0
      vertex 32.0231 -12.9382 1.2
      vertex 32.0231 -12.9382 0
    endloop
  endfacet
  facet normal 0.507418 -0.8617 0
    outer loop
      vertex 32.1515 -12.3418 0
      vertex 32.8228 -11.9465 1.2
      vertex 32.1515 -12.3418 1.2
    endloop
  endfacet
  facet normal 0.507418 -0.8617 0
    outer loop
      vertex 32.8228 -11.9465 1.2
      vertex 32.1515 -12.3418 0
      vertex 32.8228 -11.9465 0
    endloop
  endfacet
  facet normal 0.713594 -0.70056 0
    outer loop
      vertex 32.8228 -11.9465 1.2
      vertex 33.2958 -11.4647 0
      vertex 33.2958 -11.4647 1.2
    endloop
  endfacet
  facet normal 0.713594 -0.70056 0
    outer loop
      vertex 33.2958 -11.4647 0
      vertex 32.8228 -11.9465 1.2
      vertex 32.8228 -11.9465 0
    endloop
  endfacet
  facet normal 0.906441 0.422331 0
    outer loop
      vertex 33.2958 -11.4647 1.2
      vertex 32.941 -10.7032 0
      vertex 32.941 -10.7032 1.2
    endloop
  endfacet
  facet normal 0.906441 0.422331 0
    outer loop
      vertex 32.941 -10.7032 0
      vertex 33.2958 -11.4647 1.2
      vertex 33.2958 -11.4647 0
    endloop
  endfacet
  facet normal 0.607379 0.794412 -0
    outer loop
      vertex 32.941 -10.7032 0
      vertex 31.5633 -9.64986 1.2
      vertex 32.941 -10.7032 1.2
    endloop
  endfacet
  facet normal 0.607379 0.794412 0
    outer loop
      vertex 31.5633 -9.64986 1.2
      vertex 32.941 -10.7032 0
      vertex 31.5633 -9.64986 0
    endloop
  endfacet
  facet normal 0.49831 0.866999 -0
    outer loop
      vertex 31.5633 -9.64986 0
      vertex 29.4827 -8.45403 1.2
      vertex 31.5633 -9.64986 1.2
    endloop
  endfacet
  facet normal 0.49831 0.866999 0
    outer loop
      vertex 29.4827 -8.45403 1.2
      vertex 31.5633 -9.64986 0
      vertex 29.4827 -8.45403 0
    endloop
  endfacet
  facet normal 0.465935 0.884819 -0
    outer loop
      vertex 29.4827 -8.45403 0
      vertex 27.34 -7.32571 1.2
      vertex 29.4827 -8.45403 1.2
    endloop
  endfacet
  facet normal 0.465935 0.884819 0
    outer loop
      vertex 27.34 -7.32571 1.2
      vertex 29.4827 -8.45403 0
      vertex 27.34 -7.32571 0
    endloop
  endfacet
  facet normal 0.493894 0.869522 -0
    outer loop
      vertex 27.34 -7.32571 0
      vertex 25.7425 -6.41832 1.2
      vertex 27.34 -7.32571 1.2
    endloop
  endfacet
  facet normal 0.493894 0.869522 0
    outer loop
      vertex 25.7425 -6.41832 1.2
      vertex 27.34 -7.32571 0
      vertex 25.7425 -6.41832 0
    endloop
  endfacet
  facet normal 0.637725 0.770264 -0
    outer loop
      vertex 25.7425 -6.41832 0
      vertex 24.9466 -5.75937 1.2
      vertex 25.7425 -6.41832 1.2
    endloop
  endfacet
  facet normal 0.637725 0.770264 0
    outer loop
      vertex 24.9466 -5.75937 1.2
      vertex 25.7425 -6.41832 0
      vertex 24.9466 -5.75937 0
    endloop
  endfacet
  facet normal 0.926359 0.376642 0
    outer loop
      vertex 24.9466 -5.75937 1.2
      vertex 24.7433 -5.25935 0
      vertex 24.7433 -5.25935 1.2
    endloop
  endfacet
  facet normal 0.926359 0.376642 0
    outer loop
      vertex 24.7433 -5.25935 0
      vertex 24.9466 -5.75937 1.2
      vertex 24.9466 -5.75937 0
    endloop
  endfacet
  facet normal 0.956349 0.292227 0
    outer loop
      vertex 24.7433 -5.25935 1.2
      vertex 24.5972 -4.78122 0
      vertex 24.5972 -4.78122 1.2
    endloop
  endfacet
  facet normal 0.956349 0.292227 0
    outer loop
      vertex 24.5972 -4.78122 0
      vertex 24.7433 -5.25935 1.2
      vertex 24.7433 -5.25935 0
    endloop
  endfacet
  facet normal 0.65312 0.757254 -0
    outer loop
      vertex 24.5972 -4.78122 0
      vertex 23.95 -4.22302 1.2
      vertex 24.5972 -4.78122 1.2
    endloop
  endfacet
  facet normal 0.65312 0.757254 0
    outer loop
      vertex 23.95 -4.22302 1.2
      vertex 24.5972 -4.78122 0
      vertex 23.95 -4.22302 0
    endloop
  endfacet
  facet normal 0.416018 0.909356 -0
    outer loop
      vertex 23.95 -4.22302 0
      vertex 22.5133 -3.56575 1.2
      vertex 23.95 -4.22302 1.2
    endloop
  endfacet
  facet normal 0.416018 0.909356 0
    outer loop
      vertex 22.5133 -3.56575 1.2
      vertex 23.95 -4.22302 0
      vertex 22.5133 -3.56575 0
    endloop
  endfacet
  facet normal 0.313431 0.949611 -0
    outer loop
      vertex 22.5133 -3.56575 0
      vertex 20.3937 -2.86615 1.2
      vertex 22.5133 -3.56575 1.2
    endloop
  endfacet
  facet normal 0.313431 0.949611 0
    outer loop
      vertex 20.3937 -2.86615 1.2
      vertex 22.5133 -3.56575 0
      vertex 20.3937 -2.86615 0
    endloop
  endfacet
  facet normal 0.263736 0.964595 -0
    outer loop
      vertex 20.3937 -2.86615 0
      vertex 17.9896 -2.20883 1.2
      vertex 20.3937 -2.86615 1.2
    endloop
  endfacet
  facet normal 0.263736 0.964595 0
    outer loop
      vertex 17.9896 -2.20883 1.2
      vertex 20.3937 -2.86615 0
      vertex 17.9896 -2.20883 0
    endloop
  endfacet
  facet normal 0.238872 0.971051 -0
    outer loop
      vertex 17.9896 -2.20883 0
      vertex 15.7321 -1.6535 1.2
      vertex 17.9896 -2.20883 1.2
    endloop
  endfacet
  facet normal 0.238872 0.971051 0
    outer loop
      vertex 15.7321 -1.6535 1.2
      vertex 17.9896 -2.20883 0
      vertex 15.7321 -1.6535 0
    endloop
  endfacet
  facet normal 0.83782 0.545946 0
    outer loop
      vertex 15.7321 -1.6535 1.2
      vertex 15.5406 -1.35962 0
      vertex 15.5406 -1.35962 1.2
    endloop
  endfacet
  facet normal 0.83782 0.545946 0
    outer loop
      vertex 15.5406 -1.35962 0
      vertex 15.7321 -1.6535 1.2
      vertex 15.7321 -1.6535 0
    endloop
  endfacet
  facet normal 0.996906 -0.0786007 0
    outer loop
      vertex 15.5406 -1.35962 1.2
      vertex 15.562 -1.0882 0
      vertex 15.562 -1.0882 1.2
    endloop
  endfacet
  facet normal 0.996906 -0.0786007 0
    outer loop
      vertex 15.562 -1.0882 0
      vertex 15.5406 -1.35962 1.2
      vertex 15.5406 -1.35962 0
    endloop
  endfacet
  facet normal 0.99814 -0.060969 0
    outer loop
      vertex 15.562 -1.0882 1.2
      vertex 15.5786 -0.816437 0
      vertex 15.5786 -0.816437 1.2
    endloop
  endfacet
  facet normal 0.99814 -0.060969 0
    outer loop
      vertex 15.5786 -0.816437 0
      vertex 15.562 -1.0882 1.2
      vertex 15.562 -1.0882 0
    endloop
  endfacet
  facet normal 0.999044 -0.0437051 0
    outer loop
      vertex 15.5786 -0.816437 1.2
      vertex 15.5905 -0.544418 0
      vertex 15.5905 -0.544418 1.2
    endloop
  endfacet
  facet normal 0.999044 -0.0437051 0
    outer loop
      vertex 15.5905 -0.544418 0
      vertex 15.5786 -0.816437 1.2
      vertex 15.5786 -0.816437 0
    endloop
  endfacet
  facet normal 0.99966 -0.0260777 0
    outer loop
      vertex 15.5905 -0.544418 1.2
      vertex 15.5976 -0.272247 0
      vertex 15.5976 -0.272247 1.2
    endloop
  endfacet
  facet normal 0.99966 -0.0260777 0
    outer loop
      vertex 15.5976 -0.272247 0
      vertex 15.5905 -0.544418 1.2
      vertex 15.5905 -0.544418 0
    endloop
  endfacet
  facet normal 0.999961 -0.00881518 0
    outer loop
      vertex 15.5976 -0.272247 1.2
      vertex 15.6 0 0
      vertex 15.6 0 1.2
    endloop
  endfacet
  facet normal 0.999961 -0.00881518 0
    outer loop
      vertex 15.6 0 0
      vertex 15.5976 -0.272247 1.2
      vertex 15.5976 -0.272247 0
    endloop
  endfacet
  facet normal 0.999961 0.00881518 0
    outer loop
      vertex 15.6 0 1.2
      vertex 15.5976 0.272247 0
      vertex 15.5976 0.272247 1.2
    endloop
  endfacet
  facet normal 0.999961 0.00881518 0
    outer loop
      vertex 15.5976 0.272247 0
      vertex 15.6 0 1.2
      vertex 15.6 0 0
    endloop
  endfacet
  facet normal 0.99966 0.0260777 0
    outer loop
      vertex 15.5976 0.272247 1.2
      vertex 15.5905 0.544418 0
      vertex 15.5905 0.544418 1.2
    endloop
  endfacet
  facet normal 0.99966 0.0260777 0
    outer loop
      vertex 15.5905 0.544418 0
      vertex 15.5976 0.272247 1.2
      vertex 15.5976 0.272247 0
    endloop
  endfacet
  facet normal 0.999044 0.0437051 0
    outer loop
      vertex 15.5905 0.544418 1.2
      vertex 15.5786 0.816437 0
      vertex 15.5786 0.816437 1.2
    endloop
  endfacet
  facet normal 0.999044 0.0437051 0
    outer loop
      vertex 15.5786 0.816437 0
      vertex 15.5905 0.544418 1.2
      vertex 15.5905 0.544418 0
    endloop
  endfacet
  facet normal 0.99814 0.060969 0
    outer loop
      vertex 15.5786 0.816437 1.2
      vertex 15.562 1.0882 0
      vertex 15.562 1.0882 1.2
    endloop
  endfacet
  facet normal 0.99814 0.060969 0
    outer loop
      vertex 15.562 1.0882 0
      vertex 15.5786 0.816437 1.2
      vertex 15.5786 0.816437 0
    endloop
  endfacet
  facet normal 0.996906 0.0786007 0
    outer loop
      vertex 15.562 1.0882 1.2
      vertex 15.5406 1.35962 0
      vertex 15.5406 1.35962 1.2
    endloop
  endfacet
  facet normal 0.996906 0.0786007 0
    outer loop
      vertex 15.5406 1.35962 0
      vertex 15.562 1.0882 1.2
      vertex 15.562 1.0882 0
    endloop
  endfacet
  facet normal 0.995395 0.0958629 0
    outer loop
      vertex 15.5406 1.35962 1.2
      vertex 15.5145 1.63063 0
      vertex 15.5145 1.63063 1.2
    endloop
  endfacet
  facet normal 0.995395 0.0958629 0
    outer loop
      vertex 15.5145 1.63063 0
      vertex 15.5406 1.35962 1.2
      vertex 15.5406 1.35962 0
    endloop
  endfacet
  facet normal 0.993581 0.113124 0
    outer loop
      vertex 15.5145 1.63063 1.2
      vertex 15.4837 1.90115 0
      vertex 15.4837 1.90115 1.2
    endloop
  endfacet
  facet normal 0.993581 0.113124 0
    outer loop
      vertex 15.4837 1.90115 0
      vertex 15.5145 1.63063 1.2
      vertex 15.5145 1.63063 0
    endloop
  endfacet
  facet normal 0.437527 -0.899205 0
    outer loop
      vertex 15.4837 1.90115 0
      vertex 16.2782 2.28773 1.2
      vertex 15.4837 1.90115 1.2
    endloop
  endfacet
  facet normal 0.437527 -0.899205 0
    outer loop
      vertex 16.2782 2.28773 1.2
      vertex 15.4837 1.90115 0
      vertex 16.2782 2.28773 0
    endloop
  endfacet
  facet normal 0.62757 -0.77856 0
    outer loop
      vertex 16.2782 2.28773 0
      vertex 16.7267 2.64925 1.2
      vertex 16.2782 2.28773 1.2
    endloop
  endfacet
  facet normal 0.62757 -0.77856 0
    outer loop
      vertex 16.7267 2.64925 1.2
      vertex 16.2782 2.28773 0
      vertex 16.7267 2.64925 0
    endloop
  endfacet
  facet normal 0.950591 -0.310446 0
    outer loop
      vertex 16.7267 2.64925 1.2
      vertex 16.8307 2.9677 0
      vertex 16.8307 2.9677 1.2
    endloop
  endfacet
  facet normal 0.950591 -0.310446 0
    outer loop
      vertex 16.8307 2.9677 0
      vertex 16.7267 2.64925 1.2
      vertex 16.7267 2.64925 0
    endloop
  endfacet
  facet normal 0.748164 -0.663513 0
    outer loop
      vertex 16.8307 2.9677 1.2
      vertex 17.1563 3.33484 0
      vertex 17.1563 3.33484 1.2
    endloop
  endfacet
  facet normal 0.748164 -0.663513 0
    outer loop
      vertex 17.1563 3.33484 0
      vertex 16.8307 2.9677 1.2
      vertex 16.8307 2.9677 0
    endloop
  endfacet
  facet normal 0.47097 -0.882149 0
    outer loop
      vertex 17.1563 3.33484 0
      vertex 18.1268 3.85298 1.2
      vertex 17.1563 3.33484 1.2
    endloop
  endfacet
  facet normal 0.47097 -0.882149 0
    outer loop
      vertex 18.1268 3.85298 1.2
      vertex 17.1563 3.33484 0
      vertex 18.1268 3.85298 0
    endloop
  endfacet
  facet normal 0.403359 -0.915042 0
    outer loop
      vertex 18.1268 3.85298 0
      vertex 19.7078 4.5499 1.2
      vertex 18.1268 3.85298 1.2
    endloop
  endfacet
  facet normal 0.403359 -0.915042 0
    outer loop
      vertex 19.7078 4.5499 1.2
      vertex 18.1268 3.85298 0
      vertex 19.7078 4.5499 0
    endloop
  endfacet
  facet normal 0.421455 -0.906849 0
    outer loop
      vertex 19.7078 4.5499 0
      vertex 21.3967 5.33481 1.2
      vertex 19.7078 4.5499 1.2
    endloop
  endfacet
  facet normal 0.421455 -0.906849 0
    outer loop
      vertex 21.3967 5.33481 1.2
      vertex 19.7078 4.5499 0
      vertex 21.3967 5.33481 0
    endloop
  endfacet
  facet normal 0.523545 -0.851998 0
    outer loop
      vertex 21.3967 5.33481 0
      vertex 22.5464 6.04129 1.2
      vertex 21.3967 5.33481 1.2
    endloop
  endfacet
  facet normal 0.523545 -0.851998 0
    outer loop
      vertex 22.5464 6.04129 1.2
      vertex 21.3967 5.33481 0
      vertex 22.5464 6.04129 0
    endloop
  endfacet
  facet normal 0.882553 -0.470213 0
    outer loop
      vertex 22.5464 6.04129 1.2
      vertex 22.8129 6.54149 0
      vertex 22.8129 6.54149 1.2
    endloop
  endfacet
  facet normal 0.882553 -0.470213 0
    outer loop
      vertex 22.8129 6.54149 0
      vertex 22.5464 6.04129 1.2
      vertex 22.5464 6.04129 0
    endloop
  endfacet
  facet normal 0.619853 0.784718 -0
    outer loop
      vertex 22.8129 6.54149 0
      vertex 22.4176 6.85374 1.2
      vertex 22.8129 6.54149 1.2
    endloop
  endfacet
  facet normal 0.619853 0.784718 0
    outer loop
      vertex 22.4176 6.85374 1.2
      vertex 22.8129 6.54149 0
      vertex 22.4176 6.85374 0
    endloop
  endfacet
  facet normal 0.614644 0.788805 -0
    outer loop
      vertex 22.4176 6.85374 0
      vertex 22.028 7.15732 1.2
      vertex 22.4176 6.85374 1.2
    endloop
  endfacet
  facet normal 0.614644 0.788805 0
    outer loop
      vertex 22.028 7.15732 1.2
      vertex 22.4176 6.85374 0
      vertex 22.028 7.15732 0
    endloop
  endfacet
  facet normal 0.875062 -0.48401 0
    outer loop
      vertex 22.028 7.15732 1.2
      vertex 22.3201 7.68542 0
      vertex 22.3201 7.68542 1.2
    endloop
  endfacet
  facet normal 0.875062 -0.48401 0
    outer loop
      vertex 22.3201 7.68542 0
      vertex 22.028 7.15732 1.2
      vertex 22.028 7.15732 0
    endloop
  endfacet
  facet normal 0.590446 -0.807077 0
    outer loop
      vertex 22.3201 7.68542 0
      vertex 23.5127 8.55791 1.2
      vertex 22.3201 7.68542 1.2
    endloop
  endfacet
  facet normal 0.590446 -0.807077 0
    outer loop
      vertex 23.5127 8.55791 1.2
      vertex 22.3201 7.68542 0
      vertex 23.5127 8.55791 0
    endloop
  endfacet
  facet normal 0.551885 -0.83392 0
    outer loop
      vertex 23.5127 8.55791 0
      vertex 25.1958 9.67178 1.2
      vertex 23.5127 8.55791 1.2
    endloop
  endfacet
  facet normal 0.551885 -0.83392 0
    outer loop
      vertex 25.1958 9.67178 1.2
      vertex 23.5127 8.55791 0
      vertex 25.1958 9.67178 0
    endloop
  endfacet
  facet normal 0.609823 -0.792538 0
    outer loop
      vertex 25.1958 9.67178 0
      vertex 26.5859 10.7414 1.2
      vertex 25.1958 9.67178 1.2
    endloop
  endfacet
  facet normal 0.609823 -0.792538 0
    outer loop
      vertex 26.5859 10.7414 1.2
      vertex 25.1958 9.67178 0
      vertex 26.5859 10.7414 0
    endloop
  endfacet
  facet normal 0.84823 -0.529628 0
    outer loop
      vertex 26.5859 10.7414 1.2
      vertex 27.0477 11.481 0
      vertex 27.0477 11.481 1.2
    endloop
  endfacet
  facet normal 0.84823 -0.529628 0
    outer loop
      vertex 27.0477 11.481 0
      vertex 26.5859 10.7414 1.2
      vertex 26.5859 10.7414 0
    endloop
  endfacet
  facet normal 0.543604 0.839342 -0
    outer loop
      vertex 27.0477 11.481 0
      vertex 26.534 11.8137 1.2
      vertex 27.0477 11.481 1.2
    endloop
  endfacet
  facet normal 0.543604 0.839342 0
    outer loop
      vertex 26.534 11.8137 1.2
      vertex 27.0477 11.481 0
      vertex 26.534 11.8137 0
    endloop
  endfacet
  facet normal 0.156291 0.987711 -0
    outer loop
      vertex 26.534 11.8137 0
      vertex 25.6385 11.9554 1.2
      vertex 26.534 11.8137 1.2
    endloop
  endfacet
  facet normal 0.156291 0.987711 0
    outer loop
      vertex 25.6385 11.9554 1.2
      vertex 26.534 11.8137 0
      vertex 25.6385 11.9554 0
    endloop
  endfacet
  facet normal 0.624807 0.78078 -0
    outer loop
      vertex 25.6385 11.9554 0
      vertex 25.212 12.2967 1.2
      vertex 25.6385 11.9554 1.2
    endloop
  endfacet
  facet normal 0.624807 0.78078 0
    outer loop
      vertex 25.212 12.2967 1.2
      vertex 25.6385 11.9554 0
      vertex 25.212 12.2967 0
    endloop
  endfacet
  facet normal 0.82423 -0.566256 0
    outer loop
      vertex 25.212 12.2967 1.2
      vertex 25.7928 13.1421 0
      vertex 25.7928 13.1421 1.2
    endloop
  endfacet
  facet normal 0.82423 -0.566256 0
    outer loop
      vertex 25.7928 13.1421 0
      vertex 25.212 12.2967 1.2
      vertex 25.212 12.2967 0
    endloop
  endfacet
  facet normal 0.680471 -0.732775 0
    outer loop
      vertex 25.7928 13.1421 0
      vertex 27.2344 14.4808 1.2
      vertex 25.7928 13.1421 1.2
    endloop
  endfacet
  facet normal 0.680471 -0.732775 0
    outer loop
      vertex 27.2344 14.4808 1.2
      vertex 25.7928 13.1421 0
      vertex 27.2344 14.4808 0
    endloop
  endfacet
  facet normal 0.688916 -0.724841 0
    outer loop
      vertex 27.2344 14.4808 0
      vertex 28.788 15.9574 1.2
      vertex 27.2344 14.4808 1.2
    endloop
  endfacet
  facet normal 0.688916 -0.724841 0
    outer loop
      vertex 28.788 15.9574 1.2
      vertex 27.2344 14.4808 0
      vertex 28.788 15.9574 0
    endloop
  endfacet
  facet normal 0.813427 -0.581667 0
    outer loop
      vertex 28.788 15.9574 1.2
      vertex 29.5959 17.0872 0
      vertex 29.5959 17.0872 1.2
    endloop
  endfacet
  facet normal 0.813427 -0.581667 0
    outer loop
      vertex 29.5959 17.0872 0
      vertex 28.788 15.9574 1.2
      vertex 28.788 15.9574 0
    endloop
  endfacet
  facet normal -0.0970513 0.995279 0
    outer loop
      vertex 29.5959 17.0872 0
      vertex 28.2135 16.9524 1.2
      vertex 29.5959 17.0872 1.2
    endloop
  endfacet
  facet normal -0.0970513 0.995279 0
    outer loop
      vertex 28.2135 16.9524 1.2
      vertex 29.5959 17.0872 0
      vertex 28.2135 16.9524 0
    endloop
  endfacet
  facet normal -0.283245 0.959048 0
    outer loop
      vertex 28.2135 16.9524 0
      vertex 26.1579 16.3453 1.2
      vertex 28.2135 16.9524 1.2
    endloop
  endfacet
  facet normal -0.283245 0.959048 0
    outer loop
      vertex 26.1579 16.3453 1.2
      vertex 28.2135 16.9524 0
      vertex 26.1579 16.3453 0
    endloop
  endfacet
  facet normal -0.294368 0.955692 0
    outer loop
      vertex 26.1579 16.3453 0
      vertex 24.2778 15.7662 1.2
      vertex 26.1579 16.3453 1.2
    endloop
  endfacet
  facet normal -0.294368 0.955692 0
    outer loop
      vertex 24.2778 15.7662 1.2
      vertex 26.1579 16.3453 0
      vertex 24.2778 15.7662 0
    endloop
  endfacet
  facet normal -0.0782843 0.996931 0
    outer loop
      vertex 24.2778 15.7662 0
      vertex 23.2552 15.6859 1.2
      vertex 24.2778 15.7662 1.2
    endloop
  endfacet
  facet normal -0.0782843 0.996931 0
    outer loop
      vertex 23.2552 15.6859 1.2
      vertex 24.2778 15.7662 0
      vertex 23.2552 15.6859 0
    endloop
  endfacet
  facet normal 0.988612 0.150489 0
    outer loop
      vertex 23.2552 15.6859 1.2
      vertex 23.173 16.2259 0
      vertex 23.173 16.2259 1.2
    endloop
  endfacet
  facet normal 0.988612 0.150489 0
    outer loop
      vertex 23.173 16.2259 0
      vertex 23.2552 15.6859 1.2
      vertex 23.2552 15.6859 0
    endloop
  endfacet
  facet normal 0.933544 -0.358462 0
    outer loop
      vertex 23.173 16.2259 1.2
      vertex 23.498 17.0723 0
      vertex 23.498 17.0723 1.2
    endloop
  endfacet
  facet normal 0.933544 -0.358462 0
    outer loop
      vertex 23.498 17.0723 0
      vertex 23.173 16.2259 1.2
      vertex 23.173 16.2259 0
    endloop
  endfacet
  facet normal 0.998691 0.0511521 0
    outer loop
      vertex 23.498 17.0723 1.2
      vertex 23.4667 17.6834 0
      vertex 23.4667 17.6834 1.2
    endloop
  endfacet
  facet normal 0.998691 0.0511521 0
    outer loop
      vertex 23.4667 17.6834 0
      vertex 23.498 17.0723 1.2
      vertex 23.498 17.0723 0
    endloop
  endfacet
  facet normal -0.034407 0.999408 0
    outer loop
      vertex 23.4667 17.6834 0
      vertex 22.5953 17.6534 1.2
      vertex 23.4667 17.6834 1.2
    endloop
  endfacet
  facet normal -0.034407 0.999408 0
    outer loop
      vertex 22.5953 17.6534 1.2
      vertex 23.4667 17.6834 0
      vertex 22.5953 17.6534 0
    endloop
  endfacet
  facet normal -0.381415 0.924404 0
    outer loop
      vertex 22.5953 17.6534 0
      vertex 20.9739 16.9844 1.2
      vertex 22.5953 17.6534 1.2
    endloop
  endfacet
  facet normal -0.381415 0.924404 0
    outer loop
      vertex 20.9739 16.9844 1.2
      vertex 22.5953 17.6534 0
      vertex 20.9739 16.9844 0
    endloop
  endfacet
  facet normal -0.446302 0.894883 0
    outer loop
      vertex 20.9739 16.9844 0
      vertex 19.1677 16.0836 1.2
      vertex 20.9739 16.9844 1.2
    endloop
  endfacet
  facet normal -0.446302 0.894883 0
    outer loop
      vertex 19.1677 16.0836 1.2
      vertex 20.9739 16.9844 0
      vertex 19.1677 16.0836 0
    endloop
  endfacet
  facet normal -0.403739 0.914874 0
    outer loop
      vertex 19.1677 16.0836 0
      vertex 17.8158 15.487 1.2
      vertex 19.1677 16.0836 1.2
    endloop
  endfacet
  facet normal -0.403739 0.914874 0
    outer loop
      vertex 17.8158 15.487 1.2
      vertex 19.1677 16.0836 0
      vertex 17.8158 15.487 0
    endloop
  endfacet
  facet normal 0.0183926 0.999831 -0
    outer loop
      vertex 17.8158 15.487 0
      vertex 17.2124 15.4981 1.2
      vertex 17.8158 15.487 1.2
    endloop
  endfacet
  facet normal 0.0183926 0.999831 0
    outer loop
      vertex 17.2124 15.4981 1.2
      vertex 17.8158 15.487 0
      vertex 17.2124 15.4981 0
    endloop
  endfacet
  facet normal 0.990449 0.137877 0
    outer loop
      vertex 17.2124 15.4981 1.2
      vertex 17.1443 15.9873 0
      vertex 17.1443 15.9873 1.2
    endloop
  endfacet
  facet normal 0.990449 0.137877 0
    outer loop
      vertex 17.1443 15.9873 0
      vertex 17.2124 15.4981 1.2
      vertex 17.2124 15.4981 0
    endloop
  endfacet
  facet normal 0.989532 0.144311 0
    outer loop
      vertex 17.1443 15.9873 1.2
      vertex 17.0716 16.4858 0
      vertex 17.0716 16.4858 1.2
    endloop
  endfacet
  facet normal 0.989532 0.144311 0
    outer loop
      vertex 17.0716 16.4858 0
      vertex 17.1443 15.9873 1.2
      vertex 17.1443 15.9873 0
    endloop
  endfacet
  facet normal 0.0340491 0.99942 -0
    outer loop
      vertex 17.0716 16.4858 0
      vertex 16.5051 16.5051 1.2
      vertex 17.0716 16.4858 1.2
    endloop
  endfacet
  facet normal 0.0340491 0.99942 0
    outer loop
      vertex 16.5051 16.5051 1.2
      vertex 17.0716 16.4858 0
      vertex 16.5051 16.5051 0
    endloop
  endfacet
  facet normal -0.476087 0.879398 0
    outer loop
      vertex 16.5051 16.5051 0
      vertex 15.3185 15.8627 1.2
      vertex 16.5051 16.5051 1.2
    endloop
  endfacet
  facet normal -0.476087 0.879398 0
    outer loop
      vertex 15.3185 15.8627 1.2
      vertex 16.5051 16.5051 0
      vertex 15.3185 15.8627 0
    endloop
  endfacet
  facet normal -0.574637 0.818409 0
    outer loop
      vertex 15.3185 15.8627 0
      vertex 13.7943 14.7925 1.2
      vertex 15.3185 15.8627 1.2
    endloop
  endfacet
  facet normal -0.574637 0.818409 0
    outer loop
      vertex 13.7943 14.7925 1.2
      vertex 15.3185 15.8627 0
      vertex 13.7943 14.7925 0
    endloop
  endfacet
  facet normal -0.590746 0.806857 0
    outer loop
      vertex 13.7943 14.7925 0
      vertex 12.4002 13.7718 1.2
      vertex 13.7943 14.7925 1.2
    endloop
  endfacet
  facet normal -0.590746 0.806857 0
    outer loop
      vertex 12.4002 13.7718 1.2
      vertex 13.7943 14.7925 0
      vertex 12.4002 13.7718 0
    endloop
  endfacet
  facet normal -0.528462 0.848957 0
    outer loop
      vertex 12.4002 13.7718 0
      vertex 11.4662 13.1904 1.2
      vertex 12.4002 13.7718 1.2
    endloop
  endfacet
  facet normal -0.528462 0.848957 0
    outer loop
      vertex 11.4662 13.1904 1.2
      vertex 12.4002 13.7718 0
      vertex 11.4662 13.1904 0
    endloop
  endfacet
  facet normal -0.200698 0.979653 0
    outer loop
      vertex 11.4662 13.1904 0
      vertex 10.9854 13.0919 1.2
      vertex 11.4662 13.1904 1.2
    endloop
  endfacet
  facet normal -0.200698 0.979653 0
    outer loop
      vertex 10.9854 13.0919 1.2
      vertex 11.4662 13.1904 0
      vertex 10.9854 13.0919 0
    endloop
  endfacet
  facet normal 0.206612 0.978423 -0
    outer loop
      vertex 10.9854 13.0919 0
      vertex 10.6577 13.1611 1.2
      vertex 10.9854 13.0919 1.2
    endloop
  endfacet
  facet normal 0.206612 0.978423 0
    outer loop
      vertex 10.6577 13.1611 1.2
      vertex 10.9854 13.0919 0
      vertex 10.6577 13.1611 0
    endloop
  endfacet
  facet normal -0.360502 0.932758 0
    outer loop
      vertex 10.6577 13.1611 0
      vertex 10.1203 12.9534 1.2
      vertex 10.6577 13.1611 1.2
    endloop
  endfacet
  facet normal -0.360502 0.932758 0
    outer loop
      vertex 10.1203 12.9534 1.2
      vertex 10.6577 13.1611 0
      vertex 10.1203 12.9534 0
    endloop
  endfacet
  facet normal -0.559945 0.82853 0
    outer loop
      vertex 10.1203 12.9534 0
      vertex 9.38831 12.4587 1.2
      vertex 10.1203 12.9534 1.2
    endloop
  endfacet
  facet normal -0.559945 0.82853 0
    outer loop
      vertex 9.38831 12.4587 1.2
      vertex 10.1203 12.9534 0
      vertex 9.38831 12.4587 0
    endloop
  endfacet
  facet normal 0.594946 0.803765 -0
    outer loop
      vertex 9.38831 12.4587 0
      vertex 9.16945 12.6207 1.2
      vertex 9.38831 12.4587 1.2
    endloop
  endfacet
  facet normal 0.594946 0.803765 0
    outer loop
      vertex 9.16945 12.6207 1.2
      vertex 9.38831 12.4587 0
      vertex 9.16945 12.6207 0
    endloop
  endfacet
  facet normal 0.580665 0.814143 -0
    outer loop
      vertex 9.16945 12.6207 0
      vertex 8.94778 12.7788 1.2
      vertex 9.16945 12.6207 1.2
    endloop
  endfacet
  facet normal 0.580665 0.814143 0
    outer loop
      vertex 8.94778 12.7788 1.2
      vertex 9.16945 12.6207 0
      vertex 8.94778 12.7788 0
    endloop
  endfacet
  facet normal 0.566376 0.824147 -0
    outer loop
      vertex 8.94778 12.7788 0
      vertex 8.7234 12.933 1.2
      vertex 8.94778 12.7788 1.2
    endloop
  endfacet
  facet normal 0.566376 0.824147 0
    outer loop
      vertex 8.7234 12.933 1.2
      vertex 8.94778 12.7788 0
      vertex 8.7234 12.933 0
    endloop
  endfacet
  facet normal 0.552019 0.833832 -0
    outer loop
      vertex 8.7234 12.933 0
      vertex 8.49637 13.0833 1.2
      vertex 8.7234 12.933 1.2
    endloop
  endfacet
  facet normal 0.552019 0.833832 0
    outer loop
      vertex 8.49637 13.0833 1.2
      vertex 8.7234 12.933 0
      vertex 8.49637 13.0833 0
    endloop
  endfacet
  facet normal 0.537063 0.843542 -0
    outer loop
      vertex 8.49637 13.0833 0
      vertex 8.26674 13.2295 1.2
      vertex 8.49637 13.0833 1.2
    endloop
  endfacet
  facet normal 0.537063 0.843542 0
    outer loop
      vertex 8.26674 13.2295 1.2
      vertex 8.49637 13.0833 0
      vertex 8.26674 13.2295 0
    endloop
  endfacet
  facet normal 0.522601 0.852577 -0
    outer loop
      vertex 8.26674 13.2295 0
      vertex 8.03459 13.3718 1.2
      vertex 8.26674 13.2295 1.2
    endloop
  endfacet
  facet normal 0.522601 0.852577 0
    outer loop
      vertex 8.03459 13.3718 1.2
      vertex 8.26674 13.2295 0
      vertex 8.03459 13.3718 0
    endloop
  endfacet
  facet normal 0.507566 0.861613 -0
    outer loop
      vertex 8.03459 13.3718 0
      vertex 7.79999 13.51 1.2
      vertex 8.03459 13.3718 1.2
    endloop
  endfacet
  facet normal 0.507566 0.861613 0
    outer loop
      vertex 7.79999 13.51 1.2
      vertex 8.03459 13.3718 0
      vertex 7.79999 13.51 0
    endloop
  endfacet
  facet normal 0.492504 0.87031 -0
    outer loop
      vertex 7.79999 13.51 0
      vertex 7.56302 13.6441 1.2
      vertex 7.79999 13.51 1.2
    endloop
  endfacet
  facet normal 0.492504 0.87031 0
    outer loop
      vertex 7.56302 13.6441 1.2
      vertex 7.79999 13.51 0
      vertex 7.56302 13.6441 0
    endloop
  endfacet
  facet normal 0.477122 0.878837 -0
    outer loop
      vertex 7.56302 13.6441 0
      vertex 7.32375 13.774 1.2
      vertex 7.56302 13.6441 1.2
    endloop
  endfacet
  facet normal 0.477122 0.878837 0
    outer loop
      vertex 7.32375 13.774 1.2
      vertex 7.56302 13.6441 0
      vertex 7.32375 13.774 0
    endloop
  endfacet
  facet normal 0.461685 0.887044 -0
    outer loop
      vertex 7.32375 13.774 0
      vertex 7.08224 13.8997 1.2
      vertex 7.32375 13.774 1.2
    endloop
  endfacet
  facet normal 0.461685 0.887044 0
    outer loop
      vertex 7.08224 13.8997 1.2
      vertex 7.32375 13.774 0
      vertex 7.08224 13.8997 0
    endloop
  endfacet
  facet normal 0.446244 0.894911 -0
    outer loop
      vertex 7.08224 13.8997 0
      vertex 6.83858 14.0212 1.2
      vertex 7.08224 13.8997 1.2
    endloop
  endfacet
  facet normal 0.446244 0.894911 0
    outer loop
      vertex 6.83858 14.0212 1.2
      vertex 7.08224 13.8997 0
      vertex 6.83858 14.0212 0
    endloop
  endfacet
  facet normal 0.430461 0.902609 -0
    outer loop
      vertex 6.83858 14.0212 0
      vertex 6.59283 14.1384 1.2
      vertex 6.83858 14.0212 1.2
    endloop
  endfacet
  facet normal 0.430461 0.902609 0
    outer loop
      vertex 6.59283 14.1384 1.2
      vertex 6.83858 14.0212 0
      vertex 6.59283 14.1384 0
    endloop
  endfacet
  facet normal 0.414674 0.90997 -0
    outer loop
      vertex 6.59283 14.1384 0
      vertex 6.34508 14.2513 1.2
      vertex 6.59283 14.1384 1.2
    endloop
  endfacet
  facet normal 0.414674 0.90997 0
    outer loop
      vertex 6.34508 14.2513 1.2
      vertex 6.59283 14.1384 0
      vertex 6.34508 14.2513 0
    endloop
  endfacet
  facet normal 0.39886 0.917012 -0
    outer loop
      vertex 6.34508 14.2513 0
      vertex 6.0954 14.3599 1.2
      vertex 6.34508 14.2513 1.2
    endloop
  endfacet
  facet normal 0.39886 0.917012 0
    outer loop
      vertex 6.0954 14.3599 1.2
      vertex 6.34508 14.2513 0
      vertex 6.0954 14.3599 0
    endloop
  endfacet
  facet normal 0.382711 0.923868 -0
    outer loop
      vertex 6.0954 14.3599 0
      vertex 5.84386 14.4641 1.2
      vertex 6.0954 14.3599 1.2
    endloop
  endfacet
  facet normal 0.382711 0.923868 0
    outer loop
      vertex 5.84386 14.4641 1.2
      vertex 6.0954 14.3599 0
      vertex 5.84386 14.4641 0
    endloop
  endfacet
  facet normal 0.366217 0.930529 -0
    outer loop
      vertex 5.84386 14.4641 0
      vertex 5.59053 14.5638 1.2
      vertex 5.84386 14.4641 1.2
    endloop
  endfacet
  facet normal 0.366217 0.930529 0
    outer loop
      vertex 5.59053 14.5638 1.2
      vertex 5.84386 14.4641 0
      vertex 5.59053 14.5638 0
    endloop
  endfacet
  facet normal 0.350375 0.93661 -0
    outer loop
      vertex 5.59053 14.5638 0
      vertex 5.33551 14.6592 1.2
      vertex 5.59053 14.5638 1.2
    endloop
  endfacet
  facet normal 0.350375 0.93661 0
    outer loop
      vertex 5.33551 14.6592 1.2
      vertex 5.59053 14.5638 0
      vertex 5.33551 14.6592 0
    endloop
  endfacet
  facet normal 0.333857 0.942624 -0
    outer loop
      vertex 5.33551 14.6592 0
      vertex 5.07886 14.7501 1.2
      vertex 5.33551 14.6592 1.2
    endloop
  endfacet
  facet normal 0.333857 0.942624 0
    outer loop
      vertex 5.07886 14.7501 1.2
      vertex 5.33551 14.6592 0
      vertex 5.07886 14.7501 0
    endloop
  endfacet
  facet normal 0.317329 0.948315 -0
    outer loop
      vertex 5.07886 14.7501 0
      vertex 4.82066 14.8365 1.2
      vertex 5.07886 14.7501 1.2
    endloop
  endfacet
  facet normal 0.317329 0.948315 0
    outer loop
      vertex 4.82066 14.8365 1.2
      vertex 5.07886 14.7501 0
      vertex 4.82066 14.8365 0
    endloop
  endfacet
  facet normal 0.300794 0.953689 -0
    outer loop
      vertex 4.82066 14.8365 0
      vertex 4.56099 14.9184 1.2
      vertex 4.82066 14.8365 1.2
    endloop
  endfacet
  facet normal 0.300794 0.953689 0
    outer loop
      vertex 4.56099 14.9184 1.2
      vertex 4.82066 14.8365 0
      vertex 4.56099 14.9184 0
    endloop
  endfacet
  facet normal 0.283926 0.958846 -0
    outer loop
      vertex 4.56099 14.9184 0
      vertex 4.29994 14.9957 1.2
      vertex 4.56099 14.9184 1.2
    endloop
  endfacet
  facet normal 0.283926 0.958846 0
    outer loop
      vertex 4.29994 14.9957 1.2
      vertex 4.56099 14.9184 0
      vertex 4.29994 14.9957 0
    endloop
  endfacet
  facet normal 0.267028 0.963689 -0
    outer loop
      vertex 4.29994 14.9957 0
      vertex 4.03757 15.0684 1.2
      vertex 4.29994 14.9957 1.2
    endloop
  endfacet
  facet normal 0.267028 0.963689 0
    outer loop
      vertex 4.03757 15.0684 1.2
      vertex 4.29994 14.9957 0
      vertex 4.03757 15.0684 0
    endloop
  endfacet
  facet normal 0.250478 0.968122 -0
    outer loop
      vertex 4.03757 15.0684 0
      vertex 3.77397 15.1366 1.2
      vertex 4.03757 15.0684 1.2
    endloop
  endfacet
  facet normal 0.250478 0.968122 0
    outer loop
      vertex 3.77397 15.1366 1.2
      vertex 4.03757 15.0684 0
      vertex 3.77397 15.1366 0
    endloop
  endfacet
  facet normal 0.23359 0.972335 -0
    outer loop
      vertex 3.77397 15.1366 0
      vertex 3.50923 15.2002 1.2
      vertex 3.77397 15.1366 1.2
    endloop
  endfacet
  facet normal 0.23359 0.972335 0
    outer loop
      vertex 3.50923 15.2002 1.2
      vertex 3.77397 15.1366 0
      vertex 3.50923 15.2002 0
    endloop
  endfacet
  facet normal 0.216332 0.97632 -0
    outer loop
      vertex 3.50923 15.2002 0
      vertex 3.24341 15.2591 1.2
      vertex 3.50923 15.2002 1.2
    endloop
  endfacet
  facet normal 0.216332 0.97632 0
    outer loop
      vertex 3.24341 15.2591 1.2
      vertex 3.50923 15.2002 0
      vertex 3.24341 15.2591 0
    endloop
  endfacet
  facet normal 0.199545 0.979889 -0
    outer loop
      vertex 3.24341 15.2591 0
      vertex 3.10002 15.2883 1.2
      vertex 3.24341 15.2591 1.2
    endloop
  endfacet
  facet normal 0.199545 0.979889 0
    outer loop
      vertex 3.10002 15.2883 1.2
      vertex 3.24341 15.2591 0
      vertex 3.10002 15.2883 0
    endloop
  endfacet
  facet normal 0.998463 -0.0554228 0
    outer loop
      vertex 3.10002 15.2883 1.2
      vertex 4.47832 40.1189 0
      vertex 4.47832 40.1189 1.2
    endloop
  endfacet
  facet normal 0.998463 -0.0554228 0
    outer loop
      vertex 4.47832 40.1189 0
      vertex 3.10002 15.2883 1.2
      vertex 3.10002 15.2883 0
    endloop
  endfacet
  facet normal 0.998794 -0.0490906 0
    outer loop
      vertex 4.47832 40.1189 1.2
      vertex 4.5 40.56 0
      vertex 4.5 40.56 1.2
    endloop
  endfacet
  facet normal 0.998794 -0.0490906 0
    outer loop
      vertex 4.5 40.56 0
      vertex 4.47832 40.1189 1.2
      vertex 4.47832 40.1189 0
    endloop
  endfacet
  facet normal 0.998794 0.0490906 0
    outer loop
      vertex 4.5 40.56 1.2
      vertex 4.47832 41.0011 0
      vertex 4.47832 41.0011 1.2
    endloop
  endfacet
  facet normal 0.998794 0.0490906 0
    outer loop
      vertex 4.47832 41.0011 0
      vertex 4.5 40.56 1.2
      vertex 4.5 40.56 0
    endloop
  endfacet
  facet normal 0.989178 0.146723 0
    outer loop
      vertex 4.47832 41.0011 1.2
      vertex 4.41353 41.4379 0
      vertex 4.41353 41.4379 1.2
    endloop
  endfacet
  facet normal 0.989178 0.146723 0
    outer loop
      vertex 4.41353 41.4379 0
      vertex 4.47832 41.0011 1.2
      vertex 4.47832 41.0011 0
    endloop
  endfacet
  facet normal 0.970036 0.242962 0
    outer loop
      vertex 4.41353 41.4379 1.2
      vertex 4.30623 41.8663 0
      vertex 4.30623 41.8663 1.2
    endloop
  endfacet
  facet normal 0.970036 0.242962 0
    outer loop
      vertex 4.30623 41.8663 0
      vertex 4.41353 41.4379 1.2
      vertex 4.41353 41.4379 0
    endloop
  endfacet
  facet normal 0.941548 0.336879 0
    outer loop
      vertex 4.30623 41.8663 1.2
      vertex 4.15746 42.2821 0
      vertex 4.15746 42.2821 1.2
    endloop
  endfacet
  facet normal 0.941548 0.336879 0
    outer loop
      vertex 4.15746 42.2821 0
      vertex 4.30623 41.8663 1.2
      vertex 4.30623 41.8663 0
    endloop
  endfacet
  facet normal 0.903978 0.427578 0
    outer loop
      vertex 4.15746 42.2821 1.2
      vertex 3.96864 42.6813 0
      vertex 3.96864 42.6813 1.2
    endloop
  endfacet
  facet normal 0.903978 0.427578 0
    outer loop
      vertex 3.96864 42.6813 0
      vertex 4.15746 42.2821 1.2
      vertex 4.15746 42.2821 0
    endloop
  endfacet
  facet normal 0.857743 0.514079 0
    outer loop
      vertex 3.96864 42.6813 1.2
      vertex 3.74161 43.0601 0
      vertex 3.74161 43.0601 1.2
    endloop
  endfacet
  facet normal 0.857743 0.514079 0
    outer loop
      vertex 3.74161 43.0601 0
      vertex 3.96864 42.6813 1.2
      vertex 3.96864 42.6813 0
    endloop
  endfacet
  facet normal 0.803211 0.595694 0
    outer loop
      vertex 3.74161 43.0601 1.2
      vertex 3.47855 43.4148 0
      vertex 3.47855 43.4148 1.2
    endloop
  endfacet
  facet normal 0.803211 0.595694 0
    outer loop
      vertex 3.47855 43.4148 0
      vertex 3.74161 43.0601 1.2
      vertex 3.74161 43.0601 0
    endloop
  endfacet
  facet normal 0.740936 0.671575 0
    outer loop
      vertex 3.47855 43.4148 1.2
      vertex 3.18198 43.742 0
      vertex 3.18198 43.742 1.2
    endloop
  endfacet
  facet normal 0.740936 0.671575 0
    outer loop
      vertex 3.18198 43.742 0
      vertex 3.47855 43.4148 1.2
      vertex 3.47855 43.4148 0
    endloop
  endfacet
  facet normal 0.671477 0.741025 -0
    outer loop
      vertex 3.18198 43.742 0
      vertex 2.85477 44.0385 1.2
      vertex 3.18198 43.742 1.2
    endloop
  endfacet
  facet normal 0.671477 0.741025 0
    outer loop
      vertex 2.85477 44.0385 1.2
      vertex 3.18198 43.742 0
      vertex 2.85477 44.0385 0
    endloop
  endfacet
  facet normal 0.595742 0.803176 -0
    outer loop
      vertex 2.85477 44.0385 0
      vertex 2.50006 44.3016 1.2
      vertex 2.85477 44.0385 1.2
    endloop
  endfacet
  facet normal 0.595742 0.803176 0
    outer loop
      vertex 2.50006 44.3016 1.2
      vertex 2.85477 44.0385 0
      vertex 2.50006 44.3016 0
    endloop
  endfacet
  facet normal 0.514049 0.857761 -0
    outer loop
      vertex 2.50006 44.3016 0
      vertex 2.12128 44.5286 1.2
      vertex 2.50006 44.3016 1.2
    endloop
  endfacet
  facet normal 0.514049 0.857761 0
    outer loop
      vertex 2.12128 44.5286 1.2
      vertex 2.50006 44.3016 0
      vertex 2.12128 44.5286 0
    endloop
  endfacet
  facet normal 0.427709 0.903917 -0
    outer loop
      vertex 2.12128 44.5286 0
      vertex 1.72206 44.7175 1.2
      vertex 2.12128 44.5286 1.2
    endloop
  endfacet
  facet normal 0.427709 0.903917 0
    outer loop
      vertex 1.72206 44.7175 1.2
      vertex 2.12128 44.5286 0
      vertex 1.72206 44.7175 0
    endloop
  endfacet
  facet normal 0.336745 0.941596 -0
    outer loop
      vertex 1.72206 44.7175 0
      vertex 1.30627 44.8662 1.2
      vertex 1.72206 44.7175 1.2
    endloop
  endfacet
  facet normal 0.336745 0.941596 0
    outer loop
      vertex 1.30627 44.8662 1.2
      vertex 1.72206 44.7175 0
      vertex 1.30627 44.8662 0
    endloop
  endfacet
  facet normal 0.242977 0.970032 -0
    outer loop
      vertex 1.30627 44.8662 0
      vertex 0.877899 44.9735 1.2
      vertex 1.30627 44.8662 1.2
    endloop
  endfacet
  facet normal 0.242977 0.970032 0
    outer loop
      vertex 0.877899 44.9735 1.2
      vertex 1.30627 44.8662 0
      vertex 0.877899 44.9735 0
    endloop
  endfacet
  facet normal 0.146736 0.989176 -0
    outer loop
      vertex 0.877899 44.9735 0
      vertex 0.441071 45.0383 1.2
      vertex 0.877899 44.9735 1.2
    endloop
  endfacet
  facet normal 0.146736 0.989176 0
    outer loop
      vertex 0.441071 45.0383 1.2
      vertex 0.877899 44.9735 0
      vertex 0.441071 45.0383 0
    endloop
  endfacet
  facet normal 0.049139 0.998792 -0
    outer loop
      vertex 0.441071 45.0383 0
      vertex 0 45.06 1.2
      vertex 0.441071 45.0383 1.2
    endloop
  endfacet
  facet normal 0.049139 0.998792 0
    outer loop
      vertex 0 45.06 1.2
      vertex 0.441071 45.0383 0
      vertex 0 45.06 0
    endloop
  endfacet
  facet normal -0.049139 0.998792 0
    outer loop
      vertex 0 45.06 0
      vertex -0.441071 45.0383 1.2
      vertex 0 45.06 1.2
    endloop
  endfacet
  facet normal -0.049139 0.998792 0
    outer loop
      vertex -0.441071 45.0383 1.2
      vertex 0 45.06 0
      vertex -0.441071 45.0383 0
    endloop
  endfacet
  facet normal -0.146736 0.989176 0
    outer loop
      vertex -0.441071 45.0383 0
      vertex -0.877899 44.9735 1.2
      vertex -0.441071 45.0383 1.2
    endloop
  endfacet
  facet normal -0.146736 0.989176 0
    outer loop
      vertex -0.877899 44.9735 1.2
      vertex -0.441071 45.0383 0
      vertex -0.877899 44.9735 0
    endloop
  endfacet
  facet normal -0.242977 0.970032 0
    outer loop
      vertex -0.877899 44.9735 0
      vertex -1.30627 44.8662 1.2
      vertex -0.877899 44.9735 1.2
    endloop
  endfacet
  facet normal -0.242977 0.970032 0
    outer loop
      vertex -1.30627 44.8662 1.2
      vertex -0.877899 44.9735 0
      vertex -1.30627 44.8662 0
    endloop
  endfacet
  facet normal -0.336745 0.941596 0
    outer loop
      vertex -1.30627 44.8662 0
      vertex -1.72206 44.7175 1.2
      vertex -1.30627 44.8662 1.2
    endloop
  endfacet
  facet normal -0.336745 0.941596 0
    outer loop
      vertex -1.72206 44.7175 1.2
      vertex -1.30627 44.8662 0
      vertex -1.72206 44.7175 0
    endloop
  endfacet
  facet normal -0.427709 0.903917 0
    outer loop
      vertex -1.72206 44.7175 0
      vertex -2.12128 44.5286 1.2
      vertex -1.72206 44.7175 1.2
    endloop
  endfacet
  facet normal -0.427709 0.903917 0
    outer loop
      vertex -2.12128 44.5286 1.2
      vertex -1.72206 44.7175 0
      vertex -2.12128 44.5286 0
    endloop
  endfacet
  facet normal -0.514049 0.857761 0
    outer loop
      vertex -2.12128 44.5286 0
      vertex -2.50006 44.3016 1.2
      vertex -2.12128 44.5286 1.2
    endloop
  endfacet
  facet normal -0.514049 0.857761 0
    outer loop
      vertex -2.50006 44.3016 1.2
      vertex -2.12128 44.5286 0
      vertex -2.50006 44.3016 0
    endloop
  endfacet
  facet normal -0.595742 0.803176 0
    outer loop
      vertex -2.50006 44.3016 0
      vertex -2.85477 44.0385 1.2
      vertex -2.50006 44.3016 1.2
    endloop
  endfacet
  facet normal -0.595742 0.803176 0
    outer loop
      vertex -2.85477 44.0385 1.2
      vertex -2.50006 44.3016 0
      vertex -2.85477 44.0385 0
    endloop
  endfacet
  facet normal -0.671477 0.741025 0
    outer loop
      vertex -2.85477 44.0385 0
      vertex -3.18198 43.742 1.2
      vertex -2.85477 44.0385 1.2
    endloop
  endfacet
  facet normal -0.671477 0.741025 0
    outer loop
      vertex -3.18198 43.742 1.2
      vertex -2.85477 44.0385 0
      vertex -3.18198 43.742 0
    endloop
  endfacet
  facet normal -0.740936 0.671575 0
    outer loop
      vertex -3.47855 43.4148 0
      vertex -3.18198 43.742 1.2
      vertex -3.18198 43.742 0
    endloop
  endfacet
  facet normal -0.740936 0.671575 0
    outer loop
      vertex -3.18198 43.742 1.2
      vertex -3.47855 43.4148 0
      vertex -3.47855 43.4148 1.2
    endloop
  endfacet
  facet normal -0.803211 0.595694 0
    outer loop
      vertex -3.74161 43.0601 0
      vertex -3.47855 43.4148 1.2
      vertex -3.47855 43.4148 0
    endloop
  endfacet
  facet normal -0.803211 0.595694 0
    outer loop
      vertex -3.47855 43.4148 1.2
      vertex -3.74161 43.0601 0
      vertex -3.74161 43.0601 1.2
    endloop
  endfacet
  facet normal -0.857743 0.514079 0
    outer loop
      vertex -3.96864 42.6813 0
      vertex -3.74161 43.0601 1.2
      vertex -3.74161 43.0601 0
    endloop
  endfacet
  facet normal -0.857743 0.514079 0
    outer loop
      vertex -3.74161 43.0601 1.2
      vertex -3.96864 42.6813 0
      vertex -3.96864 42.6813 1.2
    endloop
  endfacet
  facet normal -0.903978 0.427578 0
    outer loop
      vertex -4.15746 42.2821 0
      vertex -3.96864 42.6813 1.2
      vertex -3.96864 42.6813 0
    endloop
  endfacet
  facet normal -0.903978 0.427578 0
    outer loop
      vertex -3.96864 42.6813 1.2
      vertex -4.15746 42.2821 0
      vertex -4.15746 42.2821 1.2
    endloop
  endfacet
  facet normal -0.941548 0.336879 0
    outer loop
      vertex -4.30623 41.8663 0
      vertex -4.15746 42.2821 1.2
      vertex -4.15746 42.2821 0
    endloop
  endfacet
  facet normal -0.941548 0.336879 0
    outer loop
      vertex -4.15746 42.2821 1.2
      vertex -4.30623 41.8663 0
      vertex -4.30623 41.8663 1.2
    endloop
  endfacet
  facet normal -0.970036 0.242962 0
    outer loop
      vertex -4.41353 41.4379 0
      vertex -4.30623 41.8663 1.2
      vertex -4.30623 41.8663 0
    endloop
  endfacet
  facet normal -0.970036 0.242962 0
    outer loop
      vertex -4.30623 41.8663 1.2
      vertex -4.41353 41.4379 0
      vertex -4.41353 41.4379 1.2
    endloop
  endfacet
  facet normal -0.989178 0.146723 0
    outer loop
      vertex -4.47832 41.0011 0
      vertex -4.41353 41.4379 1.2
      vertex -4.41353 41.4379 0
    endloop
  endfacet
  facet normal -0.989178 0.146723 0
    outer loop
      vertex -4.41353 41.4379 1.2
      vertex -4.47832 41.0011 0
      vertex -4.47832 41.0011 1.2
    endloop
  endfacet
  facet normal -0.998794 0.0490906 0
    outer loop
      vertex -4.5 40.56 0
      vertex -4.47832 41.0011 1.2
      vertex -4.47832 41.0011 0
    endloop
  endfacet
  facet normal -0.998794 0.0490906 0
    outer loop
      vertex -4.47832 41.0011 1.2
      vertex -4.5 40.56 0
      vertex -4.5 40.56 1.2
    endloop
  endfacet
  facet normal -0.998794 -0.0490906 0
    outer loop
      vertex -4.47832 40.1189 0
      vertex -4.5 40.56 1.2
      vertex -4.5 40.56 0
    endloop
  endfacet
  facet normal -0.998794 -0.0490906 0
    outer loop
      vertex -4.5 40.56 1.2
      vertex -4.47832 40.1189 0
      vertex -4.47832 40.1189 1.2
    endloop
  endfacet
  facet normal -0.998463 -0.0554228 0
    outer loop
      vertex -3.10002 15.2883 0
      vertex -4.47832 40.1189 1.2
      vertex -4.47832 40.1189 0
    endloop
  endfacet
  facet normal -0.998463 -0.0554228 0
    outer loop
      vertex -4.47832 40.1189 1.2
      vertex -3.10002 15.2883 0
      vertex -3.10002 15.2883 1.2
    endloop
  endfacet
  facet normal -0.199545 0.979889 0
    outer loop
      vertex -3.10002 15.2883 0
      vertex -3.24341 15.2591 1.2
      vertex -3.10002 15.2883 1.2
    endloop
  endfacet
  facet normal -0.199545 0.979889 0
    outer loop
      vertex -3.24341 15.2591 1.2
      vertex -3.10002 15.2883 0
      vertex -3.24341 15.2591 0
    endloop
  endfacet
  facet normal -0.216332 0.97632 0
    outer loop
      vertex -3.24341 15.2591 0
      vertex -3.50923 15.2002 1.2
      vertex -3.24341 15.2591 1.2
    endloop
  endfacet
  facet normal -0.216332 0.97632 0
    outer loop
      vertex -3.50923 15.2002 1.2
      vertex -3.24341 15.2591 0
      vertex -3.50923 15.2002 0
    endloop
  endfacet
  facet normal -0.23359 0.972335 0
    outer loop
      vertex -3.50923 15.2002 0
      vertex -3.77397 15.1366 1.2
      vertex -3.50923 15.2002 1.2
    endloop
  endfacet
  facet normal -0.23359 0.972335 0
    outer loop
      vertex -3.77397 15.1366 1.2
      vertex -3.50923 15.2002 0
      vertex -3.77397 15.1366 0
    endloop
  endfacet
  facet normal -0.250478 0.968122 0
    outer loop
      vertex -3.77397 15.1366 0
      vertex -4.03757 15.0684 1.2
      vertex -3.77397 15.1366 1.2
    endloop
  endfacet
  facet normal -0.250478 0.968122 0
    outer loop
      vertex -4.03757 15.0684 1.2
      vertex -3.77397 15.1366 0
      vertex -4.03757 15.0684 0
    endloop
  endfacet
  facet normal -0.267028 0.963689 0
    outer loop
      vertex -4.03757 15.0684 0
      vertex -4.29994 14.9957 1.2
      vertex -4.03757 15.0684 1.2
    endloop
  endfacet
  facet normal -0.267028 0.963689 0
    outer loop
      vertex -4.29994 14.9957 1.2
      vertex -4.03757 15.0684 0
      vertex -4.29994 14.9957 0
    endloop
  endfacet
  facet normal -0.283926 0.958846 0
    outer loop
      vertex -4.29994 14.9957 0
      vertex -4.56099 14.9184 1.2
      vertex -4.29994 14.9957 1.2
    endloop
  endfacet
  facet normal -0.283926 0.958846 0
    outer loop
      vertex -4.56099 14.9184 1.2
      vertex -4.29994 14.9957 0
      vertex -4.56099 14.9184 0
    endloop
  endfacet
  facet normal -0.300794 0.953689 0
    outer loop
      vertex -4.56099 14.9184 0
      vertex -4.82066 14.8365 1.2
      vertex -4.56099 14.9184 1.2
    endloop
  endfacet
  facet normal -0.300794 0.953689 0
    outer loop
      vertex -4.82066 14.8365 1.2
      vertex -4.56099 14.9184 0
      vertex -4.82066 14.8365 0
    endloop
  endfacet
  facet normal -0.317329 0.948315 0
    outer loop
      vertex -4.82066 14.8365 0
      vertex -5.07886 14.7501 1.2
      vertex -4.82066 14.8365 1.2
    endloop
  endfacet
  facet normal -0.317329 0.948315 0
    outer loop
      vertex -5.07886 14.7501 1.2
      vertex -4.82066 14.8365 0
      vertex -5.07886 14.7501 0
    endloop
  endfacet
  facet normal -0.333857 0.942624 0
    outer loop
      vertex -5.07886 14.7501 0
      vertex -5.33551 14.6592 1.2
      vertex -5.07886 14.7501 1.2
    endloop
  endfacet
  facet normal -0.333857 0.942624 0
    outer loop
      vertex -5.33551 14.6592 1.2
      vertex -5.07886 14.7501 0
      vertex -5.33551 14.6592 0
    endloop
  endfacet
  facet normal -0.350375 0.93661 0
    outer loop
      vertex -5.33551 14.6592 0
      vertex -5.59053 14.5638 1.2
      vertex -5.33551 14.6592 1.2
    endloop
  endfacet
  facet normal -0.350375 0.93661 0
    outer loop
      vertex -5.59053 14.5638 1.2
      vertex -5.33551 14.6592 0
      vertex -5.59053 14.5638 0
    endloop
  endfacet
  facet normal -0.366217 0.930529 0
    outer loop
      vertex -5.59053 14.5638 0
      vertex -5.84386 14.4641 1.2
      vertex -5.59053 14.5638 1.2
    endloop
  endfacet
  facet normal -0.366217 0.930529 0
    outer loop
      vertex -5.84386 14.4641 1.2
      vertex -5.59053 14.5638 0
      vertex -5.84386 14.4641 0
    endloop
  endfacet
  facet normal -0.382711 0.923868 0
    outer loop
      vertex -5.84386 14.4641 0
      vertex -6.0954 14.3599 1.2
      vertex -5.84386 14.4641 1.2
    endloop
  endfacet
  facet normal -0.382711 0.923868 0
    outer loop
      vertex -6.0954 14.3599 1.2
      vertex -5.84386 14.4641 0
      vertex -6.0954 14.3599 0
    endloop
  endfacet
  facet normal -0.39886 0.917012 0
    outer loop
      vertex -6.0954 14.3599 0
      vertex -6.34508 14.2513 1.2
      vertex -6.0954 14.3599 1.2
    endloop
  endfacet
  facet normal -0.39886 0.917012 0
    outer loop
      vertex -6.34508 14.2513 1.2
      vertex -6.0954 14.3599 0
      vertex -6.34508 14.2513 0
    endloop
  endfacet
  facet normal -0.414674 0.90997 0
    outer loop
      vertex -6.34508 14.2513 0
      vertex -6.59283 14.1384 1.2
      vertex -6.34508 14.2513 1.2
    endloop
  endfacet
  facet normal -0.414674 0.90997 0
    outer loop
      vertex -6.59283 14.1384 1.2
      vertex -6.34508 14.2513 0
      vertex -6.59283 14.1384 0
    endloop
  endfacet
  facet normal -0.430461 0.902609 0
    outer loop
      vertex -6.59283 14.1384 0
      vertex -6.83858 14.0212 1.2
      vertex -6.59283 14.1384 1.2
    endloop
  endfacet
  facet normal -0.430461 0.902609 0
    outer loop
      vertex -6.83858 14.0212 1.2
      vertex -6.59283 14.1384 0
      vertex -6.83858 14.0212 0
    endloop
  endfacet
  facet normal -0.446244 0.894911 0
    outer loop
      vertex -6.83858 14.0212 0
      vertex -7.08224 13.8997 1.2
      vertex -6.83858 14.0212 1.2
    endloop
  endfacet
  facet normal -0.446244 0.894911 0
    outer loop
      vertex -7.08224 13.8997 1.2
      vertex -6.83858 14.0212 0
      vertex -7.08224 13.8997 0
    endloop
  endfacet
  facet normal -0.461685 0.887044 0
    outer loop
      vertex -7.08224 13.8997 0
      vertex -7.32375 13.774 1.2
      vertex -7.08224 13.8997 1.2
    endloop
  endfacet
  facet normal -0.461685 0.887044 0
    outer loop
      vertex -7.32375 13.774 1.2
      vertex -7.08224 13.8997 0
      vertex -7.32375 13.774 0
    endloop
  endfacet
  facet normal -0.477122 0.878837 0
    outer loop
      vertex -7.32375 13.774 0
      vertex -7.56302 13.6441 1.2
      vertex -7.32375 13.774 1.2
    endloop
  endfacet
  facet normal -0.477122 0.878837 0
    outer loop
      vertex -7.56302 13.6441 1.2
      vertex -7.32375 13.774 0
      vertex -7.56302 13.6441 0
    endloop
  endfacet
  facet normal -0.492504 0.87031 0
    outer loop
      vertex -7.56302 13.6441 0
      vertex -7.79999 13.51 1.2
      vertex -7.56302 13.6441 1.2
    endloop
  endfacet
  facet normal -0.492504 0.87031 0
    outer loop
      vertex -7.79999 13.51 1.2
      vertex -7.56302 13.6441 0
      vertex -7.79999 13.51 0
    endloop
  endfacet
  facet normal -0.507566 0.861613 0
    outer loop
      vertex -7.79999 13.51 0
      vertex -8.03459 13.3718 1.2
      vertex -7.79999 13.51 1.2
    endloop
  endfacet
  facet normal -0.507566 0.861613 0
    outer loop
      vertex -8.03459 13.3718 1.2
      vertex -7.79999 13.51 0
      vertex -8.03459 13.3718 0
    endloop
  endfacet
  facet normal -0.522601 0.852577 0
    outer loop
      vertex -8.03459 13.3718 0
      vertex -8.26674 13.2295 1.2
      vertex -8.03459 13.3718 1.2
    endloop
  endfacet
  facet normal -0.522601 0.852577 0
    outer loop
      vertex -8.26674 13.2295 1.2
      vertex -8.03459 13.3718 0
      vertex -8.26674 13.2295 0
    endloop
  endfacet
  facet normal -0.537063 0.843542 0
    outer loop
      vertex -8.26674 13.2295 0
      vertex -8.49637 13.0833 1.2
      vertex -8.26674 13.2295 1.2
    endloop
  endfacet
  facet normal -0.537063 0.843542 0
    outer loop
      vertex -8.49637 13.0833 1.2
      vertex -8.26674 13.2295 0
      vertex -8.49637 13.0833 0
    endloop
  endfacet
  facet normal -0.552019 0.833832 0
    outer loop
      vertex -8.49637 13.0833 0
      vertex -8.7234 12.933 1.2
      vertex -8.49637 13.0833 1.2
    endloop
  endfacet
  facet normal -0.552019 0.833832 0
    outer loop
      vertex -8.7234 12.933 1.2
      vertex -8.49637 13.0833 0
      vertex -8.7234 12.933 0
    endloop
  endfacet
  facet normal -0.566376 0.824147 0
    outer loop
      vertex -8.7234 12.933 0
      vertex -8.94778 12.7788 1.2
      vertex -8.7234 12.933 1.2
    endloop
  endfacet
  facet normal -0.566376 0.824147 0
    outer loop
      vertex -8.94778 12.7788 1.2
      vertex -8.7234 12.933 0
      vertex -8.94778 12.7788 0
    endloop
  endfacet
  facet normal -0.580665 0.814143 0
    outer loop
      vertex -8.94778 12.7788 0
      vertex -9.16945 12.6207 1.2
      vertex -8.94778 12.7788 1.2
    endloop
  endfacet
  facet normal -0.580665 0.814143 0
    outer loop
      vertex -9.16945 12.6207 1.2
      vertex -8.94778 12.7788 0
      vertex -9.16945 12.6207 0
    endloop
  endfacet
  facet normal -0.594946 0.803765 0
    outer loop
      vertex -9.16945 12.6207 0
      vertex -9.38831 12.4587 1.2
      vertex -9.16945 12.6207 1.2
    endloop
  endfacet
  facet normal -0.594946 0.803765 0
    outer loop
      vertex -9.38831 12.4587 1.2
      vertex -9.16945 12.6207 0
      vertex -9.38831 12.4587 0
    endloop
  endfacet
  facet normal 0.559945 0.82853 -0
    outer loop
      vertex -9.38831 12.4587 0
      vertex -10.1203 12.9534 1.2
      vertex -9.38831 12.4587 1.2
    endloop
  endfacet
  facet normal 0.559945 0.82853 0
    outer loop
      vertex -10.1203 12.9534 1.2
      vertex -9.38831 12.4587 0
      vertex -10.1203 12.9534 0
    endloop
  endfacet
  facet normal 0.360502 0.932758 -0
    outer loop
      vertex -10.1203 12.9534 0
      vertex -10.6577 13.1611 1.2
      vertex -10.1203 12.9534 1.2
    endloop
  endfacet
  facet normal 0.360502 0.932758 0
    outer loop
      vertex -10.6577 13.1611 1.2
      vertex -10.1203 12.9534 0
      vertex -10.6577 13.1611 0
    endloop
  endfacet
  facet normal -0.206612 0.978423 0
    outer loop
      vertex -10.6577 13.1611 0
      vertex -10.9854 13.0919 1.2
      vertex -10.6577 13.1611 1.2
    endloop
  endfacet
  facet normal -0.206612 0.978423 0
    outer loop
      vertex -10.9854 13.0919 1.2
      vertex -10.6577 13.1611 0
      vertex -10.9854 13.0919 0
    endloop
  endfacet
  facet normal 0.200698 0.979653 -0
    outer loop
      vertex -10.9854 13.0919 0
      vertex -11.4662 13.1904 1.2
      vertex -10.9854 13.0919 1.2
    endloop
  endfacet
  facet normal 0.200698 0.979653 0
    outer loop
      vertex -11.4662 13.1904 1.2
      vertex -10.9854 13.0919 0
      vertex -11.4662 13.1904 0
    endloop
  endfacet
  facet normal 0.528462 0.848957 -0
    outer loop
      vertex -11.4662 13.1904 0
      vertex -12.4002 13.7718 1.2
      vertex -11.4662 13.1904 1.2
    endloop
  endfacet
  facet normal 0.528462 0.848957 0
    outer loop
      vertex -12.4002 13.7718 1.2
      vertex -11.4662 13.1904 0
      vertex -12.4002 13.7718 0
    endloop
  endfacet
  facet normal 0.590746 0.806857 -0
    outer loop
      vertex -12.4002 13.7718 0
      vertex -13.7943 14.7925 1.2
      vertex -12.4002 13.7718 1.2
    endloop
  endfacet
  facet normal 0.590746 0.806857 0
    outer loop
      vertex -13.7943 14.7925 1.2
      vertex -12.4002 13.7718 0
      vertex -13.7943 14.7925 0
    endloop
  endfacet
  facet normal 0.574637 0.818409 -0
    outer loop
      vertex -13.7943 14.7925 0
      vertex -15.3185 15.8627 1.2
      vertex -13.7943 14.7925 1.2
    endloop
  endfacet
  facet normal 0.574637 0.818409 0
    outer loop
      vertex -15.3185 15.8627 1.2
      vertex -13.7943 14.7925 0
      vertex -15.3185 15.8627 0
    endloop
  endfacet
  facet normal 0.476087 0.879398 -0
    outer loop
      vertex -15.3185 15.8627 0
      vertex -16.5051 16.5051 1.2
      vertex -15.3185 15.8627 1.2
    endloop
  endfacet
  facet normal 0.476087 0.879398 0
    outer loop
      vertex -16.5051 16.5051 1.2
      vertex -15.3185 15.8627 0
      vertex -16.5051 16.5051 0
    endloop
  endfacet
  facet normal -0.0340491 0.99942 0
    outer loop
      vertex -16.5051 16.5051 0
      vertex -17.0716 16.4858 1.2
      vertex -16.5051 16.5051 1.2
    endloop
  endfacet
  facet normal -0.0340491 0.99942 0
    outer loop
      vertex -17.0716 16.4858 1.2
      vertex -16.5051 16.5051 0
      vertex -17.0716 16.4858 0
    endloop
  endfacet
  facet normal -0.989532 0.144311 0
    outer loop
      vertex -17.1443 15.9873 0
      vertex -17.0716 16.4858 1.2
      vertex -17.0716 16.4858 0
    endloop
  endfacet
  facet normal -0.989532 0.144311 0
    outer loop
      vertex -17.0716 16.4858 1.2
      vertex -17.1443 15.9873 0
      vertex -17.1443 15.9873 1.2
    endloop
  endfacet
  facet normal -0.990449 0.137877 0
    outer loop
      vertex -17.2124 15.4981 0
      vertex -17.1443 15.9873 1.2
      vertex -17.1443 15.9873 0
    endloop
  endfacet
  facet normal -0.990449 0.137877 0
    outer loop
      vertex -17.1443 15.9873 1.2
      vertex -17.2124 15.4981 0
      vertex -17.2124 15.4981 1.2
    endloop
  endfacet
  facet normal -0.0183926 0.999831 0
    outer loop
      vertex -17.2124 15.4981 0
      vertex -17.8158 15.487 1.2
      vertex -17.2124 15.4981 1.2
    endloop
  endfacet
  facet normal -0.0183926 0.999831 0
    outer loop
      vertex -17.8158 15.487 1.2
      vertex -17.2124 15.4981 0
      vertex -17.8158 15.487 0
    endloop
  endfacet
  facet normal 0.403739 0.914874 -0
    outer loop
      vertex -17.8158 15.487 0
      vertex -19.1677 16.0836 1.2
      vertex -17.8158 15.487 1.2
    endloop
  endfacet
  facet normal 0.403739 0.914874 0
    outer loop
      vertex -19.1677 16.0836 1.2
      vertex -17.8158 15.487 0
      vertex -19.1677 16.0836 0
    endloop
  endfacet
  facet normal 0.446302 0.894883 -0
    outer loop
      vertex -19.1677 16.0836 0
      vertex -20.9739 16.9844 1.2
      vertex -19.1677 16.0836 1.2
    endloop
  endfacet
  facet normal 0.446302 0.894883 0
    outer loop
      vertex -20.9739 16.9844 1.2
      vertex -19.1677 16.0836 0
      vertex -20.9739 16.9844 0
    endloop
  endfacet
  facet normal 0.381415 0.924404 -0
    outer loop
      vertex -20.9739 16.9844 0
      vertex -22.5953 17.6534 1.2
      vertex -20.9739 16.9844 1.2
    endloop
  endfacet
  facet normal 0.381415 0.924404 0
    outer loop
      vertex -22.5953 17.6534 1.2
      vertex -20.9739 16.9844 0
      vertex -22.5953 17.6534 0
    endloop
  endfacet
  facet normal 0.034407 0.999408 -0
    outer loop
      vertex -22.5953 17.6534 0
      vertex -23.4667 17.6834 1.2
      vertex -22.5953 17.6534 1.2
    endloop
  endfacet
  facet normal 0.034407 0.999408 0
    outer loop
      vertex -23.4667 17.6834 1.2
      vertex -22.5953 17.6534 0
      vertex -23.4667 17.6834 0
    endloop
  endfacet
  facet normal -0.998691 0.0511521 0
    outer loop
      vertex -23.498 17.0723 0
      vertex -23.4667 17.6834 1.2
      vertex -23.4667 17.6834 0
    endloop
  endfacet
  facet normal -0.998691 0.0511521 0
    outer loop
      vertex -23.4667 17.6834 1.2
      vertex -23.498 17.0723 0
      vertex -23.498 17.0723 1.2
    endloop
  endfacet
  facet normal -0.933544 -0.358462 0
    outer loop
      vertex -23.173 16.2259 0
      vertex -23.498 17.0723 1.2
      vertex -23.498 17.0723 0
    endloop
  endfacet
  facet normal -0.933544 -0.358462 0
    outer loop
      vertex -23.498 17.0723 1.2
      vertex -23.173 16.2259 0
      vertex -23.173 16.2259 1.2
    endloop
  endfacet
  facet normal -0.988612 0.150489 0
    outer loop
      vertex -23.2552 15.6859 0
      vertex -23.173 16.2259 1.2
      vertex -23.173 16.2259 0
    endloop
  endfacet
  facet normal -0.988612 0.150489 0
    outer loop
      vertex -23.173 16.2259 1.2
      vertex -23.2552 15.6859 0
      vertex -23.2552 15.6859 1.2
    endloop
  endfacet
  facet normal 0.0782843 0.996931 -0
    outer loop
      vertex -23.2552 15.6859 0
      vertex -24.2778 15.7662 1.2
      vertex -23.2552 15.6859 1.2
    endloop
  endfacet
  facet normal 0.0782843 0.996931 0
    outer loop
      vertex -24.2778 15.7662 1.2
      vertex -23.2552 15.6859 0
      vertex -24.2778 15.7662 0
    endloop
  endfacet
  facet normal 0.294368 0.955692 -0
    outer loop
      vertex -24.2778 15.7662 0
      vertex -26.1579 16.3453 1.2
      vertex -24.2778 15.7662 1.2
    endloop
  endfacet
  facet normal 0.294368 0.955692 0
    outer loop
      vertex -26.1579 16.3453 1.2
      vertex -24.2778 15.7662 0
      vertex -26.1579 16.3453 0
    endloop
  endfacet
  facet normal 0.283245 0.959048 -0
    outer loop
      vertex -26.1579 16.3453 0
      vertex -28.2135 16.9524 1.2
      vertex -26.1579 16.3453 1.2
    endloop
  endfacet
  facet normal 0.283245 0.959048 0
    outer loop
      vertex -28.2135 16.9524 1.2
      vertex -26.1579 16.3453 0
      vertex -28.2135 16.9524 0
    endloop
  endfacet
  facet normal 0.0970513 0.995279 -0
    outer loop
      vertex -28.2135 16.9524 0
      vertex -29.5959 17.0872 1.2
      vertex -28.2135 16.9524 1.2
    endloop
  endfacet
  facet normal 0.0970513 0.995279 0
    outer loop
      vertex -29.5959 17.0872 1.2
      vertex -28.2135 16.9524 0
      vertex -29.5959 17.0872 0
    endloop
  endfacet
  facet normal -0.813427 -0.581667 0
    outer loop
      vertex -28.788 15.9574 0
      vertex -29.5959 17.0872 1.2
      vertex -29.5959 17.0872 0
    endloop
  endfacet
  facet normal -0.813427 -0.581667 0
    outer loop
      vertex -29.5959 17.0872 1.2
      vertex -28.788 15.9574 0
      vertex -28.788 15.9574 1.2
    endloop
  endfacet
  facet normal -0.688916 -0.724841 0
    outer loop
      vertex -28.788 15.9574 0
      vertex -27.2344 14.4808 1.2
      vertex -28.788 15.9574 1.2
    endloop
  endfacet
  facet normal -0.688916 -0.724841 -0
    outer loop
      vertex -27.2344 14.4808 1.2
      vertex -28.788 15.9574 0
      vertex -27.2344 14.4808 0
    endloop
  endfacet
  facet normal -0.680471 -0.732775 0
    outer loop
      vertex -27.2344 14.4808 0
      vertex -25.7928 13.1421 1.2
      vertex -27.2344 14.4808 1.2
    endloop
  endfacet
  facet normal -0.680471 -0.732775 -0
    outer loop
      vertex -25.7928 13.1421 1.2
      vertex -27.2344 14.4808 0
      vertex -25.7928 13.1421 0
    endloop
  endfacet
  facet normal -0.82423 -0.566256 0
    outer loop
      vertex -25.212 12.2967 0
      vertex -25.7928 13.1421 1.2
      vertex -25.7928 13.1421 0
    endloop
  endfacet
  facet normal -0.82423 -0.566256 0
    outer loop
      vertex -25.7928 13.1421 1.2
      vertex -25.212 12.2967 0
      vertex -25.212 12.2967 1.2
    endloop
  endfacet
  facet normal -0.624807 0.78078 0
    outer loop
      vertex -25.212 12.2967 0
      vertex -25.6385 11.9554 1.2
      vertex -25.212 12.2967 1.2
    endloop
  endfacet
  facet normal -0.624807 0.78078 0
    outer loop
      vertex -25.6385 11.9554 1.2
      vertex -25.212 12.2967 0
      vertex -25.6385 11.9554 0
    endloop
  endfacet
  facet normal -0.156291 0.987711 0
    outer loop
      vertex -25.6385 11.9554 0
      vertex -26.534 11.8137 1.2
      vertex -25.6385 11.9554 1.2
    endloop
  endfacet
  facet normal -0.156291 0.987711 0
    outer loop
      vertex -26.534 11.8137 1.2
      vertex -25.6385 11.9554 0
      vertex -26.534 11.8137 0
    endloop
  endfacet
  facet normal -0.543604 0.839342 0
    outer loop
      vertex -26.534 11.8137 0
      vertex -27.0477 11.481 1.2
      vertex -26.534 11.8137 1.2
    endloop
  endfacet
  facet normal -0.543604 0.839342 0
    outer loop
      vertex -27.0477 11.481 1.2
      vertex -26.534 11.8137 0
      vertex -27.0477 11.481 0
    endloop
  endfacet
  facet normal -0.84823 -0.529628 0
    outer loop
      vertex -26.5859 10.7414 0
      vertex -27.0477 11.481 1.2
      vertex -27.0477 11.481 0
    endloop
  endfacet
  facet normal -0.84823 -0.529628 0
    outer loop
      vertex -27.0477 11.481 1.2
      vertex -26.5859 10.7414 0
      vertex -26.5859 10.7414 1.2
    endloop
  endfacet
  facet normal -0.609823 -0.792538 0
    outer loop
      vertex -26.5859 10.7414 0
      vertex -25.1958 9.67178 1.2
      vertex -26.5859 10.7414 1.2
    endloop
  endfacet
  facet normal -0.609823 -0.792538 -0
    outer loop
      vertex -25.1958 9.67178 1.2
      vertex -26.5859 10.7414 0
      vertex -25.1958 9.67178 0
    endloop
  endfacet
  facet normal -0.551885 -0.83392 0
    outer loop
      vertex -25.1958 9.67178 0
      vertex -23.5127 8.55791 1.2
      vertex -25.1958 9.67178 1.2
    endloop
  endfacet
  facet normal -0.551885 -0.83392 -0
    outer loop
      vertex -23.5127 8.55791 1.2
      vertex -25.1958 9.67178 0
      vertex -23.5127 8.55791 0
    endloop
  endfacet
  facet normal -0.590446 -0.807077 0
    outer loop
      vertex -23.5127 8.55791 0
      vertex -22.3201 7.68542 1.2
      vertex -23.5127 8.55791 1.2
    endloop
  endfacet
  facet normal -0.590446 -0.807077 -0
    outer loop
      vertex -22.3201 7.68542 1.2
      vertex -23.5127 8.55791 0
      vertex -22.3201 7.68542 0
    endloop
  endfacet
  facet normal -0.875062 -0.48401 0
    outer loop
      vertex -22.028 7.15732 0
      vertex -22.3201 7.68542 1.2
      vertex -22.3201 7.68542 0
    endloop
  endfacet
  facet normal -0.875062 -0.48401 0
    outer loop
      vertex -22.3201 7.68542 1.2
      vertex -22.028 7.15732 0
      vertex -22.028 7.15732 1.2
    endloop
  endfacet
  facet normal -0.614644 0.788805 0
    outer loop
      vertex -22.028 7.15732 0
      vertex -22.4176 6.85374 1.2
      vertex -22.028 7.15732 1.2
    endloop
  endfacet
  facet normal -0.614644 0.788805 0
    outer loop
      vertex -22.4176 6.85374 1.2
      vertex -22.028 7.15732 0
      vertex -22.4176 6.85374 0
    endloop
  endfacet
  facet normal -0.619853 0.784718 0
    outer loop
      vertex -22.4176 6.85374 0
      vertex -22.8129 6.54149 1.2
      vertex -22.4176 6.85374 1.2
    endloop
  endfacet
  facet normal -0.619853 0.784718 0
    outer loop
      vertex -22.8129 6.54149 1.2
      vertex -22.4176 6.85374 0
      vertex -22.8129 6.54149 0
    endloop
  endfacet
  facet normal -0.882553 -0.470213 0
    outer loop
      vertex -22.5464 6.04129 0
      vertex -22.8129 6.54149 1.2
      vertex -22.8129 6.54149 0
    endloop
  endfacet
  facet normal -0.882553 -0.470213 0
    outer loop
      vertex -22.8129 6.54149 1.2
      vertex -22.5464 6.04129 0
      vertex -22.5464 6.04129 1.2
    endloop
  endfacet
  facet normal -0.523545 -0.851998 0
    outer loop
      vertex -22.5464 6.04129 0
      vertex -21.3967 5.33481 1.2
      vertex -22.5464 6.04129 1.2
    endloop
  endfacet
  facet normal -0.523545 -0.851998 -0
    outer loop
      vertex -21.3967 5.33481 1.2
      vertex -22.5464 6.04129 0
      vertex -21.3967 5.33481 0
    endloop
  endfacet
  facet normal -0.421455 -0.906849 0
    outer loop
      vertex -21.3967 5.33481 0
      vertex -19.7078 4.5499 1.2
      vertex -21.3967 5.33481 1.2
    endloop
  endfacet
  facet normal -0.421455 -0.906849 -0
    outer loop
      vertex -19.7078 4.5499 1.2
      vertex -21.3967 5.33481 0
      vertex -19.7078 4.5499 0
    endloop
  endfacet
  facet normal -0.403359 -0.915042 0
    outer loop
      vertex -19.7078 4.5499 0
      vertex -18.1268 3.85298 1.2
      vertex -19.7078 4.5499 1.2
    endloop
  endfacet
  facet normal -0.403359 -0.915042 -0
    outer loop
      vertex -18.1268 3.85298 1.2
      vertex -19.7078 4.5499 0
      vertex -18.1268 3.85298 0
    endloop
  endfacet
  facet normal -0.47097 -0.882149 0
    outer loop
      vertex -18.1268 3.85298 0
      vertex -17.1563 3.33484 1.2
      vertex -18.1268 3.85298 1.2
    endloop
  endfacet
  facet normal -0.47097 -0.882149 -0
    outer loop
      vertex -17.1563 3.33484 1.2
      vertex -18.1268 3.85298 0
      vertex -17.1563 3.33484 0
    endloop
  endfacet
  facet normal -0.748164 -0.663513 0
    outer loop
      vertex -16.8307 2.9677 0
      vertex -17.1563 3.33484 1.2
      vertex -17.1563 3.33484 0
    endloop
  endfacet
  facet normal -0.748164 -0.663513 0
    outer loop
      vertex -17.1563 3.33484 1.2
      vertex -16.8307 2.9677 0
      vertex -16.8307 2.9677 1.2
    endloop
  endfacet
  facet normal -0.950591 -0.310446 0
    outer loop
      vertex -16.7267 2.64925 0
      vertex -16.8307 2.9677 1.2
      vertex -16.8307 2.9677 0
    endloop
  endfacet
  facet normal -0.950591 -0.310446 0
    outer loop
      vertex -16.8307 2.9677 1.2
      vertex -16.7267 2.64925 0
      vertex -16.7267 2.64925 1.2
    endloop
  endfacet
  facet normal -0.62757 -0.77856 0
    outer loop
      vertex -16.7267 2.64925 0
      vertex -16.2782 2.28773 1.2
      vertex -16.7267 2.64925 1.2
    endloop
  endfacet
  facet normal -0.62757 -0.77856 -0
    outer loop
      vertex -16.2782 2.28773 1.2
      vertex -16.7267 2.64925 0
      vertex -16.2782 2.28773 0
    endloop
  endfacet
  facet normal -0.437527 -0.899205 0
    outer loop
      vertex -16.2782 2.28773 0
      vertex -15.4837 1.90115 1.2
      vertex -16.2782 2.28773 1.2
    endloop
  endfacet
  facet normal -0.437527 -0.899205 -0
    outer loop
      vertex -15.4837 1.90115 1.2
      vertex -16.2782 2.28773 0
      vertex -15.4837 1.90115 0
    endloop
  endfacet
  facet normal -0.993581 0.113124 0
    outer loop
      vertex -15.5145 1.63063 0
      vertex -15.4837 1.90115 1.2
      vertex -15.4837 1.90115 0
    endloop
  endfacet
  facet normal -0.993581 0.113124 0
    outer loop
      vertex -15.4837 1.90115 1.2
      vertex -15.5145 1.63063 0
      vertex -15.5145 1.63063 1.2
    endloop
  endfacet
  facet normal -0.995395 0.0958629 0
    outer loop
      vertex -15.5406 1.35962 0
      vertex -15.5145 1.63063 1.2
      vertex -15.5145 1.63063 0
    endloop
  endfacet
  facet normal -0.995395 0.0958629 0
    outer loop
      vertex -15.5145 1.63063 1.2
      vertex -15.5406 1.35962 0
      vertex -15.5406 1.35962 1.2
    endloop
  endfacet
  facet normal -0.996906 0.0786007 0
    outer loop
      vertex -15.562 1.0882 0
      vertex -15.5406 1.35962 1.2
      vertex -15.5406 1.35962 0
    endloop
  endfacet
  facet normal -0.996906 0.0786007 0
    outer loop
      vertex -15.5406 1.35962 1.2
      vertex -15.562 1.0882 0
      vertex -15.562 1.0882 1.2
    endloop
  endfacet
  facet normal -0.99814 0.060969 0
    outer loop
      vertex -15.5786 0.816437 0
      vertex -15.562 1.0882 1.2
      vertex -15.562 1.0882 0
    endloop
  endfacet
  facet normal -0.99814 0.060969 0
    outer loop
      vertex -15.562 1.0882 1.2
      vertex -15.5786 0.816437 0
      vertex -15.5786 0.816437 1.2
    endloop
  endfacet
  facet normal -0.999044 0.0437051 0
    outer loop
      vertex -15.5905 0.544418 0
      vertex -15.5786 0.816437 1.2
      vertex -15.5786 0.816437 0
    endloop
  endfacet
  facet normal -0.999044 0.0437051 0
    outer loop
      vertex -15.5786 0.816437 1.2
      vertex -15.5905 0.544418 0
      vertex -15.5905 0.544418 1.2
    endloop
  endfacet
  facet normal -0.99966 0.0260777 0
    outer loop
      vertex -15.5976 0.272247 0
      vertex -15.5905 0.544418 1.2
      vertex -15.5905 0.544418 0
    endloop
  endfacet
  facet normal -0.99966 0.0260777 0
    outer loop
      vertex -15.5905 0.544418 1.2
      vertex -15.5976 0.272247 0
      vertex -15.5976 0.272247 1.2
    endloop
  endfacet
  facet normal -0.999961 0.00881518 0
    outer loop
      vertex -15.6 0 0
      vertex -15.5976 0.272247 1.2
      vertex -15.5976 0.272247 0
    endloop
  endfacet
  facet normal -0.999961 0.00881518 0
    outer loop
      vertex -15.5976 0.272247 1.2
      vertex -15.6 0 0
      vertex -15.6 0 1.2
    endloop
  endfacet
  facet normal -0.999961 -0.00881518 0
    outer loop
      vertex -15.5976 -0.272247 0
      vertex -15.6 0 1.2
      vertex -15.6 0 0
    endloop
  endfacet
  facet normal -0.999961 -0.00881518 0
    outer loop
      vertex -15.6 0 1.2
      vertex -15.5976 -0.272247 0
      vertex -15.5976 -0.272247 1.2
    endloop
  endfacet
  facet normal -0.99966 -0.0260777 0
    outer loop
      vertex -15.5905 -0.544418 0
      vertex -15.5976 -0.272247 1.2
      vertex -15.5976 -0.272247 0
    endloop
  endfacet
  facet normal -0.99966 -0.0260777 0
    outer loop
      vertex -15.5976 -0.272247 1.2
      vertex -15.5905 -0.544418 0
      vertex -15.5905 -0.544418 1.2
    endloop
  endfacet
  facet normal -0.999044 -0.0437051 0
    outer loop
      vertex -15.5786 -0.816437 0
      vertex -15.5905 -0.544418 1.2
      vertex -15.5905 -0.544418 0
    endloop
  endfacet
  facet normal -0.999044 -0.0437051 0
    outer loop
      vertex -15.5905 -0.544418 1.2
      vertex -15.5786 -0.816437 0
      vertex -15.5786 -0.816437 1.2
    endloop
  endfacet
  facet normal -0.99814 -0.060969 0
    outer loop
      vertex -15.562 -1.0882 0
      vertex -15.5786 -0.816437 1.2
      vertex -15.5786 -0.816437 0
    endloop
  endfacet
  facet normal -0.99814 -0.060969 0
    outer loop
      vertex -15.5786 -0.816437 1.2
      vertex -15.562 -1.0882 0
      vertex -15.562 -1.0882 1.2
    endloop
  endfacet
  facet normal -0.996906 -0.0786007 0
    outer loop
      vertex -15.5406 -1.35962 0
      vertex -15.562 -1.0882 1.2
      vertex -15.562 -1.0882 0
    endloop
  endfacet
  facet normal -0.996906 -0.0786007 0
    outer loop
      vertex -15.562 -1.0882 1.2
      vertex -15.5406 -1.35962 0
      vertex -15.5406 -1.35962 1.2
    endloop
  endfacet
  facet normal -0.83782 0.545946 0
    outer loop
      vertex -15.7321 -1.6535 0
      vertex -15.5406 -1.35962 1.2
      vertex -15.5406 -1.35962 0
    endloop
  endfacet
  facet normal -0.83782 0.545946 0
    outer loop
      vertex -15.5406 -1.35962 1.2
      vertex -15.7321 -1.6535 0
      vertex -15.7321 -1.6535 1.2
    endloop
  endfacet
  facet normal -0.238872 0.971051 0
    outer loop
      vertex -15.7321 -1.6535 0
      vertex -17.9896 -2.20883 1.2
      vertex -15.7321 -1.6535 1.2
    endloop
  endfacet
  facet normal -0.238872 0.971051 0
    outer loop
      vertex -17.9896 -2.20883 1.2
      vertex -15.7321 -1.6535 0
      vertex -17.9896 -2.20883 0
    endloop
  endfacet
  facet normal -0.263736 0.964595 0
    outer loop
      vertex -17.9896 -2.20883 0
      vertex -20.3937 -2.86615 1.2
      vertex -17.9896 -2.20883 1.2
    endloop
  endfacet
  facet normal -0.263736 0.964595 0
    outer loop
      vertex -20.3937 -2.86615 1.2
      vertex -17.9896 -2.20883 0
      vertex -20.3937 -2.86615 0
    endloop
  endfacet
  facet normal -0.313431 0.949611 0
    outer loop
      vertex -20.3937 -2.86615 0
      vertex -22.5133 -3.56575 1.2
      vertex -20.3937 -2.86615 1.2
    endloop
  endfacet
  facet normal -0.313431 0.949611 0
    outer loop
      vertex -22.5133 -3.56575 1.2
      vertex -20.3937 -2.86615 0
      vertex -22.5133 -3.56575 0
    endloop
  endfacet
  facet normal -0.416018 0.909356 0
    outer loop
      vertex -22.5133 -3.56575 0
      vertex -23.95 -4.22302 1.2
      vertex -22.5133 -3.56575 1.2
    endloop
  endfacet
  facet normal -0.416018 0.909356 0
    outer loop
      vertex -23.95 -4.22302 1.2
      vertex -22.5133 -3.56575 0
      vertex -23.95 -4.22302 0
    endloop
  endfacet
  facet normal -0.65312 0.757254 0
    outer loop
      vertex -23.95 -4.22302 0
      vertex -24.5972 -4.78122 1.2
      vertex -23.95 -4.22302 1.2
    endloop
  endfacet
  facet normal -0.65312 0.757254 0
    outer loop
      vertex -24.5972 -4.78122 1.2
      vertex -23.95 -4.22302 0
      vertex -24.5972 -4.78122 0
    endloop
  endfacet
  facet normal -0.956349 0.292227 0
    outer loop
      vertex -24.7433 -5.25935 0
      vertex -24.5972 -4.78122 1.2
      vertex -24.5972 -4.78122 0
    endloop
  endfacet
  facet normal -0.956349 0.292227 0
    outer loop
      vertex -24.5972 -4.78122 1.2
      vertex -24.7433 -5.25935 0
      vertex -24.7433 -5.25935 1.2
    endloop
  endfacet
  facet normal -0.926359 0.376642 0
    outer loop
      vertex -24.9466 -5.75937 0
      vertex -24.7433 -5.25935 1.2
      vertex -24.7433 -5.25935 0
    endloop
  endfacet
  facet normal -0.926359 0.376642 0
    outer loop
      vertex -24.7433 -5.25935 1.2
      vertex -24.9466 -5.75937 0
      vertex -24.9466 -5.75937 1.2
    endloop
  endfacet
  facet normal -0.637725 0.770264 0
    outer loop
      vertex -24.9466 -5.75937 0
      vertex -25.7425 -6.41832 1.2
      vertex -24.9466 -5.75937 1.2
    endloop
  endfacet
  facet normal -0.637725 0.770264 0
    outer loop
      vertex -25.7425 -6.41832 1.2
      vertex -24.9466 -5.75937 0
      vertex -25.7425 -6.41832 0
    endloop
  endfacet
  facet normal -0.493894 0.869522 0
    outer loop
      vertex -25.7425 -6.41832 0
      vertex -27.34 -7.32571 1.2
      vertex -25.7425 -6.41832 1.2
    endloop
  endfacet
  facet normal -0.493894 0.869522 0
    outer loop
      vertex -27.34 -7.32571 1.2
      vertex -25.7425 -6.41832 0
      vertex -27.34 -7.32571 0
    endloop
  endfacet
  facet normal -0.465935 0.884819 0
    outer loop
      vertex -27.34 -7.32571 0
      vertex -29.4827 -8.45403 1.2
      vertex -27.34 -7.32571 1.2
    endloop
  endfacet
  facet normal -0.465935 0.884819 0
    outer loop
      vertex -29.4827 -8.45403 1.2
      vertex -27.34 -7.32571 0
      vertex -29.4827 -8.45403 0
    endloop
  endfacet
  facet normal -0.49831 0.866999 0
    outer loop
      vertex -29.4827 -8.45403 0
      vertex -31.5633 -9.64986 1.2
      vertex -29.4827 -8.45403 1.2
    endloop
  endfacet
  facet normal -0.49831 0.866999 0
    outer loop
      vertex -31.5633 -9.64986 1.2
      vertex -29.4827 -8.45403 0
      vertex -31.5633 -9.64986 0
    endloop
  endfacet
  facet normal -0.607379 0.794412 0
    outer loop
      vertex -31.5633 -9.64986 0
      vertex -32.941 -10.7032 1.2
      vertex -31.5633 -9.64986 1.2
    endloop
  endfacet
  facet normal -0.607379 0.794412 0
    outer loop
      vertex -32.941 -10.7032 1.2
      vertex -31.5633 -9.64986 0
      vertex -32.941 -10.7032 0
    endloop
  endfacet
  facet normal -0.906441 0.422331 0
    outer loop
      vertex -33.2958 -11.4647 0
      vertex -32.941 -10.7032 1.2
      vertex -32.941 -10.7032 0
    endloop
  endfacet
  facet normal -0.906441 0.422331 0
    outer loop
      vertex -32.941 -10.7032 1.2
      vertex -33.2958 -11.4647 0
      vertex -33.2958 -11.4647 1.2
    endloop
  endfacet
  facet normal -0.713594 -0.70056 0
    outer loop
      vertex -32.8228 -11.9465 0
      vertex -33.2958 -11.4647 1.2
      vertex -33.2958 -11.4647 0
    endloop
  endfacet
  facet normal -0.713594 -0.70056 0
    outer loop
      vertex -33.2958 -11.4647 1.2
      vertex -32.8228 -11.9465 0
      vertex -32.8228 -11.9465 1.2
    endloop
  endfacet
  facet normal -0.507418 -0.8617 0
    outer loop
      vertex -32.8228 -11.9465 0
      vertex -32.1515 -12.3418 1.2
      vertex -32.8228 -11.9465 1.2
    endloop
  endfacet
  facet normal -0.507418 -0.8617 -0
    outer loop
      vertex -32.1515 -12.3418 1.2
      vertex -32.8228 -11.9465 0
      vertex -32.1515 -12.3418 0
    endloop
  endfacet
  facet normal -0.9776 -0.210469 0
    outer loop
      vertex -32.0231 -12.9382 0
      vertex -32.1515 -12.3418 1.2
      vertex -32.1515 -12.3418 0
    endloop
  endfacet
  facet normal -0.9776 -0.210469 0
    outer loop
      vertex -32.1515 -12.3418 1.2
      vertex -32.0231 -12.9382 0
      vertex -32.0231 -12.9382 1.2
    endloop
  endfacet
  facet normal -0.762244 0.64729 0
    outer loop
      vertex -32.8925 -13.962 0
      vertex -32.0231 -12.9382 1.2
      vertex -32.0231 -12.9382 0
    endloop
  endfacet
  facet normal -0.762244 0.64729 0
    outer loop
      vertex -32.0231 -12.9382 1.2
      vertex -32.8925 -13.962 0
      vertex -32.8925 -13.962 1.2
    endloop
  endfacet
  facet normal -0.63825 0.76983 0
    outer loop
      vertex -32.8925 -13.962 0
      vertex -34.6711 -15.4366 1.2
      vertex -32.8925 -13.962 1.2
    endloop
  endfacet
  facet normal -0.63825 0.76983 0
    outer loop
      vertex -34.6711 -15.4366 1.2
      vertex -32.8925 -13.962 0
      vertex -34.6711 -15.4366 0
    endloop
  endfacet
  facet normal -0.632576 0.774498 0
    outer loop
      vertex -34.6711 -15.4366 0
      vertex -36.7563 -17.1397 1.2
      vertex -34.6711 -15.4366 1.2
    endloop
  endfacet
  facet normal -0.632576 0.774498 0
    outer loop
      vertex -36.7563 -17.1397 1.2
      vertex -34.6711 -15.4366 0
      vertex -36.7563 -17.1397 0
    endloop
  endfacet
  facet normal -0.7018 0.712374 0
    outer loop
      vertex -36.7563 -17.1397 0
      vertex -38.3396 -18.6995 1.2
      vertex -36.7563 -17.1397 1.2
    endloop
  endfacet
  facet normal -0.7018 0.712374 0
    outer loop
      vertex -38.3396 -18.6995 1.2
      vertex -36.7563 -17.1397 0
      vertex -38.3396 -18.6995 0
    endloop
  endfacet
  facet normal -0.90979 0.415068 0
    outer loop
      vertex -38.8362 -19.788 0
      vertex -38.3396 -18.6995 1.2
      vertex -38.3396 -18.6995 0
    endloop
  endfacet
  facet normal -0.90979 0.415068 0
    outer loop
      vertex -38.3396 -18.6995 1.2
      vertex -38.8362 -19.788 0
      vertex -38.8362 -19.788 1.2
    endloop
  endfacet
  facet normal -0.640567 -0.767902 0
    outer loop
      vertex -38.8362 -19.788 0
      vertex -38.2054 -20.3142 1.2
      vertex -38.8362 -19.788 1.2
    endloop
  endfacet
  facet normal -0.640567 -0.767902 -0
    outer loop
      vertex -38.2054 -20.3142 1.2
      vertex -38.8362 -19.788 0
      vertex -38.2054 -20.3142 0
    endloop
  endfacet
  facet normal -0.152277 -0.988338 0
    outer loop
      vertex -38.2054 -20.3142 0
      vertex -36.9865 -20.502 1.2
      vertex -38.2054 -20.3142 1.2
    endloop
  endfacet
  facet normal -0.152277 -0.988338 -0
    outer loop
      vertex -36.9865 -20.502 1.2
      vertex -38.2054 -20.3142 0
      vertex -36.9865 -20.502 0
    endloop
  endfacet
  facet normal -0.294016 -0.9558 0
    outer loop
      vertex -36.9865 -20.502 0
      vertex -36.0236 -20.7982 1.2
      vertex -36.9865 -20.502 1.2
    endloop
  endfacet
  facet normal -0.294016 -0.9558 -0
    outer loop
      vertex -36.0236 -20.7982 1.2
      vertex -36.9865 -20.502 0
      vertex -36.0236 -20.7982 0
    endloop
  endfacet
  facet normal -0.999996 -0.00271995 0
    outer loop
      vertex -36.0213 -21.6438 0
      vertex -36.0236 -20.7982 1.2
      vertex -36.0236 -20.7982 0
    endloop
  endfacet
  facet normal -0.999996 -0.00271995 0
    outer loop
      vertex -36.0236 -20.7982 1.2
      vertex -36.0213 -21.6438 0
      vertex -36.0213 -21.6438 1.2
    endloop
  endfacet
  facet normal -0.809747 0.586779 0
    outer loop
      vertex -37.1666 -23.2243 0
      vertex -36.0213 -21.6438 1.2
      vertex -36.0213 -21.6438 0
    endloop
  endfacet
  facet normal -0.809747 0.586779 0
    outer loop
      vertex -36.0213 -21.6438 1.2
      vertex -37.1666 -23.2243 0
      vertex -37.1666 -23.2243 1.2
    endloop
  endfacet
  facet normal -0.752094 0.659055 0
    outer loop
      vertex -39.0211 -25.3406 0
      vertex -37.1666 -23.2243 1.2
      vertex -37.1666 -23.2243 0
    endloop
  endfacet
  facet normal -0.752094 0.659055 0
    outer loop
      vertex -37.1666 -23.2243 1.2
      vertex -39.0211 -25.3406 0
      vertex -39.0211 -25.3406 1.2
    endloop
  endfacet
  facet normal -0.77906 0.62695 0
    outer loop
      vertex -40.7452 -27.483 0
      vertex -39.0211 -25.3406 1.2
      vertex -39.0211 -25.3406 0
    endloop
  endfacet
  facet normal -0.77906 0.62695 0
    outer loop
      vertex -39.0211 -25.3406 1.2
      vertex -40.7452 -27.483 0
      vertex -40.7452 -27.483 1.2
    endloop
  endfacet
  facet normal -0.896064 0.443924 0
    outer loop
      vertex -41.5395 -29.0863 0
      vertex -40.7452 -27.483 1.2
      vertex -40.7452 -27.483 0
    endloop
  endfacet
  facet normal -0.896064 0.443924 0
    outer loop
      vertex -40.7452 -27.483 1.2
      vertex -41.5395 -29.0863 0
      vertex -41.5395 -29.0863 1.2
    endloop
  endfacet
  facet normal 0.11072 -0.993852 0
    outer loop
      vertex -41.5395 -29.0863 0
      vertex -39.7613 -28.8882 1.2
      vertex -41.5395 -29.0863 1.2
    endloop
  endfacet
  facet normal 0.11072 -0.993852 0
    outer loop
      vertex -39.7613 -28.8882 1.2
      vertex -41.5395 -29.0863 0
      vertex -39.7613 -28.8882 0
    endloop
  endfacet
  facet normal 0.322689 -0.946505 0
    outer loop
      vertex -39.7613 -28.8882 0
      vertex -37.1584 -28.0008 1.2
      vertex -39.7613 -28.8882 1.2
    endloop
  endfacet
  facet normal 0.322689 -0.946505 0
    outer loop
      vertex -37.1584 -28.0008 1.2
      vertex -39.7613 -28.8882 0
      vertex -37.1584 -28.0008 0
    endloop
  endfacet
  facet normal 0.362059 -0.932155 0
    outer loop
      vertex -37.1584 -28.0008 0
      vertex -34.5354 -26.982 1.2
      vertex -37.1584 -28.0008 1.2
    endloop
  endfacet
  facet normal 0.362059 -0.932155 0
    outer loop
      vertex -34.5354 -26.982 1.2
      vertex -37.1584 -28.0008 0
      vertex -34.5354 -26.982 0
    endloop
  endfacet
  facet normal 0.27441 -0.961613 0
    outer loop
      vertex -34.5354 -26.982 0
      vertex -32.6585 -26.4464 1.2
      vertex -34.5354 -26.982 1.2
    endloop
  endfacet
  facet normal 0.27441 -0.961613 0
    outer loop
      vertex -32.6585 -26.4464 1.2
      vertex -34.5354 -26.982 0
      vertex -32.6585 -26.4464 0
    endloop
  endfacet
  facet normal -0.344543 -0.938771 0
    outer loop
      vertex -32.6585 -26.4464 0
      vertex -31.8648 -26.7377 1.2
      vertex -32.6585 -26.4464 1.2
    endloop
  endfacet
  facet normal -0.344543 -0.938771 -0
    outer loop
      vertex -31.8648 -26.7377 1.2
      vertex -32.6585 -26.4464 0
      vertex -31.8648 -26.7377 0
    endloop
  endfacet
  facet normal -0.998723 0.0505218 0
    outer loop
      vertex -31.9157 -27.7439 0
      vertex -31.8648 -26.7377 1.2
      vertex -31.8648 -26.7377 0
    endloop
  endfacet
  facet normal -0.998723 0.0505218 0
    outer loop
      vertex -31.8648 -26.7377 1.2
      vertex -31.9157 -27.7439 0
      vertex -31.9157 -27.7439 1.2
    endloop
  endfacet
  facet normal -0.980817 0.194931 0
    outer loop
      vertex -32.1561 -28.9535 0
      vertex -31.9157 -27.7439 1.2
      vertex -31.9157 -27.7439 0
    endloop
  endfacet
  facet normal -0.980817 0.194931 0
    outer loop
      vertex -31.9157 -27.7439 1.2
      vertex -32.1561 -28.9535 0
      vertex -32.1561 -28.9535 1.2
    endloop
  endfacet
  facet normal -0.940682 -0.339288 0
    outer loop
      vertex -31.8774 -29.7262 0
      vertex -32.1561 -28.9535 1.2
      vertex -32.1561 -28.9535 0
    endloop
  endfacet
  facet normal -0.940682 -0.339288 0
    outer loop
      vertex -32.1561 -28.9535 1.2
      vertex -31.8774 -29.7262 0
      vertex -31.8774 -29.7262 1.2
    endloop
  endfacet
  facet normal 0.0789014 -0.996882 0
    outer loop
      vertex -31.8774 -29.7262 0
      vertex -30.6847 -29.6318 1.2
      vertex -31.8774 -29.7262 1.2
    endloop
  endfacet
  facet normal 0.0789014 -0.996882 0
    outer loop
      vertex -30.6847 -29.6318 1.2
      vertex -31.8774 -29.7262 0
      vertex -30.6847 -29.6318 0
    endloop
  endfacet
  facet normal 0.42938 -0.903124 0
    outer loop
      vertex -30.6847 -29.6318 0
      vertex -28.6775 -28.6775 1.2
      vertex -30.6847 -29.6318 1.2
    endloop
  endfacet
  facet normal 0.42938 -0.903124 0
    outer loop
      vertex -28.6775 -28.6775 1.2
      vertex -30.6847 -29.6318 0
      vertex -28.6775 -28.6775 0
    endloop
  endfacet
  facet normal 0.511417 -0.859333 0
    outer loop
      vertex -28.6775 -28.6775 0
      vertex -26.3639 -27.3006 1.2
      vertex -28.6775 -28.6775 1.2
    endloop
  endfacet
  facet normal 0.511417 -0.859333 0
    outer loop
      vertex -26.3639 -27.3006 1.2
      vertex -28.6775 -28.6775 0
      vertex -26.3639 -27.3006 0
    endloop
  endfacet
  facet normal 0.505141 -0.863037 0
    outer loop
      vertex -26.3639 -27.3006 0
      vertex -24.3699 -26.1335 1.2
      vertex -26.3639 -27.3006 1.2
    endloop
  endfacet
  facet normal 0.505141 -0.863037 0
    outer loop
      vertex -24.3699 -26.1335 1.2
      vertex -26.3639 -27.3006 0
      vertex -24.3699 -26.1335 0
    endloop
  endfacet
  facet normal 0.347482 -0.937687 0
    outer loop
      vertex -24.3699 -26.1335 0
      vertex -23.1105 -25.6668 1.2
      vertex -24.3699 -26.1335 1.2
    endloop
  endfacet
  facet normal 0.347482 -0.937687 0
    outer loop
      vertex -23.1105 -25.6668 1.2
      vertex -24.3699 -26.1335 0
      vertex -23.1105 -25.6668 0
    endloop
  endfacet
  facet normal -0.532104 -0.846679 0
    outer loop
      vertex -23.1105 -25.6668 0
      vertex -22.594 -25.9914 1.2
      vertex -23.1105 -25.6668 1.2
    endloop
  endfacet
  facet normal -0.532104 -0.846679 -0
    outer loop
      vertex -22.594 -25.9914 1.2
      vertex -23.1105 -25.6668 0
      vertex -22.594 -25.9914 0
    endloop
  endfacet
  facet normal -0.983271 -0.182149 0
    outer loop
      vertex -22.4521 -26.7574 0
      vertex -22.594 -25.9914 1.2
      vertex -22.594 -25.9914 0
    endloop
  endfacet
  facet normal -0.983271 -0.182149 0
    outer loop
      vertex -22.594 -25.9914 1.2
      vertex -22.4521 -26.7574 0
      vertex -22.4521 -26.7574 1.2
    endloop
  endfacet
  facet normal -0.902367 -0.430968 0
    outer loop
      vertex -22.1611 -27.3667 0
      vertex -22.4521 -26.7574 1.2
      vertex -22.4521 -26.7574 0
    endloop
  endfacet
  facet normal -0.902367 -0.430968 0
    outer loop
      vertex -22.4521 -26.7574 1.2
      vertex -22.1611 -27.3667 0
      vertex -22.1611 -27.3667 1.2
    endloop
  endfacet
  facet normal 0.0868967 -0.996217 0
    outer loop
      vertex -22.1611 -27.3667 0
      vertex -21.3242 -27.2937 1.2
      vertex -22.1611 -27.3667 1.2
    endloop
  endfacet
  facet normal 0.0868967 -0.996217 0
    outer loop
      vertex -21.3242 -27.2937 1.2
      vertex -22.1611 -27.3667 0
      vertex -21.3242 -27.2937 0
    endloop
  endfacet
  facet normal 0.538792 -0.842439 0
    outer loop
      vertex -21.3242 -27.2937 0
      vertex -19.8632 -26.3593 1.2
      vertex -21.3242 -27.2937 1.2
    endloop
  endfacet
  facet normal 0.538792 -0.842439 0
    outer loop
      vertex -19.8632 -26.3593 1.2
      vertex -21.3242 -27.2937 0
      vertex -19.8632 -26.3593 0
    endloop
  endfacet
  facet normal 0.644278 -0.764791 0
    outer loop
      vertex -19.8632 -26.3593 0
      vertex -18.0279 -24.8132 1.2
      vertex -19.8632 -26.3593 1.2
    endloop
  endfacet
  facet normal 0.644278 -0.764791 0
    outer loop
      vertex -18.0279 -24.8132 1.2
      vertex -19.8632 -26.3593 0
      vertex -18.0279 -24.8132 0
    endloop
  endfacet
  facet normal 0.672089 -0.74047 0
    outer loop
      vertex -18.0279 -24.8132 0
      vertex -16.2347 -23.1856 1.2
      vertex -18.0279 -24.8132 1.2
    endloop
  endfacet
  facet normal 0.672089 -0.74047 0
    outer loop
      vertex -16.2347 -23.1856 1.2
      vertex -18.0279 -24.8132 0
      vertex -16.2347 -23.1856 0
    endloop
  endfacet
  facet normal 0.64817 -0.761496 0
    outer loop
      vertex -16.2347 -23.1856 0
      vertex -14.8357 -21.9948 1.2
      vertex -16.2347 -23.1856 1.2
    endloop
  endfacet
  facet normal 0.64817 -0.761496 0
    outer loop
      vertex -14.8357 -21.9948 1.2
      vertex -16.2347 -23.1856 0
      vertex -14.8357 -21.9948 0
    endloop
  endfacet
  facet normal 0.505687 -0.862717 0
    outer loop
      vertex -14.8357 -21.9948 0
      vertex -13.9443 -21.4723 1.2
      vertex -14.8357 -21.9948 1.2
    endloop
  endfacet
  facet normal 0.505687 -0.862717 0
    outer loop
      vertex -13.9443 -21.4723 1.2
      vertex -14.8357 -21.9948 0
      vertex -13.9443 -21.4723 0
    endloop
  endfacet
  facet normal 0.0370528 -0.999313 0
    outer loop
      vertex -13.9443 -21.4723 0
      vertex -13.4049 -21.4523 1.2
      vertex -13.9443 -21.4723 1.2
    endloop
  endfacet
  facet normal 0.0370528 -0.999313 0
    outer loop
      vertex -13.4049 -21.4523 1.2
      vertex -13.9443 -21.4723 0
      vertex -13.4049 -21.4523 0
    endloop
  endfacet
  facet normal -0.0526008 -0.998616 0
    outer loop
      vertex -13.4049 -21.4523 0
      vertex -12.9056 -21.4786 1.2
      vertex -13.4049 -21.4523 1.2
    endloop
  endfacet
  facet normal -0.0526008 -0.998616 -0
    outer loop
      vertex -12.9056 -21.4786 1.2
      vertex -13.4049 -21.4523 0
      vertex -12.9056 -21.4786 0
    endloop
  endfacet
  facet normal 0.488243 -0.872707 0
    outer loop
      vertex -12.9056 -21.4786 0
      vertex -12.1597 -21.0613 1.2
      vertex -12.9056 -21.4786 1.2
    endloop
  endfacet
  facet normal 0.488243 -0.872707 0
    outer loop
      vertex -12.1597 -21.0613 1.2
      vertex -12.9056 -21.4786 0
      vertex -12.1597 -21.0613 0
    endloop
  endfacet
  facet normal 0.712215 -0.701961 0
    outer loop
      vertex -12.1597 -21.0613 1.2
      vertex -11.0507 -19.9361 0
      vertex -11.0507 -19.9361 1.2
    endloop
  endfacet
  facet normal 0.712215 -0.701961 0
    outer loop
      vertex -11.0507 -19.9361 0
      vertex -12.1597 -21.0613 1.2
      vertex -12.1597 -21.0613 0
    endloop
  endfacet
  facet normal -0.994252 0.107062 0
    outer loop
      vertex -11.1651 -20.9985 0
      vertex -11.0507 -19.9361 1.2
      vertex -11.0507 -19.9361 0
    endloop
  endfacet
  facet normal -0.994252 0.107062 0
    outer loop
      vertex -11.0507 -19.9361 1.2
      vertex -11.1651 -20.9985 0
      vertex -11.1651 -20.9985 1.2
    endloop
  endfacet
  facet normal -0.966384 0.257103 0
    outer loop
      vertex -11.6741 -22.9117 0
      vertex -11.1651 -20.9985 1.2
      vertex -11.1651 -20.9985 0
    endloop
  endfacet
  facet normal -0.966384 0.257103 0
    outer loop
      vertex -11.1651 -20.9985 1.2
      vertex -11.6741 -22.9117 0
      vertex -11.6741 -22.9117 1.2
    endloop
  endfacet
  facet normal -0.995991 0.089455 0
    outer loop
      vertex -11.7868 -24.1665 0
      vertex -11.6741 -22.9117 1.2
      vertex -11.6741 -22.9117 0
    endloop
  endfacet
  facet normal -0.995991 0.089455 0
    outer loop
      vertex -11.6741 -22.9117 1.2
      vertex -11.7868 -24.1665 0
      vertex -11.7868 -24.1665 1.2
    endloop
  endfacet
  facet normal -0.946264 -0.323395 0
    outer loop
      vertex -11.5678 -24.8073 0
      vertex -11.7868 -24.1665 1.2
      vertex -11.7868 -24.1665 0
    endloop
  endfacet
  facet normal -0.946264 -0.323395 0
    outer loop
      vertex -11.7868 -24.1665 1.2
      vertex -11.5678 -24.8073 0
      vertex -11.5678 -24.8073 1.2
    endloop
  endfacet
  facet normal -0.724777 -0.688983 0
    outer loop
      vertex -11.2117 -25.1819 0
      vertex -11.5678 -24.8073 1.2
      vertex -11.5678 -24.8073 0
    endloop
  endfacet
  facet normal -0.724777 -0.688983 0
    outer loop
      vertex -11.5678 -24.8073 1.2
      vertex -11.2117 -25.1819 0
      vertex -11.2117 -25.1819 1.2
    endloop
  endfacet
  facet normal -0.919137 -0.393937 0
    outer loop
      vertex -10.9491 -25.7946 0
      vertex -11.2117 -25.1819 1.2
      vertex -11.2117 -25.1819 0
    endloop
  endfacet
  facet normal -0.919137 -0.393937 0
    outer loop
      vertex -11.2117 -25.1819 1.2
      vertex -10.9491 -25.7946 0
      vertex -10.9491 -25.7946 1.2
    endloop
  endfacet
  facet normal -0.999929 -0.0119077 0
    outer loop
      vertex -10.934 -27.0626 0
      vertex -10.9491 -25.7946 1.2
      vertex -10.9491 -25.7946 0
    endloop
  endfacet
  facet normal -0.999929 -0.0119077 0
    outer loop
      vertex -10.9491 -25.7946 1.2
      vertex -10.934 -27.0626 0
      vertex -10.934 -27.0626 1.2
    endloop
  endfacet
  facet normal -0.993417 0.114552 0
    outer loop
      vertex -11.1683 -29.0945 0
      vertex -10.934 -27.0626 1.2
      vertex -10.934 -27.0626 0
    endloop
  endfacet
  facet normal -0.993417 0.114552 0
    outer loop
      vertex -10.934 -27.0626 1.2
      vertex -11.1683 -29.0945 0
      vertex -11.1683 -29.0945 1.2
    endloop
  endfacet
  facet normal -0.991185 0.132487 0
    outer loop
      vertex -11.5042 -31.6075 0
      vertex -11.1683 -29.0945 1.2
      vertex -11.1683 -29.0945 0
    endloop
  endfacet
  facet normal -0.991185 0.132487 0
    outer loop
      vertex -11.1683 -29.0945 1.2
      vertex -11.5042 -31.6075 0
      vertex -11.5042 -31.6075 1.2
    endloop
  endfacet
  facet normal -0.996069 0.088585 0
    outer loop
      vertex -11.7204 -34.0385 0
      vertex -11.5042 -31.6075 1.2
      vertex -11.5042 -31.6075 0
    endloop
  endfacet
  facet normal -0.996069 0.088585 0
    outer loop
      vertex -11.5042 -31.6075 1.2
      vertex -11.7204 -34.0385 0
      vertex -11.7204 -34.0385 1.2
    endloop
  endfacet
  facet normal -0.998804 -0.0488972 0
    outer loop
      vertex -11.6339 -35.8054 0
      vertex -11.7204 -34.0385 1.2
      vertex -11.7204 -34.0385 0
    endloop
  endfacet
  facet normal -0.998804 -0.0488972 0
    outer loop
      vertex -11.7204 -34.0385 1.2
      vertex -11.6339 -35.8054 0
      vertex -11.6339 -35.8054 1.2
    endloop
  endfacet
  facet normal -0.872288 -0.488992 0
    outer loop
      vertex -11.1893 -36.5985 0
      vertex -11.6339 -35.8054 1.2
      vertex -11.6339 -35.8054 0
    endloop
  endfacet
  facet normal -0.872288 -0.488992 0
    outer loop
      vertex -11.6339 -35.8054 1.2
      vertex -11.1893 -36.5985 0
      vertex -11.1893 -36.5985 1.2
    endloop
  endfacet
  facet normal 0.0613855 -0.998114 0
    outer loop
      vertex -11.1893 -36.5985 0
      vertex -10.482 -36.555 1.2
      vertex -11.1893 -36.5985 1.2
    endloop
  endfacet
  facet normal 0.0613855 -0.998114 0
    outer loop
      vertex -10.482 -36.555 1.2
      vertex -11.1893 -36.5985 0
      vertex -10.482 -36.555 0
    endloop
  endfacet
  facet normal 0.394202 -0.919024 0
    outer loop
      vertex -10.482 -36.555 0
      vertex -9.70566 -36.222 1.2
      vertex -10.482 -36.555 1.2
    endloop
  endfacet
  facet normal 0.394202 -0.919024 0
    outer loop
      vertex -9.70566 -36.222 1.2
      vertex -10.482 -36.555 0
      vertex -9.70566 -36.222 0
    endloop
  endfacet
  facet normal -0.139196 -0.990265 0
    outer loop
      vertex -9.70566 -36.222 0
      vertex -9.054 -36.3136 1.2
      vertex -9.70566 -36.222 1.2
    endloop
  endfacet
  facet normal -0.139196 -0.990265 -0
    outer loop
      vertex -9.054 -36.3136 1.2
      vertex -9.70566 -36.222 0
      vertex -9.054 -36.3136 0
    endloop
  endfacet
  facet normal -0.927037 -0.374971 0
    outer loop
      vertex -8.62723 -37.3687 0
      vertex -9.054 -36.3136 1.2
      vertex -9.054 -36.3136 0
    endloop
  endfacet
  facet normal -0.927037 -0.374971 0
    outer loop
      vertex -9.054 -36.3136 1.2
      vertex -8.62723 -37.3687 0
      vertex -8.62723 -37.3687 1.2
    endloop
  endfacet
  facet normal -0.993763 -0.111512 0
    outer loop
      vertex -8.39081 -39.4756 0
      vertex -8.62723 -37.3687 1.2
      vertex -8.62723 -37.3687 0
    endloop
  endfacet
  facet normal -0.993763 -0.111512 0
    outer loop
      vertex -8.62723 -37.3687 1.2
      vertex -8.39081 -39.4756 0
      vertex -8.39081 -39.4756 1.2
    endloop
  endfacet
  facet normal -0.997653 -0.0684666 0
    outer loop
      vertex -8.20358 -42.2038 0
      vertex -8.39081 -39.4756 1.2
      vertex -8.39081 -39.4756 0
    endloop
  endfacet
  facet normal -0.997653 -0.0684666 0
    outer loop
      vertex -8.39081 -39.4756 1.2
      vertex -8.20358 -42.2038 0
      vertex -8.20358 -42.2038 1.2
    endloop
  endfacet
  facet normal -0.993021 -0.117936 0
    outer loop
      vertex -7.89693 -44.7858 0
      vertex -8.20358 -42.2038 1.2
      vertex -8.20358 -42.2038 0
    endloop
  endfacet
  facet normal -0.993021 -0.117936 0
    outer loop
      vertex -8.20358 -42.2038 1.2
      vertex -7.89693 -44.7858 0
      vertex -7.89693 -44.7858 1.2
    endloop
  endfacet
  facet normal -0.953107 -0.302635 0
    outer loop
      vertex -7.36079 -46.4743 0
      vertex -7.89693 -44.7858 1.2
      vertex -7.89693 -44.7858 0
    endloop
  endfacet
  facet normal -0.953107 -0.302635 0
    outer loop
      vertex -7.89693 -44.7858 1.2
      vertex -7.36079 -46.4743 0
      vertex -7.36079 -46.4743 1.2
    endloop
  endfacet
  facet normal -0.491115 -0.871095 0
    outer loop
      vertex -7.36079 -46.4743 0
      vertex -6.59242 -46.9075 1.2
      vertex -7.36079 -46.4743 1.2
    endloop
  endfacet
  facet normal -0.491115 -0.871095 -0
    outer loop
      vertex -6.59242 -46.9075 1.2
      vertex -7.36079 -46.4743 0
      vertex -6.59242 -46.9075 0
    endloop
  endfacet
  facet normal 0.554594 -0.832121 0
    outer loop
      vertex -6.59242 -46.9075 0
      vertex -5.68527 -46.3029 1.2
      vertex -6.59242 -46.9075 1.2
    endloop
  endfacet
  facet normal 0.554594 -0.832121 0
    outer loop
      vertex -5.68527 -46.3029 1.2
      vertex -6.59242 -46.9075 0
      vertex -5.68527 -46.3029 0
    endloop
  endfacet
  facet normal 0.710776 -0.703419 0
    outer loop
      vertex -5.68527 -46.3029 1.2
      vertex -4.76935 -45.3774 0
      vertex -4.76935 -45.3774 1.2
    endloop
  endfacet
  facet normal 0.710776 -0.703419 0
    outer loop
      vertex -4.76935 -45.3774 0
      vertex -5.68527 -46.3029 1.2
      vertex -5.68527 -46.3029 0
    endloop
  endfacet
  facet normal 0.393266 -0.919425 0
    outer loop
      vertex -4.76935 -45.3774 0
      vertex -3.93892 -45.0222 1.2
      vertex -4.76935 -45.3774 1.2
    endloop
  endfacet
  facet normal 0.393266 -0.919425 0
    outer loop
      vertex -3.93892 -45.0222 1.2
      vertex -4.76935 -45.3774 0
      vertex -3.93892 -45.0222 0
    endloop
  endfacet
  facet normal -0.76053 -0.649303 0
    outer loop
      vertex -3.20811 -45.8782 0
      vertex -3.93892 -45.0222 1.2
      vertex -3.93892 -45.0222 0
    endloop
  endfacet
  facet normal -0.76053 -0.649303 0
    outer loop
      vertex -3.93892 -45.0222 1.2
      vertex -3.20811 -45.8782 0
      vertex -3.20811 -45.8782 1.2
    endloop
  endfacet
  facet normal -0.95149 -0.307681 0
    outer loop
      vertex -2.51646 -48.0171 0
      vertex -3.20811 -45.8782 1.2
      vertex -3.20811 -45.8782 0
    endloop
  endfacet
  facet normal -0.95149 -0.307681 0
    outer loop
      vertex -3.20811 -45.8782 1.2
      vertex -2.51646 -48.0171 0
      vertex -2.51646 -48.0171 1.2
    endloop
  endfacet
  facet normal -0.968318 -0.249721 0
    outer loop
      vertex -1.77693 -50.8847 0
      vertex -2.51646 -48.0171 1.2
      vertex -2.51646 -48.0171 0
    endloop
  endfacet
  facet normal -0.968318 -0.249721 0
    outer loop
      vertex -2.51646 -48.0171 1.2
      vertex -1.77693 -50.8847 0
      vertex -1.77693 -50.8847 1.2
    endloop
  endfacet
  facet normal -0.953378 -0.301777 0
    outer loop
      vertex -0.934631 -53.5457 0
      vertex -1.77693 -50.8847 1.2
      vertex -1.77693 -50.8847 0
    endloop
  endfacet
  facet normal -0.953378 -0.301777 0
    outer loop
      vertex -1.77693 -50.8847 1.2
      vertex -0.934631 -53.5457 0
      vertex -0.934631 -53.5457 1.2
    endloop
  endfacet
  facet normal -0.859881 -0.510494 0
    outer loop
      vertex 0 -55.12 0
      vertex -0.934631 -53.5457 1.2
      vertex -0.934631 -53.5457 0
    endloop
  endfacet
  facet normal -0.859881 -0.510494 0
    outer loop
      vertex -0.934631 -53.5457 1.2
      vertex 0 -55.12 0
      vertex 0 -55.12 1.2
    endloop
  endfacet
  facet normal 0.859881 -0.510494 0
    outer loop
      vertex 0 -55.12 1.2
      vertex 0.934631 -53.5457 0
      vertex 0.934631 -53.5457 1.2
    endloop
  endfacet
  facet normal 0.859881 -0.510494 0
    outer loop
      vertex 0.934631 -53.5457 0
      vertex 0 -55.12 1.2
      vertex 0 -55.12 0
    endloop
  endfacet
  facet normal 0 0 1
    outer loop
      vertex 20.7659 15.1 1.6
      vertex 20.7659 14.7 1.6
      vertex 20.8195 14.9 1.6
    endloop
  endfacet
  facet normal 0 0 1
    outer loop
      vertex 20.6195 15.2464 1.6
      vertex 20.7659 14.7 1.6
      vertex 20.7659 15.1 1.6
    endloop
  endfacet
  facet normal 0 0 1
    outer loop
      vertex 20.4195 15.3 1.6
      vertex 20.7659 14.7 1.6
      vertex 20.6195 15.2464 1.6
    endloop
  endfacet
  facet normal -0 0 1
    outer loop
      vertex 20.2195 15.2464 1.6
      vertex 20.7659 14.7 1.6
      vertex 20.4195 15.3 1.6
    endloop
  endfacet
  facet normal -0 0 1
    outer loop
      vertex 20.0731 15.1 1.6
      vertex 20.7659 14.7 1.6
      vertex 20.2195 15.2464 1.6
    endloop
  endfacet
  facet normal 0 0 1
    outer loop
      vertex 20.0731 15.1 1.6
      vertex 19.7828 11.9989 1.6
      vertex 20.7659 14.7 1.6
    endloop
  endfacet
  facet normal 0 0 1
    outer loop
      vertex 18.7213 11.3861 1.6
      vertex 19.7828 11.9989 1.6
      vertex 20.0731 15.1 1.6
    endloop
  endfacet
  facet normal 0 0 1
    outer loop
      vertex 19.7828 11.9989 1.6
      vertex 18.7213 11.3861 1.6
      vertex 19.2213 10.5201 1.6
    endloop
  endfacet
  facet normal 0 0 1
    outer loop
      vertex 18.7213 11.3861 1.6
      vertex 15.2571 8.23134 1.6
      vertex 19.2213 10.5201 1.6
    endloop
  endfacet
  facet normal 0 -0 1
    outer loop
      vertex 15.2571 8.23134 1.6
      vertex 18.7213 11.3861 1.6
      vertex 14.7571 9.09735 1.6
    endloop
  endfacet
  facet normal 0 0 1
    outer loop
      vertex 25.5616 14.758 1.6
      vertex 25.5616 14.258 1.6
      vertex 25.6286 14.508 1.6
    endloop
  endfacet
  facet normal 0 0 1
    outer loop
      vertex 25.3786 14.941 1.6
      vertex 25.5616 14.258 1.6
      vertex 25.5616 14.758 1.6
    endloop
  endfacet
  facet normal 0 0 1
    outer loop
      vertex 25.3786 14.941 1.6
      vertex 25.3786 14.075 1.6
      vertex 25.5616 14.258 1.6
    endloop
  endfacet
  facet normal 0 0 1
    outer loop
      vertex 25.1286 15.008 1.6
      vertex 25.3786 14.075 1.6
      vertex 25.3786 14.941 1.6
    endloop
  endfacet
  facet normal -0 0 1
    outer loop
      vertex 24.8786 14.941 1.6
      vertex 25.3786 14.075 1.6
      vertex 25.1286 15.008 1.6
    endloop
  endfacet
  facet normal 0 0 1
    outer loop
      vertex 24.8786 14.941 1.6
      vertex 20.2828 11.1329 1.6
      vertex 25.3786 14.075 1.6
    endloop
  endfacet
  facet normal 0 -0 1
    outer loop
      vertex 20.2828 11.1329 1.6
      vertex 24.8786 14.941 1.6
      vertex 19.7828 11.9989 1.6
    endloop
  endfacet
  facet normal 0 0 1
    outer loop
      vertex 23.46 10.4338 1.6
      vertex 23.46 10.0338 1.6
      vertex 23.5136 10.2338 1.6
    endloop
  endfacet
  facet normal 0 0 1
    outer loop
      vertex 23.3136 10.5802 1.6
      vertex 23.46 10.0338 1.6
      vertex 23.46 10.4338 1.6
    endloop
  endfacet
  facet normal 0 0 1
    outer loop
      vertex 23.3136 10.5802 1.6
      vertex 23.3136 9.88739 1.6
      vertex 23.46 10.0338 1.6
    endloop
  endfacet
  facet normal 0 0 1
    outer loop
      vertex 23.1136 10.6338 1.6
      vertex 23.3136 9.88739 1.6
      vertex 23.3136 10.5802 1.6
    endloop
  endfacet
  facet normal 0 0 1
    outer loop
      vertex 23.1136 10.6338 1.6
      vertex 23.1136 9.8338 1.6
      vertex 23.3136 9.88739 1.6
    endloop
  endfacet
  facet normal 0 0 1
    outer loop
      vertex 20.2828 11.1329 1.6
      vertex 23.1136 9.8338 1.6
      vertex 23.1136 10.6338 1.6
    endloop
  endfacet
  facet normal 0 0 1
    outer loop
      vertex 20.2828 11.1329 1.6
      vertex 19.2213 10.5201 1.6
      vertex 23.1136 9.8338 1.6
    endloop
  endfacet
  facet normal 0 0 1
    outer loop
      vertex 19.2213 10.5201 1.6
      vertex 20.2828 11.1329 1.6
      vertex 19.7828 11.9989 1.6
    endloop
  endfacet
  facet normal 0 0 1
    outer loop
      vertex 18.4342 7.5322 1.6
      vertex 18.4342 7.1322 1.6
      vertex 18.4878 7.3322 1.6
    endloop
  endfacet
  facet normal 0 0 1
    outer loop
      vertex 18.2878 7.6786 1.6
      vertex 18.4342 7.1322 1.6
      vertex 18.4342 7.5322 1.6
    endloop
  endfacet
  facet normal 0 0 1
    outer loop
      vertex 18.2878 7.6786 1.6
      vertex 18.2878 6.98579 1.6
      vertex 18.4342 7.1322 1.6
    endloop
  endfacet
  facet normal 0 0 1
    outer loop
      vertex 18.0878 7.73219 1.6
      vertex 18.2878 6.98579 1.6
      vertex 18.2878 7.6786 1.6
    endloop
  endfacet
  facet normal 0 0 1
    outer loop
      vertex 18.0878 7.73219 1.6
      vertex 18.0878 6.93221 1.6
      vertex 18.2878 6.98579 1.6
    endloop
  endfacet
  facet normal 0 0 1
    outer loop
      vertex 15.2571 8.23134 1.6
      vertex 18.0878 6.93221 1.6
      vertex 18.0878 7.73219 1.6
    endloop
  endfacet
  facet normal 0 0 1
    outer loop
      vertex 15.2571 8.23134 1.6
      vertex 14.1956 7.6185 1.6
      vertex 18.0878 6.93221 1.6
    endloop
  endfacet
  facet normal 0 0 1
    outer loop
      vertex 14.1956 7.6185 1.6
      vertex 15.2571 8.23134 1.6
      vertex 14.7571 9.09735 1.6
    endloop
  endfacet
  facet normal 0 0 1
    outer loop
      vertex 15.7402 12.1984 1.6
      vertex 15.7402 11.7984 1.6
      vertex 15.7938 11.9984 1.6
    endloop
  endfacet
  facet normal 0 0 1
    outer loop
      vertex 15.5938 12.3448 1.6
      vertex 15.7402 11.7984 1.6
      vertex 15.7402 12.1984 1.6
    endloop
  endfacet
  facet normal 0 0 1
    outer loop
      vertex 15.3938 12.3984 1.6
      vertex 15.7402 11.7984 1.6
      vertex 15.5938 12.3448 1.6
    endloop
  endfacet
  facet normal -0 0 1
    outer loop
      vertex 15.1938 12.3448 1.6
      vertex 15.7402 11.7984 1.6
      vertex 15.3938 12.3984 1.6
    endloop
  endfacet
  facet normal -0 0 1
    outer loop
      vertex 15.0474 12.1984 1.6
      vertex 15.7402 11.7984 1.6
      vertex 15.1938 12.3448 1.6
    endloop
  endfacet
  facet normal 0 0 1
    outer loop
      vertex 15.0474 12.1984 1.6
      vertex 14.7571 9.09735 1.6
      vertex 15.7402 11.7984 1.6
    endloop
  endfacet
  facet normal 0 0 1
    outer loop
      vertex 13.6956 8.48453 1.6
      vertex 14.7571 9.09735 1.6
      vertex 15.0474 12.1984 1.6
    endloop
  endfacet
  facet normal 0 0 1
    outer loop
      vertex 14.7571 9.09735 1.6
      vertex 13.6956 8.48453 1.6
      vertex 14.1956 7.6185 1.6
    endloop
  endfacet
  facet normal 0 0 1
    outer loop
      vertex 13.6956 8.48453 1.6
      vertex 4.75333 2.16698 1.6
      vertex 14.1956 7.6185 1.6
    endloop
  endfacet
  facet normal -0 0 1
    outer loop
      vertex 4.25333 3.033 1.6
      vertex 4.75333 2.16698 1.6
      vertex 13.6956 8.48453 1.6
    endloop
  endfacet
  facet normal 0 0 1
    outer loop
      vertex 4.75333 2.16698 1.6
      vertex 4.25333 3.033 1.6
      vertex 4.50331 2.10001 1.6
    endloop
  endfacet
  facet normal 0 0 1
    outer loop
      vertex 4.25333 3.033 1.6
      vertex 4.25333 2.16698 1.6
      vertex 4.50331 2.10001 1.6
    endloop
  endfacet
  facet normal -0 0 1
    outer loop
      vertex 4.07031 2.84998 1.6
      vertex 4.25333 2.16698 1.6
      vertex 4.25333 3.033 1.6
    endloop
  endfacet
  facet normal 0 0 1
    outer loop
      vertex 4.07031 2.84998 1.6
      vertex 4.07031 2.34999 1.6
      vertex 4.25333 2.16698 1.6
    endloop
  endfacet
  facet normal 0 -0 1
    outer loop
      vertex 4.07031 2.34999 1.6
      vertex 4.07031 2.84998 1.6
      vertex 4.00333 2.59999 1.6
    endloop
  endfacet
  facet normal 0 0 1
    outer loop
      vertex -24.8786 14.941 1.6
      vertex -20.2828 11.1329 1.6
      vertex -19.7828 11.9989 1.6
    endloop
  endfacet
  facet normal 0 0 1
    outer loop
      vertex -25.3786 14.075 1.6
      vertex -24.8786 14.941 1.6
      vertex -25.1286 15.008 1.6
    endloop
  endfacet
  facet normal 0 0 1
    outer loop
      vertex -24.8786 14.941 1.6
      vertex -25.3786 14.075 1.6
      vertex -20.2828 11.1329 1.6
    endloop
  endfacet
  facet normal -0 0 1
    outer loop
      vertex -25.3786 14.941 1.6
      vertex -25.3786 14.075 1.6
      vertex -25.1286 15.008 1.6
    endloop
  endfacet
  facet normal -0 0 1
    outer loop
      vertex -25.5616 14.758 1.6
      vertex -25.3786 14.075 1.6
      vertex -25.3786 14.941 1.6
    endloop
  endfacet
  facet normal 0 0 1
    outer loop
      vertex -25.5616 14.758 1.6
      vertex -25.5616 14.258 1.6
      vertex -25.3786 14.075 1.6
    endloop
  endfacet
  facet normal 0 -0 1
    outer loop
      vertex -25.5616 14.258 1.6
      vertex -25.5616 14.758 1.6
      vertex -25.6286 14.508 1.6
    endloop
  endfacet
  facet normal 0 0 1
    outer loop
      vertex -18.7213 11.3861 1.6
      vertex -15.2571 8.23134 1.6
      vertex -14.7571 9.09735 1.6
    endloop
  endfacet
  facet normal 0 0 1
    outer loop
      vertex -18.7213 11.3861 1.6
      vertex -19.2213 10.5201 1.6
      vertex -15.2571 8.23134 1.6
    endloop
  endfacet
  facet normal 0 0 1
    outer loop
      vertex -18.7213 11.3861 1.6
      vertex -19.7828 11.9989 1.6
      vertex -19.2213 10.5201 1.6
    endloop
  endfacet
  facet normal 0 0 1
    outer loop
      vertex -20.0731 15.1 1.6
      vertex -19.7828 11.9989 1.6
      vertex -18.7213 11.3861 1.6
    endloop
  endfacet
  facet normal 0 0 1
    outer loop
      vertex -20.7659 14.7 1.6
      vertex -20.0731 15.1 1.6
      vertex -20.2195 15.2464 1.6
    endloop
  endfacet
  facet normal 0 0 1
    outer loop
      vertex -20.7659 14.7 1.6
      vertex -20.2195 15.2464 1.6
      vertex -20.4195 15.3 1.6
    endloop
  endfacet
  facet normal 0 0 1
    outer loop
      vertex -20.7659 14.7 1.6
      vertex -20.4195 15.3 1.6
      vertex -20.6195 15.2464 1.6
    endloop
  endfacet
  facet normal 0 0 1
    outer loop
      vertex -20.0731 15.1 1.6
      vertex -20.7659 14.7 1.6
      vertex -19.7828 11.9989 1.6
    endloop
  endfacet
  facet normal -0 0 1
    outer loop
      vertex -20.7659 15.1 1.6
      vertex -20.7659 14.7 1.6
      vertex -20.6195 15.2464 1.6
    endloop
  endfacet
  facet normal 0 -0 1
    outer loop
      vertex -20.7659 14.7 1.6
      vertex -20.7659 15.1 1.6
      vertex -20.8195 14.9 1.6
    endloop
  endfacet
  facet normal 0 0 1
    outer loop
      vertex -4.07031 2.84998 1.6
      vertex -4.07031 2.34999 1.6
      vertex -4.00333 2.59999 1.6
    endloop
  endfacet
  facet normal 0 0 1
    outer loop
      vertex -4.25333 3.033 1.6
      vertex -4.07031 2.34999 1.6
      vertex -4.07031 2.84998 1.6
    endloop
  endfacet
  facet normal 0 0 1
    outer loop
      vertex -4.25333 3.033 1.6
      vertex -4.25333 2.16698 1.6
      vertex -4.07031 2.34999 1.6
    endloop
  endfacet
  facet normal 0 0 1
    outer loop
      vertex -4.25333 3.033 1.6
      vertex -4.50331 2.10001 1.6
      vertex -4.25333 2.16698 1.6
    endloop
  endfacet
  facet normal 0 0 1
    outer loop
      vertex -4.25333 3.033 1.6
      vertex -4.75333 2.16698 1.6
      vertex -4.50331 2.10001 1.6
    endloop
  endfacet
  facet normal 0 0 1
    outer loop
      vertex -13.6956 8.48453 1.6
      vertex -4.75333 2.16698 1.6
      vertex -4.25333 3.033 1.6
    endloop
  endfacet
  facet normal 0 0 1
    outer loop
      vertex -13.6956 8.48453 1.6
      vertex -14.1956 7.6185 1.6
      vertex -4.75333 2.16698 1.6
    endloop
  endfacet
  facet normal 0 0 1
    outer loop
      vertex -13.6956 8.48453 1.6
      vertex -14.7571 9.09735 1.6
      vertex -14.1956 7.6185 1.6
    endloop
  endfacet
  facet normal 0 0 1
    outer loop
      vertex -15.0474 12.1984 1.6
      vertex -14.7571 9.09735 1.6
      vertex -13.6956 8.48453 1.6
    endloop
  endfacet
  facet normal 0 0 1
    outer loop
      vertex -15.7402 11.7984 1.6
      vertex -15.0474 12.1984 1.6
      vertex -15.1938 12.3448 1.6
    endloop
  endfacet
  facet normal 0 0 1
    outer loop
      vertex -15.7402 11.7984 1.6
      vertex -15.1938 12.3448 1.6
      vertex -15.3938 12.3984 1.6
    endloop
  endfacet
  facet normal 0 0 1
    outer loop
      vertex -15.7402 11.7984 1.6
      vertex -15.3938 12.3984 1.6
      vertex -15.5938 12.3448 1.6
    endloop
  endfacet
  facet normal 0 0 1
    outer loop
      vertex -15.7402 11.7984 1.6
      vertex -15.5938 12.3448 1.6
      vertex -15.7402 12.1984 1.6
    endloop
  endfacet
  facet normal 0 0 1
    outer loop
      vertex -15.0474 12.1984 1.6
      vertex -15.7402 11.7984 1.6
      vertex -14.7571 9.09735 1.6
    endloop
  endfacet
  facet normal 0 -0 1
    outer loop
      vertex -15.7402 11.7984 1.6
      vertex -15.7402 12.1984 1.6
      vertex -15.7938 11.9984 1.6
    endloop
  endfacet
  facet normal -0 0 1
    outer loop
      vertex -15.2571 8.23134 1.6
      vertex -14.1956 7.6185 1.6
      vertex -14.7571 9.09735 1.6
    endloop
  endfacet
  facet normal 0 0 1
    outer loop
      vertex -15.2571 8.23134 1.6
      vertex -18.0878 6.93221 1.6
      vertex -14.1956 7.6185 1.6
    endloop
  endfacet
  facet normal -0 0 1
    outer loop
      vertex -18.0878 7.73219 1.6
      vertex -18.0878 6.93221 1.6
      vertex -15.2571 8.23134 1.6
    endloop
  endfacet
  facet normal -0 0 1
    outer loop
      vertex -18.2878 7.6786 1.6
      vertex -18.0878 6.93221 1.6
      vertex -18.0878 7.73219 1.6
    endloop
  endfacet
  facet normal 0 0 1
    outer loop
      vertex -18.2878 7.6786 1.6
      vertex -18.2878 6.98579 1.6
      vertex -18.0878 6.93221 1.6
    endloop
  endfacet
  facet normal -0 0 1
    outer loop
      vertex -18.4342 7.5322 1.6
      vertex -18.2878 6.98579 1.6
      vertex -18.2878 7.6786 1.6
    endloop
  endfacet
  facet normal 0 0 1
    outer loop
      vertex -18.4342 7.5322 1.6
      vertex -18.4342 7.1322 1.6
      vertex -18.2878 6.98579 1.6
    endloop
  endfacet
  facet normal 0 -0 1
    outer loop
      vertex -18.4342 7.1322 1.6
      vertex -18.4342 7.5322 1.6
      vertex -18.4878 7.3322 1.6
    endloop
  endfacet
  facet normal -0 0 1
    outer loop
      vertex -20.2828 11.1329 1.6
      vertex -19.2213 10.5201 1.6
      vertex -19.7828 11.9989 1.6
    endloop
  endfacet
  facet normal 0 0 1
    outer loop
      vertex -23.1136 9.8338 1.6
      vertex -20.2828 11.1329 1.6
      vertex -23.1136 10.6338 1.6
    endloop
  endfacet
  facet normal 0 0 1
    outer loop
      vertex -20.2828 11.1329 1.6
      vertex -23.1136 9.8338 1.6
      vertex -19.2213 10.5201 1.6
    endloop
  endfacet
  facet normal 0 0 1
    outer loop
      vertex -23.1136 10.6338 1.6
      vertex -23.3136 9.88739 1.6
      vertex -23.1136 9.8338 1.6
    endloop
  endfacet
  facet normal -0 0 1
    outer loop
      vertex -23.3136 10.5802 1.6
      vertex -23.3136 9.88739 1.6
      vertex -23.1136 10.6338 1.6
    endloop
  endfacet
  facet normal 0 0 1
    outer loop
      vertex -23.3136 10.5802 1.6
      vertex -23.46 10.0338 1.6
      vertex -23.3136 9.88739 1.6
    endloop
  endfacet
  facet normal -0 0 1
    outer loop
      vertex -23.46 10.4338 1.6
      vertex -23.46 10.0338 1.6
      vertex -23.3136 10.5802 1.6
    endloop
  endfacet
  facet normal 0 -0 1
    outer loop
      vertex -23.46 10.0338 1.6
      vertex -23.46 10.4338 1.6
      vertex -23.5136 10.2338 1.6
    endloop
  endfacet
  facet normal 0 0 1
    outer loop
      vertex 26.1521 -13.0089 1.6
      vertex 26.1173 -13.4073 1.6
      vertex 26.1881 -13.2128 1.6
    endloop
  endfacet
  facet normal 0 0 1
    outer loop
      vertex 26.0191 -12.8503 1.6
      vertex 26.1173 -13.4073 1.6
      vertex 26.1521 -13.0089 1.6
    endloop
  endfacet
  facet normal 0 0 1
    outer loop
      vertex 26.0191 -12.8503 1.6
      vertex 25.9587 -13.5404 1.6
      vertex 26.1173 -13.4073 1.6
    endloop
  endfacet
  facet normal 0 0 1
    outer loop
      vertex 25.8245 -12.7794 1.6
      vertex 25.9587 -13.5404 1.6
      vertex 26.0191 -12.8503 1.6
    endloop
  endfacet
  facet normal 0 0 1
    outer loop
      vertex 25.8245 -12.7794 1.6
      vertex 25.7548 -13.5764 1.6
      vertex 25.9587 -13.5404 1.6
    endloop
  endfacet
  facet normal 0 0 1
    outer loop
      vertex 25.8245 -12.7794 1.6
      vertex 20.871 -14.0036 1.6
      vertex 25.7548 -13.5764 1.6
    endloop
  endfacet
  facet normal 0 0 1
    outer loop
      vertex 20.871 -14.0036 1.6
      vertex 19.867 -13.3006 1.6
      vertex 20.2974 -14.8228 1.6
    endloop
  endfacet
  facet normal -0 0 1
    outer loop
      vertex 19.867 -13.3006 1.6
      vertex 20.871 -14.0036 1.6
      vertex 25.8245 -12.7794 1.6
    endloop
  endfacet
  facet normal 0 0 1
    outer loop
      vertex 33.206 -17.948 1.6
      vertex 33.1712 -18.3465 1.6
      vertex 33.242 -18.1519 1.6
    endloop
  endfacet
  facet normal 0 0 1
    outer loop
      vertex 33.073 -17.7894 1.6
      vertex 33.1712 -18.3465 1.6
      vertex 33.206 -17.948 1.6
    endloop
  endfacet
  facet normal 0 0 1
    outer loop
      vertex 33.073 -17.7894 1.6
      vertex 33.0126 -18.4796 1.6
      vertex 33.1712 -18.3465 1.6
    endloop
  endfacet
  facet normal 0 0 1
    outer loop
      vertex 32.8784 -17.7186 1.6
      vertex 33.0126 -18.4796 1.6
      vertex 33.073 -17.7894 1.6
    endloop
  endfacet
  facet normal 0 0 1
    outer loop
      vertex 32.8784 -17.7186 1.6
      vertex 32.8087 -18.5156 1.6
      vertex 33.0126 -18.4796 1.6
    endloop
  endfacet
  facet normal 0 0 1
    outer loop
      vertex 32.8784 -17.7186 1.6
      vertex 27.9249 -18.9428 1.6
      vertex 32.8087 -18.5156 1.6
    endloop
  endfacet
  facet normal 0 0 1
    outer loop
      vertex 27.9249 -18.9428 1.6
      vertex 26.9209 -18.2398 1.6
      vertex 27.3513 -19.762 1.6
    endloop
  endfacet
  facet normal -0 0 1
    outer loop
      vertex 26.9209 -18.2398 1.6
      vertex 27.9249 -18.9428 1.6
      vertex 32.8784 -17.7186 1.6
    endloop
  endfacet
  facet normal 0 0 1
    outer loop
      vertex 35.7225 -24.4846 1.6
      vertex 35.679 -24.9827 1.6
      vertex 35.7675 -24.7395 1.6
    endloop
  endfacet
  facet normal 0 0 1
    outer loop
      vertex 35.5562 -24.2863 1.6
      vertex 35.679 -24.9827 1.6
      vertex 35.7225 -24.4846 1.6
    endloop
  endfacet
  facet normal 0 0 1
    outer loop
      vertex 35.5562 -24.2863 1.6
      vertex 35.4807 -25.149 1.6
      vertex 35.679 -24.9827 1.6
    endloop
  endfacet
  facet normal 0 0 1
    outer loop
      vertex 35.5562 -24.2863 1.6
      vertex 35.2258 -25.194 1.6
      vertex 35.4807 -25.149 1.6
    endloop
  endfacet
  facet normal 0 0 1
    outer loop
      vertex 35.5562 -24.2863 1.6
      vertex 34.9826 -25.1055 1.6
      vertex 35.2258 -25.194 1.6
    endloop
  endfacet
  facet normal 0 0 1
    outer loop
      vertex 27.9249 -18.9428 1.6
      vertex 34.9826 -25.1055 1.6
      vertex 35.5562 -24.2863 1.6
    endloop
  endfacet
  facet normal 0 0 1
    outer loop
      vertex 34.9826 -25.1055 1.6
      vertex 27.9249 -18.9428 1.6
      vertex 27.3513 -19.762 1.6
    endloop
  endfacet
  facet normal 0 0 1
    outer loop
      vertex 28.6202 -24.4973 1.6
      vertex 28.5853 -24.8958 1.6
      vertex 28.6561 -24.7013 1.6
    endloop
  endfacet
  facet normal 0 0 1
    outer loop
      vertex 28.6202 -24.4973 1.6
      vertex 28.4267 -25.0289 1.6
      vertex 28.5853 -24.8958 1.6
    endloop
  endfacet
  facet normal 0 0 1
    outer loop
      vertex 28.6202 -24.4973 1.6
      vertex 28.2228 -25.0649 1.6
      vertex 28.4267 -25.0289 1.6
    endloop
  endfacet
  facet normal 0 0 1
    outer loop
      vertex 28.6202 -24.4973 1.6
      vertex 28.0282 -24.9941 1.6
      vertex 28.2228 -25.0649 1.6
    endloop
  endfacet
  facet normal 0 0 1
    outer loop
      vertex 28.6202 -24.4973 1.6
      vertex 27.8951 -24.8354 1.6
      vertex 28.0282 -24.9941 1.6
    endloop
  endfacet
  facet normal 0 0 1
    outer loop
      vertex 27.3513 -19.762 1.6
      vertex 27.8951 -24.8354 1.6
      vertex 28.6202 -24.4973 1.6
    endloop
  endfacet
  facet normal -0 0 1
    outer loop
      vertex 26.3473 -19.059 1.6
      vertex 27.3513 -19.762 1.6
      vertex 26.9209 -18.2398 1.6
    endloop
  endfacet
  facet normal 0 0 1
    outer loop
      vertex 27.3513 -19.762 1.6
      vertex 26.3473 -19.059 1.6
      vertex 27.8951 -24.8354 1.6
    endloop
  endfacet
  facet normal 0 0 1
    outer loop
      vertex 20.871 -14.0036 1.6
      vertex 26.3473 -19.059 1.6
      vertex 26.9209 -18.2398 1.6
    endloop
  endfacet
  facet normal 0 0 1
    outer loop
      vertex 26.3473 -19.059 1.6
      vertex 20.871 -14.0036 1.6
      vertex 20.2974 -14.8228 1.6
    endloop
  endfacet
  facet normal 0 0 1
    outer loop
      vertex 21.5663 -19.5582 1.6
      vertex 21.5314 -19.9566 1.6
      vertex 21.6022 -19.7621 1.6
    endloop
  endfacet
  facet normal 0 0 1
    outer loop
      vertex 21.5663 -19.5582 1.6
      vertex 21.3728 -20.0897 1.6
      vertex 21.5314 -19.9566 1.6
    endloop
  endfacet
  facet normal 0 0 1
    outer loop
      vertex 21.5663 -19.5582 1.6
      vertex 21.1689 -20.1257 1.6
      vertex 21.3728 -20.0897 1.6
    endloop
  endfacet
  facet normal 0 0 1
    outer loop
      vertex 21.5663 -19.5582 1.6
      vertex 20.9743 -20.0549 1.6
      vertex 21.1689 -20.1257 1.6
    endloop
  endfacet
  facet normal 0 0 1
    outer loop
      vertex 21.5663 -19.5582 1.6
      vertex 20.8412 -19.8963 1.6
      vertex 20.9743 -20.0549 1.6
    endloop
  endfacet
  facet normal 0 0 1
    outer loop
      vertex 20.2974 -14.8228 1.6
      vertex 20.8412 -19.8963 1.6
      vertex 21.5663 -19.5582 1.6
    endloop
  endfacet
  facet normal -0 0 1
    outer loop
      vertex 19.2934 -14.1198 1.6
      vertex 20.2974 -14.8228 1.6
      vertex 19.867 -13.3006 1.6
    endloop
  endfacet
  facet normal 0 0 1
    outer loop
      vertex 20.2974 -14.8228 1.6
      vertex 19.2934 -14.1198 1.6
      vertex 20.8412 -19.8963 1.6
    endloop
  endfacet
  facet normal 0 0 1
    outer loop
      vertex 4.54637 -2.57301 1.6
      vertex 19.2934 -14.1198 1.6
      vertex 19.867 -13.3006 1.6
    endloop
  endfacet
  facet normal 0 0 1
    outer loop
      vertex 3.97279 -3.39217 1.6
      vertex 4.54637 -2.57301 1.6
      vertex 4.30315 -2.4845 1.6
    endloop
  endfacet
  facet normal 0 0 1
    outer loop
      vertex 3.97279 -3.39217 1.6
      vertex 4.30315 -2.4845 1.6
      vertex 4.04826 -2.52943 1.6
    endloop
  endfacet
  facet normal 0 0 1
    outer loop
      vertex 4.54637 -2.57301 1.6
      vertex 3.97279 -3.39217 1.6
      vertex 19.2934 -14.1198 1.6
    endloop
  endfacet
  facet normal -0 0 1
    outer loop
      vertex 3.85001 -2.6958 1.6
      vertex 3.97279 -3.39217 1.6
      vertex 4.04826 -2.52943 1.6
    endloop
  endfacet
  facet normal 0 0 1
    outer loop
      vertex 3.85001 -2.6958 1.6
      vertex 3.80644 -3.19388 1.6
      vertex 3.97279 -3.39217 1.6
    endloop
  endfacet
  facet normal 0 -0 1
    outer loop
      vertex 3.80644 -3.19388 1.6
      vertex 3.85001 -2.6958 1.6
      vertex 3.76147 -2.93901 1.6
    endloop
  endfacet
  facet normal 0 0 1
    outer loop
      vertex -26.9209 -18.2398 1.6
      vertex -27.9249 -18.9428 1.6
      vertex -27.3513 -19.762 1.6
    endloop
  endfacet
  facet normal 0 0 1
    outer loop
      vertex -32.8784 -17.7186 1.6
      vertex -27.9249 -18.9428 1.6
      vertex -26.9209 -18.2398 1.6
    endloop
  endfacet
  facet normal 0 0 1
    outer loop
      vertex -27.9249 -18.9428 1.6
      vertex -32.8784 -17.7186 1.6
      vertex -32.8087 -18.5156 1.6
    endloop
  endfacet
  facet normal 0 0 1
    outer loop
      vertex -32.8784 -17.7186 1.6
      vertex -33.0126 -18.4796 1.6
      vertex -32.8087 -18.5156 1.6
    endloop
  endfacet
  facet normal -0 0 1
    outer loop
      vertex -33.073 -17.7894 1.6
      vertex -33.0126 -18.4796 1.6
      vertex -32.8784 -17.7186 1.6
    endloop
  endfacet
  facet normal 0 0 1
    outer loop
      vertex -33.073 -17.7894 1.6
      vertex -33.1712 -18.3465 1.6
      vertex -33.0126 -18.4796 1.6
    endloop
  endfacet
  facet normal -0 0 1
    outer loop
      vertex -33.206 -17.948 1.6
      vertex -33.1712 -18.3465 1.6
      vertex -33.073 -17.7894 1.6
    endloop
  endfacet
  facet normal 0 0 1
    outer loop
      vertex -33.1712 -18.3465 1.6
      vertex -33.206 -17.948 1.6
      vertex -33.242 -18.1519 1.6
    endloop
  endfacet
  facet normal 0 0 1
    outer loop
      vertex -19.867 -13.3006 1.6
      vertex -20.871 -14.0036 1.6
      vertex -20.2974 -14.8228 1.6
    endloop
  endfacet
  facet normal 0 0 1
    outer loop
      vertex -25.8245 -12.7794 1.6
      vertex -20.871 -14.0036 1.6
      vertex -19.867 -13.3006 1.6
    endloop
  endfacet
  facet normal 0 0 1
    outer loop
      vertex -20.871 -14.0036 1.6
      vertex -25.8245 -12.7794 1.6
      vertex -25.7548 -13.5764 1.6
    endloop
  endfacet
  facet normal 0 0 1
    outer loop
      vertex -25.8245 -12.7794 1.6
      vertex -25.9587 -13.5404 1.6
      vertex -25.7548 -13.5764 1.6
    endloop
  endfacet
  facet normal -0 0 1
    outer loop
      vertex -26.0191 -12.8503 1.6
      vertex -25.9587 -13.5404 1.6
      vertex -25.8245 -12.7794 1.6
    endloop
  endfacet
  facet normal 0 0 1
    outer loop
      vertex -26.0191 -12.8503 1.6
      vertex -26.1173 -13.4073 1.6
      vertex -25.9587 -13.5404 1.6
    endloop
  endfacet
  facet normal -0 0 1
    outer loop
      vertex -26.1521 -13.0089 1.6
      vertex -26.1173 -13.4073 1.6
      vertex -26.0191 -12.8503 1.6
    endloop
  endfacet
  facet normal 0 0 1
    outer loop
      vertex -26.1173 -13.4073 1.6
      vertex -26.1521 -13.0089 1.6
      vertex -26.1881 -13.2128 1.6
    endloop
  endfacet
  facet normal 0 0 1
    outer loop
      vertex -3.85001 -2.6958 1.6
      vertex -3.80644 -3.19388 1.6
      vertex -3.76147 -2.93901 1.6
    endloop
  endfacet
  facet normal 0 0 1
    outer loop
      vertex -3.85001 -2.6958 1.6
      vertex -3.97279 -3.39217 1.6
      vertex -3.80644 -3.19388 1.6
    endloop
  endfacet
  facet normal 0 0 1
    outer loop
      vertex -4.04826 -2.52943 1.6
      vertex -3.97279 -3.39217 1.6
      vertex -3.85001 -2.6958 1.6
    endloop
  endfacet
  facet normal 0 0 1
    outer loop
      vertex -4.30315 -2.4845 1.6
      vertex -3.97279 -3.39217 1.6
      vertex -4.04826 -2.52943 1.6
    endloop
  endfacet
  facet normal -0 0 1
    outer loop
      vertex -4.54637 -2.57301 1.6
      vertex -3.97279 -3.39217 1.6
      vertex -4.30315 -2.4845 1.6
    endloop
  endfacet
  facet normal 0 0 1
    outer loop
      vertex -4.54637 -2.57301 1.6
      vertex -19.2934 -14.1198 1.6
      vertex -3.97279 -3.39217 1.6
    endloop
  endfacet
  facet normal -0 0 1
    outer loop
      vertex -19.867 -13.3006 1.6
      vertex -19.2934 -14.1198 1.6
      vertex -4.54637 -2.57301 1.6
    endloop
  endfacet
  facet normal 0 0 1
    outer loop
      vertex -20.2974 -14.8228 1.6
      vertex -19.2934 -14.1198 1.6
      vertex -19.867 -13.3006 1.6
    endloop
  endfacet
  facet normal -0 0 1
    outer loop
      vertex -20.2974 -14.8228 1.6
      vertex -20.8412 -19.8963 1.6
      vertex -19.2934 -14.1198 1.6
    endloop
  endfacet
  facet normal -0 0 1
    outer loop
      vertex -21.5663 -19.5582 1.6
      vertex -20.8412 -19.8963 1.6
      vertex -20.2974 -14.8228 1.6
    endloop
  endfacet
  facet normal 0 0 1
    outer loop
      vertex -20.8412 -19.8963 1.6
      vertex -21.5663 -19.5582 1.6
      vertex -20.9743 -20.0549 1.6
    endloop
  endfacet
  facet normal 0 0 1
    outer loop
      vertex -20.9743 -20.0549 1.6
      vertex -21.5663 -19.5582 1.6
      vertex -21.1689 -20.1257 1.6
    endloop
  endfacet
  facet normal 0 0 1
    outer loop
      vertex -21.1689 -20.1257 1.6
      vertex -21.5663 -19.5582 1.6
      vertex -21.3728 -20.0897 1.6
    endloop
  endfacet
  facet normal 0 0 1
    outer loop
      vertex -21.3728 -20.0897 1.6
      vertex -21.5663 -19.5582 1.6
      vertex -21.5314 -19.9566 1.6
    endloop
  endfacet
  facet normal 0 0 1
    outer loop
      vertex -21.5314 -19.9566 1.6
      vertex -21.5663 -19.5582 1.6
      vertex -21.6022 -19.7621 1.6
    endloop
  endfacet
  facet normal 0 0 1
    outer loop
      vertex -20.871 -14.0036 1.6
      vertex -26.3473 -19.059 1.6
      vertex -20.2974 -14.8228 1.6
    endloop
  endfacet
  facet normal -0 0 1
    outer loop
      vertex -26.9209 -18.2398 1.6
      vertex -26.3473 -19.059 1.6
      vertex -20.871 -14.0036 1.6
    endloop
  endfacet
  facet normal 0 0 1
    outer loop
      vertex -27.3513 -19.762 1.6
      vertex -26.3473 -19.059 1.6
      vertex -26.9209 -18.2398 1.6
    endloop
  endfacet
  facet normal -0 0 1
    outer loop
      vertex -27.3513 -19.762 1.6
      vertex -27.8951 -24.8354 1.6
      vertex -26.3473 -19.059 1.6
    endloop
  endfacet
  facet normal -0 0 1
    outer loop
      vertex -28.6202 -24.4973 1.6
      vertex -27.8951 -24.8354 1.6
      vertex -27.3513 -19.762 1.6
    endloop
  endfacet
  facet normal 0 0 1
    outer loop
      vertex -27.8951 -24.8354 1.6
      vertex -28.6202 -24.4973 1.6
      vertex -28.0282 -24.9941 1.6
    endloop
  endfacet
  facet normal 0 0 1
    outer loop
      vertex -28.0282 -24.9941 1.6
      vertex -28.6202 -24.4973 1.6
      vertex -28.2228 -25.0649 1.6
    endloop
  endfacet
  facet normal 0 0 1
    outer loop
      vertex -28.2228 -25.0649 1.6
      vertex -28.6202 -24.4973 1.6
      vertex -28.4267 -25.0289 1.6
    endloop
  endfacet
  facet normal 0 0 1
    outer loop
      vertex -28.4267 -25.0289 1.6
      vertex -28.6202 -24.4973 1.6
      vertex -28.5853 -24.8958 1.6
    endloop
  endfacet
  facet normal 0 0 1
    outer loop
      vertex -28.5853 -24.8958 1.6
      vertex -28.6202 -24.4973 1.6
      vertex -28.6561 -24.7013 1.6
    endloop
  endfacet
  facet normal 0 0 1
    outer loop
      vertex -27.9249 -18.9428 1.6
      vertex -34.9826 -25.1055 1.6
      vertex -27.3513 -19.762 1.6
    endloop
  endfacet
  facet normal -0 0 1
    outer loop
      vertex -35.5562 -24.2863 1.6
      vertex -34.9826 -25.1055 1.6
      vertex -27.9249 -18.9428 1.6
    endloop
  endfacet
  facet normal 0 0 1
    outer loop
      vertex -34.9826 -25.1055 1.6
      vertex -35.5562 -24.2863 1.6
      vertex -35.2258 -25.194 1.6
    endloop
  endfacet
  facet normal 0 0 1
    outer loop
      vertex -35.2258 -25.194 1.6
      vertex -35.5562 -24.2863 1.6
      vertex -35.4807 -25.149 1.6
    endloop
  endfacet
  facet normal 0 0 1
    outer loop
      vertex -35.5562 -24.2863 1.6
      vertex -35.679 -24.9827 1.6
      vertex -35.4807 -25.149 1.6
    endloop
  endfacet
  facet normal -0 0 1
    outer loop
      vertex -35.7225 -24.4846 1.6
      vertex -35.679 -24.9827 1.6
      vertex -35.5562 -24.2863 1.6
    endloop
  endfacet
  facet normal 0 0 1
    outer loop
      vertex -35.679 -24.9827 1.6
      vertex -35.7225 -24.4846 1.6
      vertex -35.7675 -24.7395 1.6
    endloop
  endfacet
  facet normal 0 0 1
    outer loop
      vertex -4.69165 -40.3385 1.6
      vertex -0.5 -36.5687 1.6
      vertex -0.5 -35.343 1.6
    endloop
  endfacet
  facet normal 0 0 1
    outer loop
      vertex -0.5 -36.5687 1.6
      vertex -4.69165 -40.3385 1.6
      vertex -3.99883 -40.7384 1.6
    endloop
  endfacet
  facet normal 0 0 1
    outer loop
      vertex -3.99883 -40.7384 1.6
      vertex -4.69165 -40.3385 1.6
      vertex -4.14523 -40.8849 1.6
    endloop
  endfacet
  facet normal 0 0 1
    outer loop
      vertex -4.14523 -40.8849 1.6
      vertex -4.69165 -40.3385 1.6
      vertex -4.34523 -40.9384 1.6
    endloop
  endfacet
  facet normal 0 0 1
    outer loop
      vertex -4.34523 -40.9384 1.6
      vertex -4.69165 -40.3385 1.6
      vertex -4.54524 -40.8849 1.6
    endloop
  endfacet
  facet normal 0 0 1
    outer loop
      vertex -4.69165 -40.3385 1.6
      vertex -4.69165 -40.7384 1.6
      vertex -4.54524 -40.8849 1.6
    endloop
  endfacet
  facet normal 0 -0 1
    outer loop
      vertex -4.69165 -40.7384 1.6
      vertex -4.69165 -40.3385 1.6
      vertex -4.74524 -40.5385 1.6
    endloop
  endfacet
  facet normal 0 0 1
    outer loop
      vertex -4.69165 -30.9785 1.6
      vertex -0.5 -27.2087 1.6
      vertex -0.5 -25.983 1.6
    endloop
  endfacet
  facet normal 0 0 1
    outer loop
      vertex -0.5 -27.2087 1.6
      vertex -4.69165 -30.9785 1.6
      vertex -3.99883 -31.3784 1.6
    endloop
  endfacet
  facet normal 0 0 1
    outer loop
      vertex -3.99883 -31.3784 1.6
      vertex -4.69165 -30.9785 1.6
      vertex -4.14523 -31.5249 1.6
    endloop
  endfacet
  facet normal 0 0 1
    outer loop
      vertex -4.14523 -31.5249 1.6
      vertex -4.69165 -30.9785 1.6
      vertex -4.34523 -31.5784 1.6
    endloop
  endfacet
  facet normal 0 0 1
    outer loop
      vertex -4.34523 -31.5784 1.6
      vertex -4.69165 -30.9785 1.6
      vertex -4.54524 -31.5249 1.6
    endloop
  endfacet
  facet normal 0 0 1
    outer loop
      vertex -4.69165 -30.9785 1.6
      vertex -4.69165 -31.3784 1.6
      vertex -4.54524 -31.5249 1.6
    endloop
  endfacet
  facet normal 0 -0 1
    outer loop
      vertex -4.69165 -31.3784 1.6
      vertex -4.69165 -30.9785 1.6
      vertex -4.74524 -31.1785 1.6
    endloop
  endfacet
  facet normal 0 0 1
    outer loop
      vertex -0.5 -25.983 1.6
      vertex 0.5 -25.983 1.6
      vertex 0.5 -5.2 1.6
    endloop
  endfacet
  facet normal 0 0 1
    outer loop
      vertex 0.5 -25.983 1.6
      vertex -0.5 -25.983 1.6
      vertex 0.5 -27.2087 1.6
    endloop
  endfacet
  facet normal 0 0 1
    outer loop
      vertex -0.5 -27.2087 1.6
      vertex 0.5 -27.2087 1.6
      vertex -0.5 -25.983 1.6
    endloop
  endfacet
  facet normal 0 0 1
    outer loop
      vertex 0.5 -27.2087 1.6
      vertex -0.5 -27.2087 1.6
      vertex 0.5 -35.343 1.6
    endloop
  endfacet
  facet normal 0 0 1
    outer loop
      vertex -0.5 -5.2 1.6
      vertex 0.5 -5.2 1.6
      vertex 0.432999 -4.95 1.6
    endloop
  endfacet
  facet normal 0 0 1
    outer loop
      vertex -0.5 -35.343 1.6
      vertex 0.5 -35.343 1.6
      vertex -0.5 -27.2087 1.6
    endloop
  endfacet
  facet normal 0 0 1
    outer loop
      vertex -0.5 -5.2 1.6
      vertex 0.432999 -4.95 1.6
      vertex 0.25 -4.76698 1.6
    endloop
  endfacet
  facet normal 0 0 1
    outer loop
      vertex 0.5 -35.343 1.6
      vertex -0.5 -35.343 1.6
      vertex 0.5 -36.5687 1.6
    endloop
  endfacet
  facet normal 0 0 1
    outer loop
      vertex -0.5 -5.2 1.6
      vertex 0.25 -4.76698 1.6
      vertex 0 -4.7 1.6
    endloop
  endfacet
  facet normal 0 0 1
    outer loop
      vertex -0.5 -36.5687 1.6
      vertex 0.5 -36.5687 1.6
      vertex -0.5 -35.343 1.6
    endloop
  endfacet
  facet normal 0 0 1
    outer loop
      vertex -0.5 -5.2 1.6
      vertex 0 -4.7 1.6
      vertex -0.25 -4.76698 1.6
    endloop
  endfacet
  facet normal 0 0 1
    outer loop
      vertex 0.5 -36.5687 1.6
      vertex -0.5 -36.5687 1.6
      vertex 0.5 -46.8 1.6
    endloop
  endfacet
  facet normal 0 0 1
    outer loop
      vertex -0.5 -5.2 1.6
      vertex -0.25 -4.76698 1.6
      vertex -0.432999 -4.95 1.6
    endloop
  endfacet
  facet normal 0 0 1
    outer loop
      vertex -0.5 -46.8 1.6
      vertex 0.5 -46.8 1.6
      vertex -0.5 -36.5687 1.6
    endloop
  endfacet
  facet normal 0 0 1
    outer loop
      vertex 0.5 -5.2 1.6
      vertex -0.5 -5.2 1.6
      vertex -0.5 -25.983 1.6
    endloop
  endfacet
  facet normal 0 0 1
    outer loop
      vertex 0.5 -46.8 1.6
      vertex -0.5 -46.8 1.6
      vertex 0.432999 -47.05 1.6
    endloop
  endfacet
  facet normal 0 0 1
    outer loop
      vertex 0.432999 -47.05 1.6
      vertex -0.5 -46.8 1.6
      vertex 0.25 -47.233 1.6
    endloop
  endfacet
  facet normal 0 0 1
    outer loop
      vertex 0.25 -47.233 1.6
      vertex -0.5 -46.8 1.6
      vertex 0 -47.3 1.6
    endloop
  endfacet
  facet normal 0 0 1
    outer loop
      vertex 0 -47.3 1.6
      vertex -0.5 -46.8 1.6
      vertex -0.25 -47.233 1.6
    endloop
  endfacet
  facet normal 0 0 1
    outer loop
      vertex -0.25 -47.233 1.6
      vertex -0.5 -46.8 1.6
      vertex -0.432999 -47.05 1.6
    endloop
  endfacet
  facet normal 0 0 1
    outer loop
      vertex 4.69165 -30.9785 1.6
      vertex 4.69165 -31.3784 1.6
      vertex 4.74524 -31.1785 1.6
    endloop
  endfacet
  facet normal 0 0 1
    outer loop
      vertex 4.69165 -30.9785 1.6
      vertex 4.54524 -31.5249 1.6
      vertex 4.69165 -31.3784 1.6
    endloop
  endfacet
  facet normal 0 0 1
    outer loop
      vertex 4.69165 -30.9785 1.6
      vertex 4.34523 -31.5784 1.6
      vertex 4.54524 -31.5249 1.6
    endloop
  endfacet
  facet normal 0 0 1
    outer loop
      vertex 4.69165 -30.9785 1.6
      vertex 4.14523 -31.5249 1.6
      vertex 4.34523 -31.5784 1.6
    endloop
  endfacet
  facet normal 0 0 1
    outer loop
      vertex 4.69165 -30.9785 1.6
      vertex 3.99883 -31.3784 1.6
      vertex 4.14523 -31.5249 1.6
    endloop
  endfacet
  facet normal -0 0 1
    outer loop
      vertex 0.5 -27.2087 1.6
      vertex 4.69165 -30.9785 1.6
      vertex 0.5 -25.983 1.6
    endloop
  endfacet
  facet normal 0 0 1
    outer loop
      vertex 4.69165 -30.9785 1.6
      vertex 0.5 -27.2087 1.6
      vertex 3.99883 -31.3784 1.6
    endloop
  endfacet
  facet normal 0 0 1
    outer loop
      vertex 4.69165 -40.3385 1.6
      vertex 4.69165 -40.7384 1.6
      vertex 4.74524 -40.5385 1.6
    endloop
  endfacet
  facet normal 0 0 1
    outer loop
      vertex 4.69165 -40.3385 1.6
      vertex 4.54524 -40.8849 1.6
      vertex 4.69165 -40.7384 1.6
    endloop
  endfacet
  facet normal 0 0 1
    outer loop
      vertex 4.69165 -40.3385 1.6
      vertex 4.34523 -40.9384 1.6
      vertex 4.54524 -40.8849 1.6
    endloop
  endfacet
  facet normal 0 0 1
    outer loop
      vertex 4.69165 -40.3385 1.6
      vertex 4.14523 -40.8849 1.6
      vertex 4.34523 -40.9384 1.6
    endloop
  endfacet
  facet normal 0 0 1
    outer loop
      vertex 4.69165 -40.3385 1.6
      vertex 3.99883 -40.7384 1.6
      vertex 4.14523 -40.8849 1.6
    endloop
  endfacet
  facet normal -0 0 1
    outer loop
      vertex 0.5 -36.5687 1.6
      vertex 4.69165 -40.3385 1.6
      vertex 0.5 -35.343 1.6
    endloop
  endfacet
  facet normal 0 0 1
    outer loop
      vertex 4.69165 -40.3385 1.6
      vertex 0.5 -36.5687 1.6
      vertex 3.99883 -40.7384 1.6
    endloop
  endfacet
  facet normal 0.500002 -0.866024 0
    outer loop
      vertex 4.75333 2.16698 1.2
      vertex 14.1956 7.6185 1.6
      vertex 4.75333 2.16698 1.6
    endloop
  endfacet
  facet normal 0.500002 -0.866024 0
    outer loop
      vertex 14.1956 7.6185 1.6
      vertex 4.75333 2.16698 1.2
      vertex 14.1956 7.6185 1.2
    endloop
  endfacet
  facet normal -0.173646 -0.984808 0
    outer loop
      vertex 14.1956 7.6185 1.2
      vertex 18.0878 6.93221 1.6
      vertex 14.1956 7.6185 1.6
    endloop
  endfacet
  facet normal -0.173646 -0.984808 -0
    outer loop
      vertex 18.0878 6.93221 1.6
      vertex 14.1956 7.6185 1.2
      vertex 18.0878 6.93221 1.2
    endloop
  endfacet
  facet normal 0.258775 -0.965938 0
    outer loop
      vertex 18.0878 6.93221 1.2
      vertex 18.2878 6.98579 1.6
      vertex 18.0878 6.93221 1.6
    endloop
  endfacet
  facet normal 0.258775 -0.965938 0
    outer loop
      vertex 18.2878 6.98579 1.6
      vertex 18.0878 6.93221 1.2
      vertex 18.2878 6.98579 1.2
    endloop
  endfacet
  facet normal 0.707131 -0.707083 0
    outer loop
      vertex 18.2878 6.98579 1.6
      vertex 18.4342 7.1322 1.2
      vertex 18.4342 7.1322 1.6
    endloop
  endfacet
  facet normal 0.707131 -0.707083 0
    outer loop
      vertex 18.4342 7.1322 1.2
      vertex 18.2878 6.98579 1.6
      vertex 18.2878 6.98579 1.2
    endloop
  endfacet
  facet normal 0.965914 -0.258865 0
    outer loop
      vertex 18.4342 7.1322 1.6
      vertex 18.4878 7.3322 1.2
      vertex 18.4878 7.3322 1.6
    endloop
  endfacet
  facet normal 0.965914 -0.258865 0
    outer loop
      vertex 18.4878 7.3322 1.2
      vertex 18.4342 7.1322 1.6
      vertex 18.4342 7.1322 1.2
    endloop
  endfacet
  facet normal 0.965914 0.258865 0
    outer loop
      vertex 18.4878 7.3322 1.6
      vertex 18.4342 7.5322 1.2
      vertex 18.4342 7.5322 1.6
    endloop
  endfacet
  facet normal 0.965914 0.258865 0
    outer loop
      vertex 18.4342 7.5322 1.2
      vertex 18.4878 7.3322 1.6
      vertex 18.4878 7.3322 1.2
    endloop
  endfacet
  facet normal 0.707107 0.707107 0
    outer loop
      vertex 18.4342 7.5322 1.6
      vertex 18.2878 7.6786 1.2
      vertex 18.2878 7.6786 1.6
    endloop
  endfacet
  facet normal 0.707107 0.707107 0
    outer loop
      vertex 18.2878 7.6786 1.2
      vertex 18.4342 7.5322 1.6
      vertex 18.4342 7.5322 1.2
    endloop
  endfacet
  facet normal 0.25882 0.965926 -0
    outer loop
      vertex 18.2878 7.6786 1.2
      vertex 18.0878 7.73219 1.6
      vertex 18.2878 7.6786 1.6
    endloop
  endfacet
  facet normal 0.25882 0.965926 0
    outer loop
      vertex 18.0878 7.73219 1.6
      vertex 18.2878 7.6786 1.2
      vertex 18.0878 7.73219 1.2
    endloop
  endfacet
  facet normal 0.173655 0.984806 -0
    outer loop
      vertex 18.0878 7.73219 1.2
      vertex 15.2571 8.23134 1.6
      vertex 18.0878 7.73219 1.6
    endloop
  endfacet
  facet normal 0.173655 0.984806 0
    outer loop
      vertex 15.2571 8.23134 1.6
      vertex 18.0878 7.73219 1.2
      vertex 15.2571 8.23134 1.2
    endloop
  endfacet
  facet normal 0.500005 -0.866023 0
    outer loop
      vertex 15.2571 8.23134 1.2
      vertex 19.2213 10.5201 1.6
      vertex 15.2571 8.23134 1.6
    endloop
  endfacet
  facet normal 0.500005 -0.866023 0
    outer loop
      vertex 19.2213 10.5201 1.6
      vertex 15.2571 8.23134 1.2
      vertex 19.2213 10.5201 1.2
    endloop
  endfacet
  facet normal -0.173644 -0.984809 0
    outer loop
      vertex 19.2213 10.5201 1.2
      vertex 23.1136 9.8338 1.6
      vertex 19.2213 10.5201 1.6
    endloop
  endfacet
  facet normal -0.173644 -0.984809 -0
    outer loop
      vertex 23.1136 9.8338 1.6
      vertex 19.2213 10.5201 1.2
      vertex 23.1136 9.8338 1.2
    endloop
  endfacet
  facet normal 0.25882 -0.965926 0
    outer loop
      vertex 23.1136 9.8338 1.2
      vertex 23.3136 9.88739 1.6
      vertex 23.1136 9.8338 1.6
    endloop
  endfacet
  facet normal 0.25882 -0.965926 0
    outer loop
      vertex 23.3136 9.88739 1.6
      vertex 23.1136 9.8338 1.2
      vertex 23.3136 9.88739 1.2
    endloop
  endfacet
  facet normal 0.707131 -0.707083 0
    outer loop
      vertex 23.3136 9.88739 1.6
      vertex 23.46 10.0338 1.2
      vertex 23.46 10.0338 1.6
    endloop
  endfacet
  facet normal 0.707131 -0.707083 0
    outer loop
      vertex 23.46 10.0338 1.2
      vertex 23.3136 9.88739 1.6
      vertex 23.3136 9.88739 1.2
    endloop
  endfacet
  facet normal 0.965914 -0.258865 0
    outer loop
      vertex 23.46 10.0338 1.6
      vertex 23.5136 10.2338 1.2
      vertex 23.5136 10.2338 1.6
    endloop
  endfacet
  facet normal 0.965914 -0.258865 0
    outer loop
      vertex 23.5136 10.2338 1.2
      vertex 23.46 10.0338 1.6
      vertex 23.46 10.0338 1.2
    endloop
  endfacet
  facet normal 0.965914 0.258865 0
    outer loop
      vertex 23.5136 10.2338 1.6
      vertex 23.46 10.4338 1.2
      vertex 23.46 10.4338 1.6
    endloop
  endfacet
  facet normal 0.965914 0.258865 0
    outer loop
      vertex 23.46 10.4338 1.2
      vertex 23.5136 10.2338 1.6
      vertex 23.5136 10.2338 1.2
    endloop
  endfacet
  facet normal 0.707107 0.707107 0
    outer loop
      vertex 23.46 10.4338 1.6
      vertex 23.3136 10.5802 1.2
      vertex 23.3136 10.5802 1.6
    endloop
  endfacet
  facet normal 0.707107 0.707107 0
    outer loop
      vertex 23.3136 10.5802 1.2
      vertex 23.46 10.4338 1.6
      vertex 23.46 10.4338 1.2
    endloop
  endfacet
  facet normal 0.258865 0.965914 -0
    outer loop
      vertex 23.3136 10.5802 1.2
      vertex 23.1136 10.6338 1.6
      vertex 23.3136 10.5802 1.6
    endloop
  endfacet
  facet normal 0.258865 0.965914 0
    outer loop
      vertex 23.1136 10.6338 1.6
      vertex 23.3136 10.5802 1.2
      vertex 23.1136 10.6338 1.2
    endloop
  endfacet
  facet normal 0.173633 0.984811 -0
    outer loop
      vertex 23.1136 10.6338 1.2
      vertex 20.2828 11.1329 1.6
      vertex 23.1136 10.6338 1.6
    endloop
  endfacet
  facet normal 0.173633 0.984811 0
    outer loop
      vertex 20.2828 11.1329 1.6
      vertex 23.1136 10.6338 1.2
      vertex 20.2828 11.1329 1.2
    endloop
  endfacet
  facet normal 0.500005 -0.866023 0
    outer loop
      vertex 20.2828 11.1329 1.2
      vertex 25.3786 14.075 1.6
      vertex 20.2828 11.1329 1.6
    endloop
  endfacet
  facet normal 0.500005 -0.866023 0
    outer loop
      vertex 25.3786 14.075 1.6
      vertex 20.2828 11.1329 1.2
      vertex 25.3786 14.075 1.2
    endloop
  endfacet
  facet normal 0.707107 -0.707107 0
    outer loop
      vertex 25.3786 14.075 1.6
      vertex 25.5616 14.258 1.2
      vertex 25.5616 14.258 1.6
    endloop
  endfacet
  facet normal 0.707107 -0.707107 0
    outer loop
      vertex 25.5616 14.258 1.2
      vertex 25.3786 14.075 1.6
      vertex 25.3786 14.075 1.2
    endloop
  endfacet
  facet normal 0.965914 -0.258865 0
    outer loop
      vertex 25.5616 14.258 1.6
      vertex 25.6286 14.508 1.2
      vertex 25.6286 14.508 1.6
    endloop
  endfacet
  facet normal 0.965914 -0.258865 0
    outer loop
      vertex 25.6286 14.508 1.2
      vertex 25.5616 14.258 1.6
      vertex 25.5616 14.258 1.2
    endloop
  endfacet
  facet normal 0.965914 0.258865 0
    outer loop
      vertex 25.6286 14.508 1.6
      vertex 25.5616 14.758 1.2
      vertex 25.5616 14.758 1.6
    endloop
  endfacet
  facet normal 0.965914 0.258865 0
    outer loop
      vertex 25.5616 14.758 1.2
      vertex 25.6286 14.508 1.6
      vertex 25.6286 14.508 1.2
    endloop
  endfacet
  facet normal 0.707107 0.707107 0
    outer loop
      vertex 25.5616 14.758 1.6
      vertex 25.3786 14.941 1.2
      vertex 25.3786 14.941 1.6
    endloop
  endfacet
  facet normal 0.707107 0.707107 0
    outer loop
      vertex 25.3786 14.941 1.2
      vertex 25.5616 14.758 1.6
      vertex 25.5616 14.758 1.2
    endloop
  endfacet
  facet normal 0.258865 0.965914 -0
    outer loop
      vertex 25.3786 14.941 1.2
      vertex 25.1286 15.008 1.6
      vertex 25.3786 14.941 1.6
    endloop
  endfacet
  facet normal 0.258865 0.965914 0
    outer loop
      vertex 25.1286 15.008 1.6
      vertex 25.3786 14.941 1.2
      vertex 25.1286 15.008 1.2
    endloop
  endfacet
  facet normal -0.258865 0.965914 0
    outer loop
      vertex 25.1286 15.008 1.2
      vertex 24.8786 14.941 1.6
      vertex 25.1286 15.008 1.6
    endloop
  endfacet
  facet normal -0.258865 0.965914 0
    outer loop
      vertex 24.8786 14.941 1.6
      vertex 25.1286 15.008 1.2
      vertex 24.8786 14.941 1.2
    endloop
  endfacet
  facet normal -0.500005 0.866023 0
    outer loop
      vertex 24.8786 14.941 1.2
      vertex 19.7828 11.9989 1.6
      vertex 24.8786 14.941 1.6
    endloop
  endfacet
  facet normal -0.500005 0.866023 0
    outer loop
      vertex 19.7828 11.9989 1.6
      vertex 24.8786 14.941 1.2
      vertex 19.7828 11.9989 1.2
    endloop
  endfacet
  facet normal 0.939695 -0.342014 0
    outer loop
      vertex 19.7828 11.9989 1.6
      vertex 20.7659 14.7 1.2
      vertex 20.7659 14.7 1.6
    endloop
  endfacet
  facet normal 0.939695 -0.342014 0
    outer loop
      vertex 20.7659 14.7 1.2
      vertex 19.7828 11.9989 1.6
      vertex 19.7828 11.9989 1.2
    endloop
  endfacet
  facet normal 0.965914 -0.258865 0
    outer loop
      vertex 20.7659 14.7 1.6
      vertex 20.8195 14.9 1.2
      vertex 20.8195 14.9 1.6
    endloop
  endfacet
  facet normal 0.965914 -0.258865 0
    outer loop
      vertex 20.8195 14.9 1.2
      vertex 20.7659 14.7 1.6
      vertex 20.7659 14.7 1.2
    endloop
  endfacet
  facet normal 0.965914 0.258865 0
    outer loop
      vertex 20.8195 14.9 1.6
      vertex 20.7659 15.1 1.2
      vertex 20.7659 15.1 1.6
    endloop
  endfacet
  facet normal 0.965914 0.258865 0
    outer loop
      vertex 20.7659 15.1 1.2
      vertex 20.8195 14.9 1.6
      vertex 20.8195 14.9 1.2
    endloop
  endfacet
  facet normal 0.707107 0.707107 0
    outer loop
      vertex 20.7659 15.1 1.6
      vertex 20.6195 15.2464 1.2
      vertex 20.6195 15.2464 1.6
    endloop
  endfacet
  facet normal 0.707107 0.707107 0
    outer loop
      vertex 20.6195 15.2464 1.2
      vertex 20.7659 15.1 1.6
      vertex 20.7659 15.1 1.2
    endloop
  endfacet
  facet normal 0.258865 0.965914 -0
    outer loop
      vertex 20.6195 15.2464 1.2
      vertex 20.4195 15.3 1.6
      vertex 20.6195 15.2464 1.6
    endloop
  endfacet
  facet normal 0.258865 0.965914 0
    outer loop
      vertex 20.4195 15.3 1.6
      vertex 20.6195 15.2464 1.2
      vertex 20.4195 15.3 1.2
    endloop
  endfacet
  facet normal -0.258865 0.965914 0
    outer loop
      vertex 20.4195 15.3 1.2
      vertex 20.2195 15.2464 1.6
      vertex 20.4195 15.3 1.6
    endloop
  endfacet
  facet normal -0.258865 0.965914 0
    outer loop
      vertex 20.2195 15.2464 1.6
      vertex 20.4195 15.3 1.2
      vertex 20.2195 15.2464 1.2
    endloop
  endfacet
  facet normal -0.707107 0.707107 0
    outer loop
      vertex 20.0731 15.1 1.2
      vertex 20.2195 15.2464 1.6
      vertex 20.2195 15.2464 1.2
    endloop
  endfacet
  facet normal -0.707107 0.707107 0
    outer loop
      vertex 20.2195 15.2464 1.6
      vertex 20.0731 15.1 1.2
      vertex 20.0731 15.1 1.6
    endloop
  endfacet
  facet normal -0.939688 0.342032 0
    outer loop
      vertex 18.7213 11.3861 1.2
      vertex 20.0731 15.1 1.6
      vertex 20.0731 15.1 1.2
    endloop
  endfacet
  facet normal -0.939688 0.342032 0
    outer loop
      vertex 20.0731 15.1 1.6
      vertex 18.7213 11.3861 1.2
      vertex 18.7213 11.3861 1.6
    endloop
  endfacet
  facet normal -0.500003 0.866024 0
    outer loop
      vertex 18.7213 11.3861 1.2
      vertex 14.7571 9.09735 1.6
      vertex 18.7213 11.3861 1.6
    endloop
  endfacet
  facet normal -0.500003 0.866024 0
    outer loop
      vertex 14.7571 9.09735 1.6
      vertex 18.7213 11.3861 1.2
      vertex 14.7571 9.09735 1.2
    endloop
  endfacet
  facet normal 0.939693 -0.34202 0
    outer loop
      vertex 14.7571 9.09735 1.6
      vertex 15.7402 11.7984 1.2
      vertex 15.7402 11.7984 1.6
    endloop
  endfacet
  facet normal 0.939693 -0.34202 0
    outer loop
      vertex 15.7402 11.7984 1.2
      vertex 14.7571 9.09735 1.6
      vertex 14.7571 9.09735 1.2
    endloop
  endfacet
  facet normal 0.965914 -0.258865 0
    outer loop
      vertex 15.7402 11.7984 1.6
      vertex 15.7938 11.9984 1.2
      vertex 15.7938 11.9984 1.6
    endloop
  endfacet
  facet normal 0.965914 -0.258865 0
    outer loop
      vertex 15.7938 11.9984 1.2
      vertex 15.7402 11.7984 1.6
      vertex 15.7402 11.7984 1.2
    endloop
  endfacet
  facet normal 0.965914 0.258865 0
    outer loop
      vertex 15.7938 11.9984 1.6
      vertex 15.7402 12.1984 1.2
      vertex 15.7402 12.1984 1.6
    endloop
  endfacet
  facet normal 0.965914 0.258865 0
    outer loop
      vertex 15.7402 12.1984 1.2
      vertex 15.7938 11.9984 1.6
      vertex 15.7938 11.9984 1.2
    endloop
  endfacet
  facet normal 0.707107 0.707107 0
    outer loop
      vertex 15.7402 12.1984 1.6
      vertex 15.5938 12.3448 1.2
      vertex 15.5938 12.3448 1.6
    endloop
  endfacet
  facet normal 0.707107 0.707107 0
    outer loop
      vertex 15.5938 12.3448 1.2
      vertex 15.7402 12.1984 1.6
      vertex 15.7402 12.1984 1.2
    endloop
  endfacet
  facet normal 0.258865 0.965914 -0
    outer loop
      vertex 15.5938 12.3448 1.2
      vertex 15.3938 12.3984 1.6
      vertex 15.5938 12.3448 1.6
    endloop
  endfacet
  facet normal 0.258865 0.965914 0
    outer loop
      vertex 15.3938 12.3984 1.6
      vertex 15.5938 12.3448 1.2
      vertex 15.3938 12.3984 1.2
    endloop
  endfacet
  facet normal -0.258865 0.965914 0
    outer loop
      vertex 15.3938 12.3984 1.2
      vertex 15.1938 12.3448 1.6
      vertex 15.3938 12.3984 1.6
    endloop
  endfacet
  facet normal -0.258865 0.965914 0
    outer loop
      vertex 15.1938 12.3448 1.6
      vertex 15.3938 12.3984 1.2
      vertex 15.1938 12.3448 1.2
    endloop
  endfacet
  facet normal -0.707107 0.707107 0
    outer loop
      vertex 15.0474 12.1984 1.2
      vertex 15.1938 12.3448 1.6
      vertex 15.1938 12.3448 1.2
    endloop
  endfacet
  facet normal -0.707107 0.707107 0
    outer loop
      vertex 15.1938 12.3448 1.6
      vertex 15.0474 12.1984 1.2
      vertex 15.0474 12.1984 1.6
    endloop
  endfacet
  facet normal -0.939688 0.342034 0
    outer loop
      vertex 13.6956 8.48453 1.2
      vertex 15.0474 12.1984 1.6
      vertex 15.0474 12.1984 1.2
    endloop
  endfacet
  facet normal -0.939688 0.342034 0
    outer loop
      vertex 15.0474 12.1984 1.6
      vertex 13.6956 8.48453 1.2
      vertex 13.6956 8.48453 1.6
    endloop
  endfacet
  facet normal -0.500002 0.866024 0
    outer loop
      vertex 13.6956 8.48453 1.2
      vertex 4.25333 3.033 1.6
      vertex 13.6956 8.48453 1.6
    endloop
  endfacet
  facet normal -0.500002 0.866024 0
    outer loop
      vertex 4.25333 3.033 1.6
      vertex 13.6956 8.48453 1.2
      vertex 4.25333 3.033 1.2
    endloop
  endfacet
  facet normal -0.707107 0.707107 0
    outer loop
      vertex 4.07031 2.84998 1.2
      vertex 4.25333 3.033 1.6
      vertex 4.25333 3.033 1.2
    endloop
  endfacet
  facet normal -0.707107 0.707107 0
    outer loop
      vertex 4.25333 3.033 1.6
      vertex 4.07031 2.84998 1.2
      vertex 4.07031 2.84998 1.6
    endloop
  endfacet
  facet normal -0.96593 0.258802 0
    outer loop
      vertex 4.00333 2.59999 1.2
      vertex 4.07031 2.84998 1.6
      vertex 4.07031 2.84998 1.2
    endloop
  endfacet
  facet normal -0.96593 0.258802 0
    outer loop
      vertex 4.07031 2.84998 1.6
      vertex 4.00333 2.59999 1.2
      vertex 4.00333 2.59999 1.6
    endloop
  endfacet
  facet normal -0.965933 -0.258793 0
    outer loop
      vertex 4.07031 2.34999 1.2
      vertex 4.00333 2.59999 1.6
      vertex 4.00333 2.59999 1.2
    endloop
  endfacet
  facet normal -0.965933 -0.258793 0
    outer loop
      vertex 4.00333 2.59999 1.6
      vertex 4.07031 2.34999 1.2
      vertex 4.07031 2.34999 1.6
    endloop
  endfacet
  facet normal -0.707087 -0.707126 0
    outer loop
      vertex 4.25333 2.16698 1.2
      vertex 4.07031 2.34999 1.6
      vertex 4.07031 2.34999 1.2
    endloop
  endfacet
  facet normal -0.707087 -0.707126 0
    outer loop
      vertex 4.07031 2.34999 1.6
      vertex 4.25333 2.16698 1.2
      vertex 4.25333 2.16698 1.6
    endloop
  endfacet
  facet normal -0.258776 -0.965937 0
    outer loop
      vertex 4.25333 2.16698 1.2
      vertex 4.50331 2.10001 1.6
      vertex 4.25333 2.16698 1.6
    endloop
  endfacet
  facet normal -0.258776 -0.965937 -0
    outer loop
      vertex 4.50331 2.10001 1.6
      vertex 4.25333 2.16698 1.2
      vertex 4.50331 2.10001 1.2
    endloop
  endfacet
  facet normal 0.258737 -0.965948 0
    outer loop
      vertex 4.50331 2.10001 1.2
      vertex 4.75333 2.16698 1.6
      vertex 4.50331 2.10001 1.6
    endloop
  endfacet
  facet normal 0.258737 -0.965948 0
    outer loop
      vertex 4.75333 2.16698 1.6
      vertex 4.50331 2.10001 1.2
      vertex 4.75333 2.16698 1.2
    endloop
  endfacet
  facet normal 0.707087 -0.707126 0
    outer loop
      vertex -4.25333 2.16698 1.6
      vertex -4.07031 2.34999 1.2
      vertex -4.07031 2.34999 1.6
    endloop
  endfacet
  facet normal 0.707087 -0.707126 0
    outer loop
      vertex -4.07031 2.34999 1.2
      vertex -4.25333 2.16698 1.6
      vertex -4.25333 2.16698 1.2
    endloop
  endfacet
  facet normal 0.965933 -0.258793 0
    outer loop
      vertex -4.07031 2.34999 1.6
      vertex -4.00333 2.59999 1.2
      vertex -4.00333 2.59999 1.6
    endloop
  endfacet
  facet normal 0.965933 -0.258793 0
    outer loop
      vertex -4.00333 2.59999 1.2
      vertex -4.07031 2.34999 1.6
      vertex -4.07031 2.34999 1.2
    endloop
  endfacet
  facet normal 0.96593 0.258802 0
    outer loop
      vertex -4.00333 2.59999 1.6
      vertex -4.07031 2.84998 1.2
      vertex -4.07031 2.84998 1.6
    endloop
  endfacet
  facet normal 0.96593 0.258802 0
    outer loop
      vertex -4.07031 2.84998 1.2
      vertex -4.00333 2.59999 1.6
      vertex -4.00333 2.59999 1.2
    endloop
  endfacet
  facet normal 0.707107 0.707107 0
    outer loop
      vertex -4.07031 2.84998 1.6
      vertex -4.25333 3.033 1.2
      vertex -4.25333 3.033 1.6
    endloop
  endfacet
  facet normal 0.707107 0.707107 0
    outer loop
      vertex -4.25333 3.033 1.2
      vertex -4.07031 2.84998 1.6
      vertex -4.07031 2.84998 1.2
    endloop
  endfacet
  facet normal 0.500002 0.866024 -0
    outer loop
      vertex -4.25333 3.033 1.2
      vertex -13.6956 8.48453 1.6
      vertex -4.25333 3.033 1.6
    endloop
  endfacet
  facet normal 0.500002 0.866024 0
    outer loop
      vertex -13.6956 8.48453 1.6
      vertex -4.25333 3.033 1.2
      vertex -13.6956 8.48453 1.2
    endloop
  endfacet
  facet normal 0.939688 0.342034 0
    outer loop
      vertex -13.6956 8.48453 1.6
      vertex -15.0474 12.1984 1.2
      vertex -15.0474 12.1984 1.6
    endloop
  endfacet
  facet normal 0.939688 0.342034 0
    outer loop
      vertex -15.0474 12.1984 1.2
      vertex -13.6956 8.48453 1.6
      vertex -13.6956 8.48453 1.2
    endloop
  endfacet
  facet normal 0.707107 0.707107 0
    outer loop
      vertex -15.0474 12.1984 1.6
      vertex -15.1938 12.3448 1.2
      vertex -15.1938 12.3448 1.6
    endloop
  endfacet
  facet normal 0.707107 0.707107 0
    outer loop
      vertex -15.1938 12.3448 1.2
      vertex -15.0474 12.1984 1.6
      vertex -15.0474 12.1984 1.2
    endloop
  endfacet
  facet normal 0.258865 0.965914 -0
    outer loop
      vertex -15.1938 12.3448 1.2
      vertex -15.3938 12.3984 1.6
      vertex -15.1938 12.3448 1.6
    endloop
  endfacet
  facet normal 0.258865 0.965914 0
    outer loop
      vertex -15.3938 12.3984 1.6
      vertex -15.1938 12.3448 1.2
      vertex -15.3938 12.3984 1.2
    endloop
  endfacet
  facet normal -0.258865 0.965914 0
    outer loop
      vertex -15.3938 12.3984 1.2
      vertex -15.5938 12.3448 1.6
      vertex -15.3938 12.3984 1.6
    endloop
  endfacet
  facet normal -0.258865 0.965914 0
    outer loop
      vertex -15.5938 12.3448 1.6
      vertex -15.3938 12.3984 1.2
      vertex -15.5938 12.3448 1.2
    endloop
  endfacet
  facet normal -0.707107 0.707107 0
    outer loop
      vertex -15.7402 12.1984 1.2
      vertex -15.5938 12.3448 1.6
      vertex -15.5938 12.3448 1.2
    endloop
  endfacet
  facet normal -0.707107 0.707107 0
    outer loop
      vertex -15.5938 12.3448 1.6
      vertex -15.7402 12.1984 1.2
      vertex -15.7402 12.1984 1.6
    endloop
  endfacet
  facet normal -0.965914 0.258865 0
    outer loop
      vertex -15.7938 11.9984 1.2
      vertex -15.7402 12.1984 1.6
      vertex -15.7402 12.1984 1.2
    endloop
  endfacet
  facet normal -0.965914 0.258865 0
    outer loop
      vertex -15.7402 12.1984 1.6
      vertex -15.7938 11.9984 1.2
      vertex -15.7938 11.9984 1.6
    endloop
  endfacet
  facet normal -0.965914 -0.258865 0
    outer loop
      vertex -15.7402 11.7984 1.2
      vertex -15.7938 11.9984 1.6
      vertex -15.7938 11.9984 1.2
    endloop
  endfacet
  facet normal -0.965914 -0.258865 0
    outer loop
      vertex -15.7938 11.9984 1.6
      vertex -15.7402 11.7984 1.2
      vertex -15.7402 11.7984 1.6
    endloop
  endfacet
  facet normal -0.939693 -0.34202 0
    outer loop
      vertex -14.7571 9.09735 1.2
      vertex -15.7402 11.7984 1.6
      vertex -15.7402 11.7984 1.2
    endloop
  endfacet
  facet normal -0.939693 -0.34202 0
    outer loop
      vertex -15.7402 11.7984 1.6
      vertex -14.7571 9.09735 1.2
      vertex -14.7571 9.09735 1.6
    endloop
  endfacet
  facet normal 0.500003 0.866024 -0
    outer loop
      vertex -14.7571 9.09735 1.2
      vertex -18.7213 11.3861 1.6
      vertex -14.7571 9.09735 1.6
    endloop
  endfacet
  facet normal 0.500003 0.866024 0
    outer loop
      vertex -18.7213 11.3861 1.6
      vertex -14.7571 9.09735 1.2
      vertex -18.7213 11.3861 1.2
    endloop
  endfacet
  facet normal 0.939688 0.342032 0
    outer loop
      vertex -18.7213 11.3861 1.6
      vertex -20.0731 15.1 1.2
      vertex -20.0731 15.1 1.6
    endloop
  endfacet
  facet normal 0.939688 0.342032 0
    outer loop
      vertex -20.0731 15.1 1.2
      vertex -18.7213 11.3861 1.6
      vertex -18.7213 11.3861 1.2
    endloop
  endfacet
  facet normal 0.707107 0.707107 0
    outer loop
      vertex -20.0731 15.1 1.6
      vertex -20.2195 15.2464 1.2
      vertex -20.2195 15.2464 1.6
    endloop
  endfacet
  facet normal 0.707107 0.707107 0
    outer loop
      vertex -20.2195 15.2464 1.2
      vertex -20.0731 15.1 1.6
      vertex -20.0731 15.1 1.2
    endloop
  endfacet
  facet normal 0.258865 0.965914 -0
    outer loop
      vertex -20.2195 15.2464 1.2
      vertex -20.4195 15.3 1.6
      vertex -20.2195 15.2464 1.6
    endloop
  endfacet
  facet normal 0.258865 0.965914 0
    outer loop
      vertex -20.4195 15.3 1.6
      vertex -20.2195 15.2464 1.2
      vertex -20.4195 15.3 1.2
    endloop
  endfacet
  facet normal -0.258865 0.965914 0
    outer loop
      vertex -20.4195 15.3 1.2
      vertex -20.6195 15.2464 1.6
      vertex -20.4195 15.3 1.6
    endloop
  endfacet
  facet normal -0.258865 0.965914 0
    outer loop
      vertex -20.6195 15.2464 1.6
      vertex -20.4195 15.3 1.2
      vertex -20.6195 15.2464 1.2
    endloop
  endfacet
  facet normal -0.707107 0.707107 0
    outer loop
      vertex -20.7659 15.1 1.2
      vertex -20.6195 15.2464 1.6
      vertex -20.6195 15.2464 1.2
    endloop
  endfacet
  facet normal -0.707107 0.707107 0
    outer loop
      vertex -20.6195 15.2464 1.6
      vertex -20.7659 15.1 1.2
      vertex -20.7659 15.1 1.6
    endloop
  endfacet
  facet normal -0.965914 0.258865 0
    outer loop
      vertex -20.8195 14.9 1.2
      vertex -20.7659 15.1 1.6
      vertex -20.7659 15.1 1.2
    endloop
  endfacet
  facet normal -0.965914 0.258865 0
    outer loop
      vertex -20.7659 15.1 1.6
      vertex -20.8195 14.9 1.2
      vertex -20.8195 14.9 1.6
    endloop
  endfacet
  facet normal -0.965914 -0.258865 0
    outer loop
      vertex -20.7659 14.7 1.2
      vertex -20.8195 14.9 1.6
      vertex -20.8195 14.9 1.2
    endloop
  endfacet
  facet normal -0.965914 -0.258865 0
    outer loop
      vertex -20.8195 14.9 1.6
      vertex -20.7659 14.7 1.2
      vertex -20.7659 14.7 1.6
    endloop
  endfacet
  facet normal -0.939695 -0.342014 0
    outer loop
      vertex -19.7828 11.9989 1.2
      vertex -20.7659 14.7 1.6
      vertex -20.7659 14.7 1.2
    endloop
  endfacet
  facet normal -0.939695 -0.342014 0
    outer loop
      vertex -20.7659 14.7 1.6
      vertex -19.7828 11.9989 1.2
      vertex -19.7828 11.9989 1.6
    endloop
  endfacet
  facet normal 0.500005 0.866023 -0
    outer loop
      vertex -19.7828 11.9989 1.2
      vertex -24.8786 14.941 1.6
      vertex -19.7828 11.9989 1.6
    endloop
  endfacet
  facet normal 0.500005 0.866023 0
    outer loop
      vertex -24.8786 14.941 1.6
      vertex -19.7828 11.9989 1.2
      vertex -24.8786 14.941 1.2
    endloop
  endfacet
  facet normal 0.258865 0.965914 -0
    outer loop
      vertex -24.8786 14.941 1.2
      vertex -25.1286 15.008 1.6
      vertex -24.8786 14.941 1.6
    endloop
  endfacet
  facet normal 0.258865 0.965914 0
    outer loop
      vertex -25.1286 15.008 1.6
      vertex -24.8786 14.941 1.2
      vertex -25.1286 15.008 1.2
    endloop
  endfacet
  facet normal -0.258865 0.965914 0
    outer loop
      vertex -25.1286 15.008 1.2
      vertex -25.3786 14.941 1.6
      vertex -25.1286 15.008 1.6
    endloop
  endfacet
  facet normal -0.258865 0.965914 0
    outer loop
      vertex -25.3786 14.941 1.6
      vertex -25.1286 15.008 1.2
      vertex -25.3786 14.941 1.2
    endloop
  endfacet
  facet normal -0.707107 0.707107 0
    outer loop
      vertex -25.5616 14.758 1.2
      vertex -25.3786 14.941 1.6
      vertex -25.3786 14.941 1.2
    endloop
  endfacet
  facet normal -0.707107 0.707107 0
    outer loop
      vertex -25.3786 14.941 1.6
      vertex -25.5616 14.758 1.2
      vertex -25.5616 14.758 1.6
    endloop
  endfacet
  facet normal -0.965914 0.258865 0
    outer loop
      vertex -25.6286 14.508 1.2
      vertex -25.5616 14.758 1.6
      vertex -25.5616 14.758 1.2
    endloop
  endfacet
  facet normal -0.965914 0.258865 0
    outer loop
      vertex -25.5616 14.758 1.6
      vertex -25.6286 14.508 1.2
      vertex -25.6286 14.508 1.6
    endloop
  endfacet
  facet normal -0.965914 -0.258865 0
    outer loop
      vertex -25.5616 14.258 1.2
      vertex -25.6286 14.508 1.6
      vertex -25.6286 14.508 1.2
    endloop
  endfacet
  facet normal -0.965914 -0.258865 0
    outer loop
      vertex -25.6286 14.508 1.6
      vertex -25.5616 14.258 1.2
      vertex -25.5616 14.258 1.6
    endloop
  endfacet
  facet normal -0.707107 -0.707107 0
    outer loop
      vertex -25.3786 14.075 1.2
      vertex -25.5616 14.258 1.6
      vertex -25.5616 14.258 1.2
    endloop
  endfacet
  facet normal -0.707107 -0.707107 0
    outer loop
      vertex -25.5616 14.258 1.6
      vertex -25.3786 14.075 1.2
      vertex -25.3786 14.075 1.6
    endloop
  endfacet
  facet normal -0.500005 -0.866023 0
    outer loop
      vertex -25.3786 14.075 1.2
      vertex -20.2828 11.1329 1.6
      vertex -25.3786 14.075 1.6
    endloop
  endfacet
  facet normal -0.500005 -0.866023 -0
    outer loop
      vertex -20.2828 11.1329 1.6
      vertex -25.3786 14.075 1.2
      vertex -20.2828 11.1329 1.2
    endloop
  endfacet
  facet normal -0.173633 0.984811 0
    outer loop
      vertex -20.2828 11.1329 1.2
      vertex -23.1136 10.6338 1.6
      vertex -20.2828 11.1329 1.6
    endloop
  endfacet
  facet normal -0.173633 0.984811 0
    outer loop
      vertex -23.1136 10.6338 1.6
      vertex -20.2828 11.1329 1.2
      vertex -23.1136 10.6338 1.2
    endloop
  endfacet
  facet normal -0.258865 0.965914 0
    outer loop
      vertex -23.1136 10.6338 1.2
      vertex -23.3136 10.5802 1.6
      vertex -23.1136 10.6338 1.6
    endloop
  endfacet
  facet normal -0.258865 0.965914 0
    outer loop
      vertex -23.3136 10.5802 1.6
      vertex -23.1136 10.6338 1.2
      vertex -23.3136 10.5802 1.2
    endloop
  endfacet
  facet normal -0.707107 0.707107 0
    outer loop
      vertex -23.46 10.4338 1.2
      vertex -23.3136 10.5802 1.6
      vertex -23.3136 10.5802 1.2
    endloop
  endfacet
  facet normal -0.707107 0.707107 0
    outer loop
      vertex -23.3136 10.5802 1.6
      vertex -23.46 10.4338 1.2
      vertex -23.46 10.4338 1.6
    endloop
  endfacet
  facet normal -0.965914 0.258865 0
    outer loop
      vertex -23.5136 10.2338 1.2
      vertex -23.46 10.4338 1.6
      vertex -23.46 10.4338 1.2
    endloop
  endfacet
  facet normal -0.965914 0.258865 0
    outer loop
      vertex -23.46 10.4338 1.6
      vertex -23.5136 10.2338 1.2
      vertex -23.5136 10.2338 1.6
    endloop
  endfacet
  facet normal -0.965914 -0.258865 0
    outer loop
      vertex -23.46 10.0338 1.2
      vertex -23.5136 10.2338 1.6
      vertex -23.5136 10.2338 1.2
    endloop
  endfacet
  facet normal -0.965914 -0.258865 0
    outer loop
      vertex -23.5136 10.2338 1.6
      vertex -23.46 10.0338 1.2
      vertex -23.46 10.0338 1.6
    endloop
  endfacet
  facet normal -0.707131 -0.707083 0
    outer loop
      vertex -23.3136 9.88739 1.2
      vertex -23.46 10.0338 1.6
      vertex -23.46 10.0338 1.2
    endloop
  endfacet
  facet normal -0.707131 -0.707083 0
    outer loop
      vertex -23.46 10.0338 1.6
      vertex -23.3136 9.88739 1.2
      vertex -23.3136 9.88739 1.6
    endloop
  endfacet
  facet normal -0.25882 -0.965926 0
    outer loop
      vertex -23.3136 9.88739 1.2
      vertex -23.1136 9.8338 1.6
      vertex -23.3136 9.88739 1.6
    endloop
  endfacet
  facet normal -0.25882 -0.965926 -0
    outer loop
      vertex -23.1136 9.8338 1.6
      vertex -23.3136 9.88739 1.2
      vertex -23.1136 9.8338 1.2
    endloop
  endfacet
  facet normal 0.173644 -0.984809 0
    outer loop
      vertex -23.1136 9.8338 1.2
      vertex -19.2213 10.5201 1.6
      vertex -23.1136 9.8338 1.6
    endloop
  endfacet
  facet normal 0.173644 -0.984809 0
    outer loop
      vertex -19.2213 10.5201 1.6
      vertex -23.1136 9.8338 1.2
      vertex -19.2213 10.5201 1.2
    endloop
  endfacet
  facet normal -0.500005 -0.866023 0
    outer loop
      vertex -19.2213 10.5201 1.2
      vertex -15.2571 8.23134 1.6
      vertex -19.2213 10.5201 1.6
    endloop
  endfacet
  facet normal -0.500005 -0.866023 -0
    outer loop
      vertex -15.2571 8.23134 1.6
      vertex -19.2213 10.5201 1.2
      vertex -15.2571 8.23134 1.2
    endloop
  endfacet
  facet normal -0.173655 0.984806 0
    outer loop
      vertex -15.2571 8.23134 1.2
      vertex -18.0878 7.73219 1.6
      vertex -15.2571 8.23134 1.6
    endloop
  endfacet
  facet normal -0.173655 0.984806 0
    outer loop
      vertex -18.0878 7.73219 1.6
      vertex -15.2571 8.23134 1.2
      vertex -18.0878 7.73219 1.2
    endloop
  endfacet
  facet normal -0.25882 0.965926 0
    outer loop
      vertex -18.0878 7.73219 1.2
      vertex -18.2878 7.6786 1.6
      vertex -18.0878 7.73219 1.6
    endloop
  endfacet
  facet normal -0.25882 0.965926 0
    outer loop
      vertex -18.2878 7.6786 1.6
      vertex -18.0878 7.73219 1.2
      vertex -18.2878 7.6786 1.2
    endloop
  endfacet
  facet normal -0.707107 0.707107 0
    outer loop
      vertex -18.4342 7.5322 1.2
      vertex -18.2878 7.6786 1.6
      vertex -18.2878 7.6786 1.2
    endloop
  endfacet
  facet normal -0.707107 0.707107 0
    outer loop
      vertex -18.2878 7.6786 1.6
      vertex -18.4342 7.5322 1.2
      vertex -18.4342 7.5322 1.6
    endloop
  endfacet
  facet normal -0.965914 0.258865 0
    outer loop
      vertex -18.4878 7.3322 1.2
      vertex -18.4342 7.5322 1.6
      vertex -18.4342 7.5322 1.2
    endloop
  endfacet
  facet normal -0.965914 0.258865 0
    outer loop
      vertex -18.4342 7.5322 1.6
      vertex -18.4878 7.3322 1.2
      vertex -18.4878 7.3322 1.6
    endloop
  endfacet
  facet normal -0.965914 -0.258865 0
    outer loop
      vertex -18.4342 7.1322 1.2
      vertex -18.4878 7.3322 1.6
      vertex -18.4878 7.3322 1.2
    endloop
  endfacet
  facet normal -0.965914 -0.258865 0
    outer loop
      vertex -18.4878 7.3322 1.6
      vertex -18.4342 7.1322 1.2
      vertex -18.4342 7.1322 1.6
    endloop
  endfacet
  facet normal -0.707131 -0.707083 0
    outer loop
      vertex -18.2878 6.98579 1.2
      vertex -18.4342 7.1322 1.6
      vertex -18.4342 7.1322 1.2
    endloop
  endfacet
  facet normal -0.707131 -0.707083 0
    outer loop
      vertex -18.4342 7.1322 1.6
      vertex -18.2878 6.98579 1.2
      vertex -18.2878 6.98579 1.6
    endloop
  endfacet
  facet normal -0.258775 -0.965938 0
    outer loop
      vertex -18.2878 6.98579 1.2
      vertex -18.0878 6.93221 1.6
      vertex -18.2878 6.98579 1.6
    endloop
  endfacet
  facet normal -0.258775 -0.965938 -0
    outer loop
      vertex -18.0878 6.93221 1.6
      vertex -18.2878 6.98579 1.2
      vertex -18.0878 6.93221 1.2
    endloop
  endfacet
  facet normal 0.173646 -0.984808 0
    outer loop
      vertex -18.0878 6.93221 1.2
      vertex -14.1956 7.6185 1.6
      vertex -18.0878 6.93221 1.6
    endloop
  endfacet
  facet normal 0.173646 -0.984808 0
    outer loop
      vertex -14.1956 7.6185 1.6
      vertex -18.0878 6.93221 1.2
      vertex -14.1956 7.6185 1.2
    endloop
  endfacet
  facet normal -0.500002 -0.866024 0
    outer loop
      vertex -14.1956 7.6185 1.2
      vertex -4.75333 2.16698 1.6
      vertex -14.1956 7.6185 1.6
    endloop
  endfacet
  facet normal -0.500002 -0.866024 -0
    outer loop
      vertex -4.75333 2.16698 1.6
      vertex -14.1956 7.6185 1.2
      vertex -4.75333 2.16698 1.2
    endloop
  endfacet
  facet normal -0.258737 -0.965948 0
    outer loop
      vertex -4.75333 2.16698 1.2
      vertex -4.50331 2.10001 1.6
      vertex -4.75333 2.16698 1.6
    endloop
  endfacet
  facet normal -0.258737 -0.965948 -0
    outer loop
      vertex -4.50331 2.10001 1.6
      vertex -4.75333 2.16698 1.2
      vertex -4.50331 2.10001 1.2
    endloop
  endfacet
  facet normal 0.258776 -0.965937 0
    outer loop
      vertex -4.50331 2.10001 1.2
      vertex -4.25333 2.16698 1.6
      vertex -4.50331 2.10001 1.6
    endloop
  endfacet
  facet normal 0.258776 -0.965937 0
    outer loop
      vertex -4.25333 2.16698 1.6
      vertex -4.50331 2.10001 1.2
      vertex -4.25333 2.16698 1.2
    endloop
  endfacet
  facet normal 0.573577 -0.819152 0
    outer loop
      vertex -34.9826 -25.1055 1.2
      vertex -27.3513 -19.762 1.6
      vertex -34.9826 -25.1055 1.6
    endloop
  endfacet
  facet normal 0.573577 -0.819152 0
    outer loop
      vertex -27.3513 -19.762 1.6
      vertex -34.9826 -25.1055 1.2
      vertex -27.3513 -19.762 1.2
    endloop
  endfacet
  facet normal -0.965922 0.258834 0
    outer loop
      vertex -28.6202 -24.4973 1.2
      vertex -27.3513 -19.762 1.6
      vertex -27.3513 -19.762 1.2
    endloop
  endfacet
  facet normal -0.965922 0.258834 0
    outer loop
      vertex -27.3513 -19.762 1.6
      vertex -28.6202 -24.4973 1.2
      vertex -28.6202 -24.4973 1.6
    endloop
  endfacet
  facet normal -0.984866 0.173317 0
    outer loop
      vertex -28.6561 -24.7013 1.2
      vertex -28.6202 -24.4973 1.6
      vertex -28.6202 -24.4973 1.2
    endloop
  endfacet
  facet normal -0.984866 0.173317 0
    outer loop
      vertex -28.6202 -24.4973 1.6
      vertex -28.6561 -24.7013 1.2
      vertex -28.6561 -24.7013 1.6
    endloop
  endfacet
  facet normal -0.939681 -0.342053 0
    outer loop
      vertex -28.5853 -24.8958 1.2
      vertex -28.6561 -24.7013 1.6
      vertex -28.6561 -24.7013 1.2
    endloop
  endfacet
  facet normal -0.939681 -0.342053 0
    outer loop
      vertex -28.6561 -24.7013 1.6
      vertex -28.5853 -24.8958 1.2
      vertex -28.5853 -24.8958 1.6
    endloop
  endfacet
  facet normal -0.642841 -0.766 0
    outer loop
      vertex -28.5853 -24.8958 1.2
      vertex -28.4267 -25.0289 1.6
      vertex -28.5853 -24.8958 1.6
    endloop
  endfacet
  facet normal -0.642841 -0.766 -0
    outer loop
      vertex -28.4267 -25.0289 1.6
      vertex -28.5853 -24.8958 1.2
      vertex -28.4267 -25.0289 1.2
    endloop
  endfacet
  facet normal -0.173868 -0.984769 0
    outer loop
      vertex -28.4267 -25.0289 1.2
      vertex -28.2228 -25.0649 1.6
      vertex -28.4267 -25.0289 1.6
    endloop
  endfacet
  facet normal -0.173868 -0.984769 -0
    outer loop
      vertex -28.2228 -25.0649 1.6
      vertex -28.4267 -25.0289 1.2
      vertex -28.2228 -25.0649 1.2
    endloop
  endfacet
  facet normal 0.341898 -0.939737 0
    outer loop
      vertex -28.2228 -25.0649 1.2
      vertex -28.0282 -24.9941 1.6
      vertex -28.2228 -25.0649 1.6
    endloop
  endfacet
  facet normal 0.341898 -0.939737 0
    outer loop
      vertex -28.0282 -24.9941 1.6
      vertex -28.2228 -25.0649 1.2
      vertex -28.0282 -24.9941 1.2
    endloop
  endfacet
  facet normal 0.766199 -0.642603 0
    outer loop
      vertex -28.0282 -24.9941 1.6
      vertex -27.8951 -24.8354 1.2
      vertex -27.8951 -24.8354 1.6
    endloop
  endfacet
  facet normal 0.766199 -0.642603 0
    outer loop
      vertex -27.8951 -24.8354 1.2
      vertex -28.0282 -24.9941 1.6
      vertex -28.0282 -24.9941 1.2
    endloop
  endfacet
  facet normal 0.965925 -0.258822 0
    outer loop
      vertex -27.8951 -24.8354 1.6
      vertex -26.3473 -19.059 1.2
      vertex -26.3473 -19.059 1.6
    endloop
  endfacet
  facet normal 0.965925 -0.258822 0
    outer loop
      vertex -26.3473 -19.059 1.2
      vertex -27.8951 -24.8354 1.6
      vertex -27.8951 -24.8354 1.2
    endloop
  endfacet
  facet normal 0.573578 -0.819151 0
    outer loop
      vertex -26.3473 -19.059 1.2
      vertex -20.2974 -14.8228 1.6
      vertex -26.3473 -19.059 1.6
    endloop
  endfacet
  facet normal 0.573578 -0.819151 0
    outer loop
      vertex -20.2974 -14.8228 1.6
      vertex -26.3473 -19.059 1.2
      vertex -20.2974 -14.8228 1.2
    endloop
  endfacet
  facet normal -0.965923 0.258829 0
    outer loop
      vertex -21.5663 -19.5582 1.2
      vertex -20.2974 -14.8228 1.6
      vertex -20.2974 -14.8228 1.2
    endloop
  endfacet
  facet normal -0.965923 0.258829 0
    outer loop
      vertex -20.2974 -14.8228 1.6
      vertex -21.5663 -19.5582 1.2
      vertex -21.5663 -19.5582 1.6
    endloop
  endfacet
  facet normal -0.984852 0.1734 0
    outer loop
      vertex -21.6022 -19.7621 1.2
      vertex -21.5663 -19.5582 1.6
      vertex -21.5663 -19.5582 1.2
    endloop
  endfacet
  facet normal -0.984852 0.1734 0
    outer loop
      vertex -21.5663 -19.5582 1.6
      vertex -21.6022 -19.7621 1.2
      vertex -21.6022 -19.7621 1.6
    endloop
  endfacet
  facet normal -0.939681 -0.342053 0
    outer loop
      vertex -21.5314 -19.9566 1.2
      vertex -21.6022 -19.7621 1.6
      vertex -21.6022 -19.7621 1.2
    endloop
  endfacet
  facet normal -0.939681 -0.342053 0
    outer loop
      vertex -21.6022 -19.7621 1.6
      vertex -21.5314 -19.9566 1.2
      vertex -21.5314 -19.9566 1.6
    endloop
  endfacet
  facet normal -0.642841 -0.766 0
    outer loop
      vertex -21.5314 -19.9566 1.2
      vertex -21.3728 -20.0897 1.6
      vertex -21.5314 -19.9566 1.6
    endloop
  endfacet
  facet normal -0.642841 -0.766 -0
    outer loop
      vertex -21.3728 -20.0897 1.6
      vertex -21.5314 -19.9566 1.2
      vertex -21.3728 -20.0897 1.2
    endloop
  endfacet
  facet normal -0.173868 -0.984769 0
    outer loop
      vertex -21.3728 -20.0897 1.2
      vertex -21.1689 -20.1257 1.6
      vertex -21.3728 -20.0897 1.6
    endloop
  endfacet
  facet normal -0.173868 -0.984769 -0
    outer loop
      vertex -21.1689 -20.1257 1.6
      vertex -21.3728 -20.0897 1.2
      vertex -21.1689 -20.1257 1.2
    endloop
  endfacet
  facet normal 0.341898 -0.939737 0
    outer loop
      vertex -21.1689 -20.1257 1.2
      vertex -20.9743 -20.0549 1.6
      vertex -21.1689 -20.1257 1.6
    endloop
  endfacet
  facet normal 0.341898 -0.939737 0
    outer loop
      vertex -20.9743 -20.0549 1.6
      vertex -21.1689 -20.1257 1.2
      vertex -20.9743 -20.0549 1.2
    endloop
  endfacet
  facet normal 0.766 -0.642841 0
    outer loop
      vertex -20.9743 -20.0549 1.6
      vertex -20.8412 -19.8963 1.2
      vertex -20.8412 -19.8963 1.6
    endloop
  endfacet
  facet normal 0.766 -0.642841 0
    outer loop
      vertex -20.8412 -19.8963 1.2
      vertex -20.9743 -20.0549 1.6
      vertex -20.9743 -20.0549 1.2
    endloop
  endfacet
  facet normal 0.965926 -0.258818 0
    outer loop
      vertex -20.8412 -19.8963 1.6
      vertex -19.2934 -14.1198 1.2
      vertex -19.2934 -14.1198 1.6
    endloop
  endfacet
  facet normal 0.965926 -0.258818 0
    outer loop
      vertex -19.2934 -14.1198 1.2
      vertex -20.8412 -19.8963 1.6
      vertex -20.8412 -19.8963 1.2
    endloop
  endfacet
  facet normal 0.573577 -0.819151 0
    outer loop
      vertex -19.2934 -14.1198 1.2
      vertex -3.97279 -3.39217 1.6
      vertex -19.2934 -14.1198 1.6
    endloop
  endfacet
  facet normal 0.573577 -0.819151 0
    outer loop
      vertex -3.97279 -3.39217 1.6
      vertex -19.2934 -14.1198 1.2
      vertex -3.97279 -3.39217 1.2
    endloop
  endfacet
  facet normal 0.766111 -0.642708 0
    outer loop
      vertex -3.97279 -3.39217 1.6
      vertex -3.80644 -3.19388 1.2
      vertex -3.80644 -3.19388 1.6
    endloop
  endfacet
  facet normal 0.766111 -0.642708 0
    outer loop
      vertex -3.80644 -3.19388 1.2
      vertex -3.97279 -3.39217 1.6
      vertex -3.97279 -3.39217 1.2
    endloop
  endfacet
  facet normal 0.984788 -0.173759 0
    outer loop
      vertex -3.80644 -3.19388 1.6
      vertex -3.76147 -2.93901 1.2
      vertex -3.76147 -2.93901 1.6
    endloop
  endfacet
  facet normal 0.984788 -0.173759 0
    outer loop
      vertex -3.76147 -2.93901 1.2
      vertex -3.80644 -3.19388 1.6
      vertex -3.80644 -3.19388 1.2
    endloop
  endfacet
  facet normal 0.939669 0.342084 0
    outer loop
      vertex -3.76147 -2.93901 1.6
      vertex -3.85001 -2.6958 1.2
      vertex -3.85001 -2.6958 1.6
    endloop
  endfacet
  facet normal 0.939669 0.342084 0
    outer loop
      vertex -3.85001 -2.6958 1.2
      vertex -3.76147 -2.93901 1.6
      vertex -3.76147 -2.93901 1.2
    endloop
  endfacet
  facet normal 0.64283 0.766009 -0
    outer loop
      vertex -3.85001 -2.6958 1.2
      vertex -4.04826 -2.52943 1.6
      vertex -3.85001 -2.6958 1.6
    endloop
  endfacet
  facet normal 0.64283 0.766009 0
    outer loop
      vertex -4.04826 -2.52943 1.6
      vertex -3.85001 -2.6958 1.2
      vertex -4.04826 -2.52943 1.2
    endloop
  endfacet
  facet normal 0.173596 0.984817 -0
    outer loop
      vertex -4.04826 -2.52943 1.2
      vertex -4.30315 -2.4845 1.6
      vertex -4.04826 -2.52943 1.6
    endloop
  endfacet
  facet normal 0.173596 0.984817 0
    outer loop
      vertex -4.30315 -2.4845 1.6
      vertex -4.04826 -2.52943 1.2
      vertex -4.30315 -2.4845 1.2
    endloop
  endfacet
  facet normal -0.34197 0.939711 0
    outer loop
      vertex -4.30315 -2.4845 1.2
      vertex -4.54637 -2.57301 1.6
      vertex -4.30315 -2.4845 1.6
    endloop
  endfacet
  facet normal -0.34197 0.939711 0
    outer loop
      vertex -4.54637 -2.57301 1.6
      vertex -4.30315 -2.4845 1.2
      vertex -4.54637 -2.57301 1.2
    endloop
  endfacet
  facet normal -0.573575 0.819153 0
    outer loop
      vertex -4.54637 -2.57301 1.2
      vertex -19.867 -13.3006 1.6
      vertex -4.54637 -2.57301 1.6
    endloop
  endfacet
  facet normal -0.573575 0.819153 0
    outer loop
      vertex -19.867 -13.3006 1.6
      vertex -4.54637 -2.57301 1.2
      vertex -19.867 -13.3006 1.2
    endloop
  endfacet
  facet normal 0.0871535 0.996195 -0
    outer loop
      vertex -19.867 -13.3006 1.2
      vertex -25.8245 -12.7794 1.6
      vertex -19.867 -13.3006 1.6
    endloop
  endfacet
  facet normal 0.0871535 0.996195 0
    outer loop
      vertex -25.8245 -12.7794 1.6
      vertex -19.867 -13.3006 1.2
      vertex -25.8245 -12.7794 1.2
    endloop
  endfacet
  facet normal -0.342325 0.939582 0
    outer loop
      vertex -25.8245 -12.7794 1.2
      vertex -26.0191 -12.8503 1.6
      vertex -25.8245 -12.7794 1.6
    endloop
  endfacet
  facet normal -0.342325 0.939582 0
    outer loop
      vertex -26.0191 -12.8503 1.6
      vertex -25.8245 -12.7794 1.2
      vertex -26.0191 -12.8503 1.2
    endloop
  endfacet
  facet normal -0.766238 0.642557 0
    outer loop
      vertex -26.1521 -13.0089 1.2
      vertex -26.0191 -12.8503 1.6
      vertex -26.0191 -12.8503 1.2
    endloop
  endfacet
  facet normal -0.766238 0.642557 0
    outer loop
      vertex -26.0191 -12.8503 1.6
      vertex -26.1521 -13.0089 1.2
      vertex -26.1521 -13.0089 1.6
    endloop
  endfacet
  facet normal -0.984769 0.173868 0
    outer loop
      vertex -26.1881 -13.2128 1.2
      vertex -26.1521 -13.0089 1.6
      vertex -26.1521 -13.0089 1.2
    endloop
  endfacet
  facet normal -0.984769 0.173868 0
    outer loop
      vertex -26.1521 -13.0089 1.6
      vertex -26.1881 -13.2128 1.2
      vertex -26.1881 -13.2128 1.6
    endloop
  endfacet
  facet normal -0.939681 -0.342053 0
    outer loop
      vertex -26.1173 -13.4073 1.2
      vertex -26.1881 -13.2128 1.6
      vertex -26.1881 -13.2128 1.2
    endloop
  endfacet
  facet normal -0.939681 -0.342053 0
    outer loop
      vertex -26.1881 -13.2128 1.6
      vertex -26.1173 -13.4073 1.2
      vertex -26.1173 -13.4073 1.6
    endloop
  endfacet
  facet normal -0.642841 -0.766 0
    outer loop
      vertex -26.1173 -13.4073 1.2
      vertex -25.9587 -13.5404 1.6
      vertex -26.1173 -13.4073 1.6
    endloop
  endfacet
  facet normal -0.642841 -0.766 -0
    outer loop
      vertex -25.9587 -13.5404 1.6
      vertex -26.1173 -13.4073 1.2
      vertex -25.9587 -13.5404 1.2
    endloop
  endfacet
  facet normal -0.173868 -0.984769 0
    outer loop
      vertex -25.9587 -13.5404 1.2
      vertex -25.7548 -13.5764 1.6
      vertex -25.9587 -13.5404 1.6
    endloop
  endfacet
  facet normal -0.173868 -0.984769 -0
    outer loop
      vertex -25.7548 -13.5764 1.6
      vertex -25.9587 -13.5404 1.2
      vertex -25.7548 -13.5764 1.2
    endloop
  endfacet
  facet normal -0.0871401 -0.996196 0
    outer loop
      vertex -25.7548 -13.5764 1.2
      vertex -20.871 -14.0036 1.6
      vertex -25.7548 -13.5764 1.6
    endloop
  endfacet
  facet normal -0.0871401 -0.996196 -0
    outer loop
      vertex -20.871 -14.0036 1.6
      vertex -25.7548 -13.5764 1.2
      vertex -20.871 -14.0036 1.2
    endloop
  endfacet
  facet normal -0.573578 0.819151 0
    outer loop
      vertex -20.871 -14.0036 1.2
      vertex -26.9209 -18.2398 1.6
      vertex -20.871 -14.0036 1.6
    endloop
  endfacet
  facet normal -0.573578 0.819151 0
    outer loop
      vertex -26.9209 -18.2398 1.6
      vertex -20.871 -14.0036 1.2
      vertex -26.9209 -18.2398 1.2
    endloop
  endfacet
  facet normal 0.0871535 0.996195 -0
    outer loop
      vertex -26.9209 -18.2398 1.2
      vertex -32.8784 -17.7186 1.6
      vertex -26.9209 -18.2398 1.6
    endloop
  endfacet
  facet normal 0.0871535 0.996195 0
    outer loop
      vertex -32.8784 -17.7186 1.6
      vertex -26.9209 -18.2398 1.2
      vertex -32.8784 -17.7186 1.2
    endloop
  endfacet
  facet normal -0.341898 0.939737 0
    outer loop
      vertex -32.8784 -17.7186 1.2
      vertex -33.073 -17.7894 1.6
      vertex -32.8784 -17.7186 1.6
    endloop
  endfacet
  facet normal -0.341898 0.939737 0
    outer loop
      vertex -33.073 -17.7894 1.6
      vertex -32.8784 -17.7186 1.2
      vertex -33.073 -17.7894 1.2
    endloop
  endfacet
  facet normal -0.766238 0.642557 0
    outer loop
      vertex -33.206 -17.948 1.2
      vertex -33.073 -17.7894 1.6
      vertex -33.073 -17.7894 1.2
    endloop
  endfacet
  facet normal -0.766238 0.642557 0
    outer loop
      vertex -33.073 -17.7894 1.6
      vertex -33.206 -17.948 1.2
      vertex -33.206 -17.948 1.6
    endloop
  endfacet
  facet normal -0.984769 0.173868 0
    outer loop
      vertex -33.242 -18.1519 1.2
      vertex -33.206 -17.948 1.6
      vertex -33.206 -17.948 1.2
    endloop
  endfacet
  facet normal -0.984769 0.173868 0
    outer loop
      vertex -33.206 -17.948 1.6
      vertex -33.242 -18.1519 1.2
      vertex -33.242 -18.1519 1.6
    endloop
  endfacet
  facet normal -0.939737 -0.341898 0
    outer loop
      vertex -33.1712 -18.3465 1.2
      vertex -33.242 -18.1519 1.6
      vertex -33.242 -18.1519 1.2
    endloop
  endfacet
  facet normal -0.939737 -0.341898 0
    outer loop
      vertex -33.242 -18.1519 1.6
      vertex -33.1712 -18.3465 1.2
      vertex -33.1712 -18.3465 1.6
    endloop
  endfacet
  facet normal -0.642841 -0.766 0
    outer loop
      vertex -33.1712 -18.3465 1.2
      vertex -33.0126 -18.4796 1.6
      vertex -33.1712 -18.3465 1.6
    endloop
  endfacet
  facet normal -0.642841 -0.766 -0
    outer loop
      vertex -33.0126 -18.4796 1.6
      vertex -33.1712 -18.3465 1.2
      vertex -33.0126 -18.4796 1.2
    endloop
  endfacet
  facet normal -0.173868 -0.984769 0
    outer loop
      vertex -33.0126 -18.4796 1.2
      vertex -32.8087 -18.5156 1.6
      vertex -33.0126 -18.4796 1.6
    endloop
  endfacet
  facet normal -0.173868 -0.984769 -0
    outer loop
      vertex -32.8087 -18.5156 1.6
      vertex -33.0126 -18.4796 1.2
      vertex -32.8087 -18.5156 1.2
    endloop
  endfacet
  facet normal -0.0871401 -0.996196 0
    outer loop
      vertex -32.8087 -18.5156 1.2
      vertex -27.9249 -18.9428 1.6
      vertex -32.8087 -18.5156 1.6
    endloop
  endfacet
  facet normal -0.0871401 -0.996196 -0
    outer loop
      vertex -27.9249 -18.9428 1.6
      vertex -32.8087 -18.5156 1.2
      vertex -27.9249 -18.9428 1.2
    endloop
  endfacet
  facet normal -0.573577 0.819152 0
    outer loop
      vertex -27.9249 -18.9428 1.2
      vertex -35.5562 -24.2863 1.6
      vertex -27.9249 -18.9428 1.6
    endloop
  endfacet
  facet normal -0.573577 0.819152 0
    outer loop
      vertex -35.5562 -24.2863 1.6
      vertex -27.9249 -18.9428 1.2
      vertex -35.5562 -24.2863 1.2
    endloop
  endfacet
  facet normal -0.766222 0.642576 0
    outer loop
      vertex -35.7225 -24.4846 1.2
      vertex -35.5562 -24.2863 1.6
      vertex -35.5562 -24.2863 1.2
    endloop
  endfacet
  facet normal -0.766222 0.642576 0
    outer loop
      vertex -35.5562 -24.2863 1.6
      vertex -35.7225 -24.4846 1.2
      vertex -35.7225 -24.4846 1.6
    endloop
  endfacet
  facet normal -0.984772 0.173851 0
    outer loop
      vertex -35.7675 -24.7395 1.2
      vertex -35.7225 -24.4846 1.6
      vertex -35.7225 -24.4846 1.2
    endloop
  endfacet
  facet normal -0.984772 0.173851 0
    outer loop
      vertex -35.7225 -24.4846 1.6
      vertex -35.7675 -24.7395 1.2
      vertex -35.7675 -24.7395 1.6
    endloop
  endfacet
  facet normal -0.939714 -0.34196 0
    outer loop
      vertex -35.679 -24.9827 1.2
      vertex -35.7675 -24.7395 1.6
      vertex -35.7675 -24.7395 1.2
    endloop
  endfacet
  facet normal -0.939714 -0.34196 0
    outer loop
      vertex -35.7675 -24.7395 1.6
      vertex -35.679 -24.9827 1.2
      vertex -35.679 -24.9827 1.6
    endloop
  endfacet
  facet normal -0.642576 -0.766222 0
    outer loop
      vertex -35.679 -24.9827 1.2
      vertex -35.4807 -25.149 1.6
      vertex -35.679 -24.9827 1.6
    endloop
  endfacet
  facet normal -0.642576 -0.766222 -0
    outer loop
      vertex -35.4807 -25.149 1.6
      vertex -35.679 -24.9827 1.2
      vertex -35.4807 -25.149 1.2
    endloop
  endfacet
  facet normal -0.173851 -0.984772 0
    outer loop
      vertex -35.4807 -25.149 1.2
      vertex -35.2258 -25.194 1.6
      vertex -35.4807 -25.149 1.6
    endloop
  endfacet
  facet normal -0.173851 -0.984772 -0
    outer loop
      vertex -35.2258 -25.194 1.6
      vertex -35.4807 -25.149 1.2
      vertex -35.2258 -25.194 1.2
    endloop
  endfacet
  facet normal 0.34196 -0.939714 0
    outer loop
      vertex -35.2258 -25.194 1.2
      vertex -34.9826 -25.1055 1.6
      vertex -35.2258 -25.194 1.6
    endloop
  endfacet
  facet normal 0.34196 -0.939714 0
    outer loop
      vertex -34.9826 -25.1055 1.6
      vertex -35.2258 -25.194 1.2
      vertex -34.9826 -25.1055 1.2
    endloop
  endfacet
  facet normal 0.642576 -0.766222 0
    outer loop
      vertex 35.4807 -25.149 1.2
      vertex 35.679 -24.9827 1.6
      vertex 35.4807 -25.149 1.6
    endloop
  endfacet
  facet normal 0.642576 -0.766222 0
    outer loop
      vertex 35.679 -24.9827 1.6
      vertex 35.4807 -25.149 1.2
      vertex 35.679 -24.9827 1.2
    endloop
  endfacet
  facet normal 0.939714 -0.34196 0
    outer loop
      vertex 35.679 -24.9827 1.6
      vertex 35.7675 -24.7395 1.2
      vertex 35.7675 -24.7395 1.6
    endloop
  endfacet
  facet normal 0.939714 -0.34196 0
    outer loop
      vertex 35.7675 -24.7395 1.2
      vertex 35.679 -24.9827 1.6
      vertex 35.679 -24.9827 1.2
    endloop
  endfacet
  facet normal 0.984772 0.173851 0
    outer loop
      vertex 35.7675 -24.7395 1.6
      vertex 35.7225 -24.4846 1.2
      vertex 35.7225 -24.4846 1.6
    endloop
  endfacet
  facet normal 0.984772 0.173851 0
    outer loop
      vertex 35.7225 -24.4846 1.2
      vertex 35.7675 -24.7395 1.6
      vertex 35.7675 -24.7395 1.2
    endloop
  endfacet
  facet normal 0.766222 0.642576 0
    outer loop
      vertex 35.7225 -24.4846 1.6
      vertex 35.5562 -24.2863 1.2
      vertex 35.5562 -24.2863 1.6
    endloop
  endfacet
  facet normal 0.766222 0.642576 0
    outer loop
      vertex 35.5562 -24.2863 1.2
      vertex 35.7225 -24.4846 1.6
      vertex 35.7225 -24.4846 1.2
    endloop
  endfacet
  facet normal 0.573577 0.819152 -0
    outer loop
      vertex 35.5562 -24.2863 1.2
      vertex 27.9249 -18.9428 1.6
      vertex 35.5562 -24.2863 1.6
    endloop
  endfacet
  facet normal 0.573577 0.819152 0
    outer loop
      vertex 27.9249 -18.9428 1.6
      vertex 35.5562 -24.2863 1.2
      vertex 27.9249 -18.9428 1.2
    endloop
  endfacet
  facet normal 0.0871401 -0.996196 0
    outer loop
      vertex 27.9249 -18.9428 1.2
      vertex 32.8087 -18.5156 1.6
      vertex 27.9249 -18.9428 1.6
    endloop
  endfacet
  facet normal 0.0871401 -0.996196 0
    outer loop
      vertex 32.8087 -18.5156 1.6
      vertex 27.9249 -18.9428 1.2
      vertex 32.8087 -18.5156 1.2
    endloop
  endfacet
  facet normal 0.173868 -0.984769 0
    outer loop
      vertex 32.8087 -18.5156 1.2
      vertex 33.0126 -18.4796 1.6
      vertex 32.8087 -18.5156 1.6
    endloop
  endfacet
  facet normal 0.173868 -0.984769 0
    outer loop
      vertex 33.0126 -18.4796 1.6
      vertex 32.8087 -18.5156 1.2
      vertex 33.0126 -18.4796 1.2
    endloop
  endfacet
  facet normal 0.642841 -0.766 0
    outer loop
      vertex 33.0126 -18.4796 1.2
      vertex 33.1712 -18.3465 1.6
      vertex 33.0126 -18.4796 1.6
    endloop
  endfacet
  facet normal 0.642841 -0.766 0
    outer loop
      vertex 33.1712 -18.3465 1.6
      vertex 33.0126 -18.4796 1.2
      vertex 33.1712 -18.3465 1.2
    endloop
  endfacet
  facet normal 0.939737 -0.341898 0
    outer loop
      vertex 33.1712 -18.3465 1.6
      vertex 33.242 -18.1519 1.2
      vertex 33.242 -18.1519 1.6
    endloop
  endfacet
  facet normal 0.939737 -0.341898 0
    outer loop
      vertex 33.242 -18.1519 1.2
      vertex 33.1712 -18.3465 1.6
      vertex 33.1712 -18.3465 1.2
    endloop
  endfacet
  facet normal 0.984769 0.173868 0
    outer loop
      vertex 33.242 -18.1519 1.6
      vertex 33.206 -17.948 1.2
      vertex 33.206 -17.948 1.6
    endloop
  endfacet
  facet normal 0.984769 0.173868 0
    outer loop
      vertex 33.206 -17.948 1.2
      vertex 33.242 -18.1519 1.6
      vertex 33.242 -18.1519 1.2
    endloop
  endfacet
  facet normal 0.766238 0.642557 0
    outer loop
      vertex 33.206 -17.948 1.6
      vertex 33.073 -17.7894 1.2
      vertex 33.073 -17.7894 1.6
    endloop
  endfacet
  facet normal 0.766238 0.642557 0
    outer loop
      vertex 33.073 -17.7894 1.2
      vertex 33.206 -17.948 1.6
      vertex 33.206 -17.948 1.2
    endloop
  endfacet
  facet normal 0.341898 0.939737 -0
    outer loop
      vertex 33.073 -17.7894 1.2
      vertex 32.8784 -17.7186 1.6
      vertex 33.073 -17.7894 1.6
    endloop
  endfacet
  facet normal 0.341898 0.939737 0
    outer loop
      vertex 32.8784 -17.7186 1.6
      vertex 33.073 -17.7894 1.2
      vertex 32.8784 -17.7186 1.2
    endloop
  endfacet
  facet normal -0.0871535 0.996195 0
    outer loop
      vertex 32.8784 -17.7186 1.2
      vertex 26.9209 -18.2398 1.6
      vertex 32.8784 -17.7186 1.6
    endloop
  endfacet
  facet normal -0.0871535 0.996195 0
    outer loop
      vertex 26.9209 -18.2398 1.6
      vertex 32.8784 -17.7186 1.2
      vertex 26.9209 -18.2398 1.2
    endloop
  endfacet
  facet normal 0.573578 0.819151 -0
    outer loop
      vertex 26.9209 -18.2398 1.2
      vertex 20.871 -14.0036 1.6
      vertex 26.9209 -18.2398 1.6
    endloop
  endfacet
  facet normal 0.573578 0.819151 0
    outer loop
      vertex 20.871 -14.0036 1.6
      vertex 26.9209 -18.2398 1.2
      vertex 20.871 -14.0036 1.2
    endloop
  endfacet
  facet normal 0.0871401 -0.996196 0
    outer loop
      vertex 20.871 -14.0036 1.2
      vertex 25.7548 -13.5764 1.6
      vertex 20.871 -14.0036 1.6
    endloop
  endfacet
  facet normal 0.0871401 -0.996196 0
    outer loop
      vertex 25.7548 -13.5764 1.6
      vertex 20.871 -14.0036 1.2
      vertex 25.7548 -13.5764 1.2
    endloop
  endfacet
  facet normal 0.173868 -0.984769 0
    outer loop
      vertex 25.7548 -13.5764 1.2
      vertex 25.9587 -13.5404 1.6
      vertex 25.7548 -13.5764 1.6
    endloop
  endfacet
  facet normal 0.173868 -0.984769 0
    outer loop
      vertex 25.9587 -13.5404 1.6
      vertex 25.7548 -13.5764 1.2
      vertex 25.9587 -13.5404 1.2
    endloop
  endfacet
  facet normal 0.642841 -0.766 0
    outer loop
      vertex 25.9587 -13.5404 1.2
      vertex 26.1173 -13.4073 1.6
      vertex 25.9587 -13.5404 1.6
    endloop
  endfacet
  facet normal 0.642841 -0.766 0
    outer loop
      vertex 26.1173 -13.4073 1.6
      vertex 25.9587 -13.5404 1.2
      vertex 26.1173 -13.4073 1.2
    endloop
  endfacet
  facet normal 0.939681 -0.342053 0
    outer loop
      vertex 26.1173 -13.4073 1.6
      vertex 26.1881 -13.2128 1.2
      vertex 26.1881 -13.2128 1.6
    endloop
  endfacet
  facet normal 0.939681 -0.342053 0
    outer loop
      vertex 26.1881 -13.2128 1.2
      vertex 26.1173 -13.4073 1.6
      vertex 26.1173 -13.4073 1.2
    endloop
  endfacet
  facet normal 0.984769 0.173868 0
    outer loop
      vertex 26.1881 -13.2128 1.6
      vertex 26.1521 -13.0089 1.2
      vertex 26.1521 -13.0089 1.6
    endloop
  endfacet
  facet normal 0.984769 0.173868 0
    outer loop
      vertex 26.1521 -13.0089 1.2
      vertex 26.1881 -13.2128 1.6
      vertex 26.1881 -13.2128 1.2
    endloop
  endfacet
  facet normal 0.766238 0.642557 0
    outer loop
      vertex 26.1521 -13.0089 1.6
      vertex 26.0191 -12.8503 1.2
      vertex 26.0191 -12.8503 1.6
    endloop
  endfacet
  facet normal 0.766238 0.642557 0
    outer loop
      vertex 26.0191 -12.8503 1.2
      vertex 26.1521 -13.0089 1.6
      vertex 26.1521 -13.0089 1.2
    endloop
  endfacet
  facet normal 0.342325 0.939582 -0
    outer loop
      vertex 26.0191 -12.8503 1.2
      vertex 25.8245 -12.7794 1.6
      vertex 26.0191 -12.8503 1.6
    endloop
  endfacet
  facet normal 0.342325 0.939582 0
    outer loop
      vertex 25.8245 -12.7794 1.6
      vertex 26.0191 -12.8503 1.2
      vertex 25.8245 -12.7794 1.2
    endloop
  endfacet
  facet normal -0.0871535 0.996195 0
    outer loop
      vertex 25.8245 -12.7794 1.2
      vertex 19.867 -13.3006 1.6
      vertex 25.8245 -12.7794 1.6
    endloop
  endfacet
  facet normal -0.0871535 0.996195 0
    outer loop
      vertex 19.867 -13.3006 1.6
      vertex 25.8245 -12.7794 1.2
      vertex 19.867 -13.3006 1.2
    endloop
  endfacet
  facet normal 0.573575 0.819153 -0
    outer loop
      vertex 19.867 -13.3006 1.2
      vertex 4.54637 -2.57301 1.6
      vertex 19.867 -13.3006 1.6
    endloop
  endfacet
  facet normal 0.573575 0.819153 0
    outer loop
      vertex 4.54637 -2.57301 1.6
      vertex 19.867 -13.3006 1.2
      vertex 4.54637 -2.57301 1.2
    endloop
  endfacet
  facet normal 0.34197 0.939711 -0
    outer loop
      vertex 4.54637 -2.57301 1.2
      vertex 4.30315 -2.4845 1.6
      vertex 4.54637 -2.57301 1.6
    endloop
  endfacet
  facet normal 0.34197 0.939711 0
    outer loop
      vertex 4.30315 -2.4845 1.6
      vertex 4.54637 -2.57301 1.2
      vertex 4.30315 -2.4845 1.2
    endloop
  endfacet
  facet normal -0.173596 0.984817 0
    outer loop
      vertex 4.30315 -2.4845 1.2
      vertex 4.04826 -2.52943 1.6
      vertex 4.30315 -2.4845 1.6
    endloop
  endfacet
  facet normal -0.173596 0.984817 0
    outer loop
      vertex 4.04826 -2.52943 1.6
      vertex 4.30315 -2.4845 1.2
      vertex 4.04826 -2.52943 1.2
    endloop
  endfacet
  facet normal -0.64283 0.766009 0
    outer loop
      vertex 4.04826 -2.52943 1.2
      vertex 3.85001 -2.6958 1.6
      vertex 4.04826 -2.52943 1.6
    endloop
  endfacet
  facet normal -0.64283 0.766009 0
    outer loop
      vertex 3.85001 -2.6958 1.6
      vertex 4.04826 -2.52943 1.2
      vertex 3.85001 -2.6958 1.2
    endloop
  endfacet
  facet normal -0.939669 0.342084 0
    outer loop
      vertex 3.76147 -2.93901 1.2
      vertex 3.85001 -2.6958 1.6
      vertex 3.85001 -2.6958 1.2
    endloop
  endfacet
  facet normal -0.939669 0.342084 0
    outer loop
      vertex 3.85001 -2.6958 1.6
      vertex 3.76147 -2.93901 1.2
      vertex 3.76147 -2.93901 1.6
    endloop
  endfacet
  facet normal -0.984788 -0.173759 0
    outer loop
      vertex 3.80644 -3.19388 1.2
      vertex 3.76147 -2.93901 1.6
      vertex 3.76147 -2.93901 1.2
    endloop
  endfacet
  facet normal -0.984788 -0.173759 0
    outer loop
      vertex 3.76147 -2.93901 1.6
      vertex 3.80644 -3.19388 1.2
      vertex 3.80644 -3.19388 1.6
    endloop
  endfacet
  facet normal -0.766111 -0.642708 0
    outer loop
      vertex 3.97279 -3.39217 1.2
      vertex 3.80644 -3.19388 1.6
      vertex 3.80644 -3.19388 1.2
    endloop
  endfacet
  facet normal -0.766111 -0.642708 0
    outer loop
      vertex 3.80644 -3.19388 1.6
      vertex 3.97279 -3.39217 1.2
      vertex 3.97279 -3.39217 1.6
    endloop
  endfacet
  facet normal -0.573577 -0.819151 0
    outer loop
      vertex 3.97279 -3.39217 1.2
      vertex 19.2934 -14.1198 1.6
      vertex 3.97279 -3.39217 1.6
    endloop
  endfacet
  facet normal -0.573577 -0.819151 -0
    outer loop
      vertex 19.2934 -14.1198 1.6
      vertex 3.97279 -3.39217 1.2
      vertex 19.2934 -14.1198 1.2
    endloop
  endfacet
  facet normal -0.965926 -0.258818 0
    outer loop
      vertex 20.8412 -19.8963 1.2
      vertex 19.2934 -14.1198 1.6
      vertex 19.2934 -14.1198 1.2
    endloop
  endfacet
  facet normal -0.965926 -0.258818 0
    outer loop
      vertex 19.2934 -14.1198 1.6
      vertex 20.8412 -19.8963 1.2
      vertex 20.8412 -19.8963 1.6
    endloop
  endfacet
  facet normal -0.766 -0.642841 0
    outer loop
      vertex 20.9743 -20.0549 1.2
      vertex 20.8412 -19.8963 1.6
      vertex 20.8412 -19.8963 1.2
    endloop
  endfacet
  facet normal -0.766 -0.642841 0
    outer loop
      vertex 20.8412 -19.8963 1.6
      vertex 20.9743 -20.0549 1.2
      vertex 20.9743 -20.0549 1.6
    endloop
  endfacet
  facet normal -0.341898 -0.939737 0
    outer loop
      vertex 20.9743 -20.0549 1.2
      vertex 21.1689 -20.1257 1.6
      vertex 20.9743 -20.0549 1.6
    endloop
  endfacet
  facet normal -0.341898 -0.939737 -0
    outer loop
      vertex 21.1689 -20.1257 1.6
      vertex 20.9743 -20.0549 1.2
      vertex 21.1689 -20.1257 1.2
    endloop
  endfacet
  facet normal 0.173868 -0.984769 0
    outer loop
      vertex 21.1689 -20.1257 1.2
      vertex 21.3728 -20.0897 1.6
      vertex 21.1689 -20.1257 1.6
    endloop
  endfacet
  facet normal 0.173868 -0.984769 0
    outer loop
      vertex 21.3728 -20.0897 1.6
      vertex 21.1689 -20.1257 1.2
      vertex 21.3728 -20.0897 1.2
    endloop
  endfacet
  facet normal 0.642841 -0.766 0
    outer loop
      vertex 21.3728 -20.0897 1.2
      vertex 21.5314 -19.9566 1.6
      vertex 21.3728 -20.0897 1.6
    endloop
  endfacet
  facet normal 0.642841 -0.766 0
    outer loop
      vertex 21.5314 -19.9566 1.6
      vertex 21.3728 -20.0897 1.2
      vertex 21.5314 -19.9566 1.2
    endloop
  endfacet
  facet normal 0.939681 -0.342053 0
    outer loop
      vertex 21.5314 -19.9566 1.6
      vertex 21.6022 -19.7621 1.2
      vertex 21.6022 -19.7621 1.6
    endloop
  endfacet
  facet normal 0.939681 -0.342053 0
    outer loop
      vertex 21.6022 -19.7621 1.2
      vertex 21.5314 -19.9566 1.6
      vertex 21.5314 -19.9566 1.2
    endloop
  endfacet
  facet normal 0.984852 0.1734 0
    outer loop
      vertex 21.6022 -19.7621 1.6
      vertex 21.5663 -19.5582 1.2
      vertex 21.5663 -19.5582 1.6
    endloop
  endfacet
  facet normal 0.984852 0.1734 0
    outer loop
      vertex 21.5663 -19.5582 1.2
      vertex 21.6022 -19.7621 1.6
      vertex 21.6022 -19.7621 1.2
    endloop
  endfacet
  facet normal 0.965923 0.258829 0
    outer loop
      vertex 21.5663 -19.5582 1.6
      vertex 20.2974 -14.8228 1.2
      vertex 20.2974 -14.8228 1.6
    endloop
  endfacet
  facet normal 0.965923 0.258829 0
    outer loop
      vertex 20.2974 -14.8228 1.2
      vertex 21.5663 -19.5582 1.6
      vertex 21.5663 -19.5582 1.2
    endloop
  endfacet
  facet normal -0.573578 -0.819151 0
    outer loop
      vertex 20.2974 -14.8228 1.2
      vertex 26.3473 -19.059 1.6
      vertex 20.2974 -14.8228 1.6
    endloop
  endfacet
  facet normal -0.573578 -0.819151 -0
    outer loop
      vertex 26.3473 -19.059 1.6
      vertex 20.2974 -14.8228 1.2
      vertex 26.3473 -19.059 1.2
    endloop
  endfacet
  facet normal -0.965925 -0.258822 0
    outer loop
      vertex 27.8951 -24.8354 1.2
      vertex 26.3473 -19.059 1.6
      vertex 26.3473 -19.059 1.2
    endloop
  endfacet
  facet normal -0.965925 -0.258822 0
    outer loop
      vertex 26.3473 -19.059 1.6
      vertex 27.8951 -24.8354 1.2
      vertex 27.8951 -24.8354 1.6
    endloop
  endfacet
  facet normal -0.766199 -0.642603 0
    outer loop
      vertex 28.0282 -24.9941 1.2
      vertex 27.8951 -24.8354 1.6
      vertex 27.8951 -24.8354 1.2
    endloop
  endfacet
  facet normal -0.766199 -0.642603 0
    outer loop
      vertex 27.8951 -24.8354 1.6
      vertex 28.0282 -24.9941 1.2
      vertex 28.0282 -24.9941 1.6
    endloop
  endfacet
  facet normal -0.341898 -0.939737 0
    outer loop
      vertex 28.0282 -24.9941 1.2
      vertex 28.2228 -25.0649 1.6
      vertex 28.0282 -24.9941 1.6
    endloop
  endfacet
  facet normal -0.341898 -0.939737 -0
    outer loop
      vertex 28.2228 -25.0649 1.6
      vertex 28.0282 -24.9941 1.2
      vertex 28.2228 -25.0649 1.2
    endloop
  endfacet
  facet normal 0.173868 -0.984769 0
    outer loop
      vertex 28.2228 -25.0649 1.2
      vertex 28.4267 -25.0289 1.6
      vertex 28.2228 -25.0649 1.6
    endloop
  endfacet
  facet normal 0.173868 -0.984769 0
    outer loop
      vertex 28.4267 -25.0289 1.6
      vertex 28.2228 -25.0649 1.2
      vertex 28.4267 -25.0289 1.2
    endloop
  endfacet
  facet normal 0.642841 -0.766 0
    outer loop
      vertex 28.4267 -25.0289 1.2
      vertex 28.5853 -24.8958 1.6
      vertex 28.4267 -25.0289 1.6
    endloop
  endfacet
  facet normal 0.642841 -0.766 0
    outer loop
      vertex 28.5853 -24.8958 1.6
      vertex 28.4267 -25.0289 1.2
      vertex 28.5853 -24.8958 1.2
    endloop
  endfacet
  facet normal 0.939681 -0.342053 0
    outer loop
      vertex 28.5853 -24.8958 1.6
      vertex 28.6561 -24.7013 1.2
      vertex 28.6561 -24.7013 1.6
    endloop
  endfacet
  facet normal 0.939681 -0.342053 0
    outer loop
      vertex 28.6561 -24.7013 1.2
      vertex 28.5853 -24.8958 1.6
      vertex 28.5853 -24.8958 1.2
    endloop
  endfacet
  facet normal 0.984866 0.173317 0
    outer loop
      vertex 28.6561 -24.7013 1.6
      vertex 28.6202 -24.4973 1.2
      vertex 28.6202 -24.4973 1.6
    endloop
  endfacet
  facet normal 0.984866 0.173317 0
    outer loop
      vertex 28.6202 -24.4973 1.2
      vertex 28.6561 -24.7013 1.6
      vertex 28.6561 -24.7013 1.2
    endloop
  endfacet
  facet normal 0.965922 0.258834 0
    outer loop
      vertex 28.6202 -24.4973 1.6
      vertex 27.3513 -19.762 1.2
      vertex 27.3513 -19.762 1.6
    endloop
  endfacet
  facet normal 0.965922 0.258834 0
    outer loop
      vertex 27.3513 -19.762 1.2
      vertex 28.6202 -24.4973 1.6
      vertex 28.6202 -24.4973 1.2
    endloop
  endfacet
  facet normal -0.573577 -0.819152 0
    outer loop
      vertex 27.3513 -19.762 1.2
      vertex 34.9826 -25.1055 1.6
      vertex 27.3513 -19.762 1.6
    endloop
  endfacet
  facet normal -0.573577 -0.819152 -0
    outer loop
      vertex 34.9826 -25.1055 1.6
      vertex 27.3513 -19.762 1.2
      vertex 34.9826 -25.1055 1.2
    endloop
  endfacet
  facet normal -0.34196 -0.939714 0
    outer loop
      vertex 34.9826 -25.1055 1.2
      vertex 35.2258 -25.194 1.6
      vertex 34.9826 -25.1055 1.6
    endloop
  endfacet
  facet normal -0.34196 -0.939714 -0
    outer loop
      vertex 35.2258 -25.194 1.6
      vertex 34.9826 -25.1055 1.2
      vertex 35.2258 -25.194 1.2
    endloop
  endfacet
  facet normal 0.173851 -0.984772 0
    outer loop
      vertex 35.2258 -25.194 1.2
      vertex 35.4807 -25.149 1.6
      vertex 35.2258 -25.194 1.6
    endloop
  endfacet
  facet normal 0.173851 -0.984772 0
    outer loop
      vertex 35.4807 -25.149 1.6
      vertex 35.2258 -25.194 1.2
      vertex 35.4807 -25.149 1.2
    endloop
  endfacet
  facet normal 0.707109 -0.707105 0
    outer loop
      vertex 0.25 -47.233 1.6
      vertex 0.432999 -47.05 1.2
      vertex 0.432999 -47.05 1.6
    endloop
  endfacet
  facet normal 0.707109 -0.707105 0
    outer loop
      vertex 0.432999 -47.05 1.2
      vertex 0.25 -47.233 1.6
      vertex 0.25 -47.233 1.2
    endloop
  endfacet
  facet normal 0.965913 -0.258868 0
    outer loop
      vertex 0.432999 -47.05 1.6
      vertex 0.5 -46.8 1.2
      vertex 0.5 -46.8 1.6
    endloop
  endfacet
  facet normal 0.965913 -0.258868 0
    outer loop
      vertex 0.5 -46.8 1.2
      vertex 0.432999 -47.05 1.6
      vertex 0.432999 -47.05 1.2
    endloop
  endfacet
  facet normal 1 -0 0
    outer loop
      vertex 0.5 -46.8 1.6
      vertex 0.5 -36.5687 1.2
      vertex 0.5 -36.5687 1.6
    endloop
  endfacet
  facet normal 1 0 0
    outer loop
      vertex 0.5 -36.5687 1.2
      vertex 0.5 -46.8 1.6
      vertex 0.5 -46.8 1.2
    endloop
  endfacet
  facet normal -0.766041 -0.642792 0
    outer loop
      vertex 3.99883 -40.7384 1.2
      vertex 0.5 -36.5687 1.6
      vertex 0.5 -36.5687 1.2
    endloop
  endfacet
  facet normal -0.766041 -0.642792 0
    outer loop
      vertex 0.5 -36.5687 1.6
      vertex 3.99883 -40.7384 1.2
      vertex 3.99883 -40.7384 1.6
    endloop
  endfacet
  facet normal -0.707348 -0.706865 0
    outer loop
      vertex 4.14523 -40.8849 1.2
      vertex 3.99883 -40.7384 1.6
      vertex 3.99883 -40.7384 1.2
    endloop
  endfacet
  facet normal -0.707348 -0.706865 0
    outer loop
      vertex 3.99883 -40.7384 1.6
      vertex 4.14523 -40.8849 1.2
      vertex 4.14523 -40.8849 1.6
    endloop
  endfacet
  facet normal -0.258414 -0.966034 0
    outer loop
      vertex 4.14523 -40.8849 1.2
      vertex 4.34523 -40.9384 1.6
      vertex 4.14523 -40.8849 1.6
    endloop
  endfacet
  facet normal -0.258414 -0.966034 -0
    outer loop
      vertex 4.34523 -40.9384 1.6
      vertex 4.14523 -40.8849 1.2
      vertex 4.34523 -40.9384 1.2
    endloop
  endfacet
  facet normal 0.258402 -0.966037 0
    outer loop
      vertex 4.34523 -40.9384 1.2
      vertex 4.54524 -40.8849 1.6
      vertex 4.34523 -40.9384 1.6
    endloop
  endfacet
  facet normal 0.258402 -0.966037 0
    outer loop
      vertex 4.54524 -40.8849 1.6
      vertex 4.34523 -40.9384 1.2
      vertex 4.54524 -40.8849 1.2
    endloop
  endfacet
  facet normal 0.707324 -0.706889 0
    outer loop
      vertex 4.54524 -40.8849 1.6
      vertex 4.69165 -40.7384 1.2
      vertex 4.69165 -40.7384 1.6
    endloop
  endfacet
  facet normal 0.707324 -0.706889 0
    outer loop
      vertex 4.69165 -40.7384 1.2
      vertex 4.54524 -40.8849 1.6
      vertex 4.54524 -40.8849 1.2
    endloop
  endfacet
  facet normal 0.965893 -0.258941 0
    outer loop
      vertex 4.69165 -40.7384 1.6
      vertex 4.74524 -40.5385 1.2
      vertex 4.74524 -40.5385 1.6
    endloop
  endfacet
  facet normal 0.965893 -0.258941 0
    outer loop
      vertex 4.74524 -40.5385 1.2
      vertex 4.69165 -40.7384 1.6
      vertex 4.69165 -40.7384 1.2
    endloop
  endfacet
  facet normal 0.965926 0.25882 0
    outer loop
      vertex 4.74524 -40.5385 1.6
      vertex 4.69165 -40.3385 1.2
      vertex 4.69165 -40.3385 1.6
    endloop
  endfacet
  facet normal 0.965926 0.25882 0
    outer loop
      vertex 4.69165 -40.3385 1.2
      vertex 4.74524 -40.5385 1.6
      vertex 4.74524 -40.5385 1.2
    endloop
  endfacet
  facet normal 0.76605 0.642781 0
    outer loop
      vertex 4.69165 -40.3385 1.6
      vertex 0.5 -35.343 1.2
      vertex 0.5 -35.343 1.6
    endloop
  endfacet
  facet normal 0.76605 0.642781 0
    outer loop
      vertex 0.5 -35.343 1.2
      vertex 4.69165 -40.3385 1.6
      vertex 4.69165 -40.3385 1.2
    endloop
  endfacet
  facet normal 1 -0 0
    outer loop
      vertex 0.5 -35.343 1.6
      vertex 0.5 -27.2087 1.2
      vertex 0.5 -27.2087 1.6
    endloop
  endfacet
  facet normal 1 0 0
    outer loop
      vertex 0.5 -27.2087 1.2
      vertex 0.5 -35.343 1.6
      vertex 0.5 -35.343 1.2
    endloop
  endfacet
  facet normal -0.766041 -0.642792 0
    outer loop
      vertex 3.99883 -31.3784 1.2
      vertex 0.5 -27.2087 1.6
      vertex 0.5 -27.2087 1.2
    endloop
  endfacet
  facet normal -0.766041 -0.642792 0
    outer loop
      vertex 0.5 -27.2087 1.6
      vertex 3.99883 -31.3784 1.2
      vertex 3.99883 -31.3784 1.6
    endloop
  endfacet
  facet normal -0.707348 -0.706865 0
    outer loop
      vertex 4.14523 -31.5249 1.2
      vertex 3.99883 -31.3784 1.6
      vertex 3.99883 -31.3784 1.2
    endloop
  endfacet
  facet normal -0.707348 -0.706865 0
    outer loop
      vertex 3.99883 -31.3784 1.6
      vertex 4.14523 -31.5249 1.2
      vertex 4.14523 -31.5249 1.6
    endloop
  endfacet
  facet normal -0.258414 -0.966034 0
    outer loop
      vertex 4.14523 -31.5249 1.2
      vertex 4.34523 -31.5784 1.6
      vertex 4.14523 -31.5249 1.6
    endloop
  endfacet
  facet normal -0.258414 -0.966034 -0
    outer loop
      vertex 4.34523 -31.5784 1.6
      vertex 4.14523 -31.5249 1.2
      vertex 4.34523 -31.5784 1.2
    endloop
  endfacet
  facet normal 0.258402 -0.966037 0
    outer loop
      vertex 4.34523 -31.5784 1.2
      vertex 4.54524 -31.5249 1.6
      vertex 4.34523 -31.5784 1.6
    endloop
  endfacet
  facet normal 0.258402 -0.966037 0
    outer loop
      vertex 4.54524 -31.5249 1.6
      vertex 4.34523 -31.5784 1.2
      vertex 4.54524 -31.5249 1.2
    endloop
  endfacet
  facet normal 0.707324 -0.706889 0
    outer loop
      vertex 4.54524 -31.5249 1.6
      vertex 4.69165 -31.3784 1.2
      vertex 4.69165 -31.3784 1.6
    endloop
  endfacet
  facet normal 0.707324 -0.706889 0
    outer loop
      vertex 4.69165 -31.3784 1.2
      vertex 4.54524 -31.5249 1.6
      vertex 4.54524 -31.5249 1.2
    endloop
  endfacet
  facet normal 0.965893 -0.258941 0
    outer loop
      vertex 4.69165 -31.3784 1.6
      vertex 4.74524 -31.1785 1.2
      vertex 4.74524 -31.1785 1.6
    endloop
  endfacet
  facet normal 0.965893 -0.258941 0
    outer loop
      vertex 4.74524 -31.1785 1.2
      vertex 4.69165 -31.3784 1.6
      vertex 4.69165 -31.3784 1.2
    endloop
  endfacet
  facet normal 0.965926 0.25882 0
    outer loop
      vertex 4.74524 -31.1785 1.6
      vertex 4.69165 -30.9785 1.2
      vertex 4.69165 -30.9785 1.6
    endloop
  endfacet
  facet normal 0.965926 0.25882 0
    outer loop
      vertex 4.69165 -30.9785 1.2
      vertex 4.74524 -31.1785 1.6
      vertex 4.74524 -31.1785 1.2
    endloop
  endfacet
  facet normal 0.76605 0.642781 0
    outer loop
      vertex 4.69165 -30.9785 1.6
      vertex 0.5 -25.983 1.2
      vertex 0.5 -25.983 1.6
    endloop
  endfacet
  facet normal 0.76605 0.642781 0
    outer loop
      vertex 0.5 -25.983 1.2
      vertex 4.69165 -30.9785 1.6
      vertex 4.69165 -30.9785 1.2
    endloop
  endfacet
  facet normal 1 -0 0
    outer loop
      vertex 0.5 -25.983 1.6
      vertex 0.5 -5.2 1.2
      vertex 0.5 -5.2 1.6
    endloop
  endfacet
  facet normal 1 0 0
    outer loop
      vertex 0.5 -5.2 1.2
      vertex 0.5 -25.983 1.6
      vertex 0.5 -25.983 1.2
    endloop
  endfacet
  facet normal 0.965913 0.258868 0
    outer loop
      vertex 0.5 -5.2 1.6
      vertex 0.432999 -4.95 1.2
      vertex 0.432999 -4.95 1.6
    endloop
  endfacet
  facet normal 0.965913 0.258868 0
    outer loop
      vertex 0.432999 -4.95 1.2
      vertex 0.5 -5.2 1.6
      vertex 0.5 -5.2 1.2
    endloop
  endfacet
  facet normal 0.707147 0.707066 0
    outer loop
      vertex 0.432999 -4.95 1.6
      vertex 0.25 -4.76698 1.2
      vertex 0.25 -4.76698 1.6
    endloop
  endfacet
  facet normal 0.707147 0.707066 0
    outer loop
      vertex 0.25 -4.76698 1.2
      vertex 0.432999 -4.95 1.6
      vertex 0.432999 -4.95 1.2
    endloop
  endfacet
  facet normal 0.258793 0.965933 -0
    outer loop
      vertex 0.25 -4.76698 1.2
      vertex 0 -4.7 1.6
      vertex 0.25 -4.76698 1.6
    endloop
  endfacet
  facet normal 0.258793 0.965933 0
    outer loop
      vertex 0 -4.7 1.6
      vertex 0.25 -4.76698 1.2
      vertex 0 -4.7 1.2
    endloop
  endfacet
  facet normal -0.258793 0.965933 0
    outer loop
      vertex 0 -4.7 1.2
      vertex -0.25 -4.76698 1.6
      vertex 0 -4.7 1.6
    endloop
  endfacet
  facet normal -0.258793 0.965933 0
    outer loop
      vertex -0.25 -4.76698 1.6
      vertex 0 -4.7 1.2
      vertex -0.25 -4.76698 1.2
    endloop
  endfacet
  facet normal -0.707147 0.707066 0
    outer loop
      vertex -0.432999 -4.95 1.2
      vertex -0.25 -4.76698 1.6
      vertex -0.25 -4.76698 1.2
    endloop
  endfacet
  facet normal -0.707147 0.707066 0
    outer loop
      vertex -0.25 -4.76698 1.6
      vertex -0.432999 -4.95 1.2
      vertex -0.432999 -4.95 1.6
    endloop
  endfacet
  facet normal -0.965913 0.258868 0
    outer loop
      vertex -0.5 -5.2 1.2
      vertex -0.432999 -4.95 1.6
      vertex -0.432999 -4.95 1.2
    endloop
  endfacet
  facet normal -0.965913 0.258868 0
    outer loop
      vertex -0.432999 -4.95 1.6
      vertex -0.5 -5.2 1.2
      vertex -0.5 -5.2 1.6
    endloop
  endfacet
  facet normal -1 0 0
    outer loop
      vertex -0.5 -25.983 1.2
      vertex -0.5 -5.2 1.6
      vertex -0.5 -5.2 1.2
    endloop
  endfacet
  facet normal -1 -0 0
    outer loop
      vertex -0.5 -5.2 1.6
      vertex -0.5 -25.983 1.2
      vertex -0.5 -25.983 1.6
    endloop
  endfacet
  facet normal -0.76605 0.642781 0
    outer loop
      vertex -4.69165 -30.9785 1.2
      vertex -0.5 -25.983 1.6
      vertex -0.5 -25.983 1.2
    endloop
  endfacet
  facet normal -0.76605 0.642781 0
    outer loop
      vertex -0.5 -25.983 1.6
      vertex -4.69165 -30.9785 1.2
      vertex -4.69165 -30.9785 1.6
    endloop
  endfacet
  facet normal -0.965926 0.25882 0
    outer loop
      vertex -4.74524 -31.1785 1.2
      vertex -4.69165 -30.9785 1.6
      vertex -4.69165 -30.9785 1.2
    endloop
  endfacet
  facet normal -0.965926 0.25882 0
    outer loop
      vertex -4.69165 -30.9785 1.6
      vertex -4.74524 -31.1785 1.2
      vertex -4.74524 -31.1785 1.6
    endloop
  endfacet
  facet normal -0.965893 -0.258941 0
    outer loop
      vertex -4.69165 -31.3784 1.2
      vertex -4.74524 -31.1785 1.6
      vertex -4.74524 -31.1785 1.2
    endloop
  endfacet
  facet normal -0.965893 -0.258941 0
    outer loop
      vertex -4.74524 -31.1785 1.6
      vertex -4.69165 -31.3784 1.2
      vertex -4.69165 -31.3784 1.6
    endloop
  endfacet
  facet normal -0.707324 -0.706889 0
    outer loop
      vertex -4.54524 -31.5249 1.2
      vertex -4.69165 -31.3784 1.6
      vertex -4.69165 -31.3784 1.2
    endloop
  endfacet
  facet normal -0.707324 -0.706889 0
    outer loop
      vertex -4.69165 -31.3784 1.6
      vertex -4.54524 -31.5249 1.2
      vertex -4.54524 -31.5249 1.6
    endloop
  endfacet
  facet normal -0.258402 -0.966037 0
    outer loop
      vertex -4.54524 -31.5249 1.2
      vertex -4.34523 -31.5784 1.6
      vertex -4.54524 -31.5249 1.6
    endloop
  endfacet
  facet normal -0.258402 -0.966037 -0
    outer loop
      vertex -4.34523 -31.5784 1.6
      vertex -4.54524 -31.5249 1.2
      vertex -4.34523 -31.5784 1.2
    endloop
  endfacet
  facet normal 0.258414 -0.966034 0
    outer loop
      vertex -4.34523 -31.5784 1.2
      vertex -4.14523 -31.5249 1.6
      vertex -4.34523 -31.5784 1.6
    endloop
  endfacet
  facet normal 0.258414 -0.966034 0
    outer loop
      vertex -4.14523 -31.5249 1.6
      vertex -4.34523 -31.5784 1.2
      vertex -4.14523 -31.5249 1.2
    endloop
  endfacet
  facet normal 0.707348 -0.706865 0
    outer loop
      vertex -4.14523 -31.5249 1.6
      vertex -3.99883 -31.3784 1.2
      vertex -3.99883 -31.3784 1.6
    endloop
  endfacet
  facet normal 0.707348 -0.706865 0
    outer loop
      vertex -3.99883 -31.3784 1.2
      vertex -4.14523 -31.5249 1.6
      vertex -4.14523 -31.5249 1.2
    endloop
  endfacet
  facet normal 0.766041 -0.642792 0
    outer loop
      vertex -3.99883 -31.3784 1.6
      vertex -0.5 -27.2087 1.2
      vertex -0.5 -27.2087 1.6
    endloop
  endfacet
  facet normal 0.766041 -0.642792 0
    outer loop
      vertex -0.5 -27.2087 1.2
      vertex -3.99883 -31.3784 1.6
      vertex -3.99883 -31.3784 1.2
    endloop
  endfacet
  facet normal -1 0 0
    outer loop
      vertex -0.5 -35.343 1.2
      vertex -0.5 -27.2087 1.6
      vertex -0.5 -27.2087 1.2
    endloop
  endfacet
  facet normal -1 -0 0
    outer loop
      vertex -0.5 -27.2087 1.6
      vertex -0.5 -35.343 1.2
      vertex -0.5 -35.343 1.6
    endloop
  endfacet
  facet normal -0.76605 0.642781 0
    outer loop
      vertex -4.69165 -40.3385 1.2
      vertex -0.5 -35.343 1.6
      vertex -0.5 -35.343 1.2
    endloop
  endfacet
  facet normal -0.76605 0.642781 0
    outer loop
      vertex -0.5 -35.343 1.6
      vertex -4.69165 -40.3385 1.2
      vertex -4.69165 -40.3385 1.6
    endloop
  endfacet
  facet normal -0.965926 0.25882 0
    outer loop
      vertex -4.74524 -40.5385 1.2
      vertex -4.69165 -40.3385 1.6
      vertex -4.69165 -40.3385 1.2
    endloop
  endfacet
  facet normal -0.965926 0.25882 0
    outer loop
      vertex -4.69165 -40.3385 1.6
      vertex -4.74524 -40.5385 1.2
      vertex -4.74524 -40.5385 1.6
    endloop
  endfacet
  facet normal -0.965893 -0.258941 0
    outer loop
      vertex -4.69165 -40.7384 1.2
      vertex -4.74524 -40.5385 1.6
      vertex -4.74524 -40.5385 1.2
    endloop
  endfacet
  facet normal -0.965893 -0.258941 0
    outer loop
      vertex -4.74524 -40.5385 1.6
      vertex -4.69165 -40.7384 1.2
      vertex -4.69165 -40.7384 1.6
    endloop
  endfacet
  facet normal -0.707324 -0.706889 0
    outer loop
      vertex -4.54524 -40.8849 1.2
      vertex -4.69165 -40.7384 1.6
      vertex -4.69165 -40.7384 1.2
    endloop
  endfacet
  facet normal -0.707324 -0.706889 0
    outer loop
      vertex -4.69165 -40.7384 1.6
      vertex -4.54524 -40.8849 1.2
      vertex -4.54524 -40.8849 1.6
    endloop
  endfacet
  facet normal -0.258402 -0.966037 0
    outer loop
      vertex -4.54524 -40.8849 1.2
      vertex -4.34523 -40.9384 1.6
      vertex -4.54524 -40.8849 1.6
    endloop
  endfacet
  facet normal -0.258402 -0.966037 -0
    outer loop
      vertex -4.34523 -40.9384 1.6
      vertex -4.54524 -40.8849 1.2
      vertex -4.34523 -40.9384 1.2
    endloop
  endfacet
  facet normal 0.258414 -0.966034 0
    outer loop
      vertex -4.34523 -40.9384 1.2
      vertex -4.14523 -40.8849 1.6
      vertex -4.34523 -40.9384 1.6
    endloop
  endfacet
  facet normal 0.258414 -0.966034 0
    outer loop
      vertex -4.14523 -40.8849 1.6
      vertex -4.34523 -40.9384 1.2
      vertex -4.14523 -40.8849 1.2
    endloop
  endfacet
  facet normal 0.707348 -0.706865 0
    outer loop
      vertex -4.14523 -40.8849 1.6
      vertex -3.99883 -40.7384 1.2
      vertex -3.99883 -40.7384 1.6
    endloop
  endfacet
  facet normal 0.707348 -0.706865 0
    outer loop
      vertex -3.99883 -40.7384 1.2
      vertex -4.14523 -40.8849 1.6
      vertex -4.14523 -40.8849 1.2
    endloop
  endfacet
  facet normal 0.766041 -0.642792 0
    outer loop
      vertex -3.99883 -40.7384 1.6
      vertex -0.5 -36.5687 1.2
      vertex -0.5 -36.5687 1.6
    endloop
  endfacet
  facet normal 0.766041 -0.642792 0
    outer loop
      vertex -0.5 -36.5687 1.2
      vertex -3.99883 -40.7384 1.6
      vertex -3.99883 -40.7384 1.2
    endloop
  endfacet
  facet normal -1 0 0
    outer loop
      vertex -0.5 -46.8 1.2
      vertex -0.5 -36.5687 1.6
      vertex -0.5 -36.5687 1.2
    endloop
  endfacet
  facet normal -1 -0 0
    outer loop
      vertex -0.5 -36.5687 1.6
      vertex -0.5 -46.8 1.2
      vertex -0.5 -46.8 1.6
    endloop
  endfacet
  facet normal -0.965913 -0.258868 0
    outer loop
      vertex -0.432999 -47.05 1.2
      vertex -0.5 -46.8 1.6
      vertex -0.5 -46.8 1.2
    endloop
  endfacet
  facet normal -0.965913 -0.258868 0
    outer loop
      vertex -0.5 -46.8 1.6
      vertex -0.432999 -47.05 1.2
      vertex -0.432999 -47.05 1.6
    endloop
  endfacet
  facet normal -0.707109 -0.707105 0
    outer loop
      vertex -0.25 -47.233 1.2
      vertex -0.432999 -47.05 1.6
      vertex -0.432999 -47.05 1.2
    endloop
  endfacet
  facet normal -0.707109 -0.707105 0
    outer loop
      vertex -0.432999 -47.05 1.6
      vertex -0.25 -47.233 1.2
      vertex -0.25 -47.233 1.6
    endloop
  endfacet
  facet normal -0.258865 -0.965914 0
    outer loop
      vertex -0.25 -47.233 1.2
      vertex 0 -47.3 1.6
      vertex -0.25 -47.233 1.6
    endloop
  endfacet
  facet normal -0.258865 -0.965914 -0
    outer loop
      vertex 0 -47.3 1.6
      vertex -0.25 -47.233 1.2
      vertex 0 -47.3 1.2
    endloop
  endfacet
  facet normal 0.258865 -0.965914 0
    outer loop
      vertex 0 -47.3 1.2
      vertex 0.25 -47.233 1.6
      vertex 0 -47.3 1.6
    endloop
  endfacet
  facet normal 0.258865 -0.965914 0
    outer loop
      vertex 0.25 -47.233 1.6
      vertex 0 -47.3 1.2
      vertex 0.25 -47.233 1.2
    endloop
  endfacet
  facet normal -0.989185 -0.14667 0
    outer loop
      vertex 1.69181 40.7266 0
      vertex 1.66733 40.8917 1.2
      vertex 1.66733 40.8917 0
    endloop
  endfacet
  facet normal -0.989185 -0.14667 0
    outer loop
      vertex 1.66733 40.8917 1.2
      vertex 1.69181 40.7266 0
      vertex 1.69181 40.7266 1.2
    endloop
  endfacet
  facet normal -0.998794 -0.0491004 0
    outer loop
      vertex 1.7 40.56 0
      vertex 1.69181 40.7266 1.2
      vertex 1.69181 40.7266 0
    endloop
  endfacet
  facet normal -0.998794 -0.0491004 0
    outer loop
      vertex 1.69181 40.7266 1.2
      vertex 1.7 40.56 0
      vertex 1.7 40.56 1.2
    endloop
  endfacet
  facet normal -0.97003 -0.242987 0
    outer loop
      vertex 1.66733 40.8917 0
      vertex 1.6268 41.0535 1.2
      vertex 1.6268 41.0535 0
    endloop
  endfacet
  facet normal -0.97003 -0.242987 0
    outer loop
      vertex 1.6268 41.0535 1.2
      vertex 1.66733 40.8917 0
      vertex 1.66733 40.8917 1.2
    endloop
  endfacet
  facet normal 0.146854 -0.989158 0
    outer loop
      vertex -0.331653 42.2273 0
      vertex -0.166629 42.2518 1.2
      vertex -0.331653 42.2273 1.2
    endloop
  endfacet
  facet normal 0.146854 -0.989158 0
    outer loop
      vertex -0.166629 42.2518 1.2
      vertex -0.331653 42.2273 0
      vertex -0.166629 42.2518 0
    endloop
  endfacet
  facet normal -0.803211 -0.595695 0
    outer loop
      vertex 1.4135 41.5045 0
      vertex 1.31412 41.6385 1.2
      vertex 1.31412 41.6385 0
    endloop
  endfacet
  facet normal -0.803211 -0.595695 0
    outer loop
      vertex 1.31412 41.6385 1.2
      vertex 1.4135 41.5045 0
      vertex 1.4135 41.5045 1.2
    endloop
  endfacet
  facet normal -0.595766 -0.803158 0
    outer loop
      vertex 0.944468 41.9735 0
      vertex 1.07847 41.8741 1.2
      vertex 0.944468 41.9735 1.2
    endloop
  endfacet
  facet normal -0.595766 -0.803158 -0
    outer loop
      vertex 1.07847 41.8741 1.2
      vertex 0.944468 41.9735 0
      vertex 1.07847 41.8741 0
    endloop
  endfacet
  facet normal 0.0491516 -0.998791 0
    outer loop
      vertex -0.166629 42.2518 0
      vertex 0 42.26 1.2
      vertex -0.166629 42.2518 1.2
    endloop
  endfacet
  facet normal 0.0491516 -0.998791 0
    outer loop
      vertex 0 42.26 1.2
      vertex -0.166629 42.2518 0
      vertex 0 42.26 0
    endloop
  endfacet
  facet normal -0.998794 0.0491004 0
    outer loop
      vertex 1.69181 40.3934 0
      vertex 1.7 40.56 1.2
      vertex 1.7 40.56 0
    endloop
  endfacet
  facet normal -0.998794 0.0491004 0
    outer loop
      vertex 1.7 40.56 1.2
      vertex 1.69181 40.3934 0
      vertex 1.69181 40.3934 1.2
    endloop
  endfacet
  facet normal 0.242774 -0.970083 0
    outer loop
      vertex -0.493484 42.1868 0
      vertex -0.331653 42.2273 1.2
      vertex -0.493484 42.1868 1.2
    endloop
  endfacet
  facet normal 0.242774 -0.970083 0
    outer loop
      vertex -0.331653 42.2273 1.2
      vertex -0.493484 42.1868 0
      vertex -0.331653 42.2273 0
    endloop
  endfacet
  facet normal -0.427412 -0.904057 0
    outer loop
      vertex 0.650561 42.1306 0
      vertex 0.801374 42.0593 1.2
      vertex 0.650561 42.1306 1.2
    endloop
  endfacet
  facet normal -0.427412 -0.904057 -0
    outer loop
      vertex 0.801374 42.0593 1.2
      vertex 0.650561 42.1306 0
      vertex 0.801374 42.0593 0
    endloop
  endfacet
  facet normal 0.242774 0.970083 -0
    outer loop
      vertex -0.331653 38.8927 0
      vertex -0.493484 38.9332 1.2
      vertex -0.331653 38.8927 1.2
    endloop
  endfacet
  facet normal 0.242774 0.970083 0
    outer loop
      vertex -0.493484 38.9332 1.2
      vertex -0.331653 38.8927 0
      vertex -0.493484 38.9332 0
    endloop
  endfacet
  facet normal 0.941546 0.336883 0
    outer loop
      vertex -1.57059 39.9094 1.2
      vertex -1.6268 40.0665 0
      vertex -1.6268 40.0665 1.2
    endloop
  endfacet
  facet normal 0.941546 0.336883 0
    outer loop
      vertex -1.6268 40.0665 0
      vertex -1.57059 39.9094 1.2
      vertex -1.57059 39.9094 0
    endloop
  endfacet
  facet normal 0.427412 -0.904057 0
    outer loop
      vertex -0.801374 42.0593 0
      vertex -0.650561 42.1306 1.2
      vertex -0.801374 42.0593 1.2
    endloop
  endfacet
  facet normal 0.427412 -0.904057 0
    outer loop
      vertex -0.650561 42.1306 1.2
      vertex -0.801374 42.0593 0
      vertex -0.650561 42.1306 0
    endloop
  endfacet
  facet normal 0.336874 0.94155 -0
    outer loop
      vertex -0.493484 38.9332 0
      vertex -0.650561 38.9894 1.2
      vertex -0.493484 38.9332 1.2
    endloop
  endfacet
  facet normal 0.336874 0.94155 0
    outer loop
      vertex -0.650561 38.9894 1.2
      vertex -0.493484 38.9332 0
      vertex -0.650561 38.9894 0
    endloop
  endfacet
  facet normal 0.740905 0.67161 0
    outer loop
      vertex -1.20208 39.3579 1.2
      vertex -1.31412 39.4815 0
      vertex -1.31412 39.4815 1.2
    endloop
  endfacet
  facet normal 0.740905 0.67161 0
    outer loop
      vertex -1.31412 39.4815 0
      vertex -1.20208 39.3579 1.2
      vertex -1.20208 39.3579 0
    endloop
  endfacet
  facet normal -0.427412 0.904057 0
    outer loop
      vertex 0.801374 39.0607 0
      vertex 0.650561 38.9894 1.2
      vertex 0.801374 39.0607 1.2
    endloop
  endfacet
  facet normal -0.427412 0.904057 0
    outer loop
      vertex 0.650561 38.9894 1.2
      vertex 0.801374 39.0607 0
      vertex 0.650561 38.9894 0
    endloop
  endfacet
  facet normal 0.998794 -0.0491004 0
    outer loop
      vertex -1.7 40.56 1.2
      vertex -1.69181 40.7266 0
      vertex -1.69181 40.7266 1.2
    endloop
  endfacet
  facet normal 0.998794 -0.0491004 0
    outer loop
      vertex -1.69181 40.7266 0
      vertex -1.7 40.56 1.2
      vertex -1.7 40.56 0
    endloop
  endfacet
  facet normal -0.336874 0.94155 0
    outer loop
      vertex 0.650561 38.9894 0
      vertex 0.493484 38.9332 1.2
      vertex 0.650561 38.9894 1.2
    endloop
  endfacet
  facet normal -0.336874 0.94155 0
    outer loop
      vertex 0.493484 38.9332 1.2
      vertex 0.650561 38.9894 0
      vertex 0.493484 38.9332 0
    endloop
  endfacet
  facet normal 0.998794 0.0491004 0
    outer loop
      vertex -1.69181 40.3934 1.2
      vertex -1.7 40.56 0
      vertex -1.7 40.56 1.2
    endloop
  endfacet
  facet normal 0.998794 0.0491004 0
    outer loop
      vertex -1.7 40.56 0
      vertex -1.69181 40.3934 1.2
      vertex -1.69181 40.3934 0
    endloop
  endfacet
  facet normal 0.989185 -0.14667 0
    outer loop
      vertex -1.69181 40.7266 1.2
      vertex -1.66733 40.8917 0
      vertex -1.66733 40.8917 1.2
    endloop
  endfacet
  facet normal 0.989185 -0.14667 0
    outer loop
      vertex -1.66733 40.8917 0
      vertex -1.69181 40.7266 1.2
      vertex -1.69181 40.7266 0
    endloop
  endfacet
  facet normal -0.242774 0.970083 0
    outer loop
      vertex 0.493484 38.9332 0
      vertex 0.331653 38.8927 1.2
      vertex 0.493484 38.9332 1.2
    endloop
  endfacet
  facet normal -0.242774 0.970083 0
    outer loop
      vertex 0.331653 38.8927 1.2
      vertex 0.493484 38.9332 0
      vertex 0.331653 38.8927 0
    endloop
  endfacet
  facet normal 0.427412 0.904057 -0
    outer loop
      vertex -0.650561 38.9894 0
      vertex -0.801374 39.0607 1.2
      vertex -0.650561 38.9894 1.2
    endloop
  endfacet
  facet normal 0.427412 0.904057 0
    outer loop
      vertex -0.801374 39.0607 1.2
      vertex -0.650561 38.9894 0
      vertex -0.801374 39.0607 0
    endloop
  endfacet
  facet normal 0.903996 -0.42754 0
    outer loop
      vertex -1.57059 41.2106 1.2
      vertex -1.49927 41.3614 0
      vertex -1.49927 41.3614 1.2
    endloop
  endfacet
  facet normal 0.903996 -0.42754 0
    outer loop
      vertex -1.49927 41.3614 0
      vertex -1.57059 41.2106 1.2
      vertex -1.57059 41.2106 0
    endloop
  endfacet
  facet normal -0.336874 -0.94155 0
    outer loop
      vertex 0.493484 42.1868 0
      vertex 0.650561 42.1306 1.2
      vertex 0.493484 42.1868 1.2
    endloop
  endfacet
  facet normal -0.336874 -0.94155 -0
    outer loop
      vertex 0.650561 42.1306 1.2
      vertex 0.493484 42.1868 0
      vertex 0.650561 42.1306 0
    endloop
  endfacet
  facet normal -0.595766 0.803158 0
    outer loop
      vertex 1.07847 39.2459 0
      vertex 0.944468 39.1465 1.2
      vertex 1.07847 39.2459 1.2
    endloop
  endfacet
  facet normal -0.595766 0.803158 0
    outer loop
      vertex 0.944468 39.1465 1.2
      vertex 1.07847 39.2459 0
      vertex 0.944468 39.1465 0
    endloop
  endfacet
  facet normal -0.514247 0.857642 0
    outer loop
      vertex 0.944468 39.1465 0
      vertex 0.801374 39.0607 1.2
      vertex 0.944468 39.1465 1.2
    endloop
  endfacet
  facet normal -0.514247 0.857642 0
    outer loop
      vertex 0.801374 39.0607 1.2
      vertex 0.944468 39.1465 0
      vertex 0.801374 39.0607 0
    endloop
  endfacet
  facet normal -0.97003 0.242987 0
    outer loop
      vertex 1.6268 40.0665 0
      vertex 1.66733 40.2283 1.2
      vertex 1.66733 40.2283 0
    endloop
  endfacet
  facet normal -0.97003 0.242987 0
    outer loop
      vertex 1.66733 40.2283 1.2
      vertex 1.6268 40.0665 0
      vertex 1.6268 40.0665 1.2
    endloop
  endfacet
  facet normal 0.336874 -0.94155 0
    outer loop
      vertex -0.650561 42.1306 0
      vertex -0.493484 42.1868 1.2
      vertex -0.650561 42.1306 1.2
    endloop
  endfacet
  facet normal 0.336874 -0.94155 0
    outer loop
      vertex -0.493484 42.1868 1.2
      vertex -0.650561 42.1306 0
      vertex -0.493484 42.1868 0
    endloop
  endfacet
  facet normal -0.903996 -0.42754 0
    outer loop
      vertex 1.57059 41.2106 0
      vertex 1.49927 41.3614 1.2
      vertex 1.49927 41.3614 0
    endloop
  endfacet
  facet normal -0.903996 -0.42754 0
    outer loop
      vertex 1.49927 41.3614 1.2
      vertex 1.57059 41.2106 0
      vertex 1.57059 41.2106 1.2
    endloop
  endfacet
  facet normal 0.989185 0.14667 0
    outer loop
      vertex -1.66733 40.2283 1.2
      vertex -1.69181 40.3934 0
      vertex -1.69181 40.3934 1.2
    endloop
  endfacet
  facet normal 0.989185 0.14667 0
    outer loop
      vertex -1.69181 40.3934 0
      vertex -1.66733 40.2283 1.2
      vertex -1.66733 40.2283 0
    endloop
  endfacet
  facet normal 0.97003 0.242987 0
    outer loop
      vertex -1.6268 40.0665 1.2
      vertex -1.66733 40.2283 0
      vertex -1.66733 40.2283 1.2
    endloop
  endfacet
  facet normal 0.97003 0.242987 0
    outer loop
      vertex -1.66733 40.2283 0
      vertex -1.6268 40.0665 1.2
      vertex -1.6268 40.0665 0
    endloop
  endfacet
  facet normal -0.146854 -0.989158 0
    outer loop
      vertex 0.166629 42.2518 0
      vertex 0.331653 42.2273 1.2
      vertex 0.166629 42.2518 1.2
    endloop
  endfacet
  facet normal -0.146854 -0.989158 -0
    outer loop
      vertex 0.331653 42.2273 1.2
      vertex 0.166629 42.2518 0
      vertex 0.331653 42.2273 0
    endloop
  endfacet
  facet normal 0.595766 0.803158 -0
    outer loop
      vertex -0.944468 39.1465 0
      vertex -1.07847 39.2459 1.2
      vertex -0.944468 39.1465 1.2
    endloop
  endfacet
  facet normal 0.595766 0.803158 0
    outer loop
      vertex -1.07847 39.2459 1.2
      vertex -0.944468 39.1465 0
      vertex -1.07847 39.2459 0
    endloop
  endfacet
  facet normal 0.857731 -0.514099 0
    outer loop
      vertex -1.49927 41.3614 1.2
      vertex -1.4135 41.5045 0
      vertex -1.4135 41.5045 1.2
    endloop
  endfacet
  facet normal 0.857731 -0.514099 0
    outer loop
      vertex -1.4135 41.5045 0
      vertex -1.49927 41.3614 1.2
      vertex -1.49927 41.3614 0
    endloop
  endfacet
  facet normal 0.857731 0.514099 0
    outer loop
      vertex -1.4135 39.6155 1.2
      vertex -1.49927 39.7586 0
      vertex -1.49927 39.7586 1.2
    endloop
  endfacet
  facet normal 0.857731 0.514099 0
    outer loop
      vertex -1.49927 39.7586 0
      vertex -1.4135 39.6155 1.2
      vertex -1.4135 39.6155 0
    endloop
  endfacet
  facet normal 0.671448 -0.741051 0
    outer loop
      vertex -1.20208 41.7621 0
      vertex -1.07847 41.8741 1.2
      vertex -1.20208 41.7621 1.2
    endloop
  endfacet
  facet normal 0.671448 -0.741051 0
    outer loop
      vertex -1.07847 41.8741 1.2
      vertex -1.20208 41.7621 0
      vertex -1.07847 41.8741 0
    endloop
  endfacet
  facet normal -0.803211 0.595695 0
    outer loop
      vertex 1.31412 39.4815 0
      vertex 1.4135 39.6155 1.2
      vertex 1.4135 39.6155 0
    endloop
  endfacet
  facet normal -0.803211 0.595695 0
    outer loop
      vertex 1.4135 39.6155 1.2
      vertex 1.31412 39.4815 0
      vertex 1.31412 39.4815 1.2
    endloop
  endfacet
  facet normal -0.941546 -0.336883 0
    outer loop
      vertex 1.6268 41.0535 0
      vertex 1.57059 41.2106 1.2
      vertex 1.57059 41.2106 0
    endloop
  endfacet
  facet normal -0.941546 -0.336883 0
    outer loop
      vertex 1.57059 41.2106 1.2
      vertex 1.6268 41.0535 0
      vertex 1.6268 41.0535 1.2
    endloop
  endfacet
  facet normal -0.857731 0.514099 0
    outer loop
      vertex 1.4135 39.6155 0
      vertex 1.49927 39.7586 1.2
      vertex 1.49927 39.7586 0
    endloop
  endfacet
  facet normal -0.857731 0.514099 0
    outer loop
      vertex 1.49927 39.7586 1.2
      vertex 1.4135 39.6155 0
      vertex 1.4135 39.6155 1.2
    endloop
  endfacet
  facet normal -0.740905 0.67161 0
    outer loop
      vertex 1.20208 39.3579 0
      vertex 1.31412 39.4815 1.2
      vertex 1.31412 39.4815 0
    endloop
  endfacet
  facet normal -0.740905 0.67161 0
    outer loop
      vertex 1.31412 39.4815 1.2
      vertex 1.20208 39.3579 0
      vertex 1.20208 39.3579 1.2
    endloop
  endfacet
  facet normal 0.595766 -0.803158 0
    outer loop
      vertex -1.07847 41.8741 0
      vertex -0.944468 41.9735 1.2
      vertex -1.07847 41.8741 1.2
    endloop
  endfacet
  facet normal 0.595766 -0.803158 0
    outer loop
      vertex -0.944468 41.9735 1.2
      vertex -1.07847 41.8741 0
      vertex -0.944468 41.9735 0
    endloop
  endfacet
  facet normal 0.903996 0.42754 0
    outer loop
      vertex -1.49927 39.7586 1.2
      vertex -1.57059 39.9094 0
      vertex -1.57059 39.9094 1.2
    endloop
  endfacet
  facet normal 0.903996 0.42754 0
    outer loop
      vertex -1.57059 39.9094 0
      vertex -1.49927 39.7586 1.2
      vertex -1.49927 39.7586 0
    endloop
  endfacet
  facet normal -0.0491516 -0.998791 0
    outer loop
      vertex 0 42.26 0
      vertex 0.166629 42.2518 1.2
      vertex 0 42.26 1.2
    endloop
  endfacet
  facet normal -0.0491516 -0.998791 -0
    outer loop
      vertex 0.166629 42.2518 1.2
      vertex 0 42.26 0
      vertex 0.166629 42.2518 0
    endloop
  endfacet
  facet normal -0.514247 -0.857642 0
    outer loop
      vertex 0.801374 42.0593 0
      vertex 0.944468 41.9735 1.2
      vertex 0.801374 42.0593 1.2
    endloop
  endfacet
  facet normal -0.514247 -0.857642 -0
    outer loop
      vertex 0.944468 41.9735 1.2
      vertex 0.801374 42.0593 0
      vertex 0.944468 41.9735 0
    endloop
  endfacet
  facet normal 0.803211 0.595695 0
    outer loop
      vertex -1.31412 39.4815 1.2
      vertex -1.4135 39.6155 0
      vertex -1.4135 39.6155 1.2
    endloop
  endfacet
  facet normal 0.803211 0.595695 0
    outer loop
      vertex -1.4135 39.6155 0
      vertex -1.31412 39.4815 1.2
      vertex -1.31412 39.4815 0
    endloop
  endfacet
  facet normal -0.989185 0.14667 0
    outer loop
      vertex 1.66733 40.2283 0
      vertex 1.69181 40.3934 1.2
      vertex 1.69181 40.3934 0
    endloop
  endfacet
  facet normal -0.989185 0.14667 0
    outer loop
      vertex 1.69181 40.3934 1.2
      vertex 1.66733 40.2283 0
      vertex 1.66733 40.2283 1.2
    endloop
  endfacet
  facet normal -0.242774 -0.970083 0
    outer loop
      vertex 0.331653 42.2273 0
      vertex 0.493484 42.1868 1.2
      vertex 0.331653 42.2273 1.2
    endloop
  endfacet
  facet normal -0.242774 -0.970083 -0
    outer loop
      vertex 0.493484 42.1868 1.2
      vertex 0.331653 42.2273 0
      vertex 0.493484 42.1868 0
    endloop
  endfacet
  facet normal -0.857731 -0.514099 0
    outer loop
      vertex 1.49927 41.3614 0
      vertex 1.4135 41.5045 1.2
      vertex 1.4135 41.5045 0
    endloop
  endfacet
  facet normal -0.857731 -0.514099 0
    outer loop
      vertex 1.4135 41.5045 1.2
      vertex 1.49927 41.3614 0
      vertex 1.49927 41.3614 1.2
    endloop
  endfacet
  facet normal 0.146854 0.989158 -0
    outer loop
      vertex -0.166629 38.8682 0
      vertex -0.331653 38.8927 1.2
      vertex -0.166629 38.8682 1.2
    endloop
  endfacet
  facet normal 0.146854 0.989158 0
    outer loop
      vertex -0.331653 38.8927 1.2
      vertex -0.166629 38.8682 0
      vertex -0.331653 38.8927 0
    endloop
  endfacet
  facet normal 0.740905 -0.67161 0
    outer loop
      vertex -1.31412 41.6385 1.2
      vertex -1.20208 41.7621 0
      vertex -1.20208 41.7621 1.2
    endloop
  endfacet
  facet normal 0.740905 -0.67161 0
    outer loop
      vertex -1.20208 41.7621 0
      vertex -1.31412 41.6385 1.2
      vertex -1.31412 41.6385 0
    endloop
  endfacet
  facet normal 0.803211 -0.595695 0
    outer loop
      vertex -1.4135 41.5045 1.2
      vertex -1.31412 41.6385 0
      vertex -1.31412 41.6385 1.2
    endloop
  endfacet
  facet normal 0.803211 -0.595695 0
    outer loop
      vertex -1.31412 41.6385 0
      vertex -1.4135 41.5045 1.2
      vertex -1.4135 41.5045 0
    endloop
  endfacet
  facet normal -0.146854 0.989158 0
    outer loop
      vertex 0.331653 38.8927 0
      vertex 0.166629 38.8682 1.2
      vertex 0.331653 38.8927 1.2
    endloop
  endfacet
  facet normal -0.146854 0.989158 0
    outer loop
      vertex 0.166629 38.8682 1.2
      vertex 0.331653 38.8927 0
      vertex 0.166629 38.8682 0
    endloop
  endfacet
  facet normal -0.671448 -0.741051 0
    outer loop
      vertex 1.07847 41.8741 0
      vertex 1.20208 41.7621 1.2
      vertex 1.07847 41.8741 1.2
    endloop
  endfacet
  facet normal -0.671448 -0.741051 -0
    outer loop
      vertex 1.20208 41.7621 1.2
      vertex 1.07847 41.8741 0
      vertex 1.20208 41.7621 0
    endloop
  endfacet
  facet normal -0.740905 -0.67161 0
    outer loop
      vertex 1.31412 41.6385 0
      vertex 1.20208 41.7621 1.2
      vertex 1.20208 41.7621 0
    endloop
  endfacet
  facet normal -0.740905 -0.67161 0
    outer loop
      vertex 1.20208 41.7621 1.2
      vertex 1.31412 41.6385 0
      vertex 1.31412 41.6385 1.2
    endloop
  endfacet
  facet normal -0.941546 0.336883 0
    outer loop
      vertex 1.57059 39.9094 0
      vertex 1.6268 40.0665 1.2
      vertex 1.6268 40.0665 0
    endloop
  endfacet
  facet normal -0.941546 0.336883 0
    outer loop
      vertex 1.6268 40.0665 1.2
      vertex 1.57059 39.9094 0
      vertex 1.57059 39.9094 1.2
    endloop
  endfacet
  facet normal -0.0491516 0.998791 0
    outer loop
      vertex 0.166629 38.8682 0
      vertex 0 38.86 1.2
      vertex 0.166629 38.8682 1.2
    endloop
  endfacet
  facet normal -0.0491516 0.998791 0
    outer loop
      vertex 0 38.86 1.2
      vertex 0.166629 38.8682 0
      vertex 0 38.86 0
    endloop
  endfacet
  facet normal 0.514247 -0.857642 0
    outer loop
      vertex -0.944468 41.9735 0
      vertex -0.801374 42.0593 1.2
      vertex -0.944468 41.9735 1.2
    endloop
  endfacet
  facet normal 0.514247 -0.857642 0
    outer loop
      vertex -0.801374 42.0593 1.2
      vertex -0.944468 41.9735 0
      vertex -0.801374 42.0593 0
    endloop
  endfacet
  facet normal -0.903996 0.42754 0
    outer loop
      vertex 1.49927 39.7586 0
      vertex 1.57059 39.9094 1.2
      vertex 1.57059 39.9094 0
    endloop
  endfacet
  facet normal -0.903996 0.42754 0
    outer loop
      vertex 1.57059 39.9094 1.2
      vertex 1.49927 39.7586 0
      vertex 1.49927 39.7586 1.2
    endloop
  endfacet
  facet normal 0.0491516 0.998791 -0
    outer loop
      vertex 0 38.86 0
      vertex -0.166629 38.8682 1.2
      vertex 0 38.86 1.2
    endloop
  endfacet
  facet normal 0.0491516 0.998791 0
    outer loop
      vertex -0.166629 38.8682 1.2
      vertex 0 38.86 0
      vertex -0.166629 38.8682 0
    endloop
  endfacet
  facet normal 0.941546 -0.336883 0
    outer loop
      vertex -1.6268 41.0535 1.2
      vertex -1.57059 41.2106 0
      vertex -1.57059 41.2106 1.2
    endloop
  endfacet
  facet normal 0.941546 -0.336883 0
    outer loop
      vertex -1.57059 41.2106 0
      vertex -1.6268 41.0535 1.2
      vertex -1.6268 41.0535 0
    endloop
  endfacet
  facet normal 0.97003 -0.242987 0
    outer loop
      vertex -1.66733 40.8917 1.2
      vertex -1.6268 41.0535 0
      vertex -1.6268 41.0535 1.2
    endloop
  endfacet
  facet normal 0.97003 -0.242987 0
    outer loop
      vertex -1.6268 41.0535 0
      vertex -1.66733 40.8917 1.2
      vertex -1.66733 40.8917 0
    endloop
  endfacet
  facet normal -0.671448 0.741051 0
    outer loop
      vertex 1.20208 39.3579 0
      vertex 1.07847 39.2459 1.2
      vertex 1.20208 39.3579 1.2
    endloop
  endfacet
  facet normal -0.671448 0.741051 0
    outer loop
      vertex 1.07847 39.2459 1.2
      vertex 1.20208 39.3579 0
      vertex 1.07847 39.2459 0
    endloop
  endfacet
  facet normal 0.514247 0.857642 -0
    outer loop
      vertex -0.801374 39.0607 0
      vertex -0.944468 39.1465 1.2
      vertex -0.801374 39.0607 1.2
    endloop
  endfacet
  facet normal 0.514247 0.857642 0
    outer loop
      vertex -0.944468 39.1465 1.2
      vertex -0.801374 39.0607 0
      vertex -0.944468 39.1465 0
    endloop
  endfacet
  facet normal 0.671448 0.741051 -0
    outer loop
      vertex -1.07847 39.2459 0
      vertex -1.20208 39.3579 1.2
      vertex -1.07847 39.2459 1.2
    endloop
  endfacet
  facet normal 0.671448 0.741051 0
    outer loop
      vertex -1.20208 39.3579 1.2
      vertex -1.07847 39.2459 0
      vertex -1.20208 39.3579 0
    endloop
  endfacet
endsolid OpenSCAD_Model
