solid OpenSCAD_Model
  facet normal -0.824121 -0.566414 0
    outer loop
      vertex -31.5112 -22.8942 0
      vertex -32.6662 -21.2137 5
      vertex -32.6662 -21.2137 0
    endloop
  endfacet
  facet normal -0.824121 -0.566414 0
    outer loop
      vertex -32.6662 -21.2137 5
      vertex -31.5112 -22.8942 0
      vertex -31.5112 -22.8942 5
    endloop
  endfacet
  facet normal 0.996917 0.0784627 0
    outer loop
      vertex 38.8966 2.03848 5
      vertex 38.7366 4.07138 0
      vertex 38.7366 4.07138 5
    endloop
  endfacet
  facet normal 0.996917 0.0784627 0
    outer loop
      vertex 38.7366 4.07138 0
      vertex 38.8966 2.03848 5
      vertex 38.8966 2.03848 0
    endloop
  endfacet
  facet normal 0.999657 0.026187 0
    outer loop
      vertex 38.95 0 5
      vertex 38.8966 2.03848 0
      vertex 38.8966 2.03848 5
    endloop
  endfacet
  facet normal 0.999657 0.026187 0
    outer loop
      vertex 38.8966 2.03848 0
      vertex 38.95 0 5
      vertex 38.95 0 0
    endloop
  endfacet
  facet normal 0.991449 0.130494 0
    outer loop
      vertex 38.7366 4.07138 5
      vertex 38.4705 6.09312 0
      vertex 38.4705 6.09312 5
    endloop
  endfacet
  facet normal 0.991449 0.130494 0
    outer loop
      vertex 38.4705 6.09312 0
      vertex 38.7366 4.07138 5
      vertex 38.7366 4.07138 0
    endloop
  endfacet
  facet normal 0.566414 -0.824121 0
    outer loop
      vertex 21.2137 -32.6662 0
      vertex 22.8942 -31.5112 5
      vertex 21.2137 -32.6662 5
    endloop
  endfacet
  facet normal 0.566414 -0.824121 0
    outer loop
      vertex 22.8942 -31.5112 5
      vertex 21.2137 -32.6662 0
      vertex 22.8942 -31.5112 0
    endloop
  endfacet
  facet normal -0.333813 0.942639 0
    outer loop
      vertex -12.0362 37.0437 0
      vertex -13.9584 36.363 5
      vertex -12.0362 37.0437 5
    endloop
  endfacet
  facet normal -0.333813 0.942639 0
    outer loop
      vertex -13.9584 36.363 5
      vertex -12.0362 37.0437 0
      vertex -13.9584 36.363 0
    endloop
  endfacet
  facet normal 0.382692 0.923876 -0
    outer loop
      vertex 15.8424 35.5826 0
      vertex 13.9584 36.363 5
      vertex 15.8424 35.5826 5
    endloop
  endfacet
  facet normal 0.382692 0.923876 0
    outer loop
      vertex 13.9584 36.363 5
      vertex 15.8424 35.5826 0
      vertex 13.9584 36.363 0
    endloop
  endfacet
  facet normal -0.0784627 0.996917 0
    outer loop
      vertex -2.03848 38.8966 0
      vertex -4.07138 38.7366 5
      vertex -2.03848 38.8966 5
    endloop
  endfacet
  facet normal -0.0784627 0.996917 0
    outer loop
      vertex -4.07138 38.7366 5
      vertex -2.03848 38.8966 0
      vertex -4.07138 38.7366 0
    endloop
  endfacet
  facet normal 0.0784627 -0.996917 0
    outer loop
      vertex 2.03848 -38.8966 0
      vertex 4.07138 -38.7366 5
      vertex 2.03848 -38.8966 5
    endloop
  endfacet
  facet normal 0.0784627 -0.996917 0
    outer loop
      vertex 4.07138 -38.7366 5
      vertex 2.03848 -38.8966 0
      vertex 4.07138 -38.7366 0
    endloop
  endfacet
  facet normal -0.725376 0.688352 0
    outer loop
      vertex -28.9455 26.0626 0
      vertex -27.5418 27.5418 5
      vertex -27.5418 27.5418 0
    endloop
  endfacet
  facet normal -0.725376 0.688352 0
    outer loop
      vertex -27.5418 27.5418 5
      vertex -28.9455 26.0626 0
      vertex -28.9455 26.0626 5
    endloop
  endfacet
  facet normal 0.878823 0.477147 0
    outer loop
      vertex 34.7047 17.6829 5
      vertex 33.7317 19.475 0
      vertex 33.7317 19.475 5
    endloop
  endfacet
  facet normal 0.878823 0.477147 0
    outer loop
      vertex 33.7317 19.475 0
      vertex 34.7047 17.6829 5
      vertex 34.7047 17.6829 0
    endloop
  endfacet
  facet normal -0.996917 0.0784627 0
    outer loop
      vertex -38.8966 2.03848 0
      vertex -38.7366 4.07138 5
      vertex -38.7366 4.07138 0
    endloop
  endfacet
  facet normal -0.996917 0.0784627 0
    outer loop
      vertex -38.7366 4.07138 5
      vertex -38.8966 2.03848 0
      vertex -38.8966 2.03848 5
    endloop
  endfacet
  facet normal 0.878823 -0.477147 0
    outer loop
      vertex 33.7317 -19.475 5
      vertex 34.7047 -17.6829 0
      vertex 34.7047 -17.6829 5
    endloop
  endfacet
  facet normal 0.878823 -0.477147 0
    outer loop
      vertex 34.7047 -17.6829 0
      vertex 33.7317 -19.475 5
      vertex 33.7317 -19.475 0
    endloop
  endfacet
  facet normal -0.923876 -0.382692 0
    outer loop
      vertex -35.5826 -15.8424 0
      vertex -36.363 -13.9584 5
      vertex -36.363 -13.9584 0
    endloop
  endfacet
  facet normal -0.923876 -0.382692 0
    outer loop
      vertex -36.363 -13.9584 5
      vertex -35.5826 -15.8424 0
      vertex -35.5826 -15.8424 5
    endloop
  endfacet
  facet normal 0.996917 -0.0784627 0
    outer loop
      vertex 38.7366 -4.07138 5
      vertex 38.8966 -2.03848 0
      vertex 38.8966 -2.03848 5
    endloop
  endfacet
  facet normal 0.996917 -0.0784627 0
    outer loop
      vertex 38.8966 -2.03848 0
      vertex 38.7366 -4.07138 5
      vertex 38.7366 -4.07138 0
    endloop
  endfacet
  facet normal 0.972374 0.233428 0
    outer loop
      vertex 38.0988 8.09816 5
      vertex 37.6228 10.081 0
      vertex 37.6228 10.081 5
    endloop
  endfacet
  facet normal 0.972374 0.233428 0
    outer loop
      vertex 37.6228 10.081 0
      vertex 38.0988 8.09816 5
      vertex 38.0988 8.09816 0
    endloop
  endfacet
  facet normal -0.649437 0.760415 0
    outer loop
      vertex -24.512 30.2698 0
      vertex -26.0626 28.9455 5
      vertex -24.512 30.2698 5
    endloop
  endfacet
  facet normal -0.649437 0.760415 0
    outer loop
      vertex -26.0626 28.9455 5
      vertex -24.512 30.2698 0
      vertex -26.0626 28.9455 0
    endloop
  endfacet
  facet normal 0.688352 0.725376 -0
    outer loop
      vertex 27.5418 27.5418 0
      vertex 26.0626 28.9455 5
      vertex 27.5418 27.5418 5
    endloop
  endfacet
  facet normal 0.688352 0.725376 0
    outer loop
      vertex 26.0626 28.9455 5
      vertex 27.5418 27.5418 0
      vertex 26.0626 28.9455 0
    endloop
  endfacet
  facet normal 0.725376 0.688352 0
    outer loop
      vertex 28.9455 26.0626 5
      vertex 27.5418 27.5418 0
      vertex 27.5418 27.5418 5
    endloop
  endfacet
  facet normal 0.725376 0.688352 0
    outer loop
      vertex 27.5418 27.5418 0
      vertex 28.9455 26.0626 5
      vertex 28.9455 26.0626 0
    endloop
  endfacet
  facet normal -0.026187 0.999657 0
    outer loop
      vertex 0 38.95 0
      vertex -2.03848 38.8966 5
      vertex 0 38.95 5
    endloop
  endfacet
  facet normal -0.026187 0.999657 0
    outer loop
      vertex -2.03848 38.8966 5
      vertex 0 38.95 0
      vertex -2.03848 38.8966 0
    endloop
  endfacet
  facet normal 0.130494 -0.991449 0
    outer loop
      vertex 4.07138 -38.7366 0
      vertex 6.09312 -38.4705 5
      vertex 4.07138 -38.7366 5
    endloop
  endfacet
  facet normal 0.130494 -0.991449 0
    outer loop
      vertex 6.09312 -38.4705 5
      vertex 4.07138 -38.7366 0
      vertex 6.09312 -38.4705 0
    endloop
  endfacet
  facet normal 0.991449 -0.130494 0
    outer loop
      vertex 38.4705 -6.09312 5
      vertex 38.7366 -4.07138 0
      vertex 38.7366 -4.07138 5
    endloop
  endfacet
  facet normal 0.991449 -0.130494 0
    outer loop
      vertex 38.7366 -4.07138 0
      vertex 38.4705 -6.09312 5
      vertex 38.4705 -6.09312 0
    endloop
  endfacet
  facet normal -0.852635 0.522507 0
    outer loop
      vertex -33.7317 19.475 0
      vertex -32.6662 21.2137 5
      vertex -32.6662 21.2137 0
    endloop
  endfacet
  facet normal -0.852635 0.522507 0
    outer loop
      vertex -32.6662 21.2137 5
      vertex -33.7317 19.475 0
      vertex -33.7317 19.475 5
    endloop
  endfacet
  facet normal 0.477147 -0.878823 0
    outer loop
      vertex 17.6829 -34.7047 0
      vertex 19.475 -33.7317 5
      vertex 17.6829 -34.7047 5
    endloop
  endfacet
  facet normal 0.477147 -0.878823 0
    outer loop
      vertex 19.475 -33.7317 5
      vertex 17.6829 -34.7047 0
      vertex 19.475 -33.7317 0
    endloop
  endfacet
  facet normal -0.958827 -0.28399 0
    outer loop
      vertex -37.0437 -12.0362 0
      vertex -37.6228 -10.081 5
      vertex -37.6228 -10.081 0
    endloop
  endfacet
  facet normal -0.958827 -0.28399 0
    outer loop
      vertex -37.6228 -10.081 5
      vertex -37.0437 -12.0362 0
      vertex -37.0437 -12.0362 5
    endloop
  endfacet
  facet normal 0.382692 -0.923876 0
    outer loop
      vertex 13.9584 -36.363 0
      vertex 15.8424 -35.5826 5
      vertex 13.9584 -36.363 5
    endloop
  endfacet
  facet normal 0.382692 -0.923876 0
    outer loop
      vertex 15.8424 -35.5826 5
      vertex 13.9584 -36.363 0
      vertex 15.8424 -35.5826 0
    endloop
  endfacet
  facet normal 0.28399 0.958827 -0
    outer loop
      vertex 12.0362 37.0437 0
      vertex 10.081 37.6228 5
      vertex 12.0362 37.0437 5
    endloop
  endfacet
  facet normal 0.28399 0.958827 0
    outer loop
      vertex 10.081 37.6228 5
      vertex 12.0362 37.0437 0
      vertex 10.081 37.6228 0
    endloop
  endfacet
  facet normal -0.725376 -0.688352 0
    outer loop
      vertex -27.5418 -27.5418 0
      vertex -28.9455 -26.0626 5
      vertex -28.9455 -26.0626 0
    endloop
  endfacet
  facet normal -0.725376 -0.688352 0
    outer loop
      vertex -28.9455 -26.0626 5
      vertex -27.5418 -27.5418 0
      vertex -27.5418 -27.5418 5
    endloop
  endfacet
  facet normal 0.760415 -0.649437 0
    outer loop
      vertex 28.9455 -26.0626 5
      vertex 30.2698 -24.512 0
      vertex 30.2698 -24.512 5
    endloop
  endfacet
  facet normal 0.760415 -0.649437 0
    outer loop
      vertex 30.2698 -24.512 0
      vertex 28.9455 -26.0626 5
      vertex 28.9455 -26.0626 0
    endloop
  endfacet
  facet normal 0.923876 -0.382692 0
    outer loop
      vertex 35.5826 -15.8424 5
      vertex 36.363 -13.9584 0
      vertex 36.363 -13.9584 5
    endloop
  endfacet
  facet normal 0.923876 -0.382692 0
    outer loop
      vertex 36.363 -13.9584 0
      vertex 35.5826 -15.8424 5
      vertex 35.5826 -15.8424 0
    endloop
  endfacet
  facet normal -0.130494 0.991449 0
    outer loop
      vertex -4.07138 38.7366 0
      vertex -6.09312 38.4705 5
      vertex -4.07138 38.7366 5
    endloop
  endfacet
  facet normal -0.130494 0.991449 0
    outer loop
      vertex -6.09312 38.4705 5
      vertex -4.07138 38.7366 0
      vertex -6.09312 38.4705 0
    endloop
  endfacet
  facet normal 0.958827 0.28399 0
    outer loop
      vertex 37.6228 10.081 5
      vertex 37.0437 12.0362 0
      vertex 37.0437 12.0362 5
    endloop
  endfacet
  facet normal 0.958827 0.28399 0
    outer loop
      vertex 37.0437 12.0362 0
      vertex 37.6228 10.081 5
      vertex 37.6228 10.081 0
    endloop
  endfacet
  facet normal 0.852635 0.522507 0
    outer loop
      vertex 33.7317 19.475 5
      vertex 32.6662 21.2137 0
      vertex 32.6662 21.2137 5
    endloop
  endfacet
  facet normal 0.852635 0.522507 0
    outer loop
      vertex 32.6662 21.2137 0
      vertex 33.7317 19.475 5
      vertex 33.7317 19.475 0
    endloop
  endfacet
  facet normal -0.999657 -0.026187 0
    outer loop
      vertex -38.8966 -2.03848 0
      vertex -38.95 0 5
      vertex -38.95 0 0
    endloop
  endfacet
  facet normal -0.999657 -0.026187 0
    outer loop
      vertex -38.95 0 5
      vertex -38.8966 -2.03848 0
      vertex -38.8966 -2.03848 5
    endloop
  endfacet
  facet normal 0.942639 0.333813 0
    outer loop
      vertex 37.0437 12.0362 5
      vertex 36.363 13.9584 0
      vertex 36.363 13.9584 5
    endloop
  endfacet
  facet normal 0.942639 0.333813 0
    outer loop
      vertex 36.363 13.9584 0
      vertex 37.0437 12.0362 5
      vertex 37.0437 12.0362 0
    endloop
  endfacet
  facet normal 0.760415 0.649437 0
    outer loop
      vertex 30.2698 24.512 5
      vertex 28.9455 26.0626 0
      vertex 28.9455 26.0626 5
    endloop
  endfacet
  facet normal 0.760415 0.649437 0
    outer loop
      vertex 28.9455 26.0626 0
      vertex 30.2698 24.512 5
      vertex 30.2698 24.512 0
    endloop
  endfacet
  facet normal -0.760415 -0.649437 0
    outer loop
      vertex -28.9455 -26.0626 0
      vertex -30.2698 -24.512 5
      vertex -30.2698 -24.512 0
    endloop
  endfacet
  facet normal -0.760415 -0.649437 0
    outer loop
      vertex -30.2698 -24.512 5
      vertex -28.9455 -26.0626 0
      vertex -28.9455 -26.0626 5
    endloop
  endfacet
  facet normal -0.923876 0.382692 0
    outer loop
      vertex -36.363 13.9584 0
      vertex -35.5826 15.8424 5
      vertex -35.5826 15.8424 0
    endloop
  endfacet
  facet normal -0.923876 0.382692 0
    outer loop
      vertex -35.5826 15.8424 5
      vertex -36.363 13.9584 0
      vertex -36.363 13.9584 5
    endloop
  endfacet
  facet normal 0.233428 -0.972374 0
    outer loop
      vertex 8.09816 -38.0988 0
      vertex 10.081 -37.6228 5
      vertex 8.09816 -38.0988 5
    endloop
  endfacet
  facet normal 0.233428 -0.972374 0
    outer loop
      vertex 10.081 -37.6228 5
      vertex 8.09816 -38.0988 0
      vertex 10.081 -37.6228 0
    endloop
  endfacet
  facet normal -0.522507 0.852635 0
    outer loop
      vertex -19.475 33.7317 0
      vertex -21.2137 32.6662 5
      vertex -19.475 33.7317 5
    endloop
  endfacet
  facet normal -0.522507 0.852635 0
    outer loop
      vertex -21.2137 32.6662 5
      vertex -19.475 33.7317 0
      vertex -21.2137 32.6662 0
    endloop
  endfacet
  facet normal -0.972374 -0.233428 0
    outer loop
      vertex -37.6228 -10.081 0
      vertex -38.0988 -8.09816 5
      vertex -38.0988 -8.09816 0
    endloop
  endfacet
  facet normal -0.972374 -0.233428 0
    outer loop
      vertex -38.0988 -8.09816 5
      vertex -37.6228 -10.081 0
      vertex -37.6228 -10.081 5
    endloop
  endfacet
  facet normal 0.182277 0.983247 -0
    outer loop
      vertex 8.09816 38.0988 0
      vertex 6.09312 38.4705 5
      vertex 8.09816 38.0988 5
    endloop
  endfacet
  facet normal 0.182277 0.983247 0
    outer loop
      vertex 6.09312 38.4705 5
      vertex 8.09816 38.0988 0
      vertex 6.09312 38.4705 0
    endloop
  endfacet
  facet normal 0.608767 -0.793349 0
    outer loop
      vertex 22.8942 -31.5112 0
      vertex 24.512 -30.2698 5
      vertex 22.8942 -31.5112 5
    endloop
  endfacet
  facet normal 0.608767 -0.793349 0
    outer loop
      vertex 24.512 -30.2698 5
      vertex 22.8942 -31.5112 0
      vertex 24.512 -30.2698 0
    endloop
  endfacet
  facet normal -0.972374 0.233428 0
    outer loop
      vertex -38.0988 8.09816 0
      vertex -37.6228 10.081 5
      vertex -37.6228 10.081 0
    endloop
  endfacet
  facet normal -0.972374 0.233428 0
    outer loop
      vertex -37.6228 10.081 5
      vertex -38.0988 8.09816 0
      vertex -38.0988 8.09816 5
    endloop
  endfacet
  facet normal 0.793349 -0.608767 0
    outer loop
      vertex 30.2698 -24.512 5
      vertex 31.5112 -22.8942 0
      vertex 31.5112 -22.8942 5
    endloop
  endfacet
  facet normal 0.793349 -0.608767 0
    outer loop
      vertex 31.5112 -22.8942 0
      vertex 30.2698 -24.512 5
      vertex 30.2698 -24.512 0
    endloop
  endfacet
  facet normal 0.477147 0.878823 -0
    outer loop
      vertex 19.475 33.7317 0
      vertex 17.6829 34.7047 5
      vertex 19.475 33.7317 5
    endloop
  endfacet
  facet normal 0.477147 0.878823 0
    outer loop
      vertex 17.6829 34.7047 5
      vertex 19.475 33.7317 0
      vertex 17.6829 34.7047 0
    endloop
  endfacet
  facet normal -0.90258 0.430522 0
    outer loop
      vertex -35.5826 15.8424 0
      vertex -34.7047 17.6829 5
      vertex -34.7047 17.6829 0
    endloop
  endfacet
  facet normal -0.90258 0.430522 0
    outer loop
      vertex -34.7047 17.6829 5
      vertex -35.5826 15.8424 0
      vertex -35.5826 15.8424 5
    endloop
  endfacet
  facet normal 0.649437 -0.760415 0
    outer loop
      vertex 24.512 -30.2698 0
      vertex 26.0626 -28.9455 5
      vertex 24.512 -30.2698 5
    endloop
  endfacet
  facet normal 0.649437 -0.760415 0
    outer loop
      vertex 26.0626 -28.9455 5
      vertex 24.512 -30.2698 0
      vertex 26.0626 -28.9455 0
    endloop
  endfacet
  facet normal 0.793349 0.608767 0
    outer loop
      vertex 31.5112 22.8942 5
      vertex 30.2698 24.512 0
      vertex 30.2698 24.512 5
    endloop
  endfacet
  facet normal 0.793349 0.608767 0
    outer loop
      vertex 30.2698 24.512 0
      vertex 31.5112 22.8942 5
      vertex 31.5112 22.8942 0
    endloop
  endfacet
  facet normal -0.28399 0.958827 0
    outer loop
      vertex -10.081 37.6228 0
      vertex -12.0362 37.0437 5
      vertex -10.081 37.6228 5
    endloop
  endfacet
  facet normal -0.28399 0.958827 0
    outer loop
      vertex -12.0362 37.0437 5
      vertex -10.081 37.6228 0
      vertex -12.0362 37.0437 0
    endloop
  endfacet
  facet normal 0.958827 -0.28399 0
    outer loop
      vertex 37.0437 -12.0362 5
      vertex 37.6228 -10.081 0
      vertex 37.6228 -10.081 5
    endloop
  endfacet
  facet normal 0.958827 -0.28399 0
    outer loop
      vertex 37.6228 -10.081 0
      vertex 37.0437 -12.0362 5
      vertex 37.0437 -12.0362 0
    endloop
  endfacet
  facet normal 0.923876 0.382692 0
    outer loop
      vertex 36.363 13.9584 5
      vertex 35.5826 15.8424 0
      vertex 35.5826 15.8424 5
    endloop
  endfacet
  facet normal 0.923876 0.382692 0
    outer loop
      vertex 35.5826 15.8424 0
      vertex 36.363 13.9584 5
      vertex 36.363 13.9584 0
    endloop
  endfacet
  facet normal 0.522507 -0.852635 0
    outer loop
      vertex 19.475 -33.7317 0
      vertex 21.2137 -32.6662 5
      vertex 19.475 -33.7317 5
    endloop
  endfacet
  facet normal 0.522507 -0.852635 0
    outer loop
      vertex 21.2137 -32.6662 5
      vertex 19.475 -33.7317 0
      vertex 21.2137 -32.6662 0
    endloop
  endfacet
  facet normal -0.760415 0.649437 0
    outer loop
      vertex -30.2698 24.512 0
      vertex -28.9455 26.0626 5
      vertex -28.9455 26.0626 0
    endloop
  endfacet
  facet normal -0.760415 0.649437 0
    outer loop
      vertex -28.9455 26.0626 5
      vertex -30.2698 24.512 0
      vertex -30.2698 24.512 5
    endloop
  endfacet
  facet normal -0.649437 -0.760415 0
    outer loop
      vertex -26.0626 -28.9455 0
      vertex -24.512 -30.2698 5
      vertex -26.0626 -28.9455 5
    endloop
  endfacet
  facet normal -0.649437 -0.760415 -0
    outer loop
      vertex -24.512 -30.2698 5
      vertex -26.0626 -28.9455 0
      vertex -24.512 -30.2698 0
    endloop
  endfacet
  facet normal -0.0784627 -0.996917 0
    outer loop
      vertex -4.07138 -38.7366 0
      vertex -2.03848 -38.8966 5
      vertex -4.07138 -38.7366 5
    endloop
  endfacet
  facet normal -0.0784627 -0.996917 -0
    outer loop
      vertex -2.03848 -38.8966 5
      vertex -4.07138 -38.7366 0
      vertex -2.03848 -38.8966 0
    endloop
  endfacet
  facet normal -0.824121 0.566414 0
    outer loop
      vertex -32.6662 21.2137 0
      vertex -31.5112 22.8942 5
      vertex -31.5112 22.8942 0
    endloop
  endfacet
  facet normal -0.824121 0.566414 0
    outer loop
      vertex -31.5112 22.8942 5
      vertex -32.6662 21.2137 0
      vertex -32.6662 21.2137 5
    endloop
  endfacet
  facet normal 0.026187 -0.999657 0
    outer loop
      vertex 0 -38.95 0
      vertex 2.03848 -38.8966 5
      vertex 0 -38.95 5
    endloop
  endfacet
  facet normal 0.026187 -0.999657 0
    outer loop
      vertex 2.03848 -38.8966 5
      vertex 0 -38.95 0
      vertex 2.03848 -38.8966 0
    endloop
  endfacet
  facet normal -0.688352 -0.725376 0
    outer loop
      vertex -27.5418 -27.5418 0
      vertex -26.0626 -28.9455 5
      vertex -27.5418 -27.5418 5
    endloop
  endfacet
  facet normal -0.688352 -0.725376 -0
    outer loop
      vertex -26.0626 -28.9455 5
      vertex -27.5418 -27.5418 0
      vertex -26.0626 -28.9455 0
    endloop
  endfacet
  facet normal 0.90258 0.430522 0
    outer loop
      vertex 35.5826 15.8424 5
      vertex 34.7047 17.6829 0
      vertex 34.7047 17.6829 5
    endloop
  endfacet
  facet normal 0.90258 0.430522 0
    outer loop
      vertex 34.7047 17.6829 0
      vertex 35.5826 15.8424 5
      vertex 35.5826 15.8424 0
    endloop
  endfacet
  facet normal -0.522507 -0.852635 0
    outer loop
      vertex -21.2137 -32.6662 0
      vertex -19.475 -33.7317 5
      vertex -21.2137 -32.6662 5
    endloop
  endfacet
  facet normal -0.522507 -0.852635 -0
    outer loop
      vertex -19.475 -33.7317 5
      vertex -21.2137 -32.6662 0
      vertex -19.475 -33.7317 0
    endloop
  endfacet
  facet normal 0.983247 -0.182277 0
    outer loop
      vertex 38.0988 -8.09816 5
      vertex 38.4705 -6.09312 0
      vertex 38.4705 -6.09312 5
    endloop
  endfacet
  facet normal 0.983247 -0.182277 0
    outer loop
      vertex 38.4705 -6.09312 0
      vertex 38.0988 -8.09816 5
      vertex 38.0988 -8.09816 0
    endloop
  endfacet
  facet normal 0.688352 -0.725376 0
    outer loop
      vertex 26.0626 -28.9455 0
      vertex 27.5418 -27.5418 5
      vertex 26.0626 -28.9455 5
    endloop
  endfacet
  facet normal 0.688352 -0.725376 0
    outer loop
      vertex 27.5418 -27.5418 5
      vertex 26.0626 -28.9455 0
      vertex 27.5418 -27.5418 0
    endloop
  endfacet
  facet normal 0.0784627 0.996917 -0
    outer loop
      vertex 4.07138 38.7366 0
      vertex 2.03848 38.8966 5
      vertex 4.07138 38.7366 5
    endloop
  endfacet
  facet normal 0.0784627 0.996917 0
    outer loop
      vertex 2.03848 38.8966 5
      vertex 4.07138 38.7366 0
      vertex 2.03848 38.8966 0
    endloop
  endfacet
  facet normal 0.725376 -0.688352 0
    outer loop
      vertex 27.5418 -27.5418 5
      vertex 28.9455 -26.0626 0
      vertex 28.9455 -26.0626 5
    endloop
  endfacet
  facet normal 0.725376 -0.688352 0
    outer loop
      vertex 28.9455 -26.0626 0
      vertex 27.5418 -27.5418 5
      vertex 27.5418 -27.5418 0
    endloop
  endfacet
  facet normal 0.649437 0.760415 -0
    outer loop
      vertex 26.0626 28.9455 0
      vertex 24.512 30.2698 5
      vertex 26.0626 28.9455 5
    endloop
  endfacet
  facet normal 0.649437 0.760415 0
    outer loop
      vertex 24.512 30.2698 5
      vertex 26.0626 28.9455 0
      vertex 24.512 30.2698 0
    endloop
  endfacet
  facet normal -0.233428 0.972374 0
    outer loop
      vertex -8.09816 38.0988 0
      vertex -10.081 37.6228 5
      vertex -8.09816 38.0988 5
    endloop
  endfacet
  facet normal -0.233428 0.972374 0
    outer loop
      vertex -10.081 37.6228 5
      vertex -8.09816 38.0988 0
      vertex -10.081 37.6228 0
    endloop
  endfacet
  facet normal -0.28399 -0.958827 0
    outer loop
      vertex -12.0362 -37.0437 0
      vertex -10.081 -37.6228 5
      vertex -12.0362 -37.0437 5
    endloop
  endfacet
  facet normal -0.28399 -0.958827 -0
    outer loop
      vertex -10.081 -37.6228 5
      vertex -12.0362 -37.0437 0
      vertex -10.081 -37.6228 0
    endloop
  endfacet
  facet normal 0.852635 -0.522507 0
    outer loop
      vertex 32.6662 -21.2137 5
      vertex 33.7317 -19.475 0
      vertex 33.7317 -19.475 5
    endloop
  endfacet
  facet normal 0.852635 -0.522507 0
    outer loop
      vertex 33.7317 -19.475 0
      vertex 32.6662 -21.2137 5
      vertex 32.6662 -21.2137 0
    endloop
  endfacet
  facet normal 0.942639 -0.333813 0
    outer loop
      vertex 36.363 -13.9584 5
      vertex 37.0437 -12.0362 0
      vertex 37.0437 -12.0362 5
    endloop
  endfacet
  facet normal 0.942639 -0.333813 0
    outer loop
      vertex 37.0437 -12.0362 0
      vertex 36.363 -13.9584 5
      vertex 36.363 -13.9584 0
    endloop
  endfacet
  facet normal -0.182277 -0.983247 0
    outer loop
      vertex -8.09816 -38.0988 0
      vertex -6.09312 -38.4705 5
      vertex -8.09816 -38.0988 5
    endloop
  endfacet
  facet normal -0.182277 -0.983247 -0
    outer loop
      vertex -6.09312 -38.4705 5
      vertex -8.09816 -38.0988 0
      vertex -6.09312 -38.4705 0
    endloop
  endfacet
  facet normal -0.991449 -0.130494 0
    outer loop
      vertex -38.4705 -6.09312 0
      vertex -38.7366 -4.07138 5
      vertex -38.7366 -4.07138 0
    endloop
  endfacet
  facet normal -0.991449 -0.130494 0
    outer loop
      vertex -38.7366 -4.07138 5
      vertex -38.4705 -6.09312 0
      vertex -38.4705 -6.09312 5
    endloop
  endfacet
  facet normal -0.793349 -0.608767 0
    outer loop
      vertex -30.2698 -24.512 0
      vertex -31.5112 -22.8942 5
      vertex -31.5112 -22.8942 0
    endloop
  endfacet
  facet normal -0.793349 -0.608767 0
    outer loop
      vertex -31.5112 -22.8942 5
      vertex -30.2698 -24.512 0
      vertex -30.2698 -24.512 5
    endloop
  endfacet
  facet normal -0.942639 0.333813 0
    outer loop
      vertex -37.0437 12.0362 0
      vertex -36.363 13.9584 5
      vertex -36.363 13.9584 0
    endloop
  endfacet
  facet normal -0.942639 0.333813 0
    outer loop
      vertex -36.363 13.9584 5
      vertex -37.0437 12.0362 0
      vertex -37.0437 12.0362 5
    endloop
  endfacet
  facet normal -0.991449 0.130494 0
    outer loop
      vertex -38.7366 4.07138 0
      vertex -38.4705 6.09312 5
      vertex -38.4705 6.09312 0
    endloop
  endfacet
  facet normal -0.991449 0.130494 0
    outer loop
      vertex -38.4705 6.09312 5
      vertex -38.7366 4.07138 0
      vertex -38.7366 4.07138 5
    endloop
  endfacet
  facet normal 0.983247 0.182277 0
    outer loop
      vertex 38.4705 6.09312 5
      vertex 38.0988 8.09816 0
      vertex 38.0988 8.09816 5
    endloop
  endfacet
  facet normal 0.983247 0.182277 0
    outer loop
      vertex 38.0988 8.09816 0
      vertex 38.4705 6.09312 5
      vertex 38.4705 6.09312 0
    endloop
  endfacet
  facet normal 0.026187 0.999657 -0
    outer loop
      vertex 2.03848 38.8966 0
      vertex 0 38.95 5
      vertex 2.03848 38.8966 5
    endloop
  endfacet
  facet normal 0.026187 0.999657 0
    outer loop
      vertex 0 38.95 5
      vertex 2.03848 38.8966 0
      vertex 0 38.95 0
    endloop
  endfacet
  facet normal -0.942639 -0.333813 0
    outer loop
      vertex -36.363 -13.9584 0
      vertex -37.0437 -12.0362 5
      vertex -37.0437 -12.0362 0
    endloop
  endfacet
  facet normal -0.942639 -0.333813 0
    outer loop
      vertex -37.0437 -12.0362 5
      vertex -36.363 -13.9584 0
      vertex -36.363 -13.9584 5
    endloop
  endfacet
  facet normal 0.130494 0.991449 -0
    outer loop
      vertex 6.09312 38.4705 0
      vertex 4.07138 38.7366 5
      vertex 6.09312 38.4705 5
    endloop
  endfacet
  facet normal 0.130494 0.991449 0
    outer loop
      vertex 4.07138 38.7366 5
      vertex 6.09312 38.4705 0
      vertex 4.07138 38.7366 0
    endloop
  endfacet
  facet normal 0.972374 -0.233428 0
    outer loop
      vertex 37.6228 -10.081 5
      vertex 38.0988 -8.09816 0
      vertex 38.0988 -8.09816 5
    endloop
  endfacet
  facet normal 0.972374 -0.233428 0
    outer loop
      vertex 38.0988 -8.09816 0
      vertex 37.6228 -10.081 5
      vertex 37.6228 -10.081 0
    endloop
  endfacet
  facet normal 0.430522 0.90258 -0
    outer loop
      vertex 17.6829 34.7047 0
      vertex 15.8424 35.5826 5
      vertex 17.6829 34.7047 5
    endloop
  endfacet
  facet normal 0.430522 0.90258 0
    outer loop
      vertex 15.8424 35.5826 5
      vertex 17.6829 34.7047 0
      vertex 15.8424 35.5826 0
    endloop
  endfacet
  facet normal -0.333813 -0.942639 0
    outer loop
      vertex -13.9584 -36.363 0
      vertex -12.0362 -37.0437 5
      vertex -13.9584 -36.363 5
    endloop
  endfacet
  facet normal -0.333813 -0.942639 -0
    outer loop
      vertex -12.0362 -37.0437 5
      vertex -13.9584 -36.363 0
      vertex -12.0362 -37.0437 0
    endloop
  endfacet
  facet normal -0.130494 -0.991449 0
    outer loop
      vertex -6.09312 -38.4705 0
      vertex -4.07138 -38.7366 5
      vertex -6.09312 -38.4705 5
    endloop
  endfacet
  facet normal -0.130494 -0.991449 -0
    outer loop
      vertex -4.07138 -38.7366 5
      vertex -6.09312 -38.4705 0
      vertex -4.07138 -38.7366 0
    endloop
  endfacet
  facet normal -0.999657 0.026187 0
    outer loop
      vertex -38.95 0 0
      vertex -38.8966 2.03848 5
      vertex -38.8966 2.03848 0
    endloop
  endfacet
  facet normal -0.999657 0.026187 0
    outer loop
      vertex -38.8966 2.03848 5
      vertex -38.95 0 0
      vertex -38.95 0 5
    endloop
  endfacet
  facet normal 0.182277 -0.983247 0
    outer loop
      vertex 6.09312 -38.4705 0
      vertex 8.09816 -38.0988 5
      vertex 6.09312 -38.4705 5
    endloop
  endfacet
  facet normal 0.182277 -0.983247 0
    outer loop
      vertex 8.09816 -38.0988 5
      vertex 6.09312 -38.4705 0
      vertex 8.09816 -38.0988 0
    endloop
  endfacet
  facet normal 0.608767 0.793349 -0
    outer loop
      vertex 24.512 30.2698 0
      vertex 22.8942 31.5112 5
      vertex 24.512 30.2698 5
    endloop
  endfacet
  facet normal 0.608767 0.793349 0
    outer loop
      vertex 22.8942 31.5112 5
      vertex 24.512 30.2698 0
      vertex 22.8942 31.5112 0
    endloop
  endfacet
  facet normal -0.958827 0.28399 0
    outer loop
      vertex -37.6228 10.081 0
      vertex -37.0437 12.0362 5
      vertex -37.0437 12.0362 0
    endloop
  endfacet
  facet normal -0.958827 0.28399 0
    outer loop
      vertex -37.0437 12.0362 5
      vertex -37.6228 10.081 0
      vertex -37.6228 10.081 5
    endloop
  endfacet
  facet normal 0.522507 0.852635 -0
    outer loop
      vertex 21.2137 32.6662 0
      vertex 19.475 33.7317 5
      vertex 21.2137 32.6662 5
    endloop
  endfacet
  facet normal 0.522507 0.852635 0
    outer loop
      vertex 19.475 33.7317 5
      vertex 21.2137 32.6662 0
      vertex 19.475 33.7317 0
    endloop
  endfacet
  facet normal -0.608767 0.793349 0
    outer loop
      vertex -22.8942 31.5112 0
      vertex -24.512 30.2698 5
      vertex -22.8942 31.5112 5
    endloop
  endfacet
  facet normal -0.608767 0.793349 0
    outer loop
      vertex -24.512 30.2698 5
      vertex -22.8942 31.5112 0
      vertex -24.512 30.2698 0
    endloop
  endfacet
  facet normal 0.566414 0.824121 -0
    outer loop
      vertex 22.8942 31.5112 0
      vertex 21.2137 32.6662 5
      vertex 22.8942 31.5112 5
    endloop
  endfacet
  facet normal 0.566414 0.824121 0
    outer loop
      vertex 21.2137 32.6662 5
      vertex 22.8942 31.5112 0
      vertex 21.2137 32.6662 0
    endloop
  endfacet
  facet normal -0.688352 0.725376 0
    outer loop
      vertex -26.0626 28.9455 0
      vertex -27.5418 27.5418 5
      vertex -26.0626 28.9455 5
    endloop
  endfacet
  facet normal -0.688352 0.725376 0
    outer loop
      vertex -27.5418 27.5418 5
      vertex -26.0626 28.9455 0
      vertex -27.5418 27.5418 0
    endloop
  endfacet
  facet normal -0.878823 0.477147 0
    outer loop
      vertex -34.7047 17.6829 0
      vertex -33.7317 19.475 5
      vertex -33.7317 19.475 0
    endloop
  endfacet
  facet normal -0.878823 0.477147 0
    outer loop
      vertex -33.7317 19.475 5
      vertex -34.7047 17.6829 0
      vertex -34.7047 17.6829 5
    endloop
  endfacet
  facet normal -0.793349 0.608767 0
    outer loop
      vertex -31.5112 22.8942 0
      vertex -30.2698 24.512 5
      vertex -30.2698 24.512 0
    endloop
  endfacet
  facet normal -0.793349 0.608767 0
    outer loop
      vertex -30.2698 24.512 5
      vertex -31.5112 22.8942 0
      vertex -31.5112 22.8942 5
    endloop
  endfacet
  facet normal -0.233428 -0.972374 0
    outer loop
      vertex -10.081 -37.6228 0
      vertex -8.09816 -38.0988 5
      vertex -10.081 -37.6228 5
    endloop
  endfacet
  facet normal -0.233428 -0.972374 -0
    outer loop
      vertex -8.09816 -38.0988 5
      vertex -10.081 -37.6228 0
      vertex -8.09816 -38.0988 0
    endloop
  endfacet
  facet normal -0.182277 0.983247 0
    outer loop
      vertex -6.09312 38.4705 0
      vertex -8.09816 38.0988 5
      vertex -6.09312 38.4705 5
    endloop
  endfacet
  facet normal -0.182277 0.983247 0
    outer loop
      vertex -8.09816 38.0988 5
      vertex -6.09312 38.4705 0
      vertex -8.09816 38.0988 0
    endloop
  endfacet
  facet normal -0.430522 0.90258 0
    outer loop
      vertex -15.8424 35.5826 0
      vertex -17.6829 34.7047 5
      vertex -15.8424 35.5826 5
    endloop
  endfacet
  facet normal -0.430522 0.90258 0
    outer loop
      vertex -17.6829 34.7047 5
      vertex -15.8424 35.5826 0
      vertex -17.6829 34.7047 0
    endloop
  endfacet
  facet normal 0.430522 -0.90258 0
    outer loop
      vertex 15.8424 -35.5826 0
      vertex 17.6829 -34.7047 5
      vertex 15.8424 -35.5826 5
    endloop
  endfacet
  facet normal 0.430522 -0.90258 0
    outer loop
      vertex 17.6829 -34.7047 5
      vertex 15.8424 -35.5826 0
      vertex 17.6829 -34.7047 0
    endloop
  endfacet
  facet normal -0.852635 -0.522507 0
    outer loop
      vertex -32.6662 -21.2137 0
      vertex -33.7317 -19.475 5
      vertex -33.7317 -19.475 0
    endloop
  endfacet
  facet normal -0.852635 -0.522507 0
    outer loop
      vertex -33.7317 -19.475 5
      vertex -32.6662 -21.2137 0
      vertex -32.6662 -21.2137 5
    endloop
  endfacet
  facet normal -0.996917 -0.0784627 0
    outer loop
      vertex -38.7366 -4.07138 0
      vertex -38.8966 -2.03848 5
      vertex -38.8966 -2.03848 0
    endloop
  endfacet
  facet normal -0.996917 -0.0784627 0
    outer loop
      vertex -38.8966 -2.03848 5
      vertex -38.7366 -4.07138 0
      vertex -38.7366 -4.07138 5
    endloop
  endfacet
  facet normal -0.878823 -0.477147 0
    outer loop
      vertex -33.7317 -19.475 0
      vertex -34.7047 -17.6829 5
      vertex -34.7047 -17.6829 0
    endloop
  endfacet
  facet normal -0.878823 -0.477147 0
    outer loop
      vertex -34.7047 -17.6829 5
      vertex -33.7317 -19.475 0
      vertex -33.7317 -19.475 5
    endloop
  endfacet
  facet normal -0.382692 0.923876 0
    outer loop
      vertex -13.9584 36.363 0
      vertex -15.8424 35.5826 5
      vertex -13.9584 36.363 5
    endloop
  endfacet
  facet normal -0.382692 0.923876 0
    outer loop
      vertex -15.8424 35.5826 5
      vertex -13.9584 36.363 0
      vertex -15.8424 35.5826 0
    endloop
  endfacet
  facet normal -0.566414 0.824121 0
    outer loop
      vertex -21.2137 32.6662 0
      vertex -22.8942 31.5112 5
      vertex -21.2137 32.6662 5
    endloop
  endfacet
  facet normal -0.566414 0.824121 0
    outer loop
      vertex -22.8942 31.5112 5
      vertex -21.2137 32.6662 0
      vertex -22.8942 31.5112 0
    endloop
  endfacet
  facet normal 0.999657 -0.026187 0
    outer loop
      vertex 38.8966 -2.03848 5
      vertex 38.95 0 0
      vertex 38.95 0 5
    endloop
  endfacet
  facet normal 0.999657 -0.026187 0
    outer loop
      vertex 38.95 0 0
      vertex 38.8966 -2.03848 5
      vertex 38.8966 -2.03848 0
    endloop
  endfacet
  facet normal -0.983247 -0.182277 0
    outer loop
      vertex -38.0988 -8.09816 0
      vertex -38.4705 -6.09312 5
      vertex -38.4705 -6.09312 0
    endloop
  endfacet
  facet normal -0.983247 -0.182277 0
    outer loop
      vertex -38.4705 -6.09312 5
      vertex -38.0988 -8.09816 0
      vertex -38.0988 -8.09816 5
    endloop
  endfacet
  facet normal 0.824121 -0.566414 0
    outer loop
      vertex 31.5112 -22.8942 5
      vertex 32.6662 -21.2137 0
      vertex 32.6662 -21.2137 5
    endloop
  endfacet
  facet normal 0.824121 -0.566414 0
    outer loop
      vertex 32.6662 -21.2137 0
      vertex 31.5112 -22.8942 5
      vertex 31.5112 -22.8942 0
    endloop
  endfacet
  facet normal -0.608767 -0.793349 0
    outer loop
      vertex -24.512 -30.2698 0
      vertex -22.8942 -31.5112 5
      vertex -24.512 -30.2698 5
    endloop
  endfacet
  facet normal -0.608767 -0.793349 -0
    outer loop
      vertex -22.8942 -31.5112 5
      vertex -24.512 -30.2698 0
      vertex -22.8942 -31.5112 0
    endloop
  endfacet
  facet normal 0.333813 -0.942639 0
    outer loop
      vertex 12.0362 -37.0437 0
      vertex 13.9584 -36.363 5
      vertex 12.0362 -37.0437 5
    endloop
  endfacet
  facet normal 0.333813 -0.942639 0
    outer loop
      vertex 13.9584 -36.363 5
      vertex 12.0362 -37.0437 0
      vertex 13.9584 -36.363 0
    endloop
  endfacet
  facet normal -0.430522 -0.90258 0
    outer loop
      vertex -17.6829 -34.7047 0
      vertex -15.8424 -35.5826 5
      vertex -17.6829 -34.7047 5
    endloop
  endfacet
  facet normal -0.430522 -0.90258 -0
    outer loop
      vertex -15.8424 -35.5826 5
      vertex -17.6829 -34.7047 0
      vertex -15.8424 -35.5826 0
    endloop
  endfacet
  facet normal 0.233428 0.972374 -0
    outer loop
      vertex 10.081 37.6228 0
      vertex 8.09816 38.0988 5
      vertex 10.081 37.6228 5
    endloop
  endfacet
  facet normal 0.233428 0.972374 0
    outer loop
      vertex 8.09816 38.0988 5
      vertex 10.081 37.6228 0
      vertex 8.09816 38.0988 0
    endloop
  endfacet
  facet normal 0.824121 0.566414 0
    outer loop
      vertex 32.6662 21.2137 5
      vertex 31.5112 22.8942 0
      vertex 31.5112 22.8942 5
    endloop
  endfacet
  facet normal 0.824121 0.566414 0
    outer loop
      vertex 31.5112 22.8942 0
      vertex 32.6662 21.2137 5
      vertex 32.6662 21.2137 0
    endloop
  endfacet
  facet normal -0.026187 -0.999657 0
    outer loop
      vertex -2.03848 -38.8966 0
      vertex 0 -38.95 5
      vertex -2.03848 -38.8966 5
    endloop
  endfacet
  facet normal -0.026187 -0.999657 -0
    outer loop
      vertex 0 -38.95 5
      vertex -2.03848 -38.8966 0
      vertex 0 -38.95 0
    endloop
  endfacet
  facet normal 0.28399 -0.958827 0
    outer loop
      vertex 10.081 -37.6228 0
      vertex 12.0362 -37.0437 5
      vertex 10.081 -37.6228 5
    endloop
  endfacet
  facet normal 0.28399 -0.958827 0
    outer loop
      vertex 12.0362 -37.0437 5
      vertex 10.081 -37.6228 0
      vertex 12.0362 -37.0437 0
    endloop
  endfacet
  facet normal 0.333813 0.942639 -0
    outer loop
      vertex 13.9584 36.363 0
      vertex 12.0362 37.0437 5
      vertex 13.9584 36.363 5
    endloop
  endfacet
  facet normal 0.333813 0.942639 0
    outer loop
      vertex 12.0362 37.0437 5
      vertex 13.9584 36.363 0
      vertex 12.0362 37.0437 0
    endloop
  endfacet
  facet normal -0.477147 0.878823 0
    outer loop
      vertex -17.6829 34.7047 0
      vertex -19.475 33.7317 5
      vertex -17.6829 34.7047 5
    endloop
  endfacet
  facet normal -0.477147 0.878823 0
    outer loop
      vertex -19.475 33.7317 5
      vertex -17.6829 34.7047 0
      vertex -19.475 33.7317 0
    endloop
  endfacet
  facet normal -0.983247 0.182277 0
    outer loop
      vertex -38.4705 6.09312 0
      vertex -38.0988 8.09816 5
      vertex -38.0988 8.09816 0
    endloop
  endfacet
  facet normal -0.983247 0.182277 0
    outer loop
      vertex -38.0988 8.09816 5
      vertex -38.4705 6.09312 0
      vertex -38.4705 6.09312 5
    endloop
  endfacet
  facet normal -0.382692 -0.923876 0
    outer loop
      vertex -15.8424 -35.5826 0
      vertex -13.9584 -36.363 5
      vertex -15.8424 -35.5826 5
    endloop
  endfacet
  facet normal -0.382692 -0.923876 -0
    outer loop
      vertex -13.9584 -36.363 5
      vertex -15.8424 -35.5826 0
      vertex -13.9584 -36.363 0
    endloop
  endfacet
  facet normal 0.90258 -0.430522 0
    outer loop
      vertex 34.7047 -17.6829 5
      vertex 35.5826 -15.8424 0
      vertex 35.5826 -15.8424 5
    endloop
  endfacet
  facet normal 0.90258 -0.430522 0
    outer loop
      vertex 35.5826 -15.8424 0
      vertex 34.7047 -17.6829 5
      vertex 34.7047 -17.6829 0
    endloop
  endfacet
  facet normal -0.477147 -0.878823 0
    outer loop
      vertex -19.475 -33.7317 0
      vertex -17.6829 -34.7047 5
      vertex -19.475 -33.7317 5
    endloop
  endfacet
  facet normal -0.477147 -0.878823 -0
    outer loop
      vertex -17.6829 -34.7047 5
      vertex -19.475 -33.7317 0
      vertex -17.6829 -34.7047 0
    endloop
  endfacet
  facet normal -0.90258 -0.430522 0
    outer loop
      vertex -34.7047 -17.6829 0
      vertex -35.5826 -15.8424 5
      vertex -35.5826 -15.8424 0
    endloop
  endfacet
  facet normal -0.90258 -0.430522 0
    outer loop
      vertex -35.5826 -15.8424 5
      vertex -34.7047 -17.6829 0
      vertex -34.7047 -17.6829 5
    endloop
  endfacet
  facet normal -0 0 -1
    outer loop
      vertex -17.7206 15.6715 0
      vertex -23.6118 1.44889 0
      vertex -18.0312 15.9099 0
    endloop
  endfacet
  facet normal 0 0 -1
    outer loop
      vertex -24 1.5 0
      vertex -18.0312 15.9099 0
      vertex -23.6118 1.44889 0
    endloop
  endfacet
  facet normal -0 0 -1
    outer loop
      vertex -18.0312 15.9099 0
      vertex -24 1.5 0
      vertex -18.2696 16.2206 0
    endloop
  endfacet
  facet normal 0 0 -1
    outer loop
      vertex -18.4706 16.9706 0
      vertex -22.8942 31.5112 0
      vertex -21.2137 32.6662 0
    endloop
  endfacet
  facet normal 0 0 -1
    outer loop
      vertex -24.3882 1.44889 0
      vertex -18.2696 16.2206 0
      vertex -24 1.5 0
    endloop
  endfacet
  facet normal 0 0 -1
    outer loop
      vertex -35.5826 15.8424 0
      vertex -18.2696 16.2206 0
      vertex -24.3882 1.44889 0
    endloop
  endfacet
  facet normal -0 0 -1
    outer loop
      vertex -18.2696 16.2206 0
      vertex -35.5826 15.8424 0
      vertex -18.4195 16.5823 0
    endloop
  endfacet
  facet normal 0 -0 -1
    outer loop
      vertex -34.7047 17.6829 0
      vertex -18.4195 16.5823 0
      vertex -35.5826 15.8424 0
    endloop
  endfacet
  facet normal 0 0 -1
    outer loop
      vertex -18.4706 16.9706 0
      vertex -24.512 30.2698 0
      vertex -22.8942 31.5112 0
    endloop
  endfacet
  facet normal 0 0 -1
    outer loop
      vertex -36.363 13.9584 0
      vertex -24.3882 1.44889 0
      vertex -24.75 1.29904 0
    endloop
  endfacet
  facet normal 0 0 -1
    outer loop
      vertex -37.6228 10.081 0
      vertex -24.75 1.29904 0
      vertex -25.0607 1.06066 0
    endloop
  endfacet
  facet normal 0 0 -1
    outer loop
      vertex -38.4705 6.09312 0
      vertex -25.0607 1.06066 0
      vertex -25.299 0.75 0
    endloop
  endfacet
  facet normal 0 0 -1
    outer loop
      vertex -38.7366 4.07138 0
      vertex -25.299 0.75 0
      vertex -25.4489 0.388228 0
    endloop
  endfacet
  facet normal 0 0 -1
    outer loop
      vertex -38.8966 2.03848 0
      vertex -25.4489 0.388228 0
      vertex -25.5 0 0
    endloop
  endfacet
  facet normal 0 0 -1
    outer loop
      vertex -18.4706 16.9706 0
      vertex -26.0626 28.9455 0
      vertex -24.512 30.2698 0
    endloop
  endfacet
  facet normal 0 0 -1
    outer loop
      vertex -34.7047 -17.6829 0
      vertex -24 -1.5 0
      vertex -33.7317 -19.475 0
    endloop
  endfacet
  facet normal 0 0 -1
    outer loop
      vertex -35.5826 -15.8424 0
      vertex -24 -1.5 0
      vertex -34.7047 -17.6829 0
    endloop
  endfacet
  facet normal 0 0 -1
    outer loop
      vertex -18.4706 16.9706 0
      vertex -27.5418 27.5418 0
      vertex -26.0626 28.9455 0
    endloop
  endfacet
  facet normal -0 0 -1
    outer loop
      vertex -24 -1.5 0
      vertex -35.5826 -15.8424 0
      vertex -24.3882 -1.44889 0
    endloop
  endfacet
  facet normal 0 0 -1
    outer loop
      vertex -18.4706 16.9706 0
      vertex -28.9455 26.0626 0
      vertex -27.5418 27.5418 0
    endloop
  endfacet
  facet normal 0 0 -1
    outer loop
      vertex -36.363 -13.9584 0
      vertex -24.3882 -1.44889 0
      vertex -35.5826 -15.8424 0
    endloop
  endfacet
  facet normal 0 0 -1
    outer loop
      vertex -18.4706 16.9706 0
      vertex -30.2698 24.512 0
      vertex -28.9455 26.0626 0
    endloop
  endfacet
  facet normal -0 0 -1
    outer loop
      vertex -24.3882 -1.44889 0
      vertex -36.363 -13.9584 0
      vertex -24.75 -1.29904 0
    endloop
  endfacet
  facet normal 0 0 -1
    outer loop
      vertex -18.4706 16.9706 0
      vertex -31.5112 22.8942 0
      vertex -30.2698 24.512 0
    endloop
  endfacet
  facet normal 0 0 -1
    outer loop
      vertex -37.0437 -12.0362 0
      vertex -24.75 -1.29904 0
      vertex -36.363 -13.9584 0
    endloop
  endfacet
  facet normal 0 0 -1
    outer loop
      vertex -18.4706 16.9706 0
      vertex -32.6662 21.2137 0
      vertex -31.5112 22.8942 0
    endloop
  endfacet
  facet normal 0 0 -1
    outer loop
      vertex -37.6228 -10.081 0
      vertex -24.75 -1.29904 0
      vertex -37.0437 -12.0362 0
    endloop
  endfacet
  facet normal 0 0 -1
    outer loop
      vertex -18.4706 16.9706 0
      vertex -33.7317 19.475 0
      vertex -32.6662 21.2137 0
    endloop
  endfacet
  facet normal -0 0 -1
    outer loop
      vertex -24.75 -1.29904 0
      vertex -37.6228 -10.081 0
      vertex -25.0607 -1.06066 0
    endloop
  endfacet
  facet normal 0 0 -1
    outer loop
      vertex -18.4195 16.5823 0
      vertex -33.7317 19.475 0
      vertex -18.4706 16.9706 0
    endloop
  endfacet
  facet normal 0 0 -1
    outer loop
      vertex -38.0988 -8.09816 0
      vertex -25.0607 -1.06066 0
      vertex -37.6228 -10.081 0
    endloop
  endfacet
  facet normal 0 -0 -1
    outer loop
      vertex -33.7317 19.475 0
      vertex -18.4195 16.5823 0
      vertex -34.7047 17.6829 0
    endloop
  endfacet
  facet normal 0 0 -1
    outer loop
      vertex -38.4705 -6.09312 0
      vertex -25.0607 -1.06066 0
      vertex -38.0988 -8.09816 0
    endloop
  endfacet
  facet normal 0 0 -1
    outer loop
      vertex -24.3882 1.44889 0
      vertex -36.363 13.9584 0
      vertex -35.5826 15.8424 0
    endloop
  endfacet
  facet normal -0 0 -1
    outer loop
      vertex -25.0607 -1.06066 0
      vertex -38.4705 -6.09312 0
      vertex -25.299 -0.75 0
    endloop
  endfacet
  facet normal 0 0 -1
    outer loop
      vertex -24.75 1.29904 0
      vertex -37.0437 12.0362 0
      vertex -36.363 13.9584 0
    endloop
  endfacet
  facet normal 0 0 -1
    outer loop
      vertex -38.7366 -4.07138 0
      vertex -25.299 -0.75 0
      vertex -38.4705 -6.09312 0
    endloop
  endfacet
  facet normal 0 0 -1
    outer loop
      vertex -24.75 1.29904 0
      vertex -37.6228 10.081 0
      vertex -37.0437 12.0362 0
    endloop
  endfacet
  facet normal -0 0 -1
    outer loop
      vertex -25.299 -0.75 0
      vertex -38.7366 -4.07138 0
      vertex -25.4489 -0.388228 0
    endloop
  endfacet
  facet normal 0 0 -1
    outer loop
      vertex -25.0607 1.06066 0
      vertex -38.0988 8.09816 0
      vertex -37.6228 10.081 0
    endloop
  endfacet
  facet normal 0 0 -1
    outer loop
      vertex -38.8966 -2.03848 0
      vertex -25.4489 -0.388228 0
      vertex -38.7366 -4.07138 0
    endloop
  endfacet
  facet normal 0 0 -1
    outer loop
      vertex -25.0607 1.06066 0
      vertex -38.4705 6.09312 0
      vertex -38.0988 8.09816 0
    endloop
  endfacet
  facet normal -0 0 -1
    outer loop
      vertex -25.4489 -0.388228 0
      vertex -38.8966 -2.03848 0
      vertex -25.5 0 0
    endloop
  endfacet
  facet normal 0 0 -1
    outer loop
      vertex -25.299 0.75 0
      vertex -38.7366 4.07138 0
      vertex -38.4705 6.09312 0
    endloop
  endfacet
  facet normal 0 0 -1
    outer loop
      vertex -38.95 0 0
      vertex -25.5 0 0
      vertex -38.8966 -2.03848 0
    endloop
  endfacet
  facet normal 0 0 -1
    outer loop
      vertex -25.4489 0.388228 0
      vertex -38.8966 2.03848 0
      vertex -38.7366 4.07138 0
    endloop
  endfacet
  facet normal 0 0 -1
    outer loop
      vertex -25.5 0 0
      vertex -38.95 0 0
      vertex -38.8966 2.03848 0
    endloop
  endfacet
  facet normal 0 0 -1
    outer loop
      vertex -15.9099 -15.9099 0
      vertex 0 -22.5 0
      vertex -15.6715 -16.2206 0
    endloop
  endfacet
  facet normal 0 0 -1
    outer loop
      vertex 0 22.5 0
      vertex -15.5217 16.5823 0
      vertex -15.4706 16.9706 0
    endloop
  endfacet
  facet normal 0 0 -1
    outer loop
      vertex 0 -22.5 0
      vertex -15.9099 -15.9099 0
      vertex 0 22.5 0
    endloop
  endfacet
  facet normal 0 0 -1
    outer loop
      vertex 0 22.5 0
      vertex -15.6715 16.2206 0
      vertex -15.5217 16.5823 0
    endloop
  endfacet
  facet normal 0 0 -1
    outer loop
      vertex -15.9099 15.9099 0
      vertex 0 22.5 0
      vertex -15.9099 -15.9099 0
    endloop
  endfacet
  facet normal 0 0 -1
    outer loop
      vertex 0 22.5 0
      vertex -15.9099 15.9099 0
      vertex -15.6715 16.2206 0
    endloop
  endfacet
  facet normal 0 0 -1
    outer loop
      vertex -22.5 0 0
      vertex -15.9099 -15.9099 0
      vertex -16.2206 -15.6715 0
    endloop
  endfacet
  facet normal 0 0 -1
    outer loop
      vertex -15.9099 -15.9099 0
      vertex -22.5 0 0
      vertex -15.9099 15.9099 0
    endloop
  endfacet
  facet normal 0 0 -1
    outer loop
      vertex -22.5 0 0
      vertex -16.2206 -15.6715 0
      vertex -16.5823 -15.5217 0
    endloop
  endfacet
  facet normal 0 0 -1
    outer loop
      vertex -15.9099 15.9099 0
      vertex -22.5 0 0
      vertex -16.2206 15.6715 0
    endloop
  endfacet
  facet normal 0 0 -1
    outer loop
      vertex -22.5 0 0
      vertex -16.5823 -15.5217 0
      vertex -16.9706 -15.4706 0
    endloop
  endfacet
  facet normal 0 0 -1
    outer loop
      vertex -22.5511 0.388228 0
      vertex -16.2206 15.6715 0
      vertex -22.5 0 0
    endloop
  endfacet
  facet normal 0 0 -1
    outer loop
      vertex -22.5 0 0
      vertex -16.9706 -15.4706 0
      vertex -17.3588 -15.5217 0
    endloop
  endfacet
  facet normal 0 0 -1
    outer loop
      vertex -16.2206 15.6715 0
      vertex -22.5511 0.388228 0
      vertex -16.5823 15.5217 0
    endloop
  endfacet
  facet normal 0 0 -1
    outer loop
      vertex -22.5 0 0
      vertex -17.3588 -15.5217 0
      vertex -17.7206 -15.6715 0
    endloop
  endfacet
  facet normal 0 0 -1
    outer loop
      vertex -22.701 0.75 0
      vertex -16.5823 15.5217 0
      vertex -22.5511 0.388228 0
    endloop
  endfacet
  facet normal 0 0 -1
    outer loop
      vertex -22.5 0 0
      vertex -17.7206 -15.6715 0
      vertex -18.0312 -15.9099 0
    endloop
  endfacet
  facet normal 0 0 -1
    outer loop
      vertex -16.5823 15.5217 0
      vertex -22.701 0.75 0
      vertex -16.9706 15.4706 0
    endloop
  endfacet
  facet normal 0 0 -1
    outer loop
      vertex -22.5 0 0
      vertex -18.0312 -15.9099 0
      vertex -18.2696 -16.2206 0
    endloop
  endfacet
  facet normal 0 0 -1
    outer loop
      vertex -22.9393 1.06066 0
      vertex -16.9706 15.4706 0
      vertex -22.701 0.75 0
    endloop
  endfacet
  facet normal 0 0 -1
    outer loop
      vertex -22.5 0 0
      vertex -18.2696 -16.2206 0
      vertex -18.4195 -16.5823 0
    endloop
  endfacet
  facet normal -0 0 -1
    outer loop
      vertex -16.9706 15.4706 0
      vertex -22.9393 1.06066 0
      vertex -17.3588 15.5217 0
    endloop
  endfacet
  facet normal 0 0 -1
    outer loop
      vertex -22.5 0 0
      vertex -18.4195 -16.5823 0
      vertex -18.4706 -16.9706 0
    endloop
  endfacet
  facet normal 0 0 -1
    outer loop
      vertex -23.25 1.29904 0
      vertex -17.3588 15.5217 0
      vertex -22.9393 1.06066 0
    endloop
  endfacet
  facet normal -0 0 -1
    outer loop
      vertex -1.44889 23.6118 0
      vertex -15.6715 17.7206 0
      vertex -1.5 24 0
    endloop
  endfacet
  facet normal 0 0 -1
    outer loop
      vertex -15.9099 18.0312 0
      vertex -1.5 24 0
      vertex -15.6715 17.7206 0
    endloop
  endfacet
  facet normal -0 0 -1
    outer loop
      vertex -1.5 24 0
      vertex -15.9099 18.0312 0
      vertex -1.44889 24.3882 0
    endloop
  endfacet
  facet normal 0 0 -1
    outer loop
      vertex -16.2206 18.2696 0
      vertex -1.44889 24.3882 0
      vertex -15.9099 18.0312 0
    endloop
  endfacet
  facet normal -0 0 -1
    outer loop
      vertex -1.44889 24.3882 0
      vertex -16.2206 18.2696 0
      vertex -13.9584 36.363 0
    endloop
  endfacet
  facet normal 0 0 -1
    outer loop
      vertex -13.9584 36.363 0
      vertex -16.2206 18.2696 0
      vertex -15.8424 35.5826 0
    endloop
  endfacet
  facet normal 0 0 -1
    outer loop
      vertex -16.5823 18.4195 0
      vertex -15.8424 35.5826 0
      vertex -16.2206 18.2696 0
    endloop
  endfacet
  facet normal 0 0 -1
    outer loop
      vertex -19.475 33.7317 0
      vertex -16.5823 18.4195 0
      vertex -16.9706 18.4706 0
    endloop
  endfacet
  facet normal 0 0 -1
    outer loop
      vertex -21.2137 32.6662 0
      vertex -16.9706 18.4706 0
      vertex -17.3588 18.4195 0
    endloop
  endfacet
  facet normal 0 0 -1
    outer loop
      vertex -16.5823 18.4195 0
      vertex -17.6829 34.7047 0
      vertex -15.8424 35.5826 0
    endloop
  endfacet
  facet normal 0 0 -1
    outer loop
      vertex -21.2137 32.6662 0
      vertex -17.3588 18.4195 0
      vertex -17.7206 18.2696 0
    endloop
  endfacet
  facet normal 0 0 -1
    outer loop
      vertex -21.2137 32.6662 0
      vertex -17.7206 18.2696 0
      vertex -18.0312 18.0312 0
    endloop
  endfacet
  facet normal 0 0 -1
    outer loop
      vertex -21.2137 32.6662 0
      vertex -18.0312 18.0312 0
      vertex -18.2696 17.7206 0
    endloop
  endfacet
  facet normal 0 0 -1
    outer loop
      vertex -21.2137 32.6662 0
      vertex -18.2696 17.7206 0
      vertex -18.4195 17.3588 0
    endloop
  endfacet
  facet normal 0 0 -1
    outer loop
      vertex -21.2137 32.6662 0
      vertex -18.4195 17.3588 0
      vertex -18.4706 16.9706 0
    endloop
  endfacet
  facet normal 0 0 -1
    outer loop
      vertex -16.5823 18.4195 0
      vertex -19.475 33.7317 0
      vertex -17.6829 34.7047 0
    endloop
  endfacet
  facet normal -0 0 -1
    outer loop
      vertex -17.3588 15.5217 0
      vertex -23.25 1.29904 0
      vertex -17.7206 15.6715 0
    endloop
  endfacet
  facet normal 0 0 -1
    outer loop
      vertex -22.9393 -1.06066 0
      vertex -19.475 -33.7317 0
      vertex -21.2137 -32.6662 0
    endloop
  endfacet
  facet normal 0 0 -1
    outer loop
      vertex -23.6118 1.44889 0
      vertex -17.7206 15.6715 0
      vertex -23.25 1.29904 0
    endloop
  endfacet
  facet normal 0 0 -1
    outer loop
      vertex -16.9706 18.4706 0
      vertex -21.2137 32.6662 0
      vertex -19.475 33.7317 0
    endloop
  endfacet
  facet normal 0 0 -1
    outer loop
      vertex -19.475 -33.7317 0
      vertex -22.5511 -0.388228 0
      vertex -22.5 0 0
    endloop
  endfacet
  facet normal 0 0 -1
    outer loop
      vertex -19.475 -33.7317 0
      vertex -22.701 -0.75 0
      vertex -22.5511 -0.388228 0
    endloop
  endfacet
  facet normal 0 0 -1
    outer loop
      vertex -22.9393 -1.06066 0
      vertex -21.2137 -32.6662 0
      vertex -22.8942 -31.5112 0
    endloop
  endfacet
  facet normal 0 0 -1
    outer loop
      vertex -19.475 -33.7317 0
      vertex -22.9393 -1.06066 0
      vertex -22.701 -0.75 0
    endloop
  endfacet
  facet normal 0 0 -1
    outer loop
      vertex -22.8942 -31.5112 0
      vertex -23.25 -1.29904 0
      vertex -22.9393 -1.06066 0
    endloop
  endfacet
  facet normal 0 0 -1
    outer loop
      vertex -24.512 -30.2698 0
      vertex -23.25 -1.29904 0
      vertex -22.8942 -31.5112 0
    endloop
  endfacet
  facet normal 0 0 -1
    outer loop
      vertex -26.0626 -28.9455 0
      vertex -23.25 -1.29904 0
      vertex -24.512 -30.2698 0
    endloop
  endfacet
  facet normal 0 0 -1
    outer loop
      vertex -27.5418 -27.5418 0
      vertex -23.25 -1.29904 0
      vertex -26.0626 -28.9455 0
    endloop
  endfacet
  facet normal 0 0 -1
    outer loop
      vertex -28.9455 -26.0626 0
      vertex -23.25 -1.29904 0
      vertex -27.5418 -27.5418 0
    endloop
  endfacet
  facet normal 0 0 -1
    outer loop
      vertex -23.25 -1.29904 0
      vertex -28.9455 -26.0626 0
      vertex -23.6118 -1.44889 0
    endloop
  endfacet
  facet normal 0 0 -1
    outer loop
      vertex -30.2698 -24.512 0
      vertex -23.6118 -1.44889 0
      vertex -28.9455 -26.0626 0
    endloop
  endfacet
  facet normal 0 0 -1
    outer loop
      vertex -31.5112 -22.8942 0
      vertex -23.6118 -1.44889 0
      vertex -30.2698 -24.512 0
    endloop
  endfacet
  facet normal 0 0 -1
    outer loop
      vertex -32.6662 -21.2137 0
      vertex -23.6118 -1.44889 0
      vertex -31.5112 -22.8942 0
    endloop
  endfacet
  facet normal 0 0 -1
    outer loop
      vertex -23.6118 -1.44889 0
      vertex -32.6662 -21.2137 0
      vertex -24 -1.5 0
    endloop
  endfacet
  facet normal 0 0 -1
    outer loop
      vertex -33.7317 -19.475 0
      vertex -24 -1.5 0
      vertex -32.6662 -21.2137 0
    endloop
  endfacet
  facet normal -0 0 -1
    outer loop
      vertex 15.5217 -16.5823 0
      vertex 0.75 -22.701 0
      vertex 15.6715 -16.2206 0
    endloop
  endfacet
  facet normal 0 0 -1
    outer loop
      vertex 15.9099 15.9099 0
      vertex 1.44889 23.6118 0
      vertex 1.5 24 0
    endloop
  endfacet
  facet normal 0 0 -1
    outer loop
      vertex 0.388228 -22.5511 0
      vertex 15.6715 -16.2206 0
      vertex 0.75 -22.701 0
    endloop
  endfacet
  facet normal 0 0 -1
    outer loop
      vertex 15.9099 15.9099 0
      vertex 1.29904 23.25 0
      vertex 1.44889 23.6118 0
    endloop
  endfacet
  facet normal -0 0 -1
    outer loop
      vertex 15.6715 -16.2206 0
      vertex 0.388228 -22.5511 0
      vertex 15.9099 -15.9099 0
    endloop
  endfacet
  facet normal 0 0 -1
    outer loop
      vertex 15.9099 15.9099 0
      vertex 1.06066 22.9393 0
      vertex 1.29904 23.25 0
    endloop
  endfacet
  facet normal 0 0 -1
    outer loop
      vertex 0 -22.5 0
      vertex 15.9099 -15.9099 0
      vertex 0.388228 -22.5511 0
    endloop
  endfacet
  facet normal 0 0 -1
    outer loop
      vertex 15.9099 15.9099 0
      vertex 0.75 22.701 0
      vertex 1.06066 22.9393 0
    endloop
  endfacet
  facet normal -0 0 -1
    outer loop
      vertex 15.9099 -15.9099 0
      vertex 0 -22.5 0
      vertex 15.9099 15.9099 0
    endloop
  endfacet
  facet normal 0 0 -1
    outer loop
      vertex 15.9099 15.9099 0
      vertex 0.388228 22.5511 0
      vertex 0.75 22.701 0
    endloop
  endfacet
  facet normal 0 0 -1
    outer loop
      vertex 0 22.5 0
      vertex 15.9099 15.9099 0
      vertex 0 -22.5 0
    endloop
  endfacet
  facet normal 0 0 -1
    outer loop
      vertex 15.9099 15.9099 0
      vertex 0 22.5 0
      vertex 0.388228 22.5511 0
    endloop
  endfacet
  facet normal 0 0 -1
    outer loop
      vertex -0.75 -22.701 0
      vertex -15.5217 -16.5823 0
      vertex -0.388228 -22.5511 0
    endloop
  endfacet
  facet normal 0 0 -1
    outer loop
      vertex -15.6715 -16.2206 0
      vertex -0.388228 -22.5511 0
      vertex -15.5217 -16.5823 0
    endloop
  endfacet
  facet normal 0 0 -1
    outer loop
      vertex -15.5217 -16.5823 0
      vertex -0.75 -22.701 0
      vertex -15.4706 -16.9706 0
    endloop
  endfacet
  facet normal 0 0 -1
    outer loop
      vertex -0.388228 -22.5511 0
      vertex -15.6715 -16.2206 0
      vertex 0 -22.5 0
    endloop
  endfacet
  facet normal 0 0 -1
    outer loop
      vertex -15.4706 -16.9706 0
      vertex -0.75 -22.701 0
      vertex -1.06066 -22.9393 0
    endloop
  endfacet
  facet normal -0 0 -1
    outer loop
      vertex 0 22.5 0
      vertex -15.4706 16.9706 0
      vertex -0.388228 22.5511 0
    endloop
  endfacet
  facet normal 0 0 -1
    outer loop
      vertex -15.4706 -16.9706 0
      vertex -1.06066 -22.9393 0
      vertex -1.29904 -23.25 0
    endloop
  endfacet
  facet normal -0 0 -1
    outer loop
      vertex -0.388228 22.5511 0
      vertex -15.4706 16.9706 0
      vertex -0.75 22.701 0
    endloop
  endfacet
  facet normal 0 0 -1
    outer loop
      vertex -15.4706 -16.9706 0
      vertex -1.29904 -23.25 0
      vertex -1.44889 -23.6118 0
    endloop
  endfacet
  facet normal -0 0 -1
    outer loop
      vertex -0.75 22.701 0
      vertex -15.4706 16.9706 0
      vertex -1.06066 22.9393 0
    endloop
  endfacet
  facet normal 0 0 -1
    outer loop
      vertex -15.4706 -16.9706 0
      vertex -1.44889 -23.6118 0
      vertex -1.5 -24 0
    endloop
  endfacet
  facet normal -0 0 -1
    outer loop
      vertex -1.06066 22.9393 0
      vertex -15.4706 16.9706 0
      vertex -1.29904 23.25 0
    endloop
  endfacet
  facet normal -0 0 -1
    outer loop
      vertex 10.081 37.6228 0
      vertex 1.06066 25.0607 0
      vertex 8.09816 38.0988 0
    endloop
  endfacet
  facet normal -0 0 -1
    outer loop
      vertex 8.09816 38.0988 0
      vertex 1.06066 25.0607 0
      vertex 6.09312 38.4705 0
    endloop
  endfacet
  facet normal 0 0 -1
    outer loop
      vertex 0.75 25.299 0
      vertex 6.09312 38.4705 0
      vertex 1.06066 25.0607 0
    endloop
  endfacet
  facet normal -0 0 -1
    outer loop
      vertex 6.09312 38.4705 0
      vertex 0.75 25.299 0
      vertex 4.07138 38.7366 0
    endloop
  endfacet
  facet normal 0 0 -1
    outer loop
      vertex 0.388228 25.4489 0
      vertex 4.07138 38.7366 0
      vertex 0.75 25.299 0
    endloop
  endfacet
  facet normal -0 0 -1
    outer loop
      vertex 4.07138 38.7366 0
      vertex 0.388228 25.4489 0
      vertex 2.03848 38.8966 0
    endloop
  endfacet
  facet normal 0 0 -1
    outer loop
      vertex 0 25.5 0
      vertex 2.03848 38.8966 0
      vertex 0.388228 25.4489 0
    endloop
  endfacet
  facet normal 0 0 -1
    outer loop
      vertex 0 25.5 0
      vertex 0 38.95 0
      vertex 2.03848 38.8966 0
    endloop
  endfacet
  facet normal 0 0 -1
    outer loop
      vertex -2.03848 38.8966 0
      vertex 0 25.5 0
      vertex -0.388228 25.4489 0
    endloop
  endfacet
  facet normal 0 0 -1
    outer loop
      vertex -4.07138 38.7366 0
      vertex -0.388228 25.4489 0
      vertex -0.75 25.299 0
    endloop
  endfacet
  facet normal 0 0 -1
    outer loop
      vertex -6.09312 38.4705 0
      vertex -0.75 25.299 0
      vertex -1.06066 25.0607 0
    endloop
  endfacet
  facet normal 0 0 -1
    outer loop
      vertex -10.081 37.6228 0
      vertex -1.06066 25.0607 0
      vertex -1.29904 24.75 0
    endloop
  endfacet
  facet normal 0 0 -1
    outer loop
      vertex -12.0362 37.0437 0
      vertex -1.29904 24.75 0
      vertex -1.44889 24.3882 0
    endloop
  endfacet
  facet normal 0 0 -1
    outer loop
      vertex -15.6715 17.7206 0
      vertex -1.44889 23.6118 0
      vertex -15.5217 17.3588 0
    endloop
  endfacet
  facet normal 0 0 -1
    outer loop
      vertex 0 25.5 0
      vertex -2.03848 38.8966 0
      vertex 0 38.95 0
    endloop
  endfacet
  facet normal 0 0 -1
    outer loop
      vertex -15.5217 17.3588 0
      vertex -1.29904 23.25 0
      vertex -15.4706 16.9706 0
    endloop
  endfacet
  facet normal 0 0 -1
    outer loop
      vertex -15.6715 -17.7206 0
      vertex -2.03848 -38.8966 0
      vertex -4.07138 -38.7366 0
    endloop
  endfacet
  facet normal -0 0 -1
    outer loop
      vertex -1.29904 23.25 0
      vertex -15.5217 17.3588 0
      vertex -1.44889 23.6118 0
    endloop
  endfacet
  facet normal 0 0 -1
    outer loop
      vertex -15.6715 -17.7206 0
      vertex -4.07138 -38.7366 0
      vertex -6.09312 -38.4705 0
    endloop
  endfacet
  facet normal 0 0 -1
    outer loop
      vertex -0.388228 25.4489 0
      vertex -4.07138 38.7366 0
      vertex -2.03848 38.8966 0
    endloop
  endfacet
  facet normal 0 0 -1
    outer loop
      vertex -15.6715 -17.7206 0
      vertex -6.09312 -38.4705 0
      vertex -8.09816 -38.0988 0
    endloop
  endfacet
  facet normal 0 0 -1
    outer loop
      vertex -0.75 25.299 0
      vertex -6.09312 38.4705 0
      vertex -4.07138 38.7366 0
    endloop
  endfacet
  facet normal 0 0 -1
    outer loop
      vertex -15.9099 -18.0312 0
      vertex -8.09816 -38.0988 0
      vertex -10.081 -37.6228 0
    endloop
  endfacet
  facet normal 0 0 -1
    outer loop
      vertex -1.06066 25.0607 0
      vertex -8.09816 38.0988 0
      vertex -6.09312 38.4705 0
    endloop
  endfacet
  facet normal 0 0 -1
    outer loop
      vertex -15.9099 -18.0312 0
      vertex -10.081 -37.6228 0
      vertex -12.0362 -37.0437 0
    endloop
  endfacet
  facet normal 0 0 -1
    outer loop
      vertex -1.06066 25.0607 0
      vertex -10.081 37.6228 0
      vertex -8.09816 38.0988 0
    endloop
  endfacet
  facet normal 0 0 -1
    outer loop
      vertex -15.9099 -18.0312 0
      vertex -12.0362 -37.0437 0
      vertex -13.9584 -36.363 0
    endloop
  endfacet
  facet normal 0 0 -1
    outer loop
      vertex -1.29904 24.75 0
      vertex -12.0362 37.0437 0
      vertex -10.081 37.6228 0
    endloop
  endfacet
  facet normal 0 0 -1
    outer loop
      vertex -1.44889 24.3882 0
      vertex -13.9584 36.363 0
      vertex -12.0362 37.0437 0
    endloop
  endfacet
  facet normal 0 0 -1
    outer loop
      vertex -2.03848 -38.8966 0
      vertex -15.5217 -17.3588 0
      vertex -15.4706 -16.9706 0
    endloop
  endfacet
  facet normal 0 0 -1
    outer loop
      vertex -2.03848 -38.8966 0
      vertex -15.6715 -17.7206 0
      vertex -15.5217 -17.3588 0
    endloop
  endfacet
  facet normal 0 0 -1
    outer loop
      vertex -16.2206 -18.2696 0
      vertex -13.9584 -36.363 0
      vertex -15.8424 -35.5826 0
    endloop
  endfacet
  facet normal 0 0 -1
    outer loop
      vertex -8.09816 -38.0988 0
      vertex -15.9099 -18.0312 0
      vertex -15.6715 -17.7206 0
    endloop
  endfacet
  facet normal 0 0 -1
    outer loop
      vertex -13.9584 -36.363 0
      vertex -16.2206 -18.2696 0
      vertex -15.9099 -18.0312 0
    endloop
  endfacet
  facet normal 0 0 -1
    outer loop
      vertex -15.8424 -35.5826 0
      vertex -16.5823 -18.4195 0
      vertex -16.2206 -18.2696 0
    endloop
  endfacet
  facet normal 0 0 -1
    outer loop
      vertex -17.6829 -34.7047 0
      vertex -16.5823 -18.4195 0
      vertex -15.8424 -35.5826 0
    endloop
  endfacet
  facet normal 0 0 -1
    outer loop
      vertex -19.475 -33.7317 0
      vertex -16.5823 -18.4195 0
      vertex -17.6829 -34.7047 0
    endloop
  endfacet
  facet normal 0 0 -1
    outer loop
      vertex -16.5823 -18.4195 0
      vertex -19.475 -33.7317 0
      vertex -16.9706 -18.4706 0
    endloop
  endfacet
  facet normal -0 0 -1
    outer loop
      vertex -16.9706 -18.4706 0
      vertex -19.475 -33.7317 0
      vertex -17.3588 -18.4195 0
    endloop
  endfacet
  facet normal -0 0 -1
    outer loop
      vertex -17.3588 -18.4195 0
      vertex -19.475 -33.7317 0
      vertex -17.7206 -18.2696 0
    endloop
  endfacet
  facet normal -0 0 -1
    outer loop
      vertex -17.7206 -18.2696 0
      vertex -19.475 -33.7317 0
      vertex -18.0312 -18.0312 0
    endloop
  endfacet
  facet normal -0 0 -1
    outer loop
      vertex -18.0312 -18.0312 0
      vertex -19.475 -33.7317 0
      vertex -18.2696 -17.7206 0
    endloop
  endfacet
  facet normal -0 0 -1
    outer loop
      vertex -18.2696 -17.7206 0
      vertex -19.475 -33.7317 0
      vertex -18.4195 -17.3588 0
    endloop
  endfacet
  facet normal 0 0 -1
    outer loop
      vertex -22.5 0 0
      vertex -18.4706 -16.9706 0
      vertex -19.475 -33.7317 0
    endloop
  endfacet
  facet normal -0 0 -1
    outer loop
      vertex -18.4195 -17.3588 0
      vertex -19.475 -33.7317 0
      vertex -18.4706 -16.9706 0
    endloop
  endfacet
  facet normal -0 0 -1
    outer loop
      vertex 23.25 -1.29904 0
      vertex 17.3588 -15.5217 0
      vertex 22.9393 -1.06066 0
    endloop
  endfacet
  facet normal 0 0 -1
    outer loop
      vertex 22.5 0 0
      vertex 18.4195 16.5823 0
      vertex 18.4706 16.9706 0
    endloop
  endfacet
  facet normal 0 0 -1
    outer loop
      vertex 16.9706 -15.4706 0
      vertex 22.9393 -1.06066 0
      vertex 17.3588 -15.5217 0
    endloop
  endfacet
  facet normal 0 0 -1
    outer loop
      vertex 22.5 0 0
      vertex 18.2696 16.2206 0
      vertex 18.4195 16.5823 0
    endloop
  endfacet
  facet normal -0 0 -1
    outer loop
      vertex 22.9393 -1.06066 0
      vertex 16.9706 -15.4706 0
      vertex 22.701 -0.75 0
    endloop
  endfacet
  facet normal 0 0 -1
    outer loop
      vertex 22.5 0 0
      vertex 18.0312 15.9099 0
      vertex 18.2696 16.2206 0
    endloop
  endfacet
  facet normal 0 0 -1
    outer loop
      vertex 16.5823 -15.5217 0
      vertex 22.701 -0.75 0
      vertex 16.9706 -15.4706 0
    endloop
  endfacet
  facet normal 0 0 -1
    outer loop
      vertex 22.5 0 0
      vertex 17.7206 15.6715 0
      vertex 18.0312 15.9099 0
    endloop
  endfacet
  facet normal -0 0 -1
    outer loop
      vertex 22.701 -0.75 0
      vertex 16.5823 -15.5217 0
      vertex 22.5511 -0.388228 0
    endloop
  endfacet
  facet normal 0 0 -1
    outer loop
      vertex 22.5 0 0
      vertex 17.3588 15.5217 0
      vertex 17.7206 15.6715 0
    endloop
  endfacet
  facet normal 0 0 -1
    outer loop
      vertex 16.2206 -15.6715 0
      vertex 22.5511 -0.388228 0
      vertex 16.5823 -15.5217 0
    endloop
  endfacet
  facet normal 0 0 -1
    outer loop
      vertex 22.5 0 0
      vertex 16.9706 15.4706 0
      vertex 17.3588 15.5217 0
    endloop
  endfacet
  facet normal -0 0 -1
    outer loop
      vertex 22.5511 -0.388228 0
      vertex 16.2206 -15.6715 0
      vertex 22.5 0 0
    endloop
  endfacet
  facet normal 0 0 -1
    outer loop
      vertex 22.5 0 0
      vertex 16.5823 15.5217 0
      vertex 16.9706 15.4706 0
    endloop
  endfacet
  facet normal 0 0 -1
    outer loop
      vertex 15.9099 -15.9099 0
      vertex 22.5 0 0
      vertex 16.2206 -15.6715 0
    endloop
  endfacet
  facet normal 0 0 -1
    outer loop
      vertex 22.5 0 0
      vertex 16.2206 15.6715 0
      vertex 16.5823 15.5217 0
    endloop
  endfacet
  facet normal 0 0 -1
    outer loop
      vertex 15.9099 15.9099 0
      vertex 22.5 0 0
      vertex 15.9099 -15.9099 0
    endloop
  endfacet
  facet normal 0 0 -1
    outer loop
      vertex 22.5 0 0
      vertex 15.9099 15.9099 0
      vertex 16.2206 15.6715 0
    endloop
  endfacet
  facet normal 0 0 -1
    outer loop
      vertex 1.06066 -22.9393 0
      vertex 15.4706 -16.9706 0
      vertex 1.29904 -23.25 0
    endloop
  endfacet
  facet normal -0 0 -1
    outer loop
      vertex 15.4706 -16.9706 0
      vertex 1.06066 -22.9393 0
      vertex 15.5217 -16.5823 0
    endloop
  endfacet
  facet normal -0 0 -1
    outer loop
      vertex 15.5217 -17.3588 0
      vertex 1.29904 -23.25 0
      vertex 15.4706 -16.9706 0
    endloop
  endfacet
  facet normal 0 0 -1
    outer loop
      vertex 0.75 -22.701 0
      vertex 15.5217 -16.5823 0
      vertex 1.06066 -22.9393 0
    endloop
  endfacet
  facet normal 0 0 -1
    outer loop
      vertex 1.29904 -23.25 0
      vertex 15.5217 -17.3588 0
      vertex 1.44889 -23.6118 0
    endloop
  endfacet
  facet normal 0 0 -1
    outer loop
      vertex 15.9099 15.9099 0
      vertex 1.5 24 0
      vertex 15.6715 16.2206 0
    endloop
  endfacet
  facet normal 0 0 -1
    outer loop
      vertex 17.7206 18.2696 0
      vertex 26.0626 28.9455 0
      vertex 18.0312 18.0312 0
    endloop
  endfacet
  facet normal -0 0 -1
    outer loop
      vertex 26.0626 28.9455 0
      vertex 17.7206 18.2696 0
      vertex 24.512 30.2698 0
    endloop
  endfacet
  facet normal 0 0 -1
    outer loop
      vertex 17.3588 18.4195 0
      vertex 24.512 30.2698 0
      vertex 17.7206 18.2696 0
    endloop
  endfacet
  facet normal -0 0 -1
    outer loop
      vertex 24.512 30.2698 0
      vertex 17.3588 18.4195 0
      vertex 22.8942 31.5112 0
    endloop
  endfacet
  facet normal 0 0 -1
    outer loop
      vertex 16.9706 18.4706 0
      vertex 22.8942 31.5112 0
      vertex 17.3588 18.4195 0
    endloop
  endfacet
  facet normal -0 0 -1
    outer loop
      vertex 22.8942 31.5112 0
      vertex 16.9706 18.4706 0
      vertex 21.2137 32.6662 0
    endloop
  endfacet
  facet normal -0 0 -1
    outer loop
      vertex 21.2137 32.6662 0
      vertex 16.9706 18.4706 0
      vertex 19.475 33.7317 0
    endloop
  endfacet
  facet normal 0 0 -1
    outer loop
      vertex 16.5823 18.4195 0
      vertex 19.475 33.7317 0
      vertex 16.9706 18.4706 0
    endloop
  endfacet
  facet normal -0 0 -1
    outer loop
      vertex 19.475 33.7317 0
      vertex 16.5823 18.4195 0
      vertex 17.6829 34.7047 0
    endloop
  endfacet
  facet normal 0 0 -1
    outer loop
      vertex 16.2206 18.2696 0
      vertex 17.6829 34.7047 0
      vertex 16.5823 18.4195 0
    endloop
  endfacet
  facet normal 0 0 -1
    outer loop
      vertex 1.5 24 0
      vertex 16.2206 18.2696 0
      vertex 15.9099 18.0312 0
    endloop
  endfacet
  facet normal 0 0 -1
    outer loop
      vertex 16.2206 18.2696 0
      vertex 15.8424 35.5826 0
      vertex 17.6829 34.7047 0
    endloop
  endfacet
  facet normal 0 0 -1
    outer loop
      vertex 1.5 24 0
      vertex 15.9099 18.0312 0
      vertex 15.6715 17.7206 0
    endloop
  endfacet
  facet normal 0 0 -1
    outer loop
      vertex 1.5 24 0
      vertex 15.6715 17.7206 0
      vertex 15.5217 17.3588 0
    endloop
  endfacet
  facet normal 0 0 -1
    outer loop
      vertex 1.5 24 0
      vertex 15.5217 17.3588 0
      vertex 15.4706 16.9706 0
    endloop
  endfacet
  facet normal 0 0 -1
    outer loop
      vertex 15.6715 16.2206 0
      vertex 1.5 24 0
      vertex 15.5217 16.5823 0
    endloop
  endfacet
  facet normal 0 0 -1
    outer loop
      vertex 1.5 24 0
      vertex 15.4706 16.9706 0
      vertex 15.5217 16.5823 0
    endloop
  endfacet
  facet normal 0 0 -1
    outer loop
      vertex 1.44889 -24.3882 0
      vertex 13.9584 -36.363 0
      vertex 12.0362 -37.0437 0
    endloop
  endfacet
  facet normal 0 0 -1
    outer loop
      vertex 16.2206 18.2696 0
      vertex 13.9584 36.363 0
      vertex 15.8424 35.5826 0
    endloop
  endfacet
  facet normal 0 0 -1
    outer loop
      vertex 1.29904 -24.75 0
      vertex 12.0362 -37.0437 0
      vertex 10.081 -37.6228 0
    endloop
  endfacet
  facet normal 0 0 -1
    outer loop
      vertex 1.44889 24.3882 0
      vertex 16.2206 18.2696 0
      vertex 1.5 24 0
    endloop
  endfacet
  facet normal 0 0 -1
    outer loop
      vertex 1.06066 -25.0607 0
      vertex 10.081 -37.6228 0
      vertex 8.09816 -38.0988 0
    endloop
  endfacet
  facet normal 0 0 -1
    outer loop
      vertex 16.2206 18.2696 0
      vertex 1.44889 24.3882 0
      vertex 13.9584 36.363 0
    endloop
  endfacet
  facet normal 0 0 -1
    outer loop
      vertex 1.06066 -25.0607 0
      vertex 8.09816 -38.0988 0
      vertex 6.09312 -38.4705 0
    endloop
  endfacet
  facet normal -0 0 -1
    outer loop
      vertex 13.9584 36.363 0
      vertex 1.44889 24.3882 0
      vertex 12.0362 37.0437 0
    endloop
  endfacet
  facet normal 0 0 -1
    outer loop
      vertex 0.75 -25.299 0
      vertex 6.09312 -38.4705 0
      vertex 4.07138 -38.7366 0
    endloop
  endfacet
  facet normal 0 0 -1
    outer loop
      vertex 1.29904 24.75 0
      vertex 12.0362 37.0437 0
      vertex 1.44889 24.3882 0
    endloop
  endfacet
  facet normal 0 0 -1
    outer loop
      vertex 0.388228 -25.4489 0
      vertex 4.07138 -38.7366 0
      vertex 2.03848 -38.8966 0
    endloop
  endfacet
  facet normal -0 0 -1
    outer loop
      vertex 12.0362 37.0437 0
      vertex 1.29904 24.75 0
      vertex 10.081 37.6228 0
    endloop
  endfacet
  facet normal 0 0 -1
    outer loop
      vertex 1.06066 25.0607 0
      vertex 10.081 37.6228 0
      vertex 1.29904 24.75 0
    endloop
  endfacet
  facet normal 0 0 -1
    outer loop
      vertex 13.9584 -36.363 0
      vertex 1.44889 -24.3882 0
      vertex 1.5 -24 0
    endloop
  endfacet
  facet normal 0 0 -1
    outer loop
      vertex 12.0362 -37.0437 0
      vertex 1.29904 -24.75 0
      vertex 1.44889 -24.3882 0
    endloop
  endfacet
  facet normal 0 0 -1
    outer loop
      vertex 10.081 -37.6228 0
      vertex 1.06066 -25.0607 0
      vertex 1.29904 -24.75 0
    endloop
  endfacet
  facet normal 0 0 -1
    outer loop
      vertex 6.09312 -38.4705 0
      vertex 0.75 -25.299 0
      vertex 1.06066 -25.0607 0
    endloop
  endfacet
  facet normal 0 0 -1
    outer loop
      vertex 4.07138 -38.7366 0
      vertex 0.388228 -25.4489 0
      vertex 0.75 -25.299 0
    endloop
  endfacet
  facet normal 0 0 -1
    outer loop
      vertex 0 -25.5 0
      vertex 2.03848 -38.8966 0
      vertex 0 -38.95 0
    endloop
  endfacet
  facet normal 0 0 -1
    outer loop
      vertex 2.03848 -38.8966 0
      vertex 0 -25.5 0
      vertex 0.388228 -25.4489 0
    endloop
  endfacet
  facet normal 0 0 -1
    outer loop
      vertex -2.03848 -38.8966 0
      vertex 0 -25.5 0
      vertex 0 -38.95 0
    endloop
  endfacet
  facet normal -0 0 -1
    outer loop
      vertex 0 -25.5 0
      vertex -2.03848 -38.8966 0
      vertex -0.388228 -25.4489 0
    endloop
  endfacet
  facet normal -0 0 -1
    outer loop
      vertex -0.388228 -25.4489 0
      vertex -2.03848 -38.8966 0
      vertex -0.75 -25.299 0
    endloop
  endfacet
  facet normal -0 0 -1
    outer loop
      vertex -0.75 -25.299 0
      vertex -2.03848 -38.8966 0
      vertex -1.06066 -25.0607 0
    endloop
  endfacet
  facet normal -0 0 -1
    outer loop
      vertex -1.06066 -25.0607 0
      vertex -2.03848 -38.8966 0
      vertex -1.29904 -24.75 0
    endloop
  endfacet
  facet normal 0 0 -1
    outer loop
      vertex -15.4706 -16.9706 0
      vertex -1.29904 -24.75 0
      vertex -2.03848 -38.8966 0
    endloop
  endfacet
  facet normal 0 0 -1
    outer loop
      vertex -1.44889 -24.3882 0
      vertex -15.4706 -16.9706 0
      vertex -1.5 -24 0
    endloop
  endfacet
  facet normal 0 0 -1
    outer loop
      vertex -1.29904 -24.75 0
      vertex -15.4706 -16.9706 0
      vertex -1.44889 -24.3882 0
    endloop
  endfacet
  facet normal 0 0 -1
    outer loop
      vertex 25.5 0 0
      vertex 38.95 0 0
      vertex 38.8966 -2.03848 0
    endloop
  endfacet
  facet normal 0 0 -1
    outer loop
      vertex 25.4489 -0.388228 0
      vertex 38.8966 -2.03848 0
      vertex 38.7366 -4.07138 0
    endloop
  endfacet
  facet normal 0 0 -1
    outer loop
      vertex 38.95 0 0
      vertex 25.5 0 0
      vertex 38.8966 2.03848 0
    endloop
  endfacet
  facet normal 0 0 -1
    outer loop
      vertex 25.299 -0.75 0
      vertex 38.7366 -4.07138 0
      vertex 38.4705 -6.09312 0
    endloop
  endfacet
  facet normal 0 0 -1
    outer loop
      vertex 25.4489 0.388228 0
      vertex 38.8966 2.03848 0
      vertex 25.5 0 0
    endloop
  endfacet
  facet normal 0 0 -1
    outer loop
      vertex 25.0607 -1.06066 0
      vertex 38.4705 -6.09312 0
      vertex 38.0988 -8.09816 0
    endloop
  endfacet
  facet normal -0 0 -1
    outer loop
      vertex 38.8966 2.03848 0
      vertex 25.4489 0.388228 0
      vertex 38.7366 4.07138 0
    endloop
  endfacet
  facet normal 0 0 -1
    outer loop
      vertex 25.0607 -1.06066 0
      vertex 38.0988 -8.09816 0
      vertex 37.6228 -10.081 0
    endloop
  endfacet
  facet normal 0 0 -1
    outer loop
      vertex 25.299 0.75 0
      vertex 38.7366 4.07138 0
      vertex 25.4489 0.388228 0
    endloop
  endfacet
  facet normal 0 0 -1
    outer loop
      vertex 24.75 -1.29904 0
      vertex 37.6228 -10.081 0
      vertex 37.0437 -12.0362 0
    endloop
  endfacet
  facet normal -0 0 -1
    outer loop
      vertex 38.7366 4.07138 0
      vertex 25.299 0.75 0
      vertex 38.4705 6.09312 0
    endloop
  endfacet
  facet normal 0 0 -1
    outer loop
      vertex 24.75 -1.29904 0
      vertex 37.0437 -12.0362 0
      vertex 36.363 -13.9584 0
    endloop
  endfacet
  facet normal 0 0 -1
    outer loop
      vertex 25.0607 1.06066 0
      vertex 38.4705 6.09312 0
      vertex 25.299 0.75 0
    endloop
  endfacet
  facet normal 0 0 -1
    outer loop
      vertex 24.3882 -1.44889 0
      vertex 36.363 -13.9584 0
      vertex 35.5826 -15.8424 0
    endloop
  endfacet
  facet normal -0 0 -1
    outer loop
      vertex 38.4705 6.09312 0
      vertex 25.0607 1.06066 0
      vertex 38.0988 8.09816 0
    endloop
  endfacet
  facet normal 0 0 -1
    outer loop
      vertex 33.7317 -19.475 0
      vertex 18.4195 -16.5823 0
      vertex 34.7047 -17.6829 0
    endloop
  endfacet
  facet normal -0 0 -1
    outer loop
      vertex 38.0988 8.09816 0
      vertex 25.0607 1.06066 0
      vertex 37.6228 10.081 0
    endloop
  endfacet
  facet normal 0 0 -1
    outer loop
      vertex 18.4195 -16.5823 0
      vertex 33.7317 -19.475 0
      vertex 18.4706 -16.9706 0
    endloop
  endfacet
  facet normal 0 0 -1
    outer loop
      vertex 24.75 1.29904 0
      vertex 37.6228 10.081 0
      vertex 25.0607 1.06066 0
    endloop
  endfacet
  facet normal 0 0 -1
    outer loop
      vertex 18.4706 -16.9706 0
      vertex 33.7317 -19.475 0
      vertex 32.6662 -21.2137 0
    endloop
  endfacet
  facet normal -0 0 -1
    outer loop
      vertex 37.6228 10.081 0
      vertex 24.75 1.29904 0
      vertex 37.0437 12.0362 0
    endloop
  endfacet
  facet normal 0 0 -1
    outer loop
      vertex 18.4706 -16.9706 0
      vertex 32.6662 -21.2137 0
      vertex 31.5112 -22.8942 0
    endloop
  endfacet
  facet normal -0 0 -1
    outer loop
      vertex 37.0437 12.0362 0
      vertex 24.75 1.29904 0
      vertex 36.363 13.9584 0
    endloop
  endfacet
  facet normal 0 0 -1
    outer loop
      vertex 18.4195 -17.3588 0
      vertex 31.5112 -22.8942 0
      vertex 30.2698 -24.512 0
    endloop
  endfacet
  facet normal 0 0 -1
    outer loop
      vertex 24.3882 1.44889 0
      vertex 36.363 13.9584 0
      vertex 24.75 1.29904 0
    endloop
  endfacet
  facet normal 0 0 -1
    outer loop
      vertex 18.2696 -17.7206 0
      vertex 30.2698 -24.512 0
      vertex 28.9455 -26.0626 0
    endloop
  endfacet
  facet normal -0 0 -1
    outer loop
      vertex 36.363 13.9584 0
      vertex 24.3882 1.44889 0
      vertex 35.5826 15.8424 0
    endloop
  endfacet
  facet normal 0 0 -1
    outer loop
      vertex 18.0312 -18.0312 0
      vertex 28.9455 -26.0626 0
      vertex 27.5418 -27.5418 0
    endloop
  endfacet
  facet normal 0 0 -1
    outer loop
      vertex 18.4706 16.9706 0
      vertex 24.3882 1.44889 0
      vertex 24 1.5 0
    endloop
  endfacet
  facet normal 0 0 -1
    outer loop
      vertex 18.0312 -18.0312 0
      vertex 27.5418 -27.5418 0
      vertex 26.0626 -28.9455 0
    endloop
  endfacet
  facet normal 0 0 -1
    outer loop
      vertex 24.3882 1.44889 0
      vertex 18.4706 16.9706 0
      vertex 35.5826 15.8424 0
    endloop
  endfacet
  facet normal 0 0 -1
    outer loop
      vertex 35.5826 15.8424 0
      vertex 18.4706 16.9706 0
      vertex 34.7047 17.6829 0
    endloop
  endfacet
  facet normal 0 0 -1
    outer loop
      vertex 38.8966 -2.03848 0
      vertex 25.4489 -0.388228 0
      vertex 25.5 0 0
    endloop
  endfacet
  facet normal 0 0 -1
    outer loop
      vertex 38.7366 -4.07138 0
      vertex 25.299 -0.75 0
      vertex 25.4489 -0.388228 0
    endloop
  endfacet
  facet normal 0 0 -1
    outer loop
      vertex 38.4705 -6.09312 0
      vertex 25.0607 -1.06066 0
      vertex 25.299 -0.75 0
    endloop
  endfacet
  facet normal 0 0 -1
    outer loop
      vertex 37.6228 -10.081 0
      vertex 24.75 -1.29904 0
      vertex 25.0607 -1.06066 0
    endloop
  endfacet
  facet normal 0 0 -1
    outer loop
      vertex 17.7206 -18.2696 0
      vertex 26.0626 -28.9455 0
      vertex 24.512 -30.2698 0
    endloop
  endfacet
  facet normal 0 0 -1
    outer loop
      vertex 34.7047 -17.6829 0
      vertex 18.4195 -16.5823 0
      vertex 35.5826 -15.8424 0
    endloop
  endfacet
  facet normal 0 0 -1
    outer loop
      vertex 36.363 -13.9584 0
      vertex 24.3882 -1.44889 0
      vertex 24.75 -1.29904 0
    endloop
  endfacet
  facet normal 0 0 -1
    outer loop
      vertex 18.2696 -16.2206 0
      vertex 35.5826 -15.8424 0
      vertex 18.4195 -16.5823 0
    endloop
  endfacet
  facet normal -0 0 -1
    outer loop
      vertex 35.5826 -15.8424 0
      vertex 18.2696 -16.2206 0
      vertex 24.3882 -1.44889 0
    endloop
  endfacet
  facet normal 0 0 -1
    outer loop
      vertex 24.3882 -1.44889 0
      vertex 18.2696 -16.2206 0
      vertex 24 -1.5 0
    endloop
  endfacet
  facet normal 0 0 -1
    outer loop
      vertex 17.3588 -18.4195 0
      vertex 24.512 -30.2698 0
      vertex 22.8942 -31.5112 0
    endloop
  endfacet
  facet normal 0 0 -1
    outer loop
      vertex 18.0312 -15.9099 0
      vertex 24 -1.5 0
      vertex 18.2696 -16.2206 0
    endloop
  endfacet
  facet normal -0 0 -1
    outer loop
      vertex 24 -1.5 0
      vertex 18.0312 -15.9099 0
      vertex 23.6118 -1.44889 0
    endloop
  endfacet
  facet normal 0 0 -1
    outer loop
      vertex 17.7206 -15.6715 0
      vertex 23.6118 -1.44889 0
      vertex 18.0312 -15.9099 0
    endloop
  endfacet
  facet normal 0 0 -1
    outer loop
      vertex 16.9706 -18.4706 0
      vertex 22.8942 -31.5112 0
      vertex 21.2137 -32.6662 0
    endloop
  endfacet
  facet normal -0 0 -1
    outer loop
      vertex 34.7047 17.6829 0
      vertex 18.4706 16.9706 0
      vertex 33.7317 19.475 0
    endloop
  endfacet
  facet normal 0 0 -1
    outer loop
      vertex 18.4706 16.9706 0
      vertex 24 1.5 0
      vertex 23.6118 1.44889 0
    endloop
  endfacet
  facet normal -0 0 -1
    outer loop
      vertex 33.7317 19.475 0
      vertex 18.4706 16.9706 0
      vertex 32.6662 21.2137 0
    endloop
  endfacet
  facet normal -0 0 -1
    outer loop
      vertex 32.6662 21.2137 0
      vertex 18.4706 16.9706 0
      vertex 31.5112 22.8942 0
    endloop
  endfacet
  facet normal 0 0 -1
    outer loop
      vertex 18.4195 17.3588 0
      vertex 31.5112 22.8942 0
      vertex 18.4706 16.9706 0
    endloop
  endfacet
  facet normal 0 0 -1
    outer loop
      vertex 18.4706 16.9706 0
      vertex 23.6118 1.44889 0
      vertex 23.25 1.29904 0
    endloop
  endfacet
  facet normal -0 0 -1
    outer loop
      vertex 31.5112 22.8942 0
      vertex 18.4195 17.3588 0
      vertex 30.2698 24.512 0
    endloop
  endfacet
  facet normal 0 0 -1
    outer loop
      vertex 18.2696 17.7206 0
      vertex 30.2698 24.512 0
      vertex 18.4195 17.3588 0
    endloop
  endfacet
  facet normal -0 0 -1
    outer loop
      vertex 30.2698 24.512 0
      vertex 18.2696 17.7206 0
      vertex 28.9455 26.0626 0
    endloop
  endfacet
  facet normal 0 0 -1
    outer loop
      vertex 18.4706 16.9706 0
      vertex 23.25 1.29904 0
      vertex 22.9393 1.06066 0
    endloop
  endfacet
  facet normal 0 0 -1
    outer loop
      vertex 18.0312 18.0312 0
      vertex 28.9455 26.0626 0
      vertex 18.2696 17.7206 0
    endloop
  endfacet
  facet normal 0 0 -1
    outer loop
      vertex 18.4706 16.9706 0
      vertex 22.9393 1.06066 0
      vertex 22.701 0.75 0
    endloop
  endfacet
  facet normal 0 0 -1
    outer loop
      vertex 18.4706 16.9706 0
      vertex 22.701 0.75 0
      vertex 22.5511 0.388228 0
    endloop
  endfacet
  facet normal 0 0 -1
    outer loop
      vertex 18.4706 16.9706 0
      vertex 22.5511 0.388228 0
      vertex 22.5 0 0
    endloop
  endfacet
  facet normal -0 0 -1
    outer loop
      vertex 23.6118 -1.44889 0
      vertex 17.7206 -15.6715 0
      vertex 23.25 -1.29904 0
    endloop
  endfacet
  facet normal 0 0 -1
    outer loop
      vertex 17.3588 -15.5217 0
      vertex 23.25 -1.29904 0
      vertex 17.7206 -15.6715 0
    endloop
  endfacet
  facet normal 0 0 -1
    outer loop
      vertex 16.9706 -18.4706 0
      vertex 21.2137 -32.6662 0
      vertex 19.475 -33.7317 0
    endloop
  endfacet
  facet normal -0 0 -1
    outer loop
      vertex 28.9455 26.0626 0
      vertex 18.0312 18.0312 0
      vertex 27.5418 27.5418 0
    endloop
  endfacet
  facet normal -0 0 -1
    outer loop
      vertex 27.5418 27.5418 0
      vertex 18.0312 18.0312 0
      vertex 26.0626 28.9455 0
    endloop
  endfacet
  facet normal 0 0 -1
    outer loop
      vertex 31.5112 -22.8942 0
      vertex 18.4195 -17.3588 0
      vertex 18.4706 -16.9706 0
    endloop
  endfacet
  facet normal 0 0 -1
    outer loop
      vertex 30.2698 -24.512 0
      vertex 18.2696 -17.7206 0
      vertex 18.4195 -17.3588 0
    endloop
  endfacet
  facet normal 0 0 -1
    outer loop
      vertex 28.9455 -26.0626 0
      vertex 18.0312 -18.0312 0
      vertex 18.2696 -17.7206 0
    endloop
  endfacet
  facet normal 0 0 -1
    outer loop
      vertex 26.0626 -28.9455 0
      vertex 17.7206 -18.2696 0
      vertex 18.0312 -18.0312 0
    endloop
  endfacet
  facet normal 0 0 -1
    outer loop
      vertex 16.5823 -18.4195 0
      vertex 19.475 -33.7317 0
      vertex 17.6829 -34.7047 0
    endloop
  endfacet
  facet normal 0 0 -1
    outer loop
      vertex 24.512 -30.2698 0
      vertex 17.3588 -18.4195 0
      vertex 17.7206 -18.2696 0
    endloop
  endfacet
  facet normal 0 0 -1
    outer loop
      vertex 22.8942 -31.5112 0
      vertex 16.9706 -18.4706 0
      vertex 17.3588 -18.4195 0
    endloop
  endfacet
  facet normal 0 0 -1
    outer loop
      vertex 19.475 -33.7317 0
      vertex 16.5823 -18.4195 0
      vertex 16.9706 -18.4706 0
    endloop
  endfacet
  facet normal 0 0 -1
    outer loop
      vertex 17.6829 -34.7047 0
      vertex 16.2206 -18.2696 0
      vertex 16.5823 -18.4195 0
    endloop
  endfacet
  facet normal 0 0 -1
    outer loop
      vertex 15.8424 -35.5826 0
      vertex 16.2206 -18.2696 0
      vertex 17.6829 -34.7047 0
    endloop
  endfacet
  facet normal 0 0 -1
    outer loop
      vertex 13.9584 -36.363 0
      vertex 16.2206 -18.2696 0
      vertex 15.8424 -35.5826 0
    endloop
  endfacet
  facet normal 0 0 -1
    outer loop
      vertex 1.5 -24 0
      vertex 16.2206 -18.2696 0
      vertex 13.9584 -36.363 0
    endloop
  endfacet
  facet normal -0 0 -1
    outer loop
      vertex 16.2206 -18.2696 0
      vertex 1.5 -24 0
      vertex 15.9099 -18.0312 0
    endloop
  endfacet
  facet normal -0 0 -1
    outer loop
      vertex 15.9099 -18.0312 0
      vertex 1.5 -24 0
      vertex 15.6715 -17.7206 0
    endloop
  endfacet
  facet normal -0 0 -1
    outer loop
      vertex 15.6715 -17.7206 0
      vertex 1.44889 -23.6118 0
      vertex 15.5217 -17.3588 0
    endloop
  endfacet
  facet normal 0 0 -1
    outer loop
      vertex 1.44889 -23.6118 0
      vertex 15.6715 -17.7206 0
      vertex 1.5 -24 0
    endloop
  endfacet
  facet normal -0.566414 -0.824121 0
    outer loop
      vertex -22.8942 -31.5112 0
      vertex -21.2137 -32.6662 5
      vertex -22.8942 -31.5112 5
    endloop
  endfacet
  facet normal -0.566414 -0.824121 -0
    outer loop
      vertex -21.2137 -32.6662 5
      vertex -22.8942 -31.5112 0
      vertex -21.2137 -32.6662 0
    endloop
  endfacet
  facet normal 0.706986 0.0185202 -0.706986
    outer loop
      vertex 38.95 0 5
      vertex 38.8966 2.03848 5
      vertex 43.5 0 9.55
    endloop
  endfacet
  facet normal 0.0554936 0.705045 -0.706988
    outer loop
      vertex 4.07138 38.7366 5
      vertex 2.27661 43.4404 9.55
      vertex 4.54699 43.2617 9.55
    endloop
  endfacet
  facet normal -0.603017 -0.369518 -0.706985
    outer loop
      vertex -36.4822 -23.6918 9.55
      vertex -37.6721 -21.75 9.55
      vertex -33.7317 -19.475 5
    endloop
  endfacet
  facet normal 0.0185202 0.706986 -0.706986
    outer loop
      vertex 2.03848 38.8966 5
      vertex 0 38.95 5
      vertex 0 43.5 9.55
    endloop
  endfacet
  facet normal 0.678103 0.20086 -0.706988
    outer loop
      vertex 42.0178 11.2586 9.55
      vertex 37.6228 10.081 5
      vertex 41.371 13.4422 9.55
    endloop
  endfacet
  facet normal 0.603005 0.36953 -0.706989
    outer loop
      vertex 33.7317 19.475 5
      vertex 32.6662 21.2137 5
      vertex 36.4822 23.6918 9.55
    endloop
  endfacet
  facet normal 0.537788 -0.459301 -0.706984
    outer loop
      vertex 33.8058 -27.3754 9.55
      vertex 28.9455 -26.0626 5
      vertex 30.2698 -24.512 5
    endloop
  endfacet
  facet normal 0.128875 0.695385 -0.706988
    outer loop
      vertex 8.09816 38.0988 5
      vertex 6.8049 42.9644 9.55
      vertex 9.04416 42.5494 9.55
    endloop
  endfacet
  facet normal 0.653399 0.270645 -0.70698
    outer loop
      vertex 40.6107 15.589 9.55
      vertex 36.363 13.9584 5
      vertex 39.7392 17.693 9.55
    endloop
  endfacet
  facet normal 0.701174 -0.0923239 -0.706987
    outer loop
      vertex 42.9644 -6.8049 9.55
      vertex 38.7366 -4.07138 5
      vertex 43.2617 -4.54699 9.55
    endloop
  endfacet
  facet normal -0.56107 0.430546 -0.706987
    outer loop
      vertex -31.5112 22.8942 5
      vertex -35.1922 25.5687 9.55
      vertex -33.8058 27.3754 9.55
    endloop
  endfacet
  facet normal -0.0922897 0.701187 -0.706979
    outer loop
      vertex -6.09312 38.4705 5
      vertex -6.8049 42.9644 9.55
      vertex -4.07138 38.7366 5
    endloop
  endfacet
  facet normal -0.513009 -0.486825 -0.706982
    outer loop
      vertex -27.5418 -27.5418 5
      vertex -30.7591 -30.7591 9.55
      vertex -28.9455 -26.0626 5
    endloop
  endfacet
  facet normal -0.400586 0.582837 -0.706988
    outer loop
      vertex -21.2137 32.6662 5
      vertex -25.5687 35.1922 9.55
      vertex -23.6918 36.4822 9.55
    endloop
  endfacet
  facet normal 0.128913 0.695386 -0.706979
    outer loop
      vertex 8.09816 38.0988 5
      vertex 6.09312 38.4705 5
      vertex 6.8049 42.9644 9.55
    endloop
  endfacet
  facet normal -0.638345 0.304453 -0.706982
    outer loop
      vertex -35.5826 15.8424 5
      vertex -39.7392 17.693 9.55
      vertex -38.7588 19.7486 9.55
    endloop
  endfacet
  facet normal 0.0923239 0.701174 -0.706987
    outer loop
      vertex 6.8049 42.9644 9.55
      vertex 4.07138 38.7366 5
      vertex 4.54699 43.2617 9.55
    endloop
  endfacet
  facet normal -0.678103 -0.20086 -0.706988
    outer loop
      vertex -41.371 -13.4422 9.55
      vertex -42.0178 -11.2586 9.55
      vertex -37.6228 -10.081 5
    endloop
  endfacet
  facet normal 0.58284 -0.400583 -0.706987
    outer loop
      vertex 35.1922 -25.5687 9.55
      vertex 31.5112 -22.8942 5
      vertex 32.6662 -21.2137 5
    endloop
  endfacet
  facet normal 0.513009 0.486825 -0.706982
    outer loop
      vertex 28.9455 26.0626 5
      vertex 27.5418 27.5418 5
      vertex 30.7591 30.7591 9.55
    endloop
  endfacet
  facet normal 0.0185083 -0.706983 -0.706988
    outer loop
      vertex 2.27661 -43.4404 9.55
      vertex 0 -43.5 9.55
      vertex 2.03848 -38.8966 5
    endloop
  endfacet
  facet normal 0.66666 -0.236101 -0.70698
    outer loop
      vertex 40.6107 -15.589 9.55
      vertex 36.363 -13.9584 5
      vertex 41.371 -13.4422 9.55
    endloop
  endfacet
  facet normal 0.486825 0.513009 -0.706982
    outer loop
      vertex 27.5418 27.5418 5
      vertex 26.0626 28.9455 5
      vertex 30.7591 30.7591 9.55
    endloop
  endfacet
  facet normal 0.270652 -0.653394 -0.706982
    outer loop
      vertex 17.693 -39.7392 9.55
      vertex 13.9584 -36.363 5
      vertex 15.8424 -35.5826 5
    endloop
  endfacet
  facet normal 0.687688 -0.165086 -0.706988
    outer loop
      vertex 42.5494 -9.04416 9.55
      vertex 37.6228 -10.081 5
      vertex 38.0988 -8.09816 5
    endloop
  endfacet
  facet normal 0.603017 -0.369518 -0.706985
    outer loop
      vertex 36.4822 -23.6918 9.55
      vertex 33.7317 -19.475 5
      vertex 37.6721 -21.75 9.55
    endloop
  endfacet
  facet normal 0.236101 -0.66666 -0.70698
    outer loop
      vertex 15.589 -40.6107 9.55
      vertex 13.4422 -41.371 9.55
      vertex 13.9584 -36.363 5
    endloop
  endfacet
  facet normal 0.638327 -0.304476 -0.706989
    outer loop
      vertex 38.7588 -19.7486 9.55
      vertex 34.7047 -17.6829 5
      vertex 35.5826 -15.8424 5
    endloop
  endfacet
  facet normal 0.20086 0.678103 -0.706988
    outer loop
      vertex 13.4422 41.371 9.55
      vertex 10.081 37.6228 5
      vertex 11.2586 42.0178 9.55
    endloop
  endfacet
  facet normal -0.430538 0.56108 -0.706984
    outer loop
      vertex -24.512 30.2698 5
      vertex -27.3754 33.8058 9.55
      vertex -22.8942 31.5112 5
    endloop
  endfacet
  facet normal 0.430546 0.56107 -0.706987
    outer loop
      vertex 27.3754 33.8058 9.55
      vertex 22.8942 31.5112 5
      vertex 25.5687 35.1922 9.55
    endloop
  endfacet
  facet normal 0.537794 -0.459289 -0.706988
    outer loop
      vertex 32.3268 -29.1072 9.55
      vertex 28.9455 -26.0626 5
      vertex 33.8058 -27.3754 9.55
    endloop
  endfacet
  facet normal 0.537794 0.459289 -0.706988
    outer loop
      vertex 33.8058 27.3754 9.55
      vertex 28.9455 26.0626 5
      vertex 32.3268 29.1072 9.55
    endloop
  endfacet
  facet normal -0.165086 0.687688 -0.706988
    outer loop
      vertex -8.09816 38.0988 5
      vertex -10.081 37.6228 5
      vertex -9.04416 42.5494 9.55
    endloop
  endfacet
  facet normal -0.165086 -0.687688 -0.706988
    outer loop
      vertex -9.04416 -42.5494 9.55
      vertex -10.081 -37.6228 5
      vertex -8.09816 -38.0988 5
    endloop
  endfacet
  facet normal -0.20086 0.678103 -0.706988
    outer loop
      vertex -10.081 37.6228 5
      vertex -13.4422 41.371 9.55
      vertex -11.2586 42.0178 9.55
    endloop
  endfacet
  facet normal 0.513009 -0.486825 -0.706982
    outer loop
      vertex 30.7591 -30.7591 9.55
      vertex 27.5418 -27.5418 5
      vertex 28.9455 -26.0626 5
    endloop
  endfacet
  facet normal -0.304476 -0.638327 -0.706989
    outer loop
      vertex -15.8424 -35.5826 5
      vertex -19.7486 -38.7588 9.55
      vertex -17.6829 -34.7047 5
    endloop
  endfacet
  facet normal 0.653394 -0.270652 -0.706982
    outer loop
      vertex 39.7392 -17.693 9.55
      vertex 35.5826 -15.8424 5
      vertex 36.363 -13.9584 5
    endloop
  endfacet
  facet normal 0.200846 -0.678111 -0.706984
    outer loop
      vertex 13.4422 -41.371 9.55
      vertex 10.081 -37.6228 5
      vertex 12.0362 -37.0437 5
    endloop
  endfacet
  facet normal 0.236101 0.66666 -0.70698
    outer loop
      vertex 13.9584 36.363 5
      vertex 13.4422 41.371 9.55
      vertex 15.589 40.6107 9.55
    endloop
  endfacet
  facet normal -0.537794 0.459289 -0.706988
    outer loop
      vertex -28.9455 26.0626 5
      vertex -33.8058 27.3754 9.55
      vertex -32.3268 29.1072 9.55
    endloop
  endfacet
  facet normal 0.165086 -0.687688 -0.706988
    outer loop
      vertex 9.04416 -42.5494 9.55
      vertex 8.09816 -38.0988 5
      vertex 10.081 -37.6228 5
    endloop
  endfacet
  facet normal 0.165086 0.687688 -0.706988
    outer loop
      vertex 10.081 37.6228 5
      vertex 8.09816 38.0988 5
      vertex 9.04416 42.5494 9.55
    endloop
  endfacet
  facet normal 0.459301 -0.537788 -0.706984
    outer loop
      vertex 27.3754 -33.8058 9.55
      vertex 24.512 -30.2698 5
      vertex 26.0626 -28.9455 5
    endloop
  endfacet
  facet normal -0.459289 -0.537794 -0.706988
    outer loop
      vertex -27.3754 -33.8058 9.55
      vertex -29.1072 -32.3268 9.55
      vertex -26.0626 -28.9455 5
    endloop
  endfacet
  facet normal -0.666662 0.236082 -0.706984
    outer loop
      vertex -37.0437 12.0362 5
      vertex -41.371 13.4422 9.55
      vertex -36.363 13.9584 5
    endloop
  endfacet
  facet normal -0.459301 0.537788 -0.706984
    outer loop
      vertex -26.0626 28.9455 5
      vertex -27.3754 33.8058 9.55
      vertex -24.512 30.2698 5
    endloop
  endfacet
  facet normal -0.705045 0.0554936 -0.706988
    outer loop
      vertex -38.7366 4.07138 5
      vertex -43.4404 2.27661 9.55
      vertex -43.2617 4.54699 9.55
    endloop
  endfacet
  facet normal -0.687688 0.165086 -0.706988
    outer loop
      vertex -38.0988 8.09816 5
      vertex -42.5494 9.04416 9.55
      vertex -37.6228 10.081 5
    endloop
  endfacet
  facet normal 0.0185083 0.706983 -0.706988
    outer loop
      vertex 2.03848 38.8966 5
      vertex 0 43.5 9.55
      vertex 2.27661 43.4404 9.55
    endloop
  endfacet
  facet normal -0.486825 -0.513009 -0.706982
    outer loop
      vertex -26.0626 -28.9455 5
      vertex -30.7591 -30.7591 9.55
      vertex -27.5418 -27.5418 5
    endloop
  endfacet
  facet normal -0.66666 0.236101 -0.70698
    outer loop
      vertex -36.363 13.9584 5
      vertex -41.371 13.4422 9.55
      vertex -40.6107 15.589 9.55
    endloop
  endfacet
  facet normal -0.653399 0.270645 -0.70698
    outer loop
      vertex -36.363 13.9584 5
      vertex -40.6107 15.589 9.55
      vertex -39.7392 17.693 9.55
    endloop
  endfacet
  facet normal -0.58284 0.400583 -0.706987
    outer loop
      vertex -32.6662 21.2137 5
      vertex -35.1922 25.5687 9.55
      vertex -31.5112 22.8942 5
    endloop
  endfacet
  facet normal 0.0554908 0.705045 -0.706988
    outer loop
      vertex 4.07138 38.7366 5
      vertex 2.03848 38.8966 5
      vertex 2.27661 43.4404 9.55
    endloop
  endfacet
  facet normal 0.56107 -0.430546 -0.706987
    outer loop
      vertex 33.8058 -27.3754 9.55
      vertex 31.5112 -22.8942 5
      vertex 35.1922 -25.5687 9.55
    endloop
  endfacet
  facet normal -0.486839 -0.512987 -0.706988
    outer loop
      vertex -29.1072 -32.3268 9.55
      vertex -30.7591 -30.7591 9.55
      vertex -26.0626 -28.9455 5
    endloop
  endfacet
  facet normal 0.678103 -0.20086 -0.706988
    outer loop
      vertex 41.371 -13.4422 9.55
      vertex 37.6228 -10.081 5
      vertex 42.0178 -11.2586 9.55
    endloop
  endfacet
  facet normal -0.236101 -0.66666 -0.70698
    outer loop
      vertex -13.4422 -41.371 9.55
      vertex -15.589 -40.6107 9.55
      vertex -13.9584 -36.363 5
    endloop
  endfacet
  facet normal 0.200846 0.678111 -0.706984
    outer loop
      vertex 12.0362 37.0437 5
      vertex 10.081 37.6228 5
      vertex 13.4422 41.371 9.55
    endloop
  endfacet
  facet normal 0.678111 -0.200846 -0.706984
    outer loop
      vertex 41.371 -13.4422 9.55
      vertex 37.0437 -12.0362 5
      vertex 37.6228 -10.081 5
    endloop
  endfacet
  facet normal 0.706986 -0.0185202 -0.706986
    outer loop
      vertex 43.5 0 9.55
      vertex 38.8966 -2.03848 5
      vertex 38.95 0 5
    endloop
  endfacet
  facet normal 0.653394 0.270652 -0.706982
    outer loop
      vertex 36.363 13.9584 5
      vertex 35.5826 15.8424 5
      vertex 39.7392 17.693 9.55
    endloop
  endfacet
  facet normal 0.58284 0.400583 -0.706987
    outer loop
      vertex 32.6662 21.2137 5
      vertex 31.5112 22.8942 5
      vertex 35.1922 25.5687 9.55
    endloop
  endfacet
  facet normal -0.701174 0.0923239 -0.706987
    outer loop
      vertex -38.7366 4.07138 5
      vertex -43.2617 4.54699 9.55
      vertex -42.9644 6.8049 9.55
    endloop
  endfacet
  facet normal 0.582837 -0.400586 -0.706988
    outer loop
      vertex 35.1922 -25.5687 9.55
      vertex 32.6662 -21.2137 5
      vertex 36.4822 -23.6918 9.55
    endloop
  endfacet
  facet normal -0.430546 -0.56107 -0.706987
    outer loop
      vertex -25.5687 -35.1922 9.55
      vertex -27.3754 -33.8058 9.55
      vertex -22.8942 -31.5112 5
    endloop
  endfacet
  facet normal -0.270645 -0.653399 -0.70698
    outer loop
      vertex -15.589 -40.6107 9.55
      vertex -17.693 -39.7392 9.55
      vertex -13.9584 -36.363 5
    endloop
  endfacet
  facet normal -0.236101 0.66666 -0.70698
    outer loop
      vertex -13.9584 36.363 5
      vertex -15.589 40.6107 9.55
      vertex -13.4422 41.371 9.55
    endloop
  endfacet
  facet normal 0.430538 0.56108 -0.706984
    outer loop
      vertex 24.512 30.2698 5
      vertex 22.8942 31.5112 5
      vertex 27.3754 33.8058 9.55
    endloop
  endfacet
  facet normal 0.653399 -0.270645 -0.70698
    outer loop
      vertex 39.7392 -17.693 9.55
      vertex 36.363 -13.9584 5
      vertex 40.6107 -15.589 9.55
    endloop
  endfacet
  facet normal 0.705045 -0.0554936 -0.706988
    outer loop
      vertex 43.2617 -4.54699 9.55
      vertex 38.7366 -4.07138 5
      vertex 43.4404 -2.27661 9.55
    endloop
  endfacet
  facet normal 0.36953 -0.603005 -0.706989
    outer loop
      vertex 23.6918 -36.4822 9.55
      vertex 19.475 -33.7317 5
      vertex 21.2137 -32.6662 5
    endloop
  endfacet
  facet normal 0.0554908 -0.705045 -0.706988
    outer loop
      vertex 2.27661 -43.4404 9.55
      vertex 2.03848 -38.8966 5
      vertex 4.07138 -38.7366 5
    endloop
  endfacet
  facet normal 0.695385 0.128875 -0.706988
    outer loop
      vertex 42.9644 6.8049 9.55
      vertex 38.0988 8.09816 5
      vertex 42.5494 9.04416 9.55
    endloop
  endfacet
  facet normal -0.706986 -0.0185202 -0.706986
    outer loop
      vertex -38.8966 -2.03848 5
      vertex -43.5 0 9.55
      vertex -38.95 0 5
    endloop
  endfacet
  facet normal 0.706983 0.0185083 -0.706988
    outer loop
      vertex 43.5 0 9.55
      vertex 38.8966 2.03848 5
      vertex 43.4404 2.27661 9.55
    endloop
  endfacet
  facet normal 0.687688 -0.165087 -0.706988
    outer loop
      vertex 42.0178 -11.2586 9.55
      vertex 37.6228 -10.081 5
      vertex 42.5494 -9.04416 9.55
    endloop
  endfacet
  facet normal 0.706983 -0.0185083 -0.706988
    outer loop
      vertex 43.4404 -2.27661 9.55
      vertex 38.8966 -2.03848 5
      vertex 43.5 0 9.55
    endloop
  endfacet
  facet normal -0.695386 0.128913 -0.706979
    outer loop
      vertex -38.4705 6.09312 5
      vertex -42.9644 6.8049 9.55
      vertex -38.0988 8.09816 5
    endloop
  endfacet
  facet normal 0.459289 -0.537794 -0.706988
    outer loop
      vertex 27.3754 -33.8058 9.55
      vertex 26.0626 -28.9455 5
      vertex 29.1072 -32.3268 9.55
    endloop
  endfacet
  facet normal -0.603017 0.369518 -0.706985
    outer loop
      vertex -33.7317 19.475 5
      vertex -37.6721 21.75 9.55
      vertex -36.4822 23.6918 9.55
    endloop
  endfacet
  facet normal -0.400583 -0.58284 -0.706987
    outer loop
      vertex -21.2137 -32.6662 5
      vertex -25.5687 -35.1922 9.55
      vertex -22.8942 -31.5112 5
    endloop
  endfacet
  facet normal -0.0554908 -0.705045 -0.706988
    outer loop
      vertex -2.27661 -43.4404 9.55
      vertex -4.07138 -38.7366 5
      vertex -2.03848 -38.8966 5
    endloop
  endfacet
  facet normal -0.56107 -0.430546 -0.706987
    outer loop
      vertex -33.8058 -27.3754 9.55
      vertex -35.1922 -25.5687 9.55
      vertex -31.5112 -22.8942 5
    endloop
  endfacet
  facet normal 0.695385 -0.128875 -0.706988
    outer loop
      vertex 42.5494 -9.04416 9.55
      vertex 38.0988 -8.09816 5
      vertex 42.9644 -6.8049 9.55
    endloop
  endfacet
  facet normal -0.56108 -0.430538 -0.706984
    outer loop
      vertex -30.2698 -24.512 5
      vertex -33.8058 -27.3754 9.55
      vertex -31.5112 -22.8942 5
    endloop
  endfacet
  facet normal -0.337467 -0.621521 -0.706985
    outer loop
      vertex -19.7486 -38.7588 9.55
      vertex -21.75 -37.6721 9.55
      vertex -19.475 -33.7317 5
    endloop
  endfacet
  facet normal -0.33745 -0.621526 -0.706989
    outer loop
      vertex -17.6829 -34.7047 5
      vertex -19.7486 -38.7588 9.55
      vertex -19.475 -33.7317 5
    endloop
  endfacet
  facet normal -0.128875 -0.695385 -0.706988
    outer loop
      vertex -6.8049 -42.9644 9.55
      vertex -9.04416 -42.5494 9.55
      vertex -8.09816 -38.0988 5
    endloop
  endfacet
  facet normal -0.706983 0.0185083 -0.706988
    outer loop
      vertex -38.8966 2.03848 5
      vertex -43.5 0 9.55
      vertex -43.4404 2.27661 9.55
    endloop
  endfacet
  facet normal -0.582837 0.400586 -0.706988
    outer loop
      vertex -32.6662 21.2137 5
      vertex -36.4822 23.6918 9.55
      vertex -35.1922 25.5687 9.55
    endloop
  endfacet
  facet normal -0.678103 0.20086 -0.706988
    outer loop
      vertex -37.6228 10.081 5
      vertex -42.0178 11.2586 9.55
      vertex -41.371 13.4422 9.55
    endloop
  endfacet
  facet normal -0.687688 0.165087 -0.706988
    outer loop
      vertex -37.6228 10.081 5
      vertex -42.5494 9.04416 9.55
      vertex -42.0178 11.2586 9.55
    endloop
  endfacet
  facet normal -0.621526 0.33745 -0.706989
    outer loop
      vertex -34.7047 17.6829 5
      vertex -38.7588 19.7486 9.55
      vertex -33.7317 19.475 5
    endloop
  endfacet
  facet normal -0.705045 -0.0554936 -0.706988
    outer loop
      vertex -43.2617 -4.54699 9.55
      vertex -43.4404 -2.27661 9.55
      vertex -38.7366 -4.07138 5
    endloop
  endfacet
  facet normal -0.666662 -0.236082 -0.706984
    outer loop
      vertex -36.363 -13.9584 5
      vertex -41.371 -13.4422 9.55
      vertex -37.0437 -12.0362 5
    endloop
  endfacet
  facet normal 0.66666 0.236101 -0.70698
    outer loop
      vertex 41.371 13.4422 9.55
      vertex 36.363 13.9584 5
      vertex 40.6107 15.589 9.55
    endloop
  endfacet
  facet normal 0.512987 0.486839 -0.706988
    outer loop
      vertex 32.3268 29.1072 9.55
      vertex 28.9455 26.0626 5
      vertex 30.7591 30.7591 9.55
    endloop
  endfacet
  facet normal 0.36953 0.603005 -0.706989
    outer loop
      vertex 21.2137 32.6662 5
      vertex 19.475 33.7317 5
      vertex 23.6918 36.4822 9.55
    endloop
  endfacet
  facet normal -0.0554936 0.705045 -0.706988
    outer loop
      vertex -4.07138 38.7366 5
      vertex -4.54699 43.2617 9.55
      vertex -2.27661 43.4404 9.55
    endloop
  endfacet
  facet normal 0.337467 0.621521 -0.706985
    outer loop
      vertex 21.75 37.6721 9.55
      vertex 19.475 33.7317 5
      vertex 19.7486 38.7588 9.55
    endloop
  endfacet
  facet normal -0.537794 -0.459289 -0.706988
    outer loop
      vertex -32.3268 -29.1072 9.55
      vertex -33.8058 -27.3754 9.55
      vertex -28.9455 -26.0626 5
    endloop
  endfacet
  facet normal -0.678111 -0.200846 -0.706984
    outer loop
      vertex -37.0437 -12.0362 5
      vertex -41.371 -13.4422 9.55
      vertex -37.6228 -10.081 5
    endloop
  endfacet
  facet normal 0.621526 -0.33745 -0.706989
    outer loop
      vertex 38.7588 -19.7486 9.55
      vertex 33.7317 -19.475 5
      vertex 34.7047 -17.6829 5
    endloop
  endfacet
  facet normal -0.603005 0.36953 -0.706989
    outer loop
      vertex -33.7317 19.475 5
      vertex -36.4822 23.6918 9.55
      vertex -32.6662 21.2137 5
    endloop
  endfacet
  facet normal -0.0185202 0.706986 -0.706986
    outer loop
      vertex 0 38.95 5
      vertex -2.03848 38.8966 5
      vertex 0 43.5 9.55
    endloop
  endfacet
  facet normal 0.512987 -0.486839 -0.706988
    outer loop
      vertex 30.7591 -30.7591 9.55
      vertex 28.9455 -26.0626 5
      vertex 32.3268 -29.1072 9.55
    endloop
  endfacet
  facet normal -0.486825 0.513009 -0.706982
    outer loop
      vertex -27.5418 27.5418 5
      vertex -30.7591 30.7591 9.55
      vertex -26.0626 28.9455 5
    endloop
  endfacet
  facet normal 0.56107 0.430546 -0.706987
    outer loop
      vertex 35.1922 25.5687 9.55
      vertex 31.5112 22.8942 5
      vertex 33.8058 27.3754 9.55
    endloop
  endfacet
  facet normal 0.603005 -0.36953 -0.706989
    outer loop
      vertex 36.4822 -23.6918 9.55
      vertex 32.6662 -21.2137 5
      vertex 33.7317 -19.475 5
    endloop
  endfacet
  facet normal 0.304476 -0.638327 -0.706989
    outer loop
      vertex 19.7486 -38.7588 9.55
      vertex 15.8424 -35.5826 5
      vertex 17.6829 -34.7047 5
    endloop
  endfacet
  facet normal -0.304453 0.638345 -0.706982
    outer loop
      vertex -15.8424 35.5826 5
      vertex -19.7486 38.7588 9.55
      vertex -17.693 39.7392 9.55
    endloop
  endfacet
  facet normal 0.270652 0.653394 -0.706982
    outer loop
      vertex 15.8424 35.5826 5
      vertex 13.9584 36.363 5
      vertex 17.693 39.7392 9.55
    endloop
  endfacet
  facet normal -0.678111 0.200846 -0.706984
    outer loop
      vertex -37.6228 10.081 5
      vertex -41.371 13.4422 9.55
      vertex -37.0437 12.0362 5
    endloop
  endfacet
  facet normal 0.0185202 -0.706986 -0.706986
    outer loop
      vertex 2.03848 -38.8966 5
      vertex 0 -43.5 9.55
      vertex 0 -38.95 5
    endloop
  endfacet
  facet normal 0.678111 0.200846 -0.706984
    outer loop
      vertex 37.6228 10.081 5
      vertex 37.0437 12.0362 5
      vertex 41.371 13.4422 9.55
    endloop
  endfacet
  facet normal 0.128913 -0.695386 -0.706979
    outer loop
      vertex 6.8049 -42.9644 9.55
      vertex 6.09312 -38.4705 5
      vertex 8.09816 -38.0988 5
    endloop
  endfacet
  facet normal -0.653394 0.270652 -0.706982
    outer loop
      vertex -36.363 13.9584 5
      vertex -39.7392 17.693 9.55
      vertex -35.5826 15.8424 5
    endloop
  endfacet
  facet normal 0.304453 -0.638345 -0.706982
    outer loop
      vertex 17.693 -39.7392 9.55
      vertex 15.8424 -35.5826 5
      vertex 19.7486 -38.7588 9.55
    endloop
  endfacet
  facet normal 0.459289 0.537794 -0.706988
    outer loop
      vertex 29.1072 32.3268 9.55
      vertex 26.0626 28.9455 5
      vertex 27.3754 33.8058 9.55
    endloop
  endfacet
  facet normal -0.337467 0.621521 -0.706985
    outer loop
      vertex -19.475 33.7317 5
      vertex -21.75 37.6721 9.55
      vertex -19.7486 38.7588 9.55
    endloop
  endfacet
  facet normal -0.36953 -0.603005 -0.706989
    outer loop
      vertex -19.475 -33.7317 5
      vertex -23.6918 -36.4822 9.55
      vertex -21.2137 -32.6662 5
    endloop
  endfacet
  facet normal 0.33745 0.621526 -0.706989
    outer loop
      vertex 19.475 33.7317 5
      vertex 17.6829 34.7047 5
      vertex 19.7486 38.7588 9.55
    endloop
  endfacet
  facet normal 0.666662 -0.236082 -0.706984
    outer loop
      vertex 41.371 -13.4422 9.55
      vertex 36.363 -13.9584 5
      vertex 37.0437 -12.0362 5
    endloop
  endfacet
  facet normal -0.0923239 -0.701174 -0.706987
    outer loop
      vertex -4.54699 -43.2617 9.55
      vertex -6.8049 -42.9644 9.55
      vertex -4.07138 -38.7366 5
    endloop
  endfacet
  facet normal 0.705045 -0.0554908 -0.706988
    outer loop
      vertex 43.4404 -2.27661 9.55
      vertex 38.7366 -4.07138 5
      vertex 38.8966 -2.03848 5
    endloop
  endfacet
  facet normal 0.687688 0.165086 -0.706988
    outer loop
      vertex 38.0988 8.09816 5
      vertex 37.6228 10.081 5
      vertex 42.5494 9.04416 9.55
    endloop
  endfacet
  facet normal 0.165087 0.687688 -0.706988
    outer loop
      vertex 10.081 37.6228 5
      vertex 9.04416 42.5494 9.55
      vertex 11.2586 42.0178 9.55
    endloop
  endfacet
  facet normal -0.304476 0.638327 -0.706989
    outer loop
      vertex -17.6829 34.7047 5
      vertex -19.7486 38.7588 9.55
      vertex -15.8424 35.5826 5
    endloop
  endfacet
  facet normal 0.400583 -0.58284 -0.706987
    outer loop
      vertex 25.5687 -35.1922 9.55
      vertex 21.2137 -32.6662 5
      vertex 22.8942 -31.5112 5
    endloop
  endfacet
  facet normal 0.337467 -0.621521 -0.706985
    outer loop
      vertex 19.7486 -38.7588 9.55
      vertex 19.475 -33.7317 5
      vertex 21.75 -37.6721 9.55
    endloop
  endfacet
  facet normal -0.0185083 0.706983 -0.706988
    outer loop
      vertex -2.03848 38.8966 5
      vertex -2.27661 43.4404 9.55
      vertex 0 43.5 9.55
    endloop
  endfacet
  facet normal 0.621521 0.337467 -0.706985
    outer loop
      vertex 38.7588 19.7486 9.55
      vertex 33.7317 19.475 5
      vertex 37.6721 21.75 9.55
    endloop
  endfacet
  facet normal 0.638345 0.304453 -0.706982
    outer loop
      vertex 39.7392 17.693 9.55
      vertex 35.5826 15.8424 5
      vertex 38.7588 19.7486 9.55
    endloop
  endfacet
  facet normal -0.537788 -0.459301 -0.706984
    outer loop
      vertex -28.9455 -26.0626 5
      vertex -33.8058 -27.3754 9.55
      vertex -30.2698 -24.512 5
    endloop
  endfacet
  facet normal -0.270652 -0.653394 -0.706982
    outer loop
      vertex -13.9584 -36.363 5
      vertex -17.693 -39.7392 9.55
      vertex -15.8424 -35.5826 5
    endloop
  endfacet
  facet normal -0.638327 0.304476 -0.706989
    outer loop
      vertex -35.5826 15.8424 5
      vertex -38.7588 19.7486 9.55
      vertex -34.7047 17.6829 5
    endloop
  endfacet
  facet normal 0.400586 -0.582837 -0.706988
    outer loop
      vertex 23.6918 -36.4822 9.55
      vertex 21.2137 -32.6662 5
      vertex 25.5687 -35.1922 9.55
    endloop
  endfacet
  facet normal -0.270652 0.653394 -0.706982
    outer loop
      vertex -15.8424 35.5826 5
      vertex -17.693 39.7392 9.55
      vertex -13.9584 36.363 5
    endloop
  endfacet
  facet normal -0.513009 0.486825 -0.706982
    outer loop
      vertex -28.9455 26.0626 5
      vertex -30.7591 30.7591 9.55
      vertex -27.5418 27.5418 5
    endloop
  endfacet
  facet normal -0.512987 0.486839 -0.706988
    outer loop
      vertex -28.9455 26.0626 5
      vertex -32.3268 29.1072 9.55
      vertex -30.7591 30.7591 9.55
    endloop
  endfacet
  facet normal 0.459301 0.537788 -0.706984
    outer loop
      vertex 26.0626 28.9455 5
      vertex 24.512 30.2698 5
      vertex 27.3754 33.8058 9.55
    endloop
  endfacet
  facet normal -0.705045 0.0554908 -0.706988
    outer loop
      vertex -38.8966 2.03848 5
      vertex -43.4404 2.27661 9.55
      vertex -38.7366 4.07138 5
    endloop
  endfacet
  facet normal 0.701174 0.0923239 -0.706987
    outer loop
      vertex 43.2617 4.54699 9.55
      vertex 38.7366 4.07138 5
      vertex 42.9644 6.8049 9.55
    endloop
  endfacet
  facet normal -0.304453 -0.638345 -0.706982
    outer loop
      vertex -17.693 -39.7392 9.55
      vertex -19.7486 -38.7588 9.55
      vertex -15.8424 -35.5826 5
    endloop
  endfacet
  facet normal -0.695385 0.128875 -0.706988
    outer loop
      vertex -38.0988 8.09816 5
      vertex -42.9644 6.8049 9.55
      vertex -42.5494 9.04416 9.55
    endloop
  endfacet
  facet normal 0.695386 0.128913 -0.706979
    outer loop
      vertex 38.4705 6.09312 5
      vertex 38.0988 8.09816 5
      vertex 42.9644 6.8049 9.55
    endloop
  endfacet
  facet normal -0.687688 -0.165087 -0.706988
    outer loop
      vertex -42.0178 -11.2586 9.55
      vertex -42.5494 -9.04416 9.55
      vertex -37.6228 -10.081 5
    endloop
  endfacet
  facet normal -0.236082 -0.666662 -0.706984
    outer loop
      vertex -13.4422 -41.371 9.55
      vertex -13.9584 -36.363 5
      vertex -12.0362 -37.0437 5
    endloop
  endfacet
  facet normal 0.304453 0.638345 -0.706982
    outer loop
      vertex 19.7486 38.7588 9.55
      vertex 15.8424 35.5826 5
      vertex 17.693 39.7392 9.55
    endloop
  endfacet
  facet normal 0.666662 0.236082 -0.706984
    outer loop
      vertex 37.0437 12.0362 5
      vertex 36.363 13.9584 5
      vertex 41.371 13.4422 9.55
    endloop
  endfacet
  facet normal -0.687688 -0.165086 -0.706988
    outer loop
      vertex -37.6228 -10.081 5
      vertex -42.5494 -9.04416 9.55
      vertex -38.0988 -8.09816 5
    endloop
  endfacet
  facet normal -0.706986 0.0185202 -0.706986
    outer loop
      vertex -38.95 0 5
      vertex -43.5 0 9.55
      vertex -38.8966 2.03848 5
    endloop
  endfacet
  facet normal 0.304476 0.638327 -0.706989
    outer loop
      vertex 17.6829 34.7047 5
      vertex 15.8424 35.5826 5
      vertex 19.7486 38.7588 9.55
    endloop
  endfacet
  facet normal 0.0922897 0.701187 -0.706979
    outer loop
      vertex 6.09312 38.4705 5
      vertex 4.07138 38.7366 5
      vertex 6.8049 42.9644 9.55
    endloop
  endfacet
  facet normal -0.603005 -0.36953 -0.706989
    outer loop
      vertex -32.6662 -21.2137 5
      vertex -36.4822 -23.6918 9.55
      vertex -33.7317 -19.475 5
    endloop
  endfacet
  facet normal -0.0554908 0.705045 -0.706988
    outer loop
      vertex -2.03848 38.8966 5
      vertex -4.07138 38.7366 5
      vertex -2.27661 43.4404 9.55
    endloop
  endfacet
  facet normal 0.0923239 -0.701174 -0.706987
    outer loop
      vertex 4.54699 -43.2617 9.55
      vertex 4.07138 -38.7366 5
      vertex 6.8049 -42.9644 9.55
    endloop
  endfacet
  facet normal 0.638345 -0.304453 -0.706982
    outer loop
      vertex 38.7588 -19.7486 9.55
      vertex 35.5826 -15.8424 5
      vertex 39.7392 -17.693 9.55
    endloop
  endfacet
  facet normal -0.200846 -0.678111 -0.706984
    outer loop
      vertex -10.081 -37.6228 5
      vertex -13.4422 -41.371 9.55
      vertex -12.0362 -37.0437 5
    endloop
  endfacet
  facet normal 0.270645 0.653399 -0.70698
    outer loop
      vertex 17.693 39.7392 9.55
      vertex 13.9584 36.363 5
      vertex 15.589 40.6107 9.55
    endloop
  endfacet
  facet normal -0.512987 -0.486839 -0.706988
    outer loop
      vertex -30.7591 -30.7591 9.55
      vertex -32.3268 -29.1072 9.55
      vertex -28.9455 -26.0626 5
    endloop
  endfacet
  facet normal 0.486839 0.512987 -0.706988
    outer loop
      vertex 30.7591 30.7591 9.55
      vertex 26.0626 28.9455 5
      vertex 29.1072 32.3268 9.55
    endloop
  endfacet
  facet normal 0.486839 -0.512987 -0.706988
    outer loop
      vertex 29.1072 -32.3268 9.55
      vertex 26.0626 -28.9455 5
      vertex 30.7591 -30.7591 9.55
    endloop
  endfacet
  facet normal -0.430538 -0.56108 -0.706984
    outer loop
      vertex -22.8942 -31.5112 5
      vertex -27.3754 -33.8058 9.55
      vertex -24.512 -30.2698 5
    endloop
  endfacet
  facet normal -0.0554936 -0.705045 -0.706988
    outer loop
      vertex -2.27661 -43.4404 9.55
      vertex -4.54699 -43.2617 9.55
      vertex -4.07138 -38.7366 5
    endloop
  endfacet
  facet normal 0.270645 -0.653399 -0.70698
    outer loop
      vertex 15.589 -40.6107 9.55
      vertex 13.9584 -36.363 5
      vertex 17.693 -39.7392 9.55
    endloop
  endfacet
  facet normal -0.66666 -0.236101 -0.70698
    outer loop
      vertex -40.6107 -15.589 9.55
      vertex -41.371 -13.4422 9.55
      vertex -36.363 -13.9584 5
    endloop
  endfacet
  facet normal 0.621521 -0.337467 -0.706985
    outer loop
      vertex 37.6721 -21.75 9.55
      vertex 33.7317 -19.475 5
      vertex 38.7588 -19.7486 9.55
    endloop
  endfacet
  facet normal 0.56108 0.430538 -0.706984
    outer loop
      vertex 31.5112 22.8942 5
      vertex 30.2698 24.512 5
      vertex 33.8058 27.3754 9.55
    endloop
  endfacet
  facet normal 0.537788 0.459301 -0.706984
    outer loop
      vertex 30.2698 24.512 5
      vertex 28.9455 26.0626 5
      vertex 33.8058 27.3754 9.55
    endloop
  endfacet
  facet normal -0.270645 0.653399 -0.70698
    outer loop
      vertex -13.9584 36.363 5
      vertex -17.693 39.7392 9.55
      vertex -15.589 40.6107 9.55
    endloop
  endfacet
  facet normal 0.687688 0.165087 -0.706988
    outer loop
      vertex 42.5494 9.04416 9.55
      vertex 37.6228 10.081 5
      vertex 42.0178 11.2586 9.55
    endloop
  endfacet
  facet normal -0.486839 0.512987 -0.706988
    outer loop
      vertex -26.0626 28.9455 5
      vertex -30.7591 30.7591 9.55
      vertex -29.1072 32.3268 9.55
    endloop
  endfacet
  facet normal -0.621521 0.337467 -0.706985
    outer loop
      vertex -33.7317 19.475 5
      vertex -38.7588 19.7486 9.55
      vertex -37.6721 21.75 9.55
    endloop
  endfacet
  facet normal 0.369518 -0.603017 -0.706985
    outer loop
      vertex 21.75 -37.6721 9.55
      vertex 19.475 -33.7317 5
      vertex 23.6918 -36.4822 9.55
    endloop
  endfacet
  facet normal 0.56108 -0.430538 -0.706984
    outer loop
      vertex 33.8058 -27.3754 9.55
      vertex 30.2698 -24.512 5
      vertex 31.5112 -22.8942 5
    endloop
  endfacet
  facet normal 0.430546 -0.56107 -0.706987
    outer loop
      vertex 25.5687 -35.1922 9.55
      vertex 22.8942 -31.5112 5
      vertex 27.3754 -33.8058 9.55
    endloop
  endfacet
  facet normal -0.653399 -0.270645 -0.70698
    outer loop
      vertex -39.7392 -17.693 9.55
      vertex -40.6107 -15.589 9.55
      vertex -36.363 -13.9584 5
    endloop
  endfacet
  facet normal 0.695386 -0.128913 -0.706979
    outer loop
      vertex 42.9644 -6.8049 9.55
      vertex 38.0988 -8.09816 5
      vertex 38.4705 -6.09312 5
    endloop
  endfacet
  facet normal 0.701187 -0.0922897 -0.706979
    outer loop
      vertex 42.9644 -6.8049 9.55
      vertex 38.4705 -6.09312 5
      vertex 38.7366 -4.07138 5
    endloop
  endfacet
  facet normal 0.705045 0.0554936 -0.706988
    outer loop
      vertex 43.4404 2.27661 9.55
      vertex 38.7366 4.07138 5
      vertex 43.2617 4.54699 9.55
    endloop
  endfacet
  facet normal 0.705045 0.0554908 -0.706988
    outer loop
      vertex 38.8966 2.03848 5
      vertex 38.7366 4.07138 5
      vertex 43.4404 2.27661 9.55
    endloop
  endfacet
  facet normal 0.486825 -0.513009 -0.706982
    outer loop
      vertex 30.7591 -30.7591 9.55
      vertex 26.0626 -28.9455 5
      vertex 27.5418 -27.5418 5
    endloop
  endfacet
  facet normal -0.459301 -0.537788 -0.706984
    outer loop
      vertex -24.512 -30.2698 5
      vertex -27.3754 -33.8058 9.55
      vertex -26.0626 -28.9455 5
    endloop
  endfacet
  facet normal -0.701187 0.0922897 -0.706979
    outer loop
      vertex -38.7366 4.07138 5
      vertex -42.9644 6.8049 9.55
      vertex -38.4705 6.09312 5
    endloop
  endfacet
  facet normal -0.0922897 -0.701187 -0.706979
    outer loop
      vertex -4.07138 -38.7366 5
      vertex -6.8049 -42.9644 9.55
      vertex -6.09312 -38.4705 5
    endloop
  endfacet
  facet normal 0.430538 -0.56108 -0.706984
    outer loop
      vertex 27.3754 -33.8058 9.55
      vertex 22.8942 -31.5112 5
      vertex 24.512 -30.2698 5
    endloop
  endfacet
  facet normal -0.621521 -0.337467 -0.706985
    outer loop
      vertex -37.6721 -21.75 9.55
      vertex -38.7588 -19.7486 9.55
      vertex -33.7317 -19.475 5
    endloop
  endfacet
  facet normal 0.582837 0.400586 -0.706988
    outer loop
      vertex 36.4822 23.6918 9.55
      vertex 32.6662 21.2137 5
      vertex 35.1922 25.5687 9.55
    endloop
  endfacet
  facet normal -0.128913 0.695386 -0.706979
    outer loop
      vertex -6.09312 38.4705 5
      vertex -8.09816 38.0988 5
      vertex -6.8049 42.9644 9.55
    endloop
  endfacet
  facet normal 0.621526 0.33745 -0.706989
    outer loop
      vertex 34.7047 17.6829 5
      vertex 33.7317 19.475 5
      vertex 38.7588 19.7486 9.55
    endloop
  endfacet
  facet normal -0.695386 -0.128913 -0.706979
    outer loop
      vertex -38.0988 -8.09816 5
      vertex -42.9644 -6.8049 9.55
      vertex -38.4705 -6.09312 5
    endloop
  endfacet
  facet normal -0.369518 -0.603017 -0.706985
    outer loop
      vertex -21.75 -37.6721 9.55
      vertex -23.6918 -36.4822 9.55
      vertex -19.475 -33.7317 5
    endloop
  endfacet
  facet normal -0.695385 -0.128875 -0.706988
    outer loop
      vertex -42.5494 -9.04416 9.55
      vertex -42.9644 -6.8049 9.55
      vertex -38.0988 -8.09816 5
    endloop
  endfacet
  facet normal -0.706983 -0.0185083 -0.706988
    outer loop
      vertex -43.4404 -2.27661 9.55
      vertex -43.5 0 9.55
      vertex -38.8966 -2.03848 5
    endloop
  endfacet
  facet normal -0.459289 0.537794 -0.706988
    outer loop
      vertex -26.0626 28.9455 5
      vertex -29.1072 32.3268 9.55
      vertex -27.3754 33.8058 9.55
    endloop
  endfacet
  facet normal -0.0185202 -0.706986 -0.706986
    outer loop
      vertex 0 -43.5 9.55
      vertex -2.03848 -38.8966 5
      vertex 0 -38.95 5
    endloop
  endfacet
  facet normal -0.36953 0.603005 -0.706989
    outer loop
      vertex -21.2137 32.6662 5
      vertex -23.6918 36.4822 9.55
      vertex -19.475 33.7317 5
    endloop
  endfacet
  facet normal 0.638327 0.304476 -0.706989
    outer loop
      vertex 35.5826 15.8424 5
      vertex 34.7047 17.6829 5
      vertex 38.7588 19.7486 9.55
    endloop
  endfacet
  facet normal 0.128875 -0.695385 -0.706988
    outer loop
      vertex 9.04416 -42.5494 9.55
      vertex 6.8049 -42.9644 9.55
      vertex 8.09816 -38.0988 5
    endloop
  endfacet
  facet normal -0.537788 0.459301 -0.706984
    outer loop
      vertex -30.2698 24.512 5
      vertex -33.8058 27.3754 9.55
      vertex -28.9455 26.0626 5
    endloop
  endfacet
  facet normal -0.56108 0.430538 -0.706984
    outer loop
      vertex -31.5112 22.8942 5
      vertex -33.8058 27.3754 9.55
      vertex -30.2698 24.512 5
    endloop
  endfacet
  facet normal -0.369518 0.603017 -0.706985
    outer loop
      vertex -19.475 33.7317 5
      vertex -23.6918 36.4822 9.55
      vertex -21.75 37.6721 9.55
    endloop
  endfacet
  facet normal 0.236082 -0.666662 -0.706984
    outer loop
      vertex 13.4422 -41.371 9.55
      vertex 12.0362 -37.0437 5
      vertex 13.9584 -36.363 5
    endloop
  endfacet
  facet normal -0.400586 -0.582837 -0.706988
    outer loop
      vertex -23.6918 -36.4822 9.55
      vertex -25.5687 -35.1922 9.55
      vertex -21.2137 -32.6662 5
    endloop
  endfacet
  facet normal -0.705045 -0.0554908 -0.706988
    outer loop
      vertex -38.7366 -4.07138 5
      vertex -43.4404 -2.27661 9.55
      vertex -38.8966 -2.03848 5
    endloop
  endfacet
  facet normal 0.400583 0.58284 -0.706987
    outer loop
      vertex 22.8942 31.5112 5
      vertex 21.2137 32.6662 5
      vertex 25.5687 35.1922 9.55
    endloop
  endfacet
  facet normal -0.400583 0.58284 -0.706987
    outer loop
      vertex -22.8942 31.5112 5
      vertex -25.5687 35.1922 9.55
      vertex -21.2137 32.6662 5
    endloop
  endfacet
  facet normal -0.430546 0.56107 -0.706987
    outer loop
      vertex -22.8942 31.5112 5
      vertex -27.3754 33.8058 9.55
      vertex -25.5687 35.1922 9.55
    endloop
  endfacet
  facet normal 0.603017 0.369518 -0.706985
    outer loop
      vertex 37.6721 21.75 9.55
      vertex 33.7317 19.475 5
      vertex 36.4822 23.6918 9.55
    endloop
  endfacet
  facet normal -0.638327 -0.304476 -0.706989
    outer loop
      vertex -34.7047 -17.6829 5
      vertex -38.7588 -19.7486 9.55
      vertex -35.5826 -15.8424 5
    endloop
  endfacet
  facet normal -0.165087 0.687688 -0.706988
    outer loop
      vertex -10.081 37.6228 5
      vertex -11.2586 42.0178 9.55
      vertex -9.04416 42.5494 9.55
    endloop
  endfacet
  facet normal -0.638345 -0.304453 -0.706982
    outer loop
      vertex -38.7588 -19.7486 9.55
      vertex -39.7392 -17.693 9.55
      vertex -35.5826 -15.8424 5
    endloop
  endfacet
  facet normal -0.653394 -0.270652 -0.706982
    outer loop
      vertex -35.5826 -15.8424 5
      vertex -39.7392 -17.693 9.55
      vertex -36.363 -13.9584 5
    endloop
  endfacet
  facet normal -0.236082 0.666662 -0.706984
    outer loop
      vertex -12.0362 37.0437 5
      vertex -13.9584 36.363 5
      vertex -13.4422 41.371 9.55
    endloop
  endfacet
  facet normal 0.236082 0.666662 -0.706984
    outer loop
      vertex 13.9584 36.363 5
      vertex 12.0362 37.0437 5
      vertex 13.4422 41.371 9.55
    endloop
  endfacet
  facet normal 0.369518 0.603017 -0.706985
    outer loop
      vertex 23.6918 36.4822 9.55
      vertex 19.475 33.7317 5
      vertex 21.75 37.6721 9.55
    endloop
  endfacet
  facet normal 0.400586 0.582837 -0.706988
    outer loop
      vertex 25.5687 35.1922 9.55
      vertex 21.2137 32.6662 5
      vertex 23.6918 36.4822 9.55
    endloop
  endfacet
  facet normal -0.0923239 0.701174 -0.706987
    outer loop
      vertex -4.07138 38.7366 5
      vertex -6.8049 42.9644 9.55
      vertex -4.54699 43.2617 9.55
    endloop
  endfacet
  facet normal -0.200846 0.678111 -0.706984
    outer loop
      vertex -12.0362 37.0437 5
      vertex -13.4422 41.371 9.55
      vertex -10.081 37.6228 5
    endloop
  endfacet
  facet normal -0.128875 0.695385 -0.706988
    outer loop
      vertex -8.09816 38.0988 5
      vertex -9.04416 42.5494 9.55
      vertex -6.8049 42.9644 9.55
    endloop
  endfacet
  facet normal 0.165087 -0.687688 -0.706988
    outer loop
      vertex 11.2586 -42.0178 9.55
      vertex 9.04416 -42.5494 9.55
      vertex 10.081 -37.6228 5
    endloop
  endfacet
  facet normal 0.20086 -0.678103 -0.706988
    outer loop
      vertex 11.2586 -42.0178 9.55
      vertex 10.081 -37.6228 5
      vertex 13.4422 -41.371 9.55
    endloop
  endfacet
  facet normal 0.0922897 -0.701187 -0.706979
    outer loop
      vertex 6.8049 -42.9644 9.55
      vertex 4.07138 -38.7366 5
      vertex 6.09312 -38.4705 5
    endloop
  endfacet
  facet normal 0.0554936 -0.705045 -0.706988
    outer loop
      vertex 4.54699 -43.2617 9.55
      vertex 2.27661 -43.4404 9.55
      vertex 4.07138 -38.7366 5
    endloop
  endfacet
  facet normal -0.701174 -0.0923239 -0.706987
    outer loop
      vertex -42.9644 -6.8049 9.55
      vertex -43.2617 -4.54699 9.55
      vertex -38.7366 -4.07138 5
    endloop
  endfacet
  facet normal 0.701187 0.0922897 -0.706979
    outer loop
      vertex 38.7366 4.07138 5
      vertex 38.4705 6.09312 5
      vertex 42.9644 6.8049 9.55
    endloop
  endfacet
  facet normal 0.33745 -0.621526 -0.706989
    outer loop
      vertex 19.7486 -38.7588 9.55
      vertex 17.6829 -34.7047 5
      vertex 19.475 -33.7317 5
    endloop
  endfacet
  facet normal -0.621526 -0.33745 -0.706989
    outer loop
      vertex -33.7317 -19.475 5
      vertex -38.7588 -19.7486 9.55
      vertex -34.7047 -17.6829 5
    endloop
  endfacet
  facet normal -0.701187 -0.0922897 -0.706979
    outer loop
      vertex -38.4705 -6.09312 5
      vertex -42.9644 -6.8049 9.55
      vertex -38.7366 -4.07138 5
    endloop
  endfacet
  facet normal -0.20086 -0.678103 -0.706988
    outer loop
      vertex -11.2586 -42.0178 9.55
      vertex -13.4422 -41.371 9.55
      vertex -10.081 -37.6228 5
    endloop
  endfacet
  facet normal -0.165087 -0.687688 -0.706988
    outer loop
      vertex -9.04416 -42.5494 9.55
      vertex -11.2586 -42.0178 9.55
      vertex -10.081 -37.6228 5
    endloop
  endfacet
  facet normal -0.582837 -0.400586 -0.706988
    outer loop
      vertex -35.1922 -25.5687 9.55
      vertex -36.4822 -23.6918 9.55
      vertex -32.6662 -21.2137 5
    endloop
  endfacet
  facet normal -0.0185083 -0.706983 -0.706988
    outer loop
      vertex 0 -43.5 9.55
      vertex -2.27661 -43.4404 9.55
      vertex -2.03848 -38.8966 5
    endloop
  endfacet
  facet normal -0.58284 -0.400583 -0.706987
    outer loop
      vertex -31.5112 -22.8942 5
      vertex -35.1922 -25.5687 9.55
      vertex -32.6662 -21.2137 5
    endloop
  endfacet
  facet normal -0.33745 0.621526 -0.706989
    outer loop
      vertex -19.475 33.7317 5
      vertex -19.7486 38.7588 9.55
      vertex -17.6829 34.7047 5
    endloop
  endfacet
  facet normal -0.128913 -0.695386 -0.706979
    outer loop
      vertex -6.8049 -42.9644 9.55
      vertex -8.09816 -38.0988 5
      vertex -6.09312 -38.4705 5
    endloop
  endfacet
  facet normal -0.333837 0.942631 0
    outer loop
      vertex -13.4422 41.371 9.55
      vertex -15.589 40.6107 11.55
      vertex -13.4422 41.371 11.55
    endloop
  endfacet
  facet normal -0.333837 0.942631 0
    outer loop
      vertex -15.589 40.6107 11.55
      vertex -13.4422 41.371 9.55
      vertex -15.589 40.6107 9.55
    endloop
  endfacet
  facet normal 0.996917 0.0784666 0
    outer loop
      vertex 43.4404 2.27661 11.55
      vertex 43.2617 4.54699 9.55
      vertex 43.2617 4.54699 11.55
    endloop
  endfacet
  facet normal 0.996917 0.0784666 0
    outer loop
      vertex 43.2617 4.54699 9.55
      vertex 43.4404 2.27661 11.55
      vertex 43.4404 2.27661 9.55
    endloop
  endfacet
  facet normal 0.999657 0.0261703 0
    outer loop
      vertex 43.5 0 11.55
      vertex 43.4404 2.27661 9.55
      vertex 43.4404 2.27661 11.55
    endloop
  endfacet
  facet normal 0.999657 0.0261703 0
    outer loop
      vertex 43.4404 2.27661 9.55
      vertex 43.5 0 11.55
      vertex 43.5 0 9.55
    endloop
  endfacet
  facet normal 0.991443 0.130544 0
    outer loop
      vertex 43.2617 4.54699 11.55
      vertex 42.9644 6.8049 9.55
      vertex 42.9644 6.8049 11.55
    endloop
  endfacet
  facet normal 0.991443 0.130544 0
    outer loop
      vertex 42.9644 6.8049 9.55
      vertex 43.2617 4.54699 11.55
      vertex 43.2617 4.54699 9.55
    endloop
  endfacet
  facet normal -0.522487 0.852647 0
    outer loop
      vertex -21.75 37.6721 9.55
      vertex -23.6918 36.4822 11.55
      vertex -21.75 37.6721 11.55
    endloop
  endfacet
  facet normal -0.522487 0.852647 0
    outer loop
      vertex -23.6918 36.4822 11.55
      vertex -21.75 37.6721 9.55
      vertex -23.6918 36.4822 9.55
    endloop
  endfacet
  facet normal -0.760427 0.649423 0
    outer loop
      vertex -33.8058 27.3754 9.55
      vertex -32.3268 29.1072 11.55
      vertex -32.3268 29.1072 9.55
    endloop
  endfacet
  facet normal -0.760427 0.649423 0
    outer loop
      vertex -32.3268 29.1072 11.55
      vertex -33.8058 27.3754 9.55
      vertex -33.8058 27.3754 11.55
    endloop
  endfacet
  facet normal 0.430486 -0.902597 0
    outer loop
      vertex 17.693 -39.7392 9.55
      vertex 19.7486 -38.7588 11.55
      vertex 17.693 -39.7392 11.55
    endloop
  endfacet
  facet normal 0.430486 -0.902597 0
    outer loop
      vertex 19.7486 -38.7588 11.55
      vertex 17.693 -39.7392 9.55
      vertex 19.7486 -38.7588 9.55
    endloop
  endfacet
  facet normal 0.608781 0.793338 -0
    outer loop
      vertex 27.3754 33.8058 9.55
      vertex 25.5687 35.1922 11.55
      vertex 27.3754 33.8058 11.55
    endloop
  endfacet
  facet normal 0.608781 0.793338 0
    outer loop
      vertex 25.5687 35.1922 11.55
      vertex 27.3754 33.8058 9.55
      vertex 25.5687 35.1922 9.55
    endloop
  endfacet
  facet normal -0.688379 0.725351 0
    outer loop
      vertex -29.1072 32.3268 9.55
      vertex -30.7591 30.7591 11.55
      vertex -29.1072 32.3268 11.55
    endloop
  endfacet
  facet normal -0.688379 0.725351 0
    outer loop
      vertex -30.7591 30.7591 11.55
      vertex -29.1072 32.3268 9.55
      vertex -30.7591 30.7591 9.55
    endloop
  endfacet
  facet normal -0.0261703 -0.999657 0
    outer loop
      vertex -2.27661 -43.4404 9.55
      vertex 0 -43.5 11.55
      vertex -2.27661 -43.4404 11.55
    endloop
  endfacet
  facet normal -0.0261703 -0.999657 -0
    outer loop
      vertex 0 -43.5 11.55
      vertex -2.27661 -43.4404 9.55
      vertex 0 -43.5 9.55
    endloop
  endfacet
  facet normal 0.0784666 -0.996917 0
    outer loop
      vertex 2.27661 -43.4404 9.55
      vertex 4.54699 -43.2617 11.55
      vertex 2.27661 -43.4404 11.55
    endloop
  endfacet
  facet normal 0.0784666 -0.996917 0
    outer loop
      vertex 4.54699 -43.2617 11.55
      vertex 2.27661 -43.4404 9.55
      vertex 4.54699 -43.2617 9.55
    endloop
  endfacet
  facet normal 0.958821 0.284011 0
    outer loop
      vertex 42.0178 11.2586 11.55
      vertex 41.371 13.4422 9.55
      vertex 41.371 13.4422 11.55
    endloop
  endfacet
  facet normal 0.958821 0.284011 0
    outer loop
      vertex 41.371 13.4422 9.55
      vertex 42.0178 11.2586 11.55
      vertex 42.0178 11.2586 9.55
    endloop
  endfacet
  facet normal 0.760427 -0.649423 0
    outer loop
      vertex 32.3268 -29.1072 11.55
      vertex 33.8058 -27.3754 9.55
      vertex 33.8058 -27.3754 11.55
    endloop
  endfacet
  facet normal 0.760427 -0.649423 0
    outer loop
      vertex 33.8058 -27.3754 9.55
      vertex 32.3268 -29.1072 11.55
      vertex 32.3268 -29.1072 9.55
    endloop
  endfacet
  facet normal 0.902597 0.430486 0
    outer loop
      vertex 39.7392 17.693 11.55
      vertex 38.7588 19.7486 9.55
      vertex 38.7588 19.7486 11.55
    endloop
  endfacet
  facet normal 0.902597 0.430486 0
    outer loop
      vertex 38.7588 19.7486 9.55
      vertex 39.7392 17.693 11.55
      vertex 39.7392 17.693 9.55
    endloop
  endfacet
  facet normal 0.92388 -0.382681 0
    outer loop
      vertex 39.7392 -17.693 11.55
      vertex 40.6107 -15.589 9.55
      vertex 40.6107 -15.589 11.55
    endloop
  endfacet
  facet normal 0.92388 -0.382681 0
    outer loop
      vertex 40.6107 -15.589 9.55
      vertex 39.7392 -17.693 11.55
      vertex 39.7392 -17.693 9.55
    endloop
  endfacet
  facet normal -0.996917 0.0784666 0
    outer loop
      vertex -43.4404 2.27661 9.55
      vertex -43.2617 4.54699 11.55
      vertex -43.2617 4.54699 9.55
    endloop
  endfacet
  facet normal -0.996917 0.0784666 0
    outer loop
      vertex -43.2617 4.54699 11.55
      vertex -43.4404 2.27661 9.55
      vertex -43.4404 2.27661 11.55
    endloop
  endfacet
  facet normal -0.649423 -0.760427 0
    outer loop
      vertex -29.1072 -32.3268 9.55
      vertex -27.3754 -33.8058 11.55
      vertex -29.1072 -32.3268 11.55
    endloop
  endfacet
  facet normal -0.649423 -0.760427 -0
    outer loop
      vertex -27.3754 -33.8058 11.55
      vertex -29.1072 -32.3268 9.55
      vertex -27.3754 -33.8058 9.55
    endloop
  endfacet
  facet normal 0.972374 -0.233429 0
    outer loop
      vertex 42.0178 -11.2586 11.55
      vertex 42.5494 -9.04416 9.55
      vertex 42.5494 -9.04416 11.55
    endloop
  endfacet
  facet normal 0.972374 -0.233429 0
    outer loop
      vertex 42.5494 -9.04416 9.55
      vertex 42.0178 -11.2586 11.55
      vertex 42.0178 -11.2586 9.55
    endloop
  endfacet
  facet normal 0.522487 -0.852647 0
    outer loop
      vertex 21.75 -37.6721 9.55
      vertex 23.6918 -36.4822 11.55
      vertex 21.75 -37.6721 11.55
    endloop
  endfacet
  facet normal 0.522487 -0.852647 0
    outer loop
      vertex 23.6918 -36.4822 11.55
      vertex 21.75 -37.6721 9.55
      vertex 23.6918 -36.4822 9.55
    endloop
  endfacet
  facet normal 0.0261703 -0.999657 0
    outer loop
      vertex 0 -43.5 9.55
      vertex 2.27661 -43.4404 11.55
      vertex 0 -43.5 11.55
    endloop
  endfacet
  facet normal 0.0261703 -0.999657 0
    outer loop
      vertex 2.27661 -43.4404 11.55
      vertex 0 -43.5 9.55
      vertex 2.27661 -43.4404 9.55
    endloop
  endfacet
  facet normal -0.0784666 0.996917 0
    outer loop
      vertex -2.27661 43.4404 9.55
      vertex -4.54699 43.2617 11.55
      vertex -2.27661 43.4404 11.55
    endloop
  endfacet
  facet normal -0.0784666 0.996917 0
    outer loop
      vertex -4.54699 43.2617 11.55
      vertex -2.27661 43.4404 9.55
      vertex -4.54699 43.2617 9.55
    endloop
  endfacet
  facet normal 0.852647 0.522487 0
    outer loop
      vertex 37.6721 21.75 11.55
      vertex 36.4822 23.6918 9.55
      vertex 36.4822 23.6918 11.55
    endloop
  endfacet
  facet normal 0.852647 0.522487 0
    outer loop
      vertex 36.4822 23.6918 9.55
      vertex 37.6721 21.75 11.55
      vertex 37.6721 21.75 9.55
    endloop
  endfacet
  facet normal -0.566419 0.824118 0
    outer loop
      vertex -23.6918 36.4822 9.55
      vertex -25.5687 35.1922 11.55
      vertex -23.6918 36.4822 11.55
    endloop
  endfacet
  facet normal -0.566419 0.824118 0
    outer loop
      vertex -25.5687 35.1922 11.55
      vertex -23.6918 36.4822 9.55
      vertex -25.5687 35.1922 9.55
    endloop
  endfacet
  facet normal -0.92388 -0.382681 0
    outer loop
      vertex -39.7392 -17.693 9.55
      vertex -40.6107 -15.589 11.55
      vertex -40.6107 -15.589 9.55
    endloop
  endfacet
  facet normal -0.92388 -0.382681 0
    outer loop
      vertex -40.6107 -15.589 11.55
      vertex -39.7392 -17.693 9.55
      vertex -39.7392 -17.693 11.55
    endloop
  endfacet
  facet normal 0.983257 0.182226 0
    outer loop
      vertex 42.9644 6.8049 11.55
      vertex 42.5494 9.04416 9.55
      vertex 42.5494 9.04416 11.55
    endloop
  endfacet
  facet normal 0.983257 0.182226 0
    outer loop
      vertex 42.5494 9.04416 9.55
      vertex 42.9644 6.8049 11.55
      vertex 42.9644 6.8049 9.55
    endloop
  endfacet
  facet normal 0.130544 0.991443 -0
    outer loop
      vertex 6.8049 42.9644 9.55
      vertex 4.54699 43.2617 11.55
      vertex 6.8049 42.9644 11.55
    endloop
  endfacet
  facet normal 0.130544 0.991443 0
    outer loop
      vertex 4.54699 43.2617 11.55
      vertex 6.8049 42.9644 9.55
      vertex 4.54699 43.2617 9.55
    endloop
  endfacet
  facet normal -0.182226 0.983257 0
    outer loop
      vertex -6.8049 42.9644 9.55
      vertex -9.04416 42.5494 11.55
      vertex -6.8049 42.9644 11.55
    endloop
  endfacet
  facet normal -0.182226 0.983257 0
    outer loop
      vertex -9.04416 42.5494 11.55
      vertex -6.8049 42.9644 9.55
      vertex -9.04416 42.5494 9.55
    endloop
  endfacet
  facet normal -0.130544 0.991443 0
    outer loop
      vertex -4.54699 43.2617 9.55
      vertex -6.8049 42.9644 11.55
      vertex -4.54699 43.2617 11.55
    endloop
  endfacet
  facet normal -0.130544 0.991443 0
    outer loop
      vertex -6.8049 42.9644 11.55
      vertex -4.54699 43.2617 9.55
      vertex -6.8049 42.9644 9.55
    endloop
  endfacet
  facet normal 0.983257 -0.182226 0
    outer loop
      vertex 42.5494 -9.04416 11.55
      vertex 42.9644 -6.8049 9.55
      vertex 42.9644 -6.8049 11.55
    endloop
  endfacet
  facet normal 0.983257 -0.182226 0
    outer loop
      vertex 42.9644 -6.8049 9.55
      vertex 42.5494 -9.04416 11.55
      vertex 42.5494 -9.04416 9.55
    endloop
  endfacet
  facet normal -0.902597 0.430486 0
    outer loop
      vertex -39.7392 17.693 9.55
      vertex -38.7588 19.7486 11.55
      vertex -38.7588 19.7486 9.55
    endloop
  endfacet
  facet normal -0.902597 0.430486 0
    outer loop
      vertex -38.7588 19.7486 11.55
      vertex -39.7392 17.693 9.55
      vertex -39.7392 17.693 11.55
    endloop
  endfacet
  facet normal 0.725351 -0.688379 0
    outer loop
      vertex 30.7591 -30.7591 11.55
      vertex 32.3268 -29.1072 9.55
      vertex 32.3268 -29.1072 11.55
    endloop
  endfacet
  facet normal 0.725351 -0.688379 0
    outer loop
      vertex 32.3268 -29.1072 9.55
      vertex 30.7591 -30.7591 11.55
      vertex 30.7591 -30.7591 9.55
    endloop
  endfacet
  facet normal 0.996917 -0.0784666 0
    outer loop
      vertex 43.2617 -4.54699 11.55
      vertex 43.4404 -2.27661 9.55
      vertex 43.4404 -2.27661 11.55
    endloop
  endfacet
  facet normal 0.996917 -0.0784666 0
    outer loop
      vertex 43.4404 -2.27661 9.55
      vertex 43.2617 -4.54699 11.55
      vertex 43.2617 -4.54699 9.55
    endloop
  endfacet
  facet normal -0.942631 -0.333837 0
    outer loop
      vertex -40.6107 -15.589 9.55
      vertex -41.371 -13.4422 11.55
      vertex -41.371 -13.4422 9.55
    endloop
  endfacet
  facet normal -0.942631 -0.333837 0
    outer loop
      vertex -41.371 -13.4422 11.55
      vertex -40.6107 -15.589 9.55
      vertex -40.6107 -15.589 11.55
    endloop
  endfacet
  facet normal 0.688379 0.725351 -0
    outer loop
      vertex 30.7591 30.7591 9.55
      vertex 29.1072 32.3268 11.55
      vertex 30.7591 30.7591 11.55
    endloop
  endfacet
  facet normal 0.688379 0.725351 0
    outer loop
      vertex 29.1072 32.3268 11.55
      vertex 30.7591 30.7591 9.55
      vertex 29.1072 32.3268 9.55
    endloop
  endfacet
  facet normal 0.649423 0.760427 -0
    outer loop
      vertex 29.1072 32.3268 9.55
      vertex 27.3754 33.8058 11.55
      vertex 29.1072 32.3268 11.55
    endloop
  endfacet
  facet normal 0.649423 0.760427 0
    outer loop
      vertex 27.3754 33.8058 11.55
      vertex 29.1072 32.3268 9.55
      vertex 27.3754 33.8058 9.55
    endloop
  endfacet
  facet normal -0.852647 -0.522487 0
    outer loop
      vertex -36.4822 -23.6918 9.55
      vertex -37.6721 -21.75 11.55
      vertex -37.6721 -21.75 9.55
    endloop
  endfacet
  facet normal -0.852647 -0.522487 0
    outer loop
      vertex -37.6721 -21.75 11.55
      vertex -36.4822 -23.6918 9.55
      vertex -36.4822 -23.6918 11.55
    endloop
  endfacet
  facet normal 0.793338 -0.608781 0
    outer loop
      vertex 33.8058 -27.3754 11.55
      vertex 35.1922 -25.5687 9.55
      vertex 35.1922 -25.5687 11.55
    endloop
  endfacet
  facet normal 0.793338 -0.608781 0
    outer loop
      vertex 35.1922 -25.5687 9.55
      vertex 33.8058 -27.3754 11.55
      vertex 33.8058 -27.3754 9.55
    endloop
  endfacet
  facet normal 0.878812 0.477168 0
    outer loop
      vertex 38.7588 19.7486 11.55
      vertex 37.6721 21.75 9.55
      vertex 37.6721 21.75 11.55
    endloop
  endfacet
  facet normal 0.878812 0.477168 0
    outer loop
      vertex 37.6721 21.75 9.55
      vertex 38.7588 19.7486 11.55
      vertex 38.7588 19.7486 9.55
    endloop
  endfacet
  facet normal -0.649423 0.760427 0
    outer loop
      vertex -27.3754 33.8058 9.55
      vertex -29.1072 32.3268 11.55
      vertex -27.3754 33.8058 11.55
    endloop
  endfacet
  facet normal -0.649423 0.760427 0
    outer loop
      vertex -29.1072 32.3268 11.55
      vertex -27.3754 33.8058 9.55
      vertex -29.1072 32.3268 9.55
    endloop
  endfacet
  facet normal -0.824118 -0.566419 0
    outer loop
      vertex -35.1922 -25.5687 9.55
      vertex -36.4822 -23.6918 11.55
      vertex -36.4822 -23.6918 9.55
    endloop
  endfacet
  facet normal -0.824118 -0.566419 0
    outer loop
      vertex -36.4822 -23.6918 11.55
      vertex -35.1922 -25.5687 9.55
      vertex -35.1922 -25.5687 11.55
    endloop
  endfacet
  facet normal -0.878812 -0.477168 0
    outer loop
      vertex -37.6721 -21.75 9.55
      vertex -38.7588 -19.7486 11.55
      vertex -38.7588 -19.7486 9.55
    endloop
  endfacet
  facet normal -0.878812 -0.477168 0
    outer loop
      vertex -38.7588 -19.7486 11.55
      vertex -37.6721 -21.75 9.55
      vertex -37.6721 -21.75 11.55
    endloop
  endfacet
  facet normal 0.233429 -0.972374 0
    outer loop
      vertex 9.04416 -42.5494 9.55
      vertex 11.2586 -42.0178 11.55
      vertex 9.04416 -42.5494 11.55
    endloop
  endfacet
  facet normal 0.233429 -0.972374 0
    outer loop
      vertex 11.2586 -42.0178 11.55
      vertex 9.04416 -42.5494 9.55
      vertex 11.2586 -42.0178 9.55
    endloop
  endfacet
  facet normal 0.793338 0.608781 0
    outer loop
      vertex 35.1922 25.5687 11.55
      vertex 33.8058 27.3754 9.55
      vertex 33.8058 27.3754 11.55
    endloop
  endfacet
  facet normal 0.793338 0.608781 0
    outer loop
      vertex 33.8058 27.3754 9.55
      vertex 35.1922 25.5687 11.55
      vertex 35.1922 25.5687 9.55
    endloop
  endfacet
  facet normal -0.0784666 -0.996917 0
    outer loop
      vertex -4.54699 -43.2617 9.55
      vertex -2.27661 -43.4404 11.55
      vertex -4.54699 -43.2617 11.55
    endloop
  endfacet
  facet normal -0.0784666 -0.996917 -0
    outer loop
      vertex -2.27661 -43.4404 11.55
      vertex -4.54699 -43.2617 9.55
      vertex -2.27661 -43.4404 9.55
    endloop
  endfacet
  facet normal 0.991443 -0.130544 0
    outer loop
      vertex 42.9644 -6.8049 11.55
      vertex 43.2617 -4.54699 9.55
      vertex 43.2617 -4.54699 11.55
    endloop
  endfacet
  facet normal 0.991443 -0.130544 0
    outer loop
      vertex 43.2617 -4.54699 9.55
      vertex 42.9644 -6.8049 11.55
      vertex 42.9644 -6.8049 9.55
    endloop
  endfacet
  facet normal -0.760427 -0.649423 0
    outer loop
      vertex -32.3268 -29.1072 9.55
      vertex -33.8058 -27.3754 11.55
      vertex -33.8058 -27.3754 9.55
    endloop
  endfacet
  facet normal -0.760427 -0.649423 0
    outer loop
      vertex -33.8058 -27.3754 11.55
      vertex -32.3268 -29.1072 9.55
      vertex -32.3268 -29.1072 11.55
    endloop
  endfacet
  facet normal -0.999657 -0.0261703 0
    outer loop
      vertex -43.4404 -2.27661 9.55
      vertex -43.5 0 11.55
      vertex -43.5 0 9.55
    endloop
  endfacet
  facet normal -0.999657 -0.0261703 0
    outer loop
      vertex -43.5 0 11.55
      vertex -43.4404 -2.27661 9.55
      vertex -43.4404 -2.27661 11.55
    endloop
  endfacet
  facet normal -0.958821 0.284011 0
    outer loop
      vertex -42.0178 11.2586 9.55
      vertex -41.371 13.4422 11.55
      vertex -41.371 13.4422 9.55
    endloop
  endfacet
  facet normal -0.958821 0.284011 0
    outer loop
      vertex -41.371 13.4422 11.55
      vertex -42.0178 11.2586 9.55
      vertex -42.0178 11.2586 11.55
    endloop
  endfacet
  facet normal -0.608781 0.793338 0
    outer loop
      vertex -25.5687 35.1922 9.55
      vertex -27.3754 33.8058 11.55
      vertex -25.5687 35.1922 11.55
    endloop
  endfacet
  facet normal -0.608781 0.793338 0
    outer loop
      vertex -27.3754 33.8058 11.55
      vertex -25.5687 35.1922 9.55
      vertex -27.3754 33.8058 9.55
    endloop
  endfacet
  facet normal 0.824118 -0.566419 0
    outer loop
      vertex 35.1922 -25.5687 11.55
      vertex 36.4822 -23.6918 9.55
      vertex 36.4822 -23.6918 11.55
    endloop
  endfacet
  facet normal 0.824118 -0.566419 0
    outer loop
      vertex 36.4822 -23.6918 9.55
      vertex 35.1922 -25.5687 11.55
      vertex 35.1922 -25.5687 9.55
    endloop
  endfacet
  facet normal -0.333837 -0.942631 0
    outer loop
      vertex -15.589 -40.6107 9.55
      vertex -13.4422 -41.371 11.55
      vertex -15.589 -40.6107 11.55
    endloop
  endfacet
  facet normal -0.333837 -0.942631 -0
    outer loop
      vertex -13.4422 -41.371 11.55
      vertex -15.589 -40.6107 9.55
      vertex -13.4422 -41.371 9.55
    endloop
  endfacet
  facet normal 0.958821 -0.284011 0
    outer loop
      vertex 41.371 -13.4422 11.55
      vertex 42.0178 -11.2586 9.55
      vertex 42.0178 -11.2586 11.55
    endloop
  endfacet
  facet normal 0.958821 -0.284011 0
    outer loop
      vertex 42.0178 -11.2586 9.55
      vertex 41.371 -13.4422 11.55
      vertex 41.371 -13.4422 9.55
    endloop
  endfacet
  facet normal 0.942631 -0.333837 0
    outer loop
      vertex 40.6107 -15.589 11.55
      vertex 41.371 -13.4422 9.55
      vertex 41.371 -13.4422 11.55
    endloop
  endfacet
  facet normal 0.942631 -0.333837 0
    outer loop
      vertex 41.371 -13.4422 9.55
      vertex 40.6107 -15.589 11.55
      vertex 40.6107 -15.589 9.55
    endloop
  endfacet
  facet normal -0.793338 0.608781 0
    outer loop
      vertex -35.1922 25.5687 9.55
      vertex -33.8058 27.3754 11.55
      vertex -33.8058 27.3754 9.55
    endloop
  endfacet
  facet normal -0.793338 0.608781 0
    outer loop
      vertex -33.8058 27.3754 11.55
      vertex -35.1922 25.5687 9.55
      vertex -35.1922 25.5687 11.55
    endloop
  endfacet
  facet normal -0.793338 -0.608781 0
    outer loop
      vertex -33.8058 -27.3754 9.55
      vertex -35.1922 -25.5687 11.55
      vertex -35.1922 -25.5687 9.55
    endloop
  endfacet
  facet normal -0.793338 -0.608781 0
    outer loop
      vertex -35.1922 -25.5687 11.55
      vertex -33.8058 -27.3754 9.55
      vertex -33.8058 -27.3754 11.55
    endloop
  endfacet
  facet normal -0.233429 -0.972374 0
    outer loop
      vertex -11.2586 -42.0178 9.55
      vertex -9.04416 -42.5494 11.55
      vertex -11.2586 -42.0178 11.55
    endloop
  endfacet
  facet normal -0.233429 -0.972374 -0
    outer loop
      vertex -9.04416 -42.5494 11.55
      vertex -11.2586 -42.0178 9.55
      vertex -9.04416 -42.5494 9.55
    endloop
  endfacet
  facet normal -0.983257 0.182226 0
    outer loop
      vertex -42.9644 6.8049 9.55
      vertex -42.5494 9.04416 11.55
      vertex -42.5494 9.04416 9.55
    endloop
  endfacet
  facet normal -0.983257 0.182226 0
    outer loop
      vertex -42.5494 9.04416 11.55
      vertex -42.9644 6.8049 9.55
      vertex -42.9644 6.8049 11.55
    endloop
  endfacet
  facet normal -0.92388 0.382681 0
    outer loop
      vertex -40.6107 15.589 9.55
      vertex -39.7392 17.693 11.55
      vertex -39.7392 17.693 9.55
    endloop
  endfacet
  facet normal -0.92388 0.382681 0
    outer loop
      vertex -39.7392 17.693 11.55
      vertex -40.6107 15.589 9.55
      vertex -40.6107 15.589 11.55
    endloop
  endfacet
  facet normal -0.382681 0.92388 0
    outer loop
      vertex -15.589 40.6107 9.55
      vertex -17.693 39.7392 11.55
      vertex -15.589 40.6107 11.55
    endloop
  endfacet
  facet normal -0.382681 0.92388 0
    outer loop
      vertex -17.693 39.7392 11.55
      vertex -15.589 40.6107 9.55
      vertex -17.693 39.7392 9.55
    endloop
  endfacet
  facet normal 0.999657 -0.0261703 0
    outer loop
      vertex 43.4404 -2.27661 11.55
      vertex 43.5 0 9.55
      vertex 43.5 0 11.55
    endloop
  endfacet
  facet normal 0.999657 -0.0261703 0
    outer loop
      vertex 43.5 0 9.55
      vertex 43.4404 -2.27661 11.55
      vertex 43.4404 -2.27661 9.55
    endloop
  endfacet
  facet normal -0.0261703 0.999657 0
    outer loop
      vertex 0 43.5 9.55
      vertex -2.27661 43.4404 11.55
      vertex 0 43.5 11.55
    endloop
  endfacet
  facet normal -0.0261703 0.999657 0
    outer loop
      vertex -2.27661 43.4404 11.55
      vertex 0 43.5 9.55
      vertex -2.27661 43.4404 9.55
    endloop
  endfacet
  facet normal -0.996917 -0.0784666 0
    outer loop
      vertex -43.2617 -4.54699 9.55
      vertex -43.4404 -2.27661 11.55
      vertex -43.4404 -2.27661 9.55
    endloop
  endfacet
  facet normal -0.996917 -0.0784666 0
    outer loop
      vertex -43.4404 -2.27661 11.55
      vertex -43.2617 -4.54699 9.55
      vertex -43.2617 -4.54699 11.55
    endloop
  endfacet
  facet normal 0.608781 -0.793338 0
    outer loop
      vertex 25.5687 -35.1922 9.55
      vertex 27.3754 -33.8058 11.55
      vertex 25.5687 -35.1922 11.55
    endloop
  endfacet
  facet normal 0.608781 -0.793338 0
    outer loop
      vertex 27.3754 -33.8058 11.55
      vertex 25.5687 -35.1922 9.55
      vertex 27.3754 -33.8058 9.55
    endloop
  endfacet
  facet normal 0.284011 -0.958821 0
    outer loop
      vertex 11.2586 -42.0178 9.55
      vertex 13.4422 -41.371 11.55
      vertex 11.2586 -42.0178 11.55
    endloop
  endfacet
  facet normal 0.284011 -0.958821 0
    outer loop
      vertex 13.4422 -41.371 11.55
      vertex 11.2586 -42.0178 9.55
      vertex 13.4422 -41.371 9.55
    endloop
  endfacet
  facet normal -0.430486 -0.902597 0
    outer loop
      vertex -19.7486 -38.7588 9.55
      vertex -17.693 -39.7392 11.55
      vertex -19.7486 -38.7588 11.55
    endloop
  endfacet
  facet normal -0.430486 -0.902597 -0
    outer loop
      vertex -17.693 -39.7392 11.55
      vertex -19.7486 -38.7588 9.55
      vertex -17.693 -39.7392 9.55
    endloop
  endfacet
  facet normal 0.725351 0.688379 0
    outer loop
      vertex 32.3268 29.1072 11.55
      vertex 30.7591 30.7591 9.55
      vertex 30.7591 30.7591 11.55
    endloop
  endfacet
  facet normal 0.725351 0.688379 0
    outer loop
      vertex 30.7591 30.7591 9.55
      vertex 32.3268 29.1072 11.55
      vertex 32.3268 29.1072 9.55
    endloop
  endfacet
  facet normal 0.182226 -0.983257 0
    outer loop
      vertex 6.8049 -42.9644 9.55
      vertex 9.04416 -42.5494 11.55
      vertex 6.8049 -42.9644 11.55
    endloop
  endfacet
  facet normal 0.182226 -0.983257 0
    outer loop
      vertex 9.04416 -42.5494 11.55
      vertex 6.8049 -42.9644 9.55
      vertex 9.04416 -42.5494 9.55
    endloop
  endfacet
  facet normal 0.566419 -0.824118 0
    outer loop
      vertex 23.6918 -36.4822 9.55
      vertex 25.5687 -35.1922 11.55
      vertex 23.6918 -36.4822 11.55
    endloop
  endfacet
  facet normal 0.566419 -0.824118 0
    outer loop
      vertex 25.5687 -35.1922 11.55
      vertex 23.6918 -36.4822 9.55
      vertex 25.5687 -35.1922 9.55
    endloop
  endfacet
  facet normal 0.852647 -0.522487 0
    outer loop
      vertex 36.4822 -23.6918 11.55
      vertex 37.6721 -21.75 9.55
      vertex 37.6721 -21.75 11.55
    endloop
  endfacet
  facet normal 0.852647 -0.522487 0
    outer loop
      vertex 37.6721 -21.75 9.55
      vertex 36.4822 -23.6918 11.55
      vertex 36.4822 -23.6918 9.55
    endloop
  endfacet
  facet normal 0.430486 0.902597 -0
    outer loop
      vertex 19.7486 38.7588 9.55
      vertex 17.693 39.7392 11.55
      vertex 19.7486 38.7588 11.55
    endloop
  endfacet
  facet normal 0.430486 0.902597 0
    outer loop
      vertex 17.693 39.7392 11.55
      vertex 19.7486 38.7588 9.55
      vertex 17.693 39.7392 9.55
    endloop
  endfacet
  facet normal 0.92388 0.382681 0
    outer loop
      vertex 40.6107 15.589 11.55
      vertex 39.7392 17.693 9.55
      vertex 39.7392 17.693 11.55
    endloop
  endfacet
  facet normal 0.92388 0.382681 0
    outer loop
      vertex 39.7392 17.693 9.55
      vertex 40.6107 15.589 11.55
      vertex 40.6107 15.589 9.55
    endloop
  endfacet
  facet normal -0.991443 -0.130544 0
    outer loop
      vertex -42.9644 -6.8049 9.55
      vertex -43.2617 -4.54699 11.55
      vertex -43.2617 -4.54699 9.55
    endloop
  endfacet
  facet normal -0.991443 -0.130544 0
    outer loop
      vertex -43.2617 -4.54699 11.55
      vertex -42.9644 -6.8049 9.55
      vertex -42.9644 -6.8049 11.55
    endloop
  endfacet
  facet normal 0.566419 0.824118 -0
    outer loop
      vertex 25.5687 35.1922 9.55
      vertex 23.6918 36.4822 11.55
      vertex 25.5687 35.1922 11.55
    endloop
  endfacet
  facet normal 0.566419 0.824118 0
    outer loop
      vertex 23.6918 36.4822 11.55
      vertex 25.5687 35.1922 9.55
      vertex 23.6918 36.4822 9.55
    endloop
  endfacet
  facet normal 0.182226 0.983257 -0
    outer loop
      vertex 9.04416 42.5494 9.55
      vertex 6.8049 42.9644 11.55
      vertex 9.04416 42.5494 11.55
    endloop
  endfacet
  facet normal 0.182226 0.983257 0
    outer loop
      vertex 6.8049 42.9644 11.55
      vertex 9.04416 42.5494 9.55
      vertex 6.8049 42.9644 9.55
    endloop
  endfacet
  facet normal 0.522487 0.852647 -0
    outer loop
      vertex 23.6918 36.4822 9.55
      vertex 21.75 37.6721 11.55
      vertex 23.6918 36.4822 11.55
    endloop
  endfacet
  facet normal 0.522487 0.852647 0
    outer loop
      vertex 21.75 37.6721 11.55
      vertex 23.6918 36.4822 9.55
      vertex 21.75 37.6721 9.55
    endloop
  endfacet
  facet normal 0.972374 0.233429 0
    outer loop
      vertex 42.5494 9.04416 11.55
      vertex 42.0178 11.2586 9.55
      vertex 42.0178 11.2586 11.55
    endloop
  endfacet
  facet normal 0.972374 0.233429 0
    outer loop
      vertex 42.0178 11.2586 9.55
      vertex 42.5494 9.04416 11.55
      vertex 42.5494 9.04416 9.55
    endloop
  endfacet
  facet normal 0 0 1
    outer loop
      vertex -17.7206 -15.6715 11.55
      vertex -23.6118 -1.44889 11.55
      vertex -18.0312 -15.9099 11.55
    endloop
  endfacet
  facet normal -0 0 1
    outer loop
      vertex -24 -1.5 11.55
      vertex -18.0312 -15.9099 11.55
      vertex -23.6118 -1.44889 11.55
    endloop
  endfacet
  facet normal 0 0 1
    outer loop
      vertex -18.0312 -15.9099 11.55
      vertex -24 -1.5 11.55
      vertex -18.2696 -16.2206 11.55
    endloop
  endfacet
  facet normal 0 0 1
    outer loop
      vertex -24.3882 -1.44889 11.55
      vertex -18.2696 -16.2206 11.55
      vertex -24 -1.5 11.55
    endloop
  endfacet
  facet normal 0 0 1
    outer loop
      vertex -18.2696 -16.2206 11.55
      vertex -24.3882 -1.44889 11.55
      vertex -18.4195 -16.5823 11.55
    endloop
  endfacet
  facet normal 0 0 1
    outer loop
      vertex -18.4706 -16.9706 11.55
      vertex -23.6918 -36.4822 11.55
      vertex -21.75 -37.6721 11.55
    endloop
  endfacet
  facet normal 0 0 1
    outer loop
      vertex -24.75 -1.29904 11.55
      vertex -18.4195 -16.5823 11.55
      vertex -24.3882 -1.44889 11.55
    endloop
  endfacet
  facet normal 0 0 1
    outer loop
      vertex -39.7392 -17.693 11.55
      vertex -18.4195 -16.5823 11.55
      vertex -24.75 -1.29904 11.55
    endloop
  endfacet
  facet normal 0 -0 1
    outer loop
      vertex -38.7588 -19.7486 11.55
      vertex -18.4195 -16.5823 11.55
      vertex -39.7392 -17.693 11.55
    endloop
  endfacet
  facet normal 0 0 1
    outer loop
      vertex -41.371 -13.4422 11.55
      vertex -24.75 -1.29904 11.55
      vertex -25.0607 -1.06066 11.55
    endloop
  endfacet
  facet normal 0 0 1
    outer loop
      vertex -42.5494 -9.04416 11.55
      vertex -25.0607 -1.06066 11.55
      vertex -25.299 -0.75 11.55
    endloop
  endfacet
  facet normal 0 0 1
    outer loop
      vertex -43.2617 -4.54699 11.55
      vertex -25.299 -0.75 11.55
      vertex -25.4489 -0.388228 11.55
    endloop
  endfacet
  facet normal 0 0 1
    outer loop
      vertex -43.4404 -2.27661 11.55
      vertex -25.4489 -0.388228 11.55
      vertex -25.5 0 11.55
    endloop
  endfacet
  facet normal 0 0 1
    outer loop
      vertex -18.4706 -16.9706 11.55
      vertex -25.5687 -35.1922 11.55
      vertex -23.6918 -36.4822 11.55
    endloop
  endfacet
  facet normal -0 0 1
    outer loop
      vertex -36.4822 23.6918 11.55
      vertex -24 1.5 11.55
      vertex -35.1922 25.5687 11.55
    endloop
  endfacet
  facet normal -0 0 1
    outer loop
      vertex -37.6721 21.75 11.55
      vertex -24 1.5 11.55
      vertex -36.4822 23.6918 11.55
    endloop
  endfacet
  facet normal 0 0 1
    outer loop
      vertex -18.4706 -16.9706 11.55
      vertex -27.3754 -33.8058 11.55
      vertex -25.5687 -35.1922 11.55
    endloop
  endfacet
  facet normal 0 0 1
    outer loop
      vertex -24 1.5 11.55
      vertex -37.6721 21.75 11.55
      vertex -24.3882 1.44889 11.55
    endloop
  endfacet
  facet normal 0 0 1
    outer loop
      vertex -18.4706 -16.9706 11.55
      vertex -29.1072 -32.3268 11.55
      vertex -27.3754 -33.8058 11.55
    endloop
  endfacet
  facet normal -0 0 1
    outer loop
      vertex -38.7588 19.7486 11.55
      vertex -24.3882 1.44889 11.55
      vertex -37.6721 21.75 11.55
    endloop
  endfacet
  facet normal 0 0 1
    outer loop
      vertex -18.4706 -16.9706 11.55
      vertex -30.7591 -30.7591 11.55
      vertex -29.1072 -32.3268 11.55
    endloop
  endfacet
  facet normal -0 0 1
    outer loop
      vertex -39.7392 17.693 11.55
      vertex -24.3882 1.44889 11.55
      vertex -38.7588 19.7486 11.55
    endloop
  endfacet
  facet normal 0 0 1
    outer loop
      vertex -18.4706 -16.9706 11.55
      vertex -32.3268 -29.1072 11.55
      vertex -30.7591 -30.7591 11.55
    endloop
  endfacet
  facet normal 0 0 1
    outer loop
      vertex -24.3882 1.44889 11.55
      vertex -39.7392 17.693 11.55
      vertex -24.75 1.29904 11.55
    endloop
  endfacet
  facet normal 0 0 1
    outer loop
      vertex -18.4706 -16.9706 11.55
      vertex -33.8058 -27.3754 11.55
      vertex -32.3268 -29.1072 11.55
    endloop
  endfacet
  facet normal -0 0 1
    outer loop
      vertex -40.6107 15.589 11.55
      vertex -24.75 1.29904 11.55
      vertex -39.7392 17.693 11.55
    endloop
  endfacet
  facet normal 0 0 1
    outer loop
      vertex -18.4706 -16.9706 11.55
      vertex -35.1922 -25.5687 11.55
      vertex -33.8058 -27.3754 11.55
    endloop
  endfacet
  facet normal -0 0 1
    outer loop
      vertex -41.371 13.4422 11.55
      vertex -24.75 1.29904 11.55
      vertex -40.6107 15.589 11.55
    endloop
  endfacet
  facet normal 0 0 1
    outer loop
      vertex -18.4706 -16.9706 11.55
      vertex -36.4822 -23.6918 11.55
      vertex -35.1922 -25.5687 11.55
    endloop
  endfacet
  facet normal 0 0 1
    outer loop
      vertex -24.75 1.29904 11.55
      vertex -41.371 13.4422 11.55
      vertex -25.0607 1.06066 11.55
    endloop
  endfacet
  facet normal 0 0 1
    outer loop
      vertex -18.4706 -16.9706 11.55
      vertex -37.6721 -21.75 11.55
      vertex -36.4822 -23.6918 11.55
    endloop
  endfacet
  facet normal -0 0 1
    outer loop
      vertex -42.0178 11.2586 11.55
      vertex -25.0607 1.06066 11.55
      vertex -41.371 13.4422 11.55
    endloop
  endfacet
  facet normal 0 0 1
    outer loop
      vertex -18.4706 -16.9706 11.55
      vertex -38.7588 -19.7486 11.55
      vertex -37.6721 -21.75 11.55
    endloop
  endfacet
  facet normal -0 0 1
    outer loop
      vertex -42.5494 9.04416 11.55
      vertex -25.0607 1.06066 11.55
      vertex -42.0178 11.2586 11.55
    endloop
  endfacet
  facet normal 0 0 1
    outer loop
      vertex -18.4195 -16.5823 11.55
      vertex -38.7588 -19.7486 11.55
      vertex -18.4706 -16.9706 11.55
    endloop
  endfacet
  facet normal 0 0 1
    outer loop
      vertex -25.0607 1.06066 11.55
      vertex -42.5494 9.04416 11.55
      vertex -25.299 0.75 11.55
    endloop
  endfacet
  facet normal 0 0 1
    outer loop
      vertex -24.75 -1.29904 11.55
      vertex -40.6107 -15.589 11.55
      vertex -39.7392 -17.693 11.55
    endloop
  endfacet
  facet normal -0 0 1
    outer loop
      vertex -42.9644 6.8049 11.55
      vertex -25.299 0.75 11.55
      vertex -42.5494 9.04416 11.55
    endloop
  endfacet
  facet normal 0 0 1
    outer loop
      vertex -24.75 -1.29904 11.55
      vertex -41.371 -13.4422 11.55
      vertex -40.6107 -15.589 11.55
    endloop
  endfacet
  facet normal -0 0 1
    outer loop
      vertex -43.2617 4.54699 11.55
      vertex -25.299 0.75 11.55
      vertex -42.9644 6.8049 11.55
    endloop
  endfacet
  facet normal 0 0 1
    outer loop
      vertex -25.0607 -1.06066 11.55
      vertex -42.0178 -11.2586 11.55
      vertex -41.371 -13.4422 11.55
    endloop
  endfacet
  facet normal 0 0 1
    outer loop
      vertex -25.299 0.75 11.55
      vertex -43.2617 4.54699 11.55
      vertex -25.4489 0.388228 11.55
    endloop
  endfacet
  facet normal 0 0 1
    outer loop
      vertex -25.0607 -1.06066 11.55
      vertex -42.5494 -9.04416 11.55
      vertex -42.0178 -11.2586 11.55
    endloop
  endfacet
  facet normal -0 0 1
    outer loop
      vertex -43.4404 2.27661 11.55
      vertex -25.4489 0.388228 11.55
      vertex -43.2617 4.54699 11.55
    endloop
  endfacet
  facet normal 0 0 1
    outer loop
      vertex -25.299 -0.75 11.55
      vertex -42.9644 -6.8049 11.55
      vertex -42.5494 -9.04416 11.55
    endloop
  endfacet
  facet normal 0 0 1
    outer loop
      vertex -25.4489 0.388228 11.55
      vertex -43.4404 2.27661 11.55
      vertex -25.5 0 11.55
    endloop
  endfacet
  facet normal 0 0 1
    outer loop
      vertex -25.299 -0.75 11.55
      vertex -43.2617 -4.54699 11.55
      vertex -42.9644 -6.8049 11.55
    endloop
  endfacet
  facet normal 0 0 1
    outer loop
      vertex -43.5 0 11.55
      vertex -25.5 0 11.55
      vertex -43.4404 2.27661 11.55
    endloop
  endfacet
  facet normal 0 0 1
    outer loop
      vertex -25.4489 -0.388228 11.55
      vertex -43.4404 -2.27661 11.55
      vertex -43.2617 -4.54699 11.55
    endloop
  endfacet
  facet normal 0 0 1
    outer loop
      vertex -25.5 0 11.55
      vertex -43.5 0 11.55
      vertex -43.4404 -2.27661 11.55
    endloop
  endfacet
  facet normal 0 0 1
    outer loop
      vertex -6.76148 1.81173 11.55
      vertex -22.5 0 11.55
      vertex -6.84703 1.45538 11.55
    endloop
  endfacet
  facet normal 0 0 1
    outer loop
      vertex -7 0 11.55
      vertex -15.5217 -16.5823 11.55
      vertex -15.4706 -16.9706 11.55
    endloop
  endfacet
  facet normal 0 0 1
    outer loop
      vertex -6.84703 1.45538 11.55
      vertex -22.5 0 11.55
      vertex -6.91382 1.09504 11.55
    endloop
  endfacet
  facet normal 0 0 1
    outer loop
      vertex -7 0 11.55
      vertex -15.6715 -16.2206 11.55
      vertex -15.5217 -16.5823 11.55
    endloop
  endfacet
  facet normal 0 0 1
    outer loop
      vertex -6.91382 1.09504 11.55
      vertex -22.5 0 11.55
      vertex -6.96165 0.731699 11.55
    endloop
  endfacet
  facet normal 0 0 1
    outer loop
      vertex -7 0 11.55
      vertex -15.9099 -15.9099 11.55
      vertex -15.6715 -16.2206 11.55
    endloop
  endfacet
  facet normal 0 0 1
    outer loop
      vertex -6.96165 0.731699 11.55
      vertex -22.5 0 11.55
      vertex -6.99041 0.366351 11.55
    endloop
  endfacet
  facet normal 0 0 1
    outer loop
      vertex -22.5511 -0.388228 11.55
      vertex -7 0 11.55
      vertex -22.5 0 11.55
    endloop
  endfacet
  facet normal 0 0 1
    outer loop
      vertex -6.99041 0.366351 11.55
      vertex -22.5 0 11.55
      vertex -7 0 11.55
    endloop
  endfacet
  facet normal 0 0 1
    outer loop
      vertex -7 0 11.55
      vertex -16.2206 -15.6715 11.55
      vertex -15.9099 -15.9099 11.55
    endloop
  endfacet
  facet normal 0 0 1
    outer loop
      vertex -22.5 0 11.55
      vertex -16.5823 15.5217 11.55
      vertex -16.9706 15.4706 11.55
    endloop
  endfacet
  facet normal 0 0 1
    outer loop
      vertex -7 0 11.55
      vertex -16.5823 -15.5217 11.55
      vertex -16.2206 -15.6715 11.55
    endloop
  endfacet
  facet normal 0 0 1
    outer loop
      vertex -22.5 0 11.55
      vertex -16.9706 15.4706 11.55
      vertex -17.3588 15.5217 11.55
    endloop
  endfacet
  facet normal 0 0 1
    outer loop
      vertex -22.701 -0.75 11.55
      vertex -7 0 11.55
      vertex -22.5511 -0.388228 11.55
    endloop
  endfacet
  facet normal 0 0 1
    outer loop
      vertex -22.5 0 11.55
      vertex -17.3588 15.5217 11.55
      vertex -17.7206 15.6715 11.55
    endloop
  endfacet
  facet normal 0 0 1
    outer loop
      vertex -7 0 11.55
      vertex -22.701 -0.75 11.55
      vertex -16.5823 -15.5217 11.55
    endloop
  endfacet
  facet normal 0 0 1
    outer loop
      vertex -22.5 0 11.55
      vertex -17.7206 15.6715 11.55
      vertex -18.0312 15.9099 11.55
    endloop
  endfacet
  facet normal 0 0 1
    outer loop
      vertex -16.5823 -15.5217 11.55
      vertex -22.701 -0.75 11.55
      vertex -16.9706 -15.4706 11.55
    endloop
  endfacet
  facet normal 0 0 1
    outer loop
      vertex -22.5 0 11.55
      vertex -18.0312 15.9099 11.55
      vertex -18.2696 16.2206 11.55
    endloop
  endfacet
  facet normal -0 0 1
    outer loop
      vertex -22.9393 -1.06066 11.55
      vertex -16.9706 -15.4706 11.55
      vertex -22.701 -0.75 11.55
    endloop
  endfacet
  facet normal 0 0 1
    outer loop
      vertex -22.5 0 11.55
      vertex -18.2696 16.2206 11.55
      vertex -18.4195 16.5823 11.55
    endloop
  endfacet
  facet normal 0 0 1
    outer loop
      vertex -16.9706 -15.4706 11.55
      vertex -22.9393 -1.06066 11.55
      vertex -17.3588 -15.5217 11.55
    endloop
  endfacet
  facet normal 0 0 1
    outer loop
      vertex -22.5 0 11.55
      vertex -18.4195 16.5823 11.55
      vertex -18.4706 16.9706 11.55
    endloop
  endfacet
  facet normal -0 0 1
    outer loop
      vertex -23.25 -1.29904 11.55
      vertex -17.3588 -15.5217 11.55
      vertex -22.9393 -1.06066 11.55
    endloop
  endfacet
  facet normal 0 0 1
    outer loop
      vertex -1.44889 -23.6118 11.55
      vertex -15.6715 -17.7206 11.55
      vertex -1.5 -24 11.55
    endloop
  endfacet
  facet normal -0 0 1
    outer loop
      vertex -15.9099 -18.0312 11.55
      vertex -1.5 -24 11.55
      vertex -15.6715 -17.7206 11.55
    endloop
  endfacet
  facet normal 0 0 1
    outer loop
      vertex -1.5 -24 11.55
      vertex -15.9099 -18.0312 11.55
      vertex -1.44889 -24.3882 11.55
    endloop
  endfacet
  facet normal -0 0 1
    outer loop
      vertex -16.2206 -18.2696 11.55
      vertex -1.44889 -24.3882 11.55
      vertex -15.9099 -18.0312 11.55
    endloop
  endfacet
  facet normal -0 0 1
    outer loop
      vertex -16.5823 -18.4195 11.55
      vertex -1.44889 -24.3882 11.55
      vertex -16.2206 -18.2696 11.55
    endloop
  endfacet
  facet normal 0 0 1
    outer loop
      vertex -1.44889 -24.3882 11.55
      vertex -15.589 -40.6107 11.55
      vertex -13.4422 -41.371 11.55
    endloop
  endfacet
  facet normal 0 0 1
    outer loop
      vertex -1.44889 -24.3882 11.55
      vertex -16.5823 -18.4195 11.55
      vertex -15.589 -40.6107 11.55
    endloop
  endfacet
  facet normal 0 0 1
    outer loop
      vertex -19.7486 -38.7588 11.55
      vertex -16.5823 -18.4195 11.55
      vertex -16.9706 -18.4706 11.55
    endloop
  endfacet
  facet normal 0 0 1
    outer loop
      vertex -21.75 -37.6721 11.55
      vertex -16.9706 -18.4706 11.55
      vertex -17.3588 -18.4195 11.55
    endloop
  endfacet
  facet normal 0 0 1
    outer loop
      vertex -16.5823 -18.4195 11.55
      vertex -17.693 -39.7392 11.55
      vertex -15.589 -40.6107 11.55
    endloop
  endfacet
  facet normal 0 0 1
    outer loop
      vertex -21.75 -37.6721 11.55
      vertex -17.3588 -18.4195 11.55
      vertex -17.7206 -18.2696 11.55
    endloop
  endfacet
  facet normal 0 0 1
    outer loop
      vertex -21.75 -37.6721 11.55
      vertex -17.7206 -18.2696 11.55
      vertex -18.0312 -18.0312 11.55
    endloop
  endfacet
  facet normal 0 0 1
    outer loop
      vertex -21.75 -37.6721 11.55
      vertex -18.0312 -18.0312 11.55
      vertex -18.2696 -17.7206 11.55
    endloop
  endfacet
  facet normal 0 0 1
    outer loop
      vertex -21.75 -37.6721 11.55
      vertex -18.2696 -17.7206 11.55
      vertex -18.4195 -17.3588 11.55
    endloop
  endfacet
  facet normal 0 0 1
    outer loop
      vertex -21.75 -37.6721 11.55
      vertex -18.4195 -17.3588 11.55
      vertex -18.4706 -16.9706 11.55
    endloop
  endfacet
  facet normal 0 0 1
    outer loop
      vertex -16.5823 -18.4195 11.55
      vertex -19.7486 -38.7588 11.55
      vertex -17.693 -39.7392 11.55
    endloop
  endfacet
  facet normal 0 0 1
    outer loop
      vertex -17.3588 -15.5217 11.55
      vertex -23.25 -1.29904 11.55
      vertex -17.7206 -15.6715 11.55
    endloop
  endfacet
  facet normal 0 0 1
    outer loop
      vertex -23.25 1.29904 11.55
      vertex -19.7486 38.7588 11.55
      vertex -21.75 37.6721 11.55
    endloop
  endfacet
  facet normal -0 0 1
    outer loop
      vertex -23.6118 -1.44889 11.55
      vertex -17.7206 -15.6715 11.55
      vertex -23.25 -1.29904 11.55
    endloop
  endfacet
  facet normal 0 0 1
    outer loop
      vertex -16.9706 -18.4706 11.55
      vertex -21.75 -37.6721 11.55
      vertex -19.7486 -38.7588 11.55
    endloop
  endfacet
  facet normal 0 0 1
    outer loop
      vertex -19.7486 38.7588 11.55
      vertex -22.5511 0.388228 11.55
      vertex -22.5 0 11.55
    endloop
  endfacet
  facet normal 0 0 1
    outer loop
      vertex -19.7486 38.7588 11.55
      vertex -22.701 0.75 11.55
      vertex -22.5511 0.388228 11.55
    endloop
  endfacet
  facet normal 0 0 1
    outer loop
      vertex -19.7486 38.7588 11.55
      vertex -22.9393 1.06066 11.55
      vertex -22.701 0.75 11.55
    endloop
  endfacet
  facet normal 0 0 1
    outer loop
      vertex -19.7486 38.7588 11.55
      vertex -23.25 1.29904 11.55
      vertex -22.9393 1.06066 11.55
    endloop
  endfacet
  facet normal -0 0 1
    outer loop
      vertex -23.6918 36.4822 11.55
      vertex -23.25 1.29904 11.55
      vertex -21.75 37.6721 11.55
    endloop
  endfacet
  facet normal -0 0 1
    outer loop
      vertex -25.5687 35.1922 11.55
      vertex -23.25 1.29904 11.55
      vertex -23.6918 36.4822 11.55
    endloop
  endfacet
  facet normal -0 0 1
    outer loop
      vertex -27.3754 33.8058 11.55
      vertex -23.25 1.29904 11.55
      vertex -25.5687 35.1922 11.55
    endloop
  endfacet
  facet normal -0 0 1
    outer loop
      vertex -29.1072 32.3268 11.55
      vertex -23.25 1.29904 11.55
      vertex -27.3754 33.8058 11.55
    endloop
  endfacet
  facet normal 0 0 1
    outer loop
      vertex -23.25 1.29904 11.55
      vertex -29.1072 32.3268 11.55
      vertex -23.6118 1.44889 11.55
    endloop
  endfacet
  facet normal -0 0 1
    outer loop
      vertex -30.7591 30.7591 11.55
      vertex -23.6118 1.44889 11.55
      vertex -29.1072 32.3268 11.55
    endloop
  endfacet
  facet normal -0 0 1
    outer loop
      vertex -32.3268 29.1072 11.55
      vertex -23.6118 1.44889 11.55
      vertex -30.7591 30.7591 11.55
    endloop
  endfacet
  facet normal -0 0 1
    outer loop
      vertex -33.8058 27.3754 11.55
      vertex -23.6118 1.44889 11.55
      vertex -32.3268 29.1072 11.55
    endloop
  endfacet
  facet normal 0 0 1
    outer loop
      vertex -23.6118 1.44889 11.55
      vertex -33.8058 27.3754 11.55
      vertex -24 1.5 11.55
    endloop
  endfacet
  facet normal -0 0 1
    outer loop
      vertex -35.1922 25.5687 11.55
      vertex -24 1.5 11.55
      vertex -33.8058 27.3754 11.55
    endloop
  endfacet
  facet normal 0 0 1
    outer loop
      vertex 0.388228 -22.5511 11.55
      vertex 1.81173 -6.76148 11.55
      vertex 1.45538 -6.84703 11.55
    endloop
  endfacet
  facet normal 0 0 1
    outer loop
      vertex 1.81173 -6.76148 11.55
      vertex 1.44889 -23.6118 11.55
      vertex 1.5 -24 11.55
    endloop
  endfacet
  facet normal 0 0 1
    outer loop
      vertex 1.81173 -6.76148 11.55
      vertex 1.29904 -23.25 11.55
      vertex 1.44889 -23.6118 11.55
    endloop
  endfacet
  facet normal 0 0 1
    outer loop
      vertex 0.388228 -22.5511 11.55
      vertex 1.45538 -6.84703 11.55
      vertex 1.09504 -6.91382 11.55
    endloop
  endfacet
  facet normal 0 0 1
    outer loop
      vertex 1.81173 -6.76148 11.55
      vertex 1.06066 -22.9393 11.55
      vertex 1.29904 -23.25 11.55
    endloop
  endfacet
  facet normal 0 0 1
    outer loop
      vertex 1.81173 -6.76148 11.55
      vertex 0.75 -22.701 11.55
      vertex 1.06066 -22.9393 11.55
    endloop
  endfacet
  facet normal 0 0 1
    outer loop
      vertex 0.388228 -22.5511 11.55
      vertex 1.09504 -6.91382 11.55
      vertex 0.731699 -6.96165 11.55
    endloop
  endfacet
  facet normal 0 0 1
    outer loop
      vertex 1.81173 -6.76148 11.55
      vertex 0.388228 -22.5511 11.55
      vertex 0.75 -22.701 11.55
    endloop
  endfacet
  facet normal -0 0 1
    outer loop
      vertex 0.366351 -6.99041 11.55
      vertex 0.388228 -22.5511 11.55
      vertex 0.731699 -6.96165 11.55
    endloop
  endfacet
  facet normal 0 0 1
    outer loop
      vertex 0 -22.5 11.55
      vertex 0.366351 -6.99041 11.55
      vertex 0 -7 11.55
    endloop
  endfacet
  facet normal 0 0 1
    outer loop
      vertex 0.366351 -6.99041 11.55
      vertex 0 -22.5 11.55
      vertex 0.388228 -22.5511 11.55
    endloop
  endfacet
  facet normal 0 0 1
    outer loop
      vertex -0.366351 -6.99041 11.55
      vertex 0 -22.5 11.55
      vertex 0 -7 11.55
    endloop
  endfacet
  facet normal 0 0 1
    outer loop
      vertex -0.366351 -6.99041 11.55
      vertex -0.388228 -22.5511 11.55
      vertex 0 -22.5 11.55
    endloop
  endfacet
  facet normal 0 0 1
    outer loop
      vertex -0.731699 -6.96165 11.55
      vertex -0.388228 -22.5511 11.55
      vertex -0.366351 -6.99041 11.55
    endloop
  endfacet
  facet normal 0 0 1
    outer loop
      vertex -1.09504 -6.91382 11.55
      vertex -0.388228 -22.5511 11.55
      vertex -0.731699 -6.96165 11.55
    endloop
  endfacet
  facet normal 0 0 1
    outer loop
      vertex -1.45538 -6.84703 11.55
      vertex -0.388228 -22.5511 11.55
      vertex -1.09504 -6.91382 11.55
    endloop
  endfacet
  facet normal 0 0 1
    outer loop
      vertex -1.81173 -6.76148 11.55
      vertex -0.388228 -22.5511 11.55
      vertex -1.45538 -6.84703 11.55
    endloop
  endfacet
  facet normal 0 0 1
    outer loop
      vertex -0.388228 -22.5511 11.55
      vertex -1.81173 -6.76148 11.55
      vertex -0.75 -22.701 11.55
    endloop
  endfacet
  facet normal 0 0 1
    outer loop
      vertex -2.16312 -6.6574 11.55
      vertex -0.75 -22.701 11.55
      vertex -1.81173 -6.76148 11.55
    endloop
  endfacet
  facet normal 0 0 1
    outer loop
      vertex -2.50858 -6.53506 11.55
      vertex -0.75 -22.701 11.55
      vertex -2.16312 -6.6574 11.55
    endloop
  endfacet
  facet normal 0 0 1
    outer loop
      vertex -2.84716 -6.39482 11.55
      vertex -0.75 -22.701 11.55
      vertex -2.50858 -6.53506 11.55
    endloop
  endfacet
  facet normal -0 0 1
    outer loop
      vertex -15.4706 -16.9706 11.55
      vertex -0.75 -22.701 11.55
      vertex -2.84716 -6.39482 11.55
    endloop
  endfacet
  facet normal -0 0 1
    outer loop
      vertex 6.39482 -2.84716 11.55
      vertex 16.5823 -15.5217 11.55
      vertex 6.53506 -2.50858 11.55
    endloop
  endfacet
  facet normal -0 0 1
    outer loop
      vertex 6.23705 -3.17793 11.55
      vertex 16.5823 -15.5217 11.55
      vertex 6.39482 -2.84716 11.55
    endloop
  endfacet
  facet normal -0 0 1
    outer loop
      vertex 6.06218 -3.5 11.55
      vertex 16.5823 -15.5217 11.55
      vertex 6.23705 -3.17793 11.55
    endloop
  endfacet
  facet normal 0 0 1
    outer loop
      vertex 16.5823 -15.5217 11.55
      vertex 6.06218 -3.5 11.55
      vertex 16.2206 -15.6715 11.55
    endloop
  endfacet
  facet normal -0 0 1
    outer loop
      vertex 5.87069 -3.81247 11.55
      vertex 16.2206 -15.6715 11.55
      vertex 6.06218 -3.5 11.55
    endloop
  endfacet
  facet normal -0 0 1
    outer loop
      vertex 5.66312 -4.1145 11.55
      vertex 16.2206 -15.6715 11.55
      vertex 5.87069 -3.81247 11.55
    endloop
  endfacet
  facet normal -0 0 1
    outer loop
      vertex 5.44002 -4.40524 11.55
      vertex 16.2206 -15.6715 11.55
      vertex 5.66312 -4.1145 11.55
    endloop
  endfacet
  facet normal 0 0 1
    outer loop
      vertex 16.2206 -15.6715 11.55
      vertex 5.44002 -4.40524 11.55
      vertex 15.9099 -15.9099 11.55
    endloop
  endfacet
  facet normal -0 0 1
    outer loop
      vertex 5.20201 -4.68391 11.55
      vertex 15.9099 -15.9099 11.55
      vertex 5.44002 -4.40524 11.55
    endloop
  endfacet
  facet normal -0 0 1
    outer loop
      vertex 4.94975 -4.94975 11.55
      vertex 15.9099 -15.9099 11.55
      vertex 5.20201 -4.68391 11.55
    endloop
  endfacet
  facet normal 0 0 1
    outer loop
      vertex 1.44889 -24.3882 11.55
      vertex 15.5217 -17.3588 11.55
      vertex 1.5 -24 11.55
    endloop
  endfacet
  facet normal -0 0 1
    outer loop
      vertex 4.68391 -5.20201 11.55
      vertex 15.9099 -15.9099 11.55
      vertex 4.94975 -4.94975 11.55
    endloop
  endfacet
  facet normal 0 0 1
    outer loop
      vertex 15.9099 -15.9099 11.55
      vertex 4.68391 -5.20201 11.55
      vertex 15.6715 -16.2206 11.55
    endloop
  endfacet
  facet normal -0 0 1
    outer loop
      vertex 4.40524 -5.44002 11.55
      vertex 15.6715 -16.2206 11.55
      vertex 4.68391 -5.20201 11.55
    endloop
  endfacet
  facet normal -0 0 1
    outer loop
      vertex 4.1145 -5.66312 11.55
      vertex 15.6715 -16.2206 11.55
      vertex 4.40524 -5.44002 11.55
    endloop
  endfacet
  facet normal -0 0 1
    outer loop
      vertex 3.81247 -5.87069 11.55
      vertex 15.6715 -16.2206 11.55
      vertex 4.1145 -5.66312 11.55
    endloop
  endfacet
  facet normal -0 0 1
    outer loop
      vertex 3.5 -6.06218 11.55
      vertex 15.6715 -16.2206 11.55
      vertex 3.81247 -5.87069 11.55
    endloop
  endfacet
  facet normal 0 0 1
    outer loop
      vertex 1.29904 -24.75 11.55
      vertex 15.5217 -17.3588 11.55
      vertex 1.44889 -24.3882 11.55
    endloop
  endfacet
  facet normal 0 0 1
    outer loop
      vertex 15.6715 -16.2206 11.55
      vertex 3.5 -6.06218 11.55
      vertex 15.5217 -16.5823 11.55
    endloop
  endfacet
  facet normal -0 0 1
    outer loop
      vertex 3.17793 -6.23705 11.55
      vertex 15.5217 -16.5823 11.55
      vertex 3.5 -6.06218 11.55
    endloop
  endfacet
  facet normal -0 0 1
    outer loop
      vertex 2.84716 -6.39482 11.55
      vertex 15.5217 -16.5823 11.55
      vertex 3.17793 -6.23705 11.55
    endloop
  endfacet
  facet normal -0 0 1
    outer loop
      vertex 2.50858 -6.53506 11.55
      vertex 15.5217 -16.5823 11.55
      vertex 2.84716 -6.39482 11.55
    endloop
  endfacet
  facet normal 0 0 1
    outer loop
      vertex 15.5217 -16.5823 11.55
      vertex 2.50858 -6.53506 11.55
      vertex 15.4706 -16.9706 11.55
    endloop
  endfacet
  facet normal 0 0 1
    outer loop
      vertex 1.5 -24 11.55
      vertex 15.4706 -16.9706 11.55
      vertex 2.50858 -6.53506 11.55
    endloop
  endfacet
  facet normal 0 0 1
    outer loop
      vertex 15.4706 -16.9706 11.55
      vertex 1.5 -24 11.55
      vertex 15.5217 -17.3588 11.55
    endloop
  endfacet
  facet normal 0 0 1
    outer loop
      vertex 15.5217 -17.3588 11.55
      vertex 1.29904 -24.75 11.55
      vertex 9.04416 -42.5494 11.55
    endloop
  endfacet
  facet normal 0 0 1
    outer loop
      vertex 1.5 -24 11.55
      vertex 2.50858 -6.53506 11.55
      vertex 2.16312 -6.6574 11.55
    endloop
  endfacet
  facet normal 0 0 1
    outer loop
      vertex 1.5 -24 11.55
      vertex 2.16312 -6.6574 11.55
      vertex 1.81173 -6.76148 11.55
    endloop
  endfacet
  facet normal -0 0 1
    outer loop
      vertex 1.06066 -25.0607 11.55
      vertex 9.04416 -42.5494 11.55
      vertex 1.29904 -24.75 11.55
    endloop
  endfacet
  facet normal -0 0 1
    outer loop
      vertex 0.75 -25.299 11.55
      vertex 9.04416 -42.5494 11.55
      vertex 1.06066 -25.0607 11.55
    endloop
  endfacet
  facet normal 0 0 1
    outer loop
      vertex 9.04416 -42.5494 11.55
      vertex 0.75 -25.299 11.55
      vertex 6.8049 -42.9644 11.55
    endloop
  endfacet
  facet normal 0 0 1
    outer loop
      vertex 6.8049 -42.9644 11.55
      vertex 0.75 -25.299 11.55
      vertex 4.54699 -43.2617 11.55
    endloop
  endfacet
  facet normal -0 0 1
    outer loop
      vertex 0.388228 -25.4489 11.55
      vertex 4.54699 -43.2617 11.55
      vertex 0.75 -25.299 11.55
    endloop
  endfacet
  facet normal 0 0 1
    outer loop
      vertex 4.54699 -43.2617 11.55
      vertex 0.388228 -25.4489 11.55
      vertex 2.27661 -43.4404 11.55
    endloop
  endfacet
  facet normal -0 0 1
    outer loop
      vertex 0 -25.5 11.55
      vertex 2.27661 -43.4404 11.55
      vertex 0.388228 -25.4489 11.55
    endloop
  endfacet
  facet normal 0 0 1
    outer loop
      vertex 0 -25.5 11.55
      vertex 0 -43.5 11.55
      vertex 2.27661 -43.4404 11.55
    endloop
  endfacet
  facet normal 0 0 1
    outer loop
      vertex -2.27661 -43.4404 11.55
      vertex 0 -25.5 11.55
      vertex -0.388228 -25.4489 11.55
    endloop
  endfacet
  facet normal 0 0 1
    outer loop
      vertex -4.54699 -43.2617 11.55
      vertex -0.388228 -25.4489 11.55
      vertex -0.75 -25.299 11.55
    endloop
  endfacet
  facet normal 0 0 1
    outer loop
      vertex -9.04416 -42.5494 11.55
      vertex -0.75 -25.299 11.55
      vertex -1.06066 -25.0607 11.55
    endloop
  endfacet
  facet normal 0 0 1
    outer loop
      vertex -13.4422 -41.371 11.55
      vertex -1.06066 -25.0607 11.55
      vertex -1.29904 -24.75 11.55
    endloop
  endfacet
  facet normal 0 0 1
    outer loop
      vertex -13.4422 -41.371 11.55
      vertex -1.29904 -24.75 11.55
      vertex -1.44889 -24.3882 11.55
    endloop
  endfacet
  facet normal -0 0 1
    outer loop
      vertex -15.6715 -17.7206 11.55
      vertex -1.44889 -23.6118 11.55
      vertex -15.5217 -17.3588 11.55
    endloop
  endfacet
  facet normal 0 0 1
    outer loop
      vertex -15.4706 -16.9706 11.55
      vertex -2.84716 -6.39482 11.55
      vertex -3.17793 -6.23705 11.55
    endloop
  endfacet
  facet normal 0 0 1
    outer loop
      vertex 0 -25.5 11.55
      vertex -2.27661 -43.4404 11.55
      vertex 0 -43.5 11.55
    endloop
  endfacet
  facet normal 0 0 1
    outer loop
      vertex -15.4706 -16.9706 11.55
      vertex -3.17793 -6.23705 11.55
      vertex -3.5 -6.06218 11.55
    endloop
  endfacet
  facet normal 0 0 1
    outer loop
      vertex -15.4706 -16.9706 11.55
      vertex -3.5 -6.06218 11.55
      vertex -3.81247 -5.87069 11.55
    endloop
  endfacet
  facet normal 0 0 1
    outer loop
      vertex -0.75 -22.701 11.55
      vertex -15.4706 -16.9706 11.55
      vertex -1.06066 -22.9393 11.55
    endloop
  endfacet
  facet normal 0 0 1
    outer loop
      vertex -15.4706 -16.9706 11.55
      vertex -3.81247 -5.87069 11.55
      vertex -4.1145 -5.66312 11.55
    endloop
  endfacet
  facet normal 0 0 1
    outer loop
      vertex -15.4706 -16.9706 11.55
      vertex -4.1145 -5.66312 11.55
      vertex -4.40524 -5.44002 11.55
    endloop
  endfacet
  facet normal 0 0 1
    outer loop
      vertex -15.4706 -16.9706 11.55
      vertex -4.40524 -5.44002 11.55
      vertex -4.68391 -5.20201 11.55
    endloop
  endfacet
  facet normal 0 0 1
    outer loop
      vertex -15.4706 -16.9706 11.55
      vertex -4.68391 -5.20201 11.55
      vertex -4.94975 -4.94975 11.55
    endloop
  endfacet
  facet normal 0 0 1
    outer loop
      vertex -1.06066 -22.9393 11.55
      vertex -15.4706 -16.9706 11.55
      vertex -1.29904 -23.25 11.55
    endloop
  endfacet
  facet normal 0 0 1
    outer loop
      vertex -0.388228 -25.4489 11.55
      vertex -4.54699 -43.2617 11.55
      vertex -2.27661 -43.4404 11.55
    endloop
  endfacet
  facet normal 0 0 1
    outer loop
      vertex -15.4706 -16.9706 11.55
      vertex -4.94975 -4.94975 11.55
      vertex -5.20201 -4.68391 11.55
    endloop
  endfacet
  facet normal 0 0 1
    outer loop
      vertex -15.4706 -16.9706 11.55
      vertex -5.20201 -4.68391 11.55
      vertex -5.44002 -4.40524 11.55
    endloop
  endfacet
  facet normal 0 0 1
    outer loop
      vertex -15.4706 -16.9706 11.55
      vertex -5.44002 -4.40524 11.55
      vertex -5.66312 -4.1145 11.55
    endloop
  endfacet
  facet normal -0 0 1
    outer loop
      vertex -15.5217 -17.3588 11.55
      vertex -1.29904 -23.25 11.55
      vertex -15.4706 -16.9706 11.55
    endloop
  endfacet
  facet normal 0 0 1
    outer loop
      vertex -1.29904 -23.25 11.55
      vertex -15.5217 -17.3588 11.55
      vertex -1.44889 -23.6118 11.55
    endloop
  endfacet
  facet normal 0 0 1
    outer loop
      vertex -15.4706 -16.9706 11.55
      vertex -5.66312 -4.1145 11.55
      vertex -5.87069 -3.81247 11.55
    endloop
  endfacet
  facet normal 0 0 1
    outer loop
      vertex -15.4706 -16.9706 11.55
      vertex -5.87069 -3.81247 11.55
      vertex -6.06218 -3.5 11.55
    endloop
  endfacet
  facet normal 0 0 1
    outer loop
      vertex -15.4706 -16.9706 11.55
      vertex -6.06218 -3.5 11.55
      vertex -6.23705 -3.17793 11.55
    endloop
  endfacet
  facet normal 0 0 1
    outer loop
      vertex -15.4706 -16.9706 11.55
      vertex -6.23705 -3.17793 11.55
      vertex -6.39482 -2.84716 11.55
    endloop
  endfacet
  facet normal 0 0 1
    outer loop
      vertex -15.4706 -16.9706 11.55
      vertex -6.39482 -2.84716 11.55
      vertex -6.53506 -2.50858 11.55
    endloop
  endfacet
  facet normal 0 0 1
    outer loop
      vertex -15.4706 -16.9706 11.55
      vertex -6.53506 -2.50858 11.55
      vertex -6.6574 -2.16312 11.55
    endloop
  endfacet
  facet normal 0 0 1
    outer loop
      vertex -15.4706 -16.9706 11.55
      vertex -6.6574 -2.16312 11.55
      vertex -6.76148 -1.81173 11.55
    endloop
  endfacet
  facet normal 0 0 1
    outer loop
      vertex -0.75 -25.299 11.55
      vertex -6.8049 -42.9644 11.55
      vertex -4.54699 -43.2617 11.55
    endloop
  endfacet
  facet normal 0 0 1
    outer loop
      vertex -15.4706 -16.9706 11.55
      vertex -6.76148 -1.81173 11.55
      vertex -6.84703 -1.45538 11.55
    endloop
  endfacet
  facet normal 0 0 1
    outer loop
      vertex -6.96165 -0.731699 11.55
      vertex -15.4706 -16.9706 11.55
      vertex -6.91382 -1.09504 11.55
    endloop
  endfacet
  facet normal 0 0 1
    outer loop
      vertex -6.99041 -0.366351 11.55
      vertex -15.4706 -16.9706 11.55
      vertex -6.96165 -0.731699 11.55
    endloop
  endfacet
  facet normal 0 0 1
    outer loop
      vertex -7 0 11.55
      vertex -15.4706 -16.9706 11.55
      vertex -6.99041 -0.366351 11.55
    endloop
  endfacet
  facet normal 0 0 1
    outer loop
      vertex -6.6574 2.16312 11.55
      vertex -22.5 0 11.55
      vertex -6.76148 1.81173 11.55
    endloop
  endfacet
  facet normal 0 0 1
    outer loop
      vertex -22.5 0 11.55
      vertex -6.53506 2.50858 11.55
      vertex -16.5823 15.5217 11.55
    endloop
  endfacet
  facet normal 0 0 1
    outer loop
      vertex -6.91382 -1.09504 11.55
      vertex -15.4706 -16.9706 11.55
      vertex -6.84703 -1.45538 11.55
    endloop
  endfacet
  facet normal 0 0 1
    outer loop
      vertex -15.9099 18.0312 11.55
      vertex -9.04416 42.5494 11.55
      vertex -11.2586 42.0178 11.55
    endloop
  endfacet
  facet normal 0 0 1
    outer loop
      vertex -0.75 -25.299 11.55
      vertex -9.04416 -42.5494 11.55
      vertex -6.8049 -42.9644 11.55
    endloop
  endfacet
  facet normal 0 0 1
    outer loop
      vertex -16.2206 18.2696 11.55
      vertex -11.2586 42.0178 11.55
      vertex -13.4422 41.371 11.55
    endloop
  endfacet
  facet normal 0 0 1
    outer loop
      vertex -1.06066 -25.0607 11.55
      vertex -11.2586 -42.0178 11.55
      vertex -9.04416 -42.5494 11.55
    endloop
  endfacet
  facet normal 0 0 1
    outer loop
      vertex -1.06066 -25.0607 11.55
      vertex -13.4422 -41.371 11.55
      vertex -11.2586 -42.0178 11.55
    endloop
  endfacet
  facet normal 0 0 1
    outer loop
      vertex -6.53506 2.50858 11.55
      vertex -22.5 0 11.55
      vertex -6.6574 2.16312 11.55
    endloop
  endfacet
  facet normal 0 0 1
    outer loop
      vertex -16.2206 18.2696 11.55
      vertex -13.4422 41.371 11.55
      vertex -15.589 40.6107 11.55
    endloop
  endfacet
  facet normal 0 0 1
    outer loop
      vertex -9.04416 42.5494 11.55
      vertex -15.6715 17.7206 11.55
      vertex -15.5217 17.3588 11.55
    endloop
  endfacet
  facet normal 0 0 1
    outer loop
      vertex -9.04416 42.5494 11.55
      vertex -15.9099 18.0312 11.55
      vertex -15.6715 17.7206 11.55
    endloop
  endfacet
  facet normal 0 0 1
    outer loop
      vertex -11.2586 42.0178 11.55
      vertex -16.2206 18.2696 11.55
      vertex -15.9099 18.0312 11.55
    endloop
  endfacet
  facet normal 0 0 1
    outer loop
      vertex -15.589 40.6107 11.55
      vertex -16.5823 18.4195 11.55
      vertex -16.2206 18.2696 11.55
    endloop
  endfacet
  facet normal -0 0 1
    outer loop
      vertex -17.693 39.7392 11.55
      vertex -16.5823 18.4195 11.55
      vertex -15.589 40.6107 11.55
    endloop
  endfacet
  facet normal -0 0 1
    outer loop
      vertex -19.7486 38.7588 11.55
      vertex -16.5823 18.4195 11.55
      vertex -17.693 39.7392 11.55
    endloop
  endfacet
  facet normal 0 0 1
    outer loop
      vertex -16.5823 18.4195 11.55
      vertex -19.7486 38.7588 11.55
      vertex -16.9706 18.4706 11.55
    endloop
  endfacet
  facet normal 0 0 1
    outer loop
      vertex -16.9706 18.4706 11.55
      vertex -19.7486 38.7588 11.55
      vertex -17.3588 18.4195 11.55
    endloop
  endfacet
  facet normal 0 0 1
    outer loop
      vertex -17.3588 18.4195 11.55
      vertex -19.7486 38.7588 11.55
      vertex -17.7206 18.2696 11.55
    endloop
  endfacet
  facet normal 0 0 1
    outer loop
      vertex -17.7206 18.2696 11.55
      vertex -19.7486 38.7588 11.55
      vertex -18.0312 18.0312 11.55
    endloop
  endfacet
  facet normal 0 0 1
    outer loop
      vertex -18.0312 18.0312 11.55
      vertex -19.7486 38.7588 11.55
      vertex -18.2696 17.7206 11.55
    endloop
  endfacet
  facet normal 0 0 1
    outer loop
      vertex -18.2696 17.7206 11.55
      vertex -19.7486 38.7588 11.55
      vertex -18.4195 17.3588 11.55
    endloop
  endfacet
  facet normal 0 0 1
    outer loop
      vertex -22.5 0 11.55
      vertex -18.4706 16.9706 11.55
      vertex -19.7486 38.7588 11.55
    endloop
  endfacet
  facet normal 0 0 1
    outer loop
      vertex -18.4195 17.3588 11.55
      vertex -19.7486 38.7588 11.55
      vertex -18.4706 16.9706 11.55
    endloop
  endfacet
  facet normal -0 0 1
    outer loop
      vertex 0.75 22.701 11.55
      vertex 2.84716 6.39482 11.55
      vertex 1.06066 22.9393 11.55
    endloop
  endfacet
  facet normal 0 0 1
    outer loop
      vertex 2.84716 6.39482 11.55
      vertex 0.75 22.701 11.55
      vertex 2.50858 6.53506 11.55
    endloop
  endfacet
  facet normal 0 0 1
    outer loop
      vertex 2.50858 6.53506 11.55
      vertex 0.75 22.701 11.55
      vertex 2.16312 6.6574 11.55
    endloop
  endfacet
  facet normal 0 0 1
    outer loop
      vertex 2.16312 6.6574 11.55
      vertex 0.75 22.701 11.55
      vertex 1.81173 6.76148 11.55
    endloop
  endfacet
  facet normal -0 0 1
    outer loop
      vertex 0.388228 22.5511 11.55
      vertex 1.81173 6.76148 11.55
      vertex 0.75 22.701 11.55
    endloop
  endfacet
  facet normal 0 0 1
    outer loop
      vertex 1.81173 6.76148 11.55
      vertex 0.388228 22.5511 11.55
      vertex 1.45538 6.84703 11.55
    endloop
  endfacet
  facet normal 0 0 1
    outer loop
      vertex 1.45538 6.84703 11.55
      vertex 0.388228 22.5511 11.55
      vertex 1.09504 6.91382 11.55
    endloop
  endfacet
  facet normal 0 0 1
    outer loop
      vertex 1.09504 6.91382 11.55
      vertex 0.388228 22.5511 11.55
      vertex 0.731699 6.96165 11.55
    endloop
  endfacet
  facet normal 0 0 1
    outer loop
      vertex 0.388228 22.5511 11.55
      vertex 0.366351 6.99041 11.55
      vertex 0.731699 6.96165 11.55
    endloop
  endfacet
  facet normal -0 0 1
    outer loop
      vertex 0 22.5 11.55
      vertex 0.366351 6.99041 11.55
      vertex 0.388228 22.5511 11.55
    endloop
  endfacet
  facet normal 0 0 1
    outer loop
      vertex 0 22.5 11.55
      vertex 0 7 11.55
      vertex 0.366351 6.99041 11.55
    endloop
  endfacet
  facet normal 0 0 1
    outer loop
      vertex 0 22.5 11.55
      vertex -0.366351 6.99041 11.55
      vertex 0 7 11.55
    endloop
  endfacet
  facet normal 0 0 1
    outer loop
      vertex -0.388228 22.5511 11.55
      vertex -0.366351 6.99041 11.55
      vertex 0 22.5 11.55
    endloop
  endfacet
  facet normal 0 0 1
    outer loop
      vertex -0.388228 22.5511 11.55
      vertex -0.731699 6.96165 11.55
      vertex -0.366351 6.99041 11.55
    endloop
  endfacet
  facet normal 0 0 1
    outer loop
      vertex -1.81173 6.76148 11.55
      vertex -0.388228 22.5511 11.55
      vertex -0.75 22.701 11.55
    endloop
  endfacet
  facet normal 0 -0 1
    outer loop
      vertex -15.4706 16.9706 11.55
      vertex -1.06066 22.9393 11.55
      vertex -15.5217 17.3588 11.55
    endloop
  endfacet
  facet normal 0 0 1
    outer loop
      vertex -0.388228 22.5511 11.55
      vertex -1.09504 6.91382 11.55
      vertex -0.731699 6.96165 11.55
    endloop
  endfacet
  facet normal 0 0 1
    outer loop
      vertex -15.5217 17.3588 11.55
      vertex -1.06066 22.9393 11.55
      vertex -1.29904 23.25 11.55
    endloop
  endfacet
  facet normal 0 0 1
    outer loop
      vertex -15.5217 17.3588 11.55
      vertex -1.29904 23.25 11.55
      vertex -1.44889 23.6118 11.55
    endloop
  endfacet
  facet normal 0 0 1
    outer loop
      vertex -0.388228 22.5511 11.55
      vertex -1.45538 6.84703 11.55
      vertex -1.09504 6.91382 11.55
    endloop
  endfacet
  facet normal 0 0 1
    outer loop
      vertex -15.5217 17.3588 11.55
      vertex -1.44889 23.6118 11.55
      vertex -1.5 24 11.55
    endloop
  endfacet
  facet normal 0 0 1
    outer loop
      vertex -0.388228 22.5511 11.55
      vertex -1.81173 6.76148 11.55
      vertex -1.45538 6.84703 11.55
    endloop
  endfacet
  facet normal 0 0 1
    outer loop
      vertex 23.25 1.29904 11.55
      vertex 17.3588 15.5217 11.55
      vertex 22.9393 1.06066 11.55
    endloop
  endfacet
  facet normal 0 0 1
    outer loop
      vertex 22.5 0 11.55
      vertex 18.4195 -16.5823 11.55
      vertex 18.4706 -16.9706 11.55
    endloop
  endfacet
  facet normal -0 0 1
    outer loop
      vertex 16.9706 15.4706 11.55
      vertex 22.9393 1.06066 11.55
      vertex 17.3588 15.5217 11.55
    endloop
  endfacet
  facet normal 0 0 1
    outer loop
      vertex 22.5 0 11.55
      vertex 18.2696 -16.2206 11.55
      vertex 18.4195 -16.5823 11.55
    endloop
  endfacet
  facet normal 0 0 1
    outer loop
      vertex 22.9393 1.06066 11.55
      vertex 16.9706 15.4706 11.55
      vertex 22.701 0.75 11.55
    endloop
  endfacet
  facet normal 0 0 1
    outer loop
      vertex 22.5 0 11.55
      vertex 18.0312 -15.9099 11.55
      vertex 18.2696 -16.2206 11.55
    endloop
  endfacet
  facet normal 0 0 1
    outer loop
      vertex 16.5823 15.5217 11.55
      vertex 22.701 0.75 11.55
      vertex 16.9706 15.4706 11.55
    endloop
  endfacet
  facet normal 0 0 1
    outer loop
      vertex 22.5 0 11.55
      vertex 17.7206 -15.6715 11.55
      vertex 18.0312 -15.9099 11.55
    endloop
  endfacet
  facet normal -0 0 1
    outer loop
      vertex 6.84703 1.45538 11.55
      vertex 22.701 0.75 11.55
      vertex 16.5823 15.5217 11.55
    endloop
  endfacet
  facet normal 0 0 1
    outer loop
      vertex 22.5 0 11.55
      vertex 17.3588 -15.5217 11.55
      vertex 17.7206 -15.6715 11.55
    endloop
  endfacet
  facet normal 0 0 1
    outer loop
      vertex 22.701 0.75 11.55
      vertex 6.84703 1.45538 11.55
      vertex 22.5511 0.388228 11.55
    endloop
  endfacet
  facet normal 0 0 1
    outer loop
      vertex 6.99041 -0.366351 11.55
      vertex 22.5 0 11.55
      vertex 7 0 11.55
    endloop
  endfacet
  facet normal -0 -0 1
    outer loop
      vertex 6.91382 1.09504 11.55
      vertex 22.5511 0.388228 11.55
      vertex 6.84703 1.45538 11.55
    endloop
  endfacet
  facet normal 0 0 1
    outer loop
      vertex 22.5 0 11.55
      vertex 16.9706 -15.4706 11.55
      vertex 17.3588 -15.5217 11.55
    endloop
  endfacet
  facet normal 0 0 1
    outer loop
      vertex 6.84703 1.45538 11.55
      vertex 16.5823 15.5217 11.55
      vertex 16.2206 15.6715 11.55
    endloop
  endfacet
  facet normal 0 0 1
    outer loop
      vertex 22.5 0 11.55
      vertex 16.5823 -15.5217 11.55
      vertex 16.9706 -15.4706 11.55
    endloop
  endfacet
  facet normal 0 0 1
    outer loop
      vertex 6.84703 1.45538 11.55
      vertex 16.2206 15.6715 11.55
      vertex 15.9099 15.9099 11.55
    endloop
  endfacet
  facet normal 0 0 1
    outer loop
      vertex 6.96165 -0.731699 11.55
      vertex 22.5 0 11.55
      vertex 6.99041 -0.366351 11.55
    endloop
  endfacet
  facet normal 0 0 1
    outer loop
      vertex 6.84703 1.45538 11.55
      vertex 15.9099 15.9099 11.55
      vertex 15.6715 16.2206 11.55
    endloop
  endfacet
  facet normal 0 0 1
    outer loop
      vertex 6.91382 -1.09504 11.55
      vertex 22.5 0 11.55
      vertex 6.96165 -0.731699 11.55
    endloop
  endfacet
  facet normal 0 0 1
    outer loop
      vertex 6.84703 1.45538 11.55
      vertex 15.6715 16.2206 11.55
      vertex 15.5217 16.5823 11.55
    endloop
  endfacet
  facet normal 0 0 1
    outer loop
      vertex 6.84703 -1.45538 11.55
      vertex 22.5 0 11.55
      vertex 6.91382 -1.09504 11.55
    endloop
  endfacet
  facet normal 0 0 1
    outer loop
      vertex 6.84703 1.45538 11.55
      vertex 15.5217 16.5823 11.55
      vertex 15.4706 16.9706 11.55
    endloop
  endfacet
  facet normal 0 0 1
    outer loop
      vertex 6.76148 -1.81173 11.55
      vertex 22.5 0 11.55
      vertex 6.84703 -1.45538 11.55
    endloop
  endfacet
  facet normal 0 0 1
    outer loop
      vertex 29.1072 -32.3268 11.55
      vertex 17.7206 -18.2696 11.55
      vertex 27.3754 -33.8058 11.55
    endloop
  endfacet
  facet normal -0 0 1
    outer loop
      vertex 17.3588 -18.4195 11.55
      vertex 27.3754 -33.8058 11.55
      vertex 17.7206 -18.2696 11.55
    endloop
  endfacet
  facet normal 0 0 1
    outer loop
      vertex 27.3754 -33.8058 11.55
      vertex 17.3588 -18.4195 11.55
      vertex 25.5687 -35.1922 11.55
    endloop
  endfacet
  facet normal 0 0 1
    outer loop
      vertex 25.5687 -35.1922 11.55
      vertex 17.3588 -18.4195 11.55
      vertex 23.6918 -36.4822 11.55
    endloop
  endfacet
  facet normal -0 0 1
    outer loop
      vertex 16.9706 -18.4706 11.55
      vertex 23.6918 -36.4822 11.55
      vertex 17.3588 -18.4195 11.55
    endloop
  endfacet
  facet normal 0 0 1
    outer loop
      vertex 23.6918 -36.4822 11.55
      vertex 16.9706 -18.4706 11.55
      vertex 21.75 -37.6721 11.55
    endloop
  endfacet
  facet normal 0 0 1
    outer loop
      vertex 21.75 -37.6721 11.55
      vertex 16.9706 -18.4706 11.55
      vertex 19.7486 -38.7588 11.55
    endloop
  endfacet
  facet normal 0 0 1
    outer loop
      vertex 16.5823 -18.4195 11.55
      vertex 19.7486 -38.7588 11.55
      vertex 16.9706 -18.4706 11.55
    endloop
  endfacet
  facet normal 0 0 1
    outer loop
      vertex 19.7486 -38.7588 11.55
      vertex 16.5823 -18.4195 11.55
      vertex 17.693 -39.7392 11.55
    endloop
  endfacet
  facet normal 0 0 1
    outer loop
      vertex 15.589 -40.6107 11.55
      vertex 16.5823 -18.4195 11.55
      vertex 16.2206 -18.2696 11.55
    endloop
  endfacet
  facet normal 0 0 1
    outer loop
      vertex 11.2586 -42.0178 11.55
      vertex 16.2206 -18.2696 11.55
      vertex 15.9099 -18.0312 11.55
    endloop
  endfacet
  facet normal 0 0 1
    outer loop
      vertex 9.04416 -42.5494 11.55
      vertex 15.9099 -18.0312 11.55
      vertex 15.6715 -17.7206 11.55
    endloop
  endfacet
  facet normal 0 0 1
    outer loop
      vertex 16.5823 -18.4195 11.55
      vertex 15.589 -40.6107 11.55
      vertex 17.693 -39.7392 11.55
    endloop
  endfacet
  facet normal 0 0 1
    outer loop
      vertex 9.04416 -42.5494 11.55
      vertex 15.6715 -17.7206 11.55
      vertex 15.5217 -17.3588 11.55
    endloop
  endfacet
  facet normal 0 0 1
    outer loop
      vertex 6.53506 -2.50858 11.55
      vertex 22.5 0 11.55
      vertex 6.6574 -2.16312 11.55
    endloop
  endfacet
  facet normal -0 -0 1
    outer loop
      vertex 6.96165 0.731699 11.55
      vertex 22.5511 0.388228 11.55
      vertex 6.91382 1.09504 11.55
    endloop
  endfacet
  facet normal 0 0 1
    outer loop
      vertex 22.5 0 11.55
      vertex 6.53506 -2.50858 11.55
      vertex 16.5823 -15.5217 11.55
    endloop
  endfacet
  facet normal 0 0 1
    outer loop
      vertex 1.06066 25.0607 11.55
      vertex 13.4422 41.371 11.55
      vertex 11.2586 42.0178 11.55
    endloop
  endfacet
  facet normal 0 0 1
    outer loop
      vertex 16.2206 -18.2696 11.55
      vertex 13.4422 -41.371 11.55
      vertex 15.589 -40.6107 11.55
    endloop
  endfacet
  facet normal 0 0 1
    outer loop
      vertex 1.06066 25.0607 11.55
      vertex 11.2586 42.0178 11.55
      vertex 9.04416 42.5494 11.55
    endloop
  endfacet
  facet normal 0 0 1
    outer loop
      vertex 16.2206 -18.2696 11.55
      vertex 11.2586 -42.0178 11.55
      vertex 13.4422 -41.371 11.55
    endloop
  endfacet
  facet normal 0 0 1
    outer loop
      vertex 15.9099 -18.0312 11.55
      vertex 9.04416 -42.5494 11.55
      vertex 11.2586 -42.0178 11.55
    endloop
  endfacet
  facet normal 0 0 1
    outer loop
      vertex 6.6574 -2.16312 11.55
      vertex 22.5 0 11.55
      vertex 6.76148 -1.81173 11.55
    endloop
  endfacet
  facet normal 0 0 1
    outer loop
      vertex 22.5 0 11.55
      vertex 6.99041 0.366351 11.55
      vertex 7 0 11.55
    endloop
  endfacet
  facet normal 0 0 1
    outer loop
      vertex 22.5 0 11.55
      vertex 6.96165 0.731699 11.55
      vertex 6.99041 0.366351 11.55
    endloop
  endfacet
  facet normal 0 0 1
    outer loop
      vertex 22.5511 0.388228 11.55
      vertex 6.96165 0.731699 11.55
      vertex 22.5 0 11.55
    endloop
  endfacet
  facet normal 0 0 1
    outer loop
      vertex 0.75 25.299 11.55
      vertex 9.04416 42.5494 11.55
      vertex 6.8049 42.9644 11.55
    endloop
  endfacet
  facet normal 0 0 1
    outer loop
      vertex 13.4422 41.371 11.55
      vertex 6.76148 1.81173 11.55
      vertex 6.84703 1.45538 11.55
    endloop
  endfacet
  facet normal 0 0 1
    outer loop
      vertex 13.4422 41.371 11.55
      vertex 6.6574 2.16312 11.55
      vertex 6.76148 1.81173 11.55
    endloop
  endfacet
  facet normal 0 0 1
    outer loop
      vertex 13.4422 41.371 11.55
      vertex 6.53506 2.50858 11.55
      vertex 6.6574 2.16312 11.55
    endloop
  endfacet
  facet normal 0 0 1
    outer loop
      vertex 13.4422 41.371 11.55
      vertex 6.39482 2.84716 11.55
      vertex 6.53506 2.50858 11.55
    endloop
  endfacet
  facet normal 0 0 1
    outer loop
      vertex 13.4422 41.371 11.55
      vertex 6.23705 3.17793 11.55
      vertex 6.39482 2.84716 11.55
    endloop
  endfacet
  facet normal 0 0 1
    outer loop
      vertex 1.44889 23.6118 11.55
      vertex 13.4422 41.371 11.55
      vertex 1.5 24 11.55
    endloop
  endfacet
  facet normal 0 0 1
    outer loop
      vertex 13.4422 41.371 11.55
      vertex 6.06218 3.5 11.55
      vertex 6.23705 3.17793 11.55
    endloop
  endfacet
  facet normal 0 0 1
    outer loop
      vertex 13.4422 41.371 11.55
      vertex 5.87069 3.81247 11.55
      vertex 6.06218 3.5 11.55
    endloop
  endfacet
  facet normal 0 0 1
    outer loop
      vertex 13.4422 41.371 11.55
      vertex 1.44889 23.6118 11.55
      vertex 5.87069 3.81247 11.55
    endloop
  endfacet
  facet normal 0 0 1
    outer loop
      vertex 5.87069 3.81247 11.55
      vertex 1.44889 23.6118 11.55
      vertex 5.66312 4.1145 11.55
    endloop
  endfacet
  facet normal 0 0 1
    outer loop
      vertex 5.66312 4.1145 11.55
      vertex 1.44889 23.6118 11.55
      vertex 5.44002 4.40524 11.55
    endloop
  endfacet
  facet normal 0 0 1
    outer loop
      vertex 5.44002 4.40524 11.55
      vertex 1.44889 23.6118 11.55
      vertex 5.20201 4.68391 11.55
    endloop
  endfacet
  facet normal 0 0 1
    outer loop
      vertex 0.75 25.299 11.55
      vertex 6.8049 42.9644 11.55
      vertex 4.54699 43.2617 11.55
    endloop
  endfacet
  facet normal 0 0 1
    outer loop
      vertex 5.20201 4.68391 11.55
      vertex 1.44889 23.6118 11.55
      vertex 4.94975 4.94975 11.55
    endloop
  endfacet
  facet normal -0 0 1
    outer loop
      vertex 1.29904 23.25 11.55
      vertex 4.94975 4.94975 11.55
      vertex 1.44889 23.6118 11.55
    endloop
  endfacet
  facet normal 0 0 1
    outer loop
      vertex 4.94975 4.94975 11.55
      vertex 1.29904 23.25 11.55
      vertex 4.68391 5.20201 11.55
    endloop
  endfacet
  facet normal 0 0 1
    outer loop
      vertex 4.68391 5.20201 11.55
      vertex 1.29904 23.25 11.55
      vertex 4.40524 5.44002 11.55
    endloop
  endfacet
  facet normal 0 0 1
    outer loop
      vertex 4.40524 5.44002 11.55
      vertex 1.29904 23.25 11.55
      vertex 4.1145 5.66312 11.55
    endloop
  endfacet
  facet normal 0 0 1
    outer loop
      vertex 4.1145 5.66312 11.55
      vertex 1.29904 23.25 11.55
      vertex 3.81247 5.87069 11.55
    endloop
  endfacet
  facet normal -0 0 1
    outer loop
      vertex 1.06066 22.9393 11.55
      vertex 3.81247 5.87069 11.55
      vertex 1.29904 23.25 11.55
    endloop
  endfacet
  facet normal 0 0 1
    outer loop
      vertex 0.388228 25.4489 11.55
      vertex 4.54699 43.2617 11.55
      vertex 2.27661 43.4404 11.55
    endloop
  endfacet
  facet normal 0 0 1
    outer loop
      vertex 3.81247 5.87069 11.55
      vertex 1.06066 22.9393 11.55
      vertex 3.5 6.06218 11.55
    endloop
  endfacet
  facet normal 0 0 1
    outer loop
      vertex 3.5 6.06218 11.55
      vertex 1.06066 22.9393 11.55
      vertex 3.17793 6.23705 11.55
    endloop
  endfacet
  facet normal 0 0 1
    outer loop
      vertex 3.17793 6.23705 11.55
      vertex 1.06066 22.9393 11.55
      vertex 2.84716 6.39482 11.55
    endloop
  endfacet
  facet normal 0 0 1
    outer loop
      vertex 13.4422 41.371 11.55
      vertex 1.44889 24.3882 11.55
      vertex 1.5 24 11.55
    endloop
  endfacet
  facet normal 0 0 1
    outer loop
      vertex 13.4422 41.371 11.55
      vertex 1.29904 24.75 11.55
      vertex 1.44889 24.3882 11.55
    endloop
  endfacet
  facet normal 0 0 1
    outer loop
      vertex 13.4422 41.371 11.55
      vertex 1.06066 25.0607 11.55
      vertex 1.29904 24.75 11.55
    endloop
  endfacet
  facet normal 0 0 1
    outer loop
      vertex 9.04416 42.5494 11.55
      vertex 0.75 25.299 11.55
      vertex 1.06066 25.0607 11.55
    endloop
  endfacet
  facet normal 0 0 1
    outer loop
      vertex 4.54699 43.2617 11.55
      vertex 0.388228 25.4489 11.55
      vertex 0.75 25.299 11.55
    endloop
  endfacet
  facet normal 0 0 1
    outer loop
      vertex 0 25.5 11.55
      vertex 2.27661 43.4404 11.55
      vertex 0 43.5 11.55
    endloop
  endfacet
  facet normal 0 0 1
    outer loop
      vertex 2.27661 43.4404 11.55
      vertex 0 25.5 11.55
      vertex 0.388228 25.4489 11.55
    endloop
  endfacet
  facet normal -0 0 1
    outer loop
      vertex -2.27661 43.4404 11.55
      vertex 0 25.5 11.55
      vertex 0 43.5 11.55
    endloop
  endfacet
  facet normal 0 0 1
    outer loop
      vertex 0 25.5 11.55
      vertex -2.27661 43.4404 11.55
      vertex -0.388228 25.4489 11.55
    endloop
  endfacet
  facet normal -0 0 1
    outer loop
      vertex -4.54699 43.2617 11.55
      vertex -0.388228 25.4489 11.55
      vertex -2.27661 43.4404 11.55
    endloop
  endfacet
  facet normal 0 0 1
    outer loop
      vertex -0.388228 25.4489 11.55
      vertex -4.54699 43.2617 11.55
      vertex -0.75 25.299 11.55
    endloop
  endfacet
  facet normal -0 0 1
    outer loop
      vertex -6.8049 42.9644 11.55
      vertex -0.75 25.299 11.55
      vertex -4.54699 43.2617 11.55
    endloop
  endfacet
  facet normal -0 0 1
    outer loop
      vertex -9.04416 42.5494 11.55
      vertex -0.75 25.299 11.55
      vertex -6.8049 42.9644 11.55
    endloop
  endfacet
  facet normal 0 0 1
    outer loop
      vertex -0.75 22.701 11.55
      vertex -2.16312 6.6574 11.55
      vertex -1.81173 6.76148 11.55
    endloop
  endfacet
  facet normal 0 0 1
    outer loop
      vertex -0.75 25.299 11.55
      vertex -9.04416 42.5494 11.55
      vertex -1.06066 25.0607 11.55
    endloop
  endfacet
  facet normal 0 0 1
    outer loop
      vertex -1.06066 25.0607 11.55
      vertex -9.04416 42.5494 11.55
      vertex -1.29904 24.75 11.55
    endloop
  endfacet
  facet normal 0 0 1
    outer loop
      vertex -15.5217 17.3588 11.55
      vertex -1.29904 24.75 11.55
      vertex -9.04416 42.5494 11.55
    endloop
  endfacet
  facet normal 0 0 1
    outer loop
      vertex -1.29904 24.75 11.55
      vertex -15.5217 17.3588 11.55
      vertex -1.44889 24.3882 11.55
    endloop
  endfacet
  facet normal 0 0 1
    outer loop
      vertex -1.44889 24.3882 11.55
      vertex -15.5217 17.3588 11.55
      vertex -1.5 24 11.55
    endloop
  endfacet
  facet normal 0 0 1
    outer loop
      vertex -0.75 22.701 11.55
      vertex -2.50858 6.53506 11.55
      vertex -2.16312 6.6574 11.55
    endloop
  endfacet
  facet normal 0 0 1
    outer loop
      vertex -0.75 22.701 11.55
      vertex -2.84716 6.39482 11.55
      vertex -2.50858 6.53506 11.55
    endloop
  endfacet
  facet normal 0 0 1
    outer loop
      vertex -1.06066 22.9393 11.55
      vertex -15.4706 16.9706 11.55
      vertex -0.75 22.701 11.55
    endloop
  endfacet
  facet normal 0 0 1
    outer loop
      vertex -15.5217 16.5823 11.55
      vertex -0.75 22.701 11.55
      vertex -15.4706 16.9706 11.55
    endloop
  endfacet
  facet normal 0 0 1
    outer loop
      vertex -0.75 22.701 11.55
      vertex -15.5217 16.5823 11.55
      vertex -2.84716 6.39482 11.55
    endloop
  endfacet
  facet normal 0 0 1
    outer loop
      vertex -2.84716 6.39482 11.55
      vertex -15.5217 16.5823 11.55
      vertex -3.17793 6.23705 11.55
    endloop
  endfacet
  facet normal 0 0 1
    outer loop
      vertex -3.17793 6.23705 11.55
      vertex -15.5217 16.5823 11.55
      vertex -3.5 6.06218 11.55
    endloop
  endfacet
  facet normal -0 0 1
    outer loop
      vertex -15.6715 16.2206 11.55
      vertex -3.5 6.06218 11.55
      vertex -15.5217 16.5823 11.55
    endloop
  endfacet
  facet normal 0 0 1
    outer loop
      vertex -3.5 6.06218 11.55
      vertex -15.6715 16.2206 11.55
      vertex -3.81247 5.87069 11.55
    endloop
  endfacet
  facet normal 0 0 1
    outer loop
      vertex -3.81247 5.87069 11.55
      vertex -15.6715 16.2206 11.55
      vertex -4.1145 5.66312 11.55
    endloop
  endfacet
  facet normal 0 0 1
    outer loop
      vertex -4.1145 5.66312 11.55
      vertex -15.6715 16.2206 11.55
      vertex -4.40524 5.44002 11.55
    endloop
  endfacet
  facet normal 0 0 1
    outer loop
      vertex -4.40524 5.44002 11.55
      vertex -15.6715 16.2206 11.55
      vertex -4.68391 5.20201 11.55
    endloop
  endfacet
  facet normal -0 0 1
    outer loop
      vertex -15.9099 15.9099 11.55
      vertex -4.68391 5.20201 11.55
      vertex -15.6715 16.2206 11.55
    endloop
  endfacet
  facet normal 0 0 1
    outer loop
      vertex -4.68391 5.20201 11.55
      vertex -15.9099 15.9099 11.55
      vertex -4.94975 4.94975 11.55
    endloop
  endfacet
  facet normal 0 0 1
    outer loop
      vertex -4.94975 4.94975 11.55
      vertex -15.9099 15.9099 11.55
      vertex -5.20201 4.68391 11.55
    endloop
  endfacet
  facet normal 0 0 1
    outer loop
      vertex -5.20201 4.68391 11.55
      vertex -15.9099 15.9099 11.55
      vertex -5.44002 4.40524 11.55
    endloop
  endfacet
  facet normal -0 0 1
    outer loop
      vertex -16.2206 15.6715 11.55
      vertex -5.44002 4.40524 11.55
      vertex -15.9099 15.9099 11.55
    endloop
  endfacet
  facet normal 0 0 1
    outer loop
      vertex -5.44002 4.40524 11.55
      vertex -16.2206 15.6715 11.55
      vertex -5.66312 4.1145 11.55
    endloop
  endfacet
  facet normal 0 0 1
    outer loop
      vertex -5.66312 4.1145 11.55
      vertex -16.2206 15.6715 11.55
      vertex -5.87069 3.81247 11.55
    endloop
  endfacet
  facet normal 0 0 1
    outer loop
      vertex -5.87069 3.81247 11.55
      vertex -16.2206 15.6715 11.55
      vertex -6.06218 3.5 11.55
    endloop
  endfacet
  facet normal -0 0 1
    outer loop
      vertex -16.5823 15.5217 11.55
      vertex -6.06218 3.5 11.55
      vertex -16.2206 15.6715 11.55
    endloop
  endfacet
  facet normal 0 0 1
    outer loop
      vertex -6.06218 3.5 11.55
      vertex -16.5823 15.5217 11.55
      vertex -6.23705 3.17793 11.55
    endloop
  endfacet
  facet normal 0 0 1
    outer loop
      vertex -6.23705 3.17793 11.55
      vertex -16.5823 15.5217 11.55
      vertex -6.39482 2.84716 11.55
    endloop
  endfacet
  facet normal 0 0 1
    outer loop
      vertex -6.39482 2.84716 11.55
      vertex -16.5823 15.5217 11.55
      vertex -6.53506 2.50858 11.55
    endloop
  endfacet
  facet normal 0 0 1
    outer loop
      vertex 25.5 0 11.55
      vertex 43.5 0 11.55
      vertex 43.4404 2.27661 11.55
    endloop
  endfacet
  facet normal 0 0 1
    outer loop
      vertex 25.4489 0.388228 11.55
      vertex 43.4404 2.27661 11.55
      vertex 43.2617 4.54699 11.55
    endloop
  endfacet
  facet normal 0 0 1
    outer loop
      vertex 43.5 0 11.55
      vertex 25.5 0 11.55
      vertex 43.4404 -2.27661 11.55
    endloop
  endfacet
  facet normal 0 0 1
    outer loop
      vertex 25.299 0.75 11.55
      vertex 43.2617 4.54699 11.55
      vertex 42.9644 6.8049 11.55
    endloop
  endfacet
  facet normal -0 0 1
    outer loop
      vertex 25.4489 -0.388228 11.55
      vertex 43.4404 -2.27661 11.55
      vertex 25.5 0 11.55
    endloop
  endfacet
  facet normal 0 0 1
    outer loop
      vertex 25.299 0.75 11.55
      vertex 42.9644 6.8049 11.55
      vertex 42.5494 9.04416 11.55
    endloop
  endfacet
  facet normal 0 0 1
    outer loop
      vertex 43.4404 -2.27661 11.55
      vertex 25.4489 -0.388228 11.55
      vertex 43.2617 -4.54699 11.55
    endloop
  endfacet
  facet normal 0 0 1
    outer loop
      vertex 25.0607 1.06066 11.55
      vertex 42.5494 9.04416 11.55
      vertex 42.0178 11.2586 11.55
    endloop
  endfacet
  facet normal -0 0 1
    outer loop
      vertex 25.299 -0.75 11.55
      vertex 43.2617 -4.54699 11.55
      vertex 25.4489 -0.388228 11.55
    endloop
  endfacet
  facet normal 0 0 1
    outer loop
      vertex 25.0607 1.06066 11.55
      vertex 42.0178 11.2586 11.55
      vertex 41.371 13.4422 11.55
    endloop
  endfacet
  facet normal 0 0 1
    outer loop
      vertex 43.2617 -4.54699 11.55
      vertex 25.299 -0.75 11.55
      vertex 42.9644 -6.8049 11.55
    endloop
  endfacet
  facet normal 0 0 1
    outer loop
      vertex 24.75 1.29904 11.55
      vertex 41.371 13.4422 11.55
      vertex 40.6107 15.589 11.55
    endloop
  endfacet
  facet normal 0 0 1
    outer loop
      vertex 42.9644 -6.8049 11.55
      vertex 25.299 -0.75 11.55
      vertex 42.5494 -9.04416 11.55
    endloop
  endfacet
  facet normal 0 0 1
    outer loop
      vertex 24.75 1.29904 11.55
      vertex 40.6107 15.589 11.55
      vertex 39.7392 17.693 11.55
    endloop
  endfacet
  facet normal -0 0 1
    outer loop
      vertex 25.0607 -1.06066 11.55
      vertex 42.5494 -9.04416 11.55
      vertex 25.299 -0.75 11.55
    endloop
  endfacet
  facet normal 0 0 1
    outer loop
      vertex 18.4195 16.5823 11.55
      vertex 38.7588 19.7486 11.55
      vertex 18.4706 16.9706 11.55
    endloop
  endfacet
  facet normal 0 0 1
    outer loop
      vertex 42.5494 -9.04416 11.55
      vertex 25.0607 -1.06066 11.55
      vertex 42.0178 -11.2586 11.55
    endloop
  endfacet
  facet normal 0 0 1
    outer loop
      vertex 18.4706 16.9706 11.55
      vertex 38.7588 19.7486 11.55
      vertex 37.6721 21.75 11.55
    endloop
  endfacet
  facet normal 0 0 1
    outer loop
      vertex 42.0178 -11.2586 11.55
      vertex 25.0607 -1.06066 11.55
      vertex 41.371 -13.4422 11.55
    endloop
  endfacet
  facet normal 0 0 1
    outer loop
      vertex 18.4706 16.9706 11.55
      vertex 37.6721 21.75 11.55
      vertex 36.4822 23.6918 11.55
    endloop
  endfacet
  facet normal -0 0 1
    outer loop
      vertex 24.75 -1.29904 11.55
      vertex 41.371 -13.4422 11.55
      vertex 25.0607 -1.06066 11.55
    endloop
  endfacet
  facet normal 0 0 1
    outer loop
      vertex 18.4195 17.3588 11.55
      vertex 36.4822 23.6918 11.55
      vertex 35.1922 25.5687 11.55
    endloop
  endfacet
  facet normal 0 0 1
    outer loop
      vertex 41.371 -13.4422 11.55
      vertex 24.75 -1.29904 11.55
      vertex 40.6107 -15.589 11.55
    endloop
  endfacet
  facet normal 0 0 1
    outer loop
      vertex 18.4195 17.3588 11.55
      vertex 35.1922 25.5687 11.55
      vertex 33.8058 27.3754 11.55
    endloop
  endfacet
  facet normal 0 0 1
    outer loop
      vertex 40.6107 -15.589 11.55
      vertex 24.75 -1.29904 11.55
      vertex 39.7392 -17.693 11.55
    endloop
  endfacet
  facet normal 0 0 1
    outer loop
      vertex 18.2696 17.7206 11.55
      vertex 33.8058 27.3754 11.55
      vertex 32.3268 29.1072 11.55
    endloop
  endfacet
  facet normal 0 0 1
    outer loop
      vertex 18.4706 -16.9706 11.55
      vertex 24.75 -1.29904 11.55
      vertex 24.3882 -1.44889 11.55
    endloop
  endfacet
  facet normal 0 0 1
    outer loop
      vertex 18.0312 18.0312 11.55
      vertex 32.3268 29.1072 11.55
      vertex 30.7591 30.7591 11.55
    endloop
  endfacet
  facet normal 0 0 1
    outer loop
      vertex 24.75 -1.29904 11.55
      vertex 18.4706 -16.9706 11.55
      vertex 39.7392 -17.693 11.55
    endloop
  endfacet
  facet normal 0 0 1
    outer loop
      vertex 18.0312 18.0312 11.55
      vertex 30.7591 30.7591 11.55
      vertex 29.1072 32.3268 11.55
    endloop
  endfacet
  facet normal 0 0 1
    outer loop
      vertex 39.7392 -17.693 11.55
      vertex 18.4706 -16.9706 11.55
      vertex 38.7588 -19.7486 11.55
    endloop
  endfacet
  facet normal 0 0 1
    outer loop
      vertex 17.7206 18.2696 11.55
      vertex 29.1072 32.3268 11.55
      vertex 27.3754 33.8058 11.55
    endloop
  endfacet
  facet normal 0 0 1
    outer loop
      vertex 18.4706 -16.9706 11.55
      vertex 24.3882 -1.44889 11.55
      vertex 24 -1.5 11.55
    endloop
  endfacet
  facet normal 0 0 1
    outer loop
      vertex 17.3588 18.4195 11.55
      vertex 27.3754 33.8058 11.55
      vertex 25.5687 35.1922 11.55
    endloop
  endfacet
  facet normal 0 0 1
    outer loop
      vertex 38.7588 -19.7486 11.55
      vertex 18.4706 -16.9706 11.55
      vertex 37.6721 -21.75 11.55
    endloop
  endfacet
  facet normal 0 0 1
    outer loop
      vertex 37.6721 -21.75 11.55
      vertex 18.4706 -16.9706 11.55
      vertex 36.4822 -23.6918 11.55
    endloop
  endfacet
  facet normal 0 0 1
    outer loop
      vertex 43.4404 2.27661 11.55
      vertex 25.4489 0.388228 11.55
      vertex 25.5 0 11.55
    endloop
  endfacet
  facet normal 0 0 1
    outer loop
      vertex 43.2617 4.54699 11.55
      vertex 25.299 0.75 11.55
      vertex 25.4489 0.388228 11.55
    endloop
  endfacet
  facet normal 0 0 1
    outer loop
      vertex 42.5494 9.04416 11.55
      vertex 25.0607 1.06066 11.55
      vertex 25.299 0.75 11.55
    endloop
  endfacet
  facet normal 0 0 1
    outer loop
      vertex 38.7588 19.7486 11.55
      vertex 18.4195 16.5823 11.55
      vertex 39.7392 17.693 11.55
    endloop
  endfacet
  facet normal 0 0 1
    outer loop
      vertex 41.371 13.4422 11.55
      vertex 24.75 1.29904 11.55
      vertex 25.0607 1.06066 11.55
    endloop
  endfacet
  facet normal 0 0 1
    outer loop
      vertex 39.7392 17.693 11.55
      vertex 18.4195 16.5823 11.55
      vertex 24.75 1.29904 11.55
    endloop
  endfacet
  facet normal 0 0 1
    outer loop
      vertex 17.3588 18.4195 11.55
      vertex 25.5687 35.1922 11.55
      vertex 23.6918 36.4822 11.55
    endloop
  endfacet
  facet normal 0 0 1
    outer loop
      vertex 24.75 1.29904 11.55
      vertex 18.4195 16.5823 11.55
      vertex 24.3882 1.44889 11.55
    endloop
  endfacet
  facet normal -0 0 1
    outer loop
      vertex 18.2696 16.2206 11.55
      vertex 24.3882 1.44889 11.55
      vertex 18.4195 16.5823 11.55
    endloop
  endfacet
  facet normal 0 0 1
    outer loop
      vertex 24.3882 1.44889 11.55
      vertex 18.2696 16.2206 11.55
      vertex 24 1.5 11.55
    endloop
  endfacet
  facet normal -0 0 1
    outer loop
      vertex 18.0312 15.9099 11.55
      vertex 24 1.5 11.55
      vertex 18.2696 16.2206 11.55
    endloop
  endfacet
  facet normal 0 0 1
    outer loop
      vertex 24 1.5 11.55
      vertex 18.0312 15.9099 11.55
      vertex 23.6118 1.44889 11.55
    endloop
  endfacet
  facet normal -0 0 1
    outer loop
      vertex 17.7206 15.6715 11.55
      vertex 23.6118 1.44889 11.55
      vertex 18.0312 15.9099 11.55
    endloop
  endfacet
  facet normal 0 0 1
    outer loop
      vertex 16.9706 18.4706 11.55
      vertex 23.6918 36.4822 11.55
      vertex 21.75 37.6721 11.55
    endloop
  endfacet
  facet normal -0 0 1
    outer loop
      vertex 18.4195 -17.3588 11.55
      vertex 36.4822 -23.6918 11.55
      vertex 18.4706 -16.9706 11.55
    endloop
  endfacet
  facet normal 0 0 1
    outer loop
      vertex 18.4706 -16.9706 11.55
      vertex 24 -1.5 11.55
      vertex 23.6118 -1.44889 11.55
    endloop
  endfacet
  facet normal 0 0 1
    outer loop
      vertex 36.4822 -23.6918 11.55
      vertex 18.4195 -17.3588 11.55
      vertex 35.1922 -25.5687 11.55
    endloop
  endfacet
  facet normal 0 0 1
    outer loop
      vertex 35.1922 -25.5687 11.55
      vertex 18.4195 -17.3588 11.55
      vertex 33.8058 -27.3754 11.55
    endloop
  endfacet
  facet normal -0 0 1
    outer loop
      vertex 18.2696 -17.7206 11.55
      vertex 33.8058 -27.3754 11.55
      vertex 18.4195 -17.3588 11.55
    endloop
  endfacet
  facet normal 0 0 1
    outer loop
      vertex 18.4706 -16.9706 11.55
      vertex 23.6118 -1.44889 11.55
      vertex 23.25 -1.29904 11.55
    endloop
  endfacet
  facet normal 0 0 1
    outer loop
      vertex 33.8058 -27.3754 11.55
      vertex 18.2696 -17.7206 11.55
      vertex 32.3268 -29.1072 11.55
    endloop
  endfacet
  facet normal -0 0 1
    outer loop
      vertex 18.0312 -18.0312 11.55
      vertex 32.3268 -29.1072 11.55
      vertex 18.2696 -17.7206 11.55
    endloop
  endfacet
  facet normal 0 0 1
    outer loop
      vertex 32.3268 -29.1072 11.55
      vertex 18.0312 -18.0312 11.55
      vertex 30.7591 -30.7591 11.55
    endloop
  endfacet
  facet normal 0 0 1
    outer loop
      vertex 18.4706 -16.9706 11.55
      vertex 23.25 -1.29904 11.55
      vertex 22.9393 -1.06066 11.55
    endloop
  endfacet
  facet normal 0 0 1
    outer loop
      vertex 18.4706 -16.9706 11.55
      vertex 22.9393 -1.06066 11.55
      vertex 22.701 -0.75 11.55
    endloop
  endfacet
  facet normal 0 0 1
    outer loop
      vertex 18.4706 -16.9706 11.55
      vertex 22.701 -0.75 11.55
      vertex 22.5511 -0.388228 11.55
    endloop
  endfacet
  facet normal 0 0 1
    outer loop
      vertex 18.4706 -16.9706 11.55
      vertex 22.5511 -0.388228 11.55
      vertex 22.5 0 11.55
    endloop
  endfacet
  facet normal 0 0 1
    outer loop
      vertex 30.7591 -30.7591 11.55
      vertex 18.0312 -18.0312 11.55
      vertex 29.1072 -32.3268 11.55
    endloop
  endfacet
  facet normal 0 0 1
    outer loop
      vertex 23.6118 1.44889 11.55
      vertex 17.7206 15.6715 11.55
      vertex 23.25 1.29904 11.55
    endloop
  endfacet
  facet normal 0 0 1
    outer loop
      vertex 16.9706 18.4706 11.55
      vertex 21.75 37.6721 11.55
      vertex 19.7486 38.7588 11.55
    endloop
  endfacet
  facet normal -0 0 1
    outer loop
      vertex 17.3588 15.5217 11.55
      vertex 23.25 1.29904 11.55
      vertex 17.7206 15.6715 11.55
    endloop
  endfacet
  facet normal -0 0 1
    outer loop
      vertex 17.7206 -18.2696 11.55
      vertex 29.1072 -32.3268 11.55
      vertex 18.0312 -18.0312 11.55
    endloop
  endfacet
  facet normal 0 0 1
    outer loop
      vertex 36.4822 23.6918 11.55
      vertex 18.4195 17.3588 11.55
      vertex 18.4706 16.9706 11.55
    endloop
  endfacet
  facet normal 0 0 1
    outer loop
      vertex 33.8058 27.3754 11.55
      vertex 18.2696 17.7206 11.55
      vertex 18.4195 17.3588 11.55
    endloop
  endfacet
  facet normal 0 0 1
    outer loop
      vertex 32.3268 29.1072 11.55
      vertex 18.0312 18.0312 11.55
      vertex 18.2696 17.7206 11.55
    endloop
  endfacet
  facet normal 0 0 1
    outer loop
      vertex 29.1072 32.3268 11.55
      vertex 17.7206 18.2696 11.55
      vertex 18.0312 18.0312 11.55
    endloop
  endfacet
  facet normal 0 0 1
    outer loop
      vertex 16.5823 18.4195 11.55
      vertex 19.7486 38.7588 11.55
      vertex 17.693 39.7392 11.55
    endloop
  endfacet
  facet normal 0 0 1
    outer loop
      vertex 27.3754 33.8058 11.55
      vertex 17.3588 18.4195 11.55
      vertex 17.7206 18.2696 11.55
    endloop
  endfacet
  facet normal 0 0 1
    outer loop
      vertex 23.6918 36.4822 11.55
      vertex 16.9706 18.4706 11.55
      vertex 17.3588 18.4195 11.55
    endloop
  endfacet
  facet normal 0 0 1
    outer loop
      vertex 19.7486 38.7588 11.55
      vertex 16.5823 18.4195 11.55
      vertex 16.9706 18.4706 11.55
    endloop
  endfacet
  facet normal 0 0 1
    outer loop
      vertex 15.589 40.6107 11.55
      vertex 16.5823 18.4195 11.55
      vertex 17.693 39.7392 11.55
    endloop
  endfacet
  facet normal 0 0 1
    outer loop
      vertex 16.5823 18.4195 11.55
      vertex 15.589 40.6107 11.55
      vertex 16.2206 18.2696 11.55
    endloop
  endfacet
  facet normal 0 0 1
    outer loop
      vertex 13.4422 41.371 11.55
      vertex 16.2206 18.2696 11.55
      vertex 15.589 40.6107 11.55
    endloop
  endfacet
  facet normal 0 0 1
    outer loop
      vertex 16.2206 18.2696 11.55
      vertex 13.4422 41.371 11.55
      vertex 15.9099 18.0312 11.55
    endloop
  endfacet
  facet normal 0 0 1
    outer loop
      vertex 15.9099 18.0312 11.55
      vertex 13.4422 41.371 11.55
      vertex 15.6715 17.7206 11.55
    endloop
  endfacet
  facet normal 0 0 1
    outer loop
      vertex 15.6715 17.7206 11.55
      vertex 13.4422 41.371 11.55
      vertex 15.5217 17.3588 11.55
    endloop
  endfacet
  facet normal 0 0 1
    outer loop
      vertex 15.5217 17.3588 11.55
      vertex 6.84703 1.45538 11.55
      vertex 15.4706 16.9706 11.55
    endloop
  endfacet
  facet normal 0 0 1
    outer loop
      vertex 6.84703 1.45538 11.55
      vertex 15.5217 17.3588 11.55
      vertex 13.4422 41.371 11.55
    endloop
  endfacet
  facet normal -0.942631 0.333837 0
    outer loop
      vertex -41.371 13.4422 9.55
      vertex -40.6107 15.589 11.55
      vertex -40.6107 15.589 9.55
    endloop
  endfacet
  facet normal -0.942631 0.333837 0
    outer loop
      vertex -40.6107 15.589 11.55
      vertex -41.371 13.4422 9.55
      vertex -41.371 13.4422 11.55
    endloop
  endfacet
  facet normal 0.333837 0.942631 -0
    outer loop
      vertex 15.589 40.6107 9.55
      vertex 13.4422 41.371 11.55
      vertex 15.589 40.6107 11.55
    endloop
  endfacet
  facet normal 0.333837 0.942631 0
    outer loop
      vertex 13.4422 41.371 11.55
      vertex 15.589 40.6107 9.55
      vertex 13.4422 41.371 9.55
    endloop
  endfacet
  facet normal 0.477168 0.878812 -0
    outer loop
      vertex 21.75 37.6721 9.55
      vertex 19.7486 38.7588 11.55
      vertex 21.75 37.6721 11.55
    endloop
  endfacet
  facet normal 0.477168 0.878812 0
    outer loop
      vertex 19.7486 38.7588 11.55
      vertex 21.75 37.6721 9.55
      vertex 19.7486 38.7588 9.55
    endloop
  endfacet
  facet normal -0.972374 -0.233429 0
    outer loop
      vertex -42.0178 -11.2586 9.55
      vertex -42.5494 -9.04416 11.55
      vertex -42.5494 -9.04416 9.55
    endloop
  endfacet
  facet normal -0.972374 -0.233429 0
    outer loop
      vertex -42.5494 -9.04416 11.55
      vertex -42.0178 -11.2586 9.55
      vertex -42.0178 -11.2586 11.55
    endloop
  endfacet
  facet normal 0.0261703 0.999657 -0
    outer loop
      vertex 2.27661 43.4404 9.55
      vertex 0 43.5 11.55
      vertex 2.27661 43.4404 11.55
    endloop
  endfacet
  facet normal 0.0261703 0.999657 0
    outer loop
      vertex 0 43.5 11.55
      vertex 2.27661 43.4404 9.55
      vertex 0 43.5 9.55
    endloop
  endfacet
  facet normal 0.942631 0.333837 0
    outer loop
      vertex 41.371 13.4422 11.55
      vertex 40.6107 15.589 9.55
      vertex 40.6107 15.589 11.55
    endloop
  endfacet
  facet normal 0.942631 0.333837 0
    outer loop
      vertex 40.6107 15.589 9.55
      vertex 41.371 13.4422 11.55
      vertex 41.371 13.4422 9.55
    endloop
  endfacet
  facet normal 0.824118 0.566419 0
    outer loop
      vertex 36.4822 23.6918 11.55
      vertex 35.1922 25.5687 9.55
      vertex 35.1922 25.5687 11.55
    endloop
  endfacet
  facet normal 0.824118 0.566419 0
    outer loop
      vertex 35.1922 25.5687 9.55
      vertex 36.4822 23.6918 11.55
      vertex 36.4822 23.6918 9.55
    endloop
  endfacet
  facet normal -0.999657 0.0261703 0
    outer loop
      vertex -43.5 0 9.55
      vertex -43.4404 2.27661 11.55
      vertex -43.4404 2.27661 9.55
    endloop
  endfacet
  facet normal -0.999657 0.0261703 0
    outer loop
      vertex -43.4404 2.27661 11.55
      vertex -43.5 0 9.55
      vertex -43.5 0 11.55
    endloop
  endfacet
  facet normal -0.182226 -0.983257 0
    outer loop
      vertex -9.04416 -42.5494 9.55
      vertex -6.8049 -42.9644 11.55
      vertex -9.04416 -42.5494 11.55
    endloop
  endfacet
  facet normal -0.182226 -0.983257 -0
    outer loop
      vertex -6.8049 -42.9644 11.55
      vertex -9.04416 -42.5494 9.55
      vertex -6.8049 -42.9644 9.55
    endloop
  endfacet
  facet normal -0.958821 -0.284011 0
    outer loop
      vertex -41.371 -13.4422 9.55
      vertex -42.0178 -11.2586 11.55
      vertex -42.0178 -11.2586 9.55
    endloop
  endfacet
  facet normal -0.958821 -0.284011 0
    outer loop
      vertex -42.0178 -11.2586 11.55
      vertex -41.371 -13.4422 9.55
      vertex -41.371 -13.4422 11.55
    endloop
  endfacet
  facet normal -0.382681 -0.92388 0
    outer loop
      vertex -17.693 -39.7392 9.55
      vertex -15.589 -40.6107 11.55
      vertex -17.693 -39.7392 11.55
    endloop
  endfacet
  facet normal -0.382681 -0.92388 -0
    outer loop
      vertex -15.589 -40.6107 11.55
      vertex -17.693 -39.7392 9.55
      vertex -15.589 -40.6107 9.55
    endloop
  endfacet
  facet normal -0.725351 -0.688379 0
    outer loop
      vertex -30.7591 -30.7591 9.55
      vertex -32.3268 -29.1072 11.55
      vertex -32.3268 -29.1072 9.55
    endloop
  endfacet
  facet normal -0.725351 -0.688379 0
    outer loop
      vertex -32.3268 -29.1072 11.55
      vertex -30.7591 -30.7591 9.55
      vertex -30.7591 -30.7591 11.55
    endloop
  endfacet
  facet normal -0.430486 0.902597 0
    outer loop
      vertex -17.693 39.7392 9.55
      vertex -19.7486 38.7588 11.55
      vertex -17.693 39.7392 11.55
    endloop
  endfacet
  facet normal -0.430486 0.902597 0
    outer loop
      vertex -19.7486 38.7588 11.55
      vertex -17.693 39.7392 9.55
      vertex -19.7486 38.7588 9.55
    endloop
  endfacet
  facet normal 0.902597 -0.430486 0
    outer loop
      vertex 38.7588 -19.7486 11.55
      vertex 39.7392 -17.693 9.55
      vertex 39.7392 -17.693 11.55
    endloop
  endfacet
  facet normal 0.902597 -0.430486 0
    outer loop
      vertex 39.7392 -17.693 9.55
      vertex 38.7588 -19.7486 11.55
      vertex 38.7588 -19.7486 9.55
    endloop
  endfacet
  facet normal 0.878812 -0.477168 0
    outer loop
      vertex 37.6721 -21.75 11.55
      vertex 38.7588 -19.7486 9.55
      vertex 38.7588 -19.7486 11.55
    endloop
  endfacet
  facet normal 0.878812 -0.477168 0
    outer loop
      vertex 38.7588 -19.7486 9.55
      vertex 37.6721 -21.75 11.55
      vertex 37.6721 -21.75 9.55
    endloop
  endfacet
  facet normal -0.477168 -0.878812 0
    outer loop
      vertex -21.75 -37.6721 9.55
      vertex -19.7486 -38.7588 11.55
      vertex -21.75 -37.6721 11.55
    endloop
  endfacet
  facet normal -0.477168 -0.878812 -0
    outer loop
      vertex -19.7486 -38.7588 11.55
      vertex -21.75 -37.6721 9.55
      vertex -19.7486 -38.7588 9.55
    endloop
  endfacet
  facet normal 0.130544 -0.991443 0
    outer loop
      vertex 4.54699 -43.2617 9.55
      vertex 6.8049 -42.9644 11.55
      vertex 4.54699 -43.2617 11.55
    endloop
  endfacet
  facet normal 0.130544 -0.991443 0
    outer loop
      vertex 6.8049 -42.9644 11.55
      vertex 4.54699 -43.2617 9.55
      vertex 6.8049 -42.9644 9.55
    endloop
  endfacet
  facet normal -0.233429 0.972374 0
    outer loop
      vertex -9.04416 42.5494 9.55
      vertex -11.2586 42.0178 11.55
      vertex -9.04416 42.5494 11.55
    endloop
  endfacet
  facet normal -0.233429 0.972374 0
    outer loop
      vertex -11.2586 42.0178 11.55
      vertex -9.04416 42.5494 9.55
      vertex -11.2586 42.0178 9.55
    endloop
  endfacet
  facet normal -0.972374 0.233429 0
    outer loop
      vertex -42.5494 9.04416 9.55
      vertex -42.0178 11.2586 11.55
      vertex -42.0178 11.2586 9.55
    endloop
  endfacet
  facet normal -0.972374 0.233429 0
    outer loop
      vertex -42.0178 11.2586 11.55
      vertex -42.5494 9.04416 9.55
      vertex -42.5494 9.04416 11.55
    endloop
  endfacet
  facet normal -0.983257 -0.182226 0
    outer loop
      vertex -42.5494 -9.04416 9.55
      vertex -42.9644 -6.8049 11.55
      vertex -42.9644 -6.8049 9.55
    endloop
  endfacet
  facet normal -0.983257 -0.182226 0
    outer loop
      vertex -42.9644 -6.8049 11.55
      vertex -42.5494 -9.04416 9.55
      vertex -42.5494 -9.04416 11.55
    endloop
  endfacet
  facet normal 0.477168 -0.878812 0
    outer loop
      vertex 19.7486 -38.7588 9.55
      vertex 21.75 -37.6721 11.55
      vertex 19.7486 -38.7588 11.55
    endloop
  endfacet
  facet normal 0.477168 -0.878812 0
    outer loop
      vertex 21.75 -37.6721 11.55
      vertex 19.7486 -38.7588 9.55
      vertex 21.75 -37.6721 9.55
    endloop
  endfacet
  facet normal 0.382681 0.92388 -0
    outer loop
      vertex 17.693 39.7392 9.55
      vertex 15.589 40.6107 11.55
      vertex 17.693 39.7392 11.55
    endloop
  endfacet
  facet normal 0.382681 0.92388 0
    outer loop
      vertex 15.589 40.6107 11.55
      vertex 17.693 39.7392 9.55
      vertex 15.589 40.6107 9.55
    endloop
  endfacet
  facet normal -0.608781 -0.793338 0
    outer loop
      vertex -27.3754 -33.8058 9.55
      vertex -25.5687 -35.1922 11.55
      vertex -27.3754 -33.8058 11.55
    endloop
  endfacet
  facet normal -0.608781 -0.793338 -0
    outer loop
      vertex -25.5687 -35.1922 11.55
      vertex -27.3754 -33.8058 9.55
      vertex -25.5687 -35.1922 9.55
    endloop
  endfacet
  facet normal 0.760427 0.649423 0
    outer loop
      vertex 33.8058 27.3754 11.55
      vertex 32.3268 29.1072 9.55
      vertex 32.3268 29.1072 11.55
    endloop
  endfacet
  facet normal 0.760427 0.649423 0
    outer loop
      vertex 32.3268 29.1072 9.55
      vertex 33.8058 27.3754 11.55
      vertex 33.8058 27.3754 9.55
    endloop
  endfacet
  facet normal -0.130544 -0.991443 0
    outer loop
      vertex -6.8049 -42.9644 9.55
      vertex -4.54699 -43.2617 11.55
      vertex -6.8049 -42.9644 11.55
    endloop
  endfacet
  facet normal -0.130544 -0.991443 -0
    outer loop
      vertex -4.54699 -43.2617 11.55
      vertex -6.8049 -42.9644 9.55
      vertex -4.54699 -43.2617 9.55
    endloop
  endfacet
  facet normal -0.566419 -0.824118 0
    outer loop
      vertex -25.5687 -35.1922 9.55
      vertex -23.6918 -36.4822 11.55
      vertex -25.5687 -35.1922 11.55
    endloop
  endfacet
  facet normal -0.566419 -0.824118 -0
    outer loop
      vertex -23.6918 -36.4822 11.55
      vertex -25.5687 -35.1922 9.55
      vertex -23.6918 -36.4822 9.55
    endloop
  endfacet
  facet normal -0.824118 0.566419 0
    outer loop
      vertex -36.4822 23.6918 9.55
      vertex -35.1922 25.5687 11.55
      vertex -35.1922 25.5687 9.55
    endloop
  endfacet
  facet normal -0.824118 0.566419 0
    outer loop
      vertex -35.1922 25.5687 11.55
      vertex -36.4822 23.6918 9.55
      vertex -36.4822 23.6918 11.55
    endloop
  endfacet
  facet normal -0.284011 -0.958821 0
    outer loop
      vertex -13.4422 -41.371 9.55
      vertex -11.2586 -42.0178 11.55
      vertex -13.4422 -41.371 11.55
    endloop
  endfacet
  facet normal -0.284011 -0.958821 -0
    outer loop
      vertex -11.2586 -42.0178 11.55
      vertex -13.4422 -41.371 9.55
      vertex -11.2586 -42.0178 9.55
    endloop
  endfacet
  facet normal -0.725351 0.688379 0
    outer loop
      vertex -32.3268 29.1072 9.55
      vertex -30.7591 30.7591 11.55
      vertex -30.7591 30.7591 9.55
    endloop
  endfacet
  facet normal -0.725351 0.688379 0
    outer loop
      vertex -30.7591 30.7591 11.55
      vertex -32.3268 29.1072 9.55
      vertex -32.3268 29.1072 11.55
    endloop
  endfacet
  facet normal -0.902597 -0.430486 0
    outer loop
      vertex -38.7588 -19.7486 9.55
      vertex -39.7392 -17.693 11.55
      vertex -39.7392 -17.693 9.55
    endloop
  endfacet
  facet normal -0.902597 -0.430486 0
    outer loop
      vertex -39.7392 -17.693 11.55
      vertex -38.7588 -19.7486 9.55
      vertex -38.7588 -19.7486 11.55
    endloop
  endfacet
  facet normal 0.0784666 0.996917 -0
    outer loop
      vertex 4.54699 43.2617 9.55
      vertex 2.27661 43.4404 11.55
      vertex 4.54699 43.2617 11.55
    endloop
  endfacet
  facet normal 0.0784666 0.996917 0
    outer loop
      vertex 2.27661 43.4404 11.55
      vertex 4.54699 43.2617 9.55
      vertex 2.27661 43.4404 9.55
    endloop
  endfacet
  facet normal -0.878812 0.477168 0
    outer loop
      vertex -38.7588 19.7486 9.55
      vertex -37.6721 21.75 11.55
      vertex -37.6721 21.75 9.55
    endloop
  endfacet
  facet normal -0.878812 0.477168 0
    outer loop
      vertex -37.6721 21.75 11.55
      vertex -38.7588 19.7486 9.55
      vertex -38.7588 19.7486 11.55
    endloop
  endfacet
  facet normal -0.522487 -0.852647 0
    outer loop
      vertex -23.6918 -36.4822 9.55
      vertex -21.75 -37.6721 11.55
      vertex -23.6918 -36.4822 11.55
    endloop
  endfacet
  facet normal -0.522487 -0.852647 -0
    outer loop
      vertex -21.75 -37.6721 11.55
      vertex -23.6918 -36.4822 9.55
      vertex -21.75 -37.6721 9.55
    endloop
  endfacet
  facet normal -0.284011 0.958821 0
    outer loop
      vertex -11.2586 42.0178 9.55
      vertex -13.4422 41.371 11.55
      vertex -11.2586 42.0178 11.55
    endloop
  endfacet
  facet normal -0.284011 0.958821 0
    outer loop
      vertex -13.4422 41.371 11.55
      vertex -11.2586 42.0178 9.55
      vertex -13.4422 41.371 9.55
    endloop
  endfacet
  facet normal -0.688379 -0.725351 0
    outer loop
      vertex -30.7591 -30.7591 9.55
      vertex -29.1072 -32.3268 11.55
      vertex -30.7591 -30.7591 11.55
    endloop
  endfacet
  facet normal -0.688379 -0.725351 -0
    outer loop
      vertex -29.1072 -32.3268 11.55
      vertex -30.7591 -30.7591 9.55
      vertex -29.1072 -32.3268 9.55
    endloop
  endfacet
  facet normal -0.991443 0.130544 0
    outer loop
      vertex -43.2617 4.54699 9.55
      vertex -42.9644 6.8049 11.55
      vertex -42.9644 6.8049 9.55
    endloop
  endfacet
  facet normal -0.991443 0.130544 0
    outer loop
      vertex -42.9644 6.8049 11.55
      vertex -43.2617 4.54699 9.55
      vertex -43.2617 4.54699 11.55
    endloop
  endfacet
  facet normal -0.852647 0.522487 0
    outer loop
      vertex -37.6721 21.75 9.55
      vertex -36.4822 23.6918 11.55
      vertex -36.4822 23.6918 9.55
    endloop
  endfacet
  facet normal -0.852647 0.522487 0
    outer loop
      vertex -36.4822 23.6918 11.55
      vertex -37.6721 21.75 9.55
      vertex -37.6721 21.75 11.55
    endloop
  endfacet
  facet normal 0.233429 0.972374 -0
    outer loop
      vertex 11.2586 42.0178 9.55
      vertex 9.04416 42.5494 11.55
      vertex 11.2586 42.0178 11.55
    endloop
  endfacet
  facet normal 0.233429 0.972374 0
    outer loop
      vertex 9.04416 42.5494 11.55
      vertex 11.2586 42.0178 9.55
      vertex 9.04416 42.5494 9.55
    endloop
  endfacet
  facet normal 0.333837 -0.942631 0
    outer loop
      vertex 13.4422 -41.371 9.55
      vertex 15.589 -40.6107 11.55
      vertex 13.4422 -41.371 11.55
    endloop
  endfacet
  facet normal 0.333837 -0.942631 0
    outer loop
      vertex 15.589 -40.6107 11.55
      vertex 13.4422 -41.371 9.55
      vertex 15.589 -40.6107 9.55
    endloop
  endfacet
  facet normal 0.382681 -0.92388 0
    outer loop
      vertex 15.589 -40.6107 9.55
      vertex 17.693 -39.7392 11.55
      vertex 15.589 -40.6107 11.55
    endloop
  endfacet
  facet normal 0.382681 -0.92388 0
    outer loop
      vertex 17.693 -39.7392 11.55
      vertex 15.589 -40.6107 9.55
      vertex 17.693 -39.7392 9.55
    endloop
  endfacet
  facet normal 0.688379 -0.725351 0
    outer loop
      vertex 29.1072 -32.3268 9.55
      vertex 30.7591 -30.7591 11.55
      vertex 29.1072 -32.3268 11.55
    endloop
  endfacet
  facet normal 0.688379 -0.725351 0
    outer loop
      vertex 30.7591 -30.7591 11.55
      vertex 29.1072 -32.3268 9.55
      vertex 30.7591 -30.7591 9.55
    endloop
  endfacet
  facet normal 0.649423 -0.760427 0
    outer loop
      vertex 27.3754 -33.8058 9.55
      vertex 29.1072 -32.3268 11.55
      vertex 27.3754 -33.8058 11.55
    endloop
  endfacet
  facet normal 0.649423 -0.760427 0
    outer loop
      vertex 29.1072 -32.3268 11.55
      vertex 27.3754 -33.8058 9.55
      vertex 29.1072 -32.3268 9.55
    endloop
  endfacet
  facet normal 0.284011 0.958821 -0
    outer loop
      vertex 13.4422 41.371 9.55
      vertex 11.2586 42.0178 11.55
      vertex 13.4422 41.371 11.55
    endloop
  endfacet
  facet normal 0.284011 0.958821 0
    outer loop
      vertex 11.2586 42.0178 11.55
      vertex 13.4422 41.371 9.55
      vertex 11.2586 42.0178 9.55
    endloop
  endfacet
  facet normal -0.477168 0.878812 0
    outer loop
      vertex -19.7486 38.7588 9.55
      vertex -21.75 37.6721 11.55
      vertex -19.7486 38.7588 11.55
    endloop
  endfacet
  facet normal -0.477168 0.878812 0
    outer loop
      vertex -21.75 37.6721 11.55
      vertex -19.7486 38.7588 9.55
      vertex -21.75 37.6721 9.55
    endloop
  endfacet
  facet normal 0.991943 0.0259662 0.123993
    outer loop
      vertex 6.99041 0.366351 11.55
      vertex 6 0 19.55
      vertex 7 0 11.55
    endloop
  endfacet
  facet normal 0.281808 0.951425 0.123993
    outer loop
      vertex 2.16312 6.6574 11.55
      vertex 1.81173 6.76148 11.55
      vertex 1.8541 5.70634 19.55
    endloop
  endfacet
  facet normal 0.964859 0.231675 0.123994
    outer loop
      vertex 6.76148 1.81173 11.55
      vertex 5.79555 1.55291 19.55
      vertex 5.86889 1.24747 19.55
    endloop
  endfacet
  facet normal -0.0259662 0.991943 0.123993
    outer loop
      vertex 0 6 19.55
      vertex -0.366351 6.99041 11.55
      vertex -0.314015 5.99178 19.55
    endloop
  endfacet
  facet normal 0.895623 -0.427183 0.123993
    outer loop
      vertex 5.48127 -2.44042 19.55
      vertex 5.34604 -2.72394 19.55
      vertex 6.23705 -3.17793 11.55
    endloop
  endfacet
  facet normal 0.473477 -0.872035 0.123993
    outer loop
      vertex 3.5 -6.06218 11.55
      vertex 2.72394 -5.34604 19.55
      vertex 3.17793 -6.23705 11.55
    endloop
  endfacet
  facet normal 0.719778 0.683041 0.123992
    outer loop
      vertex 5.20201 4.68391 11.55
      vertex 4.24264 4.24264 19.55
      vertex 4.45887 4.01478 19.55
    endloop
  endfacet
  facet normal -0.754534 0.644442 0.123992
    outer loop
      vertex -5.20201 4.68391 11.55
      vertex -5.44002 4.40524 11.55
      vertex -4.66288 3.77592 19.55
    endloop
  endfacet
  facet normal -0.895619 0.427191 0.123994
    outer loop
      vertex -6.23705 3.17793 11.55
      vertex -6.39482 2.84716 11.55
      vertex -5.48127 2.44042 19.55
    endloop
  endfacet
  facet normal 0.0259662 0.991943 0.123993
    outer loop
      vertex 0.366351 6.99041 11.55
      vertex 0 6 19.55
      vertex 0.314015 5.99178 19.55
    endloop
  endfacet
  facet normal 0.129506 0.983796 0.123993
    outer loop
      vertex 0.731699 6.96165 11.55
      vertex 0.627171 5.96713 19.55
      vertex 1.09504 6.91382 11.55
    endloop
  endfacet
  facet normal -0.644442 0.754534 0.123992
    outer loop
      vertex -4.40524 5.44002 11.55
      vertex -4.68391 5.20201 11.55
      vertex -3.77592 4.66288 19.55
    endloop
  endfacet
  facet normal 0.683024 -0.719794 0.123993
    outer loop
      vertex 4.94975 -4.94975 11.55
      vertex 4.24264 -4.24264 19.55
      vertex 4.68391 -5.20201 11.55
    endloop
  endfacet
  facet normal 0.231639 0.964868 0.123992
    outer loop
      vertex 1.45538 6.84703 11.55
      vertex 1.24747 5.86889 19.55
      vertex 1.81173 6.76148 11.55
    endloop
  endfacet
  facet normal 0.180842 0.975665 0.123992
    outer loop
      vertex 1.45538 6.84703 11.55
      vertex 1.09504 6.91382 11.55
      vertex 1.24747 5.86889 19.55
    endloop
  endfacet
  facet normal 0.817778 0.562018 0.123993
    outer loop
      vertex 5.66312 4.1145 11.55
      vertex 4.8541 3.52671 19.55
      vertex 5.87069 3.81247 11.55
    endloop
  endfacet
  facet normal 0.281805 0.951426 0.123993
    outer loop
      vertex 1.81173 6.76148 11.55
      vertex 1.55291 5.79555 19.55
      vertex 1.8541 5.70634 19.55
    endloop
  endfacet
  facet normal 0.683024 0.719794 0.123993
    outer loop
      vertex 4.68391 5.20201 11.55
      vertex 4.24264 4.24264 19.55
      vertex 4.94975 4.94975 11.55
    endloop
  endfacet
  facet normal -0.231639 -0.964868 0.123992
    outer loop
      vertex -1.24747 -5.86889 19.55
      vertex -1.81173 -6.76148 11.55
      vertex -1.45538 -6.84703 11.55
    endloop
  endfacet
  facet normal 0.787221 0.604076 0.123993
    outer loop
      vertex 5.44002 4.40524 11.55
      vertex 4.8541 3.52671 19.55
      vertex 5.66312 4.1145 11.55
    endloop
  endfacet
  facet normal 0.846051 0.518483 0.123993
    outer loop
      vertex 5.87069 3.81247 11.55
      vertex 5.03202 3.26783 19.55
      vertex 6.06218 3.5 11.55
    endloop
  endfacet
  facet normal 0.983796 -0.129506 0.123993
    outer loop
      vertex 6.96165 -0.731699 11.55
      vertex 5.96713 -0.627171 19.55
      vertex 6.91382 -1.09504 11.55
    endloop
  endfacet
  facet normal -0.180815 0.97567 0.123993
    outer loop
      vertex -1.09504 6.91382 11.55
      vertex -1.24747 5.86889 19.55
      vertex -0.938606 5.92613 19.55
    endloop
  endfacet
  facet normal -0.754531 -0.644444 0.123992
    outer loop
      vertex -4.66288 -3.77592 19.55
      vertex -5.20201 -4.68391 11.55
      vertex -4.45887 -4.01478 19.55
    endloop
  endfacet
  facet normal -0.0778711 0.989223 0.123993
    outer loop
      vertex -0.366351 6.99041 11.55
      vertex -0.731699 6.96165 11.55
      vertex -0.314015 5.99178 19.55
    endloop
  endfacet
  facet normal 0.975665 -0.180842 0.123992
    outer loop
      vertex 6.91382 -1.09504 11.55
      vertex 5.86889 -1.24747 19.55
      vertex 6.84703 -1.45538 11.55
    endloop
  endfacet
  facet normal 0.719794 0.683024 0.123993
    outer loop
      vertex 4.94975 4.94975 11.55
      vertex 4.24264 4.24264 19.55
      vertex 5.20201 4.68391 11.55
    endloop
  endfacet
  facet normal -0.518475 -0.846055 0.123993
    outer loop
      vertex -3.26783 -5.03202 19.55
      vertex -3.5 -6.06218 11.55
      vertex -3 -5.19615 19.55
    endloop
  endfacet
  facet normal -0.975665 0.180842 0.123992
    outer loop
      vertex -6.84703 1.45538 11.55
      vertex -6.91382 1.09504 11.55
      vertex -5.86889 1.24747 19.55
    endloop
  endfacet
  facet normal -0.379733 0.916749 0.123993
    outer loop
      vertex -2.15021 5.60148 19.55
      vertex -2.50858 6.53506 11.55
      vertex -2.44042 5.48127 19.55
    endloop
  endfacet
  facet normal -0.983796 0.129506 0.123993
    outer loop
      vertex -6.91382 1.09504 11.55
      vertex -6.96165 0.731699 11.55
      vertex -5.96713 0.627171 19.55
    endloop
  endfacet
  facet normal 0.916754 0.37972 0.123994
    outer loop
      vertex 6.39482 2.84716 11.55
      vertex 5.48127 2.44042 19.55
      vertex 6.53506 2.50858 11.55
    endloop
  endfacet
  facet normal -0.754534 -0.644442 0.123992
    outer loop
      vertex -4.66288 -3.77592 19.55
      vertex -5.44002 -4.40524 11.55
      vertex -5.20201 -4.68391 11.55
    endloop
  endfacet
  facet normal 0.129515 0.983794 0.123993
    outer loop
      vertex 1.09504 6.91382 11.55
      vertex 0.627171 5.96713 19.55
      vertex 0.938606 5.92613 19.55
    endloop
  endfacet
  facet normal 0.935365 0.331236 0.123993
    outer loop
      vertex 6.6574 2.16312 11.55
      vertex 5.60148 2.15021 19.55
      vertex 5.70634 1.8541 19.55
    endloop
  endfacet
  facet normal 0.964868 0.231639 0.123992
    outer loop
      vertex 6.76148 1.81173 11.55
      vertex 5.86889 1.24747 19.55
      vertex 6.84703 1.45538 11.55
    endloop
  endfacet
  facet normal -0.951425 -0.281808 0.123993
    outer loop
      vertex -5.70634 -1.8541 19.55
      vertex -6.76148 -1.81173 11.55
      vertex -6.6574 -2.16312 11.55
    endloop
  endfacet
  facet normal -0.518483 0.846051 0.123993
    outer loop
      vertex -3.5 6.06218 11.55
      vertex -3.81247 5.87069 11.55
      vertex -3.26783 5.03202 19.55
    endloop
  endfacet
  facet normal -0.989223 0.0778665 0.123993
    outer loop
      vertex -5.96713 0.627171 19.55
      vertex -6.96165 0.731699 11.55
      vertex -5.99178 0.314015 19.55
    endloop
  endfacet
  facet normal 0.754534 0.644442 0.123992
    outer loop
      vertex 5.20201 4.68391 11.55
      vertex 4.66288 3.77592 19.55
      vertex 5.44002 4.40524 11.55
    endloop
  endfacet
  facet normal 0.518475 -0.846055 0.123993
    outer loop
      vertex 3.26783 -5.03202 19.55
      vertex 3 -5.19615 19.55
      vertex 3.5 -6.06218 11.55
    endloop
  endfacet
  facet normal -0.991943 -0.0259662 0.123993
    outer loop
      vertex -6 0 19.55
      vertex -6.99041 -0.366351 11.55
      vertex -5.99178 -0.314015 19.55
    endloop
  endfacet
  facet normal -0.231639 0.964868 0.123992
    outer loop
      vertex -1.45538 6.84703 11.55
      vertex -1.81173 6.76148 11.55
      vertex -1.24747 5.86889 19.55
    endloop
  endfacet
  facet normal 0.916749 -0.379733 0.123993
    outer loop
      vertex 5.60148 -2.15021 19.55
      vertex 5.48127 -2.44042 19.55
      vertex 6.53506 -2.50858 11.55
    endloop
  endfacet
  facet normal -0.846055 0.518475 0.123993
    outer loop
      vertex -5.03202 3.26783 19.55
      vertex -6.06218 3.5 11.55
      vertex -5.19615 3 19.55
    endloop
  endfacet
  facet normal 0.754534 -0.644442 0.123992
    outer loop
      vertex 5.44002 -4.40524 11.55
      vertex 4.66288 -3.77592 19.55
      vertex 5.20201 -4.68391 11.55
    endloop
  endfacet
  facet normal -0.604076 -0.787221 0.123993
    outer loop
      vertex -3.52671 -4.8541 19.55
      vertex -4.40524 -5.44002 11.55
      vertex -4.1145 -5.66312 11.55
    endloop
  endfacet
  facet normal -0.935362 0.331246 0.123993
    outer loop
      vertex -6.53506 2.50858 11.55
      vertex -6.6574 2.16312 11.55
      vertex -5.60148 2.15021 19.55
    endloop
  endfacet
  facet normal 0.331246 0.935362 0.123993
    outer loop
      vertex 2.16312 6.6574 11.55
      vertex 2.15021 5.60148 19.55
      vertex 2.50858 6.53506 11.55
    endloop
  endfacet
  facet normal 0.281808 -0.951425 0.123993
    outer loop
      vertex 1.8541 -5.70634 19.55
      vertex 1.81173 -6.76148 11.55
      vertex 2.16312 -6.6574 11.55
    endloop
  endfacet
  facet normal -0.964859 -0.231675 0.123994
    outer loop
      vertex -5.86889 -1.24747 19.55
      vertex -6.76148 -1.81173 11.55
      vertex -5.79555 -1.55291 19.55
    endloop
  endfacet
  facet normal -0.951426 -0.281805 0.123993
    outer loop
      vertex -5.79555 -1.55291 19.55
      vertex -6.76148 -1.81173 11.55
      vertex -5.70634 -1.8541 19.55
    endloop
  endfacet
  facet normal -0.787221 0.604076 0.123993
    outer loop
      vertex -5.44002 4.40524 11.55
      vertex -5.66312 4.1145 11.55
      vertex -4.8541 3.52671 19.55
    endloop
  endfacet
  facet normal 0.473477 0.872035 0.123993
    outer loop
      vertex 3.17793 6.23705 11.55
      vertex 2.72394 5.34604 19.55
      vertex 3.5 6.06218 11.55
    endloop
  endfacet
  facet normal -0.846055 -0.518475 0.123993
    outer loop
      vertex -5.19615 -3 19.55
      vertex -6.06218 -3.5 11.55
      vertex -5.03202 -3.26783 19.55
    endloop
  endfacet
  facet normal -0.787221 -0.604076 0.123993
    outer loop
      vertex -4.8541 -3.52671 19.55
      vertex -5.66312 -4.1145 11.55
      vertex -5.44002 -4.40524 11.55
    endloop
  endfacet
  facet normal -0.281805 -0.951426 0.123993
    outer loop
      vertex -1.55291 -5.79555 19.55
      vertex -1.8541 -5.70634 19.55
      vertex -1.81173 -6.76148 11.55
    endloop
  endfacet
  facet normal -0.991943 0.0259662 0.123993
    outer loop
      vertex -6.99041 0.366351 11.55
      vertex -7 0 11.55
      vertex -6 0 19.55
    endloop
  endfacet
  facet normal 0.895623 0.427183 0.123993
    outer loop
      vertex 6.23705 3.17793 11.55
      vertex 5.34604 2.72394 19.55
      vertex 5.48127 2.44042 19.55
    endloop
  endfacet
  facet normal 0.989223 0.0778711 0.123993
    outer loop
      vertex 6.96165 0.731699 11.55
      vertex 5.99178 0.314015 19.55
      vertex 6.99041 0.366351 11.55
    endloop
  endfacet
  facet normal 0.331246 -0.935362 0.123993
    outer loop
      vertex 2.50858 -6.53506 11.55
      vertex 2.15021 -5.60148 19.55
      vertex 2.16312 -6.6574 11.55
    endloop
  endfacet
  facet normal 0.129515 -0.983794 0.123993
    outer loop
      vertex 0.938606 -5.92613 19.55
      vertex 0.627171 -5.96713 19.55
      vertex 1.09504 -6.91382 11.55
    endloop
  endfacet
  facet normal 0.935362 -0.331246 0.123993
    outer loop
      vertex 6.6574 -2.16312 11.55
      vertex 5.60148 -2.15021 19.55
      vertex 6.53506 -2.50858 11.55
    endloop
  endfacet
  facet normal -0.604053 0.78724 0.123992
    outer loop
      vertex -3.52671 4.8541 19.55
      vertex -4.40524 5.44002 11.55
      vertex -3.77592 4.66288 19.55
    endloop
  endfacet
  facet normal 0.473481 -0.872033 0.123993
    outer loop
      vertex 3 -5.19615 19.55
      vertex 2.72394 -5.34604 19.55
      vertex 3.5 -6.06218 11.55
    endloop
  endfacet
  facet normal 0.991943 -0.0259662 0.123993
    outer loop
      vertex 7 0 11.55
      vertex 6 0 19.55
      vertex 6.99041 -0.366351 11.55
    endloop
  endfacet
  facet normal 0.872035 0.473477 0.123993
    outer loop
      vertex 6.06218 3.5 11.55
      vertex 5.34604 2.72394 19.55
      vertex 6.23705 3.17793 11.55
    endloop
  endfacet
  facet normal 0.787221 -0.604076 0.123993
    outer loop
      vertex 5.66312 -4.1145 11.55
      vertex 4.8541 -3.52671 19.55
      vertex 5.44002 -4.40524 11.55
    endloop
  endfacet
  facet normal 0.983796 0.129506 0.123993
    outer loop
      vertex 6.91382 1.09504 11.55
      vertex 5.96713 0.627171 19.55
      vertex 6.96165 0.731699 11.55
    endloop
  endfacet
  facet normal 0.872033 0.473481 0.123993
    outer loop
      vertex 6.06218 3.5 11.55
      vertex 5.19615 3 19.55
      vertex 5.34604 2.72394 19.55
    endloop
  endfacet
  facet normal -0.281808 0.951425 0.123993
    outer loop
      vertex -1.81173 6.76148 11.55
      vertex -2.16312 6.6574 11.55
      vertex -1.8541 5.70634 19.55
    endloop
  endfacet
  facet normal 0.935362 0.331246 0.123993
    outer loop
      vertex 6.53506 2.50858 11.55
      vertex 5.60148 2.15021 19.55
      vertex 6.6574 2.16312 11.55
    endloop
  endfacet
  facet normal -0.935362 -0.331246 0.123993
    outer loop
      vertex -5.60148 -2.15021 19.55
      vertex -6.6574 -2.16312 11.55
      vertex -6.53506 -2.50858 11.55
    endloop
  endfacet
  facet normal 0.872035 -0.473477 0.123993
    outer loop
      vertex 6.23705 -3.17793 11.55
      vertex 5.34604 -2.72394 19.55
      vertex 6.06218 -3.5 11.55
    endloop
  endfacet
  facet normal -0.644444 0.754531 0.123992
    outer loop
      vertex -3.77592 4.66288 19.55
      vertex -4.68391 5.20201 11.55
      vertex -4.01478 4.45887 19.55
    endloop
  endfacet
  facet normal 0.129506 -0.983796 0.123993
    outer loop
      vertex 1.09504 -6.91382 11.55
      vertex 0.627171 -5.96713 19.55
      vertex 0.731699 -6.96165 11.55
    endloop
  endfacet
  facet normal -0.719794 0.683024 0.123993
    outer loop
      vertex -4.94975 4.94975 11.55
      vertex -5.20201 4.68391 11.55
      vertex -4.24264 4.24264 19.55
    endloop
  endfacet
  facet normal 0.0259662 0.991943 0.123993
    outer loop
      vertex 0 7 11.55
      vertex 0 6 19.55
      vertex 0.366351 6.99041 11.55
    endloop
  endfacet
  facet normal -0.473481 0.872033 0.123993
    outer loop
      vertex -2.72394 5.34604 19.55
      vertex -3.5 6.06218 11.55
      vertex -3 5.19615 19.55
    endloop
  endfacet
  facet normal 0.951425 0.281808 0.123993
    outer loop
      vertex 6.6574 2.16312 11.55
      vertex 5.70634 1.8541 19.55
      vertex 6.76148 1.81173 11.55
    endloop
  endfacet
  facet normal 0.975665 0.180842 0.123992
    outer loop
      vertex 6.84703 1.45538 11.55
      vertex 5.86889 1.24747 19.55
      vertex 6.91382 1.09504 11.55
    endloop
  endfacet
  facet normal -0.951426 0.281805 0.123993
    outer loop
      vertex -5.70634 1.8541 19.55
      vertex -6.76148 1.81173 11.55
      vertex -5.79555 1.55291 19.55
    endloop
  endfacet
  facet normal 0.562028 0.817771 0.123993
    outer loop
      vertex 3.81247 5.87069 11.55
      vertex 3.26783 5.03202 19.55
      vertex 3.52671 4.8541 19.55
    endloop
  endfacet
  facet normal -0.129506 0.983796 0.123993
    outer loop
      vertex -0.731699 6.96165 11.55
      vertex -1.09504 6.91382 11.55
      vertex -0.627171 5.96713 19.55
    endloop
  endfacet
  facet normal -0.683024 0.719794 0.123993
    outer loop
      vertex -4.68391 5.20201 11.55
      vertex -4.94975 4.94975 11.55
      vertex -4.24264 4.24264 19.55
    endloop
  endfacet
  facet normal 0.78724 0.604053 0.123992
    outer loop
      vertex 5.44002 4.40524 11.55
      vertex 4.66288 3.77592 19.55
      vertex 4.8541 3.52671 19.55
    endloop
  endfacet
  facet normal -0.604053 -0.78724 0.123992
    outer loop
      vertex -3.77592 -4.66288 19.55
      vertex -4.40524 -5.44002 11.55
      vertex -3.52671 -4.8541 19.55
    endloop
  endfacet
  facet normal -0.0778665 0.989223 0.123993
    outer loop
      vertex -0.314015 5.99178 19.55
      vertex -0.731699 6.96165 11.55
      vertex -0.627171 5.96713 19.55
    endloop
  endfacet
  facet normal 0.895619 0.427191 0.123994
    outer loop
      vertex 6.23705 3.17793 11.55
      vertex 5.48127 2.44042 19.55
      vertex 6.39482 2.84716 11.55
    endloop
  endfacet
  facet normal -0.989223 0.0778711 0.123993
    outer loop
      vertex -6.96165 0.731699 11.55
      vertex -6.99041 0.366351 11.55
      vertex -5.99178 0.314015 19.55
    endloop
  endfacet
  facet normal -0.951425 0.281808 0.123993
    outer loop
      vertex -6.6574 2.16312 11.55
      vertex -6.76148 1.81173 11.55
      vertex -5.70634 1.8541 19.55
    endloop
  endfacet
  facet normal 0.951426 0.281805 0.123993
    outer loop
      vertex 6.76148 1.81173 11.55
      vertex 5.70634 1.8541 19.55
      vertex 5.79555 1.55291 19.55
    endloop
  endfacet
  facet normal 0.331236 0.935365 0.123993
    outer loop
      vertex 2.16312 6.6574 11.55
      vertex 1.8541 5.70634 19.55
      vertex 2.15021 5.60148 19.55
    endloop
  endfacet
  facet normal -0.989223 -0.0778665 0.123993
    outer loop
      vertex -5.99178 -0.314015 19.55
      vertex -6.96165 -0.731699 11.55
      vertex -5.96713 -0.627171 19.55
    endloop
  endfacet
  facet normal 0.518475 0.846055 0.123993
    outer loop
      vertex 3.5 6.06218 11.55
      vertex 3 5.19615 19.55
      vertex 3.26783 5.03202 19.55
    endloop
  endfacet
  facet normal -0.683024 -0.719794 0.123993
    outer loop
      vertex -4.24264 -4.24264 19.55
      vertex -4.94975 -4.94975 11.55
      vertex -4.68391 -5.20201 11.55
    endloop
  endfacet
  facet normal -0.97567 0.180815 0.123993
    outer loop
      vertex -5.86889 1.24747 19.55
      vertex -6.91382 1.09504 11.55
      vertex -5.92613 0.938606 19.55
    endloop
  endfacet
  facet normal 0.754531 0.644444 0.123992
    outer loop
      vertex 5.20201 4.68391 11.55
      vertex 4.45887 4.01478 19.55
      vertex 4.66288 3.77592 19.55
    endloop
  endfacet
  facet normal -0.518475 0.846055 0.123993
    outer loop
      vertex -3 5.19615 19.55
      vertex -3.5 6.06218 11.55
      vertex -3.26783 5.03202 19.55
    endloop
  endfacet
  facet normal -0.129506 -0.983796 0.123993
    outer loop
      vertex -0.627171 -5.96713 19.55
      vertex -1.09504 -6.91382 11.55
      vertex -0.731699 -6.96165 11.55
    endloop
  endfacet
  facet normal 0.473481 0.872033 0.123993
    outer loop
      vertex 3.5 6.06218 11.55
      vertex 2.72394 5.34604 19.55
      vertex 3 5.19615 19.55
    endloop
  endfacet
  facet normal -0.719778 -0.683041 0.123992
    outer loop
      vertex -4.45887 -4.01478 19.55
      vertex -5.20201 -4.68391 11.55
      vertex -4.24264 -4.24264 19.55
    endloop
  endfacet
  facet normal 0.846055 -0.518475 0.123993
    outer loop
      vertex 5.19615 -3 19.55
      vertex 5.03202 -3.26783 19.55
      vertex 6.06218 -3.5 11.55
    endloop
  endfacet
  facet normal -0.331246 0.935362 0.123993
    outer loop
      vertex -2.16312 6.6574 11.55
      vertex -2.50858 6.53506 11.55
      vertex -2.15021 5.60148 19.55
    endloop
  endfacet
  facet normal -0.0259662 -0.991943 0.123993
    outer loop
      vertex 0 -6 19.55
      vertex -0.366351 -6.99041 11.55
      vertex 0 -7 11.55
    endloop
  endfacet
  facet normal -0.379733 -0.916749 0.123993
    outer loop
      vertex -2.44042 -5.48127 19.55
      vertex -2.50858 -6.53506 11.55
      vertex -2.15021 -5.60148 19.55
    endloop
  endfacet
  facet normal 0 0 1
    outer loop
      vertex 5.99178 0.314015 19.55
      vertex 5.99178 -0.314015 19.55
      vertex 6 0 19.55
    endloop
  endfacet
  facet normal 0 0 1
    outer loop
      vertex 5.96713 0.627171 19.55
      vertex 5.99178 -0.314015 19.55
      vertex 5.99178 0.314015 19.55
    endloop
  endfacet
  facet normal 0 0 1
    outer loop
      vertex 5.96713 0.627171 19.55
      vertex 5.96713 -0.627171 19.55
      vertex 5.99178 -0.314015 19.55
    endloop
  endfacet
  facet normal 0 0 1
    outer loop
      vertex 5.92613 0.938606 19.55
      vertex 5.96713 -0.627171 19.55
      vertex 5.96713 0.627171 19.55
    endloop
  endfacet
  facet normal 0 0 1
    outer loop
      vertex 5.92613 0.938606 19.55
      vertex 5.92613 -0.938606 19.55
      vertex 5.96713 -0.627171 19.55
    endloop
  endfacet
  facet normal 0 0 1
    outer loop
      vertex 5.86889 1.24747 19.55
      vertex 5.92613 -0.938606 19.55
      vertex 5.92613 0.938606 19.55
    endloop
  endfacet
  facet normal 0 0 1
    outer loop
      vertex 5.86889 1.24747 19.55
      vertex 5.86889 -1.24747 19.55
      vertex 5.92613 -0.938606 19.55
    endloop
  endfacet
  facet normal 0 0 1
    outer loop
      vertex 5.79555 1.55291 19.55
      vertex 5.86889 -1.24747 19.55
      vertex 5.86889 1.24747 19.55
    endloop
  endfacet
  facet normal 0 0 1
    outer loop
      vertex 5.79555 1.55291 19.55
      vertex 5.79555 -1.55291 19.55
      vertex 5.86889 -1.24747 19.55
    endloop
  endfacet
  facet normal 0 0 1
    outer loop
      vertex 5.70634 1.8541 19.55
      vertex 5.79555 -1.55291 19.55
      vertex 5.79555 1.55291 19.55
    endloop
  endfacet
  facet normal 0 0 1
    outer loop
      vertex 5.70634 1.8541 19.55
      vertex 5.70634 -1.8541 19.55
      vertex 5.79555 -1.55291 19.55
    endloop
  endfacet
  facet normal 0 0 1
    outer loop
      vertex 5.60148 2.15021 19.55
      vertex 5.70634 -1.8541 19.55
      vertex 5.70634 1.8541 19.55
    endloop
  endfacet
  facet normal 0 0 1
    outer loop
      vertex 5.60148 2.15021 19.55
      vertex 5.60148 -2.15021 19.55
      vertex 5.70634 -1.8541 19.55
    endloop
  endfacet
  facet normal 0 0 1
    outer loop
      vertex 5.48127 2.44042 19.55
      vertex 5.60148 -2.15021 19.55
      vertex 5.60148 2.15021 19.55
    endloop
  endfacet
  facet normal 0 0 1
    outer loop
      vertex 5.48127 2.44042 19.55
      vertex 5.48127 -2.44042 19.55
      vertex 5.60148 -2.15021 19.55
    endloop
  endfacet
  facet normal 0 0 1
    outer loop
      vertex 5.34604 2.72394 19.55
      vertex 5.48127 -2.44042 19.55
      vertex 5.48127 2.44042 19.55
    endloop
  endfacet
  facet normal 0 0 1
    outer loop
      vertex 5.34604 2.72394 19.55
      vertex 5.34604 -2.72394 19.55
      vertex 5.48127 -2.44042 19.55
    endloop
  endfacet
  facet normal 0 0 1
    outer loop
      vertex 5.19615 3 19.55
      vertex 5.34604 -2.72394 19.55
      vertex 5.34604 2.72394 19.55
    endloop
  endfacet
  facet normal 0 0 1
    outer loop
      vertex 5.19615 3 19.55
      vertex 5.19615 -3 19.55
      vertex 5.34604 -2.72394 19.55
    endloop
  endfacet
  facet normal 0 0 1
    outer loop
      vertex 5.03202 3.26783 19.55
      vertex 5.19615 -3 19.55
      vertex 5.19615 3 19.55
    endloop
  endfacet
  facet normal 0 0 1
    outer loop
      vertex 5.03202 3.26783 19.55
      vertex 5.03202 -3.26783 19.55
      vertex 5.19615 -3 19.55
    endloop
  endfacet
  facet normal 0 0 1
    outer loop
      vertex 4.8541 3.52671 19.55
      vertex 5.03202 -3.26783 19.55
      vertex 5.03202 3.26783 19.55
    endloop
  endfacet
  facet normal 0 0 1
    outer loop
      vertex 4.8541 3.52671 19.55
      vertex 4.8541 -3.52671 19.55
      vertex 5.03202 -3.26783 19.55
    endloop
  endfacet
  facet normal 0 0 1
    outer loop
      vertex 4.66288 3.77592 19.55
      vertex 4.8541 -3.52671 19.55
      vertex 4.8541 3.52671 19.55
    endloop
  endfacet
  facet normal 0 0 1
    outer loop
      vertex 4.66288 3.77592 19.55
      vertex 4.66288 -3.77592 19.55
      vertex 4.8541 -3.52671 19.55
    endloop
  endfacet
  facet normal 0 0 1
    outer loop
      vertex 4.45887 4.01478 19.55
      vertex 4.66288 -3.77592 19.55
      vertex 4.66288 3.77592 19.55
    endloop
  endfacet
  facet normal 0 0 1
    outer loop
      vertex 4.45887 4.01478 19.55
      vertex 4.45887 -4.01478 19.55
      vertex 4.66288 -3.77592 19.55
    endloop
  endfacet
  facet normal 0 0 1
    outer loop
      vertex 4.24264 4.24264 19.55
      vertex 4.45887 -4.01478 19.55
      vertex 4.45887 4.01478 19.55
    endloop
  endfacet
  facet normal 0 0 1
    outer loop
      vertex 4.24264 4.24264 19.55
      vertex 4.24264 -4.24264 19.55
      vertex 4.45887 -4.01478 19.55
    endloop
  endfacet
  facet normal 0 0 1
    outer loop
      vertex 4.01478 4.45887 19.55
      vertex 4.24264 -4.24264 19.55
      vertex 4.24264 4.24264 19.55
    endloop
  endfacet
  facet normal 0 0 1
    outer loop
      vertex 4.01478 4.45887 19.55
      vertex 4.01478 -4.45887 19.55
      vertex 4.24264 -4.24264 19.55
    endloop
  endfacet
  facet normal 0 0 1
    outer loop
      vertex 3.77592 4.66288 19.55
      vertex 4.01478 -4.45887 19.55
      vertex 4.01478 4.45887 19.55
    endloop
  endfacet
  facet normal 0 0 1
    outer loop
      vertex 3.77592 4.66288 19.55
      vertex 3.77592 -4.66288 19.55
      vertex 4.01478 -4.45887 19.55
    endloop
  endfacet
  facet normal 0 0 1
    outer loop
      vertex 3.52671 4.8541 19.55
      vertex 3.77592 -4.66288 19.55
      vertex 3.77592 4.66288 19.55
    endloop
  endfacet
  facet normal 0 0 1
    outer loop
      vertex 3.52671 4.8541 19.55
      vertex 3.52671 -4.8541 19.55
      vertex 3.77592 -4.66288 19.55
    endloop
  endfacet
  facet normal 0 0 1
    outer loop
      vertex 3.26783 5.03202 19.55
      vertex 3.52671 -4.8541 19.55
      vertex 3.52671 4.8541 19.55
    endloop
  endfacet
  facet normal 0 0 1
    outer loop
      vertex 3.26783 5.03202 19.55
      vertex 3.26783 -5.03202 19.55
      vertex 3.52671 -4.8541 19.55
    endloop
  endfacet
  facet normal 0 0 1
    outer loop
      vertex 3 5.19615 19.55
      vertex 3.26783 -5.03202 19.55
      vertex 3.26783 5.03202 19.55
    endloop
  endfacet
  facet normal 0 0 1
    outer loop
      vertex 3 5.19615 19.55
      vertex 3 -5.19615 19.55
      vertex 3.26783 -5.03202 19.55
    endloop
  endfacet
  facet normal 0 0 1
    outer loop
      vertex 2.72394 5.34604 19.55
      vertex 3 -5.19615 19.55
      vertex 3 5.19615 19.55
    endloop
  endfacet
  facet normal 0 0 1
    outer loop
      vertex 2.72394 5.34604 19.55
      vertex 2.72394 -5.34604 19.55
      vertex 3 -5.19615 19.55
    endloop
  endfacet
  facet normal 0 0 1
    outer loop
      vertex 2.44042 5.48127 19.55
      vertex 2.72394 -5.34604 19.55
      vertex 2.72394 5.34604 19.55
    endloop
  endfacet
  facet normal 0 0 1
    outer loop
      vertex 2.44042 5.48127 19.55
      vertex 2.44042 -5.48127 19.55
      vertex 2.72394 -5.34604 19.55
    endloop
  endfacet
  facet normal 0 0 1
    outer loop
      vertex 2.15021 5.60148 19.55
      vertex 2.44042 -5.48127 19.55
      vertex 2.44042 5.48127 19.55
    endloop
  endfacet
  facet normal 0 0 1
    outer loop
      vertex 2.15021 5.60148 19.55
      vertex 2.15021 -5.60148 19.55
      vertex 2.44042 -5.48127 19.55
    endloop
  endfacet
  facet normal 0 0 1
    outer loop
      vertex 1.8541 5.70634 19.55
      vertex 2.15021 -5.60148 19.55
      vertex 2.15021 5.60148 19.55
    endloop
  endfacet
  facet normal 0 0 1
    outer loop
      vertex 1.8541 5.70634 19.55
      vertex 1.8541 -5.70634 19.55
      vertex 2.15021 -5.60148 19.55
    endloop
  endfacet
  facet normal 0 0 1
    outer loop
      vertex 1.55291 5.79555 19.55
      vertex 1.8541 -5.70634 19.55
      vertex 1.8541 5.70634 19.55
    endloop
  endfacet
  facet normal 0 0 1
    outer loop
      vertex 1.55291 5.79555 19.55
      vertex 1.55291 -5.79555 19.55
      vertex 1.8541 -5.70634 19.55
    endloop
  endfacet
  facet normal 0 0 1
    outer loop
      vertex 1.24747 5.86889 19.55
      vertex 1.55291 -5.79555 19.55
      vertex 1.55291 5.79555 19.55
    endloop
  endfacet
  facet normal 0 0 1
    outer loop
      vertex 1.24747 5.86889 19.55
      vertex 1.24747 -5.86889 19.55
      vertex 1.55291 -5.79555 19.55
    endloop
  endfacet
  facet normal 0 0 1
    outer loop
      vertex 0.938606 5.92613 19.55
      vertex 1.24747 -5.86889 19.55
      vertex 1.24747 5.86889 19.55
    endloop
  endfacet
  facet normal 0 0 1
    outer loop
      vertex 0.938606 5.92613 19.55
      vertex 0.938606 -5.92613 19.55
      vertex 1.24747 -5.86889 19.55
    endloop
  endfacet
  facet normal 0 0 1
    outer loop
      vertex 0.627171 5.96713 19.55
      vertex 0.938606 -5.92613 19.55
      vertex 0.938606 5.92613 19.55
    endloop
  endfacet
  facet normal 0 0 1
    outer loop
      vertex 0.627171 5.96713 19.55
      vertex 0.627171 -5.96713 19.55
      vertex 0.938606 -5.92613 19.55
    endloop
  endfacet
  facet normal 0 0 1
    outer loop
      vertex 0.314015 5.99178 19.55
      vertex 0.627171 -5.96713 19.55
      vertex 0.627171 5.96713 19.55
    endloop
  endfacet
  facet normal 0 0 1
    outer loop
      vertex 0.314015 5.99178 19.55
      vertex 0.314015 -5.99178 19.55
      vertex 0.627171 -5.96713 19.55
    endloop
  endfacet
  facet normal 0 0 1
    outer loop
      vertex 0 6 19.55
      vertex 0.314015 -5.99178 19.55
      vertex 0.314015 5.99178 19.55
    endloop
  endfacet
  facet normal 0 0 1
    outer loop
      vertex 0 6 19.55
      vertex 0 -6 19.55
      vertex 0.314015 -5.99178 19.55
    endloop
  endfacet
  facet normal -0 0 1
    outer loop
      vertex -0.314015 5.99178 19.55
      vertex 0 -6 19.55
      vertex 0 6 19.55
    endloop
  endfacet
  facet normal 0 0 1
    outer loop
      vertex -0.314015 5.99178 19.55
      vertex -0.314015 -5.99178 19.55
      vertex 0 -6 19.55
    endloop
  endfacet
  facet normal -0 0 1
    outer loop
      vertex -0.627171 5.96713 19.55
      vertex -0.314015 -5.99178 19.55
      vertex -0.314015 5.99178 19.55
    endloop
  endfacet
  facet normal 0 0 1
    outer loop
      vertex -0.627171 5.96713 19.55
      vertex -0.627171 -5.96713 19.55
      vertex -0.314015 -5.99178 19.55
    endloop
  endfacet
  facet normal -0 0 1
    outer loop
      vertex -0.938606 5.92613 19.55
      vertex -0.627171 -5.96713 19.55
      vertex -0.627171 5.96713 19.55
    endloop
  endfacet
  facet normal 0 0 1
    outer loop
      vertex -0.938606 5.92613 19.55
      vertex -0.938606 -5.92613 19.55
      vertex -0.627171 -5.96713 19.55
    endloop
  endfacet
  facet normal -0 0 1
    outer loop
      vertex -1.24747 5.86889 19.55
      vertex -0.938606 -5.92613 19.55
      vertex -0.938606 5.92613 19.55
    endloop
  endfacet
  facet normal 0 0 1
    outer loop
      vertex -1.24747 5.86889 19.55
      vertex -1.24747 -5.86889 19.55
      vertex -0.938606 -5.92613 19.55
    endloop
  endfacet
  facet normal -0 0 1
    outer loop
      vertex -1.55291 5.79555 19.55
      vertex -1.24747 -5.86889 19.55
      vertex -1.24747 5.86889 19.55
    endloop
  endfacet
  facet normal 0 0 1
    outer loop
      vertex -1.55291 5.79555 19.55
      vertex -1.55291 -5.79555 19.55
      vertex -1.24747 -5.86889 19.55
    endloop
  endfacet
  facet normal -0 0 1
    outer loop
      vertex -1.8541 5.70634 19.55
      vertex -1.55291 -5.79555 19.55
      vertex -1.55291 5.79555 19.55
    endloop
  endfacet
  facet normal 0 0 1
    outer loop
      vertex -1.8541 5.70634 19.55
      vertex -1.8541 -5.70634 19.55
      vertex -1.55291 -5.79555 19.55
    endloop
  endfacet
  facet normal -0 0 1
    outer loop
      vertex -2.15021 5.60148 19.55
      vertex -1.8541 -5.70634 19.55
      vertex -1.8541 5.70634 19.55
    endloop
  endfacet
  facet normal 0 0 1
    outer loop
      vertex -2.15021 5.60148 19.55
      vertex -2.15021 -5.60148 19.55
      vertex -1.8541 -5.70634 19.55
    endloop
  endfacet
  facet normal -0 0 1
    outer loop
      vertex -2.44042 5.48127 19.55
      vertex -2.15021 -5.60148 19.55
      vertex -2.15021 5.60148 19.55
    endloop
  endfacet
  facet normal 0 0 1
    outer loop
      vertex -2.44042 5.48127 19.55
      vertex -2.44042 -5.48127 19.55
      vertex -2.15021 -5.60148 19.55
    endloop
  endfacet
  facet normal -0 0 1
    outer loop
      vertex -2.72394 5.34604 19.55
      vertex -2.44042 -5.48127 19.55
      vertex -2.44042 5.48127 19.55
    endloop
  endfacet
  facet normal 0 0 1
    outer loop
      vertex -2.72394 5.34604 19.55
      vertex -2.72394 -5.34604 19.55
      vertex -2.44042 -5.48127 19.55
    endloop
  endfacet
  facet normal -0 0 1
    outer loop
      vertex -3 5.19615 19.55
      vertex -2.72394 -5.34604 19.55
      vertex -2.72394 5.34604 19.55
    endloop
  endfacet
  facet normal 0 0 1
    outer loop
      vertex -3 5.19615 19.55
      vertex -3 -5.19615 19.55
      vertex -2.72394 -5.34604 19.55
    endloop
  endfacet
  facet normal -0 0 1
    outer loop
      vertex -3.26783 5.03202 19.55
      vertex -3 -5.19615 19.55
      vertex -3 5.19615 19.55
    endloop
  endfacet
  facet normal 0 0 1
    outer loop
      vertex -3.26783 5.03202 19.55
      vertex -3.26783 -5.03202 19.55
      vertex -3 -5.19615 19.55
    endloop
  endfacet
  facet normal -0 0 1
    outer loop
      vertex -3.52671 4.8541 19.55
      vertex -3.26783 -5.03202 19.55
      vertex -3.26783 5.03202 19.55
    endloop
  endfacet
  facet normal 0 0 1
    outer loop
      vertex -3.52671 4.8541 19.55
      vertex -3.52671 -4.8541 19.55
      vertex -3.26783 -5.03202 19.55
    endloop
  endfacet
  facet normal -0 0 1
    outer loop
      vertex -3.77592 4.66288 19.55
      vertex -3.52671 -4.8541 19.55
      vertex -3.52671 4.8541 19.55
    endloop
  endfacet
  facet normal 0 0 1
    outer loop
      vertex -3.77592 4.66288 19.55
      vertex -3.77592 -4.66288 19.55
      vertex -3.52671 -4.8541 19.55
    endloop
  endfacet
  facet normal -0 0 1
    outer loop
      vertex -4.01478 4.45887 19.55
      vertex -3.77592 -4.66288 19.55
      vertex -3.77592 4.66288 19.55
    endloop
  endfacet
  facet normal 0 0 1
    outer loop
      vertex -4.01478 4.45887 19.55
      vertex -4.01478 -4.45887 19.55
      vertex -3.77592 -4.66288 19.55
    endloop
  endfacet
  facet normal -0 0 1
    outer loop
      vertex -4.24264 4.24264 19.55
      vertex -4.01478 -4.45887 19.55
      vertex -4.01478 4.45887 19.55
    endloop
  endfacet
  facet normal 0 0 1
    outer loop
      vertex -4.24264 4.24264 19.55
      vertex -4.24264 -4.24264 19.55
      vertex -4.01478 -4.45887 19.55
    endloop
  endfacet
  facet normal -0 0 1
    outer loop
      vertex -4.45887 4.01478 19.55
      vertex -4.24264 -4.24264 19.55
      vertex -4.24264 4.24264 19.55
    endloop
  endfacet
  facet normal 0 0 1
    outer loop
      vertex -4.45887 4.01478 19.55
      vertex -4.45887 -4.01478 19.55
      vertex -4.24264 -4.24264 19.55
    endloop
  endfacet
  facet normal -0 0 1
    outer loop
      vertex -4.66288 3.77592 19.55
      vertex -4.45887 -4.01478 19.55
      vertex -4.45887 4.01478 19.55
    endloop
  endfacet
  facet normal 0 0 1
    outer loop
      vertex -4.66288 3.77592 19.55
      vertex -4.66288 -3.77592 19.55
      vertex -4.45887 -4.01478 19.55
    endloop
  endfacet
  facet normal -0 0 1
    outer loop
      vertex -4.8541 3.52671 19.55
      vertex -4.66288 -3.77592 19.55
      vertex -4.66288 3.77592 19.55
    endloop
  endfacet
  facet normal 0 0 1
    outer loop
      vertex -4.8541 3.52671 19.55
      vertex -4.8541 -3.52671 19.55
      vertex -4.66288 -3.77592 19.55
    endloop
  endfacet
  facet normal -0 0 1
    outer loop
      vertex -5.03202 3.26783 19.55
      vertex -4.8541 -3.52671 19.55
      vertex -4.8541 3.52671 19.55
    endloop
  endfacet
  facet normal 0 0 1
    outer loop
      vertex -5.03202 3.26783 19.55
      vertex -5.03202 -3.26783 19.55
      vertex -4.8541 -3.52671 19.55
    endloop
  endfacet
  facet normal -0 0 1
    outer loop
      vertex -5.19615 3 19.55
      vertex -5.03202 -3.26783 19.55
      vertex -5.03202 3.26783 19.55
    endloop
  endfacet
  facet normal 0 0 1
    outer loop
      vertex -5.19615 3 19.55
      vertex -5.19615 -3 19.55
      vertex -5.03202 -3.26783 19.55
    endloop
  endfacet
  facet normal -0 0 1
    outer loop
      vertex -5.34604 2.72394 19.55
      vertex -5.19615 -3 19.55
      vertex -5.19615 3 19.55
    endloop
  endfacet
  facet normal 0 0 1
    outer loop
      vertex -5.34604 2.72394 19.55
      vertex -5.34604 -2.72394 19.55
      vertex -5.19615 -3 19.55
    endloop
  endfacet
  facet normal -0 0 1
    outer loop
      vertex -5.48127 2.44042 19.55
      vertex -5.34604 -2.72394 19.55
      vertex -5.34604 2.72394 19.55
    endloop
  endfacet
  facet normal 0 0 1
    outer loop
      vertex -5.48127 2.44042 19.55
      vertex -5.48127 -2.44042 19.55
      vertex -5.34604 -2.72394 19.55
    endloop
  endfacet
  facet normal -0 0 1
    outer loop
      vertex -5.60148 2.15021 19.55
      vertex -5.48127 -2.44042 19.55
      vertex -5.48127 2.44042 19.55
    endloop
  endfacet
  facet normal 0 0 1
    outer loop
      vertex -5.60148 2.15021 19.55
      vertex -5.60148 -2.15021 19.55
      vertex -5.48127 -2.44042 19.55
    endloop
  endfacet
  facet normal -0 0 1
    outer loop
      vertex -5.70634 1.8541 19.55
      vertex -5.60148 -2.15021 19.55
      vertex -5.60148 2.15021 19.55
    endloop
  endfacet
  facet normal 0 0 1
    outer loop
      vertex -5.70634 1.8541 19.55
      vertex -5.70634 -1.8541 19.55
      vertex -5.60148 -2.15021 19.55
    endloop
  endfacet
  facet normal -0 0 1
    outer loop
      vertex -5.79555 1.55291 19.55
      vertex -5.70634 -1.8541 19.55
      vertex -5.70634 1.8541 19.55
    endloop
  endfacet
  facet normal 0 0 1
    outer loop
      vertex -5.79555 1.55291 19.55
      vertex -5.79555 -1.55291 19.55
      vertex -5.70634 -1.8541 19.55
    endloop
  endfacet
  facet normal -0 0 1
    outer loop
      vertex -5.86889 1.24747 19.55
      vertex -5.79555 -1.55291 19.55
      vertex -5.79555 1.55291 19.55
    endloop
  endfacet
  facet normal 0 0 1
    outer loop
      vertex -5.86889 1.24747 19.55
      vertex -5.86889 -1.24747 19.55
      vertex -5.79555 -1.55291 19.55
    endloop
  endfacet
  facet normal -0 0 1
    outer loop
      vertex -5.92613 0.938606 19.55
      vertex -5.86889 -1.24747 19.55
      vertex -5.86889 1.24747 19.55
    endloop
  endfacet
  facet normal 0 0 1
    outer loop
      vertex -5.92613 0.938606 19.55
      vertex -5.92613 -0.938606 19.55
      vertex -5.86889 -1.24747 19.55
    endloop
  endfacet
  facet normal -0 0 1
    outer loop
      vertex -5.96713 0.627171 19.55
      vertex -5.92613 -0.938606 19.55
      vertex -5.92613 0.938606 19.55
    endloop
  endfacet
  facet normal 0 0 1
    outer loop
      vertex -5.96713 0.627171 19.55
      vertex -5.96713 -0.627171 19.55
      vertex -5.92613 -0.938606 19.55
    endloop
  endfacet
  facet normal -0 0 1
    outer loop
      vertex -5.99178 0.314015 19.55
      vertex -5.96713 -0.627171 19.55
      vertex -5.96713 0.627171 19.55
    endloop
  endfacet
  facet normal 0 0 1
    outer loop
      vertex -5.99178 0.314015 19.55
      vertex -5.99178 -0.314015 19.55
      vertex -5.96713 -0.627171 19.55
    endloop
  endfacet
  facet normal 0 -0 1
    outer loop
      vertex -5.99178 -0.314015 19.55
      vertex -5.99178 0.314015 19.55
      vertex -6 0 19.55
    endloop
  endfacet
  facet normal 0.37972 0.916754 0.123994
    outer loop
      vertex 2.50858 6.53506 11.55
      vertex 2.44042 5.48127 19.55
      vertex 2.84716 6.39482 11.55
    endloop
  endfacet
  facet normal 0.964868 -0.231639 0.123992
    outer loop
      vertex 6.84703 -1.45538 11.55
      vertex 5.86889 -1.24747 19.55
      vertex 6.76148 -1.81173 11.55
    endloop
  endfacet
  facet normal -0.872033 0.473481 0.123993
    outer loop
      vertex -5.19615 3 19.55
      vertex -6.06218 3.5 11.55
      vertex -5.34604 2.72394 19.55
    endloop
  endfacet
  facet normal -0.37972 -0.916754 0.123994
    outer loop
      vertex -2.44042 -5.48127 19.55
      vertex -2.84716 -6.39482 11.55
      vertex -2.50858 -6.53506 11.55
    endloop
  endfacet
  facet normal 0.719778 -0.683041 0.123992
    outer loop
      vertex 4.45887 -4.01478 19.55
      vertex 4.24264 -4.24264 19.55
      vertex 5.20201 -4.68391 11.55
    endloop
  endfacet
  facet normal 0.846051 -0.518483 0.123993
    outer loop
      vertex 6.06218 -3.5 11.55
      vertex 5.03202 -3.26783 19.55
      vertex 5.87069 -3.81247 11.55
    endloop
  endfacet
  facet normal 0.644442 -0.754534 0.123992
    outer loop
      vertex 4.68391 -5.20201 11.55
      vertex 3.77592 -4.66288 19.55
      vertex 4.40524 -5.44002 11.55
    endloop
  endfacet
  facet normal 0.989223 -0.0778665 0.123993
    outer loop
      vertex 5.99178 -0.314015 19.55
      vertex 5.96713 -0.627171 19.55
      vertex 6.96165 -0.731699 11.55
    endloop
  endfacet
  facet normal 0.964859 -0.231675 0.123994
    outer loop
      vertex 5.86889 -1.24747 19.55
      vertex 5.79555 -1.55291 19.55
      vertex 6.76148 -1.81173 11.55
    endloop
  endfacet
  facet normal 0.989223 0.0778665 0.123993
    outer loop
      vertex 6.96165 0.731699 11.55
      vertex 5.96713 0.627171 19.55
      vertex 5.99178 0.314015 19.55
    endloop
  endfacet
  facet normal -0.180815 -0.97567 0.123993
    outer loop
      vertex -0.938606 -5.92613 19.55
      vertex -1.24747 -5.86889 19.55
      vertex -1.09504 -6.91382 11.55
    endloop
  endfacet
  facet normal 0.989223 -0.0778711 0.123993
    outer loop
      vertex 6.99041 -0.366351 11.55
      vertex 5.99178 -0.314015 19.55
      vertex 6.96165 -0.731699 11.55
    endloop
  endfacet
  facet normal 0.991943 -0.0259662 0.123993
    outer loop
      vertex 6 0 19.55
      vertex 5.99178 -0.314015 19.55
      vertex 6.99041 -0.366351 11.55
    endloop
  endfacet
  facet normal -0.180842 0.975665 0.123992
    outer loop
      vertex -1.09504 6.91382 11.55
      vertex -1.45538 6.84703 11.55
      vertex -1.24747 5.86889 19.55
    endloop
  endfacet
  facet normal -0.427183 0.895623 0.123993
    outer loop
      vertex -2.44042 5.48127 19.55
      vertex -3.17793 6.23705 11.55
      vertex -2.72394 5.34604 19.55
    endloop
  endfacet
  facet normal 0.916749 0.379733 0.123993
    outer loop
      vertex 6.53506 2.50858 11.55
      vertex 5.48127 2.44042 19.55
      vertex 5.60148 2.15021 19.55
    endloop
  endfacet
  facet normal -0.331246 -0.935362 0.123993
    outer loop
      vertex -2.15021 -5.60148 19.55
      vertex -2.50858 -6.53506 11.55
      vertex -2.16312 -6.6574 11.55
    endloop
  endfacet
  facet normal 0.604076 0.787221 0.123993
    outer loop
      vertex 4.1145 5.66312 11.55
      vertex 3.52671 4.8541 19.55
      vertex 4.40524 5.44002 11.55
    endloop
  endfacet
  facet normal -0.983794 0.129515 0.123993
    outer loop
      vertex -5.92613 0.938606 19.55
      vertex -6.91382 1.09504 11.55
      vertex -5.96713 0.627171 19.55
    endloop
  endfacet
  facet normal 0.846055 0.518475 0.123993
    outer loop
      vertex 6.06218 3.5 11.55
      vertex 5.03202 3.26783 19.55
      vertex 5.19615 3 19.55
    endloop
  endfacet
  facet normal -0.331236 0.935365 0.123993
    outer loop
      vertex -1.8541 5.70634 19.55
      vertex -2.16312 6.6574 11.55
      vertex -2.15021 5.60148 19.55
    endloop
  endfacet
  facet normal 0.719794 -0.683024 0.123993
    outer loop
      vertex 5.20201 -4.68391 11.55
      vertex 4.24264 -4.24264 19.55
      vertex 4.94975 -4.94975 11.55
    endloop
  endfacet
  facet normal 0.817771 0.562028 0.123993
    outer loop
      vertex 5.87069 3.81247 11.55
      vertex 4.8541 3.52671 19.55
      vertex 5.03202 3.26783 19.55
    endloop
  endfacet
  facet normal -0.935365 -0.331236 0.123993
    outer loop
      vertex -5.70634 -1.8541 19.55
      vertex -6.6574 -2.16312 11.55
      vertex -5.60148 -2.15021 19.55
    endloop
  endfacet
  facet normal 0.518483 0.846051 0.123993
    outer loop
      vertex 3.5 6.06218 11.55
      vertex 3.26783 5.03202 19.55
      vertex 3.81247 5.87069 11.55
    endloop
  endfacet
  facet normal 0.37972 -0.916754 0.123994
    outer loop
      vertex 2.84716 -6.39482 11.55
      vertex 2.44042 -5.48127 19.55
      vertex 2.50858 -6.53506 11.55
    endloop
  endfacet
  facet normal 0.754531 -0.644444 0.123992
    outer loop
      vertex 4.66288 -3.77592 19.55
      vertex 4.45887 -4.01478 19.55
      vertex 5.20201 -4.68391 11.55
    endloop
  endfacet
  facet normal -0.281805 0.951426 0.123993
    outer loop
      vertex -1.81173 6.76148 11.55
      vertex -1.8541 5.70634 19.55
      vertex -1.55291 5.79555 19.55
    endloop
  endfacet
  facet normal -0.427183 -0.895623 0.123993
    outer loop
      vertex -2.72394 -5.34604 19.55
      vertex -3.17793 -6.23705 11.55
      vertex -2.44042 -5.48127 19.55
    endloop
  endfacet
  facet normal -0.916749 -0.379733 0.123993
    outer loop
      vertex -5.60148 -2.15021 19.55
      vertex -6.53506 -2.50858 11.55
      vertex -5.48127 -2.44042 19.55
    endloop
  endfacet
  facet normal -0.983796 -0.129506 0.123993
    outer loop
      vertex -5.96713 -0.627171 19.55
      vertex -6.96165 -0.731699 11.55
      vertex -6.91382 -1.09504 11.55
    endloop
  endfacet
  facet normal -0.975665 -0.180842 0.123992
    outer loop
      vertex -5.86889 -1.24747 19.55
      vertex -6.91382 -1.09504 11.55
      vertex -6.84703 -1.45538 11.55
    endloop
  endfacet
  facet normal -0.281808 -0.951425 0.123993
    outer loop
      vertex -1.8541 -5.70634 19.55
      vertex -2.16312 -6.6574 11.55
      vertex -1.81173 -6.76148 11.55
    endloop
  endfacet
  facet normal -0.562018 0.817778 0.123993
    outer loop
      vertex -3.81247 5.87069 11.55
      vertex -4.1145 5.66312 11.55
      vertex -3.52671 4.8541 19.55
    endloop
  endfacet
  facet normal 0.180815 0.97567 0.123993
    outer loop
      vertex 1.09504 6.91382 11.55
      vertex 0.938606 5.92613 19.55
      vertex 1.24747 5.86889 19.55
    endloop
  endfacet
  facet normal -0.78724 -0.604053 0.123992
    outer loop
      vertex -4.8541 -3.52671 19.55
      vertex -5.44002 -4.40524 11.55
      vertex -4.66288 -3.77592 19.55
    endloop
  endfacet
  facet normal -0.817771 0.562028 0.123993
    outer loop
      vertex -4.8541 3.52671 19.55
      vertex -5.87069 3.81247 11.55
      vertex -5.03202 3.26783 19.55
    endloop
  endfacet
  facet normal -0.817778 0.562018 0.123993
    outer loop
      vertex -5.66312 4.1145 11.55
      vertex -5.87069 3.81247 11.55
      vertex -4.8541 3.52671 19.55
    endloop
  endfacet
  facet normal -0.518483 -0.846051 0.123993
    outer loop
      vertex -3.26783 -5.03202 19.55
      vertex -3.81247 -5.87069 11.55
      vertex -3.5 -6.06218 11.55
    endloop
  endfacet
  facet normal -0.129515 0.983794 0.123993
    outer loop
      vertex -0.627171 5.96713 19.55
      vertex -1.09504 6.91382 11.55
      vertex -0.938606 5.92613 19.55
    endloop
  endfacet
  facet normal -0.872035 -0.473477 0.123993
    outer loop
      vertex -5.34604 -2.72394 19.55
      vertex -6.23705 -3.17793 11.55
      vertex -6.06218 -3.5 11.55
    endloop
  endfacet
  facet normal -0.846051 0.518483 0.123993
    outer loop
      vertex -5.87069 3.81247 11.55
      vertex -6.06218 3.5 11.55
      vertex -5.03202 3.26783 19.55
    endloop
  endfacet
  facet normal 0.0778665 0.989223 0.123993
    outer loop
      vertex 0.731699 6.96165 11.55
      vertex 0.314015 5.99178 19.55
      vertex 0.627171 5.96713 19.55
    endloop
  endfacet
  facet normal 0.0778711 0.989223 0.123993
    outer loop
      vertex 0.366351 6.99041 11.55
      vertex 0.314015 5.99178 19.55
      vertex 0.731699 6.96165 11.55
    endloop
  endfacet
  facet normal -0.231675 -0.964859 0.123994
    outer loop
      vertex -1.55291 -5.79555 19.55
      vertex -1.81173 -6.76148 11.55
      vertex -1.24747 -5.86889 19.55
    endloop
  endfacet
  facet normal -0.872035 0.473477 0.123993
    outer loop
      vertex -6.06218 3.5 11.55
      vertex -6.23705 3.17793 11.55
      vertex -5.34604 2.72394 19.55
    endloop
  endfacet
  facet normal -0.37972 0.916754 0.123994
    outer loop
      vertex -2.50858 6.53506 11.55
      vertex -2.84716 6.39482 11.55
      vertex -2.44042 5.48127 19.55
    endloop
  endfacet
  facet normal -0.991943 -0.0259662 0.123993
    outer loop
      vertex -6 0 19.55
      vertex -7 0 11.55
      vertex -6.99041 -0.366351 11.55
    endloop
  endfacet
  facet normal -0.754531 0.644444 0.123992
    outer loop
      vertex -4.45887 4.01478 19.55
      vertex -5.20201 4.68391 11.55
      vertex -4.66288 3.77592 19.55
    endloop
  endfacet
  facet normal -0.719778 0.683041 0.123992
    outer loop
      vertex -4.24264 4.24264 19.55
      vertex -5.20201 4.68391 11.55
      vertex -4.45887 4.01478 19.55
    endloop
  endfacet
  facet normal -0.473477 -0.872035 0.123993
    outer loop
      vertex -2.72394 -5.34604 19.55
      vertex -3.5 -6.06218 11.55
      vertex -3.17793 -6.23705 11.55
    endloop
  endfacet
  facet normal 0.983794 0.129515 0.123993
    outer loop
      vertex 6.91382 1.09504 11.55
      vertex 5.92613 0.938606 19.55
      vertex 5.96713 0.627171 19.55
    endloop
  endfacet
  facet normal 0.379733 -0.916749 0.123993
    outer loop
      vertex 2.44042 -5.48127 19.55
      vertex 2.15021 -5.60148 19.55
      vertex 2.50858 -6.53506 11.55
    endloop
  endfacet
  facet normal -0.916754 0.37972 0.123994
    outer loop
      vertex -6.39482 2.84716 11.55
      vertex -6.53506 2.50858 11.55
      vertex -5.48127 2.44042 19.55
    endloop
  endfacet
  facet normal -0.916749 0.379733 0.123993
    outer loop
      vertex -5.48127 2.44042 19.55
      vertex -6.53506 2.50858 11.55
      vertex -5.60148 2.15021 19.55
    endloop
  endfacet
  facet normal -0.78724 0.604053 0.123992
    outer loop
      vertex -4.66288 3.77592 19.55
      vertex -5.44002 4.40524 11.55
      vertex -4.8541 3.52671 19.55
    endloop
  endfacet
  facet normal 0.0259662 -0.991943 0.123993
    outer loop
      vertex 0.314015 -5.99178 19.55
      vertex 0 -6 19.55
      vertex 0.366351 -6.99041 11.55
    endloop
  endfacet
  facet normal -0.427191 0.895619 0.123994
    outer loop
      vertex -2.84716 6.39482 11.55
      vertex -3.17793 6.23705 11.55
      vertex -2.44042 5.48127 19.55
    endloop
  endfacet
  facet normal 0.683041 0.719778 0.123992
    outer loop
      vertex 4.68391 5.20201 11.55
      vertex 4.01478 4.45887 19.55
      vertex 4.24264 4.24264 19.55
    endloop
  endfacet
  facet normal -0.473481 -0.872033 0.123993
    outer loop
      vertex -3 -5.19615 19.55
      vertex -3.5 -6.06218 11.55
      vertex -2.72394 -5.34604 19.55
    endloop
  endfacet
  facet normal -0.97567 -0.180815 0.123993
    outer loop
      vertex -5.92613 -0.938606 19.55
      vertex -6.91382 -1.09504 11.55
      vertex -5.86889 -1.24747 19.55
    endloop
  endfacet
  facet normal -0.562018 -0.817778 0.123993
    outer loop
      vertex -3.52671 -4.8541 19.55
      vertex -4.1145 -5.66312 11.55
      vertex -3.81247 -5.87069 11.55
    endloop
  endfacet
  facet normal -0.817771 -0.562028 0.123993
    outer loop
      vertex -5.03202 -3.26783 19.55
      vertex -5.87069 -3.81247 11.55
      vertex -4.8541 -3.52671 19.55
    endloop
  endfacet
  facet normal 0.97567 -0.180815 0.123993
    outer loop
      vertex 5.92613 -0.938606 19.55
      vertex 5.86889 -1.24747 19.55
      vertex 6.91382 -1.09504 11.55
    endloop
  endfacet
  facet normal 0.872033 -0.473481 0.123993
    outer loop
      vertex 5.34604 -2.72394 19.55
      vertex 5.19615 -3 19.55
      vertex 6.06218 -3.5 11.55
    endloop
  endfacet
  facet normal 0.231675 0.964859 0.123994
    outer loop
      vertex 1.81173 6.76148 11.55
      vertex 1.24747 5.86889 19.55
      vertex 1.55291 5.79555 19.55
    endloop
  endfacet
  facet normal 0.180815 -0.97567 0.123993
    outer loop
      vertex 1.24747 -5.86889 19.55
      vertex 0.938606 -5.92613 19.55
      vertex 1.09504 -6.91382 11.55
    endloop
  endfacet
  facet normal -0.895623 0.427183 0.123993
    outer loop
      vertex -5.34604 2.72394 19.55
      vertex -6.23705 3.17793 11.55
      vertex -5.48127 2.44042 19.55
    endloop
  endfacet
  facet normal 0.0778665 -0.989223 0.123993
    outer loop
      vertex 0.627171 -5.96713 19.55
      vertex 0.314015 -5.99178 19.55
      vertex 0.731699 -6.96165 11.55
    endloop
  endfacet
  facet normal 0.0259662 -0.991943 0.123993
    outer loop
      vertex 0 -6 19.55
      vertex 0 -7 11.55
      vertex 0.366351 -6.99041 11.55
    endloop
  endfacet
  facet normal 0.379733 0.916749 0.123993
    outer loop
      vertex 2.50858 6.53506 11.55
      vertex 2.15021 5.60148 19.55
      vertex 2.44042 5.48127 19.55
    endloop
  endfacet
  facet normal -0.180842 -0.975665 0.123992
    outer loop
      vertex -1.24747 -5.86889 19.55
      vertex -1.45538 -6.84703 11.55
      vertex -1.09504 -6.91382 11.55
    endloop
  endfacet
  facet normal 0.983794 -0.129515 0.123993
    outer loop
      vertex 5.96713 -0.627171 19.55
      vertex 5.92613 -0.938606 19.55
      vertex 6.91382 -1.09504 11.55
    endloop
  endfacet
  facet normal 0.97567 0.180815 0.123993
    outer loop
      vertex 6.91382 1.09504 11.55
      vertex 5.86889 1.24747 19.55
      vertex 5.92613 0.938606 19.55
    endloop
  endfacet
  facet normal -0.644442 -0.754534 0.123992
    outer loop
      vertex -3.77592 -4.66288 19.55
      vertex -4.68391 -5.20201 11.55
      vertex -4.40524 -5.44002 11.55
    endloop
  endfacet
  facet normal 0.991943 0.0259662 0.123993
    outer loop
      vertex 6.99041 0.366351 11.55
      vertex 5.99178 0.314015 19.55
      vertex 6 0 19.55
    endloop
  endfacet
  facet normal 0.604076 -0.787221 0.123993
    outer loop
      vertex 4.40524 -5.44002 11.55
      vertex 3.52671 -4.8541 19.55
      vertex 4.1145 -5.66312 11.55
    endloop
  endfacet
  facet normal 0.427191 0.895619 0.123994
    outer loop
      vertex 2.84716 6.39482 11.55
      vertex 2.44042 5.48127 19.55
      vertex 3.17793 6.23705 11.55
    endloop
  endfacet
  facet normal -0.473477 0.872035 0.123993
    outer loop
      vertex -3.17793 6.23705 11.55
      vertex -3.5 6.06218 11.55
      vertex -2.72394 5.34604 19.55
    endloop
  endfacet
  facet normal 0.562018 0.817778 0.123993
    outer loop
      vertex 3.81247 5.87069 11.55
      vertex 3.52671 4.8541 19.55
      vertex 4.1145 5.66312 11.55
    endloop
  endfacet
  facet normal 0.644444 0.754531 0.123992
    outer loop
      vertex 4.68391 5.20201 11.55
      vertex 3.77592 4.66288 19.55
      vertex 4.01478 4.45887 19.55
    endloop
  endfacet
  facet normal 0.78724 -0.604053 0.123992
    outer loop
      vertex 4.8541 -3.52671 19.55
      vertex 4.66288 -3.77592 19.55
      vertex 5.44002 -4.40524 11.55
    endloop
  endfacet
  facet normal -0.0778711 -0.989223 0.123993
    outer loop
      vertex -0.314015 -5.99178 19.55
      vertex -0.731699 -6.96165 11.55
      vertex -0.366351 -6.99041 11.55
    endloop
  endfacet
  facet normal -0.991943 0.0259662 0.123993
    outer loop
      vertex -5.99178 0.314015 19.55
      vertex -6.99041 0.366351 11.55
      vertex -6 0 19.55
    endloop
  endfacet
  facet normal -0.231675 0.964859 0.123994
    outer loop
      vertex -1.24747 5.86889 19.55
      vertex -1.81173 6.76148 11.55
      vertex -1.55291 5.79555 19.55
    endloop
  endfacet
  facet normal -0.562028 -0.817771 0.123993
    outer loop
      vertex -3.52671 -4.8541 19.55
      vertex -3.81247 -5.87069 11.55
      vertex -3.26783 -5.03202 19.55
    endloop
  endfacet
  facet normal 0.951425 -0.281808 0.123993
    outer loop
      vertex 6.76148 -1.81173 11.55
      vertex 5.70634 -1.8541 19.55
      vertex 6.6574 -2.16312 11.55
    endloop
  endfacet
  facet normal 0.817771 -0.562028 0.123993
    outer loop
      vertex 5.03202 -3.26783 19.55
      vertex 4.8541 -3.52671 19.55
      vertex 5.87069 -3.81247 11.55
    endloop
  endfacet
  facet normal 0.180842 -0.975665 0.123992
    outer loop
      vertex 1.24747 -5.86889 19.55
      vertex 1.09504 -6.91382 11.55
      vertex 1.45538 -6.84703 11.55
    endloop
  endfacet
  facet normal -0.0259662 -0.991943 0.123993
    outer loop
      vertex -0.314015 -5.99178 19.55
      vertex -0.366351 -6.99041 11.55
      vertex 0 -6 19.55
    endloop
  endfacet
  facet normal -0.719794 -0.683024 0.123993
    outer loop
      vertex -4.24264 -4.24264 19.55
      vertex -5.20201 -4.68391 11.55
      vertex -4.94975 -4.94975 11.55
    endloop
  endfacet
  facet normal -0.331236 -0.935365 0.123993
    outer loop
      vertex -2.15021 -5.60148 19.55
      vertex -2.16312 -6.6574 11.55
      vertex -1.8541 -5.70634 19.55
    endloop
  endfacet
  facet normal 0.331236 -0.935365 0.123993
    outer loop
      vertex 2.15021 -5.60148 19.55
      vertex 1.8541 -5.70634 19.55
      vertex 2.16312 -6.6574 11.55
    endloop
  endfacet
  facet normal 0.916754 -0.37972 0.123994
    outer loop
      vertex 6.53506 -2.50858 11.55
      vertex 5.48127 -2.44042 19.55
      vertex 6.39482 -2.84716 11.55
    endloop
  endfacet
  facet normal -0.604076 0.787221 0.123993
    outer loop
      vertex -4.1145 5.66312 11.55
      vertex -4.40524 5.44002 11.55
      vertex -3.52671 4.8541 19.55
    endloop
  endfacet
  facet normal -0.895623 -0.427183 0.123993
    outer loop
      vertex -5.48127 -2.44042 19.55
      vertex -6.23705 -3.17793 11.55
      vertex -5.34604 -2.72394 19.55
    endloop
  endfacet
  facet normal -0.644444 -0.754531 0.123992
    outer loop
      vertex -4.01478 -4.45887 19.55
      vertex -4.68391 -5.20201 11.55
      vertex -3.77592 -4.66288 19.55
    endloop
  endfacet
  facet normal -0.964868 -0.231639 0.123992
    outer loop
      vertex -5.86889 -1.24747 19.55
      vertex -6.84703 -1.45538 11.55
      vertex -6.76148 -1.81173 11.55
    endloop
  endfacet
  facet normal -0.0259662 0.991943 0.123993
    outer loop
      vertex 0 7 11.55
      vertex -0.366351 6.99041 11.55
      vertex 0 6 19.55
    endloop
  endfacet
  facet normal 0.935365 -0.331236 0.123993
    outer loop
      vertex 5.70634 -1.8541 19.55
      vertex 5.60148 -2.15021 19.55
      vertex 6.6574 -2.16312 11.55
    endloop
  endfacet
  facet normal 0.951426 -0.281805 0.123993
    outer loop
      vertex 5.79555 -1.55291 19.55
      vertex 5.70634 -1.8541 19.55
      vertex 6.76148 -1.81173 11.55
    endloop
  endfacet
  facet normal 0.231639 -0.964868 0.123992
    outer loop
      vertex 1.81173 -6.76148 11.55
      vertex 1.24747 -5.86889 19.55
      vertex 1.45538 -6.84703 11.55
    endloop
  endfacet
  facet normal 0.817778 -0.562018 0.123993
    outer loop
      vertex 5.87069 -3.81247 11.55
      vertex 4.8541 -3.52671 19.55
      vertex 5.66312 -4.1145 11.55
    endloop
  endfacet
  facet normal -0.683041 0.719778 0.123992
    outer loop
      vertex -4.01478 4.45887 19.55
      vertex -4.68391 5.20201 11.55
      vertex -4.24264 4.24264 19.55
    endloop
  endfacet
  facet normal -0.964868 0.231639 0.123992
    outer loop
      vertex -6.76148 1.81173 11.55
      vertex -6.84703 1.45538 11.55
      vertex -5.86889 1.24747 19.55
    endloop
  endfacet
  facet normal -0.989223 -0.0778711 0.123993
    outer loop
      vertex -5.99178 -0.314015 19.55
      vertex -6.99041 -0.366351 11.55
      vertex -6.96165 -0.731699 11.55
    endloop
  endfacet
  facet normal 0.281805 -0.951426 0.123993
    outer loop
      vertex 1.8541 -5.70634 19.55
      vertex 1.55291 -5.79555 19.55
      vertex 1.81173 -6.76148 11.55
    endloop
  endfacet
  facet normal -0.683041 -0.719778 0.123992
    outer loop
      vertex -4.24264 -4.24264 19.55
      vertex -4.68391 -5.20201 11.55
      vertex -4.01478 -4.45887 19.55
    endloop
  endfacet
  facet normal 0.895619 -0.427191 0.123994
    outer loop
      vertex 6.39482 -2.84716 11.55
      vertex 5.48127 -2.44042 19.55
      vertex 6.23705 -3.17793 11.55
    endloop
  endfacet
  facet normal -0.0778665 -0.989223 0.123993
    outer loop
      vertex -0.627171 -5.96713 19.55
      vertex -0.731699 -6.96165 11.55
      vertex -0.314015 -5.99178 19.55
    endloop
  endfacet
  facet normal -0.129515 -0.983794 0.123993
    outer loop
      vertex -0.938606 -5.92613 19.55
      vertex -1.09504 -6.91382 11.55
      vertex -0.627171 -5.96713 19.55
    endloop
  endfacet
  facet normal -0.983794 -0.129515 0.123993
    outer loop
      vertex -5.96713 -0.627171 19.55
      vertex -6.91382 -1.09504 11.55
      vertex -5.92613 -0.938606 19.55
    endloop
  endfacet
  facet normal 0.644444 -0.754531 0.123992
    outer loop
      vertex 4.01478 -4.45887 19.55
      vertex 3.77592 -4.66288 19.55
      vertex 4.68391 -5.20201 11.55
    endloop
  endfacet
  facet normal 0.427183 0.895623 0.123993
    outer loop
      vertex 3.17793 6.23705 11.55
      vertex 2.44042 5.48127 19.55
      vertex 2.72394 5.34604 19.55
    endloop
  endfacet
  facet normal 0.562018 -0.817778 0.123993
    outer loop
      vertex 4.1145 -5.66312 11.55
      vertex 3.52671 -4.8541 19.55
      vertex 3.81247 -5.87069 11.55
    endloop
  endfacet
  facet normal 0.427191 -0.895619 0.123994
    outer loop
      vertex 3.17793 -6.23705 11.55
      vertex 2.44042 -5.48127 19.55
      vertex 2.84716 -6.39482 11.55
    endloop
  endfacet
  facet normal 0.231675 -0.964859 0.123994
    outer loop
      vertex 1.55291 -5.79555 19.55
      vertex 1.24747 -5.86889 19.55
      vertex 1.81173 -6.76148 11.55
    endloop
  endfacet
  facet normal 0.562028 -0.817771 0.123993
    outer loop
      vertex 3.52671 -4.8541 19.55
      vertex 3.26783 -5.03202 19.55
      vertex 3.81247 -5.87069 11.55
    endloop
  endfacet
  facet normal 0.683041 -0.719778 0.123992
    outer loop
      vertex 4.24264 -4.24264 19.55
      vertex 4.01478 -4.45887 19.55
      vertex 4.68391 -5.20201 11.55
    endloop
  endfacet
  facet normal 0.604053 -0.78724 0.123992
    outer loop
      vertex 3.77592 -4.66288 19.55
      vertex 3.52671 -4.8541 19.55
      vertex 4.40524 -5.44002 11.55
    endloop
  endfacet
  facet normal -0.562028 0.817771 0.123993
    outer loop
      vertex -3.26783 5.03202 19.55
      vertex -3.81247 5.87069 11.55
      vertex -3.52671 4.8541 19.55
    endloop
  endfacet
  facet normal -0.872033 -0.473481 0.123993
    outer loop
      vertex -5.34604 -2.72394 19.55
      vertex -6.06218 -3.5 11.55
      vertex -5.19615 -3 19.55
    endloop
  endfacet
  facet normal -0.427191 -0.895619 0.123994
    outer loop
      vertex -2.44042 -5.48127 19.55
      vertex -3.17793 -6.23705 11.55
      vertex -2.84716 -6.39482 11.55
    endloop
  endfacet
  facet normal 0.0778711 -0.989223 0.123993
    outer loop
      vertex 0.731699 -6.96165 11.55
      vertex 0.314015 -5.99178 19.55
      vertex 0.366351 -6.99041 11.55
    endloop
  endfacet
  facet normal -0.935365 0.331236 0.123993
    outer loop
      vertex -5.60148 2.15021 19.55
      vertex -6.6574 2.16312 11.55
      vertex -5.70634 1.8541 19.55
    endloop
  endfacet
  facet normal 0.518483 -0.846051 0.123993
    outer loop
      vertex 3.81247 -5.87069 11.55
      vertex 3.26783 -5.03202 19.55
      vertex 3.5 -6.06218 11.55
    endloop
  endfacet
  facet normal 0.604053 0.78724 0.123992
    outer loop
      vertex 4.40524 5.44002 11.55
      vertex 3.52671 4.8541 19.55
      vertex 3.77592 4.66288 19.55
    endloop
  endfacet
  facet normal 0.644442 0.754534 0.123992
    outer loop
      vertex 4.40524 5.44002 11.55
      vertex 3.77592 4.66288 19.55
      vertex 4.68391 5.20201 11.55
    endloop
  endfacet
  facet normal -0.964859 0.231675 0.123994
    outer loop
      vertex -5.79555 1.55291 19.55
      vertex -6.76148 1.81173 11.55
      vertex -5.86889 1.24747 19.55
    endloop
  endfacet
  facet normal 0.427183 -0.895623 0.123993
    outer loop
      vertex 2.72394 -5.34604 19.55
      vertex 2.44042 -5.48127 19.55
      vertex 3.17793 -6.23705 11.55
    endloop
  endfacet
  facet normal -0.895619 -0.427191 0.123994
    outer loop
      vertex -5.48127 -2.44042 19.55
      vertex -6.39482 -2.84716 11.55
      vertex -6.23705 -3.17793 11.55
    endloop
  endfacet
  facet normal -0.916754 -0.37972 0.123994
    outer loop
      vertex -5.48127 -2.44042 19.55
      vertex -6.53506 -2.50858 11.55
      vertex -6.39482 -2.84716 11.55
    endloop
  endfacet
  facet normal -0.846051 -0.518483 0.123993
    outer loop
      vertex -5.03202 -3.26783 19.55
      vertex -6.06218 -3.5 11.55
      vertex -5.87069 -3.81247 11.55
    endloop
  endfacet
  facet normal -0.817778 -0.562018 0.123993
    outer loop
      vertex -4.8541 -3.52671 19.55
      vertex -5.87069 -3.81247 11.55
      vertex -5.66312 -4.1145 11.55
    endloop
  endfacet
  facet normal -0.608716 0.793388 0
    outer loop
      vertex 25.0607 -1.06066 0
      vertex 24.75 -1.29904 11.55
      vertex 25.0607 -1.06066 11.55
    endloop
  endfacet
  facet normal -0.608716 0.793388 0
    outer loop
      vertex 24.75 -1.29904 11.55
      vertex 25.0607 -1.06066 0
      vertex 24.75 -1.29904 0
    endloop
  endfacet
  facet normal 0.793449 -0.608636 0
    outer loop
      vertex 22.701 0.75 11.55
      vertex 22.9393 1.06066 0
      vertex 22.9393 1.06066 11.55
    endloop
  endfacet
  facet normal 0.793449 -0.608636 0
    outer loop
      vertex 22.9393 1.06066 0
      vertex 22.701 0.75 11.55
      vertex 22.701 0.75 0
    endloop
  endfacet
  facet normal -0.923835 -0.382791 0
    outer loop
      vertex 25.4489 0.388228 0
      vertex 25.299 0.75 11.55
      vertex 25.299 0.75 0
    endloop
  endfacet
  facet normal -0.923835 -0.382791 0
    outer loop
      vertex 25.299 0.75 11.55
      vertex 25.4489 0.388228 0
      vertex 25.4489 0.388228 11.55
    endloop
  endfacet
  facet normal -0.991449 -0.130498 0
    outer loop
      vertex 25.5 0 0
      vertex 25.4489 0.388228 11.55
      vertex 25.4489 0.388228 0
    endloop
  endfacet
  facet normal -0.991449 -0.130498 0
    outer loop
      vertex 25.4489 0.388228 11.55
      vertex 25.5 0 0
      vertex 25.5 0 11.55
    endloop
  endfacet
  facet normal 0.991449 0.130498 0
    outer loop
      vertex 22.5511 -0.388228 11.55
      vertex 22.5 0 0
      vertex 22.5 0 11.55
    endloop
  endfacet
  facet normal 0.991449 0.130498 0
    outer loop
      vertex 22.5 0 0
      vertex 22.5511 -0.388228 11.55
      vertex 22.5511 -0.388228 0
    endloop
  endfacet
  facet normal -0.382656 0.923891 0
    outer loop
      vertex 24.75 -1.29904 0
      vertex 24.3882 -1.44889 11.55
      vertex 24.75 -1.29904 11.55
    endloop
  endfacet
  facet normal -0.382656 0.923891 0
    outer loop
      vertex 24.3882 -1.44889 11.55
      vertex 24.75 -1.29904 0
      vertex 24.3882 -1.44889 0
    endloop
  endfacet
  facet normal 0.923835 -0.382791 0
    outer loop
      vertex 22.5511 0.388228 11.55
      vertex 22.701 0.75 0
      vertex 22.701 0.75 11.55
    endloop
  endfacet
  facet normal 0.923835 -0.382791 0
    outer loop
      vertex 22.701 0.75 0
      vertex 22.5511 0.388228 11.55
      vertex 22.5511 0.388228 0
    endloop
  endfacet
  facet normal -0.793449 0.608636 0
    outer loop
      vertex 25.0607 -1.06066 0
      vertex 25.299 -0.75 11.55
      vertex 25.299 -0.75 0
    endloop
  endfacet
  facet normal -0.793449 0.608636 0
    outer loop
      vertex 25.299 -0.75 11.55
      vertex 25.0607 -1.06066 0
      vertex 25.0607 -1.06066 11.55
    endloop
  endfacet
  facet normal -0.991449 0.130498 0
    outer loop
      vertex 25.4489 -0.388228 0
      vertex 25.5 0 11.55
      vertex 25.5 0 0
    endloop
  endfacet
  facet normal -0.991449 0.130498 0
    outer loop
      vertex 25.5 0 11.55
      vertex 25.4489 -0.388228 0
      vertex 25.4489 -0.388228 11.55
    endloop
  endfacet
  facet normal 0.382656 0.923891 -0
    outer loop
      vertex 23.6118 -1.44889 0
      vertex 23.25 -1.29904 11.55
      vertex 23.6118 -1.44889 11.55
    endloop
  endfacet
  facet normal 0.382656 0.923891 0
    outer loop
      vertex 23.25 -1.29904 11.55
      vertex 23.6118 -1.44889 0
      vertex 23.25 -1.29904 0
    endloop
  endfacet
  facet normal 0.130532 0.991444 -0
    outer loop
      vertex 24 -1.5 0
      vertex 23.6118 -1.44889 11.55
      vertex 24 -1.5 11.55
    endloop
  endfacet
  facet normal 0.130532 0.991444 0
    outer loop
      vertex 23.6118 -1.44889 11.55
      vertex 24 -1.5 0
      vertex 23.6118 -1.44889 0
    endloop
  endfacet
  facet normal 0.130532 -0.991444 0
    outer loop
      vertex 23.6118 1.44889 0
      vertex 24 1.5 11.55
      vertex 23.6118 1.44889 11.55
    endloop
  endfacet
  facet normal 0.130532 -0.991444 0
    outer loop
      vertex 24 1.5 11.55
      vertex 23.6118 1.44889 0
      vertex 24 1.5 0
    endloop
  endfacet
  facet normal 0.608716 -0.793388 0
    outer loop
      vertex 22.9393 1.06066 0
      vertex 23.25 1.29904 11.55
      vertex 22.9393 1.06066 11.55
    endloop
  endfacet
  facet normal 0.608716 -0.793388 0
    outer loop
      vertex 23.25 1.29904 11.55
      vertex 22.9393 1.06066 0
      vertex 23.25 1.29904 0
    endloop
  endfacet
  facet normal -0.382656 -0.923891 0
    outer loop
      vertex 24.3882 1.44889 0
      vertex 24.75 1.29904 11.55
      vertex 24.3882 1.44889 11.55
    endloop
  endfacet
  facet normal -0.382656 -0.923891 -0
    outer loop
      vertex 24.75 1.29904 11.55
      vertex 24.3882 1.44889 0
      vertex 24.75 1.29904 0
    endloop
  endfacet
  facet normal 0.382656 -0.923891 0
    outer loop
      vertex 23.25 1.29904 0
      vertex 23.6118 1.44889 11.55
      vertex 23.25 1.29904 11.55
    endloop
  endfacet
  facet normal 0.382656 -0.923891 0
    outer loop
      vertex 23.6118 1.44889 11.55
      vertex 23.25 1.29904 0
      vertex 23.6118 1.44889 0
    endloop
  endfacet
  facet normal -0.923835 0.382791 0
    outer loop
      vertex 25.299 -0.75 0
      vertex 25.4489 -0.388228 11.55
      vertex 25.4489 -0.388228 0
    endloop
  endfacet
  facet normal -0.923835 0.382791 0
    outer loop
      vertex 25.4489 -0.388228 11.55
      vertex 25.299 -0.75 0
      vertex 25.299 -0.75 11.55
    endloop
  endfacet
  facet normal -0.130532 0.991444 0
    outer loop
      vertex 24.3882 -1.44889 0
      vertex 24 -1.5 11.55
      vertex 24.3882 -1.44889 11.55
    endloop
  endfacet
  facet normal -0.130532 0.991444 0
    outer loop
      vertex 24 -1.5 11.55
      vertex 24.3882 -1.44889 0
      vertex 24 -1.5 0
    endloop
  endfacet
  facet normal 0.923835 0.382791 0
    outer loop
      vertex 22.701 -0.75 11.55
      vertex 22.5511 -0.388228 0
      vertex 22.5511 -0.388228 11.55
    endloop
  endfacet
  facet normal 0.923835 0.382791 0
    outer loop
      vertex 22.5511 -0.388228 0
      vertex 22.701 -0.75 11.55
      vertex 22.701 -0.75 0
    endloop
  endfacet
  facet normal -0.608716 -0.793388 0
    outer loop
      vertex 24.75 1.29904 0
      vertex 25.0607 1.06066 11.55
      vertex 24.75 1.29904 11.55
    endloop
  endfacet
  facet normal -0.608716 -0.793388 -0
    outer loop
      vertex 25.0607 1.06066 11.55
      vertex 24.75 1.29904 0
      vertex 25.0607 1.06066 0
    endloop
  endfacet
  facet normal -0.130532 -0.991444 0
    outer loop
      vertex 24 1.5 0
      vertex 24.3882 1.44889 11.55
      vertex 24 1.5 11.55
    endloop
  endfacet
  facet normal -0.130532 -0.991444 -0
    outer loop
      vertex 24.3882 1.44889 11.55
      vertex 24 1.5 0
      vertex 24.3882 1.44889 0
    endloop
  endfacet
  facet normal -0.793449 -0.608636 0
    outer loop
      vertex 25.299 0.75 0
      vertex 25.0607 1.06066 11.55
      vertex 25.0607 1.06066 0
    endloop
  endfacet
  facet normal -0.793449 -0.608636 0
    outer loop
      vertex 25.0607 1.06066 11.55
      vertex 25.299 0.75 0
      vertex 25.299 0.75 11.55
    endloop
  endfacet
  facet normal 0.608716 0.793388 -0
    outer loop
      vertex 23.25 -1.29904 0
      vertex 22.9393 -1.06066 11.55
      vertex 23.25 -1.29904 11.55
    endloop
  endfacet
  facet normal 0.608716 0.793388 0
    outer loop
      vertex 22.9393 -1.06066 11.55
      vertex 23.25 -1.29904 0
      vertex 22.9393 -1.06066 0
    endloop
  endfacet
  facet normal 0.793449 0.608636 0
    outer loop
      vertex 22.9393 -1.06066 11.55
      vertex 22.701 -0.75 0
      vertex 22.701 -0.75 11.55
    endloop
  endfacet
  facet normal 0.793449 0.608636 0
    outer loop
      vertex 22.701 -0.75 0
      vertex 22.9393 -1.06066 11.55
      vertex 22.9393 -1.06066 0
    endloop
  endfacet
  facet normal 0.991449 -0.130498 0
    outer loop
      vertex 22.5 0 11.55
      vertex 22.5511 0.388228 0
      vertex 22.5511 0.388228 11.55
    endloop
  endfacet
  facet normal 0.991449 -0.130498 0
    outer loop
      vertex 22.5511 0.388228 0
      vertex 22.5 0 11.55
      vertex 22.5 0 0
    endloop
  endfacet
  facet normal -0.382765 -0.923846 0
    outer loop
      vertex 17.3588 18.4195 0
      vertex 17.7206 18.2696 11.55
      vertex 17.3588 18.4195 11.55
    endloop
  endfacet
  facet normal -0.382765 -0.923846 -0
    outer loop
      vertex 17.7206 18.2696 11.55
      vertex 17.3588 18.4195 0
      vertex 17.7206 18.2696 0
    endloop
  endfacet
  facet normal -0.608871 -0.793269 0
    outer loop
      vertex 17.7206 18.2696 0
      vertex 18.0312 18.0312 11.55
      vertex 17.7206 18.2696 11.55
    endloop
  endfacet
  facet normal -0.608871 -0.793269 -0
    outer loop
      vertex 18.0312 18.0312 11.55
      vertex 17.7206 18.2696 0
      vertex 18.0312 18.0312 0
    endloop
  endfacet
  facet normal -0.793269 -0.608871 0
    outer loop
      vertex 18.2696 17.7206 0
      vertex 18.0312 18.0312 11.55
      vertex 18.0312 18.0312 0
    endloop
  endfacet
  facet normal -0.793269 -0.608871 0
    outer loop
      vertex 18.0312 18.0312 11.55
      vertex 18.2696 17.7206 0
      vertex 18.2696 17.7206 11.55
    endloop
  endfacet
  facet normal -0.991447 -0.130507 0
    outer loop
      vertex 18.4706 16.9706 0
      vertex 18.4195 17.3588 11.55
      vertex 18.4195 17.3588 0
    endloop
  endfacet
  facet normal -0.991447 -0.130507 0
    outer loop
      vertex 18.4195 17.3588 11.55
      vertex 18.4706 16.9706 0
      vertex 18.4706 16.9706 11.55
    endloop
  endfacet
  facet normal -0.923808 0.382856 0
    outer loop
      vertex 18.2696 16.2206 0
      vertex 18.4195 16.5823 11.55
      vertex 18.4195 16.5823 0
    endloop
  endfacet
  facet normal -0.923808 0.382856 0
    outer loop
      vertex 18.4195 16.5823 11.55
      vertex 18.2696 16.2206 0
      vertex 18.2696 16.2206 11.55
    endloop
  endfacet
  facet normal 0.382856 -0.923808 0
    outer loop
      vertex 16.2206 18.2696 0
      vertex 16.5823 18.4195 11.55
      vertex 16.2206 18.2696 11.55
    endloop
  endfacet
  facet normal 0.382856 -0.923808 0
    outer loop
      vertex 16.5823 18.4195 11.55
      vertex 16.2206 18.2696 0
      vertex 16.5823 18.4195 0
    endloop
  endfacet
  facet normal 0.130474 0.991452 -0
    outer loop
      vertex 16.9706 15.4706 0
      vertex 16.5823 15.5217 11.55
      vertex 16.9706 15.4706 11.55
    endloop
  endfacet
  facet normal 0.130474 0.991452 0
    outer loop
      vertex 16.5823 15.5217 11.55
      vertex 16.9706 15.4706 0
      vertex 16.5823 15.5217 0
    endloop
  endfacet
  facet normal -0.382547 0.923936 0
    outer loop
      vertex 17.7206 15.6715 0
      vertex 17.3588 15.5217 11.55
      vertex 17.7206 15.6715 11.55
    endloop
  endfacet
  facet normal -0.382547 0.923936 0
    outer loop
      vertex 17.3588 15.5217 11.55
      vertex 17.7206 15.6715 0
      vertex 17.3588 15.5217 0
    endloop
  endfacet
  facet normal -0.991452 0.130474 0
    outer loop
      vertex 18.4195 16.5823 0
      vertex 18.4706 16.9706 11.55
      vertex 18.4706 16.9706 0
    endloop
  endfacet
  facet normal -0.991452 0.130474 0
    outer loop
      vertex 18.4706 16.9706 11.55
      vertex 18.4195 16.5823 0
      vertex 18.4195 16.5823 11.55
    endloop
  endfacet
  facet normal 0.991447 -0.130507 0
    outer loop
      vertex 15.4706 16.9706 11.55
      vertex 15.5217 17.3588 0
      vertex 15.5217 17.3588 11.55
    endloop
  endfacet
  facet normal 0.991447 -0.130507 0
    outer loop
      vertex 15.5217 17.3588 0
      vertex 15.4706 16.9706 11.55
      vertex 15.4706 16.9706 0
    endloop
  endfacet
  facet normal -0.923846 -0.382765 0
    outer loop
      vertex 18.4195 17.3588 0
      vertex 18.2696 17.7206 11.55
      vertex 18.2696 17.7206 0
    endloop
  endfacet
  facet normal -0.923846 -0.382765 0
    outer loop
      vertex 18.2696 17.7206 11.55
      vertex 18.4195 17.3588 0
      vertex 18.4195 17.3588 11.55
    endloop
  endfacet
  facet normal 0.608748 0.793364 -0
    outer loop
      vertex 16.2206 15.6715 0
      vertex 15.9099 15.9099 11.55
      vertex 16.2206 15.6715 11.55
    endloop
  endfacet
  facet normal 0.608748 0.793364 0
    outer loop
      vertex 15.9099 15.9099 11.55
      vertex 16.2206 15.6715 0
      vertex 15.9099 15.9099 0
    endloop
  endfacet
  facet normal 0.608748 -0.793364 0
    outer loop
      vertex 15.9099 18.0312 0
      vertex 16.2206 18.2696 11.55
      vertex 15.9099 18.0312 11.55
    endloop
  endfacet
  facet normal 0.608748 -0.793364 0
    outer loop
      vertex 16.2206 18.2696 11.55
      vertex 15.9099 18.0312 0
      vertex 16.2206 18.2696 0
    endloop
  endfacet
  facet normal -0.608871 0.793269 0
    outer loop
      vertex 18.0312 15.9099 0
      vertex 17.7206 15.6715 11.55
      vertex 18.0312 15.9099 11.55
    endloop
  endfacet
  facet normal -0.608871 0.793269 0
    outer loop
      vertex 17.7206 15.6715 11.55
      vertex 18.0312 15.9099 0
      vertex 17.7206 15.6715 0
    endloop
  endfacet
  facet normal 0.923936 -0.382547 0
    outer loop
      vertex 15.5217 17.3588 11.55
      vertex 15.6715 17.7206 0
      vertex 15.6715 17.7206 11.55
    endloop
  endfacet
  facet normal 0.923936 -0.382547 0
    outer loop
      vertex 15.6715 17.7206 0
      vertex 15.5217 17.3588 11.55
      vertex 15.5217 17.3588 0
    endloop
  endfacet
  facet normal 0.923899 0.382638 0
    outer loop
      vertex 15.6715 16.2206 11.55
      vertex 15.5217 16.5823 0
      vertex 15.5217 16.5823 11.55
    endloop
  endfacet
  facet normal 0.923899 0.382638 0
    outer loop
      vertex 15.5217 16.5823 0
      vertex 15.6715 16.2206 11.55
      vertex 15.6715 16.2206 0
    endloop
  endfacet
  facet normal 0.991452 0.130474 0
    outer loop
      vertex 15.5217 16.5823 11.55
      vertex 15.4706 16.9706 0
      vertex 15.4706 16.9706 11.55
    endloop
  endfacet
  facet normal 0.991452 0.130474 0
    outer loop
      vertex 15.4706 16.9706 0
      vertex 15.5217 16.5823 11.55
      vertex 15.5217 16.5823 0
    endloop
  endfacet
  facet normal 0.382638 0.923899 -0
    outer loop
      vertex 16.5823 15.5217 0
      vertex 16.2206 15.6715 11.55
      vertex 16.5823 15.5217 11.55
    endloop
  endfacet
  facet normal 0.382638 0.923899 0
    outer loop
      vertex 16.2206 15.6715 11.55
      vertex 16.5823 15.5217 0
      vertex 16.2206 15.6715 0
    endloop
  endfacet
  facet normal 0.130474 -0.991452 0
    outer loop
      vertex 16.5823 18.4195 0
      vertex 16.9706 18.4706 11.55
      vertex 16.5823 18.4195 11.55
    endloop
  endfacet
  facet normal 0.130474 -0.991452 0
    outer loop
      vertex 16.9706 18.4706 11.55
      vertex 16.5823 18.4195 0
      vertex 16.9706 18.4706 0
    endloop
  endfacet
  facet normal 0.793269 -0.608871 0
    outer loop
      vertex 15.6715 17.7206 11.55
      vertex 15.9099 18.0312 0
      vertex 15.9099 18.0312 11.55
    endloop
  endfacet
  facet normal 0.793269 -0.608871 0
    outer loop
      vertex 15.9099 18.0312 0
      vertex 15.6715 17.7206 11.55
      vertex 15.6715 17.7206 0
    endloop
  endfacet
  facet normal -0.130507 -0.991447 0
    outer loop
      vertex 16.9706 18.4706 0
      vertex 17.3588 18.4195 11.55
      vertex 16.9706 18.4706 11.55
    endloop
  endfacet
  facet normal -0.130507 -0.991447 -0
    outer loop
      vertex 17.3588 18.4195 11.55
      vertex 16.9706 18.4706 0
      vertex 17.3588 18.4195 0
    endloop
  endfacet
  facet normal 0.793364 0.608748 0
    outer loop
      vertex 15.9099 15.9099 11.55
      vertex 15.6715 16.2206 0
      vertex 15.6715 16.2206 11.55
    endloop
  endfacet
  facet normal 0.793364 0.608748 0
    outer loop
      vertex 15.6715 16.2206 0
      vertex 15.9099 15.9099 11.55
      vertex 15.9099 15.9099 0
    endloop
  endfacet
  facet normal -0.130507 0.991447 0
    outer loop
      vertex 17.3588 15.5217 0
      vertex 16.9706 15.4706 11.55
      vertex 17.3588 15.5217 11.55
    endloop
  endfacet
  facet normal -0.130507 0.991447 0
    outer loop
      vertex 16.9706 15.4706 11.55
      vertex 17.3588 15.5217 0
      vertex 16.9706 15.4706 0
    endloop
  endfacet
  facet normal -0.793364 0.608748 0
    outer loop
      vertex 18.0312 15.9099 0
      vertex 18.2696 16.2206 11.55
      vertex 18.2696 16.2206 0
    endloop
  endfacet
  facet normal -0.793364 0.608748 0
    outer loop
      vertex 18.2696 16.2206 11.55
      vertex 18.0312 15.9099 0
      vertex 18.0312 15.9099 11.55
    endloop
  endfacet
  facet normal -0.793388 -0.608716 0
    outer loop
      vertex 1.29904 24.75 0
      vertex 1.06066 25.0607 11.55
      vertex 1.06066 25.0607 0
    endloop
  endfacet
  facet normal -0.793388 -0.608716 0
    outer loop
      vertex 1.06066 25.0607 11.55
      vertex 1.29904 24.75 0
      vertex 1.29904 24.75 11.55
    endloop
  endfacet
  facet normal 0.382791 -0.923835 0
    outer loop
      vertex -0.75 25.299 0
      vertex -0.388228 25.4489 11.55
      vertex -0.75 25.299 11.55
    endloop
  endfacet
  facet normal 0.382791 -0.923835 0
    outer loop
      vertex -0.388228 25.4489 11.55
      vertex -0.75 25.299 0
      vertex -0.388228 25.4489 0
    endloop
  endfacet
  facet normal 0.130498 -0.991449 0
    outer loop
      vertex -0.388228 25.4489 0
      vertex 0 25.5 11.55
      vertex -0.388228 25.4489 11.55
    endloop
  endfacet
  facet normal 0.130498 -0.991449 0
    outer loop
      vertex 0 25.5 11.55
      vertex -0.388228 25.4489 0
      vertex 0 25.5 0
    endloop
  endfacet
  facet normal -0.130498 0.991449 0
    outer loop
      vertex 0.388228 22.5511 0
      vertex 0 22.5 11.55
      vertex 0.388228 22.5511 11.55
    endloop
  endfacet
  facet normal -0.130498 0.991449 0
    outer loop
      vertex 0 22.5 11.55
      vertex 0.388228 22.5511 0
      vertex 0 22.5 0
    endloop
  endfacet
  facet normal -0.923891 -0.382656 0
    outer loop
      vertex 1.44889 24.3882 0
      vertex 1.29904 24.75 11.55
      vertex 1.29904 24.75 0
    endloop
  endfacet
  facet normal -0.923891 -0.382656 0
    outer loop
      vertex 1.29904 24.75 11.55
      vertex 1.44889 24.3882 0
      vertex 1.44889 24.3882 11.55
    endloop
  endfacet
  facet normal 0.382791 0.923835 -0
    outer loop
      vertex -0.388228 22.5511 0
      vertex -0.75 22.701 11.55
      vertex -0.388228 22.5511 11.55
    endloop
  endfacet
  facet normal 0.382791 0.923835 0
    outer loop
      vertex -0.75 22.701 11.55
      vertex -0.388228 22.5511 0
      vertex -0.75 22.701 0
    endloop
  endfacet
  facet normal 0.130498 0.991449 -0
    outer loop
      vertex 0 22.5 0
      vertex -0.388228 22.5511 11.55
      vertex 0 22.5 11.55
    endloop
  endfacet
  facet normal 0.130498 0.991449 0
    outer loop
      vertex -0.388228 22.5511 11.55
      vertex 0 22.5 0
      vertex -0.388228 22.5511 0
    endloop
  endfacet
  facet normal -0.608636 -0.793449 0
    outer loop
      vertex 0.75 25.299 0
      vertex 1.06066 25.0607 11.55
      vertex 0.75 25.299 11.55
    endloop
  endfacet
  facet normal -0.608636 -0.793449 -0
    outer loop
      vertex 1.06066 25.0607 11.55
      vertex 0.75 25.299 0
      vertex 1.06066 25.0607 0
    endloop
  endfacet
  facet normal -0.382791 -0.923835 0
    outer loop
      vertex 0.388228 25.4489 0
      vertex 0.75 25.299 11.55
      vertex 0.388228 25.4489 11.55
    endloop
  endfacet
  facet normal -0.382791 -0.923835 -0
    outer loop
      vertex 0.75 25.299 11.55
      vertex 0.388228 25.4489 0
      vertex 0.75 25.299 0
    endloop
  endfacet
  facet normal -0.130498 -0.991449 0
    outer loop
      vertex 0 25.5 0
      vertex 0.388228 25.4489 11.55
      vertex 0 25.5 11.55
    endloop
  endfacet
  facet normal -0.130498 -0.991449 -0
    outer loop
      vertex 0.388228 25.4489 11.55
      vertex 0 25.5 0
      vertex 0.388228 25.4489 0
    endloop
  endfacet
  facet normal -0.923891 0.382656 0
    outer loop
      vertex 1.29904 23.25 0
      vertex 1.44889 23.6118 11.55
      vertex 1.44889 23.6118 0
    endloop
  endfacet
  facet normal -0.923891 0.382656 0
    outer loop
      vertex 1.44889 23.6118 11.55
      vertex 1.29904 23.25 0
      vertex 1.29904 23.25 11.55
    endloop
  endfacet
  facet normal 0.991444 0.130532 0
    outer loop
      vertex -1.44889 23.6118 11.55
      vertex -1.5 24 0
      vertex -1.5 24 11.55
    endloop
  endfacet
  facet normal 0.991444 0.130532 0
    outer loop
      vertex -1.5 24 0
      vertex -1.44889 23.6118 11.55
      vertex -1.44889 23.6118 0
    endloop
  endfacet
  facet normal -0.991444 0.130532 0
    outer loop
      vertex 1.44889 23.6118 0
      vertex 1.5 24 11.55
      vertex 1.5 24 0
    endloop
  endfacet
  facet normal -0.991444 0.130532 0
    outer loop
      vertex 1.5 24 11.55
      vertex 1.44889 23.6118 0
      vertex 1.44889 23.6118 11.55
    endloop
  endfacet
  facet normal 0.608636 0.793449 -0
    outer loop
      vertex -0.75 22.701 0
      vertex -1.06066 22.9393 11.55
      vertex -0.75 22.701 11.55
    endloop
  endfacet
  facet normal 0.608636 0.793449 0
    outer loop
      vertex -1.06066 22.9393 11.55
      vertex -0.75 22.701 0
      vertex -1.06066 22.9393 0
    endloop
  endfacet
  facet normal 0.793388 0.608716 0
    outer loop
      vertex -1.06066 22.9393 11.55
      vertex -1.29904 23.25 0
      vertex -1.29904 23.25 11.55
    endloop
  endfacet
  facet normal 0.793388 0.608716 0
    outer loop
      vertex -1.29904 23.25 0
      vertex -1.06066 22.9393 11.55
      vertex -1.06066 22.9393 0
    endloop
  endfacet
  facet normal 0.923891 -0.382656 0
    outer loop
      vertex -1.44889 24.3882 11.55
      vertex -1.29904 24.75 0
      vertex -1.29904 24.75 11.55
    endloop
  endfacet
  facet normal 0.923891 -0.382656 0
    outer loop
      vertex -1.29904 24.75 0
      vertex -1.44889 24.3882 11.55
      vertex -1.44889 24.3882 0
    endloop
  endfacet
  facet normal 0.923891 0.382656 0
    outer loop
      vertex -1.29904 23.25 11.55
      vertex -1.44889 23.6118 0
      vertex -1.44889 23.6118 11.55
    endloop
  endfacet
  facet normal 0.923891 0.382656 0
    outer loop
      vertex -1.44889 23.6118 0
      vertex -1.29904 23.25 11.55
      vertex -1.29904 23.25 0
    endloop
  endfacet
  facet normal -0.991444 -0.130532 0
    outer loop
      vertex 1.5 24 0
      vertex 1.44889 24.3882 11.55
      vertex 1.44889 24.3882 0
    endloop
  endfacet
  facet normal -0.991444 -0.130532 0
    outer loop
      vertex 1.44889 24.3882 11.55
      vertex 1.5 24 0
      vertex 1.5 24 11.55
    endloop
  endfacet
  facet normal 0.608636 -0.793449 0
    outer loop
      vertex -1.06066 25.0607 0
      vertex -0.75 25.299 11.55
      vertex -1.06066 25.0607 11.55
    endloop
  endfacet
  facet normal 0.608636 -0.793449 0
    outer loop
      vertex -0.75 25.299 11.55
      vertex -1.06066 25.0607 0
      vertex -0.75 25.299 0
    endloop
  endfacet
  facet normal -0.382791 0.923835 0
    outer loop
      vertex 0.75 22.701 0
      vertex 0.388228 22.5511 11.55
      vertex 0.75 22.701 11.55
    endloop
  endfacet
  facet normal -0.382791 0.923835 0
    outer loop
      vertex 0.388228 22.5511 11.55
      vertex 0.75 22.701 0
      vertex 0.388228 22.5511 0
    endloop
  endfacet
  facet normal 0.793388 -0.608716 0
    outer loop
      vertex -1.29904 24.75 11.55
      vertex -1.06066 25.0607 0
      vertex -1.06066 25.0607 11.55
    endloop
  endfacet
  facet normal 0.793388 -0.608716 0
    outer loop
      vertex -1.06066 25.0607 0
      vertex -1.29904 24.75 11.55
      vertex -1.29904 24.75 0
    endloop
  endfacet
  facet normal 0.991444 -0.130532 0
    outer loop
      vertex -1.5 24 11.55
      vertex -1.44889 24.3882 0
      vertex -1.44889 24.3882 11.55
    endloop
  endfacet
  facet normal 0.991444 -0.130532 0
    outer loop
      vertex -1.44889 24.3882 0
      vertex -1.5 24 11.55
      vertex -1.5 24 0
    endloop
  endfacet
  facet normal -0.793388 0.608716 0
    outer loop
      vertex 1.06066 22.9393 0
      vertex 1.29904 23.25 11.55
      vertex 1.29904 23.25 0
    endloop
  endfacet
  facet normal -0.793388 0.608716 0
    outer loop
      vertex 1.29904 23.25 11.55
      vertex 1.06066 22.9393 0
      vertex 1.06066 22.9393 11.55
    endloop
  endfacet
  facet normal -0.608636 0.793449 0
    outer loop
      vertex 1.06066 22.9393 0
      vertex 0.75 22.701 11.55
      vertex 1.06066 22.9393 11.55
    endloop
  endfacet
  facet normal -0.608636 0.793449 0
    outer loop
      vertex 0.75 22.701 11.55
      vertex 1.06066 22.9393 0
      vertex 0.75 22.701 0
    endloop
  endfacet
  facet normal -0.793269 -0.608871 0
    outer loop
      vertex -15.6715 17.7206 0
      vertex -15.9099 18.0312 11.55
      vertex -15.9099 18.0312 0
    endloop
  endfacet
  facet normal -0.793269 -0.608871 0
    outer loop
      vertex -15.9099 18.0312 11.55
      vertex -15.6715 17.7206 0
      vertex -15.6715 17.7206 11.55
    endloop
  endfacet
  facet normal 0.923846 -0.382765 0
    outer loop
      vertex -18.4195 17.3588 11.55
      vertex -18.2696 17.7206 0
      vertex -18.2696 17.7206 11.55
    endloop
  endfacet
  facet normal 0.923846 -0.382765 0
    outer loop
      vertex -18.2696 17.7206 0
      vertex -18.4195 17.3588 11.55
      vertex -18.4195 17.3588 0
    endloop
  endfacet
  facet normal 0.793269 -0.608871 0
    outer loop
      vertex -18.2696 17.7206 11.55
      vertex -18.0312 18.0312 0
      vertex -18.0312 18.0312 11.55
    endloop
  endfacet
  facet normal 0.793269 -0.608871 0
    outer loop
      vertex -18.0312 18.0312 0
      vertex -18.2696 17.7206 11.55
      vertex -18.2696 17.7206 0
    endloop
  endfacet
  facet normal 0.130507 -0.991447 0
    outer loop
      vertex -17.3588 18.4195 0
      vertex -16.9706 18.4706 11.55
      vertex -17.3588 18.4195 11.55
    endloop
  endfacet
  facet normal 0.130507 -0.991447 0
    outer loop
      vertex -16.9706 18.4706 11.55
      vertex -17.3588 18.4195 0
      vertex -16.9706 18.4706 0
    endloop
  endfacet
  facet normal -0.382856 -0.923808 0
    outer loop
      vertex -16.5823 18.4195 0
      vertex -16.2206 18.2696 11.55
      vertex -16.5823 18.4195 11.55
    endloop
  endfacet
  facet normal -0.382856 -0.923808 -0
    outer loop
      vertex -16.2206 18.2696 11.55
      vertex -16.5823 18.4195 0
      vertex -16.2206 18.2696 0
    endloop
  endfacet
  facet normal 0.923808 0.382856 0
    outer loop
      vertex -18.2696 16.2206 11.55
      vertex -18.4195 16.5823 0
      vertex -18.4195 16.5823 11.55
    endloop
  endfacet
  facet normal 0.923808 0.382856 0
    outer loop
      vertex -18.4195 16.5823 0
      vertex -18.2696 16.2206 11.55
      vertex -18.2696 16.2206 0
    endloop
  endfacet
  facet normal 0.991452 0.130474 0
    outer loop
      vertex -18.4195 16.5823 11.55
      vertex -18.4706 16.9706 0
      vertex -18.4706 16.9706 11.55
    endloop
  endfacet
  facet normal 0.991452 0.130474 0
    outer loop
      vertex -18.4706 16.9706 0
      vertex -18.4195 16.5823 11.55
      vertex -18.4195 16.5823 0
    endloop
  endfacet
  facet normal -0.991452 0.130474 0
    outer loop
      vertex -15.5217 16.5823 0
      vertex -15.4706 16.9706 11.55
      vertex -15.4706 16.9706 0
    endloop
  endfacet
  facet normal -0.991452 0.130474 0
    outer loop
      vertex -15.4706 16.9706 11.55
      vertex -15.5217 16.5823 0
      vertex -15.5217 16.5823 11.55
    endloop
  endfacet
  facet normal -0.130474 -0.991452 0
    outer loop
      vertex -16.9706 18.4706 0
      vertex -16.5823 18.4195 11.55
      vertex -16.9706 18.4706 11.55
    endloop
  endfacet
  facet normal -0.130474 -0.991452 -0
    outer loop
      vertex -16.5823 18.4195 11.55
      vertex -16.9706 18.4706 0
      vertex -16.5823 18.4195 0
    endloop
  endfacet
  facet normal 0.130507 0.991447 -0
    outer loop
      vertex -16.9706 15.4706 0
      vertex -17.3588 15.5217 11.55
      vertex -16.9706 15.4706 11.55
    endloop
  endfacet
  facet normal 0.130507 0.991447 0
    outer loop
      vertex -17.3588 15.5217 11.55
      vertex -16.9706 15.4706 0
      vertex -17.3588 15.5217 0
    endloop
  endfacet
  facet normal -0.923936 -0.382547 0
    outer loop
      vertex -15.5217 17.3588 0
      vertex -15.6715 17.7206 11.55
      vertex -15.6715 17.7206 0
    endloop
  endfacet
  facet normal -0.923936 -0.382547 0
    outer loop
      vertex -15.6715 17.7206 11.55
      vertex -15.5217 17.3588 0
      vertex -15.5217 17.3588 11.55
    endloop
  endfacet
  facet normal 0.382765 -0.923846 0
    outer loop
      vertex -17.7206 18.2696 0
      vertex -17.3588 18.4195 11.55
      vertex -17.7206 18.2696 11.55
    endloop
  endfacet
  facet normal 0.382765 -0.923846 0
    outer loop
      vertex -17.3588 18.4195 11.55
      vertex -17.7206 18.2696 0
      vertex -17.3588 18.4195 0
    endloop
  endfacet
  facet normal -0.793364 0.608748 0
    outer loop
      vertex -15.9099 15.9099 0
      vertex -15.6715 16.2206 11.55
      vertex -15.6715 16.2206 0
    endloop
  endfacet
  facet normal -0.793364 0.608748 0
    outer loop
      vertex -15.6715 16.2206 11.55
      vertex -15.9099 15.9099 0
      vertex -15.9099 15.9099 11.55
    endloop
  endfacet
  facet normal 0.382547 0.923936 -0
    outer loop
      vertex -17.3588 15.5217 0
      vertex -17.7206 15.6715 11.55
      vertex -17.3588 15.5217 11.55
    endloop
  endfacet
  facet normal 0.382547 0.923936 0
    outer loop
      vertex -17.7206 15.6715 11.55
      vertex -17.3588 15.5217 0
      vertex -17.7206 15.6715 0
    endloop
  endfacet
  facet normal -0.382638 0.923899 0
    outer loop
      vertex -16.2206 15.6715 0
      vertex -16.5823 15.5217 11.55
      vertex -16.2206 15.6715 11.55
    endloop
  endfacet
  facet normal -0.382638 0.923899 0
    outer loop
      vertex -16.5823 15.5217 11.55
      vertex -16.2206 15.6715 0
      vertex -16.5823 15.5217 0
    endloop
  endfacet
  facet normal 0.793364 0.608748 0
    outer loop
      vertex -18.0312 15.9099 11.55
      vertex -18.2696 16.2206 0
      vertex -18.2696 16.2206 11.55
    endloop
  endfacet
  facet normal 0.793364 0.608748 0
    outer loop
      vertex -18.2696 16.2206 0
      vertex -18.0312 15.9099 11.55
      vertex -18.0312 15.9099 0
    endloop
  endfacet
  facet normal -0.130474 0.991452 0
    outer loop
      vertex -16.5823 15.5217 0
      vertex -16.9706 15.4706 11.55
      vertex -16.5823 15.5217 11.55
    endloop
  endfacet
  facet normal -0.130474 0.991452 0
    outer loop
      vertex -16.9706 15.4706 11.55
      vertex -16.5823 15.5217 0
      vertex -16.9706 15.4706 0
    endloop
  endfacet
  facet normal -0.923899 0.382638 0
    outer loop
      vertex -15.6715 16.2206 0
      vertex -15.5217 16.5823 11.55
      vertex -15.5217 16.5823 0
    endloop
  endfacet
  facet normal -0.923899 0.382638 0
    outer loop
      vertex -15.5217 16.5823 11.55
      vertex -15.6715 16.2206 0
      vertex -15.6715 16.2206 11.55
    endloop
  endfacet
  facet normal 0.608871 0.793269 -0
    outer loop
      vertex -17.7206 15.6715 0
      vertex -18.0312 15.9099 11.55
      vertex -17.7206 15.6715 11.55
    endloop
  endfacet
  facet normal 0.608871 0.793269 0
    outer loop
      vertex -18.0312 15.9099 11.55
      vertex -17.7206 15.6715 0
      vertex -18.0312 15.9099 0
    endloop
  endfacet
  facet normal 0.608871 -0.793269 0
    outer loop
      vertex -18.0312 18.0312 0
      vertex -17.7206 18.2696 11.55
      vertex -18.0312 18.0312 11.55
    endloop
  endfacet
  facet normal 0.608871 -0.793269 0
    outer loop
      vertex -17.7206 18.2696 11.55
      vertex -18.0312 18.0312 0
      vertex -17.7206 18.2696 0
    endloop
  endfacet
  facet normal 0.991447 -0.130507 0
    outer loop
      vertex -18.4706 16.9706 11.55
      vertex -18.4195 17.3588 0
      vertex -18.4195 17.3588 11.55
    endloop
  endfacet
  facet normal 0.991447 -0.130507 0
    outer loop
      vertex -18.4195 17.3588 0
      vertex -18.4706 16.9706 11.55
      vertex -18.4706 16.9706 0
    endloop
  endfacet
  facet normal -0.991447 -0.130507 0
    outer loop
      vertex -15.4706 16.9706 0
      vertex -15.5217 17.3588 11.55
      vertex -15.5217 17.3588 0
    endloop
  endfacet
  facet normal -0.991447 -0.130507 0
    outer loop
      vertex -15.5217 17.3588 11.55
      vertex -15.4706 16.9706 0
      vertex -15.4706 16.9706 11.55
    endloop
  endfacet
  facet normal -0.608748 0.793364 0
    outer loop
      vertex -15.9099 15.9099 0
      vertex -16.2206 15.6715 11.55
      vertex -15.9099 15.9099 11.55
    endloop
  endfacet
  facet normal -0.608748 0.793364 0
    outer loop
      vertex -16.2206 15.6715 11.55
      vertex -15.9099 15.9099 0
      vertex -16.2206 15.6715 0
    endloop
  endfacet
  facet normal -0.608748 -0.793364 0
    outer loop
      vertex -16.2206 18.2696 0
      vertex -15.9099 18.0312 11.55
      vertex -16.2206 18.2696 11.55
    endloop
  endfacet
  facet normal -0.608748 -0.793364 -0
    outer loop
      vertex -15.9099 18.0312 11.55
      vertex -16.2206 18.2696 0
      vertex -15.9099 18.0312 0
    endloop
  endfacet
  facet normal 0.608716 -0.793388 0
    outer loop
      vertex -25.0607 1.06066 0
      vertex -24.75 1.29904 11.55
      vertex -25.0607 1.06066 11.55
    endloop
  endfacet
  facet normal 0.608716 -0.793388 0
    outer loop
      vertex -24.75 1.29904 11.55
      vertex -25.0607 1.06066 0
      vertex -24.75 1.29904 0
    endloop
  endfacet
  facet normal -0.382656 -0.923891 0
    outer loop
      vertex -23.6118 1.44889 0
      vertex -23.25 1.29904 11.55
      vertex -23.6118 1.44889 11.55
    endloop
  endfacet
  facet normal -0.382656 -0.923891 -0
    outer loop
      vertex -23.25 1.29904 11.55
      vertex -23.6118 1.44889 0
      vertex -23.25 1.29904 0
    endloop
  endfacet
  facet normal -0.991449 -0.130498 0
    outer loop
      vertex -22.5 0 0
      vertex -22.5511 0.388228 11.55
      vertex -22.5511 0.388228 0
    endloop
  endfacet
  facet normal -0.991449 -0.130498 0
    outer loop
      vertex -22.5511 0.388228 11.55
      vertex -22.5 0 0
      vertex -22.5 0 11.55
    endloop
  endfacet
  facet normal 0.382656 -0.923891 0
    outer loop
      vertex -24.75 1.29904 0
      vertex -24.3882 1.44889 11.55
      vertex -24.75 1.29904 11.55
    endloop
  endfacet
  facet normal 0.382656 -0.923891 0
    outer loop
      vertex -24.3882 1.44889 11.55
      vertex -24.75 1.29904 0
      vertex -24.3882 1.44889 0
    endloop
  endfacet
  facet normal -0.923835 0.382791 0
    outer loop
      vertex -22.701 -0.75 0
      vertex -22.5511 -0.388228 11.55
      vertex -22.5511 -0.388228 0
    endloop
  endfacet
  facet normal -0.923835 0.382791 0
    outer loop
      vertex -22.5511 -0.388228 11.55
      vertex -22.701 -0.75 0
      vertex -22.701 -0.75 11.55
    endloop
  endfacet
  facet normal 0.991449 0.130498 0
    outer loop
      vertex -25.4489 -0.388228 11.55
      vertex -25.5 0 0
      vertex -25.5 0 11.55
    endloop
  endfacet
  facet normal 0.991449 0.130498 0
    outer loop
      vertex -25.5 0 0
      vertex -25.4489 -0.388228 11.55
      vertex -25.4489 -0.388228 0
    endloop
  endfacet
  facet normal 0.608716 0.793388 -0
    outer loop
      vertex -24.75 -1.29904 0
      vertex -25.0607 -1.06066 11.55
      vertex -24.75 -1.29904 11.55
    endloop
  endfacet
  facet normal 0.608716 0.793388 0
    outer loop
      vertex -25.0607 -1.06066 11.55
      vertex -24.75 -1.29904 0
      vertex -25.0607 -1.06066 0
    endloop
  endfacet
  facet normal -0.991449 0.130498 0
    outer loop
      vertex -22.5511 -0.388228 0
      vertex -22.5 0 11.55
      vertex -22.5 0 0
    endloop
  endfacet
  facet normal -0.991449 0.130498 0
    outer loop
      vertex -22.5 0 11.55
      vertex -22.5511 -0.388228 0
      vertex -22.5511 -0.388228 11.55
    endloop
  endfacet
  facet normal 0.793449 -0.608636 0
    outer loop
      vertex -25.299 0.75 11.55
      vertex -25.0607 1.06066 0
      vertex -25.0607 1.06066 11.55
    endloop
  endfacet
  facet normal 0.793449 -0.608636 0
    outer loop
      vertex -25.0607 1.06066 0
      vertex -25.299 0.75 11.55
      vertex -25.299 0.75 0
    endloop
  endfacet
  facet normal 0.923835 -0.382791 0
    outer loop
      vertex -25.4489 0.388228 11.55
      vertex -25.299 0.75 0
      vertex -25.299 0.75 11.55
    endloop
  endfacet
  facet normal 0.923835 -0.382791 0
    outer loop
      vertex -25.299 0.75 0
      vertex -25.4489 0.388228 11.55
      vertex -25.4489 0.388228 0
    endloop
  endfacet
  facet normal 0.991449 -0.130498 0
    outer loop
      vertex -25.5 0 11.55
      vertex -25.4489 0.388228 0
      vertex -25.4489 0.388228 11.55
    endloop
  endfacet
  facet normal 0.991449 -0.130498 0
    outer loop
      vertex -25.4489 0.388228 0
      vertex -25.5 0 11.55
      vertex -25.5 0 0
    endloop
  endfacet
  facet normal 0.923835 0.382791 0
    outer loop
      vertex -25.299 -0.75 11.55
      vertex -25.4489 -0.388228 0
      vertex -25.4489 -0.388228 11.55
    endloop
  endfacet
  facet normal 0.923835 0.382791 0
    outer loop
      vertex -25.4489 -0.388228 0
      vertex -25.299 -0.75 11.55
      vertex -25.299 -0.75 0
    endloop
  endfacet
  facet normal -0.130532 0.991444 0
    outer loop
      vertex -23.6118 -1.44889 0
      vertex -24 -1.5 11.55
      vertex -23.6118 -1.44889 11.55
    endloop
  endfacet
  facet normal -0.130532 0.991444 0
    outer loop
      vertex -24 -1.5 11.55
      vertex -23.6118 -1.44889 0
      vertex -24 -1.5 0
    endloop
  endfacet
  facet normal -0.130532 -0.991444 0
    outer loop
      vertex -24 1.5 0
      vertex -23.6118 1.44889 11.55
      vertex -24 1.5 11.55
    endloop
  endfacet
  facet normal -0.130532 -0.991444 -0
    outer loop
      vertex -23.6118 1.44889 11.55
      vertex -24 1.5 0
      vertex -23.6118 1.44889 0
    endloop
  endfacet
  facet normal -0.793449 0.608636 0
    outer loop
      vertex -22.9393 -1.06066 0
      vertex -22.701 -0.75 11.55
      vertex -22.701 -0.75 0
    endloop
  endfacet
  facet normal -0.793449 0.608636 0
    outer loop
      vertex -22.701 -0.75 11.55
      vertex -22.9393 -1.06066 0
      vertex -22.9393 -1.06066 11.55
    endloop
  endfacet
  facet normal -0.608716 0.793388 0
    outer loop
      vertex -22.9393 -1.06066 0
      vertex -23.25 -1.29904 11.55
      vertex -22.9393 -1.06066 11.55
    endloop
  endfacet
  facet normal -0.608716 0.793388 0
    outer loop
      vertex -23.25 -1.29904 11.55
      vertex -22.9393 -1.06066 0
      vertex -23.25 -1.29904 0
    endloop
  endfacet
  facet normal 0.382656 0.923891 -0
    outer loop
      vertex -24.3882 -1.44889 0
      vertex -24.75 -1.29904 11.55
      vertex -24.3882 -1.44889 11.55
    endloop
  endfacet
  facet normal 0.382656 0.923891 0
    outer loop
      vertex -24.75 -1.29904 11.55
      vertex -24.3882 -1.44889 0
      vertex -24.75 -1.29904 0
    endloop
  endfacet
  facet normal -0.382656 0.923891 0
    outer loop
      vertex -23.25 -1.29904 0
      vertex -23.6118 -1.44889 11.55
      vertex -23.25 -1.29904 11.55
    endloop
  endfacet
  facet normal -0.382656 0.923891 0
    outer loop
      vertex -23.6118 -1.44889 11.55
      vertex -23.25 -1.29904 0
      vertex -23.6118 -1.44889 0
    endloop
  endfacet
  facet normal 0.130532 -0.991444 0
    outer loop
      vertex -24.3882 1.44889 0
      vertex -24 1.5 11.55
      vertex -24.3882 1.44889 11.55
    endloop
  endfacet
  facet normal 0.130532 -0.991444 0
    outer loop
      vertex -24 1.5 11.55
      vertex -24.3882 1.44889 0
      vertex -24 1.5 0
    endloop
  endfacet
  facet normal -0.923835 -0.382791 0
    outer loop
      vertex -22.5511 0.388228 0
      vertex -22.701 0.75 11.55
      vertex -22.701 0.75 0
    endloop
  endfacet
  facet normal -0.923835 -0.382791 0
    outer loop
      vertex -22.701 0.75 11.55
      vertex -22.5511 0.388228 0
      vertex -22.5511 0.388228 11.55
    endloop
  endfacet
  facet normal 0.130532 0.991444 -0
    outer loop
      vertex -24 -1.5 0
      vertex -24.3882 -1.44889 11.55
      vertex -24 -1.5 11.55
    endloop
  endfacet
  facet normal 0.130532 0.991444 0
    outer loop
      vertex -24.3882 -1.44889 11.55
      vertex -24 -1.5 0
      vertex -24.3882 -1.44889 0
    endloop
  endfacet
  facet normal 0.793449 0.608636 0
    outer loop
      vertex -25.0607 -1.06066 11.55
      vertex -25.299 -0.75 0
      vertex -25.299 -0.75 11.55
    endloop
  endfacet
  facet normal 0.793449 0.608636 0
    outer loop
      vertex -25.299 -0.75 0
      vertex -25.0607 -1.06066 11.55
      vertex -25.0607 -1.06066 0
    endloop
  endfacet
  facet normal -0.793449 -0.608636 0
    outer loop
      vertex -22.701 0.75 0
      vertex -22.9393 1.06066 11.55
      vertex -22.9393 1.06066 0
    endloop
  endfacet
  facet normal -0.793449 -0.608636 0
    outer loop
      vertex -22.9393 1.06066 11.55
      vertex -22.701 0.75 0
      vertex -22.701 0.75 11.55
    endloop
  endfacet
  facet normal -0.608716 -0.793388 0
    outer loop
      vertex -23.25 1.29904 0
      vertex -22.9393 1.06066 11.55
      vertex -23.25 1.29904 11.55
    endloop
  endfacet
  facet normal -0.608716 -0.793388 -0
    outer loop
      vertex -22.9393 1.06066 11.55
      vertex -23.25 1.29904 0
      vertex -22.9393 1.06066 0
    endloop
  endfacet
  facet normal 0.991447 0.130507 0
    outer loop
      vertex -18.4195 -17.3588 11.55
      vertex -18.4706 -16.9706 0
      vertex -18.4706 -16.9706 11.55
    endloop
  endfacet
  facet normal 0.991447 0.130507 0
    outer loop
      vertex -18.4706 -16.9706 0
      vertex -18.4195 -17.3588 11.55
      vertex -18.4195 -17.3588 0
    endloop
  endfacet
  facet normal 0.608871 -0.793269 0
    outer loop
      vertex -18.0312 -15.9099 0
      vertex -17.7206 -15.6715 11.55
      vertex -18.0312 -15.9099 11.55
    endloop
  endfacet
  facet normal 0.608871 -0.793269 0
    outer loop
      vertex -17.7206 -15.6715 11.55
      vertex -18.0312 -15.9099 0
      vertex -17.7206 -15.6715 0
    endloop
  endfacet
  facet normal 0.793269 0.608871 0
    outer loop
      vertex -18.0312 -18.0312 11.55
      vertex -18.2696 -17.7206 0
      vertex -18.2696 -17.7206 11.55
    endloop
  endfacet
  facet normal 0.793269 0.608871 0
    outer loop
      vertex -18.2696 -17.7206 0
      vertex -18.0312 -18.0312 11.55
      vertex -18.0312 -18.0312 0
    endloop
  endfacet
  facet normal 0.923808 -0.382856 0
    outer loop
      vertex -18.4195 -16.5823 11.55
      vertex -18.2696 -16.2206 0
      vertex -18.2696 -16.2206 11.55
    endloop
  endfacet
  facet normal 0.923808 -0.382856 0
    outer loop
      vertex -18.2696 -16.2206 0
      vertex -18.4195 -16.5823 11.55
      vertex -18.4195 -16.5823 0
    endloop
  endfacet
  facet normal -0.382856 0.923808 0
    outer loop
      vertex -16.2206 -18.2696 0
      vertex -16.5823 -18.4195 11.55
      vertex -16.2206 -18.2696 11.55
    endloop
  endfacet
  facet normal -0.382856 0.923808 0
    outer loop
      vertex -16.5823 -18.4195 11.55
      vertex -16.2206 -18.2696 0
      vertex -16.5823 -18.4195 0
    endloop
  endfacet
  facet normal 0.608871 0.793269 -0
    outer loop
      vertex -17.7206 -18.2696 0
      vertex -18.0312 -18.0312 11.55
      vertex -17.7206 -18.2696 11.55
    endloop
  endfacet
  facet normal 0.608871 0.793269 0
    outer loop
      vertex -18.0312 -18.0312 11.55
      vertex -17.7206 -18.2696 0
      vertex -18.0312 -18.0312 0
    endloop
  endfacet
  facet normal -0.130474 0.991452 0
    outer loop
      vertex -16.5823 -18.4195 0
      vertex -16.9706 -18.4706 11.55
      vertex -16.5823 -18.4195 11.55
    endloop
  endfacet
  facet normal -0.130474 0.991452 0
    outer loop
      vertex -16.9706 -18.4706 11.55
      vertex -16.5823 -18.4195 0
      vertex -16.9706 -18.4706 0
    endloop
  endfacet
  facet normal -0.130474 -0.991452 0
    outer loop
      vertex -16.9706 -15.4706 0
      vertex -16.5823 -15.5217 11.55
      vertex -16.9706 -15.4706 11.55
    endloop
  endfacet
  facet normal -0.130474 -0.991452 -0
    outer loop
      vertex -16.5823 -15.5217 11.55
      vertex -16.9706 -15.4706 0
      vertex -16.5823 -15.5217 0
    endloop
  endfacet
  facet normal -0.923899 -0.382638 0
    outer loop
      vertex -15.5217 -16.5823 0
      vertex -15.6715 -16.2206 11.55
      vertex -15.6715 -16.2206 0
    endloop
  endfacet
  facet normal -0.923899 -0.382638 0
    outer loop
      vertex -15.6715 -16.2206 11.55
      vertex -15.5217 -16.5823 0
      vertex -15.5217 -16.5823 11.55
    endloop
  endfacet
  facet normal -0.793364 -0.608748 0
    outer loop
      vertex -15.6715 -16.2206 0
      vertex -15.9099 -15.9099 11.55
      vertex -15.9099 -15.9099 0
    endloop
  endfacet
  facet normal -0.793364 -0.608748 0
    outer loop
      vertex -15.9099 -15.9099 11.55
      vertex -15.6715 -16.2206 0
      vertex -15.6715 -16.2206 11.55
    endloop
  endfacet
  facet normal 0.991452 -0.130474 0
    outer loop
      vertex -18.4706 -16.9706 11.55
      vertex -18.4195 -16.5823 0
      vertex -18.4195 -16.5823 11.55
    endloop
  endfacet
  facet normal 0.991452 -0.130474 0
    outer loop
      vertex -18.4195 -16.5823 0
      vertex -18.4706 -16.9706 11.55
      vertex -18.4706 -16.9706 0
    endloop
  endfacet
  facet normal -0.991447 0.130507 0
    outer loop
      vertex -15.5217 -17.3588 0
      vertex -15.4706 -16.9706 11.55
      vertex -15.4706 -16.9706 0
    endloop
  endfacet
  facet normal -0.991447 0.130507 0
    outer loop
      vertex -15.4706 -16.9706 11.55
      vertex -15.5217 -17.3588 0
      vertex -15.5217 -17.3588 11.55
    endloop
  endfacet
  facet normal 0.382547 -0.923936 0
    outer loop
      vertex -17.7206 -15.6715 0
      vertex -17.3588 -15.5217 11.55
      vertex -17.7206 -15.6715 11.55
    endloop
  endfacet
  facet normal 0.382547 -0.923936 0
    outer loop
      vertex -17.3588 -15.5217 11.55
      vertex -17.7206 -15.6715 0
      vertex -17.3588 -15.5217 0
    endloop
  endfacet
  facet normal 0.382765 0.923846 -0
    outer loop
      vertex -17.3588 -18.4195 0
      vertex -17.7206 -18.2696 11.55
      vertex -17.3588 -18.4195 11.55
    endloop
  endfacet
  facet normal 0.382765 0.923846 0
    outer loop
      vertex -17.7206 -18.2696 11.55
      vertex -17.3588 -18.4195 0
      vertex -17.7206 -18.2696 0
    endloop
  endfacet
  facet normal -0.991452 -0.130474 0
    outer loop
      vertex -15.4706 -16.9706 0
      vertex -15.5217 -16.5823 11.55
      vertex -15.5217 -16.5823 0
    endloop
  endfacet
  facet normal -0.991452 -0.130474 0
    outer loop
      vertex -15.5217 -16.5823 11.55
      vertex -15.4706 -16.9706 0
      vertex -15.4706 -16.9706 11.55
    endloop
  endfacet
  facet normal -0.923936 0.382547 0
    outer loop
      vertex -15.6715 -17.7206 0
      vertex -15.5217 -17.3588 11.55
      vertex -15.5217 -17.3588 0
    endloop
  endfacet
  facet normal -0.923936 0.382547 0
    outer loop
      vertex -15.5217 -17.3588 11.55
      vertex -15.6715 -17.7206 0
      vertex -15.6715 -17.7206 11.55
    endloop
  endfacet
  facet normal -0.608748 0.793364 0
    outer loop
      vertex -15.9099 -18.0312 0
      vertex -16.2206 -18.2696 11.55
      vertex -15.9099 -18.0312 11.55
    endloop
  endfacet
  facet normal -0.608748 0.793364 0
    outer loop
      vertex -16.2206 -18.2696 11.55
      vertex -15.9099 -18.0312 0
      vertex -16.2206 -18.2696 0
    endloop
  endfacet
  facet normal 0.923846 0.382765 0
    outer loop
      vertex -18.2696 -17.7206 11.55
      vertex -18.4195 -17.3588 0
      vertex -18.4195 -17.3588 11.55
    endloop
  endfacet
  facet normal 0.923846 0.382765 0
    outer loop
      vertex -18.4195 -17.3588 0
      vertex -18.2696 -17.7206 11.55
      vertex -18.2696 -17.7206 0
    endloop
  endfacet
  facet normal -0.382638 -0.923899 0
    outer loop
      vertex -16.5823 -15.5217 0
      vertex -16.2206 -15.6715 11.55
      vertex -16.5823 -15.5217 11.55
    endloop
  endfacet
  facet normal -0.382638 -0.923899 -0
    outer loop
      vertex -16.2206 -15.6715 11.55
      vertex -16.5823 -15.5217 0
      vertex -16.2206 -15.6715 0
    endloop
  endfacet
  facet normal -0.793269 0.608871 0
    outer loop
      vertex -15.9099 -18.0312 0
      vertex -15.6715 -17.7206 11.55
      vertex -15.6715 -17.7206 0
    endloop
  endfacet
  facet normal -0.793269 0.608871 0
    outer loop
      vertex -15.6715 -17.7206 11.55
      vertex -15.9099 -18.0312 0
      vertex -15.9099 -18.0312 11.55
    endloop
  endfacet
  facet normal 0.130507 0.991447 -0
    outer loop
      vertex -16.9706 -18.4706 0
      vertex -17.3588 -18.4195 11.55
      vertex -16.9706 -18.4706 11.55
    endloop
  endfacet
  facet normal 0.130507 0.991447 0
    outer loop
      vertex -17.3588 -18.4195 11.55
      vertex -16.9706 -18.4706 0
      vertex -17.3588 -18.4195 0
    endloop
  endfacet
  facet normal 0.130507 -0.991447 0
    outer loop
      vertex -17.3588 -15.5217 0
      vertex -16.9706 -15.4706 11.55
      vertex -17.3588 -15.5217 11.55
    endloop
  endfacet
  facet normal 0.130507 -0.991447 0
    outer loop
      vertex -16.9706 -15.4706 11.55
      vertex -17.3588 -15.5217 0
      vertex -16.9706 -15.4706 0
    endloop
  endfacet
  facet normal -0.608748 -0.793364 0
    outer loop
      vertex -16.2206 -15.6715 0
      vertex -15.9099 -15.9099 11.55
      vertex -16.2206 -15.6715 11.55
    endloop
  endfacet
  facet normal -0.608748 -0.793364 -0
    outer loop
      vertex -15.9099 -15.9099 11.55
      vertex -16.2206 -15.6715 0
      vertex -15.9099 -15.9099 0
    endloop
  endfacet
  facet normal 0.793364 -0.608748 0
    outer loop
      vertex -18.2696 -16.2206 11.55
      vertex -18.0312 -15.9099 0
      vertex -18.0312 -15.9099 11.55
    endloop
  endfacet
  facet normal 0.793364 -0.608748 0
    outer loop
      vertex -18.0312 -15.9099 0
      vertex -18.2696 -16.2206 11.55
      vertex -18.2696 -16.2206 0
    endloop
  endfacet
  facet normal 0.793388 0.608716 0
    outer loop
      vertex -1.06066 -25.0607 11.55
      vertex -1.29904 -24.75 0
      vertex -1.29904 -24.75 11.55
    endloop
  endfacet
  facet normal 0.793388 0.608716 0
    outer loop
      vertex -1.29904 -24.75 0
      vertex -1.06066 -25.0607 11.55
      vertex -1.06066 -25.0607 0
    endloop
  endfacet
  facet normal -0.608636 -0.793449 0
    outer loop
      vertex 0.75 -22.701 0
      vertex 1.06066 -22.9393 11.55
      vertex 0.75 -22.701 11.55
    endloop
  endfacet
  facet normal -0.608636 -0.793449 -0
    outer loop
      vertex 1.06066 -22.9393 11.55
      vertex 0.75 -22.701 0
      vertex 1.06066 -22.9393 0
    endloop
  endfacet
  facet normal 0.923891 -0.382656 0
    outer loop
      vertex -1.44889 -23.6118 11.55
      vertex -1.29904 -23.25 0
      vertex -1.29904 -23.25 11.55
    endloop
  endfacet
  facet normal 0.923891 -0.382656 0
    outer loop
      vertex -1.29904 -23.25 0
      vertex -1.44889 -23.6118 11.55
      vertex -1.44889 -23.6118 0
    endloop
  endfacet
  facet normal 0.130498 -0.991449 0
    outer loop
      vertex -0.388228 -22.5511 0
      vertex 0 -22.5 11.55
      vertex -0.388228 -22.5511 11.55
    endloop
  endfacet
  facet normal 0.130498 -0.991449 0
    outer loop
      vertex 0 -22.5 11.55
      vertex -0.388228 -22.5511 0
      vertex 0 -22.5 0
    endloop
  endfacet
  facet normal 0.923891 0.382656 0
    outer loop
      vertex -1.29904 -24.75 11.55
      vertex -1.44889 -24.3882 0
      vertex -1.44889 -24.3882 11.55
    endloop
  endfacet
  facet normal 0.923891 0.382656 0
    outer loop
      vertex -1.44889 -24.3882 0
      vertex -1.29904 -24.75 11.55
      vertex -1.29904 -24.75 0
    endloop
  endfacet
  facet normal -0.382791 -0.923835 0
    outer loop
      vertex 0.388228 -22.5511 0
      vertex 0.75 -22.701 11.55
      vertex 0.388228 -22.5511 11.55
    endloop
  endfacet
  facet normal -0.382791 -0.923835 -0
    outer loop
      vertex 0.75 -22.701 11.55
      vertex 0.388228 -22.5511 0
      vertex 0.75 -22.701 0
    endloop
  endfacet
  facet normal -0.130498 0.991449 0
    outer loop
      vertex 0.388228 -25.4489 0
      vertex 0 -25.5 11.55
      vertex 0.388228 -25.4489 11.55
    endloop
  endfacet
  facet normal -0.130498 0.991449 0
    outer loop
      vertex 0 -25.5 11.55
      vertex 0.388228 -25.4489 0
      vertex 0 -25.5 0
    endloop
  endfacet
  facet normal -0.991444 0.130532 0
    outer loop
      vertex 1.44889 -24.3882 0
      vertex 1.5 -24 11.55
      vertex 1.5 -24 0
    endloop
  endfacet
  facet normal -0.991444 0.130532 0
    outer loop
      vertex 1.5 -24 11.55
      vertex 1.44889 -24.3882 0
      vertex 1.44889 -24.3882 11.55
    endloop
  endfacet
  facet normal -0.793388 0.608716 0
    outer loop
      vertex 1.06066 -25.0607 0
      vertex 1.29904 -24.75 11.55
      vertex 1.29904 -24.75 0
    endloop
  endfacet
  facet normal -0.793388 0.608716 0
    outer loop
      vertex 1.29904 -24.75 11.55
      vertex 1.06066 -25.0607 0
      vertex 1.06066 -25.0607 11.55
    endloop
  endfacet
  facet normal 0.608636 0.793449 -0
    outer loop
      vertex -0.75 -25.299 0
      vertex -1.06066 -25.0607 11.55
      vertex -0.75 -25.299 11.55
    endloop
  endfacet
  facet normal 0.608636 0.793449 0
    outer loop
      vertex -1.06066 -25.0607 11.55
      vertex -0.75 -25.299 0
      vertex -1.06066 -25.0607 0
    endloop
  endfacet
  facet normal 0.130498 0.991449 -0
    outer loop
      vertex 0 -25.5 0
      vertex -0.388228 -25.4489 11.55
      vertex 0 -25.5 11.55
    endloop
  endfacet
  facet normal 0.130498 0.991449 0
    outer loop
      vertex -0.388228 -25.4489 11.55
      vertex 0 -25.5 0
      vertex -0.388228 -25.4489 0
    endloop
  endfacet
  facet normal -0.382791 0.923835 0
    outer loop
      vertex 0.75 -25.299 0
      vertex 0.388228 -25.4489 11.55
      vertex 0.75 -25.299 11.55
    endloop
  endfacet
  facet normal -0.382791 0.923835 0
    outer loop
      vertex 0.388228 -25.4489 11.55
      vertex 0.75 -25.299 0
      vertex 0.388228 -25.4489 0
    endloop
  endfacet
  facet normal 0.991444 -0.130532 0
    outer loop
      vertex -1.5 -24 11.55
      vertex -1.44889 -23.6118 0
      vertex -1.44889 -23.6118 11.55
    endloop
  endfacet
  facet normal 0.991444 -0.130532 0
    outer loop
      vertex -1.44889 -23.6118 0
      vertex -1.5 -24 11.55
      vertex -1.5 -24 0
    endloop
  endfacet
  facet normal -0.991444 -0.130532 0
    outer loop
      vertex 1.5 -24 0
      vertex 1.44889 -23.6118 11.55
      vertex 1.44889 -23.6118 0
    endloop
  endfacet
  facet normal -0.991444 -0.130532 0
    outer loop
      vertex 1.44889 -23.6118 11.55
      vertex 1.5 -24 0
      vertex 1.5 -24 11.55
    endloop
  endfacet
  facet normal -0.793388 -0.608716 0
    outer loop
      vertex 1.29904 -23.25 0
      vertex 1.06066 -22.9393 11.55
      vertex 1.06066 -22.9393 0
    endloop
  endfacet
  facet normal -0.793388 -0.608716 0
    outer loop
      vertex 1.06066 -22.9393 11.55
      vertex 1.29904 -23.25 0
      vertex 1.29904 -23.25 11.55
    endloop
  endfacet
  facet normal -0.923891 0.382656 0
    outer loop
      vertex 1.29904 -24.75 0
      vertex 1.44889 -24.3882 11.55
      vertex 1.44889 -24.3882 0
    endloop
  endfacet
  facet normal -0.923891 0.382656 0
    outer loop
      vertex 1.44889 -24.3882 11.55
      vertex 1.29904 -24.75 0
      vertex 1.29904 -24.75 11.55
    endloop
  endfacet
  facet normal -0.923891 -0.382656 0
    outer loop
      vertex 1.44889 -23.6118 0
      vertex 1.29904 -23.25 11.55
      vertex 1.29904 -23.25 0
    endloop
  endfacet
  facet normal -0.923891 -0.382656 0
    outer loop
      vertex 1.29904 -23.25 11.55
      vertex 1.44889 -23.6118 0
      vertex 1.44889 -23.6118 11.55
    endloop
  endfacet
  facet normal 0.382791 0.923835 -0
    outer loop
      vertex -0.388228 -25.4489 0
      vertex -0.75 -25.299 11.55
      vertex -0.388228 -25.4489 11.55
    endloop
  endfacet
  facet normal 0.382791 0.923835 0
    outer loop
      vertex -0.75 -25.299 11.55
      vertex -0.388228 -25.4489 0
      vertex -0.75 -25.299 0
    endloop
  endfacet
  facet normal 0.991444 0.130532 0
    outer loop
      vertex -1.44889 -24.3882 11.55
      vertex -1.5 -24 0
      vertex -1.5 -24 11.55
    endloop
  endfacet
  facet normal 0.991444 0.130532 0
    outer loop
      vertex -1.5 -24 0
      vertex -1.44889 -24.3882 11.55
      vertex -1.44889 -24.3882 0
    endloop
  endfacet
  facet normal 0.382791 -0.923835 0
    outer loop
      vertex -0.75 -22.701 0
      vertex -0.388228 -22.5511 11.55
      vertex -0.75 -22.701 11.55
    endloop
  endfacet
  facet normal 0.382791 -0.923835 0
    outer loop
      vertex -0.388228 -22.5511 11.55
      vertex -0.75 -22.701 0
      vertex -0.388228 -22.5511 0
    endloop
  endfacet
  facet normal -0.608636 0.793449 0
    outer loop
      vertex 1.06066 -25.0607 0
      vertex 0.75 -25.299 11.55
      vertex 1.06066 -25.0607 11.55
    endloop
  endfacet
  facet normal -0.608636 0.793449 0
    outer loop
      vertex 0.75 -25.299 11.55
      vertex 1.06066 -25.0607 0
      vertex 0.75 -25.299 0
    endloop
  endfacet
  facet normal 0.608636 -0.793449 0
    outer loop
      vertex -1.06066 -22.9393 0
      vertex -0.75 -22.701 11.55
      vertex -1.06066 -22.9393 11.55
    endloop
  endfacet
  facet normal 0.608636 -0.793449 0
    outer loop
      vertex -0.75 -22.701 11.55
      vertex -1.06066 -22.9393 0
      vertex -0.75 -22.701 0
    endloop
  endfacet
  facet normal 0.793388 -0.608716 0
    outer loop
      vertex -1.29904 -23.25 11.55
      vertex -1.06066 -22.9393 0
      vertex -1.06066 -22.9393 11.55
    endloop
  endfacet
  facet normal 0.793388 -0.608716 0
    outer loop
      vertex -1.06066 -22.9393 0
      vertex -1.29904 -23.25 11.55
      vertex -1.29904 -23.25 0
    endloop
  endfacet
  facet normal -0.130498 -0.991449 0
    outer loop
      vertex 0 -22.5 0
      vertex 0.388228 -22.5511 11.55
      vertex 0 -22.5 11.55
    endloop
  endfacet
  facet normal -0.130498 -0.991449 -0
    outer loop
      vertex 0.388228 -22.5511 11.55
      vertex 0 -22.5 0
      vertex 0.388228 -22.5511 0
    endloop
  endfacet
  facet normal -0.130507 0.991447 0
    outer loop
      vertex 17.3588 -18.4195 0
      vertex 16.9706 -18.4706 11.55
      vertex 17.3588 -18.4195 11.55
    endloop
  endfacet
  facet normal -0.130507 0.991447 0
    outer loop
      vertex 16.9706 -18.4706 11.55
      vertex 17.3588 -18.4195 0
      vertex 16.9706 -18.4706 0
    endloop
  endfacet
  facet normal -0.608871 0.793269 0
    outer loop
      vertex 18.0312 -18.0312 0
      vertex 17.7206 -18.2696 11.55
      vertex 18.0312 -18.0312 11.55
    endloop
  endfacet
  facet normal -0.608871 0.793269 0
    outer loop
      vertex 17.7206 -18.2696 11.55
      vertex 18.0312 -18.0312 0
      vertex 17.7206 -18.2696 0
    endloop
  endfacet
  facet normal 0.382856 0.923808 -0
    outer loop
      vertex 16.5823 -18.4195 0
      vertex 16.2206 -18.2696 11.55
      vertex 16.5823 -18.4195 11.55
    endloop
  endfacet
  facet normal 0.382856 0.923808 0
    outer loop
      vertex 16.2206 -18.2696 11.55
      vertex 16.5823 -18.4195 0
      vertex 16.2206 -18.2696 0
    endloop
  endfacet
  facet normal -0.923808 -0.382856 0
    outer loop
      vertex 18.4195 -16.5823 0
      vertex 18.2696 -16.2206 11.55
      vertex 18.2696 -16.2206 0
    endloop
  endfacet
  facet normal -0.923808 -0.382856 0
    outer loop
      vertex 18.2696 -16.2206 11.55
      vertex 18.4195 -16.5823 0
      vertex 18.4195 -16.5823 11.55
    endloop
  endfacet
  facet normal -0.793269 0.608871 0
    outer loop
      vertex 18.0312 -18.0312 0
      vertex 18.2696 -17.7206 11.55
      vertex 18.2696 -17.7206 0
    endloop
  endfacet
  facet normal -0.793269 0.608871 0
    outer loop
      vertex 18.2696 -17.7206 11.55
      vertex 18.0312 -18.0312 0
      vertex 18.0312 -18.0312 11.55
    endloop
  endfacet
  facet normal 0.991452 -0.130474 0
    outer loop
      vertex 15.4706 -16.9706 11.55
      vertex 15.5217 -16.5823 0
      vertex 15.5217 -16.5823 11.55
    endloop
  endfacet
  facet normal 0.991452 -0.130474 0
    outer loop
      vertex 15.5217 -16.5823 0
      vertex 15.4706 -16.9706 11.55
      vertex 15.4706 -16.9706 0
    endloop
  endfacet
  facet normal 0.382638 -0.923899 0
    outer loop
      vertex 16.2206 -15.6715 0
      vertex 16.5823 -15.5217 11.55
      vertex 16.2206 -15.6715 11.55
    endloop
  endfacet
  facet normal 0.382638 -0.923899 0
    outer loop
      vertex 16.5823 -15.5217 11.55
      vertex 16.2206 -15.6715 0
      vertex 16.5823 -15.5217 0
    endloop
  endfacet
  facet normal 0.923936 0.382547 0
    outer loop
      vertex 15.6715 -17.7206 11.55
      vertex 15.5217 -17.3588 0
      vertex 15.5217 -17.3588 11.55
    endloop
  endfacet
  facet normal 0.923936 0.382547 0
    outer loop
      vertex 15.5217 -17.3588 0
      vertex 15.6715 -17.7206 11.55
      vertex 15.6715 -17.7206 0
    endloop
  endfacet
  facet normal 0.608748 -0.793364 0
    outer loop
      vertex 15.9099 -15.9099 0
      vertex 16.2206 -15.6715 11.55
      vertex 15.9099 -15.9099 11.55
    endloop
  endfacet
  facet normal 0.608748 -0.793364 0
    outer loop
      vertex 16.2206 -15.6715 11.55
      vertex 15.9099 -15.9099 0
      vertex 16.2206 -15.6715 0
    endloop
  endfacet
  facet normal 0.130474 0.991452 -0
    outer loop
      vertex 16.9706 -18.4706 0
      vertex 16.5823 -18.4195 11.55
      vertex 16.9706 -18.4706 11.55
    endloop
  endfacet
  facet normal 0.130474 0.991452 0
    outer loop
      vertex 16.5823 -18.4195 11.55
      vertex 16.9706 -18.4706 0
      vertex 16.5823 -18.4195 0
    endloop
  endfacet
  facet normal -0.130507 -0.991447 0
    outer loop
      vertex 16.9706 -15.4706 0
      vertex 17.3588 -15.5217 11.55
      vertex 16.9706 -15.4706 11.55
    endloop
  endfacet
  facet normal -0.130507 -0.991447 -0
    outer loop
      vertex 17.3588 -15.5217 11.55
      vertex 16.9706 -15.4706 0
      vertex 17.3588 -15.5217 0
    endloop
  endfacet
  facet normal -0.923846 0.382765 0
    outer loop
      vertex 18.2696 -17.7206 0
      vertex 18.4195 -17.3588 11.55
      vertex 18.4195 -17.3588 0
    endloop
  endfacet
  facet normal -0.923846 0.382765 0
    outer loop
      vertex 18.4195 -17.3588 11.55
      vertex 18.2696 -17.7206 0
      vertex 18.2696 -17.7206 11.55
    endloop
  endfacet
  facet normal 0.793364 -0.608748 0
    outer loop
      vertex 15.6715 -16.2206 11.55
      vertex 15.9099 -15.9099 0
      vertex 15.9099 -15.9099 11.55
    endloop
  endfacet
  facet normal 0.793364 -0.608748 0
    outer loop
      vertex 15.9099 -15.9099 0
      vertex 15.6715 -16.2206 11.55
      vertex 15.6715 -16.2206 0
    endloop
  endfacet
  facet normal -0.793364 -0.608748 0
    outer loop
      vertex 18.2696 -16.2206 0
      vertex 18.0312 -15.9099 11.55
      vertex 18.0312 -15.9099 0
    endloop
  endfacet
  facet normal -0.793364 -0.608748 0
    outer loop
      vertex 18.0312 -15.9099 11.55
      vertex 18.2696 -16.2206 0
      vertex 18.2696 -16.2206 11.55
    endloop
  endfacet
  facet normal 0.793269 0.608871 0
    outer loop
      vertex 15.9099 -18.0312 11.55
      vertex 15.6715 -17.7206 0
      vertex 15.6715 -17.7206 11.55
    endloop
  endfacet
  facet normal 0.793269 0.608871 0
    outer loop
      vertex 15.6715 -17.7206 0
      vertex 15.9099 -18.0312 11.55
      vertex 15.9099 -18.0312 0
    endloop
  endfacet
  facet normal 0.130474 -0.991452 0
    outer loop
      vertex 16.5823 -15.5217 0
      vertex 16.9706 -15.4706 11.55
      vertex 16.5823 -15.5217 11.55
    endloop
  endfacet
  facet normal 0.130474 -0.991452 0
    outer loop
      vertex 16.9706 -15.4706 11.55
      vertex 16.5823 -15.5217 0
      vertex 16.9706 -15.4706 0
    endloop
  endfacet
  facet normal -0.382547 -0.923936 0
    outer loop
      vertex 17.3588 -15.5217 0
      vertex 17.7206 -15.6715 11.55
      vertex 17.3588 -15.5217 11.55
    endloop
  endfacet
  facet normal -0.382547 -0.923936 -0
    outer loop
      vertex 17.7206 -15.6715 11.55
      vertex 17.3588 -15.5217 0
      vertex 17.7206 -15.6715 0
    endloop
  endfacet
  facet normal -0.382765 0.923846 0
    outer loop
      vertex 17.7206 -18.2696 0
      vertex 17.3588 -18.4195 11.55
      vertex 17.7206 -18.2696 11.55
    endloop
  endfacet
  facet normal -0.382765 0.923846 0
    outer loop
      vertex 17.3588 -18.4195 11.55
      vertex 17.7206 -18.2696 0
      vertex 17.3588 -18.4195 0
    endloop
  endfacet
  facet normal 0.923899 -0.382638 0
    outer loop
      vertex 15.5217 -16.5823 11.55
      vertex 15.6715 -16.2206 0
      vertex 15.6715 -16.2206 11.55
    endloop
  endfacet
  facet normal 0.923899 -0.382638 0
    outer loop
      vertex 15.6715 -16.2206 0
      vertex 15.5217 -16.5823 11.55
      vertex 15.5217 -16.5823 0
    endloop
  endfacet
  facet normal -0.991452 -0.130474 0
    outer loop
      vertex 18.4706 -16.9706 0
      vertex 18.4195 -16.5823 11.55
      vertex 18.4195 -16.5823 0
    endloop
  endfacet
  facet normal -0.991452 -0.130474 0
    outer loop
      vertex 18.4195 -16.5823 11.55
      vertex 18.4706 -16.9706 0
      vertex 18.4706 -16.9706 11.55
    endloop
  endfacet
  facet normal -0.608871 -0.793269 0
    outer loop
      vertex 17.7206 -15.6715 0
      vertex 18.0312 -15.9099 11.55
      vertex 17.7206 -15.6715 11.55
    endloop
  endfacet
  facet normal -0.608871 -0.793269 -0
    outer loop
      vertex 18.0312 -15.9099 11.55
      vertex 17.7206 -15.6715 0
      vertex 18.0312 -15.9099 0
    endloop
  endfacet
  facet normal -0.991447 0.130507 0
    outer loop
      vertex 18.4195 -17.3588 0
      vertex 18.4706 -16.9706 11.55
      vertex 18.4706 -16.9706 0
    endloop
  endfacet
  facet normal -0.991447 0.130507 0
    outer loop
      vertex 18.4706 -16.9706 11.55
      vertex 18.4195 -17.3588 0
      vertex 18.4195 -17.3588 11.55
    endloop
  endfacet
  facet normal 0.991447 0.130507 0
    outer loop
      vertex 15.5217 -17.3588 11.55
      vertex 15.4706 -16.9706 0
      vertex 15.4706 -16.9706 11.55
    endloop
  endfacet
  facet normal 0.991447 0.130507 0
    outer loop
      vertex 15.4706 -16.9706 0
      vertex 15.5217 -17.3588 11.55
      vertex 15.5217 -17.3588 0
    endloop
  endfacet
  facet normal 0.608748 0.793364 -0
    outer loop
      vertex 16.2206 -18.2696 0
      vertex 15.9099 -18.0312 11.55
      vertex 16.2206 -18.2696 11.55
    endloop
  endfacet
  facet normal 0.608748 0.793364 0
    outer loop
      vertex 15.9099 -18.0312 11.55
      vertex 16.2206 -18.2696 0
      vertex 15.9099 -18.0312 0
    endloop
  endfacet
endsolid OpenSCAD_Model
